"ASV","Module_Color","LM-6-1","LM-6-16","LM-6-19","LM-6-8","LM-7-14","LM-7-22","LM-7-28","LM-7-8","LM-8-12","LM-8-18","LM-8-26","LM-8-4","LM-9-1","LM-9-16","LM-9-9","LR-6-1","LR-6-16","LR-6-19","LR-6-8","LR-7-14","LR-7-22","LR-7-28","LR-7-8","LR-8-12","LR-8-18","LR-8-26","LR-8-4","LR-9-1","LR-9-16","LR-9-9","TTL-6-1","TTL-6-16","TTL-6-19","TTL-6-8","TTL-7-14","TTL-7-22","TTL-7-28","TTL-7-8","TTL-8-12","TTL-8-18","TTL-8-26","TTL-8-4","TTL-9-1","TTL-9-16","TTL-9-9"
"16S_ASV_1","magenta",0.0706400733300854,0,0,0.0973706214633125,0.216194018478961,0.169634258832919,0.144193445876246,0.0784497160655482,0.429105740496379,0.271757788129764,0.149850224625655,0.186003956203142,0.132783296611241,0.279303858505239,0,0,0,0,0.102367191600472,0.0718077569538916,0.127021249682582,0.103176431004552,0.183754732537352,0.261781602584603,0.177773619379177,0.248414801302822,0,0.166166915416723,0.240591420331079,0.229625515956256,0,0,0,0,0,0,0,0,0.0718077569538916,0.0805420756381644,0.0729567540219444,0.110192476616423,0.180558754257965,0.118203451253437,0.143035246832126
"16S_ASV_10","red",0,0,0,0,0,0,0,0,0,0,0,0,0,0,0,0,0,0,0,0.260915368586817,0.324462562233721,0.43992351743382,0.270971812770838,0.324462562233721,0.271420070832048,0.0854046018947423,0.110256866942604,0,0.215495064965665,0.0922475132217629,0,0,0,0,0,0,0.0986167397879246,0,0,0,0.175027350160361,0,0.429011155285157,0.104598848163826,0.266447758434396
"16S_ASV_100","yellow",0,0,0,0,0,0.123573889265502,0.343856579542894,0,0.350765803941404,0.509079859810739,0.581491732746953,0.365983816005109,0,0,0.110527846656677,0,0,0,0,0,0,0,0,0,0,0,0,0,0,0,0,0,0,0,0,0,0,0,0,0,0,0,0,0,0
"16S_ASV_1002","green",0,0,0,0,0,0,0,0,0,0,0,0,0,0,0,0,0.414243446702654,0,0,0.339683110243379,0.224267380570973,0.376844575812797,0.36080121229411,0.217571317288168,0.297921795862109,0.210662522117372,0,0.188422287906398,0,0.417799249661547,0,0,0,0,0,0,0,0,0,0,0,0,0,0,0
"16S_ASV_101","black",0,0,0.155179123661384,0,0,0,0,0.286136165887977,0,0,0,0,0,0,0,0,0,0,0,0,0,0,0,0,0,0,0,0,0,0,0,0.120201232323921,0.513393299050184,0,0.315950737697333,0.626683372235755,0.306811179432674,0.171273176170867,0,0,0,0,0,0,0
"16S_ASV_1012","grey",0,0,0,0,0,0,0,0,0.487950036474267,0,0,0,0,0,0,0,0,0,0,0,0.481812055829716,0,0,0,0,0,0,0,0,0,0,0,0,0,0,0,0,0.267261241912424,0,0.404586796856344,0,0.303746448146978,0,0.322748612183951,0.313391585264004
"16S_ASV_1014","brown",0.314800093867678,0.499248684774681,0,0,0,0,0,0.383597637045834,0,0,0,0,0,0,0,0,0,0,0,0,0,0,0,0,0,0,0,0,0,0,0,0,0,0,0,0,0,0,0.427999045773683,0.273998312175596,0,0,0,0.496232048789925,0
"16S_ASV_1018","brown",0.268866428968932,0,0.226284818927626,0,0,0,0,0.295549314988821,0,0,0,0,0,0,0,0,0.3338349639156,0,0.226284818927626,0,0,0,0,0,0,0,0,0,0,0,0.251501515001784,0,0,0.197880333803094,0.251501515001784,0,0,0,0.439057039958761,0.245440346836908,0,0.182023432888411,0.268866428968932,0,0.320015059886589
"16S_ASV_102","yellow",0,0,0,0,0,0.117067015501717,0.329777676093861,0,0.35557950110938,0.489952089900511,0.59544394571154,0.37612195851163,0,0,0.122600758828927,0,0,0,0,0,0,0,0,0,0,0,0,0,0,0,0,0,0,0,0,0,0,0,0,0,0,0,0,0,0
"16S_ASV_1028","yellow",0,0,0.548554331040548,0,0.321470784124456,0,0,0.306960785788931,0.38592249249398,0.306960785788931,0.264402750722578,0,0.434108106379409,0,0,0,0,0,0,0,0,0,0,0,0,0,0,0,0,0,0,0,0,0,0,0,0,0,0,0,0,0,0,0,0
"16S_ASV_103","turquoise",0.177599372449974,0,0,0.176344237482521,0,0.181312652891691,0.151989618294483,0,0.156312459750657,0.115444402376132,0,0,0.139810114293068,0.182533627312766,0.194321885317334,0.156312459750657,0.259856776326069,0.295832147108035,0.303979236588965,0.24398585651342,0.146026901850212,0.161896797616975,0.164617942768391,0.160518927473675,0.154884918800921,0.186148505510933,0,0,0,0.13659565899389,0,0,0,0.164617942768391,0,0.138212231938088,0,0,0.220052091890236,0.202165091256162,0,0.141389939741034,0.149038082605209,0.176344237482521,0.18733796493313
"16S_ASV_1031","greenyellow",0,0,0,0,0.381964208447538,0,0.233904352675635,0,0,0,0,0,0,0.505291152639911,0,0,0.286473156335654,0.264402750722578,0,0,0,0,0,0,0,0.412568498503517,0,0.316707990691396,0,0,0,0,0,0.348684021877203,0,0,0,0,0,0,0,0,0,0,0
"16S_ASV_1038","brown",0,0.270914184591439,0,0.391030943502888,0,0,0,0,0,0,0,0,0,0,0,0,0,0,0,0,0,0,0,0,0.438931145464429,0,0,0,0,0,0,0.518761168407095,0,0.349748708391334,0,0,0,0,0.435433630399835,0,0,0,0,0,0
"16S_ASV_104","magenta",0,0,0,0,0.211666878333651,0.199686133648098,0.158396987770497,0,0.485912657903775,0.269407953040162,0,0.20846769860582,0.132185923152089,0.299342170044625,0,0,0,0,0.117851130197758,0,0.149671085022312,0.0669349440752082,0,0.276790359705331,0.183308893776692,0.2394737360357,0,0.151160386231285,0.258372352238845,0.255758062199275,0,0,0,0,0,0,0,0,0,0,0,0,0.192837703596354,0,0.174544979362881
"16S_ASV_105","brown",0.202599257597531,0.324186640529897,0.414008208338849,0.435253025504816,0.249492041466405,0,0.137639091907458,0.181459029374271,0.181459029374271,0,0,0,0.120141249000173,0.201482999749587,0.227754031715274,0,0,0,0,0,0,0,0,0,0,0,0.120141249000173,0,0,0,0.246765270615899,0.122004015107292,0,0.286518617821149,0,0,0,0,0.145601578205745,0,0,0.178956026329081,0.116326264142557,0,0
"16S_ASV_1054","brown",0.299638585188467,0.377378935131672,0.401236478992506,0.0963738849304853,0,0,0,0.208191386110891,0,0,0,0,0,0,0,0,0,0,0.192747769860971,0,0,0,0,0,0,0,0,0,0,0,0.314755790145853,0,0,0.192747769860971,0.445131907259726,0,0,0,0.427390382086086,0,0,0,0,0,0
"16S_ASV_1059","brown",0.357387544127967,0.492940822214602,0,0,0,0,0,0,0,0,0,0,0.374415432224488,0.378552744918536,0.201242247968962,0,0,0,0,0,0,0,0,0,0,0,0,0,0,0,0,0,0,0,0,0,0,0,0,0.374415432224488,0,0,0,0.406336109972905,0
"16S_ASV_106","black",0,0,0,0,0.0794659667637864,0,0,0.271150840916167,0,0,0.169905383736488,0,0,0,0,0,0,0,0,0,0,0,0,0,0,0,0,0,0,0,0,0.116326264142557,0.528399597289662,0,0.284939990833481,0.621375371476737,0.309232466095502,0.188769010399814,0,0,0,0,0,0,0
"16S_ASV_107","grey",0.277538536656455,0,0.160707542957352,0.21811899247871,0,0.170289872537147,0.243632084627044,0,0,0.205277007360281,0,0,0,0.153497216781227,0,0,0.234148574738577,0,0.198544773757018,0.189196186801256,0.234148574738577,0,0.322119172379289,0.183111109155971,0,0,0,0,0,0,0,0.16625080272418,0.245484826784145,0.315007497699191,0.24914898198525,0,0,0,0,0,0,0.201938947378928,0.213924004816857,0.193926821618828,0
"16S_ASV_1070","grey",0.495260556543649,0,0,0,0.331757280374917,0,0.529031392108708,0.345683171916007,0,0,0,0,0,0,0,0,0,0,0,0,0,0,0,0,0,0,0,0,0,0,0,0,0,0,0,0,0,0,0,0.326983545447949,0,0,0,0.371974165600534,0
"16S_ASV_1072","greenyellow",0,0,0,0,0.400471420316814,0,0,0,0,0,0,0,0,0.50469493868284,0,0,0.331757280374917,0.301985046903748,0,0,0,0,0,0,0,0,0,0.46917564532222,0,0,0,0,0,0.404378551086252,0,0,0,0,0,0,0,0,0,0,0
"16S_ASV_108","red",0,0,0,0,0,0,0,0,0,0,0,0,0,0,0,0,0,0,0,0.254115734912917,0.328292951397444,0.423287551280058,0.277223943865418,0.311956667272188,0.290050253600063,0.147743371030624,0.102270717615911,0,0.233602780824055,0,0,0,0,0,0,0,0,0,0,0,0.16791257822007,0,0.440657658904357,0.106624593794392,0.263774677501712
"16S_ASV_109","magenta",0,0,0,0,0.225990246310031,0.179932601254114,0.136732770151111,0.0827039616973562,0.450464623087082,0.29044676814418,0,0.184931680363827,0.146396135691389,0.308712224529738,0,0,0,0,0,0.118894436004822,0.133356131201899,0.0769931982475036,0,0.270952786803713,0.208133739318671,0.253565545049234,0,0.181195301666741,0.220888228901231,0.247191244124687,0,0,0,0,0,0,0,0,0,0.0880450906325624,0.0213540710879491,0.149478497615644,0.177380236469607,0,0.170832568703593
"16S_ASV_11","black",0,0.130509890045369,0.103027486847741,0,0.145702869197291,0,0,0.254313563918425,0,0,0,0,0,0,0,0,0.166275357301724,0,0.149878581649365,0,0,0,0,0,0,0,0,0,0,0,0,0.115455800915099,0.48655078994109,0.163279159508781,0.304658150221962,0.591430617456829,0.284114078631495,0.190492352760244,0,0,0,0,0,0,0
"16S_ASV_110","turquoise",0.174830470544059,0,0,0.100182315557013,0,0.196919710193707,0.128153648657514,0,0.15695552394341,0.0978789659263057,0,0,0.151030523332544,0.186202934581374,0.204867769353083,0.144863388956127,0.273527911278127,0.27185494199858,0.293636897778917,0.23975352307071,0.129921368695822,0.174830470544059,0.198074674409264,0.168180473102102,0.186202934581374,0.154021517124155,0,0,0,0.18863706318176,0,0,0,0,0,0,0,0.174830470544059,0.232017492418829,0.21676958064934,0,0.133386546558938,0.161256471606682,0.191040179975218,0.191040179975218
"16S_ASV_1102","brown",0.639602149066831,0,0.452267016866645,0,0,0,0,0.21320071635561,0,0,0,0,0,0,0.220683707376187,0,0,0,0.351250086657104,0,0,0,0,0,0,0,0,0,0,0,0,0,0,0,0.220683707376187,0,0,0,0.346597562209936,0,0,0,0,0,0
"16S_ASV_111","yellow",0,0,0,0,0.1862454224164,0.12457137832416,0.31687658691877,0,0.3516927832408,0.499200638977227,0.577613719018162,0.355564747079328,0,0,0.128182890791074,0,0,0,0,0,0,0,0,0,0,0,0,0,0,0,0,0,0,0,0,0,0,0,0,0,0,0,0,0,0
"16S_ASV_1113","turquoise",0,0,0,0,0,0,0,0,0,0,0,0,0,0,0,0,0,0,0,0.412231294933895,0,0,0,0,0,0,0,0,0,0,0,0,0,0,0,0,0,0.268133222179948,0.347728389234671,0.450127069931333,0,0.328394788714593,0.261968415997792,0.323380833381777,0.391911688064837
"16S_ASV_112","magenta",0,0,0,0,0.210697870604678,0.15277748884701,0.122894161083329,0.176412248623872,0.42571786189976,0.263752189358315,0,0.188938986192454,0.133600038367196,0.281382660043219,0,0.169802685329414,0,0,0,0,0.124742297286307,0,0,0.283004475549024,0.210697870604678,0.242979220514493,0,0.173798589340508,0.242979220514493,0.22437301403671,0,0,0,0,0,0,0,0,0.173798589340508,0.10480449271555,0.148215934995964,0,0.158655679740622,0.165710452999832,0.138643312003813
"16S_ASV_113","turquoise",0.189941322065361,0,0,0,0,0,0.150546337766769,0,0.144270790718631,0.117796607349502,0,0,0.123546124072583,0.193559577128703,0.21506619680967,0.150546337766769,0.295667137891975,0.272039611851438,0.328988020274008,0.270334017534009,0.123546124072583,0.194750724230602,0.182489719401742,0.165195480313487,0.20289304428456,0.173391911162586,0,0,0,0.189941322065361,0,0,0,0,0,0,0,0,0.228618503147708,0.234609522658628,0,0.117796607349502,0.136019805925719,0.183752639103302,0.218268351073812
"16S_ASV_114","yellow",0,0,0,0,0,0.127234877897381,0.324742835707273,0,0.33456448556986,0.478975162498508,0.610954576799387,0.387119154257406,0,0,0.117796607349502,0,0,0,0,0,0,0,0,0,0,0,0,0,0,0,0,0,0,0,0,0,0,0,0,0,0,0,0,0,0
"16S_ASV_1146","grey",0,0,0,0.441911976853078,0,0,0,0.333333333333333,0.622258296212583,0,0,0,0.317820863081864,0,0,0,0,0,0,0,0,0,0,0,0,0,0,0,0,0,0,0,0,0,0,0,0,0,0.362371537669739,0.272165526975909,0,0,0,0,0
"16S_ASV_1147","blue",0,0,0,0,0,0,0,0,0,0,0,0,0,0,0,0,0,0,0.502518907629606,0,0.422434821541949,0.323074456398373,0,0.239246854188424,0.380501175794694,0,0,0.422434821541949,0.29012942659283,0,0,0,0,0,0,0,0,0,0,0,0,0,0,0,0
"16S_ASV_115","red",0,0,0,0,0,0,0,0,0,0,0,0,0,0,0,0,0,0,0,0.235920806812792,0.342559394522337,0.421478095263137,0.266392097360598,0.33014867062042,0.256637309680123,0,0.107682623063487,0,0.226901366359171,0.136208941320799,0,0,0,0,0,0,0,0,0,0,0.164017284939157,0,0.440315285926355,0.127411797859406,0.29134070485941
"16S_ASV_116","magenta",0,0,0,0,0.224022038214877,0.179061992131279,0.155446353361004,0,0.471787709804608,0.270102555216667,0,0.199907041593863,0.152427690212423,0.283531893395594,0,0,0,0,0,0,0.147784128711052,0.141355624717962,0,0.280234898813497,0.179061992131279,0.274369842382362,0,0.181638556082573,0.252312722701759,0.2532318977776,0,0,0,0,0,0,0,0,0,0,0,0,0.194008776101652,0,0.168361886741219
"16S_ASV_117","black",0,0,0,0,0,0,0,0.254265929276216,0,0,0,0,0,0,0,0,0,0,0,0,0,0,0,0,0,0,0,0,0,0,0,0.152498570332605,0.523405663297688,0,0.332712600330382,0.630245430229828,0.303468323315324,0.195293458374112,0,0,0,0,0,0,0
"16S_ASV_1174","green",0,0,0,0,0,0,0,0,0,0,0,0,0,0,0,0,0.288175263856844,0,0,0.263066820882328,0.288175263856844,0.394600231323492,0.36261258840994,0.275906809401378,0.316774400419677,0.275906809401378,0,0.203770683243397,0,0.428241758192972,0,0,0,0,0,0,0,0,0,0,0,0,0,0,0
"16S_ASV_1176","grey",0,0,0.485912657903775,0,0.399652626942727,0,0.395284707521047,0,0,0,0,0,0,0,0,0,0,0,0,0,0,0,0,0,0,0,0,0,0,0,0,0.363241578628389,0.328083661417159,0,0,0,0,0,0,0,0,0,0,0,0.456435464587638
"16S_ASV_118","turquoise",0.162899701808082,0,0,0.129459555600631,0,0,0.158554926774507,0,0.168518575362141,0.10347770295726,0,0,0.127648843269659,0.183083459309206,0.189333831667191,0.161464434167191,0.296629106487618,0.304375295150496,0.302072296401472,0.246011006400158,0.133007049560445,0.175289066924438,0.18560886770057,0.158554926774507,0.179228638972495,0.181807600843295,0,0.0940501866898059,0,0.162899701808082,0,0,0,0,0,0.173956050872079,0,0,0.217912903517789,0.208077123647639,0,0.141487179539099,0.160016293397579,0.195384355962638,0.186858773187984
"16S_ASV_119","yellow",0,0,0,0,0,0.11211526391279,0.325084146104385,0,0.369331773655689,0.469755671665018,0.586946775858659,0.374961202213956,0,0.157079965165002,0.122055639539471,0,0,0,0,0,0,0,0,0,0,0,0,0,0,0,0,0,0,0,0,0,0,0,0,0,0,0,0,0,0
"16S_ASV_1196","turquoise",0,0,0,0,0,0,0,0,0,0,0,0,0,0,0.221636655401456,0,0,0.523148363780597,0.418853908291695,0,0,0,0,0,0.423021711524424,0.458831467741124,0,0,0,0,0,0,0,0,0,0,0,0,0,0,0,0,0,0.335083126633356,0
"16S_ASV_12","magenta",0.109008058415777,0.133011670797189,0,0,0.210623579049821,0.145344077887703,0.129999695313571,0.098844659450447,0.455578919726634,0.269475132634774,0,0.183847332216822,0.139787457962972,0.284722334036759,0,0.0947527462147474,0,0,0.120512942963425,0.096136071156716,0.117180141811944,0.0904759588432078,0,0.27862880520609,0.183847332216822,0.242663679757523,0,0.159216460117765,0.245369044063276,0.223400041535863,0,0,0,0,0,0,0,0,0.134982321407974,0.0762190774588773,0.122684522031638,0.0689427495813084,0.164919101404058,0.104050524990152,0.146249657227768
"16S_ASV_120","red",0,0,0,0,0,0,0,0,0,0,0,0,0,0,0,0,0,0,0,0.271466443323565,0.348236495382689,0.427593055247068,0.268876879109013,0.333177824421985,0.283238204691766,0,0.10798355319767,0,0.232603692171772,0,0,0,0,0,0,0,0,0,0,0,0.158702763568185,0,0.444703490013122,0,0.264504605946974
"16S_ASV_1200","yellow",0,0,0,0,0.436051424800358,0.32501354251308,0.459638559776922,0,0,0,0,0,0.356034497458156,0,0.42376581361494,0,0,0,0,0,0,0,0,0,0,0,0,0,0,0,0,0,0,0,0,0,0,0,0,0,0,0,0,0,0.43199504431169
"16S_ASV_121","red",0,0,0,0,0,0,0,0,0,0,0,0,0,0,0,0,0,0,0,0.258802864583504,0.340133600972528,0.442475472004412,0.279678637931506,0.331768379462602,0.286299167156934,0,0,0,0.23707823390808,0,0,0,0,0,0,0,0,0,0,0,0.164821953472844,0,0.423545866114375,0,0.297530822208279
"16S_ASV_1212","brown",0.260030110492976,0.61707610401754,0,0,0,0,0,0.372545347021257,0,0,0,0,0,0,0,0,0,0,0,0,0,0,0,0,0,0,0,0,0,0,0,0,0,0,0,0,0,0,0.421824540609598,0.215089156388065,0,0,0,0.434294945450817,0
"16S_ASV_122","turquoise",0,0.183812280551284,0.171940644326119,0.122541520367523,0,0.159186104484965,0.171940644326119,0,0.163548175260866,0.151637395050374,0,0,0.151637395050374,0.142050413718303,0.202054208893973,0.110457433764605,0.216624850071962,0.193755156150643,0.207779256941602,0.273153542560285,0.118650316900588,0.150082098602652,0.208905440024646,0.148510514995703,0.164976570723985,0.145316367112982,0,0,0.322763757235093,0.153176900459404,0,0.299381499139839,0,0,0,0,0,0,0.159186104484965,0.156210400894832,0,0.140388948214787,0.175986860138313,0.185084353034369,0.126312907999769
"16S_ASV_123","magenta",0,0,0,0,0.242364604477963,0.18773481537066,0.151744244666721,0.173421993904824,0.471958007562384,0.281810740095339,0,0.167915123564867,0.143793921044401,0.279298261356909,0,0,0,0,0,0,0.122627867896993,0.108388746190515,0,0.301156917107684,0.20103117627519,0.247164369527466,0,0.162221421130763,0.234480709243892,0.24041786930197,0,0,0,0,0,0,0,0,0,0.122627867896993,0,0,0.165092819643207,0,0.153284834871241
"16S_ASV_1230","pink",0,0,0,0,0,0,0,0,0,0,0,0,0,0,0,0,0,0,0,0.293821264124635,0.28763486045617,0.311644512479,0.344535971955358,0,0,0,0.379321620905441,0.546407495445603,0,0.415526016638666,0,0,0,0,0,0,0,0,0,0,0,0,0,0,0
"16S_ASV_124","black",0,0.122656690994793,0.075111576618868,0,0.140520892744112,0,0,0.253791187967191,0,0,0,0,0,0,0,0,0,0,0.130097066940482,0,0,0,0,0,0,0,0,0,0,0,0,0.12643162316507,0.509892730959264,0,0.295714572863204,0.625428860855171,0.299662872791362,0.18398503649219,0,0,0,0,0,0,0
"16S_ASV_1241","red",0,0,0,0,0,0,0,0,0.31391104788682,0,0,0,0,0,0,0,0,0,0,0.523185079811367,0.295958174200194,0.439807522598587,0,0,0.336360946204203,0,0.483297674664142,0,0,0,0,0,0,0,0,0,0,0,0,0,0,0,0,0,0
"16S_ASV_125","black",0,0,0,0,0,0,0,0.279890762754035,0,0,0,0,0,0,0,0,0,0,0,0,0,0,0,0,0,0,0,0,0,0,0,0.133914104029936,0.531233083454951,0,0.333018570908711,0.619031196680285,0.304132307712647,0.186874645368606,0,0,0,0,0,0,0
"16S_ASV_1258","yellow",0,0.242982695692315,0.522554045652032,0,0.264784253887974,0,0,0.338217598465011,0.338217598465011,0.364474043538472,0.420858374299137,0,0.242982695692315,0,0,0,0,0,0,0,0,0,0,0,0,0,0,0,0,0,0,0,0,0,0,0,0,0,0,0,0,0,0,0,0
"16S_ASV_126","turquoise",0.147441956154897,0.180578779628654,0.198052903894441,0.134009000064543,0.152173913043478,0.121038355713696,0,0.139198352987671,0.117068800155098,0.112959835276231,0,0,0.108695652173913,0.132233968049961,0.159749331051077,0,0.153718865475336,0.164126835549364,0.22800192351525,0.263572948977873,0.15826325846262,0.12488179666387,0.183177168982095,0.202769109849757,0.210768689452884,0.153718865475336,0,0,0.327533025506943,0,0,0.110848250295495,0.15826325846262,0.147441956154897,0.147441956154897,0,0,0.162680755946693,0.189517345371334,0.156763098933217,0,0.159749331051077,0.14255301139787,0.200424879506367,0.183177168982095
"16S_ASV_127","yellow",0,0,0,0,0,0.125,0.309263543590155,0,0.359529364080827,0.488988597499828,0.608104979971934,0.368632813942481,0,0,0.12115292114939,0,0,0,0,0,0,0,0,0,0,0,0,0,0,0,0,0,0,0,0,0,0,0,0,0,0,0,0,0,0
"16S_ASV_128","brown",0.220993918459777,0.405041720860633,0.445726773446574,0.256725560232,0,0,0,0,0,0,0,0,0,0,0.483487410244919,0,0,0,0,0,0,0,0,0,0,0,0,0,0,0,0.141119281083766,0.170069575476062,0,0.137718316704091,0,0,0,0,0,0.470061485239078,0,0,0,0,0
"16S_ASV_129","yellow",0,0,0,0,0,0.102207356778644,0.337579789027889,0,0.363976142732779,0.489199590470229,0.584705346204686,0.378681673792747,0,0,0.136082763487954,0,0,0,0,0,0,0,0,0,0,0,0,0,0,0,0,0,0,0,0,0,0,0,0,0,0,0,0,0,0
"16S_ASV_1297","brown",0.221906341149649,0.577350269189626,0.476731294622796,0,0,0.464660188642293,0,0,0,0,0,0,0.313822957230424,0,0.27524094128159,0,0,0,0,0,0,0,0,0,0,0,0,0,0,0,0,0,0,0,0,0,0,0,0,0,0,0,0,0,0
"16S_ASV_13","yellow",0,0,0,0,0,0.122977131616021,0.338554666787833,0,0.342450706044791,0.512253668256344,0.583672784024881,0.350491448926734,0,0.0830564960347069,0.142001760085355,0,0,0,0,0,0,0,0,0,0,0,0,0,0,0,0,0,0,0,0,0,0,0,0,0,0,0,0,0,0
"16S_ASV_130","red",0,0,0,0,0,0,0,0,0,0,0,0,0,0,0,0,0,0,0,0.234291701585824,0.328444660465149,0.409318660837477,0.270242532279771,0.334920643897671,0.278077271587857,0.111402429027905,0.113524570742598,0,0.240325952085544,0.117654078128379,0,0,0,0,0,0,0,0,0,0,0.181481571679299,0,0.439678771871428,0.100119260626758,0.272003088568734
"16S_ASV_1306","yellow",0,0,0,0,0.4497666910031,0,0,0.441198921745757,0.375794324126644,0.365496629614477,0.445503403401981,0,0,0,0.36023741111441,0,0,0,0,0,0,0,0,0,0,0,0,0,0,0,0,0,0,0,0,0,0,0,0,0,0,0,0,0,0
"16S_ASV_131","red",0,0,0,0,0,0,0,0,0,0,0,0,0,0,0,0,0,0,0,0.220836389138532,0.367696051497453,0.422679137535295,0.253417014989599,0.319946881153762,0.273574616841919,0,0.177160390492457,0,0.201395421710736,0.21417646843906,0,0,0,0,0,0,0,0,0,0,0.178517961230496,0,0.411096683103285,0,0.277952088663617
"16S_ASV_132","turquoise",0.185201287544694,0,0,0.079247670228941,0,0,0.15385544379235,0,0.165940446799621,0.0932504808240314,0,0,0.124333974432042,0.191611523258416,0.224146260048478,0.177203177690398,0.279751442472094,0.279751442472094,0.316227766016838,0.261914172614666,0.124333974432042,0.195356728084111,0.210818510677892,0.173065567982935,0.18124635595204,0.197814142018736,0,0,0,0.174455675197729,0,0,0,0,0,0,0,0,0.211961166801573,0.210818510677892,0,0.152277397525376,0.167389735860648,0.18124635595204,0.191611523258416
"16S_ASV_1323","green",0,0,0,0,0,0,0,0,0,0,0,0,0,0,0,0,0,0,0,0,0.284199280029403,0.339683110243379,0,0.438529009653515,0.420622249676687,0.558156305651438,0,0,0,0.350823207722812,0,0,0,0,0,0,0,0,0,0,0,0,0,0,0
"16S_ASV_133","magenta",0.173191114294682,0,0,0.174582229929787,0.217742296738751,0.16606082436119,0.145900271457655,0,0.454510268242726,0.278220901191302,0,0.163121462457495,0.135588095316952,0.287625784940353,0,0,0,0,0,0.139110450595651,0.114290897663919,0.0983659429501009,0,0.293453817012007,0.212114929003007,0.223227848782767,0,0.158610317143629,0.248848339130001,0.240946368295467,0,0,0,0,0,0,0,0,0,0.0933181271737504,0,0,0.175962348085833,0,0.153967054575104
"16S_ASV_134","pink",0,0,0,0,0,0,0,0,0,0,0.168698766438409,0.155058632742041,0.327808316617459,0.146934658660248,0.36195413369232,0,0,0,0,0.376570965230671,0.291353984457185,0.248646976535283,0.25449829419234,0.12724914709617,0.101509703099537,0.121327301269607,0.168698766438409,0.146934658660248,0.215903514960562,0.310117265484082,0,0,0,0,0,0,0,0,0,0,0,0,0.150236973426965,0.1968844676992,0.1968844676992
"16S_ASV_135","magenta",0,0,0,0,0.237151322738595,0.170607897709133,0.152272702170627,0.123667041879246,0.473261365087266,0.280952639766582,0,0.184500552499764,0.123667041879246,0.28444286849314,0,0,0,0,0,0,0.147332807251976,0.0800838238696468,0,0.312540081297368,0.207172807757913,0.262807129979067,0,0.174891607844192,0.243312123298158,0.224322693774569,0,0,0,0,0,0,0,0,0,0.0666337692224396,0,0,0.187155373139849,0,0.160167647739294
"16S_ASV_1357","blue",0,0,0,0,0,0,0,0,0,0,0,0,0,0,0,0,0,0,0,0,0.365866461590203,0,0,0.532413905649668,0,0,0.381666466091249,0,0,0.57163944365597,0,0,0,0,0,0,0,0,0.319940939431654,0,0,0,0,0,0.0887356509416114
"16S_ASV_136","yellow",0.19871253923137,0.347746943654898,0.133300423710881,0,0.274805863449776,0.150681243416269,0.429651250938905,0.221053744922194,0.34129999425864,0.209592280363934,0.241335540359214,0.290521538043442,0.2810219679946,0,0.161740288817145,0,0,0,0,0,0,0,0,0,0,0,0,0,0,0,0,0,0,0,0.193681025362295,0.21076647599595,0,0,0,0,0,0,0,0,0
"16S_ASV_1363","greenyellow",0,0,0,0,0,0,0.382420003776656,0,0,0,0,0,0,0.294883912309794,0,0,0,0,0,0,0,0,0,0,0,0,0,0,0,0,0.453358133089001,0.366588804764488,0,0.426401432711221,0,0,0.495034633674806,0,0,0,0,0,0,0,0
"16S_ASV_1368","grey",0.604217978116644,0,0,0,0,0,0,0,0,0,0,0,0.403358913002319,0,0.427246629641104,0,0.218217890235992,0,0.398409536444798,0,0,0,0,0,0,0,0,0,0,0,0,0,0,0,0,0,0,0,0,0.288675134594813,0,0,0,0,0
"16S_ASV_137","magenta",0,0,0,0,0.207634274799123,0.17386186604263,0.15422686750388,0,0.484650416040353,0.278036439419716,0,0.197857703821074,0.127878163025557,0.265267223197054,0,0,0,0,0,0,0.129801250831963,0.139018219709858,0,0.300313678097961,0.188888565006168,0.278036439419716,0,0.186246636781948,0.23767956541874,0.255756326051114,0,0,0,0,0,0,0,0,0,0,0,0,0.160524413143498,0.131696259841703,0.160524413143498
"16S_ASV_1370","grey",0.281718084909506,0.208927723509336,0.218217890235992,0,0.295468420142639,0.235702260395516,0.188982236504614,0.17817416127495,0.140859042454753,0,0,0,0,0,0,0,0.140859042454753,0,0.235702260395516,0.218217890235992,0.17817416127495,0.295468420142639,0.227128381289749,0,0.0890870806374748,0,0,0.199204768222399,0,0,0.154303349962092,0,0.208927723509336,0.109108945117996,0,0.188982236504614,0,0.227128381289749,0,0,0.140859042454753,0,0.17817416127495,0.154303349962092,0.125988157669742
"16S_ASV_1375","magenta",0.244460541141712,0,0,0.418687000969551,0,0,0,0,0.409060725676319,0.441836082168462,0,0,0.244460541141712,0,0.260248119427093,0,0,0,0,0,0,0,0,0,0,0,0,0,0,0,0,0,0,0,0,0,0,0,0,0.362593579073951,0,0,0.378716641858682,0,0
"16S_ASV_138","yellow",0,0,0,0,0,0.134264815051603,0.338632556042708,0,0.335662037629008,0.464568332544745,0.616092001271763,0.377111813630878,0,0,0.130481946289367,0,0,0,0,0,0,0,0,0,0,0,0,0,0,0,0,0,0,0,0,0,0,0,0,0,0,0,0,0,0
"16S_ASV_139","turquoise",0.128677709160997,0.164605078632741,0.192691346048407,0.105064909571567,0.126713048611457,0.164605078632741,0.193988945531594,0.109736719088494,0.10264930139445,0.107426213606337,0,0,0.136253357466792,0.10264930139445,0.0923572113628249,0.320717960262787,0.13988741799747,0.109736719088494,0.18741112628629,0.265039356533688,0.164605078632741,0.19138494897832,0.197830683737377,0.20035092143792,0.19138494897832,0.136253357466792,0,0.174948920937743,0,0,0.122689381754836,0.128677709160997,0.15192360823647,0.155191156425275,0.164605078632741,0,0,0.134399483906973,0.183351198022694,0.15996738252579,0,0.166122208202888,0.15026319107844,0.206517002819592,0.105064909571567
"16S_ASV_1393","grey",0,0,0,0,0,0,0,0,0,0,0.329956008798045,0,0,0.341958307211519,0,0,0,0,0,0,0,0,0,0,0.527471142766704,0,0,0,0,0,0,0,0,0,0,0,0.396557769456266,0,0,0,0,0.381000381000571,0,0,0.43994134506406
"16S_ASV_14","magenta",0,0,0,0,0.227990200175897,0.181266454717109,0.140216446125525,0.0752050791644444,0.451826946463166,0.289412789964236,0,0.179023896771926,0.136320782630528,0.294943470780589,0,0,0,0,0,0.0956922979665334,0.12711978526605,0.114877655972071,0,0.284248481140065,0.195560751535353,0.248886559011663,0,0.184214070018504,0.232667409300036,0.260518036200115,0,0,0,0,0,0,0,0,0,0.101164775871784,0.0568496962280129,0.143068598072311,0.16655441053036,0,0.164929450595033
"16S_ASV_140","turquoise",0.180911867289248,0,0,0.0978108827353597,0,0,0.143681980711109,0,0.178106862250349,0,0,0,0.160249050880675,0.183674040276519,0.200703696569637,0.141918944853598,0.275739416078031,0.25188114014616,0.293432648206079,0.262645921653331,0.130842802140984,0.175256968578276,0.176687661447979,0.128904283091741,0.17381449986275,0.164894912978794,0,0.186395285393484,0,0.172359959647909,0,0,0,0,0,0.193030634305706,0,0.2243935544326,0.218711782735525,0.180911867289248,0,0.130842802140984,0.15707548810282,0.164894912978794,0.190404244792613
"16S_ASV_141","black",0,0,0,0,0,0,0,0.284555196612236,0,0,0,0,0,0,0,0,0,0,0,0,0,0,0,0,0,0,0,0,0,0,0,0.110207753755597,0.540842048529411,0,0.327547629197209,0.619765529648827,0.290713209263848,0.196116135138184,0,0,0,0,0,0,0
"16S_ASV_142","red",0,0,0,0,0,0,0,0,0,0,0,0,0,0,0,0,0,0,0,0.232996059786866,0.365287290591503,0.420793866919827,0.269354792158694,0.329506187730079,0.283129571283109,0,0.121298571634075,0,0.24049669556646,0.110347451813649,0,0,0,0,0,0,0,0,0,0,0.163981412368086,0,0.422598566552896,0.119188870322386,0.263643441087413
"16S_ASV_143","blue",0,0,0,0,0,0,0,0,0,0,0,0,0,0,0,0.170446436652645,0,0,0,0,0,0.170446436652645,0,0.536154617344946,0.361218912788585,0.203185638443579,0.288233397328228,0.362627178997951,0.496676005084304,0.146310381821476,0,0,0,0,0,0,0,0,0,0,0,0,0,0,0
"16S_ASV_144","turquoise",0.184982675941196,0.115233918511371,0.153275440211445,0,0,0,0.179375833040742,0.25367573584819,0,0.125827191515256,0,0,0.169117157232127,0.125827191515256,0.179375833040742,0.154932520155836,0.216764206325732,0.219107671257027,0.197015525953674,0.266441000872357,0.103562685492186,0.131775027277918,0.204644738133579,0.146459754378829,0.129822696722375,0.125827191515256,0,0.275858766842975,0,0.117429047536423,0,0,0.299812675598345,0.245490482747315,0,0,0,0,0.148193066243105,0.142930084982323,0,0.153275440211445,0.156572063381898,0.176505634525948,0.159800693025148
"16S_ASV_145","black",0,0,0,0,0.188301217221208,0,0,0.260444714145657,0,0,0,0,0,0,0,0,0,0.261429385764124,0,0,0,0,0,0,0,0,0,0,0,0,0,0.152066951231133,0.508913357807983,0,0.28941589828278,0.589824646891061,0.277634998134432,0.193682334933687,0,0,0,0,0,0,0
"16S_ASV_146","black",0,0,0,0.130524536469383,0,0,0,0.255047142534114,0,0,0,0,0,0,0,0,0,0,0,0,0,0,0,0,0,0,0,0,0,0,0.106572837754427,0.134421646854235,0.52848640789024,0,0.29885342760719,0.628032138969599,0.293625267348016,0.198080619580467,0,0,0,0,0,0,0
"16S_ASV_1463","yellow",0,0,0.579771035652448,0,0.275009549108463,0,0,0.317553674414978,0.360904559184746,0.275009549108463,0.30403449605253,0,0.434828276739336,0,0,0,0,0,0,0,0,0,0,0,0,0,0,0,0,0,0,0,0,0,0,0,0,0,0,0,0,0,0,0,0
"16S_ASV_147","greenyellow",0,0,0,0,0.239756479249904,0,0.170295384160553,0,0,0,0,0,0,0.347365612834378,0,0,0.190396027618719,0.190396027618719,0.214686070232659,0.170295384160553,0.186271436783996,0.32820147656283,0.15929674551946,0,0,0.164100738281415,0,0.20607048313294,0.265386188608396,0.256454735947398,0,0,0.303611952175609,0.200981537601736,0,0,0,0.193096815390442,0,0.23758669272787,0,0.213476561620874,0,0,0
"16S_ASV_1474","grey",0.373939177506953,0,0,0.243561150223727,0,0.473894789153078,0,0,0,0.426852890151289,0,0,0.338240712601273,0,0,0,0,0,0,0,0,0,0,0,0,0,0,0,0,0,0,0,0,0,0,0,0,0,0,0,0,0,0.528829856332973,0,0
"16S_ASV_1479","brown",0.305968987442511,0,0.252645576319956,0.172589785452538,0,0,0,0.319574184774784,0.252645576319956,0,0,0,0,0,0,0,0,0,0.216352745853381,0,0,0,0,0,0,0,0,0,0,0,0.291729982995789,0.172589785452538,0,0.319574184774784,0,0,0,0,0.479361277162177,0.276759362408665,0,0.276759362408665,0,0,0
"16S_ASV_148","black",0,0,0.104311212319405,0,0,0,0,0.292390540167213,0,0.25752911199186,0,0,0,0,0,0,0,0,0,0,0,0,0,0,0,0,0,0,0,0,0,0.138459324192914,0.497662931895056,0,0.301979651374989,0.600086349572297,0.291503161671102,0.184924014643069,0,0,0,0,0,0,0
"16S_ASV_149","red",0,0,0,0,0,0,0,0,0,0,0,0,0,0,0,0,0,0,0,0.245160410635578,0.334540129798498,0.423408327030733,0.277852609379254,0.338389970331163,0.262510794251295,0.111513376599499,0.113812863401496,0,0.229890715194508,0,0,0,0,0,0,0,0,0,0,0,0.150989825687494,0,0.42463028722527,0.142152220826867,0.294157266456782
"16S_ASV_15","yellow",0,0,0,0,0,0.127017489790209,0.33605669014058,0,0.345683171916007,0.486065045931229,0.594386280618853,0.359259713439801,0,0.120385853085769,0.135355192605096,0,0,0,0,0,0,0,0,0,0,0,0,0,0,0,0,0,0,0,0,0,0,0,0,0,0,0,0,0,0
"16S_ASV_150","red",0,0,0,0,0,0,0,0,0,0,0,0,0,0,0,0,0,0,0,0.250843610444189,0.361282743856997,0.418003575438731,0.260005200156005,0.334371757448034,0.267885928176193,0.118492875830005,0.120667238400889,0,0.224593004523087,0,0,0,0,0,0,0,0,0,0,0,0.175160575613036,0,0.406013046420622,0.106960074879858,0.307642301628742
"16S_ASV_151","yellow",0,0.163235314883387,0,0,0,0.137145096264748,0.337487179987948,0,0.327269824670746,0.478372371058206,0.574629043031318,0.393255575616413,0,0,0.14090319197549,0,0,0,0,0,0,0,0,0,0,0,0,0,0,0,0,0,0,0,0,0,0,0,0,0,0,0,0,0,0
"16S_ASV_152","red",0,0,0,0,0,0,0,0,0,0,0,0,0,0,0,0,0,0,0,0.269007381234955,0.361346894819072,0.405132255849793,0.282323121696705,0.323036199127146,0.270949698019472,0,0.148405261554478,0,0.223196025172622,0,0,0,0,0,0,0,0,0,0,0,0.168275749425704,0,0.421623202401571,0.123317199207353,0.286929023086651
"16S_ASV_1529","brown",0.380442955126341,0.491149743128752,0,0,0,0,0,0,0,0,0,0,0.45402681735465,0,0.162221421130763,0,0,0,0,0,0,0,0,0,0,0,0,0,0,0,0,0,0,0,0,0,0,0,0,0.362738125055006,0,0,0,0.5,0
"16S_ASV_153","turquoise",0,0.32953378354362,0,0,0,0,0,0,0,0,0,0,0,0.360108927467147,0.308036788634646,0,0,0.492430847091351,0.179321041280918,0,0,0,0,0.319791708699716,0,0,0,0,0,0,0,0,0,0,0,0,0,0,0.356430496728911,0,0,0,0.283066274131818,0,0.287684299526391
"16S_ASV_154","red",0,0,0,0,0,0,0,0,0,0,0,0,0,0,0,0,0,0,0,0.248675136407383,0.345615851958118,0.432554729578048,0.267119945977668,0.299753245948496,0.270071637196058,0.102814515144083,0.13405372688341,0,0.205629030288166,0,0,0,0,0,0,0,0,0,0,0,0.175086810241398,0,0.430717970836708,0.165783424271589,0.288064181244139
"16S_ASV_1541","yellow",0.363536229705335,0,0,0,0.357425941930294,0.392664006532852,0.539211367349033,0,0,0,0,0,0.44026423783785,0,0.318310518052866,0,0,0,0,0,0,0,0,0,0,0,0,0,0,0,0,0,0,0,0,0,0,0,0,0,0,0,0,0,0
"16S_ASV_155","turquoise",0.181263305160097,0,0.235889548673295,0.115102313879033,0,0,0.185596904383665,0,0.16916516233038,0.126088267465172,0,0,0.105493013203047,0.218391285488012,0.207184164982259,0.167591498709963,0.270429206050117,0.2819419372173,0.293905593933161,0.265484927920278,0.134231211042805,0.175318621292529,0.167591498709963,0.157820341532319,0.196686920175434,0.149189650007353,0,0,0,0.161143239430646,0,0,0,0,0,0,0,0,0.200687741746561,0.188430608791735,0,0.11277677488692,0.145594190325342,0.176823529764354,0.224375716398116
"16S_ASV_1550","yellow",0,0.529150262212918,0,0,0,0,0,0.352766841475279,0.38873012632302,0.421637021355784,0.416333199893227,0,0.305505046330389,0,0,0,0,0,0,0,0,0,0,0,0,0,0,0,0,0,0,0,0,0,0,0,0,0,0,0,0,0,0,0,0
"16S_ASV_1551","greenyellow",0,0,0,0,0.333333333333333,0,0.476095228569523,0,0,0,0,0,0,0.494413232473044,0,0,0.346410161513775,0.3590109871423,0,0,0,0,0,0,0,0,0,0,0,0,0,0,0,0.410960933531265,0,0,0,0,0,0,0,0,0,0,0
"16S_ASV_156","turquoise",0.172269369184102,0,0,0,0,0,0.161143239430646,0,0.167591498709963,0.141907663090008,0,0,0.132242490567917,0.193973867196777,0.224375716398116,0.162779253348253,0.279108277990115,0.2819419372173,0.306267337525529,0.276245553309678,0.121812839140808,0.143762743957117,0.203311222268125,0.156132374909772,0.170724321210178,0.164398987305357,0,0,0,0.152700475055387,0,0.215951082804143,0,0,0,0,0,0,0.230204627758065,0.181263305160097,0,0.130223402678602,0.141907663090008,0.21348298937259,0.202003741038988
"16S_ASV_157","black",0,0,0,0,0.216641024123626,0,0,0.266333124739176,0,0,0,0,0,0,0,0,0,0,0,0,0,0,0,0,0,0,0,0,0,0,0,0.142361043360417,0.529653975094432,0,0.297545514725619,0.60882400303098,0.298440390474659,0.181842422626478,0,0,0,0,0,0,0
"16S_ASV_158","black",0,0.0925489626765495,0.193580043921658,0,0,0,0,0.277646888029648,0,0,0,0,0,0,0,0,0,0,0.142627530370894,0,0,0,0,0,0,0,0,0,0,0,0,0.128822704051845,0.505324963818151,0,0.307820966347876,0.610840681626367,0.291749503888648,0.177720517783157,0,0,0,0,0,0,0
"16S_ASV_159","black",0,0,0,0,0,0,0,0.273763523518788,0,0,0,0,0,0,0,0,0,0,0,0,0,0,0,0,0,0,0,0,0,0,0,0.115686203345687,0.515810001040546,0,0.320599011087159,0.633216864455146,0.311279737449238,0.212056313477465,0,0,0,0,0,0,0
"16S_ASV_1590","greenyellow",0,0,0,0,0,0.447213595499958,0,0,0,0,0,0,0,0.293876906822629,0,0,0,0,0,0,0,0,0,0,0,0,0,0,0,0,0,0.277979724571285,0,0.381385035698237,0,0,0.404519917477945,0,0,0,0,0.572077553547355,0,0,0
"16S_ASV_16","magenta",0.0706714271147318,0,0,0,0.215904776149209,0.167404950088387,0.13836688189975,0.0781302023795048,0.439452792614562,0.260729787706657,0,0.160638293962668,0.112976085984776,0.255353338364675,0,0,0,0,0.158901612737321,0.131160617786581,0.122406502406116,0.102683202996305,0,0.272184405727846,0.170687712585074,0.243676975458248,0.249305361258143,0.165739187754076,0.24081345680151,0.245943786833311,0,0,0,0,0,0,0,0,0.0942285694863091,0.0927445622615084,0.125760726247787,0,0.181710946077908,0,0.158901612737321
"16S_ASV_160","yellow",0.202139098280772,0.347030412971085,0.173515206485542,0.318767788877431,0.283032731113771,0.182574185835055,0.418651187988642,0.19537666956613,0.325444278632493,0.199461641015407,0.245387558289822,0.272384926872059,0.269407953040162,0,0.165587906680137,0,0,0,0,0,0,0,0,0,0,0,0,0,0,0,0,0,0,0,0,0,0,0,0,0,0,0,0,0,0
"16S_ASV_1609","grey",0,0,0,0,0.459357349252112,0.287347885566345,0.454336899611537,0,0,0,0,0,0.310371189431877,0,0.464323518977048,0,0,0,0,0,0,0,0,0,0,0,0,0,0,0,0,0,0,0,0,0,0,0,0,0,0,0,0,0,0.433674295405449
"16S_ASV_161","black",0,0,0,0,0.144802423790087,0,0,0.267404892146883,0,0,0,0,0,0,0,0,0,0,0.215026880040113,0,0,0,0,0,0,0,0,0,0,0,0,0.137175815292184,0.498923572486604,0,0.313667175162135,0.608187860054999,0.296937776328228,0.192605228884235,0,0,0,0,0,0,0
"16S_ASV_162","turquoise",0.152416160939755,0.180041414288477,0.194466953496374,0.129412920312518,0.120775452334271,0.15417825602182,0,0,0.106513937119272,0,0.211756054667338,0,0.125168713803334,0,0,0,0.167609435129597,0.262967317042485,0.272055226859129,0.283719982787909,0.167609435129597,0.18739304531006,0.199945967849885,0.199945967849885,0.226547144894999,0.177015292645472,0,0,0,0,0,0.131483658521243,0.177015292645472,0.178534765087023,0.145154028736191,0,0,0.145154028736191,0.215549001925841,0.162702726472277,0,0.195851077394222,0.135530253031432,0.222941389869907,0
"16S_ASV_163","red",0,0,0,0,0,0,0,0,0,0,0,0,0,0,0,0,0,0,0,0.24714587004658,0.352596546103793,0.404033715478354,0.279961387298996,0.338518233769755,0.253622405012499,0,0.103975048982007,0,0.249323408772947,0,0,0,0,0,0,0,0,0,0,0,0.150674160700177,0,0.45202248210053,0.109049951361254,0.286639428833791
"16S_ASV_164","black",0,0,0.112169768176541,0,0.0810219193941953,0,0,0.29769354074503,0,0,0,0,0,0,0,0,0,0,0,0,0,0,0,0,0,0,0,0,0,0,0,0.138371269832644,0.507600870099766,0,0.300437318016409,0.613933759318959,0.335695496072186,0.188568255204573,0,0,0,0,0,0,0
"16S_ASV_1641","yellow",0,0,0,0,0,0.452383866633966,0.289345693302247,0.347750244511977,0.43668944848554,0.255178915801771,0.340997169735237,0,0.467551763083822,0,0,0,0,0,0,0,0,0,0,0,0,0,0,0,0,0,0,0,0,0,0,0,0,0,0,0,0,0,0,0,0
"16S_ASV_165","red",0,0,0,0,0,0,0,0,0,0,0,0,0,0,0,0,0,0,0,0.250819226663139,0.350054700320722,0.424238279934668,0.287409009481007,0.311170585819438,0.254069719406849,0.109704197462627,0.114582297256771,0,0.240804632216981,0,0,0,0,0,0,0,0,0,0,0,0.160346997905848,0,0.430001781076155,0.147925109681887,0.273761384064323
"16S_ASV_166","magenta",0,0,0,0.116977067723933,0.203956486768134,0.171920476518376,0.142308744891059,0.123796892118035,0.459646945735083,0.289385283600483,0,0.205293920683813,0.160390874496601,0.302335372746184,0,0,0,0,0,0,0.128141957406415,0,0,0.293143691496608,0.205293920683813,0.238587340386879,0,0.185695338177052,0.267772747149588,0.242004039465624,0,0,0,0,0,0,0,0,0,0,0,0,0.191499713107921,0,0.149803739513387
"16S_ASV_167","turquoise",0.18913818391377,0,0,0,0,0,0.148372198544895,0,0.148372198544895,0.119621490735067,0,0,0.119621490735067,0.181718089224954,0.228656914590361,0.130618106357084,0.269531483677604,0.27856855581021,0.29674439708979,0.267481784853471,0.150215402118331,0.17866378616417,0.175556352837099,0.152036261352672,0.134765741838802,0.157372481595978,0,0,0,0.164217931097006,0,0,0.220071534875141,0,0,0,0,0.205858071021063,0.226237196598904,0.170789226310928,0,0.136792408071094,0.170789226310928,0.197674983266361,0.207190499630266
"16S_ASV_1679","grey",0,0,0,0,0,0,0,0,0,0,0,0,0.338061701891407,0,0.338061701891407,0,0,0.338061701891407,0,0,0,0,0,0,0,0.560611910581388,0,0,0,0,0,0,0,0,0,0,0,0.24880667576406,0,0,0,0.330943816264649,0,0.414039335605413,0
"16S_ASV_168","turquoise",0.169216905873734,0,0,0.187729301785573,0,0,0.153877919458629,0,0.150256755292443,0,0,0,0.121933758285766,0.199116993479992,0.218877794640718,0.177165643391257,0.282570017832702,0.27666197826999,0.280614492484031,0.240456614090592,0.208571816512135,0.175604682184976,0.183276589803619,0.162578344381021,0.169216905873734,0.184772750055293,0,0.0878023410924879,0.128529466615816,0.164263139062376,0,0,0,0,0,0,0,0,0.260252334346956,0.187729301785573,0,0.146546139236454,0.134802841837258,0.189190252237926,0.190640007172686
"16S_ASV_169","blue",0,0,0,0,0,0,0,0,0,0,0,0,0,0,0,0,0,0,0.251312344975017,0,0.163072982998207,0.18830046126314,0,0.51460659206654,0.343519344675384,0.203841228747759,0.299584199384373,0.337006538812255,0.476017644404001,0.143173373776163,0,0,0,0,0,0,0,0,0,0,0,0,0,0,0
"16S_ASV_17","yellow",0,0,0,0,0.171642883514812,0.131894594517178,0.342467444609388,0.105940287693955,0.344916587453816,0.492650815525722,0.567547344964854,0.355334527259351,0,0,0.12079051255658,0,0,0,0,0,0,0,0,0,0,0,0,0,0,0,0,0,0,0,0,0,0,0,0,0,0,0,0,0,0
"16S_ASV_170","pink",0,0,0,0,0,0,0.189818445174865,0,0,0,0,0,0.396771896580066,0,0.405067676588009,0,0,0,0,0.43857762436567,0.317627010753319,0.289314504446926,0.285456805109194,0,0.105292328785665,0.157938493178498,0.174607573942395,0.139288658464859,0,0.313233617823521,0,0,0,0,0,0,0,0,0,0,0,0,0,0,0
"16S_ASV_171","yellow",0,0,0,0,0,0.139365933732088,0.332314387871241,0,0.366463132559023,0.475830951430886,0.590340295775979,0.375439069631211,0,0,0.141342854229464,0,0,0,0,0,0,0,0,0,0,0,0,0,0,0,0,0,0,0,0,0,0,0,0,0,0,0,0,0,0
"16S_ASV_172","black",0,0,0.187919933336758,0,0,0,0,0.281133196971581,0,0,0,0,0,0,0,0,0,0,0,0,0,0,0,0,0,0,0,0,0,0,0,0.177172612243394,0.517626525335537,0,0.295709225740999,0.607778429062829,0.286074404696438,0.218279041390404,0,0,0,0,0,0,0
"16S_ASV_1726","yellow",0,0,0,0,0.342997170285018,0,0,0.414208434789757,0.464420364012824,0.431595307903042,0.490098029409803,0,0.261968415997792,0,0,0,0,0,0,0,0,0,0,0,0,0,0,0,0,0,0,0,0,0,0,0,0,0,0,0,0,0,0,0,0
"16S_ASV_173","grey",0,0,0.19955081358227,0,0,0,0,0,0.348862425014808,0,0,0,0,0,0,0,0,0.263715205246886,0,0.229608655334678,0,0,0,0,0,0.289079611652651,0,0,0,0,0,0.236823245437099,0,0.227152877184093,0.365353108648166,0.287132925457287,0,0.214452569709658,0,0,0,0.282207466950632,0.348057666330479,0.249508771455214,0
"16S_ASV_174","brown",0.158910431540932,0.30244050346626,0.328243975944887,0.412351391453539,0,0,0.14014582753042,0.192450089729875,0,0,0,0,0.136082763487954,0,0.188025358272589,0,0,0,0,0,0.265908011739155,0,0,0,0,0,0.181958419541938,0,0,0,0.206515639396574,0.206515639396574,0.296821924341719,0.261653209030073,0.116051770637132,0,0,0,0.12079051255658,0.259499648053841,0,0.136082763487954,0.188025358272589,0,0
"16S_ASV_1743","yellow",0,0,0,0,0,0.450522249206077,0.281439017892117,0.344690993772856,0.450522249206077,0.222497079744992,0.298511157062997,0,0.507371404963127,0,0,0,0,0,0,0,0,0,0,0,0,0,0,0,0,0,0,0,0,0,0,0,0,0,0,0,0,0,0,0,0
"16S_ASV_175","turquoise",0,0.196885867811329,0.142213638941993,0.223606797749979,0.40363516734126,0.20526770681399,0,0,0,0.131968671801601,0,0,0.188130960841022,0.136159193015737,0.183597018408631,0.142213638941993,0.224859506698758,0.196885867811329,0.188130960841022,0.277427994504577,0.175780762327663,0.182060614674702,0.196885867811329,0.157223093480556,0.155426199113234,0.182060614674702,0,0,0,0.142213638941993,0,0,0,0,0,0,0,0,0.194011467285319,0.172555153208696,0,0.153608286293343,0.153608286293343,0.198307444884526,0
"16S_ASV_176","magenta",0,0,0,0,0.226105275271538,0.155426199113234,0.123160624088394,0,0.492071977926679,0.287374789539586,0,0.186631885470188,0.131968671801601,0.312654456211269,0,0,0,0,0,0,0.129822696722375,0.111173515559227,0,0.286395656234714,0.191093835412303,0.260725004726987,0,0.183597018408631,0.247458996716991,0.247458996716991,0,0,0,0,0,0,0,0,0,0,0,0,0.189618185255991,0,0.164214165451192
"16S_ASV_177","green",0,0,0,0,0,0.120858353344044,0,0,0,0,0,0,0.301680685419296,0,0,0,0.191093835412303,0.323255907946741,0.155426199113234,0.183597018408631,0.246321248176788,0.342659788036295,0.301680685419296,0.174175424936141,0.2960412968459,0.211999576001272,0,0.185120671242701,0.234640533103897,0.347543546701608,0,0,0,0,0,0,0,0,0,0,0,0,0,0,0.231021181965754
"16S_ASV_178","magenta",0,0,0,0,0.19732980494273,0.180918149932972,0.140540716528191,0,0.439320221861392,0.284077056916545,0,0.179351729541118,0.108862370915548,0.259144276818291,0,0,0,0,0.0888857536442311,0.159358193576751,0.142534301443674,0.127928450657329,0,0.273964292214474,0.211145430394607,0.256957366183804,0,0.180918149932972,0.252526734610422,0.230320220699802,0,0,0,0,0,0,0,0,0,0.157577599214693,0,0.132266234009827,0.191524712702097,0.134382628136679,0.146440073953797
"16S_ASV_179","red",0,0,0,0,0,0,0,0,0,0,0,0,0,0,0,0,0,0,0,0.249152060869795,0.334272566903416,0.418262557003878,0.273964292214474,0.344253043579202,0.280075771753378,0,0.106238795717834,0,0.233966677799514,0.136466203987287,0,0,0,0,0,0,0,0,0,0,0.155776653220204,0,0.440602911370205,0,0.276016487877329
"16S_ASV_18","pink",0,0,0,0,0,0,0,0,0,0,0.150903939231078,0.14227359831741,0.334502681390124,0.172627905015684,0.366965996698114,0,0.14227359831741,0,0,0.360004997934881,0.285040774103147,0.265111197701025,0.270880860935055,0.10604447908041,0.0902936203116849,0.145207383228063,0.133084765021812,0.148083056119528,0.19696887780777,0.287984474638541,0,0,0,0,0,0,0,0,0,0,0,0,0.150903939231078,0.216029027922771,0.185956183000362
"16S_ASV_180","turquoise",0.190314427227923,0,0,0.0824085643430329,0,0,0.152325865214533,0.114089491180109,0.173188742966845,0.111581723598952,0,0,0,0.220612924037567,0.208750290166494,0.173188742966845,0.303721493966101,0.290385455054268,0.306503733690587,0.284478692995687,0.103695169473043,0.164817128686066,0.154172306753772,0.171547106457709,0.163091247318475,0.152325865214533,0,0.154172306753772,0,0.152325865214533,0,0,0,0,0,0,0,0,0.24492586915406,0.196171621384913,0,0.132453235706504,0.148564152138089,0.188821742007294,0.207390338946085
"16S_ASV_181","turquoise",0.152325865214533,0,0,0.138714283757632,0,0,0.15045676540765,0,0.164817128686066,0.116543309349613,0,0,0.134572622050498,0.185800399197155,0.237893034034903,0.166525123824432,0.294257432077369,0.285471640841884,0.298079117280062,0.251762322676391,0.121302122269176,0.203255897377916,0.190314427227923,0.157800386826604,0.159583498642714,0.155996894604356,0,0.0789001934133021,0,0.142735820420942,0,0,0,0,0,0.152325865214533,0,0,0.24492586915406,0.210101438836146,0,0.146647115021353,0.152325865214533,0.17481496402442,0.201858933075747
"16S_ASV_182","pink",0,0,0,0,0,0,0,0,0,0,0.0981691815623253,0,0.363436607677946,0,0.406857321205597,0,0,0.266198568749975,0,0.404061017820884,0.310438209771555,0.257539376818856,0.293543523950904,0.157934513826448,0.0981691815623253,0.154303349962092,0.157934513826448,0.17817416127495,0,0.307686856745716,0,0,0,0,0,0,0,0,0,0,0,0,0,0,0
"16S_ASV_183","black",0,0,0,0,0.126095427299792,0,0,0.278920609523227,0,0,0,0,0,0,0,0,0,0,0,0,0,0,0,0,0,0,0,0,0,0,0,0.170178781630396,0.512202047016245,0,0.322363503330304,0.613588323164383,0.303303784496582,0.206372085853249,0,0,0,0,0,0,0
"16S_ASV_184","yellow",0,0,0,0,0,0.114316148545084,0.369274472937998,0,0.334562129031094,0.493710441453287,0.579968651190421,0.38287192256799,0,0,0.109232862188163,0,0,0,0,0,0,0,0,0,0,0,0,0,0,0,0,0,0,0,0,0,0,0,0,0,0,0,0,0,0
"16S_ASV_185","turquoise",0.281830749615033,0,0.143427433120127,0.293744300856569,0,0.186700677173766,0.215141149680191,0,0,0.202837021134844,0,0,0,0.201423505508738,0,0,0.225515282979098,0,0.280815140006985,0.162128696675556,0.230527345759364,0,0.297609523657138,0.153063945554044,0,0,0,0,0,0,0,0.137321312465119,0.225515282979098,0.29952343099378,0.20563490531939,0,0,0,0,0,0,0.197122152121832,0.232992949004287,0.186700677173766,0
"16S_ASV_186","pink",0,0,0,0,0,0,0,0,0,0,0,0,0.367924806984348,0,0.406598795675985,0,0,0,0.211969043909805,0.395830806847786,0.290002383591031,0.293948175626108,0.259607999422312,0.133630620956212,0.206462413311961,0.151794185179729,0.161002046527909,0.161002046527909,0.151794185179729,0.318406169034557,0,0,0,0,0,0,0,0,0,0,0,0,0,0,0
"16S_ASV_187","turquoise",0.175030963404447,0,0,0,0,0,0.1576562441817,0,0.166570299693206,0.102003060137707,0,0,0.159478920273372,0.183101096557868,0.216381166575455,0.148207010357389,0.282433684476848,0.269874730091938,0.298357740037798,0.256702071976884,0,0.161280999171141,0.166570299693206,0.170005100229511,0.187776770679806,0.1576562441817,0,0,0,0.178302853354765,0,0,0,0,0.27412498731513,0,0,0,0.228085776380912,0.195320989699881,0,0.131685384391844,0.178302853354765,0.178302853354765,0.224252128955425
"16S_ASV_188","yellow",0,0,0,0,0,0.150624065391436,0.347014190152995,0,0.334204794515485,0.490752174050282,0.579863778109538,0.375980393829921,0,0,0.163584058016761,0,0,0,0,0,0,0,0,0,0,0,0,0,0,0,0,0,0,0,0,0,0,0,0,0,0,0,0,0,0
"16S_ASV_189","yellow",0.191718872365251,0.37497568960485,0.167345951383875,0,0.254481420668735,0.158390386658295,0.396160098702491,0.222691712014091,0.339021861591706,0.193234460158548,0.252178374017388,0.293849833453705,0.280647692290289,0,0.160221550228196,0,0,0,0,0,0,0,0,0,0,0,0,0,0,0,0,0,0,0,0.160221550228196,0,0,0.256763810941304,0,0,0,0,0,0,0
"16S_ASV_19","yellow",0,0,0,0,0,0.129043834513527,0.330304933979841,0,0.3418381011472,0.504074697443671,0.599310542719705,0.361036565551512,0,0,0.11739345417675,0,0,0,0,0,0,0,0,0,0,0,0,0,0,0,0,0,0,0,0,0,0,0,0,0,0,0,0,0,0
"16S_ASV_190","black",0,0,0.0936859787252782,0,0,0,0,0.28926573171728,0,0,0,0,0,0,0,0,0,0,0,0,0,0,0,0,0,0,0,0,0,0,0,0.132491981717486,0.508557546628584,0,0.333430841989312,0.629395020993753,0.287235771677737,0.203825324774204,0,0,0,0,0,0,0
"16S_ASV_191","red",0,0,0,0,0,0,0,0,0,0,0,0,0,0,0,0,0,0,0,0.258274419627304,0.327231055736619,0.409083520924354,0.283132192627486,0.319082945756545,0.27686280620221,0.182627593525487,0,0,0.220377887064651,0,0,0,0,0,0,0,0,0,0,0,0.149114805696619,0,0.441419063856144,0.158621917825096,0.275804053543178
"16S_ASV_192","red",0,0,0,0,0,0,0,0,0,0,0,0,0,0,0,0,0,0,0,0.243245002465354,0.322918733576166,0.420616892898611,0.267339514352794,0.327422699123903,0.283298009445582,0.110915664854057,0.113525802315804,0,0.219174571237659,0.102687951901522,0,0,0,0,0,0,0,0,0,0,0.177860750018626,0,0.452811305623317,0.0968151295142992,0.266241606164323
"16S_ASV_193","purple",0,0,0,0.225824008912189,0.225824008912189,0.167737862813786,0.171196739349475,0,0,0.167737862813786,0,0,0.22840493852745,0.189092979108026,0.198174553299901,0.202562713719601,0,0,0,0,0,0,0,0,0,0,0,0,0,0,0.141172447819844,0.328412287704226,0,0.232222555660645,0,0.22321323898599,0,0,0,0.491427091404688,0,0.156904403359719,0,0.192167863313573,0.331078737053524
"16S_ASV_194","red",0,0,0,0,0,0,0,0,0,0,0,0,0,0,0,0,0,0,0,0.265043267947514,0.335783986333712,0.435307162651802,0.260550683736869,0.310196647077823,0.289525932592311,0.100176939094425,0.100176939094425,0,0.217314292606253,0,0,0,0,0,0,0,0,0,0,0,0.191310647566964,0,0.430534661149371,0.12624819542353,0.272727272727273
"16S_ASV_1949","greenyellow",0,0,0,0,0.321342293458576,0,0.329690236697893,0,0,0,0,0,0,0.536696821549066,0,0,0.255376959227625,0.244504823460913,0,0,0,0,0.39699961669021,0,0,0,0,0.321342293458576,0,0,0,0,0,0.337831962346088,0,0,0,0,0,0,0,0,0,0,0
"16S_ASV_195","brown",0.268521915143866,0.19296124624699,0.261835672935812,0,0.19296124624699,0,0,0.330663063352593,0,0,0,0,0,0,0,0.280366190803432,0,0,0.280366190803432,0,0,0,0,0,0,0,0,0,0,0.308469875843008,0.238196533670165,0.230632802007221,0,0,0.358120916753753,0,0,0,0.139655096932732,0.294753172373282,0,0,0.280366190803432,0,0
"16S_ASV_196","black",0.248142895099569,0,0.10881785804057,0,0,0,0,0.23840798203286,0,0,0,0,0,0,0,0,0,0,0,0,0,0,0,0,0,0,0,0,0,0,0,0.128755025998804,0.535865805068803,0,0.282717088345626,0.578886458873944,0.315384115515851,0.226957637223643,0,0,0,0,0,0,0
"16S_ASV_197","pink",0,0,0,0,0,0,0,0,0,0,0,0.201246857854495,0.347714395408459,0.207081308318529,0.382773801616945,0,0,0,0,0.37252258886384,0.299890788141931,0.251262446762478,0.240359072267312,0.248880758444208,0.208514414057075,0.119558449101843,0.167310647863859,0.167310647863859,0,0.292857194738028,0,0,0,0,0,0,0,0,0,0,0,0,0,0.195238129825352,0
"16S_ASV_198","magenta",0,0,0,0,0.242027696468277,0.150710610063308,0.146690936063724,0.201607407903821,0.424165437054496,0.272246855388594,0,0.192507597601988,0.124663324242687,0.268933382783494,0,0.162172931689796,0,0,0,0,0.136123427694297,0,0,0.272246855388594,0.186194147624686,0.23450167178622,0,0.195587914751632,0.208887984522099,0.210313857624518,0,0,0,0,0,0,0,0,0.182955741498539,0.12936924547063,0.148714354903799,0,0.156546714686891,0.165817722319618,0.136123427694297
"16S_ASV_199","brown",0.172980352277614,0.292536319973931,0.318960009612329,0.384468047091031,0,0,0.174701592206737,0.152772110588903,0.194169963859888,0,0.18790475960822,0,0.160415379423904,0,0.204673112996608,0,0,0,0,0,0,0,0,0,0,0,0.189490481895278,0,0,0,0.189490481895278,0.142643252719431,0,0.248273511846552,0,0,0,0.445067387093751,0.131737911471872,0,0,0.167710673892994,0.207576422733137,0,0
"16S_ASV_2","yellow",0,0,0,0,0,0.132246653981027,0.339339822525319,0,0.340867241298539,0.512189088460172,0.588195567795292,0.3530939318019,0,0,0.134839972492648,0,0,0,0,0,0,0,0,0,0,0,0,0,0,0,0,0,0,0,0,0,0,0,0,0,0,0,0,0,0
"16S_ASV_20","yellow",0,0,0,0,0,0.12272742188563,0.36657447515586,0,0.345847017451666,0.501915998177211,0.58227409243771,0.351773835951134,0,0,0.12744942130563,0,0,0,0,0,0,0,0,0,0,0,0,0,0,0,0,0,0,0,0,0,0,0,0,0,0,0,0,0,0
"16S_ASV_200","black",0,0,0,0,0,0,0,0.289814934548376,0,0,0,0,0,0,0,0,0,0,0,0,0,0,0,0,0,0,0,0,0,0,0,0.118316451580271,0.525665100544648,0,0.317859548598784,0.627528361261435,0.28558383249127,0.222036170171152,0,0,0,0,0,0,0
"16S_ASV_201","black",0,0.184787287071959,0.17107978455366,0,0,0,0,0.245694634981183,0,0,0,0,0,0,0,0,0.243200208600681,0,0,0,0,0,0,0,0,0,0,0,0,0,0,0.120971675781827,0.47690567661776,0,0.29734598390821,0.604858378909134,0.287970188158935,0.194434765535334,0,0,0,0,0,0,0
"16S_ASV_202","yellow",0,0,0,0,0,0.146399950474997,0.333843251534644,0,0.345560595154386,0.479844841221905,0.599039852298462,0.376108282671277,0,0,0.130944096465878,0,0,0,0,0,0,0,0,0,0,0,0,0,0,0,0,0,0,0,0,0,0,0,0,0,0,0,0,0,0
"16S_ASV_203","red",0,0,0,0,0,0,0,0,0,0,0,0,0,0,0,0,0,0,0,0.235050247361134,0.35474508611159,0.423380531293892,0.296283506988152,0.340620168879522,0.28031377665474,0,0,0,0.241491172705716,0.128742322626862,0,0,0,0,0,0,0,0,0,0,0.126335711868453,0,0.438340528198974,0,0.272541186957294
"16S_ASV_204","yellow",0,0,0,0,0,0.146714741086751,0.340934249323273,0,0.366996385354772,0.484698204374117,0.576284062796474,0.377731951010592,0,0,0.133548412015207,0,0,0,0,0,0,0,0,0,0,0,0,0,0,0,0,0,0,0,0,0,0,0,0,0,0,0,0,0,0
"16S_ASV_205","magenta",0,0,0,0,0.260498265028128,0.189157031272831,0.144826471927633,0.131427881721381,0.486080142565931,0.274339541147713,0,0.19239071903905,0.131427881721381,0.289652943855267,0,0,0,0,0,0,0.126647075771046,0.0702511577815509,0,0.276579084765189,0.187519277232354,0.252073449730872,0,0.155110356527331,0.249614137754276,0.231669103939058,0,0,0,0,0,0,0,0,0,0.0895530060951535,0,0,0.193987349893154,0,0.162870609033244
"16S_ASV_206","yellow",0.192450089729875,0.360041149911548,0.113855008510662,0,0.281091347570523,0.159086900703071,0.407491573797606,0.2330686329267,0.302254900194121,0.187577144623713,0.24969116726938,0.29606472432165,0.252151238175783,0.279991181518981,0.168508343201146,0,0,0,0,0,0,0,0,0,0,0,0.22082896571502,0,0,0,0,0,0,0,0,0,0,0,0,0,0,0,0,0,0
"16S_ASV_207","pink",0,0,0,0,0,0,0,0,0,0,0.153203389541539,0,0.385820320010392,0.14491589859372,0.415124797982412,0,0,0,0,0.394527105295501,0.306406779083079,0.283366334112249,0.297197118490467,0,0.182630561993828,0.147031571067826,0.14911722944087,0.14491589859372,0,0.34347351871801,0,0,0,0,0,0,0,0,0,0,0,0,0,0,0
"16S_ASV_208","pink",0,0,0,0,0,0,0,0,0,0,0.119485759314997,0,0.393144227495029,0,0.435825807035577,0,0,0,0,0.445684180309917,0.293737659381285,0.284069041537484,0.285159521714308,0,0,0.147396188046964,0.177925140662308,0.163375322387559,0,0.318087081916548,0,0,0,0,0,0,0,0,0,0,0,0,0,0.11417259632007,0
"16S_ASV_209","black",0,0,0,0,0.0932504808240314,0,0,0.262572084157631,0,0,0.239045721866879,0,0,0,0,0,0,0,0,0,0,0,0,0,0,0,0,0,0,0,0,0.151596063470089,0.513180316523423,0,0.27527513057944,0.617548750810273,0.281962950740097,0.205514050236767,0,0,0,0,0,0,0
"16S_ASV_21","red",0,0,0,0,0,0,0,0,0,0,0,0,0,0,0,0,0,0,0,0.250519982733831,0.352183636053504,0.413196935270669,0.286000960964843,0.310437123447753,0.259844826251982,0.115693085128111,0.115693085128111,0,0.222873986371915,0.111770138901362,0,0,0,0,0,0,0,0,0,0,0.171600576578906,0,0.432883886568265,0.104906405695642,0.282863744018127
"16S_ASV_210","black",0,0,0.143479617016022,0,0,0,0,0.286959234032043,0,0,0,0,0,0,0,0,0,0,0,0,0,0,0,0,0,0,0,0,0,0,0,0.0934538627031996,0.540326372571079,0,0.305899571302444,0.603586701147086,0.318879823537041,0.191848869611093,0,0,0,0,0,0,0
"16S_ASV_211","brown",0.177053557949128,0.320657631461377,0.395903791232448,0.467770004841554,0.238858308492818,0,0.156369468433922,0.22535238862626,0.197158498052283,0,0,0,0.134839972492648,0.207990836547609,0.22255287139074,0,0,0,0,0,0,0,0,0,0,0,0.117444043902941,0,0,0,0.219717687201021,0.125195771459034,0,0.26851501537088,0,0,0,0,0.137145096264748,0,0,0.167967753286756,0.106232134769477,0,0
"16S_ASV_212","pink",0,0,0,0,0,0,0,0,0,0,0.0937761688769926,0,0.36919714606605,0,0.404124464632584,0,0,0.273402164802316,0,0.401003765693668,0.289037564285058,0.295485292001048,0.264052301808661,0.139543404749365,0.103336305139089,0.146139604213225,0.180729954857834,0.16242508903411,0,0.323881919049886,0,0,0,0,0,0,0,0,0,0,0,0,0,0,0
"16S_ASV_2121","grey",0,0,0,0,0,0,0,0,0,0.421325044234743,0,0,0.287819798982611,0,0.326356975932253,0,0,0.352505822688911,0,0,0,0,0,0,0,0.461538461538462,0,0,0,0,0,0,0,0,0,0,0,0,0,0,0,0.421325044234743,0,0.344010458076891,0
"16S_ASV_213","black",0,0.298750803748567,0.22141763695786,0,0,0,0,0.273488072790235,0.259332411802766,0,0,0,0,0,0,0,0.258117733407031,0.293443972811051,0.232495277487639,0,0.190932081408216,0,0,0,0,0,0,0.26054142726963,0,0,0,0,0,0,0.254438907721311,0.253200754837258,0.405028108529435,0,0.180786743533189,0.288039385532344,0,0,0,0,0
"16S_ASV_214","black",0,0.142088966665078,0.142088966665078,0,0,0,0,0.264634740238928,0,0,0,0,0,0,0,0,0,0,0,0,0,0,0,0,0,0,0,0,0,0,0,0,0.512924441462719,0,0.318711918613418,0.638412858515539,0.288584055515532,0.184578982094156,0,0,0,0,0,0,0
"16S_ASV_215","turquoise",0,0.196363913045134,0.15901084888526,0.142223626906956,0,0.172363652851386,0.174187657645005,0,0.139983744766986,0.128198644848872,0,0,0.170520138320061,0.160986214673156,0.17954852778732,0.120575946134983,0.201134582061708,0.204253133646214,0.194747721667846,0.270785718204104,0.10366239085061,0.150850936546281,0.210351580955836,0.14442877587984,0.174187657645005,0.14442877587984,0,0,0.305863474828037,0.152931737414018,0,0.346556110608734,0,0,0,0,0,0,0.157010632798008,0.146600759048954,0,0.14442877587984,0.148741029327182,0.181300262223127,0.125709113788567
"16S_ASV_216","yellow",0.188263214608387,0.357558528447893,0.125788651356657,0,0.246494409005328,0.146693514995627,0.420969345526985,0.249048823437687,0.319215811289502,0.210484672763492,0.267430341101701,0.319215811289502,0.266244391395137,0,0.174297868132238,0,0,0,0,0,0,0,0,0,0,0,0,0.106735210044723,0,0,0,0,0,0,0,0,0.25901468606034,0,0,0,0,0,0,0,0
"16S_ASV_217","yellow",0,0,0,0,0.184929337959121,0.118037574120997,0.321294090105813,0,0.346885171715254,0.487980937968011,0.591259965713136,0.35231973503265,0,0,0.128320371711095,0,0,0,0,0,0,0,0,0,0,0,0,0,0,0,0,0,0,0,0,0,0,0,0,0,0,0,0,0,0
"16S_ASV_218","turquoise",0.128401715853471,0.167036157750935,0.204576677542414,0.10976425998969,0.12336437823013,0.165127110394359,0.185046567345195,0.0975281043344255,0.112615754582069,0.106836685469364,0,0,0.148976640166018,0.128401715853471,0.120766942526099,0.27927798930017,0.144657555962855,0.103826595596097,0.226634834324646,0.250554236626403,0.159262727466842,0.21068478499956,0.174463576806774,0.178061142448941,0.157259342969418,0.144657555962855,0,0.142448913959153,0,0,0.115396809267385,0.137925567862283,0.137925567862283,0.163195732720517,0.174463576806774,0,0,0.137925567862283,0.199873136682446,0.1531739864767,0,0.21068478499956,0.161241222301191,0.213673370938729,0.0975281043344255
"16S_ASV_2189","grey",0,0,0,0,0,0,0,0.292174354895389,0,0,0,0,0.468521285665818,0,0.481359862341233,0,0,0,0.382546027838003,0,0,0,0,0,0,0,0,0,0,0,0,0,0,0,0.461968217679898,0,0,0,0.321960458108392,0,0,0,0,0,0
"16S_ASV_219","turquoise",0.165811960178111,0,0,0.113082818257975,0,0.177002608098461,0.149594507332458,0,0.173352677784742,0.1238760208523,0,0,0.165811960178111,0.19586518668589,0.187526639198827,0.151716521227252,0.287194739531075,0.224747656164434,0.275838642183685,0.234493522887552,0.113082818257975,0.175187148742135,0.165811960178111,0.173352677784742,0.194226118651021,0.1599232552518,0,0,0,0.175187148742135,0,0,0,0,0,0,0,0.184085491092293,0.238548466446527,0.213064355154353,0,0.155873907989169,0.1599232552518,0.210042012604201,0.217519143996833
"16S_ASV_22","magenta",0.0809294033334358,0,0,0.118288881984199,0.228251700848341,0.177642931227739,0.132532076925216,0.0862710338246032,0.444609806821132,0.286648411298424,0.171677189683361,0.182601360678673,0.139107862181227,0.28034767679949,0,0,0,0,0.113143400146563,0.0790687085566679,0.12911866038978,0.106362073791799,0,0.27390204101801,0.179310976566847,0.2476444550638,0,0.164594642224112,0.220286965404495,0.210614434481372,0,0,0,0,0,0,0,0,0.062210927208379,0.0976045328597615,0.0645593301948902,0.106362073791799,0.158137417113336,0.141231769169703,0.144359050897629
"16S_ASV_220","turquoise",0.162430066131632,0,0,0.1898315991505,0,0.177571201301144,0.154303349962092,0,0.154303349962092,0.0878749550327494,0,0,0.129348431498093,0.188129039205901,0.222597281091997,0.1563746285464,0.25493835528136,0.275559568756151,0.33074931503347,0.25493835528136,0.113446079130188,0.184676836949126,0.188129039205901,0.172049497532046,0.181158860723214,0.121657366404648,0,0,0,0.175749910065499,0,0,0,0,0,0.141239229495633,0,0,0.228305830244328,0.18641092980036,0,0.136607169143931,0.152203886829552,0.179374000833544,0.194850039688315
"16S_ASV_221","pink",0,0,0,0,0,0,0,0,0,0,0.121814242506446,0.168484707834846,0.35378141602207,0.14142135623731,0.374165738677394,0,0,0,0,0.372437481222493,0.25272706175227,0.265184050510511,0.278243337456101,0.087988269012812,0.113592366849413,0.145912037134176,0.179605302026775,0.136783322884608,0.209453975235457,0.283980917123532,0,0,0,0,0,0,0,0,0,0,0,0,0.154502322771975,0.2,0.2
"16S_ASV_222","turquoise",0.18168574170216,0,0.203528740525914,0.101764370262957,0,0,0.154752124588727,0,0.170664037196572,0.110895151507321,0,0,0.11932930151747,0.205112645663312,0.206684413059964,0.15887957215011,0.272825323161045,0.279852018223131,0.310548111328725,0.254410925657392,0.13700447634007,0.209792623759318,0.152646555394435,0.154752124588727,0.164877124002748,0.172549884912078,0,0,0,0.148345786903132,0,0,0,0,0,0,0,0,0.233171464889757,0.214370456352162,0,0.150511533388136,0.143916552592231,0.190383703852396,0.206684413059964
"16S_ASV_223","turquoise",0.208379234519977,0.0985967651589319,0.154852385126999,0,0,0,0.217509618681689,0.226271878630501,0,0.132281441554173,0,0,0.161007843285604,0.134708826435528,0.192200478613507,0.146242636120839,0.21450934231189,0.202063239653291,0.187074208696175,0.277709360048338,0.146242636120839,0.127287876483489,0.193879117285097,0.161007843285604,0.154852385126999,0.137093238562754,0,0.257108907427724,0,0.146242636120839,0,0,0.246820349968923,0.226271878630501,0,0,0,0,0.127287876483489,0.124716139130783,0,0.163008017408557,0.166936484985885,0.205245533688696,0.183577186162459
"16S_ASV_224","magenta",0,0,0,0,0.2099285438408,0.152745451780187,0.127287876483489,0,0.472853474445867,0.282338168192694,0,0.206818319399285,0.141741780501016,0.270617737442569,0,0,0,0,0,0,0.156931033640601,0.148441896914447,0,0.337732901325469,0.212993356232284,0.248129750934403,0,0.161007843285604,0.248129750934403,0.245503965383035,0,0,0,0,0,0,0,0,0,0,0,0,0.203660602373582,0,0.141741780501016
"16S_ASV_225","turquoise",0.137226705969242,0.190692517849118,0.211672376103248,0.225054106048636,0,0,0,0.105066460104836,0.157083814173595,0,0,0,0,0.124837556786472,0,0,0.180187492539112,0,0.253546276418555,0.276809278427181,0.155003141987426,0.150755672288882,0.199023590587623,0.222150060433594,0.216224991046934,0.229341236146931,0,0,0,0,0,0.245742976277269,0,0.159137284520867,0.185514377921455,0,0,0.180187492539112,0.19238759578774,0.152894157431288,0,0.227921152919276,0.152894157431288,0.252262489554756,0.194067868701487
"16S_ASV_226","yellow",0.21033789465627,0.35982356697329,0.146527802402934,0,0.290827012730536,0.137360563948689,0.428339001943036,0.204057730997139,0.332573412679186,0.21033789465627,0.245982686602132,0.28517934865248,0.281736413401435,0,0.171107609191488,0,0,0,0,0,0,0,0,0,0,0,0,0,0,0,0,0,0,0,0.169195732322196,0.205645752853988,0,0,0,0,0,0,0,0,0
"16S_ASV_227","turquoise",0.167534728093889,0.157493420642552,0.184235063836221,0.146766719571878,0.16557519017997,0.114257736224758,0,0.144525874705985,0.142249734429171,0.139936576458085,0,0,0.117079339772509,0.163592182236111,0.142249734429171,0,0.173280436462327,0.171386604337136,0.235548357499318,0.295748817282981,0.167534728093889,0.14897386176189,0.201171503673705,0.218289098555798,0.204390452123038,0.122527771669476,0,0,0,0,0,0.130273862970928,0.192889259209884,0.163592182236111,0.151148777707962,0,0,0.157493420642552,0.205981063288401,0.157493420642552,0,0.191189761243058,0.14897386176189,0.204390452123038,0.189475020226459
"16S_ASV_228","black",0,0,0,0,0.139936576458085,0,0,0.263041062425989,0,0,0,0,0,0,0,0,0,0,0.212224325869731,0,0,0,0,0,0,0,0,0,0,0,0,0.144525874705985,0.520468758389521,0,0.279873152916169,0.608362095007815,0.275169067421824,0.22418986731283,0,0,0,0,0,0,0
"16S_ASV_229","red",0,0,0,0,0,0,0,0,0,0,0,0,0,0,0,0,0,0,0,0.246625359641527,0.353437755793585,0.430218889638707,0.271853844470579,0.327505185955875,0.269437317905151,0,0.149119938471372,0,0.24395906120659,0,0,0,0,0,0,0,0,0,0,0,0.140073791633844,0,0.427167653334072,0.114369771946616,0.280147583267688
"16S_ASV_23","yellow",0,0,0,0,0,0.148536891409911,0.344476822812478,0,0.353025934845901,0.514836526265939,0.573723986669673,0.355969620754942,0,0,0.117110918378003,0,0,0,0,0,0,0,0,0,0,0,0,0,0,0,0,0,0,0,0,0,0,0,0,0,0,0,0,0,0
"16S_ASV_230","yellow",0.215559663634891,0.346069932102977,0.137764500476803,0,0.30269297423167,0.163806168177466,0.436400075822645,0.238615114305169,0.322579589594625,0.218574630526847,0.237239799597557,0.324602051975333,0.281404480553158,0,0.182693632485605,0,0,0,0,0,0,0,0,0,0,0,0,0,0,0,0,0,0,0,0.114407190489069,0,0,0,0,0,0,0.0990795333391391,0,0,0
"16S_ASV_231","black",0,0.0923589937528237,0.217357066800666,0,0,0,0,0.25870665599916,0,0,0,0,0,0,0,0,0,0,0.137945175309164,0,0,0,0,0,0,0,0,0,0,0,0,0.111656578852524,0.509103478387289,0,0.324016784504167,0.572786163852892,0.329040600132314,0.212780616013727,0,0,0,0,0,0,0
"16S_ASV_232","purple",0,0,0.233370825634264,0.230541983810352,0,0.184717987505647,0.0923589937528237,0.179310431852496,0,0.208103547817362,0,0,0.159970469715827,0.193394867571892,0,0,0,0,0,0,0,0,0,0,0,0,0,0,0,0,0.177471301883223,0.296524044870482,0.249671700449309,0,0,0.21123310008656,0.144904711200444,0.240297278703341,0.275890350618329,0.452464815702634,0,0.147151429850636,0,0,0.321985311283628
"16S_ASV_233","pink",0,0,0,0,0,0,0,0,0,0,0.109435131032917,0,0.344136320449559,0,0.400432234862819,0,0,0,0,0.415917490154118,0.300808402934683,0.276610989275356,0.300808402934683,0.134030115482631,0.120985089506521,0.1525999993896,0.194741242926625,0.194741242926625,0,0.333333333333333,0,0,0,0,0,0,0,0,0,0,0,0,0,0.189547207081969,0
"16S_ASV_234","pink",0,0,0,0,0,0,0,0,0,0,0,0,0.376577905319692,0,0.410416955339761,0,0.229339351070419,0,0,0.387899529869487,0.26313686929813,0.277903507571673,0.295325318828934,0,0,0.12640686323628,0.171155701923518,0.161137765573462,0.243422118064996,0.31390330722207,0,0,0,0,0,0,0,0,0,0,0,0,0,0.154816157457332,0
"16S_ASV_235","pink",0,0,0,0,0,0,0,0,0,0,0.1126213927464,0,0.40276083273391,0,0.44074824108103,0,0,0,0,0.409336954504596,0.320630220530999,0.287709986006854,0.315382235717457,0,0,0.167443671655784,0.188097068938153,0.155022716798641,0,0.301310001420367,0,0,0,0,0,0,0,0,0,0,0,0,0,0,0
"16S_ASV_236","black",0,0,0,0,0,0,0,0.281132529237211,0,0,0,0,0,0,0,0,0,0,0,0,0,0,0,0,0,0,0,0,0,0,0,0.150907058776187,0.522757386042278,0,0.320122213768676,0.629696021668623,0.292802702581417,0.200468306377898,0,0,0,0,0,0,0
"16S_ASV_237","black",0,0,0,0,0,0,0,0.258547336450572,0,0,0,0,0,0,0,0,0,0,0,0,0,0,0,0,0,0,0,0,0,0,0,0.129924925083686,0.541959831675027,0,0.308554601215292,0.613817929883602,0.326626196926347,0.209497646790611,0,0,0,0,0,0,0
"16S_ASV_238","turquoise",0.216066445951947,0,0,0,0,0,0.174489396213836,0,0.1645101804106,0.0822550902052998,0,0,0.130056717095677,0.203155086509199,0.238397900291359,0.144825030918395,0.301103069042378,0.274046507910556,0.305564098238997,0.272809271307817,0.113380817349743,0.194651070488244,0.192905285712318,0.124746020733203,0.172539732828705,0.203155086509199,0,0,0,0.182079403933948,0,0,0,0,0,0,0,0,0.206458637861187,0.194651070488244,0,0.132632347668935,0.1645101804106,0.192905285712318,0.222241015593834
"16S_ASV_239","turquoise",0.178748576791432,0,0,0.0975568303408791,0,0,0.170973141433894,0,0.142808576769437,0.1166027146594,0,0,0.162826829725896,0.184365079841205,0.203637886580866,0.147492063872964,0.283227009815545,0.287987461015655,0.312877915607316,0.256790841678235,0.104292638535772,0.200271739255761,0.162826829725896,0.164901140480844,0.193363727031052,0.137966192570202,0,0,0,0.152031339572144,0,0,0,0,0,0,0,0,0.250084961769658,0.231743311900191,0,0.182512117437601,0.188016227947079,0.180640148799373,0.206949288855303
"16S_ASV_24","turquoise",0.162271083284423,0,0,0.0958412649699226,0,0,0.148476649243185,0,0.171446066817853,0.109275855029121,0,0,0.11340091401505,0.184354354065287,0.227475831976711,0.15650813031946,0.279970254740567,0.277774375702103,0.31399291281138,0.275004871080836,0.12858455011339,0.17233670172953,0.179302588516235,0.175854139859764,0.163211793097194,0.165077131297474,0,0.0925914585673678,0,0.175854139859764,0,0,0,0,0,0.166001940389577,0,0,0.222714973864777,0.196416144698817,0.13778049939477,0.136664849459438,0.166001940389577,0.165077131297474,0.193273283605215
"16S_ASV_240","black",0,0,0,0,0,0,0,0,0,0,0,0,0,0,0,0,0,0,0,0,0,0,0,0.16897338677578,0.304062679144288,0,0,0,0,0,0,0,0,0,0.142808576769437,0.262032011370757,0.639191365423175,0.579504934171191,0,0,0,0.213418009481169,0,0,0
"16S_ASV_2408","yellow",0,0,0,0,0,0.460348270118749,0.244136537631348,0.230174135059374,0.474516135567493,0.281904591440964,0.335533577242209,0,0.508210729614561,0,0,0,0,0,0,0,0,0,0,0,0,0,0,0,0,0,0,0,0,0,0,0,0,0,0,0,0,0,0,0,0
"16S_ASV_241","yellow",0.191728194266035,0.360583446730185,0,0,0.3042695949077,0.202099261850636,0.435803991639199,0.205439971837495,0.349072484919258,0.198702393675951,0.298624028529602,0.297482058654365,0.317409528391021,0,0.167063290265668,0,0,0,0,0,0,0,0,0,0,0,0,0,0,0,0,0,0,0,0,0,0,0,0,0,0,0,0,0,0
"16S_ASV_242","red",0,0,0,0,0,0,0,0,0,0,0,0,0,0,0,0,0,0,0,0.226571627214722,0.324664835337284,0.423472816786571,0.256336534444801,0.322549732461554,0.264225651805173,0,0.200955963111818,0,0.234002170380195,0.218888987331048,0,0,0,0,0,0,0,0,0,0,0.156973427955781,0,0.431478682584647,0,0.26551771648734
"16S_ASV_243","turquoise",0.119931487291018,0.135989524173487,0.177501688203432,0,0.111034981529641,0.283084768755526,0,0,0,0,0,0,0,0.255085266432001,0,0,0.201024771866826,0.152602985661738,0.195847298637386,0.265608631647165,0.145715053142525,0,0.185058302549401,0.201024771866826,0.163439067444486,0,0,0,0,0,0,0.119931487291018,0.287883157424618,0.165521177720474,0.169608735882534,0,0,0.150342075700808,0.175561720794196,0.148046642039521,0.269448955696673,0.190529183756751,0.117041147196131,0.206072204396075,0.298397546723178
"16S_ASV_244","blue",0,0,0,0,0,0,0,0,0,0,0,0,0,0,0,0.220749332214848,0,0,0,0,0,0.185248724451143,0,0.511367016065868,0.348543395123399,0.209585006824898,0.29055127117345,0.35921060405355,0.505969851606186,0.143493044941089,0,0,0,0,0,0,0,0,0,0,0,0,0,0,0
"16S_ASV_245","black",0,0,0,0,0,0,0,0.299115465900398,0,0,0,0,0,0,0,0,0,0,0,0,0,0,0,0,0,0,0,0,0,0,0,0.148402829697933,0.527300126362792,0,0.283765846688306,0.623026823318214,0.310406788582012,0.213127338030823,0,0,0,0,0,0,0
"16S_ASV_246","turquoise",0.129144294430214,0.176838108081292,0.18640373288397,0.114906978119563,0.131807343560741,0,0,0.212532955381047,0.105445874848593,0,0,0,0,0.13441764337021,0,0,0.222125683609464,0.223684479460764,0.225232487408665,0.273956419029468,0.197271168266039,0.131807343560741,0.197271168266039,0.200762964449051,0.168795759245084,0.126425162650542,0,0,0,0.386535007498982,0,0,0.114906978119563,0.162503006867995,0.164627319342208,0,0,0.180725124249767,0.19009525427638,0.131807343560741,0,0.182637612686312,0.144387710626103,0.225232487408665,0
"16S_ASV_247","brown",0.362788642167577,0.243294472927568,0.25173492713091,0,0.391411985787845,0.299721319029494,0,0.270406688450516,0,0,0,0,0.319949508551403,0.25311430692019,0.30318642049246,0,0,0,0,0,0,0,0,0,0,0,0,0,0,0,0.302035803740131,0,0,0,0,0,0,0,0,0.282990398175645,0,0,0,0,0
"16S_ASV_248","red",0,0,0,0,0,0,0,0,0,0,0,0,0,0,0,0,0,0,0,0.250347947280422,0.341020915229485,0.414735543486016,0.30318642049246,0.324273346642333,0.286657813341728,0,0.134557978515481,0,0.223918011258623,0,0,0,0,0,0,0,0,0,0,0,0.15159321024623,0,0.429581645292423,0.105555962793852,0.287869902525332
"16S_ASV_249","yellow",0.201323364602499,0.370090740001801,0,0,0.274721127897378,0.149539241091212,0.409530077889301,0.208149814348074,0.322680942907144,0.190625877092986,0.256297346531862,0.293178918762432,0.261693671909621,0,0.192450089729875,0,0,0,0,0,0,0,0,0,0,0.247982777067023,0,0,0,0,0,0,0,0,0.233468065324158,0,0,0,0,0,0,0,0,0,0
"16S_ASV_25","yellow",0,0,0,0,0,0.104386960914505,0.323912107753308,0,0.328208845214766,0.479985470929965,0.581737424345541,0.347558644271683,0.246393664908614,0.120965398549859,0.107328014121165,0,0,0,0,0,0,0,0,0,0,0,0,0,0,0,0,0,0,0,0,0,0,0,0,0,0,0,0,0,0
"16S_ASV_250","blue",0,0,0,0,0,0,0,0,0,0,0,0,0,0,0,0,0,0,0,0,0.132406785333094,0.19278718946226,0,0.556108498398995,0.342214551763934,0.21997067253203,0.300770399307477,0.339126838546761,0.482513289282068,0.179605302026775,0,0,0,0,0,0,0,0,0,0,0,0,0,0,0
"16S_ASV_251","pink",0,0,0,0,0,0,0,0,0,0,0,0,0.39539603964761,0,0.418750656926119,0,0,0,0,0.390016251015696,0.311742038537553,0.295506249784961,0.285814871630345,0.189513833156703,0,0.127268154298676,0.210632849249823,0.213950106069906,0,0.32824758776454,0,0,0,0,0,0,0,0,0,0,0,0,0,0,0
"16S_ASV_252","grey",0,0.350297073199652,0.262890518166038,0,0,0.132779762932036,0.268201974289329,0,0.295714572863204,0,0,0,0.189647434747605,0.135409320440135,0.161533553348974,0,0,0,0,0.246269773070813,0,0.231509427347213,0.266884020493776,0,0.218985995005303,0.20740862008138,0,0.277252284638187,0,0,0,0,0,0,0,0.272117538696072,0,0,0.241936242169368,0,0,0.170041063654142,0,0.189647434747605,0
"16S_ASV_253","turquoise",0,0,0,0,0,0,0.29211547845048,0,0.520388267761927,0.282293648189577,0,0,0,0,0,0,0.30740737593848,0,0.313090063512466,0.344204485423438,0,0,0,0,0,0,0,0,0,0,0,0,0,0,0,0.25471574909098,0,0,0,0.302784445291194,0,0,0,0.310829455867195,0
"16S_ASV_254","pink",0,0,0,0,0,0,0,0,0,0,0.225414227029603,0,0.37756415747977,0,0.382208417651471,0,0,0,0,0.386796918335545,0.309802222520005,0.28488133448044,0.272213540653088,0.193398459167773,0,0.19156525704423,0.18017477596529,0.204052105651346,0,0.333920912378005,0,0,0,0,0,0,0,0,0,0,0,0,0,0,0
"16S_ASV_255","yellow",0,0,0,0,0,0.145607051434887,0.342512025529774,0,0.363531947745727,0.45271072051193,0.612588783498233,0.363531947745727,0,0,0.130234906004686,0,0,0,0,0,0,0,0,0,0,0,0,0,0,0,0,0,0,0,0,0,0,0,0,0,0,0,0,0,0
"16S_ASV_256","brown",0.16613503320161,0.324729731381389,0.37809819474453,0.457693531436744,0,0.292631857638128,0.16181909989207,0.231918671837306,0,0,0,0,0.11286652959662,0,0.234950417139022,0,0,0,0,0,0,0,0,0,0,0,0.207775261025287,0,0,0,0.243819570614957,0.231918671837306,0,0.263355235725447,0,0,0,0,0.176463649725521,0,0,0.155120207707922,0,0,0
"16S_ASV_257","grey",0,0,0,0,0,0,0,0,0,0,0,0,0,0,0,0,0,0,0,0,0,0,0,0,0,0,0,0,0,0,0,0,0,0,0,0,0,0,0.24813529629094,0.428958811207636,0.52603821786303,0,0.566210632035596,0.298616768655568,0.26065408498043
"16S_ASV_258","turquoise",0.159787092387392,0.168430384213304,0.186418274451958,0.225973073146413,0,0,0,0,0.106524728258261,0.213049456516523,0,0,0,0.255437324896646,0,0,0.172589785452538,0,0.222812454927731,0.294151020217567,0.172589785452538,0.152984493721256,0.197502132136799,0.184506241605777,0.211378454587571,0.133155910322827,0.288060277380022,0.252645576319956,0,0,0,0.119098266835083,0,0.152984493721256,0.150648715430942,0,0,0.150648715430942,0.176651277263611,0.145864991497895,0,0.176651277263611,0.152984493721256,0.216352745853381,0
"16S_ASV_259","blue",0,0,0,0,0,0,0,0,0,0,0,0,0,0,0,0,0,0,0,0,0,0.203177604056243,0,0.522109054478739,0.333214688256312,0.186749684979273,0.329995147165871,0.367738108884541,0.524149879409897,0.146124307243045,0,0,0,0,0,0,0,0,0,0,0,0,0,0,0
"16S_ASV_26","yellow",0,0,0,0,0,0.117370480448242,0.33665636460221,0,0.340355996175694,0.480359393736511,0.604201528082524,0.373680102541856,0,0,0.146979609591149,0,0,0,0,0,0,0,0,0,0,0,0,0,0,0,0,0,0,0,0,0,0,0,0,0,0,0,0,0,0
"16S_ASV_260","turquoise",0.151239813071488,0,0,0.106942697408235,0,0,0.162626758170958,0,0.181330165777041,0,0,0,0.155894431023103,0.203612829697544,0.190930904874056,0.173266972872766,0.276555965922538,0.270017075149057,0.294092417872645,0.249373768921596,0.116538102688036,0.151239813071488,0.164809765354649,0.190930904874056,0.160414046112352,0.164809765354649,0,0.171191844447779,0,0.153584756212841,0,0,0,0,0,0.222083190564017,0,0.208812291943312,0.212207836407466,0.179348355826503,0,0.146437319327349,0.136325725230209,0.146437319327349,0.196466280275277
"16S_ASV_261","blue",0,0,0,0,0,0,0,0,0,0,0,0,0,0,0,0,0,0,0,0,0.182047275109076,0.182047275109076,0,0.51560657879067,0.355078430269499,0.185962718212123,0.286587796044246,0.375779688966513,0.502873586878853,0.176010872077088,0,0,0,0,0,0,0,0,0,0,0,0,0,0,0
"16S_ASV_262","turquoise",0.167745426580065,0.195549324313684,0.209789284787246,0.134303827337563,0.131590338991954,0,0,0.197385508487931,0,0.134303827337563,0,0,0.165580878778401,0,0.169882397145875,0,0.17817416127495,0.139572631559771,0.269947352036602,0.293016357663844,0.156623831299788,0,0.206321454455281,0.209789284787246,0.199204768222399,0.23416672443807,0,0,0,0,0,0.147122471584125,0,0.17199281840103,0.191824234122117,0,0,0.184148130347647,0.227921152919276,0.156623831299788,0,0.204565495250401,0.186096842079694,0.224733287487747,0
"16S_ASV_263","yellow",0.190277818153091,0.349821512366121,0.144911269013277,0.318395688769622,0.278352450848839,0.163683168285607,0.392728991577511,0.234590249335459,0.342500072675563,0.174392500951516,0.236128562535105,0.31033372987113,0.291069092329941,0,0.144911269013277,0,0,0,0,0,0,0,0,0,0,0,0,0,0,0,0,0,0,0,0,0,0,0,0,0,0,0,0,0,0
"16S_ASV_264","turquoise",0.174455675197729,0,0,0.194116355365255,0,0,0.147441956154897,0,0.17025130615175,0,0,0,0.126261747910867,0.184548018180886,0.17856107630448,0.16151457061745,0.296110046131991,0.275838642183685,0.300964632714423,0.239262150812857,0.225221308230725,0.163742463041505,0.195973970469165,0.156963948597824,0.172366310303192,0.149879178393605,0,0.0761386987626881,0.144963763588088,0.172366310303192,0,0,0,0,0,0,0,0,0.248181794051358,0.228416096288064,0,0.134595475514541,0.152277397525376,0.152277397525376,0.184548018180886
"16S_ASV_265","turquoise",0.182640371875234,0,0,0.190415750623653,0.194186725625085,0.149933511974651,0.159313246969292,0,0.176584302681721,0.080786561106427,0,0,0.142494099975819,0.168170637469042,0.210321070899695,0.152332600498922,0.301073737170686,0.254046297733923,0.309388974182828,0.237829196301648,0.134644268510712,0.170313024952455,0.180644242302411,0.152332600498922,0.174518918148945,0.126307519798508,0,0,0,0.11738015195303,0,0,0,0,0,0.157020850520519,0,0,0.223687858763245,0.192310481376551,0,0.123403510468459,0.145016315253251,0.184614919766619,0.196045014143955
"16S_ASV_266","pink",0,0,0,0,0,0,0,0,0,0,0,0,0.376999044936963,0,0.409436788729365,0,0,0,0,0.414742886385746,0.307818431204048,0.296972085935821,0.335029697130245,0,0,0.177034199723444,0.196544492696512,0.152720709664243,0,0.322842694276661,0,0,0,0,0,0,0,0,0,0,0,0,0,0.159719141249985,0
"16S_ASV_267","magenta",0,0,0,0,0.207598533726179,0.155258449906433,0.123853397160969,0,0.419572289088109,0.267553917205721,0,0.162162162162162,0.129617068197641,0.292341995307891,0,0,0,0,0.0764439763444916,0.168783729686443,0.164398987305357,0.152887952688983,0,0.264809701922506,0.204049579331642,0.237161199659247,0,0.179277015694886,0.232495277487639,0.219568605530702,0,0,0,0,0,0,0,0,0,0.168783729686443,0,0.148033123650045,0.224503347646434,0.162162162162162,0.164398987305357
"16S_ASV_268","red",0,0,0,0,0,0,0,0,0,0,0,0,0,0,0,0,0,0,0,0.240397135456973,0.321162846933114,0.441119809319536,0.269112171117817,0.307192492592977,0.28107849562403,0.114749815324665,0.120956925836545,0,0.253721388129658,0,0,0,0,0,0,0,0,0,0,0,0.202399649559767,0,0.415500685092531,0.101199824779884,0.287511330523207
"16S_ASV_269","blue",0,0,0,0,0,0,0,0,0,0,0,0,0,0,0,0.222612248130581,0,0,0,0,0,0.169841555121689,0,0.52100835323631,0.367906278263634,0.210662522117372,0.289101853430248,0.378802223146004,0.49329828224541,0,0,0,0,0,0,0,0,0,0,0,0,0,0,0,0
"16S_ASV_27","black",0,0,0.104729883414908,0,0.0902658075562878,0.189839035216043,0,0.261974279933953,0.247203094849995,0,0,0,0,0,0,0,0,0,0,0,0,0,0,0,0,0,0,0,0,0,0,0.117425640072396,0.501330101716294,0,0.307638063825022,0.585792298288878,0.287087624765201,0.172543419430715,0,0,0,0,0,0,0
"16S_ASV_270","green",0,0,0,0,0,0.130526001383008,0,0,0,0,0,0,0.303070704377463,0,0,0,0.219426862868128,0.291865011923638,0.156347191994114,0.198139494445856,0.234125638952283,0.325462633686151,0.298142396999972,0.161015297179883,0.293131243517176,0.188561808316413,0,0.144016459964619,0.237268405600696,0.350660751956878,0,0,0,0,0,0,0.209054308024742,0,0,0,0,0,0,0,0.23094010767585
"16S_ASV_271","red",0,0,0,0,0,0,0,0,0,0,0,0,0,0,0,0,0,0,0,0.239803255179995,0.359445261745356,0.404419202944459,0.256360463176189,0.309182351795325,0.284002124764585,0.112676713753355,0.142001062382293,0,0.264955926556054,0,0,0,0,0,0,0,0,0,0,0,0.147166414975662,0,0.415351421792155,0.168461828325258,0.286619711202646
"16S_ASV_272","blue",0,0,0,0,0,0,0,0,0,0,0,0,0,0,0,0.187422131314387,0,0,0,0,0,0.179269402533182,0.133929906036485,0.517987366456625,0.362683900056563,0.223773855522815,0.322314128775595,0.364738782790028,0.477443365661364,0,0,0,0,0,0,0,0,0,0,0,0,0,0,0,0
"16S_ASV_273","blue",0,0,0,0,0,0,0,0,0,0,0,0,0,0,0,0,0,0,0,0,0.216991248196147,0.216991248196147,0,0.52799080483002,0.363712792620352,0.197139483827332,0.29947637411774,0.339259723427655,0.48980640451238,0.105880887471907,0,0,0,0,0,0,0,0,0,0,0,0,0,0,0
"16S_ASV_274","turquoise",0.154822599943237,0.189618185255991,0.201120456946197,0,0.313252838493077,0,0.20663162684711,0,0,0,0,0,0,0,0.235437277444518,0,0.227344217561008,0,0.232233899914855,0.2960412968459,0.173096928963166,0,0.185625776332252,0.199249528310195,0.183597018408631,0,0,0,0,0,0,0,0.241716706688087,0.161917350720729,0.177371570882437,0,0.215503938631161,0.177371570882437,0.193528249929046,0.149906337799172,0,0.208436304140846,0.161917350720729,0.220656154631542,0
"16S_ASV_275","greenyellow",0,0.134332098851894,0,0,0.270059865265218,0,0,0.232670020298844,0,0,0,0,0,0.301624673408895,0,0,0,0.26300747580787,0,0.26300747580787,0.271448357015318,0.268664197703787,0.395462991243946,0,0.307793505625546,0.260132990857236,0,0.311436159112919,0,0,0,0,0,0,0,0,0,0,0,0,0,0.252803825991796,0,0,0
"16S_ASV_276","pink",0,0,0,0,0,0,0,0,0,0,0,0,0.390747099209243,0,0.448395139423033,0,0,0,0,0.413308462421954,0.283056420636937,0.302421569575518,0.308606699924184,0,0,0.164957219768465,0.18646571626144,0.188481620429173,0,0.333333333333333,0,0,0,0,0,0,0,0,0,0,0,0,0,0,0
"16S_ASV_277","brown",0.293069224846532,0.201603997428476,0.163830677217504,0.259778102573499,0.228357700250733,0,0,0.269912505705453,0,0,0,0,0,0,0,0,0,0,0.210899330504774,0,0,0,0,0,0,0,0,0,0,0,0.207231236246068,0.17293922475865,0,0.203497034240761,0.203497034240761,0.241417084293877,0,0,0.397461268707656,0.238219365832563,0,0.218050481012858,0.312077935837845,0.189849795325874,0
"16S_ASV_278","red",0,0,0,0,0,0,0,0,0,0,0,0,0,0,0,0,0,0,0,0.250677901689909,0.344523822225231,0.415935484643436,0.275731624277743,0.301277342722896,0.294769505355998,0.17834686089994,0,0,0.237976992322991,0,0,0,0,0,0,0,0,0,0,0,0.133578775902483,0,0.415935484643436,0.17834686089994,0.284047002742964
"16S_ASV_279","turquoise",0.184828273495236,0,0,0.0881134221062802,0,0.188982236504614,0.124611196569807,0,0.144785126719752,0.124611196569807,0,0,0.178416081496725,0.180578779628654,0.204757089836981,0.171764680857451,0.280028836137143,0.280028836137143,0.265804766535597,0.268709822939355,0.15261692391684,0.174010066104206,0.20285233132252,0.195047374401373,0.167183463772606,0.150051750907181,0,0,0,0.160065980184493,0,0,0,0,0,0,0,0.167183463772606,0.222911285030141,0.206644291849635,0,0.144785126719752,0.127688479613812,0.147441956154897,0.215832923650858
"16S_ASV_28","magenta",0,0,0,0.113924495858303,0.221508826409404,0.163066530156743,0.153052718160265,0.0815332650783714,0.46769659783774,0.285227732053945,0,0.176131983089159,0.157134840263677,0.272165526975909,0,0,0,0,0,0,0.124544119626179,0.103744395760873,0,0.281316490856574,0.208250220838456,0.269829298975534,0,0.169725025739105,0.2650950840901,0.25035587206627,0,0,0,0,0,0,0,0,0,0,0,0.0711680683578165,0.170655032841845,0.130744090092123,0.129527839563183
"16S_ASV_280","pink",0,0,0,0,0,0,0,0,0,0,0,0,0.40425749778281,0,0.457535267931094,0,0,0,0,0.3915448799258,0.330074864754062,0.270465803703098,0.285853218027731,0,0.121597665347238,0.115019876475485,0.176432436556492,0.150226806480115,0,0.35833597260211,0,0,0,0,0,0,0,0,0,0,0,0,0,0,0
"16S_ASV_281","red",0,0,0,0,0,0,0,0,0,0,0,0,0,0,0,0,0,0,0,0.216421827674903,0.361063568999566,0.392155714743234,0.263584846143164,0.319787204813165,0.279399378113556,0.115199314769408,0.124951200466616,0,0.219999290326015,0,0,0,0,0,0,0,0,0,0,0,0.176707682334687,0,0.457396494820247,0.142466288108671,0.284932576217342
"16S_ASV_282","pink",0,0,0,0,0,0,0,0,0,0,0.100778221853732,0,0.394295257389688,0,0.422048575403353,0,0,0,0,0.411741727300015,0.328348138414092,0.276699295264733,0.298433409657833,0,0,0.14790199457749,0.165359456941537,0.139754248593737,0.201556443707464,0.322344923955691,0,0,0,0,0,0,0,0,0,0,0,0,0,0,0
"16S_ASV_283","turquoise",0.125146742371013,0.323934310848225,0.235794529829622,0.18772011355652,0,0,0,0,0,0.193876499614018,0,0,0.160753901221795,0.314115830378355,0.170217972562365,0,0.380618957641642,0.294826176839381,0.28400315438265,0,0,0,0,0,0.332287579122123,0,0,0,0,0,0,0,0,0,0,0,0,0,0,0.222113433738578,0,0,0,0.314115830378355,0.163171388773677
"16S_ASV_284","pink",0,0,0,0,0,0,0,0,0,0,0,0,0.386637545590324,0,0.404537598703448,0,0,0,0,0.429076918932196,0.299488155017967,0.292846793885849,0.269042653952766,0,0,0.143025639644065,0.183933761552541,0.158672700751604,0,0.305985400473472,0,0,0,0,0,0,0,0,0,0,0,0,0,0.286051279288131,0
"16S_ASV_285","turquoise",0.186722503157547,0,0,0,0,0,0.171226580871167,0,0.146268970487307,0.119428114298705,0,0,0.112597905979915,0.208762104994597,0.233827113181842,0.190919038441175,0.278665600030312,0.304483142640343,0.305781584107155,0.272919300403046,0.0933612515787733,0.202988761760229,0.178032921331013,0.148953028684744,0.166534548796782,0.199046857164508,0,0,0,0.180244595216045,0,0,0,0,0,0,0,0,0.221649199570773,0.186722503157547,0,0.12588828594761,0.146268970487307,0.171226580871167,0.245401446710372
"16S_ASV_286","turquoise",0,0.15955387286201,0.201426890863083,0.225643250930607,0,0.157041056405568,0,0,0.25227682387244,0.149248981745633,0,0.320351835220833,0,0.176142706301719,0.209176892021865,0,0.230871201182395,0.16686543437793,0.222089591818153,0.277791036543818,0.129253409680678,0.176142706301719,0.197437844564281,0.15955387286201,0.17386980196401,0.220291265931412,0,0,0,0.14102703183163,0,0,0,0,0,0,0,0,0.129253409680678,0.154487373104365,0,0.16686543437793,0.18920761790433,0.21664983717761,0.15955387286201
"16S_ASV_287","pink",0,0,0,0,0,0,0,0,0,0,0,0.231239417048235,0.36178152786265,0.183083459309206,0.380070140962267,0,0,0,0,0.359568776048059,0.279664603592935,0.251094968409196,0.254253519846529,0.249500698522965,0.215148568724271,0.109413294231136,0.176423635836369,0.195724450834405,0,0.266513656554571,0,0,0,0,0,0,0,0,0,0,0,0,0,0.203716467283081,0
"16S_ASV_288","yellow",0.198626523843708,0.348680512559807,0.183892428122457,0,0.286575651207032,0.179460634019388,0.45577348387004,0.252204451479778,0.340502612303499,0.208514414057075,0.240771706171538,0.300295077640967,0.279463484143106,0,0.183892428122457,0,0,0,0,0,0,0,0,0,0,0,0,0,0,0,0,0,0,0,0,0,0,0,0,0,0,0,0,0,0
"16S_ASV_289","turquoise",0.110029712033915,0.163200436784299,0.179677767352308,0,0,0.255685945377211,0,0.276902036272193,0.252509599143088,0,0,0,0,0,0,0,0.165654716409174,0.139177800127844,0.220059424067831,0.258823313608867,0.163200436784299,0.230800271085569,0.155605511022369,0.194766058631463,0.160708680738062,0.216360682927906,0,0,0,0,0,0.179677767352308,0,0.155605511022369,0.160708680738062,0,0,0.221885674668472,0.229045110472051,0.165654716409174,0,0.198866846404498,0,0.214487395002625,0.221885674668472
"16S_ASV_29","yellow",0,0,0,0,0,0.136147984082874,0.33919424007845,0,0.338722809357119,0.503106362020272,0.592107459173327,0.365935236067593,0,0,0.118583306747543,0,0,0,0,0,0,0,0,0,0,0,0,0,0,0,0,0,0,0,0,0,0,0,0,0,0,0,0,0,0
"16S_ASV_290","brown",0.158305497560259,0.303576098956621,0.392945060451902,0.442306002489587,0.255892560316283,0,0.123934423424729,0.229230197460211,0.182056872793326,0,0,0,0.144977906492883,0.199027546912664,0.229230197460211,0,0,0,0,0,0,0,0,0,0,0,0.0942999565791664,0,0,0,0.249494233752663,0.147739638582228,0,0.303576098956621,0,0,0,0,0.168208978081418,0,0,0.163332315946655,0.113730026807237,0,0
"16S_ASV_291","turquoise",0.173158287542267,0,0,0.133522286426077,0,0,0.168413321924427,0,0.180041414288477,0.102639398035907,0,0,0,0.197225487781864,0.220504798787901,0.182278039353264,0.273046323864081,0.268557585372791,0.3282980027447,0.24322255717278,0.133522286426077,0.201292420557119,0.18667091142816,0.130452398218555,0.18667091142816,0.180041414288477,0,0.16598998231865,0,0.158497810444565,0,0,0,0,0,0,0,0,0.20724323122401,0.201292420557119,0,0.173158287542267,0.158497810444565,0.182278039353264,0.211117271749893
"16S_ASV_292","blue",0,0,0,0,0,0,0,0,0,0,0,0,0,0,0,0,0.251516084242347,0,0,0,0,0.182351940852085,0,0.498171840313914,0.32093739425316,0.205362022832206,0.309356656558438,0.35226068648215,0.524346424369798,0.124135289720916,0,0,0,0,0,0,0,0,0,0,0,0,0,0,0
"16S_ASV_293","brown",0.27622219552147,0.309482181682921,0.305522758308045,0.642766948939778,0.386459117308221,0.28632240478265,0,0.21320071635561,0,0,0,0,0,0,0,0.211288563682129,0,0,0,0,0,0,0,0,0,0,0,0,0,0,0,0,0,0,0,0,0,0,0,0,0,0,0,0,0
"16S_ASV_295","pink",0,0,0,0,0,0,0,0,0,0,0,0,0.36922422809486,0,0.38438925848782,0,0,0,0.29277002188456,0.402035636556294,0.294160861171057,0.271052370871575,0.27404751561787,0.15649215928719,0.173793215151378,0.142857142857143,0.130930734141595,0.178428514239954,0.15649215928719,0.291372543633873,0,0,0,0,0,0,0,0,0,0,0,0,0,0,0
"16S_ASV_296","turquoise",0.164331707176775,0.210213826140173,0.21786044873439,0.221584828753863,0,0,0.198191495950515,0,0.134176277047853,0.10703564115707,0,0,0,0,0,0,0.25745830546078,0,0.24273401821882,0.342083727464118,0.187585223403337,0,0.204291117975787,0.244413858457779,0.21407128231414,0,0,0,0,0,0,0.137191850807498,0,0.154050600652431,0.145864991497895,0,0,0.180923255062985,0.212151321716495,0.15927413089546,0,0.225247636047547,0.241042471351192,0.251020829072963,0
"16S_ASV_297","turquoise",0.191976657057666,0,0,0.103184352723708,0,0,0.196196428339148,0,0.178720541463571,0.107079463325194,0,0,0.143090951758036,0.176414373343079,0.212238179989004,0.176414373343079,0.280399854893113,0.262290047077789,0.29464230316451,0.263846678233912,0.166871291257747,0.174077655955698,0.1898315991505,0.20032733246125,0.174077655955698,0.159339340368364,0,0,0,0.148704479128983,0,0,0,0,0,0,0,0,0.232495277487639,0.225339856168523,0,0.114472761406428,0.161888931703271,0.1898315991505,0.216062598991697
"16S_ASV_298","turquoise",0.164668936563208,0,0,0.0992991049467267,0,0,0.114660729942563,0,0.162154759356372,0,0,0,0.143325912428204,0.218307525848824,0.196518590179019,0.15168188828658,0.254781714940205,0.256389186501317,0.28086028189434,0.239830123390403,0.15168188828658,0.157005670623875,0.18577161476198,0.162154759356372,0.169585506582161,0.164668936563208,0,0.192291889875987,0,0.167145300130733,0,0,0,0,0,0.202693449195464,0,0.208685678491744,0.223882232218281,0.198598209893453,0,0.111019774382883,0.167145300130733,0.196518590179019,0.210645211420755
"16S_ASV_299","grey",0,0,0.268699032608012,0,0.17758172684582,0,0,0,0,0,0,0,0.325920337490684,0,0,0.367790306483964,0,0,0,0,0,0,0,0,0,0,0,0.280781363829331,0,0,0,0,0.551873459547292,0,0,0,0,0.37449828124519,0,0.28225529187693,0,0,0,0.226830955025271,0
"16S_ASV_3","yellow",0,0,0,0,0,0.115154376474439,0.343197772994604,0,0.355478627490014,0.499024008438913,0.574245757779379,0.368673889524974,0,0.102617840636259,0.131741011943013,0,0,0,0,0,0,0,0,0,0,0,0,0,0,0,0,0,0,0,0,0,0,0,0,0,0,0,0,0,0
"16S_ASV_30","turquoise",0.175355409208719,0.171663302886714,0,0.091257848293065,0,0,0.158063229833001,0,0.151862239065766,0.107382819049576,0.221375352658995,0.207945934923906,0.113191429922126,0.192758059345556,0.193587130093559,0.153956989592739,0.251835033402199,0.236079444602865,0.30054402946174,0.234718744827946,0.118716173239357,0.154993748711534,0.16693337617744,0.145397024326138,0.152913201357055,0.153956989592739,0,0.126551865888138,0.121384285552076,0.152913201357055,0,0,0,0,0,0,0,0.120057641505205,0.238777583003051,0.191925407248414,0,0.132728716695922,0.156023618836539,0.178971365082626,0.18251569658613
"16S_ASV_300","grey",0.282489820618579,0.282489820618579,0,0,0,0,0.201820476096712,0,0.18234639512148,0.282489820618579,0,0,0,0.381404849451826,0,0,0,0,0.213820101356195,0.209896463412997,0,0.262667434627197,0,0.327462853159715,0,0.268922297318412,0,0,0,0,0,0,0,0.285417254460565,0,0,0,0,0.29823531967544,0,0,0,0,0.180052638465683,0
"16S_ASV_3009","yellow",0,0,0,0,0.29904998630487,0,0,0.493864798324795,0.441726104299386,0.349215147884789,0.533434949669081,0,0.255030685225335,0,0,0,0,0,0,0,0,0,0,0,0,0,0,0,0,0,0,0,0,0,0,0,0,0,0,0,0,0,0,0,0
"16S_ASV_301","brown",0.189296944860009,0.341565025531987,0.401040313850532,0.48904669170404,0,0,0.129099444873581,0.195789002074512,0,0.232737334062816,0,0,0.119023807142381,0,0.246644143115812,0,0,0,0,0,0,0,0,0,0,0,0,0,0,0,0.243241991988774,0.258198889747161,0,0.31224989991992,0,0,0,0,0.122474487139159,0,0,0.158113883008419,0,0,0
"16S_ASV_302","turquoise",0.125883036118131,0.18035272640468,0.234618566101733,0.138501452014682,0.152816209856794,0.158179804997111,0,0,0.135457092295719,0,0,0,0.129153269951956,0,0,0,0.150062539089647,0.241623643270872,0.239891551811491,0.329277521864669,0.170853716651833,0.182650305990889,0.206241233038331,0.24674697578366,0.231036392903163,0.144397745564477,0,0,0,0,0,0.0957826285221151,0.184919340890913,0.152816209856794,0.144397745564477,0,0,0.135457092295719,0.227397797112849,0.182650305990889,0,0.18035272640468,0.144397745564477,0.250104231816078,0
"16S_ASV_303","turquoise",0,0,0.168395261622115,0,0,0,0.158179804997111,0,0,0.239891551811491,0,0,0.263105213988669,0.135457092295719,0.221828025868879,0.231036392903163,0.243343406207059,0.21417646843906,0.225556489099321,0.302891266407691,0,0.158179804997111,0.225556489099321,0.158179804997111,0.170853716651833,0.212220477984721,0,0,0,0,0,0,0,0,0,0,0.234618566101733,0,0.175667439235827,0.193729904927933,0,0.24674697578366,0.158179804997111,0.210246291094752,0.150062539089647
"16S_ASV_304","pink",0,0,0,0,0,0,0,0,0,0,0.220955988426539,0,0.345729112931815,0,0.42442276109403,0,0,0,0,0.414387707005374,0.297294195005282,0.297294195005282,0.294449209033301,0,0,0.153522062157279,0.185773476340904,0.174077655955698,0.176478840501577,0.311129148106292,0,0,0,0,0,0,0,0,0,0,0,0,0,0,0
"16S_ASV_305","brown",0.294382408694631,0,0.201944666327892,0.159651276729713,0,0,0,0.265552757055823,0,0,0,0,0,0.197692723473042,0.130354721590557,0,0.334887343311569,0,0.199830004219177,0,0,0,0,0,0.123665347194986,0,0,0,0,0,0.208159797450004,0,0,0.214194664477361,0.139789865359025,0,0,0,0.37327911569736,0.236801111389158,0,0.193347297809133,0,0.334887343311569,0.31528600925123
"16S_ASV_306","blue",0,0,0,0,0,0,0,0,0,0,0,0,0,0,0,0,0,0,0,0,0.221986091858836,0.184349415192734,0,0.523857335609007,0.346115720184317,0.216168850583558,0.295821940060065,0.333616419017759,0.50148462680932,0.159651276729713,0,0,0,0,0,0,0,0,0,0,0,0,0,0,0
"16S_ASV_307","turquoise",0,0.210280020626853,0.145802960879951,0.252538136138053,0.331200660553418,0.231455024943138,0,0,0,0.133630620956212,0,0,0.174963553055941,0.159719141249985,0.204124145231932,0.172516389835589,0.233284737407922,0.191218790526298,0.159719141249985,0.250848898877446,0.188982236504614,0.193429485824666,0.157034594741344,0.159719141249985,0.154303349962092,0.172516389835589,0,0,0,0.116642368703961,0,0,0,0,0,0,0,0,0.214285714285714,0.227751505591774,0,0.159719141249985,0.162359305916498,0.206196524710581,0
"16S_ASV_308","pink",0,0,0,0,0,0,0,0,0,0,0.139968358556259,0,0.371469754535848,0.142978775184717,0.404405045995442,0,0,0,0,0.376027836151098,0.296199665610896,0.294758296154016,0.284464289247173,0,0.226069293322435,0.162497542898472,0.175112521625334,0.179911013400402,0,0.347784420880457,0,0,0,0,0,0,0,0,0,0,0,0,0,0,0
"16S_ASV_309","black",0,0,0,0,0,0,0,0.251706504452232,0,0,0,0,0,0,0,0,0,0,0,0,0,0,0,0,0,0,0,0,0,0,0,0.109481968240725,0.539533029953643,0,0.30548636272053,0.628245000634241,0.301253090702044,0.234082294392261,0,0,0,0,0,0,0
"16S_ASV_31","magenta",0,0,0,0,0.224040845646803,0.165909332877181,0.143963150149739,0,0.469952042531781,0.28679938286259,0,0.183517727962952,0.149480967301835,0.302194049450541,0,0,0,0,0,0.0952226733134151,0.147298646265707,0.125967756381022,0,0.279363636593557,0.186145800563315,0.253217635611061,0,0.181744568234931,0.248701289916674,0.25,0,0,0,0,0,0,0,0,0,0.103375666853517,0,0,0.180851469128703,0,0.163945839660447
"16S_ASV_310","turquoise",0.180759836962312,0,0,0.0927278398248867,0,0,0.157909821125573,0,0.131136968689915,0.180759836962312,0,0,0.105726004190865,0.203156518323265,0.180759836962312,0.168448486248308,0.290284054557223,0.26390805871852,0.319877448588079,0.265532123639376,0,0.165876602604127,0.183122810939818,0.163264209377403,0.155163353856675,0.160609329852813,0,0,0.219434119407405,0.155163353856675,0,0,0,0,0,0,0.245334803788881,0,0.234584941083129,0.170981688338855,0,0,0.12090231128313,0.175938705812347,0.209408945894888
"16S_ASV_311","turquoise",0,0,0.259197728640318,0,0,0,0,0.143777030937918,0.431331092813754,0,0,0,0.337187025905915,0,0,0.389350040348059,0.33462282879958,0,0.388242356623171,0.296403942547367,0,0,0.332038830061168,0,0,0,0,0,0,0,0,0,0,0,0,0,0,0,0,0,0,0,0,0,0
"16S_ASV_312","brown",0.149776940849898,0.317724871621017,0.418510444594499,0.44644120529393,0,0,0.166162596958906,0.185775431059006,0,0,0,0,0.140871195428543,0,0.223703242351293,0,0,0,0,0,0,0,0,0,0,0,0.188083288876999,0,0,0,0.22752750642008,0.233146315618811,0,0.261078932127221,0.0974214579336549,0,0,0,0.152630091331895,0.221766381286372,0,0.176242048633814,0.217841002406789,0,0
"16S_ASV_313","purple",0,0,0,0.205615723406116,0.233146315618811,0.173777003475761,0.152630091331895,0,0,0.158182079640017,0,0,0.197044600619516,0.197044600619516,0.213843580194348,0.236818137028996,0,0,0,0,0,0,0,0,0,0,0,0,0,0,0.0928877155295032,0.316364159280034,0,0.240433890217545,0,0.213843580194348,0,0,0,0.487107289668275,0,0.168738914888524,0,0.185775431059006,0.364517717707747
"16S_ASV_314","blue",0,0,0,0,0,0,0,0,0,0,0,0,0,0,0,0,0,0,0,0.178673088282127,0,0.171276484572126,0,0.541623800874608,0.34129125963012,0.209769996069692,0.283269461071073,0.346310518145825,0.482658728088312,0.22752750642008,0,0,0,0,0,0,0,0,0,0,0,0,0,0,0
"16S_ASV_315","brown",0.220288136505174,0.317048782801496,0.422503884079652,0.478298544217256,0,0,0.203947184517929,0.193032894710223,0,0.201811553054511,0,0,0.158524391400748,0,0.264935164234259,0,0,0,0,0,0,0,0,0,0,0,0,0,0,0,0.256627912774997,0,0,0.311534470275512,0,0,0,0,0.188490307939626,0,0,0.174153063217608,0,0,0
"16S_ASV_316","pink",0,0,0,0,0,0,0,0,0,0,0,0.21227495984891,0.38941808784439,0.206060683293312,0.394942024571916,0,0,0,0,0.386065789420446,0.307333813288246,0.288424874353064,0.277710371178257,0,0,0,0.13807289662842,0,0.188490307939626,0.303074940255286,0,0,0,0,0,0,0,0,0,0,0,0,0,0,0.233650852706634
"16S_ASV_317","greenyellow",0,0,0,0,0.253448438762426,0,0.20198666072568,0,0,0,0,0,0,0.362044733270474,0,0,0.20198666072568,0.208333333333333,0.248257818496104,0.20198666072568,0.242956328951888,0,0.164041830708579,0,0,0.164041830708579,0,0.24116326880813,0.235702260395516,0.317323879410996,0,0,0,0.190940653956493,0,0,0,0.265165042944955,0,0.318688719599549,0,0.204124145231932,0,0,0
"16S_ASV_318","grey",0,0,0,0,0,0.422026059369729,0,0,0,0,0,0,0,0,0,0,0,0,0,0,0,0.37747158281083,0,0,0,0,0,0,0,0,0,0,0,0,0.325568406239942,0,0.362201973118613,0.270148139686718,0.314713058668153,0,0,0.251839453499319,0.45472707847589,0,0
"16S_ASV_319","blue",0,0,0,0,0,0,0,0,0,0,0,0,0,0,0,0,0,0,0,0,0,0.184637236468999,0,0.515494195635863,0.335800890055756,0.196116135138184,0.318431470490279,0.408604995023362,0.501745206004255,0.169841555121689,0,0,0,0,0,0,0,0,0,0,0,0,0,0,0
"16S_ASV_32","magenta",0.122068268815674,0,0,0,0.195986213868451,0.166777005418684,0.138583180845458,0.0979931069342253,0.446843232210342,0.269903097646554,0,0.167766788621105,0.138583180845458,0.287717668824218,0,0.107654094086151,0,0,0.120704334735092,0.113639373831292,0.132475163235122,0.0872690898298768,0,0.269903097646554,0.192577497946234,0.258626018061878,0,0.146707800774011,0.242093518135407,0.222865147953163,0,0,0,0,0,0,0,0,0.134951548823277,0.106105033554942,0.134951548823277,0.0704761478602409,0.166777005418684,0.110687197223252,0.154405503796494
"16S_ASV_320","blue",0,0,0,0,0,0,0,0,0,0,0,0,0,0,0,0.165047790916654,0,0,0,0,0,0.167688723260127,0,0.526953641791704,0.39102407119393,0.213762018028213,0.322010380908761,0.353242574365639,0.468704230337244,0.142165031949895,0,0,0,0,0,0,0,0,0,0,0,0,0,0,0
"16S_ASV_321","yellow",0.162578344381021,0.359882506524286,0.136022801923691,0,0.239308843269446,0.192365291272474,0.412363981045188,0.205647146585306,0.334506013589821,0.207778262018434,0.258766984800819,0.33318645809671,0.267143479737986,0,0.196892152773513,0,0,0,0,0,0,0,0,0,0,0,0,0,0,0,0,0,0,0,0,0,0.275265190516586,0,0,0,0,0,0,0,0
"16S_ASV_322","purple",0,0,0,0.237775319311106,0.237775319311106,0.192620023617051,0.23591038605231,0.107163888227002,0,0,0,0.346614112171134,0.142541296477243,0.205919466916374,0,0,0,0,0,0,0,0,0,0,0,0,0,0,0,0,0,0.300176626450391,0,0,0,0.22439553669906,0,0,0,0.510490652915194,0,0.165484618652613,0,0.237775319311106,0.338881969717029
"16S_ASV_323","brown",0.228702786469704,0.324802176563996,0.415779196720485,0.462225575092404,0,0,0.181111618731975,0.173614066168704,0,0,0,0,0.168430384213304,0.21263293714156,0.181111618731975,0,0,0,0,0,0,0,0,0,0,0,0,0,0,0,0.254394009474943,0,0,0.287135522899272,0,0,0,0,0.173614066168704,0,0,0.154713186938819,0.291729982995789,0,0
"16S_ASV_324","yellow",0.208514414057075,0.359927035886967,0.139717041977665,0,0.276240446682448,0.154781811110275,0.389525682491308,0.19533149308716,0.352453688425121,0.19533149308716,0.273009453115974,0.318046387937692,0.247435829652697,0.30523384783368,0.15762208124782,0,0,0,0,0,0,0,0,0,0,0,0,0,0,0,0,0,0,0,0,0,0,0,0,0,0,0,0,0,0
"16S_ASV_325","yellow",0.199822458908639,0.382630877795315,0.12637881956134,0.303776876040683,0.288803178572986,0.151888438020341,0.402961530020089,0.222911285030141,0.31664837506909,0.19533149308716,0.232649947830162,0.284157248042183,0.284157248042183,0,0.181191952121923,0,0,0,0,0,0,0,0,0,0,0,0,0,0,0,0,0,0,0,0,0,0,0,0,0,0,0,0,0,0
"16S_ASV_326","turquoise",0.133452010111019,0.195679058296343,0.176540415357716,0,0,0,0,0,0.23114566188448,0.163444664960369,0,0,0.287774028297242,0.191074200130411,0,0,0,0.166146412703196,0.266904020222037,0.289317063638762,0.176540415357716,0.160697500148178,0.191074200130411,0.163444664960369,0.174000133058976,0.143111337262539,0,0,0,0,0,0,0.238726213073782,0.168804924111456,0.242427615400589,0,0,0.163444664960369,0.160697500148178,0.176540415357716,0,0.179044659805336,0.236853821709541,0.208885436439559,0
"16S_ASV_327","green",0,0,0,0,0,0.211100165460375,0,0,0,0,0,0,0,0,0,0.255073300429113,0.215280772601023,0,0.149270358506633,0.219381727238139,0.276855271495277,0.388102932117246,0.325669473639465,0.206835075998008,0.349432950377135,0.27524094128159,0,0.181595228721666,0,0.408248290463863,0,0,0,0,0,0,0,0,0,0,0,0,0,0,0
"16S_ASV_328","pink",0,0,0,0,0,0,0,0,0,0,0,0,0.373043513520183,0,0.402933046724552,0,0,0,0.25166705558906,0.385971670256842,0.292639408439788,0.273739101062473,0.263781598087777,0.130188910980824,0.204760472322833,0.166294559333345,0.176697829936791,0.160840788183911,0.166294559333345,0.291111254869791,0,0,0,0,0,0,0,0,0,0,0,0,0,0,0
"16S_ASV_329","brown",0.258890186539249,0,0.310668223847099,0.306322999725548,0.27398362018319,0,0,0.258890186539249,0,0.323353739348519,0,0,0.237276775299469,0.27398362018319,0.244693457806127,0,0,0,0,0,0,0,0,0,0,0,0,0,0,0,0.304860829087154,0,0,0,0,0,0,0,0.250111681935434,0.16910636171603,0,0,0.347337633485617,0,0
"16S_ASV_33","yellow",0,0,0,0,0,0.122004015107292,0.326439769128612,0,0.359483918159667,0.48766933494282,0.599390759700727,0.371060725820288,0,0,0.120609637712192,0,0,0,0,0,0,0,0,0,0,0,0,0,0,0,0,0,0,0,0,0,0,0,0,0,0,0,0,0,0
"16S_ASV_330","blue",0,0,0,0,0,0,0,0,0,0,0,0,0,0,0,0,0,0,0,0,0.260843614502061,0.186855427432459,0,0.504234530701395,0.341149775323424,0.189235847314096,0.296200952861863,0.354027852972607,0.500670991131689,0.163883051080681,0,0,0,0,0,0,0,0,0,0,0,0,0,0,0
"16S_ASV_331","pink",0,0,0,0,0,0,0,0,0,0,0.0846667513334603,0,0.35921060405355,0,0.404942581884958,0,0,0.277598508460765,0,0.422274096039977,0.262671688178626,0.280807846391411,0.28711892307137,0.137175815292184,0.133869888150416,0.149671085022312,0.161200691941559,0.166666666666667,0,0.318205091547477,0,0,0,0,0,0,0,0,0,0,0,0,0,0,0
"16S_ASV_333","pink",0,0,0,0,0,0,0.199097060851334,0,0,0,0,0,0.401573481770474,0,0.379663198301,0,0,0,0,0.437025160592604,0.334233020079871,0.266779255511314,0.26508540184301,0,0.12375506177654,0.161635782319776,0.187443685236754,0.127342907993403,0,0.343537505984453,0,0,0,0,0,0,0,0,0,0,0,0,0,0,0
"16S_ASV_334","black",0,0,0,0,0,0,0,0.261782748465304,0,0,0,0,0,0,0,0,0,0,0,0,0,0,0,0,0,0,0,0,0,0,0,0.134291716437378,0.526998750090486,0,0.317792203461166,0.634164104796577,0.295746827122339,0.212333847417793,0,0,0,0,0,0,0
"16S_ASV_335","greenyellow",0,0.10836720337741,0,0,0.273820043898965,0,0,0.238559361806849,0,0,0,0,0,0.27050089040023,0,0,0,0.323709305618192,0,0.258548516027492,0.256795624521254,0.224915923265544,0.315226363655184,0,0.391877790068141,0.34004091363378,0,0.256795624521254,0,0,0,0,0,0,0,0,0,0,0,0,0,0.246016134781276,0,0,0
"16S_ASV_336","turquoise",0.180578779628654,0,0,0,0,0,0.156385810542806,0,0.162074414828587,0.116563101030039,0,0,0.124090897025679,0.199637352376173,0.223201345380601,0.175491029540758,0.314216301388026,0.277475681138345,0.269190951029083,0.257144294912015,0.116563101030039,0.199637352376173,0.162074414828587,0.147441956154897,0.156385810542806,0.17025130615175,0,0.187952352889028,0,0.162074414828587,0,0,0,0,0,0,0,0,0.255376959227625,0.183069639082026,0,0.137919321091843,0.175491029540758,0.180578779628654,0.235060892511719
"16S_ASV_337","purple",0,0,0,0.231280091031862,0,0.206424467404974,0.204216655612947,0,0.354992881059467,0.188037534109304,0,0,0.156456685602208,0.192798731482568,0,0,0,0,0,0,0,0,0,0,0,0,0,0,0,0,0,0.315797426376297,0,0,0,0.231280091031862,0,0,0,0.521522285340695,0,0.183152607424868,0,0.259016901404243,0.336641187633424
"16S_ASV_338","turquoise",0,0,0.183402190925746,0,0,0.227636073191798,0,0,0.26798914496334,0,0,0,0,0.138169855941551,0.22962419891482,0,0.206705763652765,0.190692517849118,0.195401684183679,0.271360210119987,0,0.153741222957161,0.178376517003169,0.150755672288882,0.14142135623731,0.23931721056524,0,0,0,0.327525155175488,0,0,0,0,0,0,0,0,0.276339711883103,0.313339780720256,0,0,0,0.235487888127066,0.295419578350399
"16S_ASV_34","yellow",0,0,0,0,0,0.126180066627388,0.34186242656833,0,0.354987690156436,0.495234744918534,0.582025246474648,0.363940344734883,0,0.102476119235411,0.119279680903424,0,0,0,0,0,0,0,0,0,0,0,0,0,0,0,0,0,0,0,0,0,0,0,0,0,0,0,0,0,0
"16S_ASV_340","turquoise",0.297767439283786,0,0.215911824374989,0,0,0,0,0,0,0.232229477380745,0,0,0,0.154162240330416,0.213784562404506,0.311275021387311,0.211635919304915,0.20054769614181,0.226248314506837,0.315649123691196,0,0.258316869597845,0.193590154916098,0.24186962206276,0,0.27709646285324,0,0,0,0,0,0,0,0,0,0,0,0,0.162813472080912,0.154162240330416,0,0,0.209465237110091,0.207271823398978,0.17886499765393
"16S_ASV_341","blue",0,0,0,0,0,0,0,0,0,0,0,0,0,0,0,0,0,0,0,0,0,0.168565414033937,0,0.563152056121146,0.363302905186004,0.209753030106512,0.293529362601837,0.356939840163403,0.490981918943667,0.154374050240698,0,0,0,0,0,0,0,0,0,0,0,0,0,0,0
"16S_ASV_342","grey",0,0,0,0,0,0,0,0,0,0,0,0,0,0,0,0,0,0,0,0,0,0,0,0,0,0,0,0,0,0,0,0,0,0,0,0,0,0,0.265520107795596,0.437143705966411,0.529290490189996,0,0.601482398800489,0.199721512977009,0.237878689402782
"16S_ASV_343","pink",0,0,0,0,0,0,0,0,0,0,0,0,0.413525957434499,0,0.441777417083935,0,0,0,0,0.417996638253321,0.321185073285038,0.289211207729887,0.307888842008698,0,0,0.169736292294645,0.204503206180954,0,0,0.326920974273714,0,0,0,0,0,0,0,0,0,0,0,0,0,0,0
"16S_ASV_344","purple",0,0,0.243997712532167,0.232278902124349,0,0.188012864478211,0,0,0,0,0,0,0,0.230267791525331,0.258798655688252,0.327072995195333,0,0,0,0,0,0,0,0,0,0,0,0,0,0,0.226191933316983,0.28773372703668,0,0.277865619185932,0,0.215665546406877,0,0,0,0.464557804248699,0,0.192897128868165,0,0,0.336880352785708
"16S_ASV_345","grey",0.312674532267167,0.420605221469904,0,0,0,0,0,0.401347822328583,0,0,0,0,0,0,0,0,0,0,0,0.383553899785895,0,0,0,0.345225481601682,0,0,0,0,0,0,0,0,0.302072296401472,0.337037150724282,0,0,0,0.305139098848677,0,0,0,0,0,0,0
"16S_ASV_346","brown",0.175370729666779,0.305281255436332,0.367607311046904,0.455882131886462,0,0,0.155663507860396,0.200186306514548,0,0.283106189674251,0,0.321633760451338,0.122112502174533,0,0.185695338177052,0,0,0,0,0,0,0,0,0,0,0,0,0,0,0,0.218014423627427,0.238432282633199,0,0.295981158565095,0,0,0,0,0.158628793504242,0,0,0.136525927882423,0,0,0
"16S_ASV_347","turquoise",0.188275758381237,0.209387878307436,0.220244097960802,0.158702763568185,0.136589591177038,0.170052669628445,0,0,0.133131065484412,0,0,0,0.136589591177038,0,0,0,0.161614983788864,0.230589769484782,0.242422475683295,0.279925363186732,0.193166852321564,0.188275758381237,0.236580111703692,0.197937122535445,0.197937122535445,0.167287401279551,0,0,0,0,0,0.155736095184397,0.164475648063688,0.152711805445382,0.178091038265399,0,0,0.146476018107392,0.230589769484782,0.172773685116272,0,0.190736983867643,0.122169444356305,0.222351745006561,0
"16S_ASV_348","blue",0,0,0,0,0,0,0,0,0,0,0,0,0,0,0,0,0,0,0,0,0,0.172935080466847,0,0.515189829817771,0.347218587727603,0.220449837471298,0.333489060196925,0.347218587727603,0.51880524140054,0.185955476532251,0,0,0,0,0,0,0,0,0,0,0,0,0,0,0
"16S_ASV_349","turquoise",0.118789757913451,0.205749896124905,0.214699685246111,0.269140298859845,0,0,0,0.0867517733463669,0.0751292395413035,0,0,0,0,0.106248789490088,0,0,0.186566742954552,0,0.279429603128268,0.290974293556696,0.153356918032936,0.162297706778586,0.196392679766939,0.227465068700303,0.205749896124905,0.243446560167879,0,0,0,0,0,0.241506716025105,0,0.162297706778586,0.156393983518878,0,0,0.147094788364088,0.212497578980177,0.184028301639523,0,0.184028301639523,0.162297706778586,0.225387718623911,0.20112571245548
"16S_ASV_35","yellow",0,0,0,0,0,0.146136690134236,0.344447481913586,0,0.340488183921014,0.506567043432086,0.589167755454927,0.347874904459264,0,0,0.139003719008899,0,0,0,0,0,0,0,0,0,0,0,0,0,0,0,0,0,0,0,0,0,0,0,0,0,0,0,0,0,0
"16S_ASV_350","pink",0,0,0,0,0,0,0,0,0,0,0,0,0.36933236656114,0,0.426100478833442,0,0,0,0,0.405744266946466,0.317267259011452,0.308243590373888,0.300516958165214,0,0.178843362358357,0.122685534426349,0.205749896124905,0.196392679766939,0,0.321684185122096,0,0,0,0,0,0,0,0,0,0,0,0,0,0,0
"16S_ASV_351","turquoise",0.12652087952858,0.178927543752691,0.184114923579665,0.223396145986074,0,0,0,0,0.114815827304529,0.208121361089196,0,0,0,0.25304175905716,0,0,0.147164025735945,0,0.25489556962103,0.262179766105584,0.147164025735945,0.122743282386443,0.196485121607675,0.184114923579665,0.203546706606235,0.12652087952858,0.295923337148199,0.327634907737807,0,0,0,0.118845672135382,0,0.12652087952858,0.168073161363204,0,0,0.156467598012726,0.186654559736517,0.15944820103582,0,0.173585214641098,0.12652087952858,0.203546706606235,0
"16S_ASV_352","grey",0,0,0,0,0.359337541075259,0.286353129869157,0,0,0,0,0,0,0.156541316555338,0.221382852944298,0.137295817037739,0,0.348688129817447,0,0,0,0,0,0,0.327789270482644,0.260500497031804,0.159523323867331,0,0,0,0,0,0,0,0,0.378498447101251,0,0,0,0,0,0,0.122801111969103,0,0.229739843851625,0.403799112063068
"16S_ASV_353","brown",0.173995291316142,0.281904591440964,0.397484997902106,0.488273075262696,0,0,0.162757691754232,0.228109751340391,0,0,0,0,0.259174148704437,0,0.264593009616538,0,0,0,0,0,0,0,0,0,0,0,0,0,0,0,0.275110711351763,0,0,0.313674472264823,0,0,0,0,0.162757691754232,0,0,0.18454987557626,0.208613025750484,0,0
"16S_ASV_354","turquoise",0.171661529203153,0.194994393991758,0.17977594843299,0.134390611658334,0.141286861336473,0,0,0.224455403447728,0.154156603994552,0,0,0,0,0.134390611658334,0,0,0.209108191473803,0.24471602227671,0.242766062736804,0.24471602227671,0.168870098792414,0.141286861336473,0.177112453804852,0.232771367452493,0.218010360098474,0.11536023921124,0,0,0,0.298920745628838,0,0,0.102255922881066,0.17977594843299,0.166031743723766,0,0,0.194994393991758,0.184987924793462,0.171661529203153,0,0.16314401485114,0.147861820192781,0.2068227874274,0
"16S_ASV_355","blue",0,0,0,0,0,0,0,0,0,0,0,0,0,0,0,0,0,0,0,0,0,0.171743175595024,0,0.550062707263435,0.344868595612549,0.202270649859245,0.299062919594369,0.358397957721516,0.504970536394026,0.187628801304524,0,0,0,0,0,0,0,0,0,0,0,0,0,0,0
"16S_ASV_356","grey",0,0,0,0,0.339953364968477,0,0,0.190510298488009,0,0,0,0.389695347910879,0,0,0,0,0,0,0,0,0,0,0,0,0.382271899513413,0,0,0,0,0,0,0,0,0,0.243345042959873,0,0,0,0.260408906283607,0.204999592330762,0,0.473762400200102,0.39577520560482,0,0
"16S_ASV_357","turquoise",0.251553181010136,0,0.145234296771709,0.275214550664407,0,0.193370468436313,0.290468593543417,0,0,0.225421731106886,0,0,0,0.207713202970824,0,0,0.280391453525194,0,0.227538413517539,0.22963558608572,0.25720676738546,0,0.343407994687015,0,0,0,0,0,0,0,0,0.154820280555658,0.264557011383731,0,0,0,0,0,0,0,0,0.255336147887495,0.22963558608572,0.212278873725356,0
"16S_ASV_358","black",0,0,0,0,0,0,0,0,0,0,0,0,0,0,0,0,0,0,0,0,0,0,0,0.161125846658872,0.326696754239722,0,0,0,0,0,0,0,0,0,0.145443618470685,0.268543077764787,0.637000181137518,0.552964041117712,0,0,0,0.25,0,0,0
"16S_ASV_359","blue",0,0,0,0,0,0,0,0,0,0,0,0,0,0,0,0,0,0,0,0,0,0,0,0.520455364472081,0.395361454382759,0.197065855632859,0.300485044779141,0.387924524738001,0.502421321667402,0.20193241203216,0,0,0,0,0,0,0,0,0,0,0,0,0,0,0
"16S_ASV_36","red",0,0,0,0,0,0,0,0,0,0,0,0,0,0,0,0,0,0,0,0.254624572216914,0.320174765582726,0.411560704113501,0.283633681309389,0.319112823136301,0.303856184941087,0.139098054763911,0.11206874042198,0,0.214858768877316,0,0,0,0,0,0,0,0,0,0,0,0.183316360382009,0,0.430112317385669,0.104221811608394,0.284827933670575
"16S_ASV_360","pink",0,0,0,0,0,0,0,0,0,0,0,0,0.405853851685401,0,0.426920611562616,0,0,0,0,0.423482268777349,0.309057549981844,0.307476682581597,0.31684359477155,0,0,0.139617969430565,0.184697212834547,0.187317162316339,0,0.307476682581597,0,0,0,0,0,0,0,0,0,0,0,0,0,0,0
"16S_ASV_361","turquoise",0.13628215225934,0.184967831606547,0.174077655955698,0,0.298251666711172,0,0.207390338946085,0,0,0,0,0,0,0,0.255917264245317,0,0.207390338946085,0,0.205020085800447,0.26895402187856,0.171246936312685,0,0.190179212697725,0.218856889818253,0.200195407960632,0,0,0,0,0,0,0,0.238109202215839,0.190179212697725,0.162459108322165,0,0.281387429766325,0.171246936312685,0.182306285197956,0.165440258049189,0,0.182306285197956,0.190179212697725,0.225457068065224,0
"16S_ASV_362","turquoise",0,0.207796987059984,0.17441898502062,0.108518437266175,0,0.22151233248863,0.182663748845512,0,0.195634394948209,0.185330513977562,0,0,0.171582714941605,0.146934658660248,0.193109974413184,0.143556398835832,0.240623984391775,0.214764174474888,0.228060904697028,0.321001866401992,0.117213308819754,0.168698766438409,0.195634394948209,0.168698766438409,0.198126653319645,0.165764651023522,0,0,0,0.140096700096117,0,0,0,0,0,0,0,0,0.17441898502062,0.177209865990904,0,0.171582714941605,0.20058794835317,0.193109974413184,0.165764651023522
"16S_ASV_363","pink",0,0,0,0,0,0,0,0,0,0,0.24074214005045,0,0.37870630782111,0,0.413428807867634,0,0,0,0,0.372165119574495,0.298983214699263,0.267785798338427,0.292338313581074,0.244788509816761,0,0.177296882871174,0.150310745576477,0.198223941149382,0,0.298983214699263,0,0,0,0,0,0,0,0,0,0,0,0,0,0,0
"16S_ASV_364","pink",0,0,0,0,0,0,0,0,0,0,0,0,0.366848201772093,0,0.416977618090243,0,0,0,0,0.421662906920554,0.328717218628995,0.264092024206542,0.311848535094947,0.165846047861731,0,0.171666968673636,0.198223941149382,0.200686444773715,0,0.319626501085976,0,0,0,0,0,0,0,0,0,0,0,0,0,0,0
"16S_ASV_365","blue",0,0,0,0,0,0,0,0,0,0,0,0,0,0,0,0.253309778784082,0,0,0,0,0,0.177733898281175,0,0.501724567820423,0.391166024643173,0.19871253923137,0.32348057763429,0.33693350321297,0.491788443990549,0,0,0,0,0,0,0,0,0,0,0,0,0,0,0,0
"16S_ASV_366","turquoise",0.109108945117996,0.233588296075578,0.194160790836906,0.144337567297406,0.140859042454753,0.213623314820552,0,0,0.12986562041233,0.117851130197758,0,0,0.251976315339485,0,0,0,0.121987509118567,0,0.265398771542952,0.270947778017644,0.160604018609905,0.113564190644874,0.218217890235992,0.208927723509336,0.20167945650116,0,0,0,0,0,0.241933350391685,0.163663417676994,0,0.183657721673113,0.211288563682129,0,0,0.160604018609905,0.20167945650116,0.169616748199702,0,0.191589011183703,0.151054494529161,0.25973124082466,0
"16S_ASV_367","purple",0,0,0,0.222717701593687,0,0.180936716113936,0,0.133630620956212,0,0.186338998124982,0,0,0.163663417676994,0.215932823181155,0.239874305709641,0,0,0,0,0,0,0,0,0,0,0,0,0,0,0,0,0.321208037219811,0,0,0.414278872412031,0.204124145231932,0,0,0,0.504935953820202,0,0.183657721673113,0,0.0890870806374748,0.347896171338154
"16S_ASV_368","greenyellow",0,0,0,0,0.30316347390161,0,0.14824986333222,0.322329185610152,0,0,0,0,0,0.443625063317208,0,0,0.271893497395715,0.216686517700218,0,0,0,0,0.271893497395715,0,0,0.216686517700218,0,0.254823595718813,0,0,0,0.331496772065898,0,0.230102266279698,0,0,0,0,0,0,0.340417561068926,0,0,0,0
"16S_ASV_369","brown",0.296796374789329,0.251123601166961,0.176156268781531,0.245071540697936,0.245071540697936,0,0,0.255078546853837,0,0,0,0,0,0,0,0,0,0,0.164398987305357,0,0,0,0,0,0,0,0,0,0,0,0.212238179989004,0.200100075062555,0,0.243020696770993,0.212238179989004,0.26846242208561,0,0,0.384900179459751,0.202585885591867,0,0.187176480987957,0.295105213588454,0.181749918935424,0
"16S_ASV_37","magenta",0,0,0,0,0.220500996948251,0.167125804359347,0.13896166675593,0.159741169957248,0.462004627533176,0.276055966339661,0,0.187543098494995,0.172206772264604,0.300574163204702,0,0,0,0,0,0,0.14142135623731,0.0909717652294684,0,0.295366516907968,0.1893728305896,0.269738059401441,0,0.180993427200148,0.225143632315937,0.254612619889307,0,0,0,0,0,0,0,0,0,0.0946864152947999,0,0,0.177142062607467,0,0.14503269548147
"16S_ASV_370","brown",0.173989804496176,0.322390165434556,0.367718577954879,0.434394158065057,0,0,0,0.217777045563043,0,0,0,0,0,0,0.185226291360325,0,0,0,0,0,0,0,0,0,0,0,0,0,0,0,0.222362328296429,0,0.442449835247335,0.303028774114725,0,0,0,0,0.296293960449738,0,0,0.187930467851066,0,0,0
"16S_ASV_371","blue",0,0,0,0,0,0,0,0,0,0,0,0,0,0,0,0,0,0,0,0,0,0.182758884097598,0,0.565542267810428,0.349956619636678,0.188215571126767,0.30515145240828,0.352836969612746,0.497971594071413,0.15257572620414,0,0,0,0,0,0,0,0,0,0,0,0,0,0,0
"16S_ASV_373","brown",0.274092873955708,0.277772137562592,0.300591633198994,0.619480706057634,0.443795352297444,0.370210531405377,0,0,0,0,0,0,0,0,0,0.198982181688315,0,0,0,0,0,0,0,0,0,0,0,0,0,0,0,0,0,0,0,0,0,0,0,0,0,0,0,0,0
"16S_ASV_374","brown",0.174607573942395,0.350667192184836,0.387822774041237,0.457547367488804,0,0,0.16564728911227,0.204124145231932,0.185883957157296,0,0,0,0.191273013919001,0,0.213849730692075,0,0,0,0,0,0,0,0,0,0,0,0.248981665828428,0,0,0,0.244865982924325,0.127515342612668,0,0.258984885141406,0,0,0,0,0.156173761888606,0,0,0.180333926933486,0.196514340898729,0,0
"16S_ASV_375","blue",0,0,0,0,0,0,0,0,0,0,0,0,0,0,0,0.255290258509041,0,0,0,0,0,0.153041133669039,0,0.527260915790044,0.339221584065229,0.204331905229967,0.309391360992222,0.380266815964566,0.48605817123555,0,0,0,0,0,0,0,0,0,0,0,0,0,0,0,0
"16S_ASV_376","purple",0,0,0,0,0,0.253417014989599,0.253417014989599,0.41628422815867,0,0,0,0,0,0.13164063149866,0,0,0,0,0,0,0,0,0,0,0,0,0,0,0,0,0,0.177765035221206,0.524623062587002,0.267124988402721,0,0,0.299506900224961,0,0,0.257408079651608,0,0,0,0.278337865516398,0.26328126299732
"16S_ASV_377","brown",0,0.416496563917521,0.241170614516202,0.335029697130245,0.317837078018386,0,0,0,0,0,0,0,0.202030508910442,0.328881840949181,0.447213595499958,0,0,0,0,0,0,0,0,0,0,0,0,0,0,0,0,0,0,0,0,0,0.349927106111883,0,0,0.289263667590237,0,0,0,0,0
"16S_ASV_378","green",0,0,0,0,0,0.224179415327122,0,0,0,0,0,0,0,0,0.260177454235196,0.106217000908759,0.19741924671713,0,0.175411603861406,0.262141085520658,0.288230676849157,0.355181427095852,0.335887649103853,0.192153784566105,0.346410161513775,0.217208395738947,0,0.166410058867569,0,0.422447083622953,0,0,0,0,0,0,0,0,0,0,0,0,0,0,0
"16S_ASV_38","red",0,0,0,0,0,0,0,0,0,0,0,0,0,0,0,0,0,0,0,0.23377846227218,0.341421530315313,0.419187004480111,0.269516651028463,0.336317782223773,0.273339773204263,0.110029712033915,0.126140593487953,0,0.218481916818026,0.0872343028312437,0,0,0,0,0,0,0.123367934168107,0,0,0,0.153366466073735,0,0.43893837525031,0.0852286484590704,0.265638511416997
"16S_ASV_380","pink",0,0,0,0,0,0,0,0,0,0,0,0,0.436043125619238,0,0.401692206773455,0,0,0,0,0.414287486263354,0.312467881185999,0.300735651642021,0.320585281818751,0,0,0.166580998880659,0.169637785935994,0.115588667175658,0,0.340786829114995,0,0,0,0,0,0,0,0,0,0,0,0,0,0,0
"16S_ASV_381","pink",0,0,0,0,0,0,0,0,0,0,0.132316756292922,0,0.395650919176893,0,0.402105683163697,0,0,0,0,0.391727011442032,0.312789515734543,0.288823744712556,0.319306663918981,0,0,0.175772533469089,0.172818162832317,0.178678061438854,0,0.338105218877091,0,0,0,0,0,0,0,0,0,0,0,0,0,0.143517672598516,0
"16S_ASV_382","turquoise",0,0.224756454673777,0.178770139806954,0.235945127291884,0,0,0,0,0,0.210546662066195,0,0,0.274331427216721,0,0,0,0.256864519627174,0.150600173874847,0.22012180320773,0.29075089419334,0.178770139806954,0,0.212980808389554,0.169899909892393,0.215387447585321,0,0,0.195305734418903,0,0,0,0.143591631723548,0,0.1844467905839,0.147137638067499,0,0,0.166838399496015,0.217767491633557,0.1816306436746,0,0.18995387394524,0.252819156262329,0.212980808389554,0
"16S_ASV_383","pink",0,0,0,0,0,0,0,0,0,0,0,0,0.378939363648479,0,0.420300954747885,0,0,0,0,0.412861411922385,0.314918328648887,0.283863545381745,0.324610383115584,0,0.163888694339272,0.154143863252847,0.19813177016094,0.154143863252847,0,0.332471337234723,0,0,0,0,0,0,0,0,0,0,0,0,0,0,0
"16S_ASV_384","yellow",0.19054409972998,0.336259630968523,0.14759482499446,0,0.253604717418851,0.14759482499446,0.421172045743996,0.208730603243249,0.328456720782793,0.23225397459181,0.26947005006831,0.318841263071994,0.293427307969522,0,0.179325615427768,0,0,0.259667837615898,0,0,0,0,0,0,0,0,0,0,0,0,0,0,0,0,0,0,0,0,0,0,0,0,0,0,0
"16S_ASV_385","brown",0.300570589259372,0,0.435925627427403,0.558145572185948,0,0,0,0,0,0,0,0,0,0.405056308022408,0,0.193347297809133,0,0,0,0,0,0,0,0,0,0,0.320630220530999,0.17051628888977,0,0,0,0.273434370809865,0,0,0,0,0,0,0,0,0,0,0,0,0
"16S_ASV_386","blue",0,0,0,0,0,0,0,0,0,0,0,0,0,0,0,0,0,0,0,0,0.239606497170736,0.185598394637071,0,0.515925906220857,0.34947022237335,0.228455831192477,0.31490463148564,0.324696743050816,0.494225528125933,0.137073498715486,0,0,0,0,0,0,0,0,0,0,0,0,0,0,0
"16S_ASV_387","grey",0,0,0.221727715715284,0,0,0,0,0,0,0,0,0,0,0,0,0,0,0.315233857536335,0,0.266701531890934,0,0,0,0,0,0,0,0,0,0,0,0.280092632614977,0,0.270595190870377,0.416701532711384,0.24417909607979,0,0.235455580829873,0,0,0,0.372989730303843,0.339209023326733,0.292872085691699,0
"16S_ASV_388","blue",0,0,0,0,0,0,0,0,0,0,0,0,0,0,0,0,0,0,0,0,0,0.155433792547008,0,0.553825504175846,0.388922234131299,0.186182344883231,0.328927465120997,0.36810895354592,0.489383079314485,0,0,0,0,0,0,0,0,0,0,0,0,0,0,0,0
"16S_ASV_389","turquoise",0.121331553816927,0.177611208331347,0.189081570144327,0,0,0.244820155455694,0,0.273236627246385,0.246958363349332,0,0,0,0,0,0,0,0.148600198275254,0.186280206832109,0.212639513180689,0.265428249486857,0.168496786890519,0.224662382520692,0.171588728951699,0.224662382520692,0.177611208331347,0.255332199441245,0,0,0,0,0,0.168496786890519,0,0.171588728951699,0.145018944336987,0,0,0.215097855118434,0.205087757882396,0.158860294157908,0,0.177611208331347,0,0.189081570144327,0.186280206832109
"16S_ASV_39","turquoise",0.123753794852284,0.18934367378197,0.164770510914327,0.122339419317609,0,0,0,0,0,0.150414209399047,0,0,0.120908499691289,0.237459579428089,0.157203192452853,0,0.225428392888347,0.242535625036333,0.272922332126701,0,0,0.245389083492421,0,0,0.262521442612856,0.302558989654373,0,0,0,0,0.211898090026572,0.298505384660102,0,0,0,0,0,0.180882317568386,0,0.123753794852284,0,0.317161971201359,0,0.249608116104983,0.19655933600881
"16S_ASV_390","brown",0.203149800073348,0.334916873521344,0.427865379609969,0.456580341742402,0,0,0.149071198499986,0.200528402506079,0,0,0,0,0.26626954557266,0,0.243432247780074,0,0,0,0,0,0,0,0,0,0,0,0,0,0,0,0.205737799949456,0,0,0.315390075098915,0,0,0,0,0,0,0,0.184017482491294,0,0,0.294571700562846
"16S_ASV_391","turquoise",0.402586973443554,0,0,0,0.312182041633794,0,0,0,0,0,0,0,0,0.272309644289146,0,0,0.443885005722298,0,0,0.213426445075645,0,0,0,0,0.359495880554414,0,0,0,0,0,0,0,0,0,0,0,0,0,0.375352941254594,0,0,0.39192052117139,0,0,0
"16S_ASV_392","pink",0.317231135326183,0.175272185423275,0.266410540840986,0,0,0,0.313874097613267,0,0,0,0,0,0.285600764372523,0.145555627434896,0.178268508203073,0,0.213426445075645,0.197977057393621,0.218333441152343,0.270357578660157,0.341358204425811,0,0.227830594216442,0,0,0,0.294727682411512,0,0,0,0,0,0,0,0,0,0,0,0,0,0,0,0.232433697489872,0.223132551621722,0
"16S_ASV_393","blue",0,0,0,0,0,0,0,0,0,0,0,0,0,0,0,0,0,0,0,0,0.130188910980824,0.172223740956793,0,0.511519835757013,0.336671141660699,0.223132551621722,0.322201116264413,0.35054437084655,0.520755643923295,0.175272185423275,0,0,0,0,0,0,0,0,0,0,0,0,0,0,0
"16S_ASV_394","brown",0.310584968258347,0.226819190849497,0.370394187634815,0,0.222043515138857,0,0,0.341800290185434,0,0,0,0,0,0,0,0.244992726886379,0,0,0.34492181881297,0,0,0,0,0,0,0,0,0,0,0,0.312305673770489,0.251469422218339,0,0,0,0,0,0,0.118040449404454,0.338649989884019,0,0,0.283523988561871,0,0
"16S_ASV_395","blue",0,0,0,0,0,0,0,0,0,0,0,0,0,0,0,0,0,0,0,0,0.182280421870297,0.138897820363056,0,0.507183129340974,0.390124612515618,0.173236018522743,0.322437128811869,0.371838225031875,0.515566889528125,0,0,0,0,0,0,0,0,0,0,0,0,0,0,0,0
"16S_ASV_396","turquoise",0,0,0.18816940591363,0.281778532949019,0,0,0,0,0,0.163780445520105,0,0,0,0.242925658456411,0.242925658456411,0,0.253727575173518,0.257921703526893,0.247303049482334,0.324268738228456,0.18816940591363,0.199247511441048,0.196536534624126,0.176396938262335,0.190999179828812,0.170205631756253,0,0,0,0,0,0,0,0,0,0,0,0,0,0,0,0.199247511441048,0.30727935312736,0.23162052730604,0.212283719777103
"16S_ASV_397","yellow",0,0.365148371670111,0,0,0,0,0.366617787553383,0.475190963311491,0.23417666339202,0.319609977369932,0,0.291455376617313,0,0,0.514311315287014,0,0,0,0,0,0,0,0,0,0,0,0,0,0,0,0,0,0,0,0,0,0,0,0,0,0,0,0,0,0
"16S_ASV_398","purple",0,0.218217890235992,0.139572631559771,0,0,0.306848242875602,0,0,0.301511344577764,0,0,0,0,0,0,0,0,0,0,0.237227857295589,0,0,0,0,0.239498032057275,0,0,0,0,0.414822759835959,0,0,0,0,0,0,0,0,0,0.437673898648802,0,0,0,0.164487923739942,0.493463771219827
"16S_ASV_399","blue",0,0,0,0,0,0,0,0,0,0,0,0,0,0,0,0,0,0,0,0,0.22829205821414,0.158028021539688,0,0.534377371161981,0.351821690105463,0.192136397443546,0.281534495391858,0.326199448723398,0.517867505766459,0.151001003081424,0,0,0,0,0,0,0,0,0,0,0,0,0,0,0
"16S_ASV_4","magenta",0.120485675534998,0,0,0,0.200579831409207,0.157752779513434,0.146152082969363,0.0976709277128155,0.441989394258595,0.279241729674973,0,0.18498153079644,0.128804605104564,0.289810361485269,0,0.0910786097174926,0,0,0.103845592552081,0.111548060144975,0.127997044760576,0.102842229963138,0,0.270182819037458,0.191048103501484,0.258813936391911,0,0.157094101148045,0.2330971924324,0.23265192518259,0,0,0,0,0,0,0,0,0.127997044760576,0.100805548490088,0.120485675534998,0.0814631850497946,0.166701226888224,0.105823781589472,0.162926370099589
"16S_ASV_40","yellow",0.18944260804307,0.32652750122958,0.116571223611216,0,0.266608588332826,0.156173761888606,0.405106773897746,0.225546181832841,0.345201047313304,0.216078447491607,0.246225867244586,0.298077463448728,0.27050089040023,0,0.181936926697598,0,0.21035891015153,0,0,0,0,0,0,0,0,0,0,0,0,0,0,0,0,0,0.153926540242223,0.209529088730873,0,0,0,0,0,0,0,0,0
"16S_ASV_400","brown",0.195047374401373,0.334599046231651,0.42349477692996,0.49011977240706,0,0,0.168109695036358,0.223606797749979,0,0,0,0,0,0,0.257496306431931,0,0,0,0,0,0,0,0,0,0,0,0,0,0,0,0.265804766535597,0,0,0.312771621085612,0,0,0,0,0.205891486826984,0,0,0.186500961648063,0,0,0.20054274183911
"16S_ASV_401","purple",0,0,0,0.236606079555337,0.22713797022781,0.206906014394303,0.132525912384514,0,0,0.128317662901542,0,0,0.219769363189474,0.193188054983647,0,0.209541866063491,0,0,0,0,0,0,0,0,0,0,0,0,0,0,0.123966639753119,0.307248688055369,0,0.247933279506237,0,0.222252711653966,0,0,0,0.50897542419736,0,0.181468579167379,0,0.214716518495989,0.356836939703239
"16S_ASV_402","grey",0,0,0.343848868253038,0.230301267979899,0,0,0,0,0.217976632129905,0,0,0,0,0,0.407118970761117,0.325695176608894,0,0,0.210235332491055,0,0,0,0,0,0,0,0,0,0,0,0,0,0,0,0,0,0,0.374608451202996,0,0,0,0,0.420470664982109,0.20219786818993,0.327387110989405
"16S_ASV_403","turquoise",0,0,0.172725950984924,0,0,0,0,0,0,0.282060296833361,0,0,0.342238326058325,0.29168968601611,0.190955723658104,0,0.230301267979899,0.215427110130098,0.232687873360087,0.263843248290549,0,0.179008935237959,0.193827399439503,0.310052570840951,0.172725950984924,0,0,0,0,0.270052174210059,0,0,0,0,0,0,0,0,0,0,0,0,0.287876584974874,0,0.278115203285154
"16S_ASV_404","purple",0,0,0,0,0.255612525147305,0.251242758279796,0.237651857378844,0.324353006224288,0,0,0,0,0,0.105234011235478,0,0,0,0,0,0,0,0,0,0,0,0,0,0,0,0,0,0.220740724224413,0.529317661857161,0.225701809375247,0,0,0.284326641349652,0,0,0.282372483201007,0,0,0,0.276427133496136,0.286267460067058
"16S_ASV_406","blue",0,0,0,0,0,0,0,0,0,0,0,0,0,0,0,0,0,0,0,0,0,0.176285511531795,0,0.52358365579637,0.375439069631211,0.191379129330171,0.31429147983238,0.394186387233417,0.495260556543649,0.133259320930554,0,0,0,0,0,0,0,0,0,0,0,0,0,0,0
"16S_ASV_408","brown",0.208282344520442,0.335182118079577,0.384632497266262,0.447462254732683,0,0,0.152837456462369,0.208282344520442,0,0,0,0,0,0,0.258342453222111,0,0,0,0,0,0,0,0,0,0,0,0.247344067799123,0,0,0,0.268891350545569,0.233463071087775,0,0.28883564343935,0,0,0,0,0,0,0,0.156434123995268,0.258342453222111,0,0
"16S_ASV_409","purple",0,0,0,0.216385633707315,0,0.163572164021906,0,0.100167084494127,0,0.166945140823544,0,0.328843790534383,0,0.191805363999193,0,0,0,0,0,0,0,0,0,0,0,0,0,0,0,0,0.163572164021906,0.33053451525492,0,0,0,0.228903644540307,0.307831629550338,0,0,0.537345554798757,0,0.160128153805087,0,0,0.382154894556733
"16S_ASV_41","turquoise",0.191506701255901,0.0856444004309877,0.148340452930245,0,0,0,0.186891403725767,0.2364010043518,0,0.125370564942351,0,0,0.173315957824042,0.1182005021759,0.192416476929037,0.142332252621185,0.203016029436528,0.197787270573659,0.180231542776303,0.252822004816541,0.11966888769643,0.139856720255013,0.191506701255901,0.139856720255013,0.16820226335319,0.134769307815339,0,0.233427288437056,0,0.11966888769643,0.17730075326385,0,0.239337775392861,0.203874451994454,0,0.259637835836986,0,0,0.139856720255013,0.132152178919962,0,0.126755917107764,0.175319677082172,0.17730075326385,0.176312997649246
"16S_ASV_410","turquoise",0.14173667737846,0.191912368394685,0.200445931434318,0,0.279508497187474,0,0,0.226581741793741,0,0,0,0,0,0,0.240906027914858,0,0.133630620956212,0,0.260922128503615,0.295048422176041,0.265165042944955,0,0.231455024943138,0.200445931434318,0.21650635094611,0,0,0,0,0,0,0,0,0.205938617761978,0.200445931434318,0,0,0.188982236504614,0.205938617761978,0.265165042944955,0,0.213913366976981,0,0.233853586673371,0
"16S_ASV_411","pink",0,0,0,0,0,0,0,0,0,0,0.243211401283504,0,0.39669392663434,0,0.431722050133449,0,0,0,0,0.38959686123699,0.304358224090345,0.258774584753383,0.277504826212858,0,0,0.133630620956212,0.167038276195265,0.18298126367785,0.205938617761978,0.295048422176041,0,0,0,0,0,0,0,0,0,0,0,0,0,0,0
"16S_ASV_412","grey",0,0,0,0,0.284108234286227,0,0,0.211761774943813,0,0,0,0.380287830571421,0,0,0,0,0,0,0,0,0,0,0,0,0.375839866673515,0,0,0,0,0,0,0,0,0,0.206399847046907,0,0,0,0.200894859054728,0.14973818705887,0,0.549153445519972,0.426162351429341,0,0
"16S_ASV_413","purple",0,0,0,0,0.28704141952635,0,0.459413700363043,0,0,0,0,0,0,0,0.289000769367937,0,0,0,0,0,0,0,0,0,0,0,0,0,0,0,0,0,0,0,0,0,0,0,0,0.349136309381045,0,0,0.435449483662193,0.411461086536302,0.377110314916276
"16S_ASV_415","black",0,0,0,0,0,0,0,0,0,0,0,0,0,0,0,0,0,0,0,0,0,0,0,0.194201662491045,0.284855853271189,0,0,0,0,0,0,0,0,0,0.151185789203691,0.261861468283191,0.641426980589819,0.566694677178864,0,0,0,0.239045721866879,0,0,0
"16S_ASV_416","blue",0,0,0,0,0,0,0,0,0,0,0,0,0,0,0,0,0,0,0,0,0.22180866680135,0.185269918744954,0,0.508508835417774,0.372080550320456,0.178987746151269,0.346608280009533,0.34162085049363,0.473557064044217,0.162221421130763,0,0,0,0,0,0,0,0,0,0,0,0,0,0,0
"16S_ASV_417","green",0,0,0,0,0,0.285837553550199,0,0,0,0,0,0,0.225017580185205,0,0,0,0.277669074754101,0,0.162687441686178,0.227560232419015,0.2325621537374,0.354163141073181,0.332372993298701,0.242256366883808,0.309050291787364,0.258347407958894,0,0.185802151725244,0.211847047327665,0.349255331435683,0,0,0,0,0,0,0,0,0,0,0,0,0,0,0
"16S_ASV_418","brown",0.28021766531361,0,0.359625157687238,0.324161736497039,0.25655381780802,0,0,0.252012683430219,0,0.31513038468759,0,0,0.254293387685927,0.28021766531361,0.227954049095087,0,0,0,0,0,0,0,0,0,0,0,0,0,0,0,0.273966670820657,0,0,0,0,0,0,0,0.230472954834034,0.179812578843619,0,0,0.32057972890781,0,0
"16S_ASV_419","yellow",0.498256822119741,0.198603009676178,0,0.270343941799607,0.261620862390695,0.310302599112933,0.345672618476982,0.280867069812166,0.240841525429544,0.259394261367954,0.28699580019078,0,0.261620862390695,0,0,0,0,0,0,0,0,0,0,0,0,0,0,0,0,0,0,0,0,0,0,0,0,0,0,0,0,0,0,0,0
"16S_ASV_42","yellow",0,0,0,0,0,0.14362928193572,0.312333871926257,0,0.344283994009987,0.489755183597009,0.6076436202502,0.373978796003383,0,0,0.119731634648761,0,0,0,0,0,0,0,0,0,0,0,0,0,0,0,0,0,0,0,0,0,0,0,0,0,0,0,0,0,0
"16S_ASV_421","turquoise",0,0,0,0,0,0,0,0,0,0,0,0,0,0,0,0,0.293336856920345,0.420409545617736,0.384284293986433,0.212952664245607,0.270658112668895,0.195887960383623,0.289345693302247,0.32529056778267,0,0,0.270658112668895,0.41202844787765,0,0,0,0,0,0,0,0,0,0,0,0,0,0,0,0,0
"16S_ASV_422","turquoise",0.123019821982876,0.16363165995521,0.189969668555,0,0.301335792106067,0,0.21307658201242,0,0,0,0,0,0,0,0.266482280063596,0,0.207541179273646,0,0.218471779664778,0.291517645837592,0.152587309688577,0,0.24126172032669,0.198949511265034,0.218471779664778,0,0,0,0,0,0,0,0.236387243706581,0.123019821982876,0.148723712716224,0,0.23141011274228,0.207541179273646,0.152587309688577,0.156355464988908,0,0.160034920519859,0.215791042807609,0.246039643965752,0
"16S_ASV_424","grey",0,0,0.184601072089753,0,0.45087719699327,0,0,0,0.300801905136853,0,0,0,0,0,0,0,0.462456527635838,0,0.199882456645739,0,0,0,0,0,0,0,0,0,0,0,0.390847101958404,0,0,0,0.478687983621821,0,0,0,0,0,0,0,0,0.190860504243036,0
"16S_ASV_425","purple",0,0,0,0.249558952905567,0,0.145435849669116,0,0,0,0.21407577427814,0,0,0.28474739872575,0.219496271941017,0,0,0,0,0,0,0,0,0,0,0,0,0,0,0,0,0,0.349584275515113,0.26773191073946,0,0,0.208514414057075,0.290871699338232,0,0,0.499117905811135,0,0.160785381472997,0,0,0.380178695073796
"16S_ASV_427","brown",0.368910117177902,0.31902217466658,0.277350098112615,0,0.350823207722812,0,0,0,0,0,0,0,0.362437507365838,0.273049836143059,0.335299918733898,0,0,0,0,0,0,0,0,0,0,0,0,0,0,0,0.381526054388838,0,0,0,0,0,0,0,0,0.313408442884052,0,0,0,0,0
"16S_ASV_428","turquoise",0,0,0,0,0,0,0,0,0,0,0,0,0,0,0,0.347639296640527,0.456651733476622,0.583135827543574,0.243396191755618,0,0,0,0.380197005555245,0,0,0,0,0,0.356057932343648,0,0,0,0,0,0,0,0,0,0,0,0,0,0,0,0
"16S_ASV_429","brown",0.194948071531432,0.337659964730012,0.451968510453776,0.481239492281251,0,0,0,0.253244973547509,0,0,0,0,0.209625840187009,0,0.264709763528593,0,0,0,0,0,0,0,0,0,0,0,0,0,0,0,0.260184476852962,0,0,0.334124160858443,0,0,0,0,0.16527526883751,0,0,0.16527526883751,0,0,0
"16S_ASV_43","yellow",0,0,0,0,0,0.150861206549121,0.331578011320166,0,0.33785449273808,0.489025212298206,0.593793765893989,0.3875694570443,0,0,0.105851224804993,0,0,0,0,0,0,0,0,0,0,0,0,0,0,0,0,0,0,0,0,0,0,0,0,0,0,0,0,0,0
"16S_ASV_430","purple",0,0,0,0.223873472618449,0,0.210125544925103,0.172722133963367,0,0.372054862893077,0.198442623799259,0,0,0.176142706301719,0.154487373104365,0,0,0,0,0,0,0,0,0,0,0,0,0,0,0,0,0,0.322208962866941,0,0,0,0.20726656075604,0,0,0,0.49580579768845,0,0.223873472618449,0,0.260804702946015,0.363948119778376
"16S_ASV_431","grey",0,0.3133745248331,0.239760359401048,0,0,0,0,0.29970044925131,0.315279554688836,0,0,0,0,0,0,0,0.263554696115079,0.320926801585732,0.289538141406864,0,0.216117067411038,0,0,0,0,0,0,0.291598937103276,0,0,0,0,0,0,0.3133745248331,0,0,0,0.192680431032822,0.362955268519563,0,0,0,0,0
"16S_ASV_432","turquoise",0,0,0,0,0,0.18977461833002,0.249849894912916,0.169739578796001,0.388922234131299,0,0,0,0,0,0,0,0.480096028809603,0,0.335924304055575,0,0,0,0,0,0.358401144741784,0,0,0,0,0,0,0,0,0,0,0,0,0,0,0.342997170285018,0,0,0,0.363390727906549,0
"16S_ASV_433","turquoise",0,0,0.162610908896998,0,0,0,0.173343811320384,0,0,0.240192230707631,0,0,0.270771689237091,0.162610908896998,0.20215188501566,0.268543077764787,0.21650635094611,0.227338277260325,0.205103163535592,0.294174202707276,0,0.166265542940294,0.155043418236511,0.162610908896998,0.186696998451419,0.219264504826757,0,0,0,0,0,0,0,0,0,0,0,0,0.162610908896998,0.221988391934908,0,0.298231969601362,0.221988391934908,0.21650635094611,0.155043418236511
"16S_ASV_434","green",0,0,0,0,0,0,0,0,0,0,0,0,0,0,0,0,0,0.456270656687488,0.457587457857454,0,0,0,0.403056911175344,0.444243837598547,0.316037439327302,0.350347944635714,0,0,0,0,0,0,0,0,0,0,0,0,0,0,0,0,0,0,0
"16S_ASV_435","green",0,0,0,0,0,0.338520159921237,0,0,0,0,0,0,0,0,0,0,0.23038228051417,0,0.257575220020554,0.23556005690722,0.23038228051417,0.325809745633582,0.333132227231568,0.211263074983842,0.292652278054387,0.250451943725343,0,0.205473943886823,0.240626444193808,0.383621244652343,0,0,0,0,0,0,0,0,0,0,0,0,0,0,0
"16S_ASV_436","pink",0,0,0,0,0,0,0,0,0,0,0,0.206221577444372,0.380253800260292,0.194080065150811,0.415378730403871,0,0,0,0,0.345074700913015,0.293717117029236,0.270007425306295,0.285323461217727,0,0,0,0.177740646858182,0,0.194080065150811,0.330690209381533,0,0,0,0,0,0,0,0,0,0,0,0,0,0,0.253768677972293
"16S_ASV_437","brown",0.275645410186462,0,0.144337567297406,0.144337567297406,0,0,0,0.273413426811458,0,0,0,0,0,0.210042012604201,0.152591984473268,0,0.315063018906302,0,0.254854822187372,0,0,0,0,0,0,0,0,0,0,0,0.191741247211843,0,0,0.229556264195453,0.188518475715975,0,0,0,0.37540827448129,0.210042012604201,0,0.171498585142509,0,0.351816016980355,0.335775368422426
"16S_ASV_438","pink",0.305371140978206,0,0.18535325252301,0,0,0,0,0,0,0.198150961847228,0.448583318754756,0,0.257405650116031,0,0.284572653450792,0,0,0,0,0,0,0,0,0,0,0,0,0,0,0.632455532033676,0,0,0,0,0,0,0,0,0,0.290968343101301,0,0,0,0,0
"16S_ASV_44","red",0,0,0,0,0,0,0,0,0,0,0,0,0,0,0,0,0,0,0,0.248990958416224,0.3389486164944,0.434098296470107,0.273781330924649,0.314283439844387,0.27056404727487,0.102507955353148,0.107511250582213,0,0.215835443576879,0.121289048454328,0,0,0,0,0,0,0,0,0,0,0.160995153901243,0,0.428003960896283,0.0972475851608394,0.292940882723081
"16S_ASV_440","brown",0.52469862013856,0.370185138865726,0.331476308670584,0,0,0,0,0.201843356939833,0,0,0,0,0,0,0.189215404065849,0,0,0,0.283278861866266,0,0,0,0,0,0,0,0,0,0,0,0,0,0,0.471404520791032,0.201843356939833,0,0,0,0.240883148763098,0,0,0,0,0,0
"16S_ASV_442","purple",0,0,0,0.250470072492812,0.234961755076881,0.184057162033591,0.203482848814356,0.141687269395163,0,0,0,0.341595635831419,0.166143050334355,0.180616537868403,0,0,0,0,0,0,0,0,0,0,0,0,0,0,0,0,0,0.300564086991375,0,0,0,0.247952721441535,0,0,0,0.49590544288307,0,0.20037605799425,0,0.232276389683749,0.343427260949626
"16S_ASV_443","blue",0,0,0,0,0,0,0,0,0,0,0,0,0,0,0,0,0,0,0,0,0.187434639381707,0.206542912988795,0,0.526583171862082,0.383145536163555,0.197220332301271,0.308800244439869,0.357742819239871,0.485679490123605,0,0,0,0,0,0,0,0,0,0,0,0,0,0,0,0
"16S_ASV_445","grey",0.277175389372057,0,0,0,0,0,0,0,0,0,0,0,0,0.438970630117544,0,0,0,0,0,0,0.34224035921567,0,0,0.368809098496094,0.240695884501835,0,0,0,0,0,0,0,0,0,0,0,0,0.434645690849809,0.43753373385599,0,0,0.197592563520721,0,0,0
"16S_ASV_447","greenyellow",0,0,0,0,0.219181329314568,0,0,0,0,0,0,0,0,0.364339625667945,0,0,0,0.188144173676719,0,0.279967489533972,0,0,0.291037639682151,0,0.367793159042116,0.446930817352493,0,0.197966910361245,0,0,0,0,0,0.207324781701221,0,0,0,0.339181732685607,0,0,0,0.297482058654365,0,0,0
"16S_ASV_448","grey",0,0,0,0,0,0,0,0,0,0,0,0,0,0,0,0,0.451153879523217,0,0,0,0,0,0,0,0,0,0,0,0,0,0.303789800241418,0.613790115545897,0.307923184799459,0.406955953284914,0,0,0,0,0,0.258850908183668,0,0,0,0,0
"16S_ASV_449","blue",0,0,0,0,0,0,0,0,0,0,0,0,0,0,0,0,0,0,0,0,0,0.137707434611964,0,0.553120100669696,0.360853041868206,0.204253133646214,0.301701873092561,0.367793159042116,0.478355801754364,0.219181329314568,0,0,0,0,0,0,0,0,0,0,0,0,0,0,0
"16S_ASV_45","turquoise",0.141545573526288,0.184648052627672,0.195736633069753,0.124361285574476,0.132569575856915,0.114040661203506,0,0.140298451652283,0.114040661203506,0.106055660685532,0,0,0.124361285574476,0.1557339897748,0.160184427977903,0,0.160184427977903,0.162363908133314,0.214582604607996,0.276813401140491,0.15115257250787,0.131237184494428,0.183693792737626,0.190273136391708,0.172849579556619,0.120046856698389,0,0,0.265139151713829,0,0,0.145222694271449,0.194836689759977,0.171829809125315,0.161277849735994,0,0,0.166637372938228,0.20708029737431,0.157974881765719,0,0.186541928361714,0.15115257250787,0.220241120461995,0.191194561327447
"16S_ASV_450","grey",0.259178775203223,0,0.233450993329304,0.357785046385373,0,0,0,0,0,0,0,0,0,0,0,0,0.268781223316668,0.407471413850342,0,0,0.181529901659344,0.368259015035106,0.335858621955278,0,0,0,0,0,0,0,0,0,0,0.480282975312636,0,0,0,0,0,0,0,0,0,0,0
"16S_ASV_451","turquoise",0.133545478787036,0.155575774643904,0.20811559747128,0.133545478787036,0.155575774643904,0,0,0.236750829806387,0.128687643362291,0,0,0,0,0.11286652959662,0,0,0.262278113683162,0.281035392290269,0.228537304095102,0.281035392290269,0.198722031641871,0.159617376893524,0.171170567146706,0.178457652562062,0.217103104449898,0.128687643362291,0,0,0,0,0,0,0.147159950242632,0.198722031641871,0.167408117207638,0,0,0.20811559747128,0.178457652562062,0.181991810552784,0,0.211153942092367,0.159617376893524,0.22573305919324,0
"16S_ASV_453","brown",0.272165526975909,0,0.195740073171568,0,0,0,0,0.267431852361918,0,0,0,0,0.456260551584631,0.245001107720278,0.24238069967716,0,0,0,0.182224091196845,0,0,0,0,0,0,0,0,0,0,0,0.217380198505813,0,0,0.265033311962012,0,0,0,0,0.386555671742534,0.333333333333333,0,0.142948337978373,0,0,0.239731650742692
"16S_ASV_455","purple",0,0,0.295451179096956,0.260837005651671,0,0.152008377581442,0,0,0,0,0,0,0,0.192943552308459,0.250801027365007,0.332261863723064,0,0,0,0,0,0,0,0,0,0,0,0,0,0,0.223750273412961,0.308210287814606,0,0.272863388447065,0,0.243002189670901,0,0,0,0.417831064498038,0,0.164187813181833,0,0,0.361852316345595
"16S_ASV_456","brown",0.353098659356099,0.232345810884284,0.31663396755361,0,0.189709560179898,0,0,0.36737098359654,0,0,0,0,0,0,0,0,0,0,0.358517369691037,0,0,0,0,0,0,0,0,0,0,0,0.328586596913129,0.265883597470019,0,0,0,0,0,0,0.179258684845519,0.314597715130035,0,0,0.334402740422468,0,0
"16S_ASV_457","green",0,0,0,0,0,0.186651305051477,0,0,0,0,0,0,0,0,0,0.248868406735302,0.243628485012893,0,0.156576272251763,0.232795078098951,0.261509267090468,0.351953076051248,0.378451854866128,0.221432287764265,0.321287731561,0.259030450321093,0,0.218499280282272,0,0.403212903019348,0,0,0,0,0,0,0,0,0,0,0,0,0,0,0
"16S_ASV_458","purple",0,0,0,0.227331446490158,0,0.200129157262412,0,0.139211511597426,0,0.183280471589719,0,0.34663386845444,0,0.206484040339026,0,0,0,0,0,0,0,0,0,0,0,0,0,0,0,0,0.206484040339026,0.317451088828578,0,0,0,0.22447181760574,0.307107872706051,0,0,0.505780538858873,0,0.156677387065176,0,0,0.35218036253025
"16S_ASV_46","magenta",0,0,0,0,0.227669867145843,0.179129693542427,0.149044914236624,0.18777894154717,0.437166153099801,0.268201974289329,0,0.180111233457243,0.147857286431602,0.271468866644267,0,0.169001047392453,0,0,0,0,0.109492997502652,0,0,0.241936242169368,0.177150299155356,0.229981295615237,0,0.170041063654142,0.236034469525002,0.250528355643956,0,0,0,0,0,0,0,0,0.167954591216973,0.132779762932036,0.140520892744112,0,0.161533553348974,0.151392222645597,0.149044914236624
"16S_ASV_460","grey",0,0,0.50709255283711,0,0,0.354928198335982,0.341881729378914,0,0,0,0,0,0.483493778415228,0,0,0,0,0,0,0.272077147195376,0,0.341881729378914,0,0,0,0,0,0,0,0,0,0,0,0,0,0,0,0,0,0,0,0,0,0.274453411938484,0
"16S_ASV_461","grey",0,0,0,0,0,0.38671030948119,0,0,0,0,0,0,0.374756097535173,0,0.440179653594111,0.435725781985788,0.468791989883502,0,0,0,0,0,0,0,0,0,0,0,0,0,0,0,0.326545539851456,0,0,0,0,0,0,0,0,0,0,0,0
"16S_ASV_463","blue",0,0,0,0,0,0,0,0,0,0,0,0,0,0,0,0,0,0,0,0,0,0.187744618499325,0,0.52979132795369,0.354014647659077,0.187744618499325,0.279873152916169,0.410374598025951,0.508414830317413,0.135191576668403,0,0,0,0,0,0,0,0,0,0,0,0,0,0,0
"16S_ASV_464","grey",0,0,0,0,0,0,0,0.54232614454664,0,0,0,0,0,0,0,0,0,0,0,0,0,0,0,0,0,0,0,0,0,0,0.300326619585032,0.57508169354307,0.277712410609494,0.392744657523272,0,0,0,0,0,0.231505445382674,0,0,0,0,0
"16S_ASV_465","turquoise",0,0,0.144714921058484,0,0,0.260888534100544,0,0,0.27789410013538,0,0,0,0,0.153493353028995,0.198159066678278,0,0.210956435789589,0.180893651323105,0.217072381587726,0.220066624847403,0,0.130444267050272,0.214036254696739,0.161796200422643,0.153493353028995,0.210956435789589,0,0,0,0.361787302646211,0,0,0,0,0,0,0,0,0.27789410013538,0.300523104146178,0,0,0,0.177238857380217,0.333551412083082
"16S_ASV_467","blue",0,0,0,0,0,0,0,0,0,0,0,0,0,0,0,0,0,0,0,0,0,0,0,0.54424187052303,0.34153304827914,0.217214584276799,0.319731210835251,0.386536185634305,0.495060794286236,0.207967131186631,0,0,0,0,0,0,0,0,0,0,0,0,0,0,0
"16S_ASV_468","pink",0,0,0,0,0,0,0,0,0,0,0,0,0.413313268697572,0,0.390424143498509,0,0,0,0,0.433486613276141,0.316019926516228,0.309719893799188,0.318092210533522,0,0,0.170027438459715,0.208240233249385,0.162114801716595,0,0.305447690646728,0,0,0,0,0,0,0,0,0,0,0,0,0,0,0
"16S_ASV_469","brown",0.264077341143202,0,0.294689845877251,0,0,0,0,0.276253125726541,0,0,0,0,0,0,0,0,0,0,0,0,0,0,0,0,0,0,0,0,0,0,0.166227491551092,0,0,0.220644987539522,0,0,0,0,0.382168328853854,0.34792618696923,0,0.309923589903943,0,0.455954753064496,0.346030117338452
"16S_ASV_47","black",0,0.143235639880627,0.0995213162833208,0,0.148092457664052,0,0,0.250220984751006,0,0,0,0,0,0,0,0,0.15046208744884,0,0.149281974424981,0,0,0,0,0,0,0,0,0,0,0,0,0.117454429369106,0.504665183358186,0,0.31639551128512,0.591174330283969,0.297970971206326,0.182348007657639,0,0,0,0,0,0,0
"16S_ASV_470","purple",0,0,0.405553552826906,0.211510855762212,0,0.205195670417031,0,0,0,0,0,0,0,0,0,0,0,0,0,0,0,0,0,0,0,0,0,0,0,0,0,0,0,0,0.447213595499958,0.382168328853854,0,0,0,0.359092423229804,0,0.184960877797953,0,0.266556994991592,0.410391340834062
"16S_ASV_471","purple",0,0,0,0.220644987539522,0,0.191942973987479,0,0.114707866935281,0,0.153896752812773,0,0,0.166227491551092,0.173963093484615,0.220644987539522,0,0,0,0,0,0,0,0,0,0,0,0,0,0,0,0,0.34027852368936,0,0,0.418330013267038,0.205195670417031,0,0,0,0.494708845792415,0,0.153896752812773,0,0.135724178507659,0.38899330260775
"16S_ASV_472","turquoise",0.31012768843769,0,0.248844496950835,0,0,0,0,0,0,0.251477845384773,0,0,0,0.149659252848293,0.188608384038579,0.299318505696586,0.235235984448482,0.232418685399417,0.198810693121886,0.324656502371783,0,0.235235984448482,0.202097042918144,0.274041628642892,0,0.238019939156576,0,0,0,0,0,0,0,0,0,0,0,0,0.174077655955698,0.17025130615175,0,0,0.192069377013354,0.17025130615175,0.153998100701804
"16S_ASV_473","brown",0.431295526448588,0,0,0,0.301710165136513,0.422019269527166,0,0.338785663205614,0,0,0,0,0,0,0,0,0,0,0,0,0,0,0,0,0,0,0,0,0,0,0,0,0,0,0,0,0,0,0.496690896801722,0.297305400756968,0,0,0,0.308199298162508,0
"16S_ASV_474","blue",0,0,0,0,0,0,0,0,0,0,0,0,0,0,0,0,0,0,0,0,0,0.170363572109319,0,0.557983553913549,0.35956584785626,0.198941791516035,0.301710165136513,0.354019512602667,0.523838078468744,0,0,0,0,0,0,0,0,0,0,0,0,0,0,0,0
"16S_ASV_475","blue",0,0,0,0,0,0,0,0,0,0,0,0,0,0,0,0,0,0,0,0,0,0.166666666666667,0,0.538221645497967,0.337278243823425,0.199204768222399,0.312863545149635,0.358199495123707,0.47280542884465,0.281718084909506,0,0,0,0,0,0,0,0,0,0,0,0,0,0,0
"16S_ASV_476","brown",0.3068622756766,0.236014655841292,0.196116135138184,0.25492496425523,0.209204632475806,0,0,0.277350098112615,0,0,0,0,0,0,0,0,0,0,0.178410310035016,0,0,0,0,0,0,0,0,0,0,0,0.199468790562554,0.182089260182307,0,0.215450918176823,0.209204632475806,0.286754453689695,0,0,0.360518341837223,0.236014655841292,0,0.196116135138184,0.298092966112291,0.189232710089031,0
"16S_ASV_479","grey",0.25854384499751,0,0,0,0.290214746231961,0,0.32498457388318,0.276049286461946,0,0,0,0,0,0,0,0,0,0.405510175795623,0.186438618018827,0,0,0,0,0,0,0,0,0,0,0,0.219381727238139,0,0.443310347466787,0.206835075998008,0,0,0,0,0.352606793471338,0.236959348033203,0,0,0,0,0
"16S_ASV_48","turquoise",0.131958081690297,0.170704464542205,0.166488888838294,0.143566115662622,0.129237004257169,0.156589450039073,0.193166852321564,0.113106927163112,0.10325202569555,0.0884197522851766,0,0,0.122169444356305,0.137238476497717,0.104958786374664,0.239194335945186,0.146020415081142,0.113106927163112,0.198609236939947,0.259160527674408,0.135937608498923,0.196811831310651,0.169660390744668,0.194997858680131,0.189451758312742,0.149626400416145,0,0.156589450039073,0,0,0.129237004257169,0.135937608498923,0.168609851908557,0.167552726428482,0.14106912317172,0.25150577092264,0,0.158842651443355,0.163255787112085,0.143566115662622,0,0.167552726428482,0.165418209637277,0.185662340337933,0.092351419307922
"16S_ASV_480","brown",0.225393298563718,0.305913202886921,0.413670151996015,0.465378920995517,0,0,0.193476497487974,0.193476497487974,0,0,0,0,0.150755672288882,0.210042012604201,0.196901126141868,0,0,0,0,0,0,0,0,0,0,0,0,0,0,0,0.210042012604201,0,0,0.290214746231961,0,0,0,0,0.186438618018827,0,0,0.171498585142509,0.308090548534447,0,0
"16S_ASV_484","grey",0,0,0.324005882006326,0,0,0.121675162716442,0.279395617665934,0,0.274536192751615,0,0,0,0.190628344023357,0.190628344023357,0.168118397041956,0,0,0,0,0,0.363177245953633,0,0,0,0.272073935007313,0.179726126327037,0,0.377710037118387,0,0,0,0,0,0,0,0,0,0,0.381256688046715,0,0,0.194126403575804,0,0.248819554956333,0
"16S_ASV_487","green",0,0,0,0,0,0,0,0,0,0,0,0,0,0,0,0,0,0,0,0.369690650769771,0.252189331114563,0.183927973194427,0.435253025504816,0.324881575176308,0.460922179712601,0.345079465657409,0,0.373333011147486,0,0,0,0,0,0,0,0,0,0,0,0,0,0,0,0,0
"16S_ASV_488","blue",0,0,0,0,0,0,0,0,0,0,0,0,0,0,0,0,0,0,0,0,0,0.156279678321187,0,0.541368686085632,0.331519260907691,0.221012840605127,0.316870723846392,0.40013566220502,0.49419973549339,0.137825721270344,0,0,0,0,0,0,0,0,0,0,0,0,0,0,0
"16S_ASV_49","magenta",0,0,0,0,0.219115187571695,0.15723333536015,0.128380480729425,0,0.482959347439421,0.288933595685708,0,0.193035307344959,0.15142935368682,0.300483308287925,0,0,0,0,0,0,0.135177736416865,0.113572015265115,0,0.270355472833731,0.173484118927023,0.270355472833731,0,0.172448383587065,0.251829564790585,0.2595368363097,0,0,0,0,0,0,0,0,0,0.115138599824183,0,0.0757146768434098,0.179573123346587,0,0.156089805017443
"16S_ASV_490","purple",0,0,0,0.224366075988376,0,0.224366075988376,0.265985524643218,0,0,0.184427778390829,0,0,0,0.205370082408075,0,0,0,0,0,0,0,0,0,0,0,0,0,0,0,0,0.31943828249997,0.304166084241358,0,0,0,0.241874763794291,0,0,0,0.538326962326193,0,0.263415555922654,0,0,0.374347504895877
"16S_ASV_491","yellow",0,0.424071352795235,0,0,0.348214597618409,0.383586971334607,0.560993668821463,0.344279843084406,0,0,0,0,0,0,0,0,0,0,0,0,0.344279843084406,0,0,0,0,0,0,0,0,0,0,0,0,0,0,0,0,0,0,0,0,0,0,0,0
"16S_ASV_492","red",0,0,0,0,0,0,0,0,0,0,0,0,0,0,0,0,0,0.416245808372555,0,0,0.330364220849447,0.392633394230121,0.315579978857871,0.429155711635611,0.441688438462242,0,0,0,0,0,0,0,0,0,0.290833116707045,0,0,0,0,0,0,0,0,0,0
"16S_ASV_494","brown",0.327551879612511,0,0.185439735388071,0,0,0,0,0.303577930414808,0,0,0,0,0,0,0,0,0.213054035418842,0,0.234564773010093,0,0,0,0,0,0,0,0,0,0,0,0.231614155264406,0.353796466174132,0,0.254262155002076,0.353796466174132,0,0,0,0.452716088676286,0.222527682465685,0,0.206496950029266,0,0,0
"16S_ASV_497","brown",0,0.386226967880587,0.373500685984563,0,0.475940476337719,0,0,0,0,0,0,0,0,0,0,0,0,0,0,0,0,0,0,0,0,0,0,0,0,0,0,0,0,0,0,0,0,0,0.24652277919694,0.418824980917906,0.433411241048733,0,0,0.24652277919694,0
"16S_ASV_499","blue",0,0,0,0,0,0,0,0,0,0,0,0,0,0,0,0,0,0,0,0,0,0.200276434133316,0,0.511283471649283,0.364390014939422,0.220021374543198,0.313371881917013,0.362487182012134,0.528574899725328,0.0910975037348554,0,0,0,0,0,0,0,0,0,0,0,0,0,0,0
"16S_ASV_5","red",0,0,0,0,0,0,0,0,0,0,0,0,0,0,0,0,0,0,0,0.247227856655536,0.34111890712869,0.42968020522822,0.271134593244489,0.31652651692524,0.276504116352738,0.0972203468478169,0.109417890366243,0,0.230065331396921,0.11503266569846,0,0,0,0,0,0,0,0,0,0,0.155417468040052,0,0.432603233524617,0.0982946374365981,0.281398374477501
"16S_ASV_50","magenta",0.176169597758255,0,0,0.163417136775321,0.223162532021627,0.160070356238214,0.130235885151929,0,0.446325064043255,0.287474599948067,0,0.206358679796938,0.145917621841118,0.277249989790237,0,0,0,0,0,0.147149016008623,0.128842947935725,0.0968653408707122,0,0.267983635991357,0.208965419084476,0.245493485872677,0,0.179215983717749,0.242535625036333,0.236508953368487,0,0,0,0,0,0,0,0,0,0.0949842814020343,0,0,0.174109063742323,0,0.132977993962848
"16S_ASV_501","brown",0,0.35845727794499,0.426103562306226,0.527193475769432,0,0,0.314900001862789,0.245062983581339,0,0,0,0,0,0,0.236359729623533,0,0,0,0,0,0,0,0,0,0,0,0,0,0,0,0.245062983581339,0,0,0.277156350203456,0,0,0,0,0,0,0,0.245062983581339,0,0,0
"16S_ASV_503","blue",0,0,0,0,0,0,0,0,0,0,0,0,0,0,0,0,0,0,0,0,0,0.14484136487558,0,0.54323557974869,0.332399624683167,0.211554354139178,0.328165061656947,0.358707859784712,0.512773890654607,0.171378614099395,0,0,0,0,0,0,0,0,0,0,0,0,0,0,0
"16S_ASV_504","brown",0.149696237713024,0.313112145542575,0.401328326648279,0.479261803976386,0,0,0.179479483936359,0.218217890235992,0,0,0,0,0.256566425185005,0,0.239630901988193,0,0,0,0,0,0,0,0,0,0,0,0,0,0,0,0.230697395987484,0,0,0.30403449605253,0,0,0,0,0,0,0,0.134934365204589,0,0,0.349068387992666
"16S_ASV_505","brown",0.372625723580341,0,0,0,0.254000254000381,0.502448423176264,0,0.280252340711105,0,0,0,0,0,0,0,0,0,0,0,0,0,0,0,0,0,0,0,0,0,0,0,0,0,0,0,0,0,0,0.549129107768471,0.267448596468846,0,0,0,0.304247629269068,0
"16S_ASV_506","purple",0,0,0,0.295090921048739,0,0.187382922248965,0,0,0,0.198307444884526,0,0,0.175780762327663,0.267636345594439,0,0,0,0,0,0,0,0,0,0,0,0,0,0,0,0,0,0.359462770180818,0,0.20181758367063,0,0.248591538088063,0,0,0,0.570826327904743,0,0,0,0,0.422339657760024
"16S_ASV_507","grey",0,0.215437930991051,0.304675243857143,0.26518576139191,0,0,0,0,0,0,0,0,0.41082401500888,0,0,0,0,0,0.587013706331066,0,0,0,0,0.526378706728652,0,0,0,0,0,0,0,0,0,0,0,0,0,0,0,0,0,0,0,0,0
"16S_ASV_508","yellow",0,0.441804196071286,0,0,0,0.370404419829377,0.42047995745954,0,0.202529967049425,0,0.358765761029573,0.566634771823369,0,0,0,0,0,0,0,0,0,0,0,0,0,0,0,0,0,0,0,0,0,0,0,0,0,0,0,0,0,0,0,0,0
"16S_ASV_509","grey",0.176776695296637,0,0,0,0,0.589924879655337,0,0,0,0,0,0,0,0.349512647709766,0,0,0,0,0,0,0,0,0.373101253622318,0,0,0,0,0,0,0,0,0,0,0,0.519505884121021,0,0,0,0,0,0,0,0,0.29914651320655,0
"16S_ASV_51","magenta",0.0687426675644389,0,0,0.11439471356112,0.205344795197191,0.170529570526187,0.11439471356112,0.0831058326813672,0.452385735305409,0.264183274673531,0.183863777747877,0.177833809175681,0.156060180955844,0.265555664556089,0,0,0,0,0.099068728002574,0.0571973567805599,0.145200697165297,0.099068728002574,0.122080593839566,0.276946532823384,0.185830291202261,0.260720696753709,0,0.162898143518456,0.238893608760882,0.218217890235992,0,0,0,0,0,0,0,0,0.0786102478374623,0.0914362955661246,0.0426323926315468,0.104427608461279,0.164010089147154,0.107852370254614,0.145200697165297
"16S_ASV_510","pink",0.282238562167531,0.195976600339204,0.282238562167531,0,0,0,0.28474739872575,0,0,0,0,0,0.313290252579471,0.135985941872361,0.206577475056137,0,0.229415733870562,0.229415733870562,0.192313163287973,0.261302133785605,0.32224320440942,0,0.241498404495994,0,0,0,0.308716426754291,0,0,0,0,0,0,0,0,0,0,0,0,0,0,0,0.241498404495994,0.188578571601179,0
"16S_ASV_515","pink",0,0,0,0,0,0,0,0,0,0,0.239559615090293,0,0.384416679716411,0,0.399066342204691,0,0,0,0,0.361330237995004,0.330210141343657,0.254091342493178,0.280908548509187,0,0,0.203977662152261,0.196818307578313,0.177662165500185,0.200429953917938,0.316907582851636,0,0,0,0,0,0,0,0,0,0,0,0,0,0,0
"16S_ASV_516","brown",0.326070297758719,0,0.196959649289584,0.211045563528489,0,0,0,0.265334315252616,0,0,0,0,0,0,0.211045563528489,0,0,0,0.293610109757352,0,0,0,0,0,0,0,0,0,0,0,0.193277835871267,0.300860833907158,0,0.217747085177846,0.17778975055469,0,0,0,0.432182379552201,0.416953923968397,0,0.204124145231932,0,0,0
"16S_ASV_517","grey",0,0,0,0,0,0,0,0,0,0.443984574234594,0,0,0.50465459374983,0,0,0,0,0,0,0,0,0,0,0,0,0,0,0,0,0,0,0,0,0,0,0,0,0.27874332588713,0.326304796385044,0.185828883924753,0,0.233829551153839,0.341389458814897,0.31048812811095,0.248737821002602
"16S_ASV_518","turquoise",0,0,0.182178575000007,0,0,0.260424783423291,0,0,0.249096491442698,0,0,0,0,0.156623831299788,0.174077655955698,0,0.186096842079694,0.186096842079694,0.193695734382659,0.268607654675127,0,0.156623831299788,0.197385508487931,0.165580878778401,0.125988157669742,0.23106504147329,0,0,0,0.372193684159388,0,0,0,0,0,0,0,0,0.284267621807481,0.303894870559035,0,0,0,0.186096842079694,0.310935840136027
"16S_ASV_519","black",0,0,0,0,0,0,0,0,0,0,0,0,0,0,0,0,0,0,0,0,0,0,0,0.212423459971901,0.341245257923554,0,0,0,0,0,0,0,0,0,0.126537128277062,0.255933943442666,0.649711614449449,0.542247197585811,0,0,0,0.201883417148015,0,0,0
"16S_ASV_52","red",0,0,0,0,0,0,0,0,0,0,0,0,0,0,0,0,0,0,0,0.248949671124888,0.358227092294349,0.4282240836762,0.2812658226602,0.317780307340054,0.267309954432999,0,0.130898908488684,0,0.245261323948875,0.114561409042714,0,0,0,0,0,0,0,0,0,0,0.147898143113495,0,0.412615498252876,0.129498879909913,0.274708608421085
"16S_ASV_520","grey",0,0,0,0,0,0.179211574183053,0,0,0.529426076806687,0,0,0,0.440636566732274,0,0,0,0,0,0,0,0,0,0,0,0,0,0,0,0,0,0,0.385882248217058,0,0.256307297315028,0,0,0.315071536309932,0,0,0,0,0.423747618041235,0,0,0
"16S_ASV_524","turquoise",0,0,0,0,0,0,0,0,0,0,0,0,0,0,0,0.514117866463266,0.421520915881641,0.375458603571146,0.392664006532852,0.213357193966661,0,0,0,0,0,0,0,0,0,0,0,0,0,0,0,0,0,0,0,0,0,0,0,0.466183933247606,0
"16S_ASV_526","blue",0,0,0,0,0,0,0,0,0,0,0,0,0,0,0,0,0,0,0,0,0.162817606238777,0.188005577581537,0,0.524790441379957,0.34962635220491,0.257437239445488,0.309401055678203,0.362042967693827,0.497416003373807,0,0,0,0,0,0,0,0,0,0,0,0,0,0,0,0
"16S_ASV_528","greenyellow",0,0,0,0,0.326840826421706,0,0.176514220474367,0.353028440948735,0,0,0,0,0,0.407642130826692,0,0,0.258390360956083,0.264069948470968,0,0,0,0,0.234299258285711,0,0,0.176514220474367,0,0.266864417280915,0,0,0,0.315288008319237,0,0.285661292245275,0,0,0,0,0,0,0.310546565170935,0,0,0,0
"16S_ASV_53","magenta",0,0,0,0.0997417446343161,0.218860181221019,0.162877586939371,0.135731322449476,0,0.468617182116802,0.289842790208949,0,0.172757769342196,0.153562461637508,0.277503344333782,0,0,0,0,0,0,0.135731322449476,0.103369895513406,0,0.288568749798646,0.204949802434778,0.266669737147638,0,0.169528367403389,0.252474854100041,0.243561150223727,0,0,0,0,0,0,0,0,0,0.103369895513406,0,0.105137030281106,0.184114923579665,0,0.17382090411101
"16S_ASV_530","grey",0,0,0,0.351442605217274,0,0,0.454802416545073,0.41726148019814,0,0.374006620771548,0,0,0,0.397162555181245,0,0,0,0,0,0,0,0,0,0,0,0,0,0,0,0,0,0,0,0,0,0,0,0,0,0,0,0,0,0.444878260501305,0
"16S_ASV_531","turquoise",0,0,0.18527913592457,0,0,0,0,0,0,0.275897450124271,0,0,0.345547370232544,0.28389613404443,0.218543345883261,0,0.211603684757579,0.225269324713145,0.24433888871261,0.281255182373481,0,0.163907509412446,0.168398957702308,0.28910567194754,0.172773685116272,0,0,0,0,0.267659842047282,0,0,0,0,0,0,0,0,0,0,0,0,0.25037285628474,0,0.323229967577727
"16S_ASV_534","purple",0,0,0,0.197286988138151,0,0.270838131386948,0,0.128324065818783,0,0.273587827582291,0,0,0.2288999990844,0.235349148196645,0,0,0,0,0,0,0,0,0,0,0,0,0,0,0,0,0,0.386911616267068,0,0,0,0.222263801831946,0,0,0,0.493975683660546,0,0.27631016157431,0,0,0.411292689755977
"16S_ASV_535","turquoise",0,0,0,0,0,0,0,0,0,0,0,0,0,0,0,0.352493258100049,0.459432088900391,0.582941128486777,0.27631016157431,0,0,0,0.367056588174297,0,0,0,0,0,0.337301727078028,0,0,0,0,0,0,0,0,0,0,0,0,0,0,0,0
"16S_ASV_537","brown",0.465340040597689,0.307793505625546,0.310226693731793,0.355409326655455,0,0,0,0,0,0,0,0,0,0,0,0,0.265850882506196,0,0,0,0,0,0,0,0,0,0,0,0,0.490511471587973,0,0,0,0,0,0,0,0,0,0,0,0,0,0,0.39355713441013
"16S_ASV_538","turquoise",0,0,0,0,0,0,0,0,0,0,0,0,0,0,0,0.477594678296524,0.405774035610746,0.39444787217967,0.441434081532417,0.254862085802216,0,0,0,0,0,0,0,0,0,0,0,0,0,0,0,0,0,0,0,0,0,0,0,0.437998744635318,0
"16S_ASV_539","greenyellow",0,0,0,0,0.377105786993469,0.375094541788972,0.260918892922326,0,0,0,0,0,0,0.495058791722483,0,0,0.293654525476501,0.258003506526031,0,0,0,0,0.220026129654437,0,0,0.205815598326201,0,0.269475873866412,0,0,0,0,0,0.296219242516272,0,0,0,0,0,0,0,0,0,0,0
"16S_ASV_54","black",0,0,0.0959942251611162,0,0,0,0,0.3017335342502,0,0.194846996407043,0,0,0,0,0,0,0,0,0,0,0,0,0,0,0,0,0,0,0,0,0,0.135756335132347,0.509764586503204,0,0.31312368650738,0.595473774275251,0.299895546381407,0.202272383714181,0,0,0,0,0,0,0
"16S_ASV_540","green",0,0,0,0,0,0,0,0,0,0,0,0,0,0,0,0,0,0,0.258003506526031,0.239767916025517,0.280479382152067,0.381096435554222,0.33232323000083,0.26380206213731,0.311163936633766,0.260918892922326,0,0.269475873866412,0.129001753263015,0.466745904950648,0,0,0,0,0,0,0,0,0,0,0,0,0,0,0
"16S_ASV_541","green",0,0,0,0,0,0.202259958738973,0,0,0,0,0,0,0,0,0,0.0953462589245592,0.291287632501768,0,0.182574185835055,0.226969494679685,0.30401355631656,0.360975110365009,0.316227766016838,0.264001836540903,0.33257489473209,0.25524794837866,0,0.198479065379549,0,0.415604707296817,0,0,0,0,0,0,0,0,0,0,0,0,0,0,0
"16S_ASV_543","purple",0,0,0,0,0,0,0,0,0,0,0,0,0,0,0,0,0,0,0,0,0,0,0,0,0.437107737421819,0.370316151940865,0,0,0,0,0,0.541071242414766,0,0,0,0,0,0.285769310131881,0.394492125371305,0.376505708504147,0,0,0,0,0
"16S_ASV_544","green",0,0,0,0,0,0.166924465222397,0,0,0,0,0,0,0,0,0,0.280975743474508,0.211876475491908,0,0.147213540903638,0.23606684260939,0.257998968006192,0.38949041885226,0.302210637386981,0.211876475491908,0.349701332099016,0.245706159930645,0,0.204439882690915,0,0.438121517842122,0,0,0,0,0,0,0,0,0,0,0,0,0,0,0
"16S_ASV_547","brown",0,0.354107115898255,0.244051487450181,0,0.335935506573513,0,0,0,0,0,0,0,0.189868788219159,0,0.456578525385568,0,0,0,0,0,0,0,0,0,0,0,0,0,0,0,0,0,0,0,0.449660268832784,0,0.342862740661871,0,0,0.371390676354104,0,0,0,0,0
"16S_ASV_549","grey",0,0,0.294071398509586,0,0,0,0,0,0,0,0,0,0,0,0,0,0,0,0,0,0,0,0,0,0,0,0,0,0,0,0,0.27756805500135,0,0.322139076961583,0.439768378143648,0,0,0.241197223509996,0,0,0,0.408248290463863,0.452108964435865,0.331757280374917,0
"16S_ASV_55","yellow",0,0,0,0,0,0.126549980557657,0.328644867280126,0,0.371719042497065,0.485928625852315,0.592315784718604,0.347912101744158,0,0.102119074615727,0.139164840697663,0,0,0,0,0,0,0,0,0,0,0,0,0,0,0,0,0,0,0,0,0,0,0,0,0,0,0,0,0,0
"16S_ASV_550","blue",0,0,0,0,0,0,0,0,0,0,0,0,0,0,0,0,0,0,0,0,0,0.168231646227613,0,0.534942540851425,0.386485535540969,0.202189275543126,0.304577240773969,0.374081684820627,0.512424254258326,0,0,0,0,0,0,0,0,0,0,0,0,0,0,0,0
"16S_ASV_553","purple",0,0,0,0.25177657189522,0.287069459890636,0.148953028684744,0,0,0,0.154181032582613,0,0,0,0.232126529789278,0,0,0,0,0,0,0,0,0,0,0,0,0,0,0,0,0.23885622859741,0.35158684873421,0,0,0,0.264065496365655,0,0,0,0.531123260261801,0,0,0,0.22519581195983,0.413711123635
"16S_ASV_554","grey",0,0,0,0,0,0,0,0,0,0,0,0,0,0,0,0,0,0.391292790435615,0,0,0,0,0,0.380966620832059,0,0,0,0,0,0,0,0,0,0,0.683596829424597,0,0,0.203635224421512,0,0,0,0.187317162316339,0.246182981958665,0.225912997889962,0.215062766699433
"16S_ASV_555","turquoise",0,0,0.279776268442101,0,0,0,0,0.19167997823849,0.415360038594641,0,0,0,0,0,0,0.377057719668569,0.482935644843806,0,0.299093411845839,0.355243695323496,0,0,0.348433280268579,0,0,0,0,0,0,0,0,0,0,0,0,0,0,0,0,0,0,0,0,0,0
"16S_ASV_557","purple",0,0,0,0.373039644075238,0.379490375350705,0,0,0,0,0,0,0,0,0.489369186450525,0,0,0,0,0,0,0,0,0,0,0,0,0,0.303698879992564,0,0,0,0,0,0,0,0,0,0,0,0.188676192196096,0,0,0,0,0.591197566898576
"16S_ASV_558","green",0,0,0,0,0,0,0,0,0,0,0,0,0,0,0,0,0,0,0,0.42984298516583,0.238172403949831,0.170802282692872,0.329529894512825,0.31699562088913,0.422234543499787,0.375506141410003,0,0.448299506274287,0,0,0,0,0,0,0,0,0,0,0,0,0,0,0,0,0
"16S_ASV_559","purple",0,0.170940864689457,0.197385508487931,0,0,0.298807152333598,0,0,0.33468341311303,0,0,0,0,0,0,0,0,0,0,0.220683707376187,0,0,0,0,0.193229558654111,0,0,0,0,0,0,0,0,0,0,0,0,0,0,0.575472702366351,0,0,0,0.201455741006345,0.522232967867094
"16S_ASV_56","red",0,0,0,0,0,0,0,0,0,0,0,0,0,0,0,0,0,0,0,0.240011294914941,0.342189090261475,0.418869678096799,0.272344793867972,0.329292779969071,0.273035149332617,0.10267506354855,0.111466132951586,0,0.236056966781887,0,0,0,0,0,0,0,0,0,0,0,0.162343529857974,0,0.442048217399442,0.113142409463813,0.281855940303442
"16S_ASV_560","purple",0,0,0,0.267478439219228,0,0.30175637618633,0,0,0,0,0,0,0.184787287071959,0.22810637940488,0,0,0,0,0,0,0,0,0,0,0,0,0,0,0,0,0,0.371767914314591,0,0,0,0.276446675197301,0,0,0,0.581559439880242,0,0.156173761888606,0,0,0.417113581458814
"16S_ASV_562","black",0,0,0.181369062527503,0,0.399423927280541,0,0,0.455232734000163,0,0,0,0,0,0,0,0,0,0,0,0,0,0,0,0,0,0,0,0,0,0,0,0,0.4253481546117,0,0,0,0.511383572179178,0,0.397359707119513,0,0,0,0,0,0
"16S_ASV_563","grey",0,0,0,0,0,0.229415733870562,0.214598768819738,0.438673238899201,0,0,0,0,0,0.484971512999529,0,0,0,0,0,0,0,0,0,0,0,0,0,0,0,0,0,0,0,0,0,0,0,0,0.527219618674978,0,0,0,0,0,0.442406695485643
"16S_ASV_566","grey",0,0,0,0,0,0,0,0,0,0,0.551081913301267,0,0.311954221387707,0,0.405499112454445,0,0.265461482437129,0,0.397137407965265,0,0,0,0,0,0,0,0,0,0,0,0,0,0,0,0,0,0,0,0,0.454286076086616,0,0,0,0,0
"16S_ASV_567","turquoise",0,0,0,0,0,0,0,0,0,0,0,0,0,0,0,0,0.309513035796121,0.407905080407009,0.350270003897354,0.200838578101374,0.27193672027134,0.183339699405642,0.281054437144578,0.37573457465109,0,0,0.259281489420866,0.424065953329325,0,0,0,0,0,0,0,0,0,0,0,0,0,0,0,0,0
"16S_ASV_568","blue",0,0,0,0,0,0,0,0,0,0,0,0,0,0,0,0,0,0,0,0,0.174371458115729,0.192774900239015,0,0.554465898349423,0.338917194702282,0.221328910191341,0.320999284330262,0.320999284330262,0.505042144347942,0,0,0,0,0,0,0,0,0,0,0,0,0,0,0,0
"16S_ASV_57","yellow",0,0,0,0,0,0.128904283091741,0.339383660305229,0,0.367690596320271,0.487765730504906,0.592309729541876,0.353553390593274,0,0,0.138779748995009,0,0,0,0,0,0,0,0,0,0,0,0,0,0,0,0,0,0,0,0,0,0,0,0,0,0,0,0,0,0
"16S_ASV_570","brown",0.610640119818706,0.310821764829179,0.375070614820323,0,0,0,0,0.16974557231938,0,0,0,0,0,0,0.174666752921875,0,0,0,0.305320059909353,0,0,0,0,0,0,0,0,0,0,0,0,0,0,0.358906059188242,0.179453029594121,0,0,0,0.276172385369497,0,0,0,0,0,0
"16S_ASV_571","red",0,0,0,0,0,0,0,0,0,0,0,0,0,0,0,0,0.356537016406146,0,0,0.465778007791666,0.439568355302166,0.403375587271689,0,0.471204730775366,0.279224106579133,0,0,0,0,0,0,0,0,0,0,0,0,0,0,0,0,0,0,0,0
"16S_ASV_572","grey",0.368855556781659,0,0.551744296488403,0,0.506757063185542,0,0,0,0,0,0,0,0,0,0,0,0,0,0,0,0,0,0,0,0,0,0,0,0,0,0,0,0,0.276641667586244,0.349927106111883,0,0,0.322089268058778,0,0,0,0,0,0,0
"16S_ASV_573","turquoise",0,0.378286281899376,0.206372085853249,0,0,0,0,0,0,0,0,0,0,0.362181540782818,0.222269538782371,0,0.270654453222931,0.308869455782702,0.308869455782702,0.366855044274124,0,0.314336596248442,0.148817027473669,0,0.244182744982501,0,0,0,0,0,0,0,0,0,0,0,0,0,0,0,0,0,0,0.233483362167112,0
"16S_ASV_576","brown",0.333618599396097,0,0.286691089540498,0,0,0,0,0.289662061010829,0,0,0,0,0,0,0.323190431161754,0,0,0,0.230395728651427,0,0,0,0,0,0,0,0,0,0,0,0.234082294392261,0.304081820279769,0,0.255085266432001,0,0,0,0,0.399057107871124,0.264963166217599,0,0.206901472150592,0,0.283689005875791,0
"16S_ASV_578","brown",0.28442047852757,0,0.227233606396756,0,0,0,0,0.268866428968932,0,0,0,0,0.366403180769213,0.219528519979381,0.321356847993242,0,0,0,0.223414282175976,0,0,0,0,0,0,0,0,0,0,0,0.241908646930101,0,0,0.272048390957152,0,0,0,0,0.368744438973208,0.344616826801847,0,0.227233606396756,0,0,0.143715151429591
"16S_ASV_579","blue",0,0,0,0,0,0,0,0,0,0,0,0,0,0,0,0,0,0,0,0,0,0.180993427200148,0,0.521932747682542,0.326950381134719,0.194758913744041,0.302290109571629,0.391724745021385,0.542980281600443,0.101709525543122,0,0,0,0,0,0,0,0,0,0,0,0,0,0,0
"16S_ASV_58","red",0,0,0,0,0,0,0,0,0,0,0,0,0,0,0,0,0,0,0,0.236457932004528,0.320558635920311,0.437218256196136,0.277611922109476,0.301112406795629,0.267916727501201,0.0752781016989072,0.128928629920383,0,0.206615191967933,0.0890702511142043,0,0,0,0,0,0,0.108219089645996,0,0,0,0.174930500528385,0.173847329119792,0.420480592865116,0.102849466915147,0.278969445716498
"16S_ASV_580","green",0,0,0,0,0,0.253009566677724,0,0,0,0,0,0,0,0,0,0.117647058823529,0.3028126512055,0,0.166378066161541,0.195095575903259,0.259757672539054,0.401122991087819,0.355383705105723,0.203770683243397,0.31949354385883,0.259757672539054,0,0.155632430062623,0,0.418019717751526,0,0,0,0,0,0,0,0,0,0,0,0,0,0,0
"16S_ASV_581","grey",0,0,0,0,0,0,0,0,0,0,0,0,0,0,0,0,0,0,0,0,0,0,0,0,0,0,0,0,0,0,0,0,0,0,0,0,0.418019717751526,0.490392117662737,0.279024499426622,0,0,0.242535625036333,0.594088525786005,0,0.30847319063828
"16S_ASV_582","purple",0,0.428612690924441,0,0.239149272108628,0,0.195264563008049,0,0.2665655498641,0,0.101973592258965,0,0,0.235497923763786,0.216318655764798,0,0,0,0,0,0,0,0,0,0,0,0,0,0,0,0,0.131647341523972,0.305920776776894,0,0,0,0.228019884200891,0,0,0,0.504743530117862,0,0,0,0,0.345809276132483
"16S_ASV_583","pink",0,0,0,0,0,0,0,0,0,0,0,0,0,0,0,0,0,0,0,0.306186217847897,0.270030862433661,0.311804782231162,0.311804782231162,0.367990036096994,0,0,0.303337912053355,0.520416499866533,0,0.375,0,0,0,0,0,0,0,0,0,0,0,0,0,0,0
"16S_ASV_584","black",0.382546027838003,0.373326696473279,0,0,0,0,0,0.468521285665818,0,0,0,0,0,0,0,0,0,0,0,0,0,0,0,0,0,0,0,0,0,0,0.263981838674227,0,0.283088983929611,0.320604829105853,0,0,0,0.492097834526474,0,0,0,0,0,0,0
"16S_ASV_585","purple",0,0,0,0,0,0,0.244017742170258,0,0,0,0,0,0,0,0,0,0,0,0,0,0,0,0,0,0,0,0,0,0,0,0,0.350131323874298,0.473463964937746,0.452662874287608,0,0,0,0,0,0.442884985445149,0,0,0,0,0.438912842558203
"16S_ASV_586","brown",0,0.251312344975017,0.495594627783352,0.213574425172396,0.445247811937451,0.45305977298226,0,0.492041932316642,0,0,0,0,0,0,0,0,0,0,0,0,0,0,0,0,0,0,0,0,0,0,0,0,0,0,0,0,0,0,0,0,0,0,0,0,0
"16S_ASV_587","greenyellow",0,0,0,0,0.319269817190284,0,0.172849579556619,0.30230514501574,0,0,0,0,0,0.421312702957211,0,0,0.205375903803045,0.240824593971445,0,0,0,0,0.296434583364376,0,0,0.182734549665563,0,0.26180393527837,0,0,0,0.319269817190284,0,0.251533084890191,0,0,0,0,0,0,0.379621493110749,0,0,0,0
"16S_ASV_589","grey",0,0,0,0,0.385580816913499,0.369165526343818,0.403524297170666,0.528815674596655,0,0,0,0,0,0,0,0,0,0.29449221333817,0,0,0,0,0,0,0,0,0,0,0,0,0,0,0,0,0,0,0,0,0,0,0,0,0,0,0.431092458719242
"16S_ASV_59","yellow",0,0,0,0,0,0.128977364992968,0.334528418463849,0,0.348911350395459,0.501792627695774,0.58526325810309,0.371986950194912,0,0,0.130434782608696,0,0,0,0,0,0,0,0,0,0,0,0,0,0,0,0,0,0,0,0,0,0,0,0,0,0,0,0,0,0
"16S_ASV_591","grey",0,0,0,0,0,0.328870838428697,0,0,0,0,0,0,0.21053798026663,0.272888411454908,0.173614066168704,0,0.401680865526971,0,0,0,0,0,0,0.408248290463863,0.334218682391596,0.226756344379407,0,0,0,0,0,0,0,0,0.392753509403718,0,0,0,0,0,0,0.151821096656792,0,0.272888411454908,0
"16S_ASV_594","grey",0,0,0,0,0.504428784444854,0,0,0,0,0.444419730431889,0,0,0,0,0.355435675717778,0,0,0,0,0,0,0,0,0,0,0,0,0,0,0,0,0,0,0,0,0.533570528512208,0,0,0,0.298274993135947,0,0,0,0.219186460864567,0
"16S_ASV_595","blue",0,0,0,0,0,0,0,0,0,0,0,0,0,0,0,0,0,0,0,0,0,0.169030850945703,0,0.508850244599107,0.353553390593274,0.174233013109292,0.273861278752583,0.3659625273557,0.508850244599107,0.298807152333598,0,0,0,0,0,0,0,0,0,0,0,0,0,0,0
"16S_ASV_596","grey",0.373543683818814,0.335710071693025,0,0,0,0,0.340997169735237,0,0.260726932047328,0.316510490942347,0,0,0,0.445610674229733,0,0,0,0,0.257273442720307,0.223806714462017,0,0,0,0,0,0,0,0,0,0,0,0,0,0.307915840092072,0,0,0,0,0,0,0,0,0,0.231661958399709,0
"16S_ASV_597","grey",0,0,0.410070023253807,0,0.231661958399709,0,0,0,0,0,0,0,0.396766898036441,0,0,0.467168994486642,0,0,0.485938223508081,0,0,0,0,0,0,0,0,0,0,0,0,0,0,0,0,0,0,0,0,0.324877849619706,0,0,0,0.246622987639434,0
"16S_ASV_598","green",0,0,0,0,0,0,0,0,0,0,0,0,0,0,0,0.500447027357954,0.277350098112615,0,0,0.335710071693025,0.316510490942347,0.223806714462017,0.289963294204092,0,0.451592293207531,0.34877757391266,0,0,0,0,0,0,0,0,0,0,0,0,0,0,0,0,0,0,0
"16S_ASV_6","black",0,0,0.077968117558545,0,0.0884075353936109,0.152415776162686,0,0.261097586413426,0.189841902366288,0,0,0,0,0,0,0,0,0,0,0,0,0,0,0,0,0,0,0,0,0,0,0.126751729252237,0.501842025959037,0,0.304831552325372,0.59158962904028,0.289863489214328,0.195476415693781,0,0,0,0.160058608458135,0,0,0
"16S_ASV_60","yellow",0,0,0,0,0,0.121543108701099,0.322161262084501,0,0.358342142245495,0.493902210907578,0.606779876216918,0.355689684296792,0,0,0.119974744817146,0,0,0,0,0,0,0,0,0,0,0,0,0,0,0,0,0,0,0,0,0,0,0,0,0,0,0,0,0,0
"16S_ASV_602","purple",0,0,0,0.26846242208561,0,0.207950097964015,0,0,0,0.228587515521413,0,0,0.199097060851334,0.294085848837523,0,0,0,0,0,0,0,0,0,0,0,0,0,0,0,0,0,0.367607311046904,0,0.199097060851334,0,0.258198889747161,0,0,0,0.536924844171219,0,0,0,0,0.420210157631365
"16S_ASV_605","grey",0.294351149612123,0,0,0,0,0,0,0,0,0,0,0,0,0.480673414500888,0,0,0,0,0,0,0.33988743092967,0,0,0.426978300753187,0.240336707250444,0,0,0,0,0,0,0,0,0,0,0,0,0.32356319443692,0.424859288662087,0,0,0.203755356953786,0,0,0
"16S_ASV_606","brown",0.28500427509619,0,0.38472644883503,0.33988743092967,0.329094589893959,0,0,0.297401502063461,0,0,0,0,0.291268853683935,0,0.288153589210215,0,0,0,0,0,0,0,0,0,0,0,0,0,0,0,0.350347944635714,0,0,0,0,0,0,0,0,0.194694984999911,0,0,0.360505060875666,0,0
"16S_ASV_61","red",0,0,0,0,0,0,0,0,0,0,0,0,0,0,0,0,0,0,0,0.254386713339882,0.334536592367773,0.442765300734,0.234126843311571,0.317009244436564,0.280029363841772,0.106863794499354,0.129418482102468,0,0.230852180732752,0,0,0,0,0,0,0,0,0,0,0,0.157299246381116,0,0.434521031524017,0.13657399193175,0.282735024402003
"16S_ASV_612","magenta",0.200364631114026,0,0,0.32532970362141,0,0,0,0,0.339062683953329,0.34704172112929,0,0,0.226041789302219,0,0.191040179975218,0,0,0,0,0,0,0,0,0,0,0,0,0,0.617565268869509,0,0,0,0,0,0,0,0,0,0,0.249085920156957,0,0,0.295958174200194,0,0
"16S_ASV_613","green",0,0,0,0,0,0,0,0,0,0,0,0,0,0,0,0,0.389178434673093,0,0,0.31967136409428,0.21358941442919,0.384460945972542,0.349660941088117,0.241648837332071,0.322512943213363,0.266773093117876,0,0.200364631114026,0,0.396149348818527,0,0,0,0,0,0,0,0,0,0,0,0,0,0,0
"16S_ASV_616","purple",0,0,0,0.222578715073274,0,0.30888969558193,0,0,0,0,0,0,0,0,0,0,0,0,0,0,0,0,0,0,0,0,0,0,0,0,0,0,0,0,0.585763831296407,0,0,0,0,0.459357349252112,0,0.19156525704423,0,0.287347885566345,0.426205790841454
"16S_ASV_62","blue",0,0,0,0,0,0,0,0,0,0,0,0,0,0,0,0,0,0.220778929864353,0.307930220283094,0,0.165584197398264,0.173446757273032,0,0.49019324103535,0.342474308440965,0.185128760691132,0.268277061773033,0.318866041105982,0.458896985455026,0.151157000135696,0,0,0,0,0,0,0,0,0,0,0,0,0,0,0
"16S_ASV_620","brown",0,0.291326017905176,0,0.391326630023199,0,0,0,0,0,0,0,0,0,0,0,0,0,0,0,0,0,0,0,0,0,0,0,0,0,0,0,0.508234771563133,0.446387715579099,0.366996385354772,0,0,0,0,0.411997205593647,0,0,0,0,0,0
"16S_ASV_621","brown",0.357129653835688,0,0.219223971596939,0,0,0,0,0.333025119366978,0,0,0,0,0,0,0,0,0.219223971596939,0,0.192272142313432,0,0,0,0,0,0,0,0,0,0,0,0.171973432156939,0.379707057042935,0,0.265028858331718,0.349279691855008,0,0,0,0.419047419001161,0.243207160124193,0,0.166512559683489,0,0,0
"16S_ASV_625","greenyellow",0,0,0,0.439668682289146,0.33947258458929,0,0,0,0,0,0,0,0,0.464341881483491,0,0,0.301791429491459,0.262246514182255,0,0,0,0,0.187925477597136,0,0,0.272670941574606,0,0.316815004713943,0,0,0,0,0,0.325496475234886,0,0,0,0,0,0,0,0,0,0,0
"16S_ASV_626","red",0,0,0,0,0,0,0,0,0,0,0,0,0,0,0,0,0,0.381118612308615,0,0,0.305139098848677,0.355850281324616,0.292679141850744,0.501394702848657,0.460749935207045,0,0,0,0,0,0,0,0,0,0.292679141850744,0,0,0,0,0,0,0,0,0,0
"16S_ASV_629","greenyellow",0,0,0,0,0.287317933214613,0.335515061469371,0,0,0,0,0,0,0,0.406328917865113,0,0,0.263473692219085,0.22507034547616,0.410920350809245,0,0,0,0,0,0,0,0,0.259888849094526,0,0,0,0.45014069095232,0,0.284034191848159,0,0,0,0,0,0,0,0,0,0,0
"16S_ASV_63","yellow",0,0,0,0,0,0.121959591162115,0.341062189693829,0,0.332569682081999,0.510380423766576,0.590414145717229,0.362738125055006,0,0,0.132453235706504,0,0,0,0,0,0,0,0,0,0,0,0,0,0,0,0,0,0,0,0,0,0,0,0,0,0,0,0,0,0
"16S_ASV_630","brown",0.357855087505381,0,0,0.397733692808995,0,0,0,0.249292785004635,0,0,0,0,0,0,0.260377821961648,0,0,0,0.256735994745803,0,0,0,0,0,0,0,0,0,0,0,0.233696247231033,0,0,0.287858513058915,0,0,0.490973129545772,0,0.373309119473035,0,0,0,0,0,0
"16S_ASV_631","grey",0,0,0,0,0.404773773742327,0.599748848879746,0,0.330496402309823,0,0,0,0,0,0,0,0,0,0,0,0,0,0,0,0,0,0,0,0,0,0,0,0,0,0,0,0,0,0,0,0,0,0,0.336146322726407,0.444679787031466,0.237691344270764
"16S_ASV_636","grey",0,0,0,0,0,0,0,0,0,0,0,0,0,0,0,0.601450267472236,0,0.319801074533416,0,0,0.291937104060571,0,0.445941292507922,0.376889180722205,0,0,0,0,0.331433982639808,0,0,0,0,0,0,0,0,0,0,0,0,0,0,0,0
"16S_ASV_638","brown",0.489897948556636,0,0,0,0,0,0,0,0,0,0,0,0.33523268393901,0,0.442933941113657,0,0.21380899352994,0,0.308606699924184,0,0,0,0,0,0,0,0,0,0,0,0,0,0,0,0,0,0,0,0.497613351528119,0.250713268211203,0,0,0,0,0
"16S_ASV_64","pink",0,0,0,0,0,0,0,0,0,0,0.0981146885347779,0,0.342699874083101,0,0.413946324409,0,0,0.274721127897378,0,0.404061017820884,0.302091286149569,0.304629913016606,0.274721127897378,0.124106355075163,0.14684461964287,0.138755123193895,0.163000362617152,0.173305093322679,0,0.300813938837612,0,0,0,0,0,0,0,0,0,0,0,0,0,0,0
"16S_ASV_640","purple",0,0,0,0.20490176383923,0,0.20490176383923,0.296287460993517,0,0,0.20950687284906,0,0,0,0.19041938447735,0,0,0,0,0,0,0,0,0,0,0,0,0,0,0,0,0.335552409985874,0.335552409985874,0,0,0,0.20490176383923,0,0,0,0.501904768802374,0,0.293049249436711,0,0,0.378324954228989
"16S_ASV_642","magenta",0,0,0,0,0,0,0,0.403528498426252,0,0.517879555221554,0,0,0,0.376513548371476,0.200573889271438,0,0,0,0,0,0,0,0,0.506660617023775,0,0,0,0,0,0,0,0,0,0,0,0,0,0,0,0,0,0.360926861335806,0,0,0
"16S_ASV_643","turquoise",0,0,0,0,0,0,0,0,0,0,0,0,0,0,0,0.327535789627012,0.431072795232165,0.59209349991676,0.276818266179133,0,0,0,0.412914136705427,0,0,0,0,0,0.330447276125633,0,0,0,0,0,0,0,0,0,0,0,0,0,0,0,0
"16S_ASV_645","green",0,0,0,0,0,0,0,0,0,0,0,0,0,0,0,0,0,0,0,0.200766286331762,0.479923218427086,0.270067880853525,0.471856707485686,0,0.518376322295217,0,0,0,0,0.406284602837566,0,0,0,0,0,0,0,0,0,0,0,0,0,0,0
"16S_ASV_646","purple",0,0,0,0,0,0,0,0,0,0,0,0,0,0,0,0,0,0,0,0,0,0,0,0,0.315924138711092,0.440293044972386,0,0,0,0,0,0.358606815842257,0,0,0.469818440041137,0,0,0,0.374319600272004,0.465715143633527,0,0,0,0,0
"16S_ASV_65","magenta",0,0,0,0,0.235565976914683,0.174479683410215,0.140189797027999,0.121010517226328,0.453205240885505,0.278310343679217,0,0.19433201630874,0.152057184253941,0.312242186522443,0,0,0,0,0,0,0.137413486533565,0.111046866462137,0,0.289175294024877,0.211426934773201,0.265556455794004,0,0.171134714651256,0.254440335625198,0.239620766531976,0,0,0,0,0,0,0,0,0,0.102003060137707,0,0,0.16886792960573,0,0.134579914444426
"16S_ASV_650","brown",0.260693622953351,0,0.332685454521964,0,0,0,0,0.264391589543539,0,0,0,0,0,0,0,0,0,0,0,0,0,0,0,0,0,0,0,0,0,0,0.192076036723729,0,0,0.206684413059964,0,0,0,0,0.373906171709854,0.427228594366833,0,0.314688935638977,0,0.41101342902021,0.285575555778593
"16S_ASV_658","yellow",0,0,0,0,0.385376246654031,0.222497079744992,0.407843883935221,0,0,0,0.552223229364272,0,0.353203164266014,0,0.335963222881185,0,0,0,0,0,0,0,0,0,0,0,0,0,0,0,0,0,0,0,0,0,0,0,0,0,0,0,0,0,0.305072625665911
"16S_ASV_66","magenta",0,0,0,0,0.216018739099443,0.165473295405874,0.141612116415295,0,0.442619555555646,0.289286794045995,0,0.203137746566747,0.140243851318431,0.285259403195502,0,0,0,0,0,0.111089683840425,0.122639690299325,0.103914884033977,0,0.271403488281931,0.194406946720743,0.271403488281931,0,0.184221399688948,0.238098910959128,0.24840408466615,0,0,0,0,0,0,0,0,0,0.0899929294047378,0.160744507714911,0.109340130660123,0.190398125519426,0,0.161939650621772
"16S_ASV_660","grey",0,0,0.440958551844098,0,0,0,0,0.263523138347365,0,0,0,0,0,0,0,0,0.460761963818182,0,0,0,0,0,0,0,0,0,0,0,0,0,0,0,0,0,0,0,0.599272045173963,0,0,0.231455024943138,0,0,0,0.333333333333333,0
"16S_ASV_664","greenyellow",0,0,0,0,0.348588502712163,0.465973683917435,0.285785420854368,0,0,0,0,0,0,0.500995025859793,0,0,0.256392378577891,0.278727901416217,0,0,0,0,0.218652155123701,0,0,0,0,0.285785420854368,0,0,0,0,0,0.236171320084126,0,0,0,0,0,0,0,0,0,0,0
"16S_ASV_667","brown",0.286070493664253,0,0.282560293320342,0.394573976276301,0,0,0,0,0,0,0,0,0,0,0,0,0.384323549653626,0.35461035376031,0,0,0.248749366843395,0.384323549653626,0,0,0,0,0,0,0,0,0,0,0,0.44676705160877,0,0,0,0,0,0,0,0,0,0,0
"16S_ASV_67","black",0,0.0833333333333333,0.193449837183113,0,0,0,0,0.264254133200562,0,0,0,0,0,0,0,0,0,0,0.131761569173682,0,0,0,0,0,0,0,0,0,0,0,0,0.133217542314242,0.507657413402696,0,0.312422829977833,0.60284817817252,0.300462606288666,0.204124145231932,0,0,0,0,0,0,0
"16S_ASV_670","purple",0,0,0,0.286930857993832,0,0,0,0.320015059886589,0,0.190117275157343,0,0,0.167667676667856,0.249497486929099,0,0,0,0,0,0,0,0,0,0,0,0,0,0,0,0,0,0.329292779969071,0,0,0,0.261291202242781,0,0,0,0.607846947550604,0,0,0,0,0.377584799911885
"16S_ASV_671","red",0,0,0,0,0,0,0,0,0,0,0,0,0,0,0,0,0,0,0,0.403299643453399,0.245440346836908,0.374916322658782,0.456985055954198,0.338316170652987,0.358488571958577,0,0,0,0.429812698536576,0,0,0,0,0,0,0,0,0,0,0,0,0,0,0,0
"16S_ASV_673","purple",0,0,0,0,0,0.403705173614631,0,0.245687144633636,0,0,0,0,0.272849189261179,0,0,0,0,0,0,0,0,0,0,0,0,0,0,0,0,0,0,0.662292828546759,0,0,0,0,0,0,0,0.432576856082837,0,0,0,0.276511758366784,0
"16S_ASV_675","brown",0,0,0.348155311911396,0,0,0.215556596894288,0.201007563051842,0.376050716545177,0,0,0,0,0,0.449466574975495,0,0,0,0,0,0,0,0,0,0,0,0,0,0,0,0,0,0,0,0,0,0,0,0,0.669690113772668,0,0,0,0,0,0
"16S_ASV_676","greenyellow",0,0,0,0,0.308138759245725,0,0,0.409483537735973,0,0,0,0,0,0.479898979268586,0,0,0.308138759245725,0.320983337620978,0,0,0,0,0.273399844088241,0,0,0.215556596894288,0,0.339339822525319,0,0,0,0,0,0.269679944985297,0,0,0,0,0,0,0,0,0,0,0
"16S_ASV_677","pink",0,0,0,0,0,0,0,0,0,0,0,0,0,0,0,0,0,0,0,0.298746536215248,0.298746536215248,0.250759495420633,0.360301879288836,0.417662771466851,0,0,0.342997170285018,0.445850828708937,0,0.371390676354104,0,0,0,0,0,0,0,0,0,0,0,0,0,0,0
"16S_ASV_68","red",0,0,0,0,0,0,0,0,0,0,0,0,0,0,0,0,0,0,0,0.236564893144498,0.335129599867071,0.435761487631322,0.256147873154652,0.331656660548675,0.270082966797375,0,0.12882510980192,0,0.246159227147788,0.171266763061838,0,0,0,0,0,0,0,0,0,0,0.138915688481785,0,0.431310283208492,0,0.285369478215302
"16S_ASV_682","green",0,0,0,0,0,0,0,0,0,0,0,0,0,0,0,0.278196109527821,0,0,0.349570583241817,0.191467693881781,0.288968951601754,0.33468835246991,0.328546760025756,0.216432846835709,0.292471733450631,0.292471733450631,0,0.238802170380446,0,0.430506734999392,0,0,0,0,0,0,0,0,0,0,0,0,0,0,0
"16S_ASV_684","yellow",0,0.203278907045435,0,0,0.324610383115584,0.360784269690626,0.391014784865574,0.334021328561342,0.308287726505694,0.318181818181818,0.372061489630566,0,0.352089395109765,0,0,0,0,0,0,0,0,0,0,0,0,0,0,0,0,0,0,0,0,0,0,0,0,0,0,0,0,0,0,0,0
"16S_ASV_688","greenyellow",0,0,0,0,0.222911285030141,0,0,0,0,0,0,0,0,0.355378665453082,0,0,0,0.222911285030141,0,0.308606699924184,0,0,0.328116527298675,0,0,0.409514179673961,0,0.276775278638509,0,0,0,0,0,0.245033483155863,0,0,0,0.396673538921279,0,0,0,0.331256469916111,0,0,0
"16S_ASV_69","black",0,0,0,0,0.140596734885505,0,0,0.258198889747161,0,0,0,0,0,0,0,0,0,0,0.232111975115995,0,0,0,0,0,0,0,0,0,0,0,0,0.121361782166144,0.521996762590573,0,0.293996783191809,0.596826231316618,0.301160545919622,0.197856733071446,0,0,0,0,0,0,0
"16S_ASV_690","yellow",0,0,0,0,0,0,0,0,0,0,0.58092522761782,0,0.328116527298675,0,0.364012604154632,0,0.294883912309794,0,0.331256469916111,0,0,0,0,0,0,0,0,0,0,0,0,0,0,0,0,0,0,0,0,0.475050395060136,0,0,0,0,0
"16S_ASV_699","grey",0.296422179984243,0,0,0,0.29993025688619,0,0,0,0,0,0,0,0,0,0,0,0,0,0,0,0,0,0,0,0,0,0,0,0,0,0.419204267121915,0,0.527487135221578,0,0,0,0,0,0,0,0,0,0.511376843580766,0.326641333375701,0
"16S_ASV_7","magenta",0.0844862302072654,0,0,0.0995037190209989,0.202448743879104,0.155489023047545,0.144752402800469,0.0788473256353278,0.453705291820502,0.273135148082632,0.183977093149098,0.181456739937651,0.118514094543949,0.285096862566673,0,0,0,0,0.0995037190209989,0.0871689982851177,0.134871016575595,0.0983398927969316,0,0.276069915427245,0.185224409760128,0.233603453177395,0,0.16483373100295,0.250258903469647,0.21189582067868,0,0,0,0,0,0,0,0,0.0935398961968655,0.100654089249805,0.0643785717965402,0.118514094543949,0.165530705490101,0.125129451734823,0.150981133874708
"16S_ASV_70","yellow",0.18772011355652,0.330515366063948,0.145407374710513,0,0.254174235309298,0.149391876133407,0.406004270300151,0.211272017336226,0.312866855927533,0.197874373821351,0.244757083160516,0.287429130552306,0.272032288838499,0,0.166731911009219,0,0,0,0,0,0,0,0,0.20847358891443,0,0,0,0,0,0,0,0,0.157057915189177,0,0.120362282678674,0,0,0.272032288838499,0,0,0,0,0,0,0
"16S_ASV_701","turquoise",0,0,0,0,0,0,0,0,0,0,0,0,0,0,0,0,0,0.441552435684732,0.61599912875323,0.441552435684732,0,0.25078493128776,0,0.351695503899769,0,0,0,0,0.209821727265563,0,0,0,0,0,0,0,0,0,0,0,0,0,0,0,0
"16S_ASV_702","green",0,0,0,0,0,0,0,0,0,0,0,0,0,0,0,0,0,0,0.254930417603915,0.237915475715443,0.25900956329527,0.409530077889301,0.317220634287258,0.263025454922346,0.333333333333333,0.293178918762432,0,0.270878685124,0.14479074758769,0.427071348965156,0,0,0,0,0,0,0,0,0,0,0,0,0,0,0
"16S_ASV_705","yellow",0,0.381134041899614,0,0,0,0.3612842589838,0.386618266783304,0,0.255466549463402,0,0.346410161513775,0.624078267696069,0,0,0,0,0,0,0,0,0,0,0,0,0,0,0,0,0,0,0,0,0,0,0,0,0,0,0,0,0,0,0,0,0
"16S_ASV_707","grey",0,0,0.416367052249252,0.26810745376682,0,0,0,0,0.225255316733483,0,0,0,0,0,0,0,0,0,0.251843100254657,0,0,0,0,0,0,0,0,0,0,0,0,0,0,0,0,0,0,0.503686200509315,0,0,0,0,0.376362921427965,0.251843100254657,0.426401432711221
"16S_ASV_709","red",0,0,0,0,0,0,0,0,0.279685719120436,0,0,0,0,0,0,0,0,0,0.570597402157456,0.376362921427965,0.238919342940855,0.350173620482796,0,0,0.189580598645177,0,0.488774625210302,0,0,0,0,0,0,0,0,0,0,0,0,0,0,0,0,0,0
"16S_ASV_71","black",0,0,0.0627085588287083,0,0.0714987577198768,0.172875566413647,0,0.26456769953388,0.186023647645366,0,0,0,0,0,0,0,0,0,0,0,0,0,0,0,0,0,0,0,0,0,0,0.123839481048884,0.493767685985182,0,0.319752165136865,0.606362905577122,0.292116902460482,0.205125054171833,0,0,0,0,0,0,0
"16S_ASV_711","green",0,0,0,0,0,0,0,0,0,0,0,0,0,0,0,0.373939177506953,0.200634586470368,0,0,0.230143654474581,0.308770113597232,0.379562638585741,0.331917898772307,0.205846742398155,0.308770113597232,0.305320059909353,0,0.172223740956793,0,0.395954114787243,0,0,0,0,0,0,0,0,0,0,0,0,0,0,0
"16S_ASV_714","brown",0.333333333333333,0,0,0,0,0,0,0.299572344757639,0,0,0,0,0,0,0,0,0,0,0,0,0,0,0,0,0,0,0,0,0,0,0.235702260395516,0.221687390587059,0,0.405622872296317,0,0,0,0,0.450545727969374,0,0,0.306622070335933,0.482603339095352,0,0
"16S_ASV_716","grey",0.474172331993618,0,0,0.527610264311095,0,0,0,0,0,0,0,0,0,0,0,0,0,0,0,0,0,0,0,0,0,0,0,0,0,0,0,0,0,0,0,0,0.336883309212101,0.455750786552536,0,0,0,0.361415252875009,0,0.212056313477465,0
"16S_ASV_717","grey",0.336883309212101,0,0.173143254918489,0,0,0,0,0,0,0.240449258315369,0,0,0.340046602172147,0,0.299892914506672,0,0,0,0,0,0,0,0,0,0,0,0,0,0,0,0,0,0.642865640132822,0,0,0,0,0,0,0.424112626954931,0,0,0,0,0
"16S_ASV_72","turquoise",0.170854679476489,0,0.212062288493696,0.0818908688342119,0,0,0.160128153805087,0,0.163781737668424,0.122434219346803,0,0,0.122434219346803,0.193585498340276,0.222057795842164,0.152558715698908,0.288504270339184,0.281584695657279,0.314037146510664,0.256666538589584,0.127175351462946,0.176532456185215,0.175411603861406,0.156389237763866,0.16498161991944,0.153846153846154,0,0,0,0.158891624459791,0,0,0,0,0,0,0,0,0.22470669025853,0.192563931851473,0,0.157645396399378,0.173148133498812,0.197618962748694,0.198614530574739
"16S_ASV_721","purple",0,0,0,0.245651842220259,0.311420549451525,0.15397044051286,0,0,0,0.179798738057019,0,0,0,0.167383515852997,0,0,0,0,0,0,0,0,0,0,0,0,0,0,0,0,0.262612865719445,0.331532491776369,0,0,0,0.297257580164943,0,0,0,0.564770322557214,0,0,0,0.20761369963435,0.359597476114038
"16S_ASV_729","purple",0,0,0,0,0,0,0,0,0,0,0,0,0,0,0,0,0,0,0,0,0,0,0,0,0,0,0,0,0,0,0,0,0,0,0,0,0,0.30607501892727,0.457329560380024,0.412231294933895,0,0.387719998691866,0.313112145542575,0.379197639329681,0.367527213581949
"16S_ASV_73","yellow",0,0,0,0,0,0.150039489272765,0.330158657824527,0,0.342488800107466,0.481079617876477,0.607353568385019,0.370730034248426,0,0,0.115879765546842,0,0,0,0,0,0,0,0,0,0,0,0,0,0,0,0,0,0,0,0,0,0,0,0,0,0,0,0,0,0
"16S_ASV_732","yellow",0.27704581925182,0,0,0,0.362738125055006,0.362738125055006,0.436794544018364,0.449170775947091,0,0,0,0,0.424057261939362,0,0.296174438879546,0,0,0,0,0,0,0,0,0,0,0,0,0,0,0,0,0,0,0,0,0,0,0,0,0,0,0,0,0,0
"16S_ASV_735","purple",0,0,0,0,0,0,0.209887740080557,0,0,0,0,0,0,0,0,0,0,0,0,0,0,0,0,0,0,0,0,0,0,0,0,0.300513510584887,0.516255579910325,0.424990282345498,0,0,0,0,0,0.469323254463932,0,0,0,0,0.445239132896644
"16S_ASV_736","red",0,0,0,0,0,0,0,0,0.372513784743315,0,0,0,0,0,0,0,0,0,0,0.462229799629144,0.325156688762043,0.375458603571146,0,0,0.265489324639989,0,0.459840999143608,0,0,0,0,0,0,0,0,0,0,0,0,0.344880749357706,0,0,0,0,0
"16S_ASV_739","grey",0,0,0,0,0.448199734724939,0,0,0.248616480800019,0,0,0,0,0,0,0,0,0,0,0,0,0,0,0,0,0,0,0,0,0,0,0,0,0,0,0.230174135059374,0,0,0,0.261596389657193,0.155828626081352,0,0.527395198465286,0.559880151161353,0,0
"16S_ASV_74","magenta",0,0,0,0,0.243160408222605,0.165471908132324,0.1517098316388,0.0868313453752879,0.477676253517592,0.255106575923407,0,0.198206241793023,0.121171529999995,0.272408423523116,0,0,0,0,0,0.107275050724465,0.138013111868471,0.105409255338946,0,0.272408423523116,0.197202659436654,0.256657390061178,0,0.185805838239302,0.239045721866879,0.225374467927604,0,0,0,0,0,0,0,0,0,0.110912520941449,0.0955352507035185,0.155583897644805,0.159363814577919,0,0.165471908132324
"16S_ASV_742","brown",0.444228821802159,0.326236348696222,0.312347523777212,0.364743326208039,0,0,0,0,0,0,0,0,0,0,0,0,0.346025901648957,0,0,0,0,0,0,0,0,0,0,0,0,0.407795435870278,0,0,0,0,0,0,0,0,0,0,0,0,0,0,0.42379344841321
"16S_ASV_743","greenyellow",0,0,0,0,0.33627673114759,0.376705287478409,0.278577316929718,0,0,0,0,0,0,0.475567113899412,0,0,0.282528965608807,0.278577316929718,0,0,0,0,0.215785061819989,0,0,0.215785061819989,0,0.26217578436399,0,0,0,0,0,0.349215147884789,0,0,0,0,0,0,0,0,0,0,0
"16S_ASV_745","purple",0.397654593770206,0,0,0,0,0,0,0,0,0,0,0.323538344147383,0,0,0,0,0,0,0,0,0,0,0,0,0,0,0,0,0,0,0,0,0,0,0,0,0,0,0.359410554307861,0.4671860509862,0,0,0.194581384945948,0,0.593205778603323
"16S_ASV_75","pink",0,0,0,0,0,0,0,0,0,0,0.135755247336842,0.173343811320384,0.334932063528542,0.158872227325561,0.363057705380147,0,0.157606292989029,0,0,0.370701863759641,0.277350098112615,0.266295815848581,0.261743415169542,0.118416366678918,0.111444478530216,0.118416366678918,0.158872227325561,0.153745960964249,0.211829636434081,0.283776049295648,0,0,0,0,0,0,0,0,0,0,0,0,0.157606292989029,0.182354613674031,0.175639855882311
"16S_ASV_756","grey",0,0,0.520461680792943,0,0.39465960988546,0,0.349136309381045,0,0,0,0,0,0,0,0,0,0,0,0,0,0,0,0,0,0,0,0,0,0,0,0,0.397509174759601,0.318716387153501,0,0,0,0,0,0,0,0,0,0,0,0.438033776283046
"16S_ASV_759","brown",0.423247353205504,0,0,0,0,0,0,0,0,0.428571428571429,0,0,0.293543523950904,0,0.383917035633264,0,0.202030508910442,0,0.322968094434537,0,0,0,0,0,0,0,0,0,0,0,0,0,0,0,0,0,0,0,0.468993228656957,0.196338363124651,0,0,0,0,0
"16S_ASV_76","yellow",0,0,0,0,0.185095593895382,0.131649994607708,0.312960664089324,0,0.351767575605083,0.49422297421981,0.580830410828053,0.360258763198211,0,0,0.123759462973682,0,0,0,0,0,0,0,0,0,0,0,0,0,0,0,0,0,0,0,0,0,0,0,0,0,0,0,0,0,0
"16S_ASV_762","brown",0,0.576692319951168,0,0.502839318679459,0.202490192118848,0,0,0.353955841936536,0,0,0,0,0,0,0,0,0,0,0,0,0,0,0,0,0,0,0,0,0,0,0,0,0,0,0.445171513618724,0,0,0,0,0.2238613303284,0,0,0,0,0
"16S_ASV_77","magenta",0.0875464493780825,0,0,0,0.218173872506803,0.173937157421141,0.140591730522843,0.0920388924579662,0.473160223407384,0.264170785883985,0,0.17160232459255,0.133225719648865,0.268712736752656,0,0,0,0,0.166834660527143,0.113615275464519,0.128603759613349,0.104362294452684,0,0.278299451873825,0.200845329318348,0.228998908734724,0,0.178515233479125,0.255634369795168,0.22987798647279,0,0,0,0,0,0,0,0,0.102411425340822,0.0898207618638314,0.120507197591009,0,0.176241061214254,0,0.14343225445341
"16S_ASV_770","purple",0,0,0,0,0.418950630128406,0.311444522397132,0.303938732126782,0,0,0,0,0,0,0.151969366063391,0,0,0,0,0,0,0,0,0,0,0,0,0,0,0,0,0,0.235429929558885,0,0.322375707828134,0,0,0.404934916220044,0,0,0.300115451226133,0,0,0,0.311444522397132,0.318773631556187
"16S_ASV_771","turquoise",0,0,0,0,0,0,0,0,0,0,0,0,0,0,0,0,0.311804782231162,0.390867979985286,0.363241578628389,0.230739551747724,0.336787657027282,0.245326690731329,0.288675134594813,0.375770812735241,0,0,0,0.408248290463863,0,0,0,0,0,0,0,0,0,0,0,0,0,0,0,0,0
"16S_ASV_773","greenyellow",0,0,0,0,0.289009830515453,0,0.312166295143576,0,0,0,0,0,0,0.419921548302225,0,0,0.263828672523431,0.220734904153903,0,0,0,0,0,0,0,0,0,0,0,0,0,0,0,0.353963307705553,0,0,0,0,0,0,0,0,0.631721398841341,0,0
"16S_ASV_78","magenta",0,0,0,0,0.226386856681494,0.17163694626638,0.140620095645804,0.143461192667051,0.445586372655592,0.273234297694566,0,0.176276618777658,0.122194092685893,0.276902036272193,0,0,0,0,0,0.184114923579665,0.134758325514231,0.104383350095883,0,0.266505197280583,0.193727298912223,0.274707269540979,0,0.160708680738062,0.235987441698123,0.235130860135832,0,0,0,0,0,0,0,0,0,0.161959350812409,0.087564112335869,0.128629706099967,0.172808543118264,0,0.137720400803284
"16S_ASV_782","brown",0.317336692036096,0.371716696030362,0.321005446195418,0.187426800699924,0,0,0,0.294365510656681,0,0,0,0,0,0,0,0,0,0,0.187426800699924,0,0,0,0,0,0,0,0,0,0,0,0.282179539903316,0,0,0.260606390686243,0.453970255605187,0,0,0,0.384110639798688,0,0,0,0,0,0
"16S_ASV_783","brown",0.286299167156934,0,0,0.404888165089458,0,0,0,0.256073759865792,0,0,0,0,0,0,0.328219952526555,0,0,0,0.232086554152254,0,0,0,0,0,0,0,0,0,0,0,0.15303334194571,0,0,0.260606390686243,0,0,0.558099820673744,0,0.352309210579974,0,0,0,0,0,0
"16S_ASV_784","brown",0.23707823390808,0,0.358894999420303,0,0,0,0,0.294365510656681,0,0,0,0,0,0,0,0,0,0,0,0,0,0,0,0,0,0,0,0,0,0,0.187426800699924,0,0,0.181071492085037,0,0,0,0,0.35561735086212,0.407769967756596,0,0.317336692036096,0,0.393149773916607,0.335279253736268
"16S_ASV_785","grey",0.31399291281138,0,0,0,0.332157550716001,0,0,0.260912087437305,0,0,0,0,0,0,0,0,0,0.494096605330436,0.174689530095202,0,0,0,0,0,0,0,0,0,0,0,0.227251386108562,0,0.368985412640912,0.247048302665218,0,0,0,0,0.362567785470569,0.260912087437305,0,0,0,0,0
"16S_ASV_786","pink",0,0,0.286635002072576,0,0,0,0,0,0,0,0,0,0,0,0.616669838844778,0,0,0,0,0.260912087437305,0,0.517306131611464,0,0,0.375293312520401,0,0,0,0,0,0,0,0,0,0,0,0,0,0,0,0,0,0,0.247048302665218,0
"16S_ASV_79","brown",0.150847531141087,0.280766351271839,0.346222430752656,0.408662797922109,0,0,0.13218385727899,0.174572095414355,0,0,0,0,0.13218385727899,0,0.22081817496704,0,0,0,0,0,0.277124610190694,0,0,0,0,0,0.174572095414355,0,0,0,0.236801111389158,0.207537760378524,0.274176392176311,0.246882224946871,0.0966736489045664,0,0.211417306598726,0,0.12907321314622,0.186936203690737,0,0.130637794066346,0.179166883223113,0,0
"16S_ASV_795","brown",0.296808419852332,0,0.182574185835055,0,0,0,0,0.312440470520462,0,0,0,0,0,0,0,0,0.188982236504614,0,0.169030850945703,0,0,0,0,0,0,0,0,0,0,0,0.253546276418555,0.345032779671177,0,0.239045721866879,0.384212242932273,0,0,0,0.441857550844268,0.262769136406122,0,0.253546276418555,0,0,0
"16S_ASV_8","turquoise",0.160517963832999,0.145339227943462,0,0.0875223807429804,0,0,0.15159321024623,0,0.156861038277895,0.119965949981903,0.17438045259427,0.241859094778384,0.119965949981903,0.199232510687295,0.210009505908564,0.149278674172415,0.25810897196984,0.26388990698463,0.281757318679616,0.232063129758109,0.112990907679329,0.166201765714592,0.166201765714592,0.162672663785823,0.162672663785823,0.149278674172415,0,0.128378213281347,0.148499145741582,0.150825644756,0,0,0,0,0,0,0,0.129279124076572,0.21760919200641,0.185975308112351,0,0.126557153460095,0.133692644919151,0.170340202497283,0.196298145511593
"16S_ASV_80","red",0,0,0,0,0,0,0,0,0,0,0,0,0,0,0,0,0,0,0,0.244649586542548,0.347747521575949,0.420853019287789,0.27519611011568,0.333401187447692,0.275934892948644,0.11414602910707,0.106773833244845,0,0.20774890883112,0.108663782326848,0,0,0,0,0,0,0,0,0,0,0.146900662218591,0,0.439777112631829,0.106773833244845,0.270721078381663
"16S_ASV_801","greenyellow",0,0,0,0,0.239330809293015,0,0,0,0,0,0,0,0,0.399880650452363,0,0,0,0.182791924953381,0,0.338464876395911,0,0,0.334920643897671,0,0,0.460880137555653,0,0.263082516525126,0,0,0,0,0,0.218478138259586,0,0,0,0.31281308898385,0,0,0,0.30897474620873,0,0,0
"16S_ASV_809","pink",0,0,0,0,0,0,0,0,0,0,0,0,0,0,0,0,0,0,0,0.383390077867475,0.329292779969071,0.325613415549087,0.377052615292342,0,0,0.641909801117793,0,0,0,0.290408934775758,0,0,0,0,0,0,0,0,0,0,0,0,0,0,0
"16S_ASV_81","magenta",0,0,0.168404421918858,0,0.223928236992673,0.147593380613163,0.137501634709858,0,0.478901332029861,0.270482359768908,0,0.158341174876668,0.137501634709858,0.27797636414232,0,0,0,0,0,0,0.137501634709858,0.119939702620499,0,0.279451050162473,0.210688496166187,0.261205904327228,0,0.184700466235747,0.249125061649696,0.259627606467955,0,0,0,0,0,0,0,0,0,0.0993195095714045,0,0,0.175573746805156,0,0.169620354112906
"16S_ASV_811","grey",0,0,0,0,0,0,0.472547321306328,0,0,0,0,0,0,0,0.597324130188003,0,0,0,0,0,0,0,0,0,0,0,0,0,0,0,0,0.225767300082204,0,0.287270381077932,0,0,0.375202210853196,0,0,0,0,0,0.326796751062269,0.197065855632859,0
"16S_ASV_815","blue",0,0,0,0,0,0,0,0,0,0,0,0,0,0,0,0,0,0,0,0,0.215008628808909,0.251516084242347,0,0.345284536566893,0.348790053207578,0.531261181362223,0,0,0.549275125066693,0.256307297315028,0,0,0,0,0,0,0,0,0,0,0,0,0,0,0
"16S_ASV_816","grey",0,0,0,0,0,0,0,0,0,0,0,0,0,0,0,0,0,0,0,0,0,0,0,0,0,0,0,0,0,0,0,0,0,0,0,0,0.355697457490501,0.526661430877298,0.279032042566062,0,0,0.261010575803482,0.598050360401733,0,0.304068118888801
"16S_ASV_82","yellow",0,0,0,0,0,0.134673125690251,0.320371795554235,0,0.371046069229307,0.483870081287029,0.587728310691929,0.378742658871172,0,0,0.136194904226793,0,0,0,0,0,0,0,0,0,0,0,0,0,0,0,0,0,0,0,0,0,0,0,0,0,0,0,0,0,0
"16S_ASV_820","turquoise",0,0,0,0,0,0,0,0,0,0,0,0,0,0,0,0.389344631469075,0.439492928532222,0.578760162056248,0.320452003508431,0,0,0,0.33536463387306,0,0,0,0,0,0.324244466919065,0,0,0,0,0,0,0,0,0,0,0,0,0,0,0,0
"16S_ASV_823","yellow",0,0.275645410186462,0,0,0.332105582077536,0.408248290463863,0.414208434789757,0.288675134594813,0.261968415997792,0.332105582077536,0.328394788714593,0,0.324641582152911,0,0,0,0,0,0,0,0,0,0,0,0,0,0,0,0,0,0,0,0,0,0,0,0,0,0,0,0,0,0,0,0
"16S_ASV_825","brown",0.353987464901125,0.383953314115333,0,0,0,0,0,0,0,0,0,0,0.393435070616684,0.374231399068999,0.280399854893113,0,0,0,0,0,0,0,0,0,0,0,0,0,0,0,0,0,0,0,0,0,0,0,0,0.426401432711221,0,0,0,0.414716978179302,0
"16S_ASV_828","grey",0,0,0.309934046694603,0,0,0,0,0,0,0,0,0,0.559292304411029,0,0,0,0.438312932276684,0,0,0,0,0,0,0,0,0,0,0,0,0,0,0,0,0,0.36130578727884,0,0,0,0.406232237201668,0,0,0,0.321633760451338,0,0
"16S_ASV_83","yellow",0,0,0,0,0,0.111340442853781,0.350913801193069,0,0.359062139238755,0.499586605964876,0.581747154755497,0.370391796135698,0,0,0.101639453522718,0,0,0,0,0,0,0,0,0,0,0,0,0,0,0,0,0,0,0,0,0,0,0,0,0,0,0,0,0,0
"16S_ASV_831","greenyellow",0,0,0,0,0.329608821648696,0.391262596925756,0.23830678432808,0,0,0,0,0,0,0.511593974809837,0,0,0.272165526975909,0.222222222222222,0,0,0,0,0.216595429884644,0,0,0.248451997499977,0,0.306312194490894,0,0,0,0,0,0.306312194490894,0,0,0,0,0,0,0,0,0,0,0
"16S_ASV_832","grey",0,0,0,0,0,0.179161283295523,0.325841739969226,0.20487876571762,0.460809807851727,0,0,0,0,0,0,0,0,0,0.518783001330167,0,0,0,0,0,0,0,0,0,0,0,0,0,0,0,0,0,0,0,0,0.444444444444444,0,0,0,0.375154289247425,0
"16S_ASV_84","red",0,0,0,0,0,0,0,0,0,0,0,0,0,0,0,0,0,0,0,0.252028958464543,0.349914920111074,0.433645563470823,0.258576255483189,0.316029483355886,0.265749222753456,0.227635238753303,0.104235420964768,0,0.220169747983886,0,0,0,0,0,0,0,0,0,0,0,0.164810671557567,0,0.428800209566408,0,0.257766938144391
"16S_ASV_840","green",0,0,0,0,0,0,0,0,0,0,0,0,0,0,0,0,0.390025256551585,0,0,0.27351959268222,0.264245031001488,0.373698906632004,0.349563318607246,0.282489820618579,0.353112275773224,0.254632883259228,0,0.211867365463935,0,0.356625917296795,0,0,0,0,0,0,0,0,0,0,0,0,0,0,0
"16S_ASV_842","brown",0.384538261016331,0,0.234814489781889,0,0,0,0,0.291912713977061,0,0,0,0,0,0.377964473009227,0,0,0,0,0.229415733870562,0,0,0,0,0,0,0,0,0,0,0,0.287587842088801,0,0,0.283196930161915,0,0,0,0,0.453336281871585,0.283196930161915,0,0.260132990857236,0,0,0
"16S_ASV_85","black",0,0,0.106488371217405,0,0,0,0,0.279496757818847,0,0,0,0,0,0,0,0,0,0,0,0,0,0,0,0,0,0,0,0,0,0,0,0.134386155563822,0.521281656409176,0,0.307405448939669,0.626651534871716,0.296273934788586,0.213960473962626,0,0,0,0,0,0,0
"16S_ASV_854","brown",0.195366166291141,0.400381497463919,0.370681237929129,0.280856559696728,0,0,0,0,0,0.387462548465144,0,0,0.207983166279078,0,0.315018477587227,0,0.459560582244801,0,0,0,0,0,0,0,0,0,0,0,0,0,0,0,0,0,0,0,0,0,0,0.285350550002569,0,0,0,0,0
"16S_ASV_856","greenyellow",0,0,0,0,0.326910123746013,0,0,0,0,0,0,0,0,0.467792172379402,0,0,0.319031613611348,0.470504033778167,0,0,0,0,0,0,0,0,0,0.294132614497171,0,0,0,0,0,0.298426748420828,0,0,0.419013745698121,0,0,0,0,0,0,0,0
"16S_ASV_86","yellow",0,0,0,0,0,0.126411292891749,0.338824962067586,0,0.34006381432503,0.480485456783016,0.613144496228121,0.362799135588623,0,0,0.123039717479259,0,0,0,0,0,0,0,0,0,0,0,0,0,0,0,0,0,0,0,0,0,0,0,0,0,0,0,0,0,0
"16S_ASV_860","brown",0,0.349927106111883,0.462910049886276,0.529728463363976,0,0,0,0.225876975726313,0,0,0,0,0,0,0.298807152333598,0,0,0,0,0,0,0,0,0,0,0,0,0,0,0,0.290144228736999,0,0,0.357142857142857,0,0,0,0,0,0,0,0.174963553055941,0,0,0
"16S_ASV_863","grey",0,0.551677284367371,0,0,0.237204520729963,0,0.446641344983414,0,0,0,0,0,0,0,0,0,0,0,0,0,0,0,0,0,0,0,0,0,0,0,0,0.202288694969669,0.537589580948847,0,0,0,0,0,0,0,0,0,0,0,0.331623920356222
"16S_ASV_864","black",0,0,0,0,0,0,0,0,0,0,0,0,0,0,0,0,0,0,0,0,0,0,0,0,0.378447494897062,0.307618523516108,0,0,0,0,0,0,0,0,0.457950510510389,0.594088525786005,0,0,0,0,0,0.2477520417046,0,0.3716280625569,0
"16S_ASV_865","grey",0,0,0,0,0,0,0.508895233790177,0,0,0,0,0,0,0,0,0,0,0,0,0,0,0,0,0,0,0.513909101011613,0,0,0,0,0,0,0,0,0,0,0,0.392232270276368,0,0,0,0.312147236790425,0,0.332048807039583,0.339683110243379
"16S_ASV_866","brown",0,0.300343446019736,0,0.393241878819807,0,0,0,0,0,0,0,0,0,0,0,0,0,0,0,0,0,0,0,0,0.32900976076769,0,0,0,0,0,0,0.494818513017391,0,0.505128339311167,0,0,0,0,0.383284772062295,0,0,0,0,0,0
"16S_ASV_867","yellow",0.283025368426801,0.383779652542219,0,0,0,0,0,0,0,0,0.530710605481015,0.448943635211481,0.428325264605932,0,0.325489097290186,0,0,0,0,0,0,0,0,0,0,0,0,0,0,0,0,0,0,0,0,0,0,0,0,0,0,0,0,0,0
"16S_ASV_87","red",0,0,0,0,0,0,0,0,0,0,0,0,0,0,0,0,0,0,0,0.224922696107537,0.358585378761767,0.428240054978545,0.283765335442247,0.304546770208649,0.283765335442247,0,0,0,0.235900913831871,0,0,0,0,0,0,0,0,0,0,0,0.150882731453694,0,0.4521822671204,0.124894559238933,0.2918222101912
"16S_ASV_870","brown",0.310006283974851,0.404519917477945,0.3530939318019,0.161164592805076,0,0,0,0.274453411938484,0,0,0,0,0,0,0,0,0,0,0.152894157431288,0,0,0,0,0,0,0,0,0,0,0,0.349396511256083,0,0,0.227921152919276,0.404519917477945,0,0,0,0.39146743574243,0,0,0,0,0,0
"16S_ASV_873","grey",0,0,0,0,0,0,0,0,0,0.496742636335202,0,0,0,0,0,0,0,0,0,0,0,0,0,0,0,0,0,0,0,0,0,0,0,0,0,0,0,0.297172825661581,0.394771016975861,0.183755908112457,0,0.305788314862575,0.420265840419343,0.330289129537908,0.310006283974851
"16S_ASV_878","grey",0,0,0,0,0,0.184476051596313,0.412500991590114,0,0,0,0,0,0.306986706057991,0,0.223020671452868,0,0,0,0,0,0,0,0,0,0.339386573207159,0.228814380978138,0,0.428072509393478,0,0,0,0,0,0,0,0,0,0,0.396318133356556,0,0,0.20465780403866,0,0.319521894144511,0
"16S_ASV_88","red",0,0,0,0,0,0,0,0,0,0,0,0,0,0,0,0,0,0,0,0.230915673447598,0.336142766356317,0.416034928056136,0.269008618639335,0.311983809816811,0.271358083497572,0.149763532046705,0.106893185915151,0,0.229075678599023,0,0,0,0,0,0,0,0.165853567462487,0,0,0,0.172114380966324,0,0.412459362057806,0.119952028780813,0.298819797311592
"16S_ASV_884","grey",0,0,0,0,0.348845412314856,0.51946248164932,0,0.333333333333333,0,0,0,0,0,0,0,0,0,0,0,0,0,0,0,0,0,0,0,0,0,0,0,0,0,0,0,0,0,0,0.532042087685536,0.299911803614146,0,0,0,0.352616823674969,0
"16S_ASV_886","grey",0,0,0,0,0,0,0,0,0,0,0,0,0,0,0,0,0,0,0,0,0,0,0,0,0,0,0,0,0,0,0,0,0,0,0,0,0,0.25717224993682,0.408248290463863,0.433394379094478,0.471404520791032,0.304290309725092,0.218217890235992,0.276982989946272,0.374448448002713
"16S_ASV_89","magenta",0,0,0,0,0.22643141663797,0.145555627434896,0.148438196920755,0,0.495317053058793,0.272309644289146,0,0.197441259232861,0.138086192684749,0.298300269606746,0,0,0,0,0,0.08487278615969,0.131806226544622,0.130188910980824,0,0.285229613124917,0.194195428387951,0.278464311683483,0,0.16974557231938,0.23917230155373,0.231062395271222,0,0,0,0,0,0,0,0,0,0.106961104921844,0,0,0.170989146250846,0,0.144092719678708
"16S_ASV_890","green",0,0,0,0,0,0,0,0,0,0,0,0,0,0,0,0,0,0,0,0,0.272526250165333,0.199468790562554,0.509849928510461,0.309015721574763,0.437014224437538,0,0,0.582685632583384,0,0,0,0,0,0,0,0,0,0,0,0,0,0,0,0,0
"16S_ASV_9","yellow",0,0,0,0,0,0.120701713946826,0.343488335935606,0,0.34900657404555,0.491387491766655,0.582566568747069,0.37855077944711,0,0,0.127439182214897,0,0,0,0,0,0,0,0,0,0,0,0,0,0,0,0,0,0,0.0724869555809907,0,0,0,0,0,0,0,0,0,0,0
"16S_ASV_90","black",0,0.177869198858381,0.187237060896248,0,0,0,0,0.248982538350767,0,0,0,0,0,0,0,0,0.244652076906169,0,0,0,0,0,0,0,0,0,0,0,0,0,0,0.122326038453084,0.493653609605142,0,0.293145288035459,0.589925394374362,0.287252319097425,0.190631362515508,0,0,0,0,0,0,0
"16S_ASV_900","yellow",0,0.306734447862278,0.387991796831585,0,0.311085508419128,0,0,0.421211769587116,0.370265815588677,0.362933093155649,0.387991796831585,0,0.248652281287036,0,0,0,0,0,0,0,0,0,0,0,0,0,0,0,0,0,0,0,0,0,0,0,0,0,0,0,0,0,0,0,0
"16S_ASV_91","magenta",0,0,0,0.146426853164356,0.222067317841947,0.152171249563855,0.130968158962752,0.0717342149788216,0.48431663940455,0.264380566698892,0,0.186370957476581,0.166952299552598,0.250214316370263,0,0,0,0,0,0,0.115296619478291,0.0585707412657423,0,0.283176056977427,0.200770385903693,0.273939558382237,0,0.185216946644159,0.237915475715443,0.220127828137225,0,0,0,0,0,0,0.157706547296028,0,0,0,0,0.0853807936914934,0.180527148811407,0.117141482531485,0.154963615493863
"16S_ASV_912","pink",0,0,0,0,0,0,0,0,0,0,0,0,0,0,0,0,0,0,0,0.265444353127065,0.333333333333333,0.275464623513779,0.307978811786599,0.371767914314591,0,0,0.341366614231171,0.48834658268882,0,0.393028681797458,0,0,0,0,0,0,0,0,0,0,0,0,0,0,0
"16S_ASV_92","yellow",0,0,0,0,0,0.136112075876768,0.344839471485438,0,0.352867248595572,0.498165527429042,0.590751644420572,0.350416751944146,0,0,0.134520067006384,0,0,0,0,0,0,0,0,0,0,0,0,0,0,0,0,0,0,0,0,0,0,0,0,0,0,0,0,0,0
"16S_ASV_920","yellow",0.313197450583128,0,0,0,0.38001864288128,0.354034743288058,0.463959971965073,0.442928082315337,0,0,0,0,0.354034743288058,0,0.308816850918864,0,0,0,0,0,0,0,0,0,0,0,0,0,0,0,0,0,0,0,0,0,0,0,0,0,0,0,0,0,0
"16S_ASV_922","yellow",0,0.266166652021814,0,0,0.295285388210225,0,0.372779529556916,0.325986241999186,0.233443596627835,0.325986241999186,0.372779529556916,0,0.346252809626705,0,0.420846428785196,0,0,0,0,0,0,0,0,0,0,0,0,0,0,0,0,0,0,0,0,0,0,0,0,0,0,0,0,0,0
"16S_ASV_928","brown",0.291430106285049,0.441044836660861,0.465229358665576,0,0,0.450266283467236,0,0,0,0,0,0,0.300684151401615,0,0.234082294392261,0,0,0,0,0,0,0,0,0,0,0,0,0,0,0,0,0,0,0,0,0,0,0,0,0.395176395501609,0,0,0,0,0
"16S_ASV_929","grey",0,0,0.296093284079042,0,0.453298413911625,0,0,0,0,0,0,0,0.276969905887126,0,0.556407261900751,0,0,0,0,0,0,0,0,0,0,0,0,0,0,0,0,0,0,0,0,0,0.395176395501609,0,0,0.405442427039692,0,0,0,0,0
"16S_ASV_93","turquoise",0.183398984677816,0.185735371666399,0,0.109882527732207,0,0,0.164823791598311,0,0.148297801850315,0.121084648169879,0.185735371666399,0,0.115619336452089,0.200258565072419,0.228424304279741,0.119290702356985,0.262669481623028,0.261022634782712,0.28997925607211,0.24832339914897,0.109882527732207,0.185735371666399,0.19480090122189,0.166126766748902,0.177423464662514,0.159505488502561,0,0.134578062295565,0.115619336452089,0.145360920905289,0,0,0,0,0,0,0,0.136170757524623,0.210750317724247,0.185735371666399,0,0.13774503823525,0.140840818890092,0.164823791598311,0.183398984677816
"16S_ASV_933","purple",0,0,0,0.310086836473021,0,0,0,0.331496772065898,0,0.188982236504614,0,0,0.234403615469248,0.202999485735288,0,0,0,0,0,0,0,0,0,0,0,0,0,0,0,0,0,0.374312556708815,0,0,0,0.216109455376892,0,0,0,0.592999453328881,0,0,0,0,0.351605423203872
"16S_ASV_934","grey",0,0,0,0,0.4599331055039,0.581302062538994,0,0.301096895798247,0,0,0,0,0,0,0,0,0,0,0,0,0,0,0,0,0,0,0,0,0,0,0,0,0,0,0,0,0,0,0,0,0,0,0.347676747682558,0.438529009653515,0.216109455376892
"16S_ASV_937","greenyellow",0,0,0,0,0.301511344577764,0.336076863830588,0,0,0,0,0,0,0,0.340150671524904,0,0,0.246182981958665,0.262431940540739,0.367404716757035,0,0,0,0,0,0,0,0,0.26762911716145,0,0,0,0.47817375266847,0,0.216406922077056,0,0,0,0,0.262431940540739,0,0,0,0,0,0
"16S_ASV_94","magenta",0,0,0,0,0.217794028605184,0.178634560392022,0.15117763968536,0,0.45826227447122,0.285483181344419,0,0.160851550244446,0.132966290832031,0.283968671024339,0,0,0,0,0.206617557352874,0.107902500189841,0.140840818890092,0.0881020224785585,0,0.262669481623028,0.185735371666399,0.260195302638822,0,0.184570875098035,0.261022634782712,0.246580757273753,0,0,0,0,0,0,0,0,0,0.107902500189841,0,0,0.178634560392022,0,0.149744643935053
"16S_ASV_940","magenta",0,0,0.273103708065482,0,0.654352195365852,0,0,0,0.452128178178227,0,0,0,0,0,0,0,0,0,0.283037978436762,0,0,0,0,0,0,0,0,0,0.356471349766598,0,0,0,0,0,0,0,0,0,0,0,0,0,0,0.292635198012854,0
"16S_ASV_943","grey",0.490914687004674,0,0,0.427580968665051,0,0,0,0,0,0,0,0,0,0,0,0,0,0,0,0,0,0,0,0,0,0,0,0,0,0,0,0,0,0,0,0,0.341091615705677,0.488085183973458,0,0,0,0.360823926336897,0,0.30234540244937,0
"16S_ASV_95","black",0,0,0.0932302155883636,0,0,0,0,0.259541935945926,0,0,0,0,0,0,0,0,0,0,0,0,0,0,0,0,0,0,0,0,0,0,0,0.110311478723267,0.538802896702497,0,0.325639143537081,0.614895503147807,0.320934099495574,0.1852913887359,0,0,0,0,0,0,0
"16S_ASV_956","grey",0.385845052442534,0,0,0,0.330984231947313,0,0,0,0,0,0,0,0,0,0,0,0,0,0,0,0,0,0,0,0,0,0,0,0,0,0.468082389751533,0,0.427298806063066,0,0,0,0,0,0,0,0,0,0.502801142365493,0.295090921048739,0
"16S_ASV_957","magenta",0.259645393444749,0,0,0.317999364001908,0,0,0,0,0.359462770180818,0.290292374893569,0,0,0.248591538088063,0,0.224859506698758,0,0,0,0,0,0,0,0,0.474045463139977,0,0,0,0,0,0,0,0,0,0,0,0,0,0,0,0.367194036817263,0,0,0.382187670824606,0,0
"16S_ASV_96","yellow",0,0,0,0,0,0.123493095605825,0.329388421208372,0,0.354245954216038,0.496172715729536,0.582235194187677,0.3843337329726,0,0,0.133659731210551,0,0,0,0,0,0,0,0,0,0,0,0,0,0,0,0,0,0,0,0,0,0,0,0,0,0,0,0,0,0
"16S_ASV_960","grey",0,0,0,0,0,0,0,0,0,0,0,0,0,0,0,0,0,0,0,0,0,0,0,0,0,0,0,0,0,0,0,0,0,0,0,0,0.397173109453849,0.462692670184274,0.30947479362191,0,0,0.22517598751224,0.598119117628955,0,0.352056333520405
"16S_ASV_961","grey",0,0,0.309911596653163,0,0,0,0,0,0,0,0,0,0.637792804143281,0,0,0,0.431787769588373,0,0,0,0,0,0,0,0,0,0,0,0,0,0,0,0,0,0.31889640207164,0,0,0,0.36437393098563,0,0,0,0.276172385369497,0,0
"16S_ASV_966","greenyellow",0,0,0,0,0,0,0.358057437019716,0,0,0,0,0,0,0.333333333333333,0,0,0,0,0,0,0,0,0,0,0,0,0,0,0,0,0.373632358878537,0.345916347775181,0,0.477409916026289,0,0,0.522976360368491,0,0,0,0,0,0,0,0
"16S_ASV_97","purple",0,0,0.186785416924282,0.194785937052552,0,0.180854202265538,0.0781379459400241,0.169656280107315,0,0.160407244481004,0.200305044299724,0,0.130415819930307,0.185614336935171,0,0,0,0,0,0,0,0,0,0,0,0,0,0,0,0,0.161760916112896,0.28173037064619,0.247093880857583,0,0,0.203544689125014,0.180854202265538,0.256617604333575,0.324867043151692,0.439045072475558,0,0.153459879393655,0,0,0.337379139574934
"16S_ASV_978","grey",0,0,0.583144610613532,0,0.383371964807778,0,0.339519918732522,0,0,0,0,0,0,0,0,0,0,0,0,0,0,0,0,0,0,0,0,0,0,0,0,0.313021898489095,0.313021898489095,0,0,0,0,0,0,0,0,0,0,0,0.449142635059557
"16S_ASV_98","magenta",0,0,0,0,0.227809301969151,0.182055904537038,0.135338892367192,0,0.442508016834645,0.274676195996645,0,0.189105821631613,0.160407244481004,0.25746592930638,0,0,0,0,0.0781379459400241,0.143168311038623,0.165755614326537,0.127027816987874,0,0.258311468296111,0.17596534567444,0.239930212269534,0,0.161760916112896,0.235342213088153,0.233481771155352,0,0,0,0,0,0,0,0,0,0.141637055130207,0,0.154874286061986,0.195902197979338,0.157665038238029,0.169656280107315
"16S_ASV_988","brown",0.264520028506443,0,0,0.358161811730291,0,0,0,0.295742382575295,0,0,0,0,0,0,0.280565858874847,0,0,0,0.310177227623891,0,0,0,0,0,0,0,0,0,0,0,0.179080905865145,0,0,0.341493888381255,0,0,0.473803541479343,0,0.407652741947718,0,0,0,0,0,0
"16S_ASV_99","yellow",0,0,0,0,0,0.130415819930307,0.353784597194939,0,0.355015156031084,0.474835569584011,0.593980562689581,0.375898400503501,0,0,0.110503742884358,0,0,0,0,0,0,0,0,0,0,0,0,0,0,0,0,0,0,0,0,0,0,0,0,0,0,0,0,0,0
"16S_ASV_998","greenyellow",0,0,0,0,0.368365600102986,0,0,0,0,0,0,0,0,0.479675406473191,0,0,0.27694072505094,0.24289308377863,0,0,0,0,0.454411350558307,0,0,0.307238149057027,0,0.271562723296784,0,0,0,0,0,0.351985518607988,0,0,0,0,0,0,0,0,0,0,0
"18S_ASV_1","magenta",0.127577963902615,0.0148177240077283,0.125404078610623,0.00474321787216265,0.124316286204547,0.0126485809924337,0.0116005199419278,0.0546252392547411,0.208037757769433,0.282700471766715,0.0497347246980124,0.326904369197001,0.019831802601511,0.254546145503965,0.19407304194827,0.0115645492508594,0.00359382595383027,0.00288663047082793,0.00695192676569966,0.00532268359151488,0.00329126512418036,0.00491575455833849,0.00540039111203004,0.00919653467738744,0.00710017215456283,0.00566397798187655,0.0541772170391605,0.244745582203573,0.113005223319028,0.198597239392568,0.155930156431025,0.00625806573415682,0.168651863892149,0.0104677675030413,0.0921441203624283,0.108902892852887,0.00577326094165587,0.101388144049846,0.212783046198103,0.244880878102381,0.225483536531426,0.20519151337329,0.290277929666433,0.284768692878611,0.225850934673013
"18S_ASV_10","magenta",0.13051522317228,0,0.127890403062681,0,0.130663620290336,0,0,0.0438010306901979,0.224381117252814,0.201059169740731,0.0461703402813208,0.338308924181846,0,0.185884169054978,0.141075615777776,0,0,0,0,0,0,0,0,0,0,0,0.059875974808022,0.239180026333107,0.0989264493750485,0.227000023135393,0.168206649681324,0,0.176086768763913,0,0.099414978022036,0.122945895377546,0,0.108279045845959,0.217451118539125,0.25983987937991,0.231856865963313,0.216020503543627,0.3228324126183,0.314778186618856,0.221687577373969
"18S_ASV_101","magenta",0,0,0,0,0,0,0,0,0.192415994576852,0.314683470249367,0,0.279503545708768,0,0.282027330966112,0.205762855064654,0,0,0,0,0,0,0,0,0,0,0,0,0.230530639077731,0,0,0,0,0,0,0,0,0,0,0.255324174359578,0.303799383713545,0.272442613877694,0.280452626693545,0.342966788322047,0.324658299623796,0.27823306846909
"18S_ASV_102","blue",0,0,0,0,0,0,0,0,0,0,0,0,0,0,0,0,0,0,0,0.108387974462982,0.279856546682855,0.0998396721156449,0,0.112418634790689,0.0998396721156449,0.129351973592473,0.252082815394102,0,0.731603621522313,0.510132295645124,0,0,0,0,0,0,0,0,0,0,0,0,0,0,0.0400249121426348
"18S_ASV_104","blue",0,0,0,0,0,0,0,0,0,0,0,0,0,0,0,0,0,0,0,0.625268636002831,0,0.107584847246126,0.14408542590333,0.104992060275651,0.451180907079521,0.118939523814367,0.237879047628733,0,0.469538767748222,0.222721793374979,0,0,0,0.145985535563597,0,0,0,0,0,0,0,0,0,0,0
"18S_ASV_1051","green",0,0,0,0,0,0,0.22778672580471,0,0,0,0,0,0,0,0,0,0,0,0,0.636914733193142,0,0,0.5,0.356873213573165,0.369854637432314,0,0,0,0,0,0,0,0,0,0,0,0,0,0.168231646227613,0,0,0,0,0,0
"18S_ASV_106","grey",0.0626165828284193,0.140014935723092,0.195639546012948,0.217769259391843,0.152156517033867,0,0,0.190808194243044,0,0,0,0,0,0,0,0,0,0,0.0926741543244988,0.297173641603069,0,0,0.412871689648876,0,0.138000227294679,0,0,0,0,0,0,0,0,0,0.0492664639082147,0,0.736466139687798,0,0,0,0,0,0,0,0
"18S_ASV_1071","turquoise",0,0,0,0,0,0,0,0,0,0,0,0,0,0,0,0.593849311552112,0,0,0.533876534967938,0,0,0,0,0,0,0,0,0,0,0,0,0,0,0,0,0,0.219793491131929,0,0.250603137185371,0.310834936080105,0,0,0.393178549746392,0,0
"18S_ASV_1079","green",0,0,0,0,0,0,0,0,0,0,0,0,0,0,0,0,0.430541349533975,0,0.356130970701346,0.349215147884789,0,0.139686059153916,0.220863052149693,0.312347523777212,0.220863052149693,0.592637757989754,0,0,0,0,0,0,0,0,0,0,0,0,0,0,0,0,0,0,0
"18S_ASV_11","blue",0,0,0,0,0,0,0,0,0,0,0,0,0,0,0,0.0521273824036087,0.023710599970239,0,0.0407817724384711,0.367291148189097,0.106587872045033,0.0509915733051819,0.306064264169843,0.128051875175664,0.224938501785228,0.368564478921911,0.226236484294542,0.119928142770734,0.361700002133933,0.582681260547968,0,0,0,0,0.090804684610694,0,0,0.0290394357111678,0,0,0,0.0684466063773252,0,0,0
"18S_ASV_1112","green",0,0,0,0,0,0,0,0,0,0,0,0,0,0,0,0.31943828249997,0,0,0.294507544686976,0.566946709513841,0,0,0.335029697130245,0.364215679542342,0.494871659305394,0,0,0,0,0,0,0,0,0,0,0,0,0,0,0,0,0,0,0,0
"18S_ASV_1133","brown",0,0,0.50395263067897,0.424139340186901,0,0,0,0.391713100928669,0,0.370899093509458,0,0,0,0,0,0,0,0,0,0,0,0,0,0,0,0,0,0,0,0,0.370899093509458,0,0,0.370899093509458,0,0,0,0,0,0,0,0,0,0,0
"18S_ASV_114","blue",0,0,0,0,0,0,0,0,0,0,0,0,0,0,0,0,0,0,0,0,0.36774578464711,0,0.077128723418741,0.0629753389627222,0.210755795070174,0.242679862708932,0.355406390152754,0.368015294235976,0.686257846184314,0.137251569236863,0,0,0,0,0,0,0,0,0,0,0,0,0,0,0
"18S_ASV_1153","grey",0,0,0,0,0,0.352596546103793,0.476473532346789,0,0,0,0,0.395925190859027,0,0,0,0.0735214622093808,0.254685815986805,0,0,0.55507486711984,0,0,0.336917665778323,0,0,0,0,0,0,0,0,0,0,0,0,0,0,0,0,0,0,0,0,0,0
"18S_ASV_116","red",0,0.109456980914542,0.279419183078407,0.122376624968407,0,0,0.212902503598099,0,0,0.0423925064208166,0,0,0.0547284904572712,0.0489506499873628,0,0,0,0.0859545165406567,0,0.115665873312751,0.51939230896022,0.210544706612226,0.226534525787576,0.0528727449311034,0.252384791671552,0.176494078496727,0,0,0,0,0.0528727449311034,0.148205452767541,0,0.220277924943133,0,0.0835991500637046,0.432320434939703,0,0.0979012999747256,0,0.0468666792401936,0.282263217514541,0,0,0
"18S_ASV_1185","grey",0,0,0,0,0,0,0,0,0,0,0,0,0,0,0,0.452267016866645,0,0,0,0,0,0,0.0753778361444409,0,0,0,0.548758930347711,0,0,0,0,0,0,0,0,0,0.452267016866645,0.328564370336385,0,0,0,0.419686029832259,0,0,0
"18S_ASV_119","blue",0,0,0,0,0,0,0,0,0,0,0,0,0,0,0,0.453709213349452,0.241483839362799,0.112113980446599,0.435163649225499,0,0.133891954312539,0.221918651546888,0,0.12095505651045,0.284933140761665,0.328280963027364,0.236744177290901,0.455069663819176,0,0,0,0,0,0,0,0,0,0,0,0,0,0,0,0,0
"18S_ASV_12","grey",0.587163327334762,0.147487658059024,0,0.182555318043362,0.0586172519476686,0.0897794479923006,0,0,0,0,0,0,0,0,0,0,0,0,0,0,0,0,0,0,0,0,0.283497764969295,0,0,0.016073099522584,0.0317418282432704,0.0693196092436316,0.0789056596901368,0,0.618386263378102,0,0,0.302669737043566,0,0,0,0.144657895703256,0,0,0.0325455460221188
"18S_ASV_123","blue",0,0,0,0.0423761150775819,0,0,0,0,0,0,0,0,0,0,0,0.176637758895329,0.0970958775005892,0.112116662024336,0.145258004139374,0.0911332813627471,0.183493960854393,0.118917678002113,0.298518602066977,0.222222222222222,0.47590660129248,0.515092094018017,0,0.113113274175106,0.419502136643795,0.220701869896886,0,0,0,0,0,0,0,0,0,0,0,0,0,0,0
"18S_ASV_127","blue",0,0.143500238226717,0.1086282309059,0.164532065431935,0,0,0.135198279330469,0,0.145103642609569,0.0713458898735659,0.129962796798147,0,0.052692431758707,0,0,0,0.0760549741503637,0.1551223189194,0,0.083314049905253,0,0.17868872990043,0.421813804540658,0.182531937960873,0.428075339241395,0.201796650157548,0.47006650311746,0,0,0.204643005825781,0,0.098578513258524,0,0.156606776846894,0,0,0,0.0925248694009264,0,0.152109948300727,0,0.209116605613171,0,0,0
"18S_ASV_129","green",0,0,0,0,0,0,0,0,0,0,0,0,0,0,0,0.14504436618736,0.110250681250605,0.119411052807066,0,0.406526926688119,0.506156579927061,0.19278718946226,0.464242686126829,0,0.41081681256119,0.212401834983696,0.210189255533329,0.142606472120318,0,0,0,0,0,0,0,0,0,0,0,0,0,0,0,0,0
"18S_ASV_13","green",0,0,0,0,0,0,0,0,0,0,0,0,0,0,0,0.125636832214198,0.35454164059777,0.34526369335461,0.320739968019105,0.298318714666523,0.435881288034499,0.0600590310023419,0.308027306969283,0.100354309704134,0.268000597806741,0.335686467231454,0,0.148674915139959,0.122732213244244,0.164960194817021,0,0,0,0,0,0,0,0,0,0,0,0,0,0,0
"18S_ASV_1333","grey",0,0,0.547722557505166,0.0845154254728517,0,0,0,0,0,0,0.405321741688889,0,0,0,0,0,0,0,0,0,0.0845154254728517,0.405321741688889,0,0,0.422577127364258,0.207019667802706,0,0,0,0,0,0,0,0.223606797749979,0,0,0.29277002188456,0,0,0,0,0,0,0,0
"18S_ASV_135","blue",0,0.0768095372642568,0.0940720868383597,0.242386528308013,0,0,0.0783934056986331,0,0,0,0,0,0,0,0,0,0.186833048478938,0.247901715545304,0.178764469334816,0.188796321814745,0.148741029327182,0.106337989189829,0,0.304020907007624,0.303616354723288,0.287394972479495,0.0751923132538695,0.207409455905977,0.309629143475991,0.0900671660222538,0.0768095372642568,0,0,0.113060577561869,0,0.0718487431198737,0.498769380363905,0,0,0.124445673543586,0,0,0.122454414290194,0,0
"18S_ASV_136","turquoise",0,0,0,0,0,0,0,0,0,0,0,0,0,0,0,0.226189392162937,0.166378066161541,0,0.652005537521708,0.193824581423039,0,0.196986691928253,0,0,0,0.182664412767094,0,0.186016332951081,0,0.582747510843221,0,0,0,0,0,0,0,0,0,0,0,0.110048746669822,0,0,0
"18S_ASV_140","grey",0.0895659570754078,0.189998086834452,0.239075683103052,0.291949301395138,0.255792752660944,0.129600113893404,0.241163719979903,0.0909546593785736,0.0852642508869815,0.0592423120897538,0.0791658695143551,0,0,0.0633326956114841,0,0.506908897864814,0,0,0.199019909914792,0,0,0,0,0,0,0.11417464072028,0,0,0.362437916641462,0.189998086834452,0,0,0,0,0.0742641684020513,0.0525126970762702,0.0525126970762702,0,0.117421960344395,0.284556979980906,0.11526724590899,0.0708081062927905,0.202763559145925,0.0387831970707849,0
"18S_ASV_141","blue",0,0,0,0,0,0,0,0,0,0,0,0,0,0,0,0.461920115946425,0.150395307204891,0.198638239112458,0.166268268076286,0,0.310655210747889,0,0.318642508941681,0,0.322561998342282,0.283588110888567,0,0.389611259979727,0.383434303095261,0,0,0,0,0,0,0,0.124827098313971,0,0,0,0,0,0,0,0
"18S_ASV_142","green",0,0,0,0,0,0,0,0,0,0,0,0,0,0,0,0.121002745944348,0.19694559509854,0.259917590528062,0.29422037764074,0.149491818339069,0.719976595789377,0,0.10631245236988,0.271044634585961,0.349672335705984,0.211413356958926,0,0,0,0,0,0,0,0,0,0,0,0,0,0,0,0,0,0,0
"18S_ASV_143","brown",0.129381738678121,0.234210362597342,0.318540322662592,0.476325968239789,0.424585662505887,0.177254071669046,0.318135826851601,0.134265775537016,0,0.0555913124978914,0.0532246295412349,0,0.302789843646382,0.146202685820853,0.140819133389649,0,0,0,0,0,0,0,0,0,0,0,0,0,0,0,0,0,0,0,0,0.175061153363462,0.192573955411573,0,0,0.112334807323418,0,0.223520401920461,0,0,0
"18S_ASV_146","green",0,0.0729519004308788,0.159829605915453,0.0672583289266491,0,0,0,0,0,0,0,0,0,0,0,0,0,0,0,0.600248307675651,0.114187785915869,0.0965062931048255,0.146812867606117,0.28395068870074,0.600026609308836,0.0747534531998402,0.197105180977774,0.221274069749682,0,0.162307732081871,0,0,0,0,0,0,0,0,0,0,0,0,0,0,0
"18S_ASV_147","grey",0,0.115801388963275,0.376513548371476,0,0.695595652257487,0,0,0.530668630505232,0,0,0,0,0,0,0,0,0,0,0,0,0.0843533631464126,0,0.199204768222399,0,0,0,0,0,0,0.109734216398053,0,0,0,0,0,0,0,0,0.0618984460590173,0.0859602382591879,0,0,0.096461761200161,0,0
"18S_ASV_15","red",0,0,0,0,0,0,0,0,0,0,0,0,0,0,0,0,0,0,0,0.130489109036718,0.39867819194209,0.482816485566444,0.033853737016814,0.220884747575703,0.321979372217334,0.108120165566081,0.638238185374278,0.108874676922113,0.0801125636590178,0,0,0,0,0,0,0,0,0,0,0,0,0,0,0,0
"18S_ASV_150","green",0,0,0,0,0,0,0,0,0,0,0,0,0,0,0,0,0.163852296467693,0.123694102312447,0.199595433771537,0.477858483017878,0.305360121324233,0.25372513359542,0.566837586866403,0.167338906022545,0.238475721502124,0.1431661125992,0.223477657226502,0,0,0.235429929558885,0,0,0,0,0,0,0,0,0,0,0,0,0,0,0
"18S_ASV_1506","blue",0,0,0,0,0,0,0,0,0,0,0,0,0,0,0,0,0,0,0.436931448752651,0.301511344577764,0,0,0,0.356753034006338,0.269679944985297,0.555959449142569,0,0,0,0,0,0,0,0.457264594180338,0,0,0,0,0,0,0,0,0,0,0
"18S_ASV_154","pink",0,0,0,0,0,0,0,0,0,0,0,0,0,0.560686633928682,0,0,0,0,0,0.40524421513489,0,0,0.426057421818019,0,0,0,0,0,0.229751874320245,0.357983927947362,0,0,0,0,0.339483824153921,0,0,0.20903352521248,0,0,0,0,0,0,0
"18S_ASV_155","blue",0,0,0,0,0,0.122169444356305,0,0,0,0,0,0,0,0,0,0,0,0,0,0,0.378133672960853,0,0.299751140562729,0.169282947806064,0.397003703129464,0.366100875096289,0,0.276977287715884,0.589206397711768,0.089775840249687,0,0,0,0,0,0,0,0,0,0,0,0,0,0,0
"18S_ASV_157","green",0,0,0,0,0,0,0,0,0,0,0,0,0,0,0,0,0.0840211029062276,0,0,0.43411885170936,0.414219332000656,0.226403270208721,0.321139774964822,0.228427780872377,0.414959670986374,0.400276147771933,0,0.275342300497429,0,0.134570685851284,0,0,0,0,0,0,0,0,0,0,0,0,0,0,0
"18S_ASV_16","blue",0,0.0480737580236759,0,0.155439235192546,0,0,0,0,0,0,0,0,0,0,0,0,0,0,0,0.390418545308807,0,0,0.113978532275755,0.642284118266699,0.421264059470621,0.309014368992308,0,0.251683873227627,0.203787926222018,0,0,0.099018221382925,0,0,0,0.0710096466253671,0,0,0,0,0,0,0.0539107224215763,0,0
"18S_ASV_160","blue",0,0,0,0,0,0,0,0,0,0,0,0,0,0,0,0,0.140974526190728,0.123052654729437,0.2716929051343,0,0.131719997451817,0,0,0.139851205291378,0.325566722580388,0.522672095939526,0.230210437265272,0.0870113666021921,0.643825318708005,0,0,0,0,0,0,0,0,0,0,0,0,0,0,0,0
"18S_ASV_161","turquoise",0,0,0,0,0,0,0,0,0,0,0,0,0,0,0,0.329007266786339,0.348736747884498,0.217800647234321,0.540319572447,0.372571196420791,0.243345042959873,0,0.451394246043688,0,0,0,0.170210649122835,0,0,0,0,0,0,0,0,0,0,0,0,0,0,0,0,0,0
"18S_ASV_164","magenta",0,0,0.167943824551926,0,0.166024403519792,0,0,0,0.259437260831385,0.291437639017162,0,0.35536185963332,0,0.264938309219916,0.199357943768463,0,0,0,0,0,0,0,0,0,0,0,0,0.313172353628035,0,0.23952410081617,0.209547742555859,0,0.227866357593825,0,0,0.129099444873581,0,0,0.199357943768463,0.228568566831902,0,0.197743682838578,0.244818090499655,0.241522945769824,0.196116135138184
"18S_ASV_1651","grey",0,0.466252404120157,0.147441956154897,0,0,0,0,0,0,0,0.531609533071195,0,0,0,0,0,0.531609533071195,0,0.180578779628654,0,0,0,0,0,0,0,0,0,0,0,0.403786426543624,0,0,0,0,0,0,0,0,0,0,0,0,0,0
"18S_ASV_168","grey",0,0,0,0.426954303520696,0,0,0.451328812561673,0,0,0,0,0,0,0,0,0,0,0,0,0.405924340516565,0.418514122474197,0,0,0,0,0,0,0,0,0,0.161086160846758,0,0,0.464434058275112,0,0,0.0882305239976751,0,0,0.124776803652797,0,0,0,0.095299857952264,0
"18S_ASV_170","greenyellow",0,0,0.136975704587114,0,0.211580466050673,0,0.197915403423893,0,0,0,0,0,0,0.559200972327723,0,0,0,0,0,0,0,0,0,0,0,0,0,0,0,0,0.381432109616134,0,0,0.505076272276105,0,0,0.260399247826482,0.291981945026055,0,0,0,0.175901702156611,0,0,0
"18S_ASV_175","grey",0,0,0,0.165776852909249,0,0,0.264074773666958,0,0,0.0693494330768938,0,0,0,0,0,0,0,0,0,0,0,0,0,0,0,0,0,0,0,0,0,0.230006048939919,0,0.32421985746387,0,0,0.810443682531873,0.16987072498968,0.131058109631984,0.10807328582129,0,0.15943907171223,0,0,0
"18S_ASV_177","green",0,0,0,0.165376021875908,0.0898026510133875,0,0,0,0,0,0,0,0,0,0,0.142606472120318,0,0.199051044642,0.217566549281039,0.524304120391197,0.296662122872579,0.198168330560225,0.360185397172909,0.236856458149616,0.270706312141738,0.404220372318015,0,0,0,0.180578779628654,0,0,0,0,0,0,0,0,0,0,0,0,0,0,0
"18S_ASV_18","blue",0.0360056304115309,0.038637164559138,0.0944335634096893,0,0.221599336550307,0.0738959861880228,0.0752133089189579,0.0875247250192063,0,0,0,0,0,0,0,0.248032921190126,0.0983062212722917,0.0923301021908647,0.123301662361351,0.128756651820166,0.330294535915607,0.0524399741965425,0.266730497173039,0.0645307008591158,0.19318582279569,0.28633515614755,0.145109499494172,0.35940106007073,0.572670312295101,0.155814434152921,0,0,0,0,0,0,0,0,0,0,0,0,0,0,0
"18S_ASV_181","green",0,0,0,0,0,0,0,0,0,0,0,0,0,0,0,0,0.113082818257975,0.145571580776277,0,0.24848830496729,0.50608283831804,0.11782959897803,0.509321225819733,0.150507605377869,0.402767191195176,0.404577389939339,0.122392422173435,0,0,0.10642494838284,0,0,0,0,0,0,0,0,0,0,0,0,0,0,0
"18S_ASV_182","green",0.0918377740965472,0.085639165923118,0.160216208886697,0.144575551906333,0.135407410617065,0,0.103123211611211,0,0,0,0,0,0.124102941762133,0,0,0,0.201752497895418,0.144575551906333,0.239177174019715,0.386800932646432,0.325541494118808,0.164730224725237,0.234532514910097,0.23609088763452,0.326104228322949,0,0,0,0,0.111659811293108,0,0,0,0,0,0.408023669654306,0.289784513342387,0,0,0,0,0.108325928493652,0,0,0
"18S_ASV_183","green",0,0,0,0,0,0,0,0,0,0,0,0,0,0,0,0.368052380872722,0.321751812854085,0.308946388194242,0.298060298031873,0,0,0,0.387961273935198,0,0.602552085842142,0.251281590236485,0,0,0,0,0,0,0,0,0,0,0,0,0,0,0,0,0,0,0
"18S_ASV_186","turquoise",0,0,0,0,0,0,0,0.123319565088153,0,0,0,0,0,0,0,0,0.326840826421706,0.326272901011895,0.424141653735205,0.507364166675291,0.350920789628474,0,0.456164502578251,0,0,0,0,0,0,0,0,0,0,0.0544734710702843,0,0,0,0,0,0,0,0,0,0,0
"18S_ASV_187","brown",0.24892452507992,0.542690407082647,0.226962019110469,0.155765158559696,0.143283106211337,0,0,0.289804351502968,0,0,0.333519917917401,0,0,0,0,0,0,0,0,0,0,0,0,0,0,0,0,0,0,0,0,0.206284249251759,0,0.556276749758393,0,0,0,0,0,0,0,0,0,0,0
"18S_ASV_188","blue",0,0,0.171850837299019,0.565685424949238,0,0,0,0,0,0,0,0.20913707886697,0,0,0,0,0,0,0,0,0,0.198122024138151,0,0.222978981449428,0.238374558010166,0.330392007325651,0.363266591943754,0,0.170759709840093,0,0,0,0,0,0,0,0.144687869012065,0,0.249110567351839,0.144687869012065,0,0,0.294497830149251,0,0
"18S_ASV_190","blue",0,0,0,0.254073009123084,0,0,0,0,0,0,0,0,0,0,0,0.204980015422697,0,0,0.26001704122328,0.324690603154648,0.183339699405642,0,0.123607600123336,0.585670497161352,0.418717894679312,0.373900220774865,0,0,0,0.11562432251572,0,0,0,0,0,0,0,0,0,0,0,0,0,0,0
"18S_ASV_191","red",0,0,0.153171598090307,0,0.205688337801861,0,0,0,0,0,0.142774701486697,0,0.0960768922830523,0,0,0,0,0,0,0.296777564982468,0.246514159368647,0.336269122990683,0,0.185015591858549,0.295478751025674,0.251151195650992,0,0,0,0,0,0.0832050294337844,0,0.3,0,0.23858557568109,0.227866357593825,0.409502512437113,0,0,0,0.29088723694137,0,0,0
"18S_ASV_1911","brown",0.450693909432999,0,0.467707173346743,0.176776695296637,0,0.433012701892219,0,0,0,0,0,0,0.530330085889911,0,0,0,0,0,0,0,0,0,0,0,0.21650635094611,0,0,0,0,0,0,0,0,0,0,0,0.176776695296637,0,0,0,0,0,0,0,0
"18S_ASV_192","blue",0,0,0,0,0,0,0,0,0,0,0,0,0,0,0,0.418763522058484,0,0,0.305564966904925,0,0,0.0949902433510666,0,0.400568446615177,0.253651249658879,0.210549543431729,0.16091148767393,0,0.552109972500057,0,0.0686128888838578,0,0,0.343064444419289,0,0,0,0,0,0,0,0,0,0,0
"18S_ASV_196","green",0,0,0,0,0,0,0,0,0,0,0,0,0,0,0,0,0,0,0,0.680585351965112,0.141162316189544,0,0.539606592344673,0.18482485691825,0.199633662051252,0.261381819317456,0,0,0,0.288733826297075,0,0,0,0,0,0,0,0,0,0,0,0,0,0,0
"18S_ASV_199","grey",0,0.54412204152083,0.253557812523228,0,0,0,0,0.169307497368039,0,0,0.20337045350675,0,0,0,0,0.494440840214221,0.227149843929182,0.168093807903588,0,0,0,0,0.154113671525351,0.179862537373774,0.233374279781544,0.247013281050961,0,0,0.174077655955698,0.107079463325194,0.0991363194193219,0,0,0,0,0,0.148704479128983,0,0,0,0,0,0,0,0
"18S_ASV_2","black",0.00889073308405751,0.180357398881095,0.256990133029389,0.00717991468272951,0.0894852827391076,0.185087746923364,0.323409797359707,0,0,0.007865202465387,0.0835259979280256,0.0493624573736991,0.104606864251017,0.0445309090327049,0,0.146289476905413,0.00642191092129281,0,0.0118704062522512,0.014714446451544,0,0.00889073308405751,0,0.405992273903662,0.0103217776905257,0.00945279692695288,0,0.00414532567483243,0.00808072736896963,0.232500670857197,0.0164773436638529,0.0101539327209978,0.0144790001172451,0.0172915243439494,0.0523362757281958,0.501087406522664,0.444521191789465,0.127552149268691,0.0937247042921835,0.00490481548384798,0.0711500201714321,0.0914793640711224,0.00642191092129281,0.0055615379986803,0.0101539327209978
"18S_ASV_201","grey",0,0,0,0,0.16555554316831,0.130485930556094,0.235897945161804,0,0,0,0,0,0,0,0,0,0,0,0,0,0,0,0,0,0,0.359955700485896,0,0.548707330203697,0,0.30088463148156,0,0,0,0,0,0,0.615416559354913,0,0,0,0,0,0,0,0
"18S_ASV_2019","turquoise",0,0,0,0,0,0.400891862868637,0.377964473009227,0,0,0,0,0,0,0,0,0,0,0.612372435695794,0.353553390593274,0,0,0,0.400891862868637,0,0,0,0,0,0,0,0,0,0,0,0.188982236504614,0,0,0,0,0,0,0,0,0,0
"18S_ASV_203","blue",0,0,0,0,0,0,0.437524150691843,0,0,0,0,0,0,0,0,0,0,0.139853082652561,0.125752003464613,0,0,0.443194246624846,0,0.636325803740532,0.223467174384664,0.164467387136611,0,0,0.0456150459586644,0,0,0,0,0.138357284751696,0,0,0.228075229793322,0,0,0,0,0,0,0.147104103087695,0
"18S_ASV_205","magenta",0,0,0,0,0,0,0,0,0.257752950053791,0.360351664113215,0,0.320428961839984,0,0.344436867689837,0,0,0,0,0,0,0,0,0,0,0,0,0,0.311554869297948,0,0.253534122629203,0,0,0,0,0,0,0,0,0,0,0,0.283269461071073,0.366288664412793,0.346310518145825,0.294470173952666
"18S_ASV_207","blue",0,0,0,0,0,0,0,0,0,0,0,0,0,0,0,0,0,0,0.231939853075502,0,0,0,0,0.505501190267892,0,0.44575607854725,0,0,0.462943520118768,0.41291514310001,0,0,0,0.327350502382352,0,0,0,0,0,0,0,0,0,0,0
"18S_ASV_208","green",0,0,0,0,0,0,0,0,0,0,0,0,0,0,0,0.590667351184894,0,0.250598933669,0,0,0,0,0.455139761342594,0,0.392360541584188,0,0,0,0,0,0,0,0,0,0.264978666784423,0,0,0.396231704801749,0,0,0,0,0,0,0
"18S_ASV_212","blue",0,0,0,0,0,0,0,0.107520666114094,0,0,0.521652127994484,0,0,0,0.161968767746165,0,0,0,0.159199866830764,0,0,0.173884042664828,0.195548504034086,0.152057184253941,0.655380983087274,0.227108959145482,0,0,0.266725945686331,0,0,0,0,0,0,0,0.144562017720911,0,0,0,0,0,0,0,0
"18S_ASV_216","blue",0,0,0,0,0,0.139048669084248,0,0,0,0,0,0,0,0,0,0,0,0.14224560783954,0.139048669084248,0.154372715373535,0,0,0.398400579295179,0.182409926525296,0.263996675366029,0.353553390593274,0.264846908405755,0,0.678551143743977,0,0,0,0,0,0,0,0,0,0,0,0,0,0,0,0
"18S_ASV_217","green",0,0,0,0,0,0,0,0,0,0,0,0,0,0,0,0.247398707781713,0.169714113402595,0.199007438041998,0.545829454114834,0.240947723750522,0.248306595998901,0,0.152978234510741,0.134170787357077,0.503810859885189,0.396882541282881,0,0,0,0,0,0,0,0,0,0,0,0,0,0,0,0,0,0,0
"18S_ASV_22","greenyellow",0.0633848774694769,0.107575823276486,0.0982398924379563,0,0.0511879063406111,0,0,0.0891512497115064,0,0,0,0,0,0,0,0.352106820533305,0.253453374489019,0,0.478819019682101,0,0,0,0,0,0,0,0,0,0,0,0,0.0280367709742144,0.0161870372691706,0.737028828440042,0,0,0.049452215708697,0,0,0,0,0,0,0,0
"18S_ASV_224","blue",0,0,0,0,0,0,0,0,0,0,0,0,0,0,0,0.379473319220205,0,0,0.31585551425035,0,0,0,0,0.41102454485175,0.104036192797337,0.535778707611092,0,0,0.537970040714055,0,0,0,0,0,0,0,0,0,0,0,0,0,0,0,0
"18S_ASV_225","red",0,0,0.205846742398155,0,0.0994334232022488,0,0.354550722308199,0,0.0686155807993848,0,0.124646392502318,0,0.104060680544598,0,0,0,0,0.12652087952858,0,0.26307610980099,0.187911507000707,0.347847835642007,0.280401917619863,0.0719646282647288,0.279561130366961,0.276172385369497,0.222339893515733,0,0,0,0,0.13893596189105,0,0.108490759150687,0,0,0.382651075490959,0,0.116848123615517,0,0,0.265747001726367,0,0,0
"18S_ASV_227","green",0,0,0,0,0,0,0,0,0,0,0,0,0,0,0,0.442650613495509,0.362943584219062,0.226856000467398,0.254329832764081,0.344249947625323,0,0,0,0.0947139224245238,0.375098350338705,0.521945224858506,0,0,0,0.124822820605486,0,0,0,0,0,0,0,0,0,0,0,0,0,0,0
"18S_ASV_23","red",0,0,0,0,0,0,0,0,0,0,0,0,0,0,0,0.426593367107289,0,0,0.30967471434797,0.303803571058575,0.707090863066239,0.242486481778659,0.106516334866746,0.123906227205641,0.0569353758808922,0.0592602180690387,0.184857396362114,0,0,0.0584955380574123,0,0,0,0,0,0,0,0,0,0,0,0,0,0,0
"18S_ASV_231","green",0,0,0,0,0,0,0,0,0,0,0,0,0,0,0,0,0.176218293454691,0,0.151011469274684,0.201883417148015,0.635364092725647,0,0.345484491991603,0,0.241296835925498,0.172038608667915,0.448188980727343,0.297979611076288,0.0696563965880955,0,0,0,0,0,0,0,0,0,0,0,0,0,0,0,0
"18S_ASV_234","grey",0,0,0,0,0,0,0,0,0,0.331285560338775,0,0,0,0.30988926599328,0.22573305919324,0,0,0,0,0,0,0,0,0,0,0,0,0,0,0,0,0,0,0,0,0,0,0,0.286046562578129,0.330545256485413,0.361688023522521,0.292817832780916,0.358285426496508,0.344338973629782,0.29779526292123
"18S_ASV_235","green",0,0,0,0,0,0,0,0,0,0,0,0,0,0,0,0,0.140096700096117,0.146934658660248,0,0.190552113472849,0.657858064160471,0,0.356490361470536,0,0.283674197009646,0.344592319322151,0,0.326308041848008,0.23857608345281,0,0,0,0,0,0,0,0,0,0,0,0,0,0,0,0
"18S_ASV_236","brown",0.214869631969324,0.530040588578153,0.191929505722789,0,0,0,0,0.237662156409873,0,0,0.226010066364823,0.0940258711210834,0.16285758600764,0,0,0,0,0,0,0,0,0,0,0,0,0,0,0,0,0,0,0,0,0.670014514694845,0,0.210248239470377,0,0,0,0,0,0,0,0,0
"18S_ASV_238","blue",0,0,0,0,0.180712756731018,0.158855381282146,0,0.158855381282146,0,0,0,0,0,0,0,0,0,0,0,0,0,0.273341338590569,0.22132702200135,0.304997140665209,0.417930624538647,0.449861158415093,0,0.343166844878767,0.232236293868992,0.389114627036527,0,0,0,0,0,0,0,0,0,0,0,0,0,0,0
"18S_ASV_239","red",0,0,0.157798600774451,0,0,0,0,0,0,0,0,0,0.0546630387809253,0,0,0,0,0,0.126238880619561,0.148028208790114,0.493987757320432,0.218652155123701,0.118085660042063,0.162463603033901,0.547085723488213,0.376738995746836,0,0,0,0,0,0,0,0,0,0,0.378058575954295,0,0,0,0,0.133896552803236,0,0,0
"18S_ASV_24","turquoise",0,0,0,0,0.0753339929546258,0,0,0,0,0,0,0,0.0654191633259654,0.362830919609382,0.325170238565797,0.20833003827386,0.220585476113932,0.642532726337398,0.125020350020485,0.143876901791905,0.101850579252267,0,0.139777000608311,0.0472532507109217,0.0519427655292051,0,0,0,0.257103572174986,0.0725020511794123,0.0783606513663609,0,0,0,0.314775464513193,0,0,0,0,0,0,0,0,0,0
"18S_ASV_245","green",0,0,0,0,0,0,0,0,0,0,0,0,0,0,0,0,0.170751311064305,0.183737831686452,0.13569938190957,0.454024346722596,0.405209049012401,0.342997170285018,0.487175690539548,0.230644598779793,0.198459540607934,0,0.317438597884867,0,0,0,0,0,0,0,0,0,0,0,0,0,0,0,0,0,0
"18S_ASV_248","green",0,0,0,0,0,0,0,0,0,0,0,0,0,0,0,0,0.164741842708644,0,0,0.181331194469354,0.550668601013316,0.144488154263034,0.5046754264005,0.314074841818074,0.359772602734695,0.322276609364739,0.170960689666582,0,0,0,0,0,0,0,0,0,0,0,0,0,0,0,0,0,0
"18S_ASV_249","grey",0,0,0,0.205825209185857,0,0,0,0,0,0,0,0,0,0,0,0,0,0,0,0,0,0,0,0,0.169604511663367,0,0.213312193861976,0,0.254663614372677,0,0.347585816139827,0.158444319905954,0,0.642790725133765,0,0,0.462506360919732,0,0.0686084030619522,0,0,0.177146134979218,0.0723196067675465,0.0646846227353151,0
"18S_ASV_254","red",0,0,0.200858833795036,0,0,0,0.111230585458649,0,0,0,0,0,0,0,0,0,0,0,0,0,0.405051481330757,0.264442942673973,0,0,0.35478743759345,0.342443204103365,0,0,0,0,0,0,0,0,0,0,0.556152927293247,0,0.24871915026264,0,0.111230585458649,0.294288467307704,0,0,0
"18S_ASV_257","brown",0,0.518148879058486,0.674859083519438,0.367127510131905,0,0,0,0.114208048144032,0,0,0,0,0,0,0,0.272867223643901,0,0,0.15982327196272,0,0,0,0,0,0,0,0,0,0,0,0,0,0,0,0,0,0.121135927963087,0,0,0,0,0,0.116563101030039,0,0
"18S_ASV_26","grey",0,0,0,0,0,0,0,0,0,0,0,0,0,0.255397193676802,0.0612847770996614,0.217932403881124,0.104341435271786,0.221824361493291,0.0830277112579921,0.331537745648907,0.132450087118266,0.0605040474239773,0.16345839226455,0,0.05066825471389,0.0608956634697335,0.111819343834621,0,0.167054475756009,0.0616714356804779,0,0,0,0.0745816515245443,0.553885374669093,0.18177387585024,0.194167106549385,0.418162349906742,0.0538522660517144,0,0,0.217604932014872,0,0,0
"18S_ASV_261","blue",0,0,0,0,0,0,0,0,0,0,0,0,0,0,0,0,0.317999364001908,0.294137474546485,0.256379283637839,0.215937985271573,0.41462044373083,0,0.233440317902611,0.329282502256246,0.355534097354983,0.207986602852905,0,0,0.396614889769051,0.195453951587097,0,0,0,0,0,0,0,0,0,0,0,0,0,0,0
"18S_ASV_262","green",0,0,0,0,0,0,0,0,0,0,0,0,0,0,0,0,0,0,0.0674583257354885,0.158203797080519,0.417206703502112,0.106660978232848,0.106660978232848,0.152715280077194,0.471002126760559,0.699422807703817,0,0,0,0.19811397416053,0,0,0,0,0,0,0,0,0,0,0,0,0,0,0
"18S_ASV_264","green",0,0,0,0,0,0,0,0,0,0,0,0,0,0,0,0,0.204182424789217,0.397019161671622,0,0.243710138564368,0.18356206419253,0,0.431485024188988,0,0.540744246734931,0.342997170285018,0,0,0,0.333713850961035,0,0,0,0,0,0,0,0,0,0,0,0,0,0,0
"18S_ASV_266","grey",0.0632455532033676,0.383964284053311,0,0,0,0,0,0,0,0,0,0,0,0,0,0.532916503778969,0.234216017507648,0.212468485058037,0.48814517746846,0,0,0,0.133095025129738,0,0,0,0,0,0,0,0.31350552512789,0,0,0.332092930195321,0,0,0,0,0,0,0,0,0,0,0
"18S_ASV_267","black",0.547457893291837,0,0,0,0.270265569876871,0,0,0.324818790061184,0,0,0,0,0,0,0,0,0,0,0,0,0,0,0,0,0,0,0,0,0,0,0.219353463681305,0,0.630619663046031,0,0.275575813498767,0,0,0,0,0,0,0,0,0,0
"18S_ASV_27","black",0.0439875859736093,0.0882566932169948,0.109573493447833,0.169340853510288,0.102798701018725,0.384830950017391,0.514957846476339,0.0345067014208114,0.0626053388939584,0.102557105617705,0.0697285867395303,0.039844906708303,0.269873879976316,0.0748750364643173,0,0,0,0,0,0,0,0,0,0,0,0,0,0,0,0,0.061807786088124,0,0,0.177634117607073,0.155758678811182,0.458487032748205,0.312788862326197,0.239898106305593,0,0,0,0,0,0,0
"18S_ASV_270","grey",0,0,0,0,0,0,0,0,0,0,0,0,0,0,0,0,0.114434427054266,0,0,0.405321741688889,0.516973795043719,0,0,0.106346244924416,0,0.148404209926166,0,0,0,0.230165571874228,0,0,0,0,0.170782512765993,0.345894286080093,0.144337567297406,0.207019667802706,0.207019667802706,0.298807152333598,0,0.280305955290694,0.192106121466136,0.0944911182523068,0
"18S_ASV_271","green",0,0,0,0.136450059064182,0,0,0,0,0,0,0,0,0,0,0,0,0,0,0.464344285649792,0.329710037318715,0.470767056644389,0.166215605848632,0.232495277487639,0.207950097964015,0.526190912955438,0.1833947481081,0,0,0,0,0,0,0,0,0,0,0,0,0,0,0,0,0,0,0
"18S_ASV_272","blue",0,0,0,0,0,0,0,0,0,0,0,0,0,0,0,0.231339013194612,0,0,0,0.269740749903957,0.237748509097053,0.125037577033766,0.203694086359421,0.257187713828475,0.381471026838866,0.546678595218648,0.499548804239584,0,0,0,0,0,0,0,0,0,0,0,0,0,0,0,0,0,0
"18S_ASV_273","turquoise",0,0.0739445787670746,0.069715617437575,0.123240964611791,0.155888859683787,0,0.0779444298418937,0,0,0,0,0.0603754957414573,0,0,0,0.438155861458843,0.372179551384833,0.107438982089454,0.715647027721597,0,0,0,0,0,0,0,0,0,0,0,0.19872008436984,0,0,0.203254205798969,0,0,0.0739445787670746,0,0,0,0,0,0,0,0
"18S_ASV_274","green",0,0,0,0,0,0,0,0,0,0,0,0,0,0,0,0,0.159738547014135,0.442296008818492,0,0.737388910841708,0,0,0.303883331196931,0.210594252643937,0.216287015107264,0,0,0,0,0.227245110439613,0,0,0,0,0,0,0,0,0,0,0,0,0,0,0
"18S_ASV_279","blue",0,0,0,0,0,0,0,0,0,0,0,0,0,0,0,0,0,0,0,0.289912193180282,0,0.233669054420702,0.590829717093874,0.178610863305672,0.0926766262615052,0.188634095767148,0,0.303355467854629,0.572905628263247,0.126296952637024,0,0,0,0,0,0,0,0,0,0,0,0,0,0,0
"18S_ASV_28","pink",0,0,0,0,0.110162019651021,0,0,0,0,0.0443931292229692,0,0,0,0.62079411520377,0.171631946772716,0.104111116467646,0,0,0.089368469657621,0.314484544915595,0,0,0.355509921410857,0,0.0910927791281704,0.140752345991776,0.148113329395332,0,0.177133885056309,0.307985885173717,0,0,0,0,0.257145573701082,0.0890778397183443,0.0817935044333778,0.172385713889762,0,0,0,0.155125413091961,0.0947211609412002,0.0589469531349307,0.060681056715618
"18S_ASV_280","blue",0,0,0,0,0,0,0,0,0,0,0,0,0,0,0,0,0,0,0,0.292252410292363,0,0,0.579147193139789,0,0.27351959268222,0.312858273427235,0.2570696170883,0.243365841210983,0.396367546502233,0.352228388840589,0,0,0,0,0,0,0,0,0,0,0,0,0,0,0
"18S_ASV_281","grey",0,0.182002747232013,0.276134025429682,0,0.647591692349431,0,0.16393596310755,0,0,0,0,0,0,0,0,0,0,0,0,0.337268439080801,0,0.272717802865893,0.419076365356005,0,0.0901387818865997,0.239791576165636,0,0,0,0,0,0,0,0,0,0,0.122474487139159,0,0,0,0,0,0,0,0
"18S_ASV_283","blue",0,0,0,0,0,0,0.100219470400377,0,0,0,0,0,0,0,0,0,0,0,0.241620392998227,0,0.326675506241137,0,0,0.200438940800754,0,0.8153425215793,0,0,0.197282224765466,0,0.134924591247442,0,0,0.250548676000943,0,0,0,0,0,0,0,0,0,0,0
"18S_ASV_285","green",0,0,0,0,0,0,0,0,0,0,0,0,0,0,0,0,0.274091704774629,0.640095478989051,0.26944574611786,0,0.477392962248126,0,0,0.316826116156462,0.303597953174453,0.148647097502641,0,0,0,0,0,0,0,0,0,0,0,0,0,0,0,0,0,0,0
"18S_ASV_29","greenyellow",0,0,0,0,0.112879255555573,0,0,0,0,0,0,0,0,0.202871643281514,0,0,0,0,0,0,0,0,0,0,0,0,0,0,0,0,0.274757910837105,0.0520212203157442,0.0619176369417245,0.676567586875829,0.124968282608492,0.132628608755445,0.274038782523775,0.443199222819551,0.144626165489732,0.0474886597264652,0.0225258491646508,0.251286367463991,0.117047745710425,0.032729300042051,0
"18S_ASV_290","green",0,0,0,0,0,0,0,0,0,0,0,0,0,0,0,0,0,0.332905982730266,0,0.428784913729661,0.263033113813078,0,0.394549670719617,0,0,0.54048167001129,0,0.301607905459207,0,0.234718744827946,0,0,0,0,0,0,0.205622443730715,0,0,0,0,0,0,0,0
"18S_ASV_292","turquoise",0,0,0,0,0,0,0,0,0,0,0,0,0,0,0,0.298787960506459,0.606642740217163,0.395056153175532,0.121540106265204,0,0,0,0,0,0,0.219475640653074,0,0.226673466972682,0.346558453541764,0.390148432797882,0,0,0,0,0,0,0,0,0,0,0,0,0,0,0
"18S_ASV_294","blue",0,0,0,0.329881244607977,0,0,0.143545393876036,0,0,0,0,0,0.0761264410633794,0.13665114376897,0,0,0,0,0,0,0,0,0,0.0879032424807805,0.129390069494181,0.316939648043999,0,0,0.506874823092063,0,0.0802443146409498,0.134274420833412,0,0.426881653284771,0,0,0.505602864191028,0,0,0,0,0.0439516212403903,0,0,0
"18S_ASV_30","green",0,0,0,0,0,0,0,0,0,0,0,0,0,0,0,0.151962311911109,0.0533202769048868,0.165837799687067,0.0865145615758696,0.472019530212102,0.318831635563944,0.0152343648299677,0.483855994228206,0.0855026605482865,0.117512166903972,0.482475003899553,0.117758782425814,0.158686222109301,0.270383153336807,0.119227763738439,0,0,0,0,0,0,0,0,0,0,0,0,0,0,0
"18S_ASV_301","red",0,0,0,0,0,0,0.149659252848293,0,0,0,0,0,0,0,0,0,0.360244390768779,0.360244390768779,0,0,0.617060907344534,0.198810693121886,0,0.175959631254891,0.228127509822496,0.140580389278883,0,0,0,0,0.203720338416627,0,0,0.391779831155372,0,0,0,0,0,0,0,0,0,0,0
"18S_ASV_302","pink",0,0,0,0,0,0,0,0,0,0,0,0,0.587569651393003,0,0,0,0,0,0,0.41706330327877,0.262265264156481,0.195856550464334,0.299911803614146,0.254587538608658,0.323260505625656,0.303201611030049,0,0,0,0.149955901807073,0,0,0,0,0,0,0,0,0,0,0,0,0,0,0
"18S_ASV_307","blue",0,0,0,0,0,0,0,0,0,0,0,0,0,0,0,0,0,0,0,0.349868584979922,0,0.184698977730203,0.0684271455454021,0.118519292701547,0.0857779664702572,0.175411603861406,0.470536589729478,0,0.720924712762416,0.163572164021906,0,0,0,0.136854291090804,0,0,0,0,0,0,0,0,0,0,0
"18S_ASV_308","grey",0,0,0,0,0.0820057898131484,0,0.437022387968561,0,0,0,0,0,0,0,0,0,0,0,0,0,0,0,0,0,0,0,0,0,0,0,0.402580780049627,0,0,0.646754870728492,0,0.195786139724972,0,0,0,0,0,0,0.402580780049627,0,0.146696416456608
"18S_ASV_309","blue",0,0,0,0,0,0,0,0,0,0,0,0,0,0,0,0,0,0,0,0,0,0.466509221767899,0,0.148453923805041,0.609836721136306,0.431219680932052,0,0.416597790450531,0,0.128564869306645,0,0,0,0,0,0,0,0,0.0371134809512603,0,0,0,0.104972776216296,0,0
"18S_ASV_31","blue",0,0,0,0,0,0,0,0,0,0,0,0,0,0,0,0.201184812421178,0.106773833244845,0.105065341680496,0.118042914100376,0.0672611926892718,0.206657209688709,0.0810862435169029,0.187528901540582,0.195250642424329,0.553997090216321,0.621089527937087,0.148584831139921,0.199074950829516,0.153379117934331,0.134746402828275,0,0,0,0,0,0,0,0,0,0,0,0,0,0,0
"18S_ASV_312","green",0,0,0,0,0,0,0,0,0,0,0,0,0,0,0,0,0.315456611981974,0.378621460247641,0,0.40093835656121,0.578554337795068,0,0.434266432878621,0,0,0,0,0.270312584849806,0,0,0,0,0,0,0,0,0,0,0,0,0,0,0,0,0
"18S_ASV_315","blue",0,0,0,0,0,0,0,0,0,0,0,0,0,0,0,0,0,0,0,0.164809765354649,0,0.110234009325655,0.768854034319951,0.106942697408235,0.146437319327349,0.309487805785543,0,0.213885394816469,0.420184104787002,0.136325725230209,0,0,0,0,0,0,0,0,0,0,0,0,0,0,0
"18S_ASV_32","black",0.366103370539129,0,0.275409365621984,0,0.274721127897378,0,0,0.213449464615387,0.164341919633652,0.16700812710793,0.16776211797114,0.0844433964044244,0.0469959565075773,0.168512735222674,0.144524164681259,0,0,0,0,0,0,0,0,0,0,0,0,0,0,0.220859567818363,0.242772733983864,0,0.383692968481268,0,0.20001893013208,0.187983826030309,0,0.17886709379772,0.167385547085555,0.148189042872909,0.185108510334399,0.147548914425151,0.197478904156684,0.100167084494127,0.100481581608619
"18S_ASV_320","grey",0,0,0,0,0,0,0,0,0,0,0,0,0,0,0,0,0,0,0,0,0.290256927994982,0.216532784784307,0,0,0.245098470156915,0.414923091863025,0,0,0,0,0,0,0,0,0,0.117980565854779,0.683666049617258,0.111598442884354,0.108266392392153,0,0,0.362126402151971,0,0,0
"18S_ASV_321","blue",0,0,0,0,0,0,0,0,0,0,0,0,0,0,0,0,0.197700646743287,0,0.391653329340478,0,0,0,0,0.344574467164688,0.250368460037823,0.367363242870581,0,0,0.648347115595408,0.266076042095096,0,0,0,0,0,0,0,0,0,0,0,0,0,0,0
"18S_ASV_324","grey",0,0.122260717767884,0.131110013254083,0,0,0,0,0,0,0,0.0546766551813808,0,0,0,0,0.507050440761894,0.154648934605412,0,0.364738782790028,0,0,0.0773244673027059,0.0985697419136662,0,0,0,0,0,0,0,0.677968476852266,0,0,0.21351916420502,0,0.0906709750141408,0.1472213996273,0,0,0,0,0,0,0,0
"18S_ASV_326","blue",0,0,0,0,0,0,0,0,0,0,0,0,0,0,0,0,0.344669395916149,0.282310552619453,0.354349982043793,0,0,0,0,0,0.311436159112919,0.415851332602251,0,0.63719309286431,0,0,0,0,0,0,0,0,0,0,0,0,0,0,0,0,0
"18S_ASV_328","blue",0,0,0,0,0,0,0,0,0,0,0,0,0,0,0,0,0,0,0,0.116554303482872,0.369599477251938,0,0,0,0.116554303482872,0.270568932381032,0,0,0.724764112568996,0.119748163416018,0.378676942016667,0,0,0.236324049990206,0,0,0.0614295116833951,0,0,0,0,0.142749285429266,0,0,0
"18S_ASV_336","grey",0,0,0,0,0,0,0.204360810987051,0,0,0,0.232675018741766,0,0.196646282058641,0,0,0,0,0,0,0,0,0,0,0,0,0,0,0,0,0,0.0963366101718176,0,0,0.5766801003402,0,0.149761346627032,0.169161528082304,0.518788522735908,0.356141564004759,0,0,0.147156602769269,0.124370028941842,0,0.198603009676178
"18S_ASV_337","green",0,0,0,0,0,0,0,0,0,0,0,0,0,0,0,0.452033588713358,0.136293255127276,0,0.12441815044836,0,0,0.289121654791456,0.394427123075932,0,0,0.668277208383304,0.275411316377622,0,0,0,0,0,0,0,0,0,0,0,0,0,0,0,0,0,0
"18S_ASV_34","green",0,0,0,0,0,0,0,0,0,0,0,0,0,0,0,0.181137301410619,0.249794453369417,0.193293813712498,0.251936487891224,0.437596511400323,0.150230572566372,0,0.105182439388408,0.211712905322123,0.671992675573761,0.13679495154607,0.141564332496484,0.083769457669155,0.0986698742728119,0.0870993346434657,0,0,0,0,0,0.0456752764218999,0,0.0413148420237842,0,0,0,0,0.109019237213854,0.0456752764218999,0.0397552252732645
"18S_ASV_340","red",0,0,0,0,0,0,0.34853027735331,0,0,0,0,0,0,0,0.0685725481323742,0,0,0,0,0.0559892510955854,0,0.597801615220195,0,0,0.128287490624705,0.0885267789745639,0.315483407747956,0,0.45053086068141,0.167967753286756,0,0,0,0,0,0,0,0,0.131306432859723,0.0885267789745639,0.179253065362928,0.0969762275752854,0.302808173549942,0,0
"18S_ASV_342","grey",0,0,0,0,0,0,0,0,0,0,0,0,0,0,0,0,0.182429457959884,0.410828084164788,0,0.226948334982191,0,0,0.37238257171186,0,0,0,0,0,0,0,0,0,0,0,0.65956331901555,0,0,0.21985443967185,0,0,0,0.352711929525773,0,0,0
"18S_ASV_343","red",0,0,0,0,0.280305955290694,0,0.340401257155457,0,0,0,0,0,0,0,0,0,0,0,0,0,0.456000556947585,0.677296211956156,0,0,0,0,0,0,0,0.3034196632776,0,0,0,0,0,0,0,0,0,0,0,0,0.201186954040739,0,0.0796819072889596
"18S_ASV_344","grey",0,0,0,0,0,0,0,0,0,0,0,0,0,0,0,0,0,0,0,0,0,0,0,0,0,0,0,0,0,0,0,0,0,0,0,0,0.45146611838648,0.269169517775254,0,0.244363204669153,0.244363204669153,0.305209544808216,0.67719917757972,0,0.229233005260231
"18S_ASV_346","green",0,0,0,0,0,0,0,0,0,0,0,0,0,0,0,0.518216544599624,0,0,0.258718928319842,0,0.538815906080325,0,0,0,0.358086311455231,0.409563103176874,0,0,0,0,0,0,0,0,0,0,0,0,0,0,0,0,0.279688767117332,0,0
"18S_ASV_348","green",0,0,0.186519822037619,0.150511533388136,0,0,0,0,0,0,0,0,0,0,0,0,0,0,0,0,0.568168578839575,0.142220030997144,0,0,0.28014097237158,0.287270381077932,0,0.175340630116295,0,0,0,0,0,0.492664639082147,0,0,0.371953645718263,0,0,0,0,0.163398375531134,0,0,0
"18S_ASV_355","grey",0,0.373963042563076,0.355484173308208,0,0.153586716639892,0,0,0,0,0,0,0,0,0,0,0,0.596959439889167,0.142193669323283,0.365993356935583,0,0.190330710279462,0.194706700556981,0,0,0,0,0,0,0,0,0,0,0,0,0,0,0.291699260023454,0.201092215640582,0,0,0,0,0,0,0
"18S_ASV_36","red",0,0,0,0,0,0,0,0,0,0,0,0,0,0,0,0,0,0,0,0.129165700687474,0.412288773621365,0.43794894829668,0,0.212392018705638,0.2982236940004,0.109248882260433,0.675215761394325,0,0.140126812616155,0,0,0,0,0,0,0,0,0,0,0,0,0,0,0,0
"18S_ASV_363","black",0.454394311943008,0,0.274300191260659,0,0.297260751707464,0,0,0.319940939431654,0,0,0,0,0,0,0,0,0,0,0,0,0,0,0,0,0,0,0,0,0,0,0,0,0.671895504936449,0,0.245697891867719,0,0,0.125491161027632,0,0,0,0,0,0,0
"18S_ASV_37","red",0,0,0,0,0,0,0,0,0,0,0,0,0,0,0,0,0.0473108304800391,0.0573728092073213,0.0815420827389526,0.340390512675012,0.580515309889807,0.415150852600289,0.255034882535845,0.21528186279309,0.308855476022564,0.166084125672885,0.347567489811212,0,0.0862502444873504,0,0,0,0,0,0,0,0,0,0,0,0,0,0,0,0
"18S_ASV_370","green",0,0.259369865776129,0.190692517849118,0,0.223606797749979,0,0,0,0,0,0,0,0,0,0,0,0,0.190692517849118,0.116774841624228,0,0.487106484531593,0,0.487106484531593,0.206705763652765,0,0.23741027013092,0,0.383761289440099,0,0.147709789175199,0,0,0,0,0,0,0.217422922601844,0.0797724035217466,0,0,0,0,0,0,0
"18S_ASV_375","red",0,0,0,0,0,0,0.369672061503605,0,0,0,0,0,0,0,0,0,0,0,0,0.456814616361107,0,0.356964735953961,0.641731268707785,0.248727138223822,0.231419402776718,0,0,0,0,0,0,0,0,0,0,0,0,0,0,0,0,0,0,0,0
"18S_ASV_377","red",0,0,0,0,0,0,0,0,0,0,0,0,0,0,0,0,0,0,0,0.272039611851438,0.308678062325398,0.555020813670776,0,0.285317551962562,0.403499951568546,0,0.527679716723372,0,0,0,0,0,0,0,0,0,0,0,0,0,0,0,0,0,0
"18S_ASV_381","grey",0,0,0.295367612080974,0,0,0,0,0,0,0,0,0,0,0,0,0.395803502710592,0.156173761888606,0,0,0,0,0,0.661171851817682,0,0,0,0.376365556201593,0,0,0,0,0,0,0,0,0,0.37386476069169,0,0,0,0,0,0,0,0.114600210537152
"18S_ASV_383","turquoise",0,0,0,0,0,0,0,0,0,0,0,0,0,0,0,0,0.329875751241336,0.559750681568095,0.578702696128648,0,0,0,0,0.322688053291931,0.309329602530822,0.207730522507498,0,0,0,0,0,0,0,0,0,0,0,0,0,0,0,0,0,0,0
"18S_ASV_384","red",0,0,0,0,0,0,0.296062759222906,0,0,0,0,0,0,0,0,0.336304695560978,0,0,0,0.23380635147612,0.531744412891104,0.510031323537714,0.435251560398589,0.110691426472149,0,0,0,0,0,0,0,0,0,0,0,0,0,0,0,0,0,0,0,0,0
"18S_ASV_386","red",0,0,0,0,0,0,0,0,0,0,0,0,0,0,0.111111111111111,0,0,0,0,0,0.680064797761798,0.351364184463153,0.252245377151687,0,0.373632358878537,0.263297808559818,0,0,0,0,0,0,0,0,0,0,0.329032077861883,0,0,0,0,0.144543030130665,0,0,0
"18S_ASV_395","black",0.46470776558284,0,0.294237787319,0,0.331545138689028,0,0,0.206885370242155,0.162063541364764,0,0.245583558176627,0,0,0,0,0,0,0,0,0,0,0,0,0,0,0,0,0,0,0,0,0,0.599935145651867,0,0.235472866413777,0,0,0.128596131281407,0.162063541364764,0,0,0,0,0,0
"18S_ASV_398","blue",0,0,0,0,0,0,0,0,0,0,0,0,0,0,0,0,0,0,0,0.373666096957876,0.252811137003727,0,0,0,0.608041814015248,0.113060577561869,0.362987711448657,0.444567337974913,0.290796214804697,0,0,0,0,0,0,0,0,0,0,0,0,0,0,0,0
"18S_ASV_4","yellow",0,0,0,0,0.0981626512158018,0.175235505990671,0.796462930561057,0.232791789650546,0,0,0.371173229724156,0.0848472575552292,0.160033761927035,0,0.144252483608331,0,0,0,0,0,0,0,0,0,0,0,0.282352947032028,0,0,0,0,0,0,0,0,0,0,0,0,0,0,0,0,0,0
"18S_ASV_403","blue",0,0,0,0,0,0,0,0,0,0,0,0,0,0,0,0,0,0,0,0,0.350713558335004,0,0.296647939483827,0,0.270185121722126,0.506951674225463,0,0,0.634034699365894,0.238746727726266,0,0,0,0,0,0,0,0,0,0,0,0,0,0,0
"18S_ASV_408","yellow",0,0.205867512969056,0.239828394754194,0.306340662356003,0.370452582720649,0.155621212098139,0.317660468994898,0,0.152344609091603,0.31606817591532,0.276929976541299,0,0.252135180694993,0.343602332744713,0,0,0,0,0,0,0,0,0,0,0,0,0,0,0,0,0,0,0,0,0,0,0.374516169545804,0,0,0,0,0.148995967004657,0,0,0
"18S_ASV_412","brown",0.154223544758946,0.489813505231255,0.373640244162632,0.500258464736828,0.280345480466133,0.198234190312603,0.184732680898464,0.352271400495459,0,0,0,0,0,0,0,0,0,0,0,0,0,0,0,0,0,0,0,0,0,0,0,0,0,0,0,0,0.26518027662451,0,0,0,0,0,0,0,0
"18S_ASV_413","blue",0,0,0,0,0,0,0,0,0,0,0,0,0,0,0,0.0965734169969476,0,0,0,0.269330392090508,0,0,0.320297788901406,0.154383279182662,0.0851697482112205,0,0,0.524033776548545,0.198439508016849,0.459781430389016,0,0,0,0,0,0.35263625963054,0,0,0.187704982943346,0.136575436081796,0,0.284304441653734,0,0,0
"18S_ASV_415","green",0,0,0,0,0,0,0,0,0,0,0,0,0,0,0,0,0,0,0,0,0.302607468375705,0.339859798479121,0,0.325790481882648,0.269890331140024,0.667360027921845,0,0.22809896167308,0,0.341387265943818,0,0,0,0,0,0,0,0,0,0,0,0,0,0,0
"18S_ASV_417","green",0,0,0,0,0,0,0,0,0,0,0,0,0,0,0,0.483802424331383,0,0.260615780723203,0.399843229466838,0,0.171049987499606,0.144563624706552,0.107211253483779,0,0.250391542918067,0.630138231007799,0,0.129301636767047,0,0,0,0,0,0,0,0,0,0,0,0,0,0,0,0,0
"18S_ASV_42","grey",0.101370817872301,0.0613283454973966,0.0993632761577492,0.361989413587932,0.122930173365513,0.260194133880964,0.474835199467388,0,0,0.0640076897791434,0.064530210202246,0,0.440876041301185,0.405068963348429,0.125096510529827,0,0,0,0,0,0,0,0,0,0,0,0,0,0,0,0.0650485334702409,0,0,0.121002817233708,0.179551010534167,0.151336757458667,0.166750600129542,0.0930812249968119,0.0537404703084094,0.0511799124406933,0,0.169942288703225,0.0901487938013765,0.0317404342794016,0.0200744132491589
"18S_ASV_421","red",0,0,0,0,0,0,0.261711961295107,0,0,0,0,0,0,0,0,0,0,0.242918677065017,0,0.26964442105114,0.514284877982828,0,0.319707453209201,0,0,0,0,0,0.658093808271071,0,0,0,0,0,0,0,0,0,0,0,0,0,0,0,0
"18S_ASV_431","blue",0,0,0,0,0,0,0,0,0,0,0,0,0,0,0,0,0,0,0,0,0.5154868389474,0.157942299796717,0,0,0.261399537115769,0.513378499482613,0,0.537124988988685,0.298223227256845,0,0,0,0,0,0,0,0,0,0,0,0,0,0,0,0
"18S_ASV_433","grey",0,0.296012195953715,0,0,0.144258499875808,0,0,0,0.128177040762967,0.114645030520303,0,0.219528519979381,0,0,0,0,0.165475848080374,0,0,0,0,0.158718857714153,0,0,0.308691191835397,0.44892472236744,0,0,0,0,0,0,0,0.418624462145586,0,0.247661571721045,0.37879152973779,0,0.168752915678028,0,0,0,0.236346785143684,0,0
"18S_ASV_434","grey",0,0,0,0,0,0,0,0,0,0,0,0,0,0,0,0,0,0.263262095055611,0.603437166274471,0,0,0,0,0,0,0.389634676996481,0,0,0,0.204460706293512,0.535843925850883,0,0,0.29293101723458,0,0,0,0,0,0,0,0,0,0,0
"18S_ASV_438","green",0,0,0,0,0,0,0,0,0,0,0,0,0,0,0,0,0.271556654788235,0,0.340882849844981,0.53062627696907,0,0,0.418830507978356,0.370715750404222,0,0.464373188395453,0,0,0,0,0,0,0,0,0,0,0,0,0,0,0,0,0,0,0
"18S_ASV_44","green",0.199007438041998,0.215619121791893,0.294275024787704,0.0580695818657978,0.069332549638495,0.0812444463702388,0,0.110114147846831,0,0.0555435965508845,0.0656108093527076,0,0.0794586360677393,0.0414959193363268,0,0.441432853962327,0.202226095959979,0.172345496886428,0.286366944128727,0.116447634829307,0.191099108522861,0.116447634829307,0.175030489523621,0,0.347076427036785,0.246222719869977,0.0610803394178113,0,0,0,0.159142846801379,0.0733551148857166,0.037880418441535,0.296823958972612,0,0,0.189591399693419,0,0,0,0,0.0471607406326911,0,0,0
"18S_ASV_443","blue",0,0,0,0,0.194647079733244,0,0.279412209018852,0,0,0.112379543880963,0,0,0,0,0,0,0.37578849365469,0.122169444356305,0.448239316103099,0,0,0,0,0.380343672013106,0.3848449372378,0.251288299398253,0,0,0.206106545630045,0,0,0,0,0,0,0,0,0,0,0.095837597036552,0.279412209018852,0.101651122135755,0,0.135534829514339,0
"18S_ASV_444","green",0,0,0,0,0,0,0,0,0,0,0,0,0,0,0,0.380562197553694,0.224888222554402,0.398272130151198,0.264792262969928,0.251432676485372,0.524130368971462,0.139786372315249,0.147780514479312,0.112444111277201,0.182574185835055,0.22994252155352,0,0,0,0.312571830824992,0,0,0,0,0,0,0,0,0,0,0,0,0,0,0
"18S_ASV_445","green",0,0,0,0,0,0,0,0,0,0,0,0,0,0,0,0,0,0,0,0.219844070695625,0.24461989960331,0.176267398083587,0.203536059465828,0.176267398083587,0.546986724162174,0.446183148058112,0,0.456382937346014,0,0.285837553550199,0,0,0,0,0,0,0,0,0,0,0,0,0,0,0
"18S_ASV_447","turquoise",0,0,0,0,0,0,0,0,0,0,0,0,0,0,0,0,0.279443336096208,0.405383354783672,0.17069718549973,0.609749843620211,0,0,0.521115890720837,0,0,0,0,0,0,0,0,0,0,0,0,0,0.29168747844497,0,0,0,0,0,0,0,0
"18S_ASV_448","yellow",0.190302268171002,0.258048028565864,0.14501047335685,0.193347297809133,0.395653960014008,0.264751691106828,0.668028204676263,0.202207444144101,0,0,0.167443671655784,0.14501047335685,0,0,0,0,0,0,0,0,0,0,0,0,0,0,0,0,0,0,0,0,0,0,0,0,0.275562296839122,0,0,0,0,0,0,0,0
"18S_ASV_45","green",0,0,0,0,0.139484128553028,0.109856547771882,0.0567296773323117,0,0,0,0,0,0,0,0,0,0,0,0,0.564712264331358,0.371903049586043,0.169111193213171,0.631309579104735,0.0909124154932281,0.126273501077275,0,0.23808653053263,0,0,0,0,0,0,0,0,0,0,0,0,0,0,0,0,0,0
"18S_ASV_454","blue",0,0,0,0,0,0,0,0,0,0,0,0,0,0,0,0,0.272165526975909,0.482674745966956,0.297339858809407,0,0,0,0,0.523064218640487,0.426146636493243,0.377060250486594,0,0,0.0846667513334603,0,0,0,0,0,0,0,0,0,0,0,0,0,0,0,0
"18S_ASV_456","black",0.506679105925455,0,0,0,0.338990302852269,0,0,0.300773249603853,0.171288800861975,0,0,0,0,0,0.126065144024418,0,0,0,0,0,0,0,0,0,0,0,0,0,0,0,0.247234088217074,0,0.604587191703263,0,0.256933201292963,0,0,0,0,0,0,0,0,0,0
"18S_ASV_461","grey",0,0,0,0,0.157037933168266,0,0,0,0,0,0,0,0,0,0,0,0,0,0,0,0,0,0,0,0,0,0,0,0,0,0,0,0,0,0,0.219291539473901,0,0.584425904186824,0.582312241189562,0.224844102724998,0,0.407996518444564,0.172026436760496,0,0
"18S_ASV_47","blue",0,0,0,0,0,0,0,0,0,0,0,0,0,0,0,0.136974548513023,0,0,0.0379899044690179,0,0.106326496818024,0,0.119465347323116,0.104039638175737,0.331551255111296,0.507796810768145,0.273802717588917,0.567168902941972,0.398340850239908,0.142426961577577,0,0,0,0,0,0,0,0,0,0,0,0,0,0,0
"18S_ASV_48","turquoise",0,0,0,0,0,0,0,0,0,0,0,0,0,0.0383107083179098,0,0.136945525568582,0.137539652113335,0.217843909001022,0.156663266260581,0.219892934868216,0.0842254917693953,0.0832517539370448,0.100146663486291,0.0541795232873077,0.145882831037067,0.233384581083543,0.225567342988944,0,0,0,0,0,0,0,0,0,0,0,0.286691089540498,0,0.300439990458873,0,0,0.717239489517202,0
"18S_ASV_485","yellow",0,0,0,0,0,0,0.629327126047295,0,0.162221421130763,0.351687660469223,0.14956076040403,0,0.418330013267038,0.429197537639476,0.269013793424485,0,0,0,0,0,0,0,0,0,0,0,0,0,0,0,0,0,0,0,0,0,0,0,0,0,0,0,0,0,0
"18S_ASV_49","red",0,0,0,0,0,0,0,0,0,0,0,0,0,0,0,0,0,0.0487889955203772,0,0.411402767034087,0.740088132631106,0.260855587180991,0.310425169087317,0.181424136290973,0.262111216998311,0.114599538637511,0.0384378537875383,0,0,0,0,0,0,0,0,0,0,0,0,0,0,0,0,0,0
"18S_ASV_5","green",0.0164839010297205,0.0398640742339253,0.0876483712818754,0.0272222666124771,0,0,0,0,0,0,0,0,0,0,0,0.502920682697906,0.0791060727852727,0.222250352963729,0.120141759071891,0.267339351965509,0.0856528622712387,0.0685679369130734,0.395956890395846,0.108168315710031,0.335459137171241,0.145723199974171,0.11986730580863,0.0532982041426321,0.116169602995628,0.127780441837192,0,0.0196721558942461,0,0,0.242007838486262,0.067539510817703,0.115672390551038,0.340731735032498,0.0601906961977371,0.0286947885225946,0.0238356815083172,0.180913757940539,0.0467997837925359,0.0313023187183338,0
"18S_ASV_50","green",0,0,0,0,0.179091840935048,0.0317420332534476,0.168959874309802,0,0,0,0,0,0,0,0,0,0,0.0377805764426538,0,0.563365203615591,0.137141257837222,0.267306118286162,0.0893111994334895,0.174581182893962,0.172403369788289,0.293363482154185,0,0.225010495137259,0.13896583370997,0.552378263902165,0,0,0,0,0,0,0,0,0,0,0,0,0,0,0
"18S_ASV_503","green",0,0,0,0,0,0,0,0,0,0,0,0,0,0,0,0,0,0.323994406881674,0,0.470100494722268,0,0,0.438165437108226,0,0,0.614061742176159,0,0,0,0,0,0,0,0.111494121937075,0,0,0.24652277919694,0,0,0,0.178235674883299,0,0,0,0
"18S_ASV_506","grey",0,0,0,0,0,0,0,0,0,0,0,0,0,0,0,0,0,0,0,0,0,0,0,0,0,0,0,0,0,0,0,0,0,0,0,0.308606699924184,0,0,0,0.144942758913112,0.183339699405642,0.699139126502932,0.436435780471985,0.310867585094015,0.272451265140668
"18S_ASV_508","brown",0.124558458528408,0.377431001362958,0.36797007298438,0,0,0,0,0,0,0,0.251931886825459,0,0,0,0,0.424895241382516,0.251931886825459,0,0.311961807361844,0,0,0,0,0,0,0,0,0,0,0,0.523091601629529,0,0,0.167954591216973,0,0,0,0,0,0,0,0,0,0,0
"18S_ASV_51","red",0,0,0,0,0,0,0,0,0,0,0,0,0,0,0,0,0,0,0,0.324969108369388,0.494501551064775,0.277302699992451,0.115450320426888,0.395203642877712,0.369274472937998,0.213601093640399,0.249229845850942,0.183709405287946,0.193229558654111,0.170940864689457,0,0,0,0,0,0,0.178759299668703,0.0773360281112182,0,0,0,0.133630620956212,0.056980288229819,0,0
"18S_ASV_511","turquoise",0,0,0.125,0,0,0,0,0,0,0,0.206430705961193,0,0,0,0.150755672288882,0.419686029832259,0.562815568047263,0.168549965615811,0.536984425032303,0,0,0.159900537266708,0.192176528696452,0,0,0,0,0,0,0,0.21650635094611,0,0,0,0,0,0,0,0,0,0,0,0,0,0
"18S_ASV_513","green",0,0.210742989088265,0.11969397463728,0,0,0,0,0,0,0,0.156061849468725,0,0,0,0,0,0,0,0,0.193000734888813,0.323395311067786,0.245299653018046,0,0.31893447243554,0.391529218500776,0.503568924667833,0,0,0,0.20731604543163,0,0,0,0,0,0,0.404133371840234,0,0,0,0,0,0,0,0
"18S_ASV_514","grey",0,0,0,0,0.193139136294114,0,0.451364899606564,0,0,0,0.125626121985468,0,0,0,0,0,0,0,0,0,0.340899308585357,0.22408750084383,0,0,0.165105070671829,0,0,0,0,0,0,0,0,0,0,0,0.696373059207254,0.207464712389016,0,0,0,0.14669970498719,0,0,0
"18S_ASV_518","green",0,0,0,0,0,0,0,0,0,0,0,0,0,0,0,0,0,0,0,0,0.457235527365689,0.259328868405166,0,0.372677996249965,0.435956969817164,0.310630372098698,0,0,0,0.54611868127275,0,0,0,0,0,0,0,0,0,0,0,0,0,0,0
"18S_ASV_52","green",0,0,0,0,0,0,0,0,0,0,0,0,0,0,0,0.421397386769018,0.463750940769865,0.0892489101634746,0.0501081082343218,0.0906923823984585,0.709185252909085,0.0335490853160131,0,0.227731139419869,0,0.180906806746658,0,0,0,0,0,0,0,0,0,0,0,0,0,0,0,0,0,0,0
"18S_ASV_525","brown",0,0.324442842261525,0.588102594497028,0.523148363780597,0,0,0,0,0,0,0.205195670417031,0,0,0,0,0,0,0,0,0,0,0,0,0,0,0,0,0,0,0,0,0.34248099667384,0,0.34027852368936,0,0,0,0,0,0,0,0,0,0,0
"18S_ASV_529","red",0,0.174607573942395,0.224287489728653,0,0,0,0,0,0,0,0,0,0,0,0,0,0,0,0,0.230984108839949,0.561737287784784,0.16564728911227,0,0.191273013919001,0.526724808975469,0.456991754208579,0,0,0,0,0,0,0,0,0,0,0,0,0,0,0,0,0,0,0
"18S_ASV_53","grey",0.0586701702663464,0.1685826905876,0.441752907254679,0,0,0,0,0.0774710605650019,0,0.0751579683854414,0.618628155155647,0.051457143326208,0.0763232776972177,0,0.0866152788561738,0.016272177479655,0.222121679716719,0.160537490843917,0.0994246466963663,0,0.111951319643813,0.340810518258596,0.218111933497415,0,0.216079159108144,0.0440652649239232,0.171695249222197,0,0,0,0.0539687072220866,0,0,0.12140687502253,0,0,0.0733753122780245,0,0,0,0,0,0,0,0
"18S_ASV_530","green",0,0,0,0,0,0,0,0,0,0,0,0,0,0,0,0,0.344822329648749,0.234260642832909,0.246932399162397,0.36207397169033,0,0,0,0.191273013919001,0.601066125983554,0.486086913838336,0,0,0,0,0,0,0,0,0,0,0,0,0,0,0,0,0,0,0
"18S_ASV_535","green",0,0,0,0,0,0,0,0,0,0,0,0,0,0,0,0,0.161970885967925,0,0.653811238663323,0.335640165933183,0,0,0.439205230578942,0.22566773346211,0,0.306815583810757,0,0,0,0,0.309320242379446,0,0,0,0,0,0,0,0,0,0,0,0,0,0
"18S_ASV_536","grey",0,0,0,0,0,0,0,0,0,0,0,0,0.419212028367315,0,0.302914818467632,0,0,0,0,0,0,0,0,0,0,0,0,0,0,0,0,0,0,0,0,0.297736405803172,0.559103926494962,0,0,0,0,0.500388651438395,0.24627867991445,0.142189062144274,0
"18S_ASV_541","brown",0.137360563948689,0.271844387599197,0.322139076961583,0,0,0,0,0,0,0,0,0,0,0,0,0.213535674482578,0,0,0.296732732379508,0.0396525792859072,0,0,0,0,0,0,0,0,0,0,0.769913823487723,0,0.0396525792859072,0.271844387599197,0,0,0,0,0,0,0,0,0,0,0
"18S_ASV_542","green",0,0,0,0,0,0,0,0,0,0,0,0,0,0,0,0,0.168763185138904,0.470658036520967,0,0,0.579174445201688,0,0,0.387706661918779,0.339862220780604,0.385660702191952,0,0,0,0,0,0,0,0,0,0,0,0,0,0,0,0,0,0,0
"18S_ASV_547","green",0,0,0,0,0,0,0,0,0,0,0,0,0,0,0,0,0.683686119573683,0.458364178213903,0,0.25840906388839,0.296560082843522,0,0.29101641490804,0,0,0.288204596165319,0,0,0,0,0,0,0,0,0,0,0,0,0,0,0,0,0,0,0
"18S_ASV_55","green",0.0469732983759917,0.348890728276992,0.198366038488713,0,0,0,0,0,0,0,0.174971595693242,0,0.0439394972124164,0,0,0.0730229598877859,0.673101851717624,0.237977441889377,0.140593313240233,0.137952828197756,0.0802221792955861,0.0904566373252204,0.124648996936409,0.386044121100956,0.0852234245149368,0.084137731464703,0.1396089838901,0,0,0,0,0.0542400929242068,0,0.100105671849566,0,0.0802221792955861,0.103714234589856,0,0,0,0.0846823179361536,0,0,0,0
"18S_ASV_553","red",0,0,0,0,0,0,0,0,0,0,0,0,0,0,0,0,0,0,0,0.234325597954865,0.641078542123647,0.14130365221672,0.203954254112001,0.326326806579202,0.122372552467201,0,0,0,0,0,0.215844894085611,0,0,0.551808401965031,0,0,0,0,0,0,0,0,0,0,0
"18S_ASV_557","grey",0.340538377506298,0,0,0,0,0,0,0,0,0,0,0.556096841817135,0,0,0.380181292446183,0,0,0,0,0,0,0,0,0,0,0,0,0,0,0,0.352660953181891,0,0.352660953181891,0,0,0,0,0,0,0,0.426042961498036,0,0,0,0
"18S_ASV_566","grey",0,0,0,0,0,0,0,0,0,0,0,0,0,0,0,0,0,0,0,0,0,0,0,0,0,0,0,0,0,0,0,0,0,0,0,0,0.591895375936002,0,0.457366016959489,0.218217890235992,0,0.446071285599886,0.294507544686976,0.327326835353989,0
"18S_ASV_57","red",0,0,0,0,0,0,0,0,0,0,0,0,0,0,0,0,0,0,0,0.103711411178753,0.383450456118402,0.506845371465934,0,0.219410998582753,0.301590049673097,0.119172866445802,0.652096420032509,0,0.082388123175822,0,0,0,0,0,0,0,0,0,0,0,0,0,0,0,0
"18S_ASV_574","turquoise",0,0,0,0,0,0,0,0,0,0,0,0,0,0,0,0.0415585817461691,0.435870082527847,0.166234326984677,0.437846827737264,0.374027235715522,0.137834222471356,0.211908019280957,0.335055997691351,0,0.262839549288384,0.223799811853892,0,0,0,0,0,0,0,0,0,0,0,0,0,0,0,0,0.355076678089354,0.166234326984677,0
"18S_ASV_576","turquoise",0,0,0,0,0,0,0,0,0,0,0,0,0,0,0,0.532890350293135,0.354168801660573,0.309546144106191,0.451478407693259,0.298077463448728,0,0,0.346711781215247,0,0.28614949432254,0,0,0,0,0,0,0,0,0,0,0,0,0,0,0,0,0,0,0,0
"18S_ASV_58","grey",0,0,0,0,0,0,0,0,0,0,0,0,0,0.0230131465630758,0,0,0,0,0,0,0,0,0,0,0,0,0,0,0,0,0.0573022728288187,0,0.0448608813554495,0.0734980960997141,0,0.30426130068649,0.240043776680456,0,0.0976365119471448,0.11274093291084,0,0.522758200320705,0.517360922283821,0.524780483308475,0
"18S_ASV_584","grey",0,0,0,0,0.286605752110555,0.573211504221111,0.253546276418555,0.590096844352082,0,0,0,0,0,0,0,0,0,0,0,0,0,0,0,0,0,0,0,0,0,0,0,0.169030850945703,0.126773138209277,0,0,0,0.313391585264004,0.184197099403252,0,0,0,0,0,0,0
"18S_ASV_591","green",0,0,0,0,0,0,0.175332285926597,0,0,0,0,0,0.134473724720276,0,0,0.394354371986978,0,0,0.104162899268822,0.377964473009227,0.212621627781281,0,0,0.180415433797279,0.175332285926597,0.375564674314729,0,0,0,0.348076606063908,0,0,0,0,0.0950872826411205,0,0,0,0,0.104162899268822,0,0.501354404287038,0,0,0
"18S_ASV_593","grey",0,0,0,0,0.226455406828919,0,0,0,0.234403615469248,0,0,0,0,0.238278317890145,0,0,0,0,0,0,0,0,0,0,0,0,0,0,0,0.580513855989964,0,0,0,0,0,0.270665980980383,0.308606699924184,0,0,0,0,0.50273974653617,0.280632462047032,0,0
"18S_ASV_597","blue",0,0,0,0,0,0,0,0,0,0,0,0,0,0,0,0.344265186329548,0,0.187577144623713,0.166666666666667,0,0.501848435139387,0,0,0,0.304290309725092,0.539203802602264,0,0.396746023807936,0.161015297179883,0,0,0,0,0,0,0,0,0,0,0,0,0,0,0,0
"18S_ASV_599","blue",0,0,0,0,0,0,0,0,0,0,0,0,0,0,0,0,0,0,0,0,0,0,0,0.392050639208386,0.136082763487954,0.239598429476087,0,0,0.319142369252113,0,0,0.161015297179883,0,0.247206616236522,0,0,0.762549330523266,0,0,0,0,0,0,0,0
"18S_ASV_6","green",0,0,0,0,0.00839042092243646,0,0,0,0,0,0,0,0,0.0100284711308539,0.0118658470625286,0.118743196427317,0.143094722069246,0.185323324612526,0.191331034839994,0.570689620781144,0.156521272717064,0.133608444332575,0.565858205324783,0.14386574990999,0.222758508416441,0.282208376361857,0.146806678933739,0.112300967253561,0.0413484457359682,0.141077457996333,0,0,0,0,0,0,0,0.0109856397113161,0,0,0.00839042092243646,0,0,0,0
"18S_ASV_605","grey",0,0,0,0,0,0,0,0,0,0,0,0,0,0,0,0,0,0,0,0.320930295674385,0.485752052162186,0,0,0,0.387056499858092,0,0,0,0,0,0.320930295674385,0.167600380788498,0,0.574097565733625,0,0,0,0,0,0,0,0.224859506698758,0,0,0
"18S_ASV_607","green",0,0,0,0,0,0,0,0,0,0,0,0,0,0,0,0,0.156320472829262,0.198679853559757,0.297230322581082,0.429197537639476,0,0.315632793211314,0.365319923651231,0,0,0,0,0,0,0,0.225281778444791,0,0,0.616197410024012,0,0,0,0,0,0,0,0,0,0,0
"18S_ASV_62","blue",0,0,0,0,0,0,0,0,0,0,0,0,0,0,0,0.234006298472847,0.383408882273199,0.0520549817455954,0.416032975651722,0.0463162594588153,0,0,0,0.0450809365852208,0.198504058781181,0.650513732072404,0,0.171991634320294,0.166995648366452,0.26923045905189,0,0,0,0,0,0,0,0,0,0,0,0,0.160444229198421,0,0
"18S_ASV_630","green",0,0,0,0,0,0,0,0,0,0,0,0,0,0,0,0,0,0,0,0.244460541141712,0.461678903956598,0,0.336965601705972,0,0.331001137442227,0.484829620543316,0,0,0,0,0.518579119121513,0,0,0,0,0,0,0,0,0,0,0,0,0,0
"18S_ASV_635","greenyellow",0,0,0,0,0,0,0,0.245934688418982,0,0.347804171820126,0,0,0,0.326886583863085,0.347804171820126,0,0,0,0,0,0,0,0,0,0,0,0,0,0,0,0.185132907794339,0.224506627533469,0,0.623789149653796,0,0.215339192303527,0,0,0.265639824064526,0,0,0,0,0,0
"18S_ASV_64","blue",0,0,0,0,0,0,0,0,0,0,0,0,0,0,0,0.155430226074824,0.109370942435082,0.170540569498765,0.22061036687888,0.641312568658133,0.136981481783448,0,0.101009331022815,0.0795790496529163,0.158048970118609,0.203752759620308,0,0.267684037169068,0.511965424832341,0.104994317615567,0.0573034650918083,0,0,0.151223461278332,0,0,0,0,0,0,0,0.0324880109775419,0,0.0324880109775419,0
"18S_ASV_652","greenyellow",0,0,0,0.270878685124,0,0,0,0,0,0,0,0,0,0,0,0,0.30371563440628,0.233468065324158,0.228934273247815,0,0,0,0,0,0,0,0,0,0,0,0,0,0,0.570041743294763,0,0,0.417138098082778,0,0,0.263025454922346,0.15185781720314,0.307147558416976,0.20476503894465,0,0
"18S_ASV_66","magenta",0.169000924269979,0,0.146157358100914,0,0.152867087734578,0,0,0,0.247732547484592,0.292314716201828,0,0.282249566263766,0,0.259824087781572,0.191585038815248,0,0,0,0,0,0,0,0,0,0,0,0,0.273111467566837,0.173480828281362,0.231987090481104,0.202952362087751,0,0.184364644658159,0,0.143303243726223,0.126692483925843,0,0.138273483493619,0.195849775151782,0.194640814370139,0.191276776284412,0.202370001168235,0.246777890571407,0.230199601401276,0.19735056165975
"18S_ASV_661","magenta",0,0,0,0,0,0.190999179828812,0.196536534624126,0,0.474680827938118,0,0,0.146489683827262,0,0,0,0,0,0,0,0,0,0,0,0,0,0,0,0,0,0,0,0,0,0,0,0,0,0,0.179412488979214,0,0,0,0.726565204030687,0.34354876083747,0
"18S_ASV_668","grey",0,0.180775381515547,0.203455979297691,0.376313965241432,0,0,0,0,0,0,0,0,0,0,0,0,0,0,0,0,0,0,0,0.287730205268695,0.740958573634948,0,0,0,0,0,0,0.233380014004668,0,0.26403934479378,0,0,0,0,0,0,0,0.168292721432467,0,0,0
"18S_ASV_672","yellow",0,0.132891098837019,0,0.265782197674038,0.36393726262342,0,0.348443400758299,0,0.332227747092548,0.105059638271883,0.23492049286747,0,0,0,0,0,0.448199734724939,0.529483900494625,0,0,0,0,0,0,0,0,0,0,0,0,0,0,0,0,0,0,0,0,0,0,0,0,0,0,0
"18S_ASV_679","brown",0,0.312694383988229,0,0,0,0,0.32659863237109,0,0,0,0,0,0.19436506316151,0,0.163299316185545,0,0,0,0,0,0,0,0,0,0,0,0,0,0,0,0,0.282842712474619,0,0.466666666666667,0.23094010767585,0,0,0.240370085030933,0.385861230093007,0,0,0.309120616516523,0.278886675511359,0,0
"18S_ASV_68","grey",0,0,0,0.0884947755588138,0.569506232975189,0.198184531267541,0.213969933705931,0.116681008871732,0,0,0,0.115121727090036,0.089845918975914,0,0,0.702148166837151,0,0,0.110856468582154,0,0,0,0,0,0,0.0580817869551516,0,0,0.1,0,0,0,0,0,0.0864284647443901,0.0439057039958761,0.140566838708773,0,0,0,0,0,0,0,0
"18S_ASV_69","green",0,0,0.0453225377833827,0.0945595983566589,0.0659539801771532,0,0,0,0,0,0,0,0,0.0515585980076669,0,0.14582973711877,0.176904809840785,0.139477031929846,0.177245995904794,0.403285204312531,0,0.173107386412441,0.607369754240661,0.183278768041709,0.173803998427833,0.280466021079531,0.150719235872086,0.231622766256333,0.115811383128166,0.0899760990765135,0,0,0,0.204173468452473,0,0.0527173628702556,0.16192713276881,0,0,0,0,0.0560501053204026,0.0538511993132206,0,0
"18S_ASV_693","blue",0,0,0,0,0,0,0,0,0,0,0,0,0,0.277664375945014,0,0,0,0,0,0,0,0,0,0.265131636325239,0.42591770999996,0.409634536525839,0,0,0,0.218217890235992,0,0,0,0,0,0,0,0,0,0.228372929681558,0,0.635317336386968,0,0,0
"18S_ASV_694","green",0,0,0,0,0,0,0,0,0,0,0,0,0,0,0,0,0,0,0.418806200118149,0.539973845650262,0.498288643011243,0,0.208038895960218,0.218714404848841,0.421516948159171,0,0,0,0,0.126274820515127,0,0,0,0,0,0,0,0,0,0,0,0,0,0,0
"18S_ASV_70","green",0,0,0,0,0,0,0,0,0,0,0,0,0,0,0,0,0.160186287099362,0.0977847095978225,0.192135371465768,0.568902845689362,0.514025036431055,0.153629532987492,0.282423032533207,0.245265012115463,0.20405001261818,0.143021311763297,0.30607501892727,0,0.108910673202179,0.0939980479512184,0,0,0,0,0,0,0,0,0,0,0,0,0,0,0
"18S_ASV_708","brown",0,0,0.321119146104999,0,0,0.324831629509775,0.293821264124635,0.234852880118086,0,0,0,0,0,0,0,0,0,0,0.629033745706389,0,0,0,0,0,0,0,0,0,0,0,0.219001439939201,0,0,0.454131051559357,0,0,0,0,0,0,0,0,0,0,0
"18S_ASV_71","red",0,0,0,0,0,0,0,0,0,0,0,0,0,0,0,0,0,0,0,0.103192610250354,0.551952138134003,0.464136053999026,0,0.234429435742863,0.344745484675878,0.129493883448884,0.499203772386336,0.12996562957752,0.112281339247476,0,0,0,0,0,0,0,0,0,0,0,0,0,0,0,0
"18S_ASV_716","yellow",0,0,0,0,0,0.230800271085569,0.437359455114678,0.44829512935389,0.196827132522049,0,0.504219484089611,0,0.445586372655592,0.110029712033915,0.225493808400849,0,0,0,0,0,0,0,0,0,0,0,0,0,0,0,0,0,0,0,0,0,0,0,0,0,0,0,0,0,0
"18S_ASV_72","green",0,0,0,0,0,0,0,0,0,0,0,0,0,0,0,0,0.409751972498961,0.572536704485206,0.100429581603274,0.319709277532294,0.143322033937752,0.0901003950091885,0.139406579263475,0,0.170376906542239,0.544908220941557,0,0,0,0,0,0,0,0.134008132521112,0,0,0,0,0,0,0,0,0,0,0
"18S_ASV_721","black",0.548391736200062,0,0.17828303642185,0,0.373315286558807,0,0,0,0.191506701255901,0,0,0,0,0,0.139856720255013,0,0,0,0,0,0,0,0,0,0,0,0,0,0,0,0,0,0.670729267746121,0,0.148340452930245,0,0,0,0,0,0,0,0,0,0
"18S_ASV_73","red",0,0,0,0,0.120677698006369,0,0,0,0,0,0,0,0,0,0,0.112676713753355,0,0.0985329278164293,0,0.134806400981486,0.557051342926048,0.0871362777131418,0.42497931534546,0.158172913767619,0.276225853119852,0.205718592760883,0.249220842086784,0.108167804064778,0.468845158791876,0.0953225202813618,0,0,0,0,0,0,0,0,0,0,0,0,0,0,0
"18S_ASV_734","blue",0,0,0,0,0,0,0,0,0,0,0,0,0,0,0,0.0707106781186548,0.244948974278318,0.239791576165636,0,0,0.1,0.374165738677394,0.212132034355964,0.13228756555323,0.273861278752583,0.455521678957215,0.0866025403784439,0.476969600708473,0.33166247903554,0.193649167310371,0,0,0,0,0,0,0,0,0,0,0,0,0,0,0
"18S_ASV_737","grey",0,0,0,0,0,0,0,0,0,0,0,0,0,0,0,0,0,0,0,0,0,0,0,0,0,0,0,0,0,0,0,0,0,0,0,0.284267621807481,0.435194139889245,0,0.265908011739155,0.240999601827074,0,0.57295970912694,0.522232967867094,0,0
"18S_ASV_738","black",0.43864001560635,0,0,0,0.297670278893794,0,0,0.369741613507992,0,0,0,0,0,0,0.159111456835146,0,0,0,0,0,0,0,0,0,0,0,0,0,0,0,0.318222913670292,0,0.667510015095777,0,0,0,0,0,0.100630921085326,0,0,0,0,0,0
"18S_ASV_748","black",0,0,0,0,0.25,0,0,0,0,0,0,0,0,0,0,0,0,0,0,0,0,0,0,0,0,0,0,0,0,0,0,0,0,0,0,0.204124145231932,0.71443450831176,0.554338945652086,0.13501543121683,0.11410886614691,0,0.153093108923949,0.153093108923949,0,0
"18S_ASV_75","green",0,0,0,0,0.261154814566493,0,0.0709460775286282,0,0,0,0.0990708056773606,0.0925023678528653,0,0,0,0,0.0769037154636907,0,0,0.782017601386837,0,0,0,0.235835689367649,0.139657493272668,0,0,0.39881540964168,0.0709460775286282,0,0,0,0,0.126415478820897,0,0,0.12133646115798,0,0,0.0744088738549908,0.0614411054386523,0.0571985563266572,0.071827429054753,0,0.0571985563266572
"18S_ASV_750","green",0,0.135191576668403,0.153292839092279,0,0,0,0,0,0,0,0,0,0,0,0,0.611038579971919,0.382379522486116,0,0.424448651739461,0,0,0,0.265510985744307,0.270383153336807,0.270383153336807,0,0,0,0,0,0,0,0,0.204390452123038,0,0,0,0,0,0,0,0,0,0,0
"18S_ASV_759","grey",0,0,0,0,0,0,0,0,0,0,0,0,0,0,0,0,0,0,0,0,0.504620560237416,0,0,0,0,0.424701486676402,0,0,0,0,0.252310280118708,0,0,0.385410319086497,0,0,0.540164038352159,0.246997889787912,0,0,0,0,0,0,0
"18S_ASV_76","grey",0.0872744779143556,0,0.054491049395654,0.0834945509987065,0,0,0,0,0,0,0,0,0,0,0,0.371492547896007,0.268637821927586,0.312201316078118,0.235884763140936,0.111326067998275,0,0,0,0.157848299711029,0.150307370764613,0.164653475054142,0.169673369784858,0,0,0,0.282915732409352,0,0.0409668837812217,0.618273250713964,0.0872744779143556,0,0,0.110744726855084,0.0872744779143556,0,0,0.0425133444519915,0.0857824965580056,0.0520680005832806,0
"18S_ASV_77","green",0,0,0,0,0,0,0,0,0,0,0,0,0,0,0,0.391259305381308,0.212406929293618,0.222891300889013,0.281567432533955,0.150194380074529,0.231218489375704,0.112464769697011,0.469294490780366,0.137503778442377,0.53267225513077,0.247559479030481,0,0,0,0,0,0,0,0,0,0,0,0,0,0,0,0,0,0,0
"18S_ASV_79","blue",0,0,0,0,0,0.0664033638783959,0,0.0365538487563072,0,0,0,0,0,0,0,0,0,0,0,0,0.276459249671668,0.299206147240046,0,0.756761786775802,0.323867925123144,0.246026683122226,0.230897674241361,0.148482435566747,0,0.121785224201373,0,0,0,0,0,0,0,0,0,0,0,0,0,0,0
"18S_ASV_8","blue",0.0133221868326063,0.0163162799989552,0,0.0670535366012812,0,0,0,0,0.0295400280102684,0.0382650684243955,0,0.0199832802489095,0,0,0,0.10043315002443,0.0909265683851553,0.0779660995150987,0.204731571436872,0.306820307570009,0.245588772077719,0.069010127979476,0.11052866401013,0.462678353163182,0.288433805774991,0.166882215587173,0.159958730423653,0.0790025523665801,0.564440057358013,0.106577494660851,0,0,0,0,0.0184437325083301,0,0,0,0.0274643917375243,0.0790025523665801,0.0237070052166531,0.230458430317397,0.0477249253085166,0.066053510688208,0
"18S_ASV_80","grey",0,0,0,0,0,0,0.0590558398465942,0,0,0,0,0.0417587848241935,0,0,0,0,0.0634361479695551,0,0.082710617683983,0.319708116378156,0.164608349685092,0.200936773275725,0.7494241026149,0,0,0,0,0,0.378496442974124,0.22517598751224,0.0543234716375701,0,0,0.21229795697371,0,0,0.0975900072948533,0,0,0,0,0.0327582859511515,0,0,0
"18S_ASV_802","grey",0,0,0,0,0.385040016041824,0.340997169735237,0.717310869652015,0,0,0,0,0,0,0,0,0,0,0,0,0.241121411085206,0,0,0.201736646196482,0,0,0,0,0,0,0,0,0,0,0,0.0933859209547035,0,0.258573906487641,0,0,0.215665546406877,0,0,0,0,0
"18S_ASV_806","turquoise",0,0,0,0,0.291623024244991,0,0,0,0,0,0,0,0.291623024244991,0,0,0,0.607866322702335,0,0.590739881028971,0,0,0.108306072214776,0.202622107567445,0.0541530361073882,0.153167916213497,0.108306072214776,0,0,0,0.143275466279251,0,0,0,0,0,0,0,0,0,0,0,0,0,0,0
"18S_ASV_81","green",0,0,0,0,0,0,0,0,0,0,0,0,0,0,0,0,0,0.0519244115358654,0.0868861590667269,0.614377922673356,0.487509116685465,0.0787472690364282,0.225736862967123,0.145016989363654,0.13288997916478,0.13390056390378,0.50676203971509,0,0,0.0532066888559438,0,0,0,0,0,0,0,0,0,0,0,0,0,0.0232213027771739,0.0259622057679327
"18S_ASV_82","blue",0,0,0,0,0,0,0,0,0.185176617431815,0.10754626670844,0.369065045795864,0,0,0,0,0,0,0,0,0,0,0.0349950913106237,0,0.210617608096727,0.405601009031894,0.360485302077651,0.393338184265118,0.271822743264086,0.497510471180807,0.0420588653699993,0,0,0,0,0,0,0,0,0,0,0,0,0,0,0
"18S_ASV_820","red",0,0,0,0,0,0,0,0,0,0,0,0,0,0,0,0,0,0,0,0,0.489278999543143,0.301511344577764,0.306495340811886,0.205971460217775,0.252262489554756,0.590326052690247,0,0,0,0,0,0,0,0,0,0,0.246182981958665,0,0.145643816250884,0,0,0.198479065379549,0,0,0
"18S_ASV_827","blue",0,0,0,0,0,0,0,0,0,0,0,0,0,0,0,0,0,0,0,0,0,0.199387441133982,0,0.297800294308988,0.618274208536872,0.500763942385915,0,0,0.110600252721866,0.3078980728124,0.241047662372337,0,0,0,0,0,0,0.270914184591439,0,0,0,0,0,0,0
"18S_ASV_83","blue",0,0,0,0,0,0,0,0,0,0,0,0,0,0,0,0.211004663924473,0.183410948342054,0.168132540683679,0.42733457733888,0,0,0,0,0.32471787156403,0.235385556957151,0.401938764388335,0.249664085276661,0.102271031859453,0.463509427519326,0.317677081192828,0,0,0,0,0,0,0,0,0,0,0,0,0,0,0
"18S_ASV_839","pink",0,0,0,0.209165006633519,0,0,0,0,0.330718913883074,0.237170824512628,0,0,0,0,0,0,0,0,0,0.362284418654736,0,0.387298334620742,0.375,0,0,0.607247890074556,0,0,0,0,0,0,0,0,0,0,0,0,0,0,0,0,0,0,0
"18S_ASV_84","green",0,0,0,0,0,0,0.195162611886753,0,0,0,0,0,0,0,0,0,0,0,0,0.494765755321735,0.582066758920511,0,0.0755389574600498,0,0.146767354017918,0.348422161828244,0,0.411149878437571,0,0.0999286478681895,0.225037641486023,0,0,0,0,0,0,0,0,0,0,0,0,0,0
"18S_ASV_85","blue",0,0,0,0,0.0632455532033676,0.1,0.0676123403782813,0,0.156296421675518,0.138873014965883,0.0765319727770221,0.1,0,0,0,0,0,0,0,0.0894427190999916,0.738531361167941,0.072702917999997,0.157207778796998,0.166904592079256,0.178885438199983,0.166904592079256,0.250998007960223,0.354964786985977,0.196396101212393,0.152127765851133,0,0,0,0,0,0,0,0,0,0,0,0,0,0,0
"18S_ASV_86","brown",0,0,0,0.609415696395867,0,0,0,0,0.0913199004991502,0,0,0,0,0,0,0,0,0,0,0.243388492545105,0.165283017629177,0.105219636089636,0.150245425867974,0,0,0.108582130573123,0,0,0,0.21483446221183,0.300730000879838,0.237104508196982,0,0.543572335808153,0,0,0,0,0,0,0,0,0,0,0
"18S_ASV_87","blue",0,0,0,0,0,0,0,0,0,0,0,0,0,0,0,0.26131917481129,0.0451490768236899,0.0435067390464716,0.164123481504414,0.450037208065046,0.296553685740878,0.0980295083526514,0.116990011470747,0.300940091790419,0.391374681019999,0.19456805197451,0,0.230216023744694,0.4764396691076,0.159626091931718,0,0,0,0,0,0,0,0,0,0,0,0,0,0,0
"18S_ASV_879","grey",0,0,0,0.495715430863217,0.560350938306909,0,0,0,0,0,0,0.193759289109041,0,0,0,0,0,0,0,0,0,0,0,0,0,0,0,0,0,0,0,0.218589958520217,0,0.319982934698545,0,0.452524205978627,0,0,0,0,0,0.218589958520217,0,0,0
"18S_ASV_88","black",0,0.162197307950231,0.264586366434876,0,0,0.175405085770481,0.282253543857671,0,0,0,0,0,0,0,0,0.145789090735239,0,0,0,0,0,0,0,0.389365165194352,0,0,0,0,0,0.241994290476176,0,0,0,0,0,0.53434369714868,0.505469490147209,0.144251728712772,0,0,0,0,0,0,0
"18S_ASV_89","blue",0,0,0,0,0,0,0,0,0,0,0,0,0,0,0,0.127172772823121,0,0,0,0,0,0,0,0.167219960276496,0.429067772696937,0.442593215644413,0.197091916881746,0.129528024260867,0.69132646800828,0.196708095841961,0,0,0,0,0,0,0,0,0,0,0,0.0602293078859118,0,0,0
"18S_ASV_9","grey",0,0,0,0,0.0705271394875536,0.0258763858157609,0.149546705922919,0.0209765235349157,0.029985999168968,0.0957276400214167,0.0987767388568667,0,0.0635346765495527,0.501227663892237,0.21538996570996,0,0,0,0,0,0,0,0,0,0,0,0,0,0,0,0,0,0,0,0.726582268018117,0.110305750410337,0.120421545996633,0.2580234736411,0.0360681653524686,0,0,0.166150924143826,0,0,0
"18S_ASV_904","brown",0,0.254456678903991,0.424094464839985,0,0.344535971955358,0,0,0,0,0,0.411174838969311,0,0,0,0.254456678903991,0,0,0,0,0,0,0,0,0,0,0,0,0,0,0,0.452808978734987,0,0,0.444794027184162,0,0,0,0,0,0,0,0,0,0,0
"18S_ASV_91","green",0.128361784683642,0.0969189667209449,0.0832434583617514,0.19423473617742,0.120949940903237,0,0,0,0,0,0,0.0447420144781465,0,0,0,0.316617089360355,0.190633779970673,0.28595066995601,0.266436868443596,0.626142319189899,0.299881919067207,0.0554956389078343,0.179397753748179,0.175930803655235,0.132494021923239,0.0936874213686014,0.126549527365776,0,0,0,0.0607924265459644,0,0,0.13650122315797,0,0,0,0,0.0734138296993848,0,0,0,0.0723574605292422,0,0
"18S_ASV_916","black",0,0,0,0.574169251763215,0.270665980980383,0,0,0,0,0,0,0,0,0,0,0,0,0,0,0,0,0,0,0,0,0,0,0,0,0,0,0.256776295506548,0,0,0,0.270665980980383,0.517106630589154,0.436435780471985,0,0,0,0,0,0,0
"18S_ASV_92","turquoise",0,0,0,0,0.0885059728058466,0,0,0.104721679280047,0,0,0.183102580297176,0,0,0,0,0.118081695684431,0.412669479139181,0.696784315006249,0.268451907136539,0,0.118743222965172,0,0,0.341866850918386,0,0,0,0.154822220951213,0,0,0.0613187366692143,0,0,0.217155496081268,0,0,0,0,0,0,0,0,0,0,0
"18S_ASV_93","green",0,0,0,0,0,0,0,0,0,0,0,0,0,0,0,0,0.0870319601964063,0.0664717575800692,0.0914526051055419,0.78268301980047,0.385757157423823,0.153852223087091,0.367746507913227,0.166179393950173,0.178096824158787,0,0,0,0,0,0,0,0,0,0,0,0,0,0,0,0,0,0,0,0
"18S_ASV_932","brown",0.280975743474508,0.377964473009227,0.551825405536469,0,0.335830247129734,0.0613139339484966,0.086710996952412,0.0613139339484966,0,0,0,0,0,0,0,0.306569669742483,0.494328739054932,0,0,0,0,0,0,0,0,0.0613139339484966,0,0,0.0613139339484966,0,0,0,0,0,0,0,0,0,0,0,0,0,0,0,0
"18S_ASV_97","green",0,0,0,0,0,0,0,0,0,0,0,0,0,0,0,0.284921386876187,0.249687252285719,0.407669431926924,0.270823849749117,0,0.697434156319003,0.196230521928393,0,0,0,0,0.303340297173513,0,0,0,0,0,0,0,0,0,0,0,0,0,0,0,0,0,0
"18S_ASV_98","blue",0,0,0,0,0,0,0,0,0,0,0,0,0,0,0,0,0.0735028405377048,0.0842080826395752,0,0.177208931021645,0.511393074767814,0.048617559179901,0.211919027346797,0,0.126645842173605,0.190965981467907,0,0.502063948793413,0.459392753360655,0.362891198499408,0,0,0,0,0,0,0,0,0,0,0,0,0,0,0
"18S_ASV_983","brown",0,0,0.306622070335933,0,0,0,0,0,0,0,0,0,0.206724557648681,0,0,0,0,0,0,0,0,0,0,0,0,0,0,0,0,0,0,0,0,0.386746234076881,0,0,0.358057437019716,0,0.423659272868162,0.531085004543794,0.244599795235114,0,0,0.253184841770917,0
"18S_ASV_987","grey",0,0,0,0,0,0,0.292979367654524,0,0.173328931384624,0,0,0,0,0,0,0,0,0,0,0,0,0,0,0,0,0,0,0,0,0,0.481414225643946,0.196536534624126,0,0.544185022814662,0,0,0.563557065898038,0,0,0,0,0,0,0,0
"18S_ASV_99","red",0,0,0,0,0,0,0,0,0,0,0,0,0,0,0,0.136833490985647,0.323017686097704,0,0.212382633420728,0.208336879402445,0.77151412336599,0.241977667335979,0.12849372863246,0.142917920202099,0.235922814640901,0.121690224086809,0,0,0,0,0,0,0,0,0.110703744963466,0,0,0.0726401799604107,0.0738024966423108,0,0,0.0652328073053442,0,0,0
