ASV_16S,ASV_18S,Module_Color,Correlation_16S_18S,P_value_16S_18S,16S_Taxa2,16S_ASV_ID,18S_Taxa2,18S_ASV_ID
16S_ASV_240,18S_ASV_748,black,0.846071615032686,2.53055660339355e-13,FukuN18-freshwater-group,16S_ASV_240,Stramenopiles,18S_ASV_748
16S_ASV_415,18S_ASV_748,black,0.844013149169767,3.29482838369272e-13,FukuN18-freshwater-group,16S_ASV_415,Stramenopiles,18S_ASV_748
16S_ASV_358,18S_ASV_748,black,0.835220683084428,9.76099792523915e-13,FukuN18-freshwater-group,16S_ASV_358,Stramenopiles,18S_ASV_748
16S_ASV_519,18S_ASV_748,black,0.827606914393396,2.3778104783647e-12,FukuN18-freshwater-group,16S_ASV_519,Stramenopiles,18S_ASV_748
16S_ASV_196,18S_ASV_363,black,0.62435598810548,4.57686434439951e-6,Aphanizomenon,16S_ASV_196,Opisthokonta_Arthropoda,18S_ASV_363
16S_ASV_240,18S_ASV_916,black,0.607512084603112,9.62696866420184e-6,FukuN18-freshwater-group,16S_ASV_240,Stramenopiles,18S_ASV_916
16S_ASV_415,18S_ASV_916,black,0.601738536908673,1.23016382152933e-5,FukuN18-freshwater-group,16S_ASV_415,Stramenopiles,18S_ASV_916
16S_ASV_358,18S_ASV_916,black,0.594316021585486,1.67430723310685e-5,FukuN18-freshwater-group,16S_ASV_358,Stramenopiles,18S_ASV_916
16S_ASV_519,18S_ASV_916,black,0.592870491158081,1.77632179180691e-5,FukuN18-freshwater-group,16S_ASV_519,Stramenopiles,18S_ASV_916
16S_ASV_196,18S_ASV_267,black,0.572937523926704,3.90368216955977e-5,Aphanizomenon,16S_ASV_196,Opisthokonta_Arthropoda,18S_ASV_267
16S_ASV_519,18S_ASV_88,black,0.563781387048468,5.51106206161141e-5,FukuN18-freshwater-group,16S_ASV_519,Opisthokonta_Arthropoda,18S_ASV_88
16S_ASV_415,18S_ASV_88,black,0.557991931096653,6.81823849173821e-5,FukuN18-freshwater-group,16S_ASV_415,Opisthokonta_Arthropoda,18S_ASV_88
16S_ASV_562,18S_ASV_738,black,0.556156994988456,7.28808124637178e-5,Candidatus-Planktophila,16S_ASV_562,Opisthokonta_Arthropoda,18S_ASV_738
16S_ASV_584,18S_ASV_738,black,0.554184758548426,7.82584194243678e-5,Candidatus-Aquiluna,16S_ASV_584,Opisthokonta_Arthropoda,18S_ASV_738
16S_ASV_240,18S_ASV_88,black,0.548609014917722,9.54763210740757e-5,FukuN18-freshwater-group,16S_ASV_240,Opisthokonta_Arthropoda,18S_ASV_88
16S_ASV_562,18S_ASV_363,black,0.542336237717772,1.1891817389269e-4,Candidatus-Planktophila,16S_ASV_562,Opisthokonta_Arthropoda,18S_ASV_363
16S_ASV_358,18S_ASV_88,black,0.541948244512969,1.2052698038631e-4,FukuN18-freshwater-group,16S_ASV_358,Opisthokonta_Arthropoda,18S_ASV_88
16S_ASV_157,18S_ASV_363,black,0.539422755838377,1.3149153784349e-4,Aphanizomenon,16S_ASV_157,Opisthokonta_Arthropoda,18S_ASV_363
16S_ASV_584,18S_ASV_267,black,0.538635676797256,1.3508938765618e-4,Candidatus-Aquiluna,16S_ASV_584,Opisthokonta_Arthropoda,18S_ASV_267
16S_ASV_196,18S_ASV_395,black,0.53640067487596,1.4579868175803e-4,Aphanizomenon,16S_ASV_196,Opisthokonta_Arthropoda,18S_ASV_395
16S_ASV_210,18S_ASV_363,black,0.531745226156119,1.7061854225225e-4,Aphanizomenon,16S_ASV_210,Opisthokonta_Arthropoda,18S_ASV_363
16S_ASV_562,18S_ASV_395,black,0.531112100600194,1.7427475435976e-4,Candidatus-Planktophila,16S_ASV_562,Opisthokonta_Arthropoda,18S_ASV_395
16S_ASV_172,18S_ASV_363,black,0.524659110916597,2.1580297743137e-4,Aphanizomenon,16S_ASV_172,Opisthokonta_Arthropoda,18S_ASV_363
16S_ASV_164,18S_ASV_363,black,0.523749767882267,2.2232515934092e-4,Aphanizomenon,16S_ASV_164,Opisthokonta_Arthropoda,18S_ASV_363
16S_ASV_519,18S_ASV_2,black,0.52367583544665,2.2286319511438e-4,FukuN18-freshwater-group,16S_ASV_519,Opisthokonta_Arthropoda,18S_ASV_2
16S_ASV_196,18S_ASV_456,black,0.521891652935531,2.3621005789396e-4,Aphanizomenon,16S_ASV_196,Opisthokonta_Arthropoda,18S_ASV_456
16S_ASV_415,18S_ASV_2,black,0.521871293076439,2.3636644847114e-4,FukuN18-freshwater-group,16S_ASV_415,Opisthokonta_Arthropoda,18S_ASV_2
16S_ASV_231,18S_ASV_363,black,0.521471623951673,2.3945546166629e-4,Aphanizomenon,16S_ASV_231,Opisthokonta_Arthropoda,18S_ASV_363
16S_ASV_47,18S_ASV_363,black,0.517680507466716,2.7062481763556e-4,Aphanizomenon,16S_ASV_47,Opisthokonta_Arthropoda,18S_ASV_363
16S_ASV_101,18S_ASV_363,black,0.51384537559060794,3.0584210479111e-4,Aphanizomenon,16S_ASV_101,Opisthokonta_Arthropoda,18S_ASV_363
16S_ASV_124,18S_ASV_363,black,0.511128844672451,3.3323604549687e-4,Aphanizomenon,16S_ASV_124,Opisthokonta_Arthropoda,18S_ASV_363
16S_ASV_67,18S_ASV_363,black,0.510888873925321,3.3575925100142e-4,Aphanizomenon,16S_ASV_67,Opisthokonta_Arthropoda,18S_ASV_363
16S_ASV_95,18S_ASV_363,black,0.510249872818509,3.4256237900193e-4,Dolichospermum,16S_ASV_95,Opisthokonta_Arthropoda,18S_ASV_363
16S_ASV_183,18S_ASV_363,black,0.510246078527033,3.4260314354054e-4,Aphanizomenon,16S_ASV_183,Opisthokonta_Arthropoda,18S_ASV_363
16S_ASV_158,18S_ASV_363,black,0.509029721972729,3.5589904627551e-4,Aphanizomenon,16S_ASV_158,Opisthokonta_Arthropoda,18S_ASV_363
16S_ASV_240,18S_ASV_2,black,0.508616687550346,3.605185993997e-4,FukuN18-freshwater-group,16S_ASV_240,Opisthokonta_Arthropoda,18S_ASV_2
16S_ASV_584,18S_ASV_363,black,0.508508055272859,3.6174253331465e-4,Candidatus-Aquiluna,16S_ASV_584,Opisthokonta_Arthropoda,18S_ASV_363
16S_ASV_85,18S_ASV_363,black,0.506142098124436,3.8934562639502e-4,Aphanizomenon,16S_ASV_85,Opisthokonta_Arthropoda,18S_ASV_363
16S_ASV_145,18S_ASV_363,black,0.506002018280319,3.910378862143e-4,Aphanizomenon,16S_ASV_145,Opisthokonta_Arthropoda,18S_ASV_363
16S_ASV_358,18S_ASV_2,black,0.505546562661064,3.9658599554854e-4,FukuN18-freshwater-group,16S_ASV_358,Opisthokonta_Arthropoda,18S_ASV_2
16S_ASV_214,18S_ASV_363,black,0.504222301749873,4.1312251690453e-4,Aphanizomenon,16S_ASV_214,Opisthokonta_Arthropoda,18S_ASV_363
16S_ASV_228,18S_ASV_363,black,0.502382797003894,4.3712340113163e-4,Aphanizomenon,16S_ASV_228,Opisthokonta_Arthropoda,18S_ASV_363
16S_ASV_69,18S_ASV_363,black,0.502293233932382,4.3832337604057e-4,NA,16S_ASV_69,Opisthokonta_Arthropoda,18S_ASV_363
16S_ASV_190,18S_ASV_363,black,0.50198309784604,4.4250155151873e-4,Aphanizomenon,16S_ASV_190,Opisthokonta_Arthropoda,18S_ASV_363
16S_ASV_11,18S_ASV_363,black,0.499925350435464,4.7114351314559e-4,NA,16S_ASV_11,Opisthokonta_Arthropoda,18S_ASV_363
16S_ASV_27,18S_ASV_363,black,0.498671597478223,4.8940154130669e-4,Aphanizomenon,16S_ASV_27,Opisthokonta_Arthropoda,18S_ASV_363
16S_ASV_584,18S_ASV_456,black,0.497514906997066,5.0680762095826e-4,Candidatus-Aquiluna,16S_ASV_584,Opisthokonta_Arthropoda,18S_ASV_456
16S_ASV_54,18S_ASV_363,black,0.497459244474645,5.0765910008025e-4,Aphanizomenon,16S_ASV_54,Opisthokonta_Arthropoda,18S_ASV_363
16S_ASV_157,18S_ASV_267,black,0.497120695363725,5.1286569281311e-4,Aphanizomenon,16S_ASV_157,Opisthokonta_Arthropoda,18S_ASV_267
16S_ASV_141,18S_ASV_363,black,0.496131304128932,5.28357864399e-4,Aphanizomenon,16S_ASV_141,Opisthokonta_Arthropoda,18S_ASV_363
16S_ASV_214,18S_ASV_88,black,0.495600533442019,5.3684094520071e-4,Aphanizomenon,16S_ASV_214,Opisthokonta_Arthropoda,18S_ASV_88
16S_ASV_161,18S_ASV_363,black,0.493687236628875,5.6844526511643e-4,Aphanizomenon,16S_ASV_161,Opisthokonta_Arthropoda,18S_ASV_363
16S_ASV_6,18S_ASV_363,black,0.490208053555879,6.302233678929e-4,Aphanizomenon,16S_ASV_6,Opisthokonta_Arthropoda,18S_ASV_363
16S_ASV_196,18S_ASV_721,black,0.489966964715436,6.3471940108293e-4,Aphanizomenon,16S_ASV_196,Opisthokonta_Arthropoda,18S_ASV_721
16S_ASV_106,18S_ASV_363,black,0.489694214589714,6.3984054545614e-4,Dolichospermum,16S_ASV_106,Opisthokonta_Arthropoda,18S_ASV_363
16S_ASV_200,18S_ASV_363,black,0.486855223444973,6.9538761235158e-4,Aphanizomenon,16S_ASV_200,Opisthokonta_Arthropoda,18S_ASV_363
16S_ASV_125,18S_ASV_363,black,0.486675267535688,6.99050000779e-4,Aphanizomenon,16S_ASV_125,Opisthokonta_Arthropoda,18S_ASV_363
16S_ASV_231,18S_ASV_88,black,0.485652497509713,7.2019516489949e-4,Aphanizomenon,16S_ASV_231,Opisthokonta_Arthropoda,18S_ASV_88
16S_ASV_71,18S_ASV_363,black,0.48348344457735,7.6694555573035e-4,Aphanizomenon,16S_ASV_71,Opisthokonta_Arthropoda,18S_ASV_363
16S_ASV_237,18S_ASV_363,black,0.483450408042054,7.6767813076525e-4,Aphanizomenon,16S_ASV_237,Opisthokonta_Arthropoda,18S_ASV_363
16S_ASV_196,18S_ASV_738,black,0.483383294632432,7.6916827904689e-4,Aphanizomenon,16S_ASV_196,Opisthokonta_Arthropoda,18S_ASV_738
16S_ASV_309,18S_ASV_363,black,0.482351351373327,7.9240924725179e-4,Aphanizomenon,16S_ASV_309,Opisthokonta_Arthropoda,18S_ASV_363
16S_ASV_90,18S_ASV_363,black,0.481916901457466,8.0238026835983e-4,Aphanizomenon,16S_ASV_90,Opisthokonta_Arthropoda,18S_ASV_363
16S_ASV_148,18S_ASV_363,black,0.480875626695917,8.2673690553059e-4,Aphanizomenon,16S_ASV_148,Opisthokonta_Arthropoda,18S_ASV_363
16S_ASV_245,18S_ASV_363,black,0.480070266580862,8.4602652015101e-4,Aphanizomenon,16S_ASV_245,Opisthokonta_Arthropoda,18S_ASV_363
16S_ASV_201,18S_ASV_88,black,0.478880608315774,8.7525730811634e-4,Aphanizomenon,16S_ASV_201,Opisthokonta_Arthropoda,18S_ASV_88
16S_ASV_236,18S_ASV_363,black,0.478623735106469,8.8168613809943e-4,Aphanizomenon,16S_ASV_236,Opisthokonta_Arthropoda,18S_ASV_363
16S_ASV_67,18S_ASV_88,black,0.477995921135348,8.9757658013944e-4,Aphanizomenon,16S_ASV_67,Opisthokonta_Arthropoda,18S_ASV_88
16S_ASV_209,18S_ASV_363,black,0.477052556608099,9.2193525732888e-4,Aphanizomenon,16S_ASV_209,Opisthokonta_Arthropoda,18S_ASV_363
16S_ASV_334,18S_ASV_363,black,0.476315989398349,9.4136297681607e-4,Aphanizomenon,16S_ASV_334,Opisthokonta_Arthropoda,18S_ASV_363
16S_ASV_158,18S_ASV_88,black,0.475281101041034,9.6927699713096e-4,Aphanizomenon,16S_ASV_158,Opisthokonta_Arthropoda,18S_ASV_88
16S_ASV_157,18S_ASV_456,black,0.474448101964891,9.922798448631e-4,Aphanizomenon,16S_ASV_157,Opisthokonta_Arthropoda,18S_ASV_456
16S_ASV_101,18S_ASV_88,black,0.473367905161942,0.0010228340792837,Aphanizomenon,16S_ASV_101,Opisthokonta_Arthropoda,18S_ASV_88
16S_ASV_159,18S_ASV_363,black,0.472869869313136,0.001037202080762,Aphanizomenon,16S_ASV_159,Opisthokonta_Arthropoda,18S_ASV_363
16S_ASV_117,18S_ASV_363,black,0.472265816509722,0.00105487007771265,Aphanizomenon,16S_ASV_117,Opisthokonta_Arthropoda,18S_ASV_363
16S_ASV_90,18S_ASV_88,black,0.471548656198746,0.00107619459732647,Aphanizomenon,16S_ASV_90,Opisthokonta_Arthropoda,18S_ASV_88
16S_ASV_183,18S_ASV_267,black,0.469166558475516,0.00114981203509545,Aphanizomenon,16S_ASV_183,Opisthokonta_Arthropoda,18S_ASV_267
16S_ASV_164,18S_ASV_88,black,0.468507498784431,0.00117095701164348,Aphanizomenon,16S_ASV_164,Opisthokonta_Arthropoda,18S_ASV_88
16S_ASV_210,18S_ASV_88,black,0.466298295912193,0.00124438616901714,Aphanizomenon,16S_ASV_210,Opisthokonta_Arthropoda,18S_ASV_88
16S_ASV_196,18S_ASV_32,black,0.465510420941016,0.00127154858283494,Aphanizomenon,16S_ASV_196,Opisthokonta_Arthropoda,18S_ASV_32
16S_ASV_201,18S_ASV_363,black,0.464164323062283,0.00131917898919413,Aphanizomenon,16S_ASV_201,Opisthokonta_Arthropoda,18S_ASV_363
16S_ASV_145,18S_ASV_267,black,0.463858734987238,0.00133021051740888,Aphanizomenon,16S_ASV_145,Opisthokonta_Arthropoda,18S_ASV_267
16S_ASV_172,18S_ASV_88,black,0.463841780282807,0.0013308249669931199,Aphanizomenon,16S_ASV_172,Opisthokonta_Arthropoda,18S_ASV_88
16S_ASV_146,18S_ASV_363,black,0.461615403991022,0.0014137377507692601,Aphanizomenon,16S_ASV_146,Opisthokonta_Arthropoda,18S_ASV_363
16S_ASV_69,18S_ASV_267,black,0.460560219698558,0.00145461404359914,NA,16S_ASV_69,Opisthokonta_Arthropoda,18S_ASV_267
16S_ASV_562,18S_ASV_267,black,0.45955056648503,0.0014947063413127,Candidatus-Planktophila,16S_ASV_562,Opisthokonta_Arthropoda,18S_ASV_267
16S_ASV_85,18S_ASV_88,black,0.45945316269832,0.00149862558245871,Aphanizomenon,16S_ASV_85,Opisthokonta_Arthropoda,18S_ASV_88
16S_ASV_95,18S_ASV_88,black,0.45943335814333,0.00149942357517443,Dolichospermum,16S_ASV_95,Opisthokonta_Arthropoda,18S_ASV_88
16S_ASV_141,18S_ASV_267,black,0.459228848183478,0.00150768607575801,Aphanizomenon,16S_ASV_141,Opisthokonta_Arthropoda,18S_ASV_267
16S_ASV_124,18S_ASV_88,black,0.457157056136585,0.00159369750635138,Aphanizomenon,16S_ASV_124,Opisthokonta_Arthropoda,18S_ASV_88
16S_ASV_562,18S_ASV_456,black,0.456626121160045,0.00161642887159266,Candidatus-Planktophila,16S_ASV_562,Opisthokonta_Arthropoda,18S_ASV_456
16S_ASV_214,18S_ASV_2,black,0.456496112668446,0.0016220386996485,Aphanizomenon,16S_ASV_214,Opisthokonta_Arthropoda,18S_ASV_2
16S_ASV_228,18S_ASV_267,black,0.456456024580018,0.00162377197037345,Aphanizomenon,16S_ASV_228,Opisthokonta_Arthropoda,18S_ASV_267
16S_ASV_71,18S_ASV_27,black,0.455153247580846,0.00168100173759321,Aphanizomenon,16S_ASV_71,Chlorophyta,18S_ASV_27
16S_ASV_161,18S_ASV_267,black,0.454488193408976,0.00171090104723784,Aphanizomenon,16S_ASV_161,Opisthokonta_Arthropoda,18S_ASV_267
16S_ASV_562,18S_ASV_748,black,0.453305353031355,0.00176524585759995,Candidatus-Planktophila,16S_ASV_562,Stramenopiles,18S_ASV_748
16S_ASV_209,18S_ASV_395,black,0.452326493179173,0.00181137028925533,Aphanizomenon,16S_ASV_209,Opisthokonta_Arthropoda,18S_ASV_395
16S_ASV_125,18S_ASV_267,black,0.451788486041257,0.0018371736069674,Aphanizomenon,16S_ASV_125,Opisthokonta_Arthropoda,18S_ASV_267
16S_ASV_27,18S_ASV_395,black,0.451514748245785,0.00185042690036185,Aphanizomenon,16S_ASV_27,Opisthokonta_Arthropoda,18S_ASV_395
16S_ASV_146,18S_ASV_267,black,0.45120171729631,0.00186568635947988,Aphanizomenon,16S_ASV_146,Opisthokonta_Arthropoda,18S_ASV_267
16S_ASV_71,18S_ASV_88,black,0.451024586279239,0.00187437033399853,Aphanizomenon,16S_ASV_71,Opisthokonta_Arthropoda,18S_ASV_88
16S_ASV_157,18S_ASV_395,black,0.45081692768738,0.00188459651733603,Aphanizomenon,16S_ASV_157,Opisthokonta_Arthropoda,18S_ASV_395
16S_ASV_164,18S_ASV_267,black,0.450734260845572,0.00188868119094386,Aphanizomenon,16S_ASV_164,Opisthokonta_Arthropoda,18S_ASV_267
16S_ASV_106,18S_ASV_267,black,0.450672630558522,0.0018917315212936,Dolichospermum,16S_ASV_106,Opisthokonta_Arthropoda,18S_ASV_267
16S_ASV_190,18S_ASV_88,black,0.450372658561451,0.00190664072392067,Aphanizomenon,16S_ASV_190,Opisthokonta_Arthropoda,18S_ASV_88
16S_ASV_210,18S_ASV_267,black,0.449593952574673,0.00194583069960575,Aphanizomenon,16S_ASV_210,Opisthokonta_Arthropoda,18S_ASV_267
16S_ASV_124,18S_ASV_267,black,0.447994132813469,0.00202858926966587,Aphanizomenon,16S_ASV_124,Opisthokonta_Arthropoda,18S_ASV_267
16S_ASV_47,18S_ASV_267,black,0.447268067092023,0.00206716514584767,Aphanizomenon,16S_ASV_47,Opisthokonta_Arthropoda,18S_ASV_267
16S_ASV_200,18S_ASV_267,black,0.446750188536508,0.00209507508797222,Aphanizomenon,16S_ASV_200,Opisthokonta_Arthropoda,18S_ASV_267
16S_ASV_27,18S_ASV_27,black,0.44574596925495,0.00215014648202596,Aphanizomenon,16S_ASV_27,Chlorophyta,18S_ASV_27
16S_ASV_95,18S_ASV_267,black,0.445581736777257,0.00215927372246559,Dolichospermum,16S_ASV_95,Opisthokonta_Arthropoda,18S_ASV_267
16S_ASV_146,18S_ASV_916,black,0.444141762655371,0.0022407785666471,Aphanizomenon,16S_ASV_146,Stramenopiles,18S_ASV_916
16S_ASV_27,18S_ASV_456,black,0.444087248767716,0.00224391683189653,Aphanizomenon,16S_ASV_27,Opisthokonta_Arthropoda,18S_ASV_456
16S_ASV_237,18S_ASV_267,black,0.443906127859619,0.00225437153477799,Aphanizomenon,16S_ASV_237,Opisthokonta_Arthropoda,18S_ASV_267
16S_ASV_159,18S_ASV_88,black,0.44372958338539,0.00226460346716935,Aphanizomenon,16S_ASV_159,Opisthokonta_Arthropoda,18S_ASV_88
16S_ASV_27,18S_ASV_88,black,0.443105793665236,0.00230108558216657,Aphanizomenon,16S_ASV_27,Opisthokonta_Arthropoda,18S_ASV_88
16S_ASV_106,18S_ASV_395,black,0.442884507476746,0.0023141515962898,Dolichospermum,16S_ASV_106,Opisthokonta_Arthropoda,18S_ASV_395
16S_ASV_157,18S_ASV_738,black,0.44269751008913,0.0023252440338217,Aphanizomenon,16S_ASV_157,Opisthokonta_Arthropoda,18S_ASV_738
16S_ASV_236,18S_ASV_267,black,0.441830851528317,0.00237726845141339,Aphanizomenon,16S_ASV_236,Opisthokonta_Arthropoda,18S_ASV_267
16S_ASV_245,18S_ASV_267,black,0.440116240375782,0.00248323029768886,Aphanizomenon,16S_ASV_245,Opisthokonta_Arthropoda,18S_ASV_267
16S_ASV_237,18S_ASV_88,black,0.439899283524066,0.00249693070597023,Aphanizomenon,16S_ASV_237,Opisthokonta_Arthropoda,18S_ASV_88
16S_ASV_309,18S_ASV_267,black,0.439265839226297,0.00253731379403085,Aphanizomenon,16S_ASV_309,Opisthokonta_Arthropoda,18S_ASV_267
16S_ASV_309,18S_ASV_88,black,0.438965879388375,0.00255663686710342,Aphanizomenon,16S_ASV_309,Opisthokonta_Arthropoda,18S_ASV_88
16S_ASV_231,18S_ASV_2,black,0.438671380899442,0.00257573425095298,Aphanizomenon,16S_ASV_231,Opisthokonta_Arthropoda,18S_ASV_2
16S_ASV_183,18S_ASV_456,black,0.438451639121346,0.00259006570450413,Aphanizomenon,16S_ASV_183,Opisthokonta_Arthropoda,18S_ASV_456
16S_ASV_145,18S_ASV_456,black,0.437539361171622,0.00265031862388165,Aphanizomenon,16S_ASV_145,Opisthokonta_Arthropoda,18S_ASV_456
16S_ASV_47,18S_ASV_88,black,0.437471993239099,0.00265481663888319,Aphanizomenon,16S_ASV_47,Opisthokonta_Arthropoda,18S_ASV_88
16S_ASV_334,18S_ASV_267,black,0.437446323158821,0.00265653234549449,Aphanizomenon,16S_ASV_334,Opisthokonta_Arthropoda,18S_ASV_267
16S_ASV_117,18S_ASV_267,black,0.436498825371553,0.00272054769442168,Aphanizomenon,16S_ASV_117,Opisthokonta_Arthropoda,18S_ASV_267
16S_ASV_190,18S_ASV_267,black,0.436407356623941,0.00272679889608341,Aphanizomenon,16S_ASV_190,Opisthokonta_Arthropoda,18S_ASV_267
16S_ASV_245,18S_ASV_88,black,0.435864111895887,0.0027641870074893,Aphanizomenon,16S_ASV_245,Opisthokonta_Arthropoda,18S_ASV_88
16S_ASV_209,18S_ASV_267,black,0.435653160453894,0.00277882672560928,Aphanizomenon,16S_ASV_209,Opisthokonta_Arthropoda,18S_ASV_267
16S_ASV_196,18S_ASV_88,black,0.435342869862784,0.00280048452363636,Aphanizomenon,16S_ASV_196,Opisthokonta_Arthropoda,18S_ASV_88
16S_ASV_334,18S_ASV_88,black,0.435066224363348,0.00281991914519581,Aphanizomenon,16S_ASV_334,Opisthokonta_Arthropoda,18S_ASV_88
16S_ASV_210,18S_ASV_395,black,0.434792464530931,0.00283926785012971,Aphanizomenon,16S_ASV_210,Opisthokonta_Arthropoda,18S_ASV_395
16S_ASV_159,18S_ASV_267,black,0.434750284627346,0.00284225939554846,Aphanizomenon,16S_ASV_159,Opisthokonta_Arthropoda,18S_ASV_267
16S_ASV_117,18S_ASV_88,black,0.433874954897109,0.00290497032416672,Aphanizomenon,16S_ASV_117,Opisthokonta_Arthropoda,18S_ASV_88
16S_ASV_85,18S_ASV_267,black,0.433512195849973,0.00293131417362463,Aphanizomenon,16S_ASV_85,Opisthokonta_Arthropoda,18S_ASV_267
16S_ASV_6,18S_ASV_88,black,0.432783861488503,0.00298484190314106,Aphanizomenon,16S_ASV_6,Opisthokonta_Arthropoda,18S_ASV_88
16S_ASV_101,18S_ASV_267,black,0.432692966691362,0.00299158205022381,Aphanizomenon,16S_ASV_101,Opisthokonta_Arthropoda,18S_ASV_267
16S_ASV_201,18S_ASV_2,black,0.432009265960704,0.00304271127523418,Aphanizomenon,16S_ASV_201,Opisthokonta_Arthropoda,18S_ASV_2
16S_ASV_67,18S_ASV_2,black,0.4319168427996,0.0030496815926945,Aphanizomenon,16S_ASV_67,Opisthokonta_Arthropoda,18S_ASV_2
16S_ASV_54,18S_ASV_267,black,0.430539384070775,0.00315524293794201,Aphanizomenon,16S_ASV_54,Opisthokonta_Arthropoda,18S_ASV_267
16S_ASV_69,18S_ASV_456,black,0.430452050022355,0.00316204273736053,NA,16S_ASV_69,Opisthokonta_Arthropoda,18S_ASV_456
16S_ASV_27,18S_ASV_267,black,0.43009869920393,0.00318968616725414,Aphanizomenon,16S_ASV_27,Opisthokonta_Arthropoda,18S_ASV_267
16S_ASV_158,18S_ASV_2,black,0.430018494356833,0.00319599026644829,Aphanizomenon,16S_ASV_158,Opisthokonta_Arthropoda,18S_ASV_2
16S_ASV_172,18S_ASV_395,black,0.429833690240371,0.00321055756111615,Aphanizomenon,16S_ASV_172,Opisthokonta_Arthropoda,18S_ASV_395
16S_ASV_101,18S_ASV_2,black,0.429652637336353,0.00322488571117536,Aphanizomenon,16S_ASV_101,Opisthokonta_Arthropoda,18S_ASV_2
16S_ASV_6,18S_ASV_395,black,0.429583291144959,0.00323038848709938,Aphanizomenon,16S_ASV_6,Opisthokonta_Arthropoda,18S_ASV_395
16S_ASV_54,18S_ASV_88,black,0.428914417308615,0.00328389013411756,Aphanizomenon,16S_ASV_54,Opisthokonta_Arthropoda,18S_ASV_88
16S_ASV_164,18S_ASV_2,black,0.428854956457104,0.00328868372460229,Aphanizomenon,16S_ASV_164,Opisthokonta_Arthropoda,18S_ASV_2
16S_ASV_164,18S_ASV_395,black,0.428795031506541,0.00329352094689818,Aphanizomenon,16S_ASV_164,Opisthokonta_Arthropoda,18S_ASV_395
16S_ASV_6,18S_ASV_456,black,0.428252755462763,0.00333757912739796,Aphanizomenon,16S_ASV_6,Opisthokonta_Arthropoda,18S_ASV_456
16S_ASV_236,18S_ASV_88,black,0.427746331590517,0.00337919093910864,Aphanizomenon,16S_ASV_236,Opisthokonta_Arthropoda,18S_ASV_88
16S_ASV_11,18S_ASV_267,black,0.427513085127518,0.00339850904512584,NA,16S_ASV_11,Opisthokonta_Arthropoda,18S_ASV_267
16S_ASV_231,18S_ASV_395,black,0.426863895370787,0.0034527880778263,Aphanizomenon,16S_ASV_231,Opisthokonta_Arthropoda,18S_ASV_395
16S_ASV_6,18S_ASV_267,black,0.426752384386204,0.00346218773330131,Aphanizomenon,16S_ASV_6,Opisthokonta_Arthropoda,18S_ASV_267
16S_ASV_228,18S_ASV_456,black,0.426404514470567,0.00349165538274039,Aphanizomenon,16S_ASV_228,Opisthokonta_Arthropoda,18S_ASV_456
16S_ASV_200,18S_ASV_88,black,0.426281752557334,0.00350210681112447,Aphanizomenon,16S_ASV_200,Opisthokonta_Arthropoda,18S_ASV_88
16S_ASV_125,18S_ASV_88,black,0.425938889246528,0.00353144227055488,Aphanizomenon,16S_ASV_125,Opisthokonta_Arthropoda,18S_ASV_88
16S_ASV_71,18S_ASV_456,black,0.425495577103015,0.00356969159699649,Aphanizomenon,16S_ASV_71,Opisthokonta_Arthropoda,18S_ASV_456
16S_ASV_148,18S_ASV_88,black,0.425491746271615,0.00357002370163862,Aphanizomenon,16S_ASV_148,Opisthokonta_Arthropoda,18S_ASV_88
16S_ASV_124,18S_ASV_2,black,0.425377053302203,0.00357997929129248,Aphanizomenon,16S_ASV_124,Opisthokonta_Arthropoda,18S_ASV_2
16S_ASV_214,18S_ASV_267,black,0.425339911477907,0.00358320849499233,Aphanizomenon,16S_ASV_214,Opisthokonta_Arthropoda,18S_ASV_267
16S_ASV_172,18S_ASV_267,black,0.425233404897874,0.0035924826168496,Aphanizomenon,16S_ASV_172,Opisthokonta_Arthropoda,18S_ASV_267
16S_ASV_71,18S_ASV_267,black,0.425232407879571,0.00359256953216079,Aphanizomenon,16S_ASV_71,Opisthokonta_Arthropoda,18S_ASV_267
16S_ASV_6,18S_ASV_27,black,0.424592234413948,0.00364875904079912,Aphanizomenon,16S_ASV_6,Chlorophyta,18S_ASV_27
16S_ASV_161,18S_ASV_456,black,0.424520589830311,0.00365509514470462,Aphanizomenon,16S_ASV_161,Opisthokonta_Arthropoda,18S_ASV_456
16S_ASV_90,18S_ASV_2,black,0.424350477248692,0.00367017822453593,Aphanizomenon,16S_ASV_90,Opisthokonta_Arthropoda,18S_ASV_2
16S_ASV_47,18S_ASV_395,black,0.424022903655215,0.00369937641360004,Aphanizomenon,16S_ASV_47,Opisthokonta_Arthropoda,18S_ASV_395
16S_ASV_71,18S_ASV_395,black,0.423427165538674,0.00375299962166495,Aphanizomenon,16S_ASV_71,Opisthokonta_Arthropoda,18S_ASV_395
16S_ASV_11,18S_ASV_88,black,0.423363442393419,0.00375877556211738,NA,16S_ASV_11,Opisthokonta_Arthropoda,18S_ASV_88
16S_ASV_106,18S_ASV_88,black,0.422087315987482,0.0038760968698952,Dolichospermum,16S_ASV_106,Opisthokonta_Arthropoda,18S_ASV_88
16S_ASV_210,18S_ASV_2,black,0.42151906369786,0.00392936335155675,Aphanizomenon,16S_ASV_210,Opisthokonta_Arthropoda,18S_ASV_2
16S_ASV_141,18S_ASV_88,black,0.420866338281291,0.00399133824003932,Aphanizomenon,16S_ASV_141,Opisthokonta_Arthropoda,18S_ASV_88
16S_ASV_124,18S_ASV_395,black,0.419497538524158,0.00412408815566118,Aphanizomenon,16S_ASV_124,Opisthokonta_Arthropoda,18S_ASV_395
16S_ASV_141,18S_ASV_456,black,0.418783121418435,0.00419489648641291,Aphanizomenon,16S_ASV_141,Opisthokonta_Arthropoda,18S_ASV_456
16S_ASV_101,18S_ASV_395,black,0.418623345552821,0.00421087715493779,Aphanizomenon,16S_ASV_101,Opisthokonta_Arthropoda,18S_ASV_395
16S_ASV_146,18S_ASV_88,black,0.418320313435092,0.0042413325338547,Aphanizomenon,16S_ASV_146,Opisthokonta_Arthropoda,18S_ASV_88
16S_ASV_183,18S_ASV_88,black,0.418314079654933,0.00424196105905426,Aphanizomenon,16S_ASV_183,Opisthokonta_Arthropoda,18S_ASV_88
16S_ASV_157,18S_ASV_748,black,0.417925855054277,0.00428126493032636,Aphanizomenon,16S_ASV_157,Stramenopiles,18S_ASV_748
16S_ASV_172,18S_ASV_2,black,0.417710476635651,0.00430320688722192,Aphanizomenon,16S_ASV_172,Opisthokonta_Arthropoda,18S_ASV_2
16S_ASV_157,18S_ASV_916,black,0.417381721691056,0.00433688881248972,Aphanizomenon,16S_ASV_157,Stramenopiles,18S_ASV_916
16S_ASV_124,18S_ASV_456,black,0.417101006034421,0.00436583115733082,Aphanizomenon,16S_ASV_124,Opisthokonta_Arthropoda,18S_ASV_456
16S_ASV_183,18S_ASV_395,black,0.416795446878196,0.00439752669039851,Aphanizomenon,16S_ASV_183,Opisthokonta_Arthropoda,18S_ASV_395
16S_ASV_95,18S_ASV_2,black,0.416624052117734,0.00441539329724479,Dolichospermum,16S_ASV_95,Opisthokonta_Arthropoda,18S_ASV_2
16S_ASV_106,18S_ASV_456,black,0.416056554841982,0.00447500416397477,Dolichospermum,16S_ASV_106,Opisthokonta_Arthropoda,18S_ASV_456
16S_ASV_164,18S_ASV_456,black,0.415732011946382,0.00450940976698914,Aphanizomenon,16S_ASV_164,Opisthokonta_Arthropoda,18S_ASV_456
16S_ASV_95,18S_ASV_395,black,0.415661998782338,0.00451686226739675,Dolichospermum,16S_ASV_95,Opisthokonta_Arthropoda,18S_ASV_395
16S_ASV_67,18S_ASV_395,black,0.415502937725463,0.00453383340681167,Aphanizomenon,16S_ASV_67,Opisthokonta_Arthropoda,18S_ASV_395
16S_ASV_85,18S_ASV_2,black,0.415025724126588,0.00458508476142466,Aphanizomenon,16S_ASV_85,Opisthokonta_Arthropoda,18S_ASV_2
16S_ASV_47,18S_ASV_456,black,0.414795586754197,0.00460998117344806,Aphanizomenon,16S_ASV_47,Opisthokonta_Arthropoda,18S_ASV_456
16S_ASV_145,18S_ASV_395,black,0.41449322961698,0.00464286974854584,Aphanizomenon,16S_ASV_145,Opisthokonta_Arthropoda,18S_ASV_395
16S_ASV_183,18S_ASV_916,black,0.414371198300271,0.00465620149091364,Aphanizomenon,16S_ASV_183,Stramenopiles,18S_ASV_916
16S_ASV_158,18S_ASV_267,black,0.414256855071051,0.0046687236395843304,Aphanizomenon,16S_ASV_158,Opisthokonta_Arthropoda,18S_ASV_267
16S_ASV_148,18S_ASV_267,black,0.41406594693205,0.00468969622340281,Aphanizomenon,16S_ASV_148,Opisthokonta_Arthropoda,18S_ASV_267
16S_ASV_231,18S_ASV_267,black,0.41401492151270203,0.00469531562952677,Aphanizomenon,16S_ASV_231,Opisthokonta_Arthropoda,18S_ASV_267
16S_ASV_164,18S_ASV_748,black,0.413996745184592,0.00469731879962977,Aphanizomenon,16S_ASV_164,Stramenopiles,18S_ASV_748
16S_ASV_146,18S_ASV_456,black,0.413784587635101,0.00472075541302452,Aphanizomenon,16S_ASV_146,Opisthokonta_Arthropoda,18S_ASV_456
16S_ASV_183,18S_ASV_748,black,0.41291785793699,0.00481756479912436,Aphanizomenon,16S_ASV_183,Stramenopiles,18S_ASV_748
16S_ASV_584,18S_ASV_395,black,0.412665512632943,0.00484607412008078,Candidatus-Aquiluna,16S_ASV_584,Opisthokonta_Arthropoda,18S_ASV_395
16S_ASV_67,18S_ASV_267,black,0.412243949429573,0.00489402965242087,Aphanizomenon,16S_ASV_67,Opisthokonta_Arthropoda,18S_ASV_267
16S_ASV_158,18S_ASV_395,black,0.412018745337186,0.00491981730263236,Aphanizomenon,16S_ASV_158,Opisthokonta_Arthropoda,18S_ASV_395
16S_ASV_214,18S_ASV_395,black,0.411405934671106,0.00499058990525907,Aphanizomenon,16S_ASV_214,Opisthokonta_Arthropoda,18S_ASV_395
16S_ASV_125,18S_ASV_456,black,0.411324476725691,0.0050000638846724,Aphanizomenon,16S_ASV_125,Opisthokonta_Arthropoda,18S_ASV_456
16S_ASV_85,18S_ASV_395,black,0.41019092942743,0.00513353803941433,Aphanizomenon,16S_ASV_85,Opisthokonta_Arthropoda,18S_ASV_395
16S_ASV_71,18S_ASV_2,black,0.409250658750545,0.00524659959440208,Aphanizomenon,16S_ASV_71,Opisthokonta_Arthropoda,18S_ASV_2
16S_ASV_69,18S_ASV_395,black,0.408956951346362,0.00528235779696574,NA,16S_ASV_69,Opisthokonta_Arthropoda,18S_ASV_395
16S_ASV_228,18S_ASV_395,black,0.408696314824551,0.00531426727566286,Aphanizomenon,16S_ASV_228,Opisthokonta_Arthropoda,18S_ASV_395
16S_ASV_145,18S_ASV_738,black,0.408678409052419,0.00531646561173012,Aphanizomenon,16S_ASV_145,Opisthokonta_Arthropoda,18S_ASV_738
16S_ASV_210,18S_ASV_456,black,0.408205405691701,0.00537482491198108,Aphanizomenon,16S_ASV_210,Opisthokonta_Arthropoda,18S_ASV_456
16S_ASV_190,18S_ASV_2,black,0.40785865610792,0.00541796057195875,Aphanizomenon,16S_ASV_190,Opisthokonta_Arthropoda,18S_ASV_2
16S_ASV_157,18S_ASV_88,black,0.407707779817346,0.00543682348696016,Aphanizomenon,16S_ASV_157,Opisthokonta_Arthropoda,18S_ASV_88
16S_ASV_6,18S_ASV_2,black,0.406472892779544,0.00559337287350062,Aphanizomenon,16S_ASV_6,Opisthokonta_Arthropoda,18S_ASV_2
16S_ASV_200,18S_ASV_456,black,0.406429028605978,0.00559900502230381,Aphanizomenon,16S_ASV_200,Opisthokonta_Arthropoda,18S_ASV_456
16S_ASV_190,18S_ASV_395,black,0.405175153725881,0.00576210234182986,Aphanizomenon,16S_ASV_190,Opisthokonta_Arthropoda,18S_ASV_395
16S_ASV_214,18S_ASV_27,black,0.405100774724209,0.00577190563415371,Aphanizomenon,16S_ASV_214,Chlorophyta,18S_ASV_27
16S_ASV_157,18S_ASV_721,black,0.405088651330805,0.00577350489397413,Aphanizomenon,16S_ASV_157,Opisthokonta_Arthropoda,18S_ASV_721
16S_ASV_95,18S_ASV_456,black,0.404881219563284,0.00580092805190225,Dolichospermum,16S_ASV_95,Opisthokonta_Arthropoda,18S_ASV_456
16S_ASV_47,18S_ASV_2,black,0.404168230469584,0.00589605300085105,Aphanizomenon,16S_ASV_47,Opisthokonta_Arthropoda,18S_ASV_2
16S_ASV_237,18S_ASV_456,black,0.404092885070851,0.00590618412698964,Aphanizomenon,16S_ASV_237,Opisthokonta_Arthropoda,18S_ASV_456
16S_ASV_11,18S_ASV_395,black,0.404036305394861,0.00591380191152857,NA,16S_ASV_11,Opisthokonta_Arthropoda,18S_ASV_395
16S_ASV_183,18S_ASV_738,black,0.403819727509126,0.0059430405212427,Aphanizomenon,16S_ASV_183,Opisthokonta_Arthropoda,18S_ASV_738
16S_ASV_228,18S_ASV_738,black,0.403726454895321,0.00595567122957822,Aphanizomenon,16S_ASV_228,Opisthokonta_Arthropoda,18S_ASV_738
16S_ASV_69,18S_ASV_738,black,0.403178134206238,0.00603039590586388,NA,16S_ASV_69,Opisthokonta_Arthropoda,18S_ASV_738
16S_ASV_209,18S_ASV_88,black,0.402658917067267,0.00610190381699807,Aphanizomenon,16S_ASV_209,Opisthokonta_Arthropoda,18S_ASV_88
16S_ASV_237,18S_ASV_748,black,0.402590084050394,0.0061114387433247,Aphanizomenon,16S_ASV_237,Stramenopiles,18S_ASV_748
16S_ASV_209,18S_ASV_456,black,0.402078702344043,0.00618268272422,Aphanizomenon,16S_ASV_209,Opisthokonta_Arthropoda,18S_ASV_456
16S_ASV_27,18S_ASV_2,black,0.401922965183793,0.00620452225849081,Aphanizomenon,16S_ASV_27,Opisthokonta_Arthropoda,18S_ASV_2
16S_ASV_69,18S_ASV_748,black,0.401918085200631,0.0062052076754867,NA,16S_ASV_69,Stramenopiles,18S_ASV_748
16S_ASV_161,18S_ASV_88,black,0.401841630715661,0.00621595466029254,Aphanizomenon,16S_ASV_161,Opisthokonta_Arthropoda,18S_ASV_88
16S_ASV_236,18S_ASV_456,black,0.401589682744585,0.00625148470893194,Aphanizomenon,16S_ASV_236,Opisthokonta_Arthropoda,18S_ASV_456
16S_ASV_309,18S_ASV_748,black,0.401459139639325,0.00626996331826202,Aphanizomenon,16S_ASV_309,Stramenopiles,18S_ASV_748
16S_ASV_159,18S_ASV_2,black,0.401127304261106,0.00631714879950934,Aphanizomenon,16S_ASV_159,Opisthokonta_Arthropoda,18S_ASV_2
16S_ASV_146,18S_ASV_738,black,0.400630855923938,0.0063883168829193,Aphanizomenon,16S_ASV_146,Opisthokonta_Arthropoda,18S_ASV_738
16S_ASV_161,18S_ASV_395,black,0.400536575424394,0.0064019107329907,Aphanizomenon,16S_ASV_161,Opisthokonta_Arthropoda,18S_ASV_395
16S_ASV_815,18S_ASV_89,blue,0.85276038492958794,1.04459314742227e-13,Terrimicrobium,16S_ASV_815,Opisthokonta_Ichthyophonida,18S_ASV_89
16S_ASV_815,18S_ASV_123,blue,0.852526362437859,1.07822363415927e-13,Terrimicrobium,16S_ASV_815,Stramenopiles,18S_ASV_123
16S_ASV_815,18S_ASV_403,blue,0.826753824231486,2.6201723916950597e-12,Terrimicrobium,16S_ASV_815,Chlorophyta,18S_ASV_403
16S_ASV_330,18S_ASV_114,blue,0.819978554793459,5.56143874630191e-12,Planktothrix,16S_ASV_330,Chlorophyta,18S_ASV_114
16S_ASV_359,18S_ASV_89,blue,0.815366161645344,9.12031783678886e-12,Planktothrix,16S_ASV_359,Opisthokonta_Ichthyophonida,18S_ASV_89
16S_ASV_348,18S_ASV_89,blue,0.812155528466422,1.27661154877334e-11,Planktothrix,16S_ASV_348,Opisthokonta_Ichthyophonida,18S_ASV_89
16S_ASV_386,18S_ASV_114,blue,0.810464419745403,1.5201044703321698e-11,Planktothrix,16S_ASV_386,Chlorophyta,18S_ASV_114
16S_ASV_244,18S_ASV_89,blue,0.810339683117047,1.53969849725268e-11,Planktothrix,16S_ASV_244,Opisthokonta_Ichthyophonida,18S_ASV_89
16S_ASV_399,18S_ASV_114,blue,0.80545184068041,2.52486503471557e-11,Planktothrix,16S_ASV_399,Chlorophyta,18S_ASV_114
16S_ASV_320,18S_ASV_89,blue,0.804552667883325,2.76119229757791e-11,Planktothrix,16S_ASV_320,Opisthokonta_Ichthyophonida,18S_ASV_89
16S_ASV_306,18S_ASV_114,blue,0.804472289973957,2.7833031385991397e-11,Planktothrix,16S_ASV_306,Chlorophyta,18S_ASV_114
16S_ASV_143,18S_ASV_89,blue,0.804001469793966,2.91620721630554e-11,Planktothrix,16S_ASV_143,Opisthokonta_Ichthyophonida,18S_ASV_89
16S_ASV_499,18S_ASV_89,blue,0.803954943537147,2.9296605123395194e-11,Planktothrix,16S_ASV_499,Opisthokonta_Ichthyophonida,18S_ASV_89
16S_ASV_393,18S_ASV_89,blue,0.803934023452751,2.9357286979656695e-11,Planktothrix,16S_ASV_393,Opisthokonta_Ichthyophonida,18S_ASV_89
16S_ASV_467,18S_ASV_89,blue,0.803155605594019,3.17012737352704e-11,Planktothrix,16S_ASV_467,Opisthokonta_Ichthyophonida,18S_ASV_89
16S_ASV_416,18S_ASV_114,blue,0.80158221483353,3.6987830408908096e-11,Planktothrix,16S_ASV_416,Chlorophyta,18S_ASV_114
16S_ASV_62,18S_ASV_83,blue,0.801206620045752,3.83672446739375e-11,Planktothrix,16S_ASV_62,Opisthokonta_Chytridiomycota,18S_ASV_83
16S_ASV_393,18S_ASV_114,blue,0.800171942662956,4.24221419964181e-11,Planktothrix,16S_ASV_393,Chlorophyta,18S_ASV_114
16S_ASV_395,18S_ASV_114,blue,0.799502058577425,4.5259148223698395e-11,Planktothrix,16S_ASV_395,Chlorophyta,18S_ASV_114
16S_ASV_261,18S_ASV_114,blue,0.798433127362419,5.01590939303594e-11,Planktothrix,16S_ASV_261,Chlorophyta,18S_ASV_114
16S_ASV_503,18S_ASV_89,blue,0.798222386057239,5.11822982686564e-11,Planktothrix,16S_ASV_503,Opisthokonta_Ichthyophonida,18S_ASV_89
16S_ASV_815,18S_ASV_321,blue,0.798173489634343,5.1422496838666896e-11,Terrimicrobium,16S_ASV_815,Opisthokonta_Chytridiomycota,18S_ASV_321
16S_ASV_499,18S_ASV_82,blue,0.797752610077867,5.353437499766709e-11,Planktothrix,16S_ASV_499,Opisthokonta_Chytridiomycota,18S_ASV_82
16S_ASV_595,18S_ASV_89,blue,0.797107051839096,5.693300898456249e-11,Planktothrix,16S_ASV_595,Opisthokonta_Ichthyophonida,18S_ASV_89
16S_ASV_550,18S_ASV_82,blue,0.793462541669025,8.026061945309069e-11,Planktothrix,16S_ASV_550,Opisthokonta_Chytridiomycota,18S_ASV_82
16S_ASV_273,18S_ASV_79,blue,0.791884059836966,9.293474173548419e-11,Planktothrix,16S_ASV_273,Stramenopiles,18S_ASV_79
16S_ASV_348,18S_ASV_82,blue,0.791765354233878,9.39603441467607e-11,Planktothrix,16S_ASV_348,Opisthokonta_Chytridiomycota,18S_ASV_82
16S_ASV_355,18S_ASV_89,blue,0.791564312417043,9.572166259569501e-11,Planktothrix,16S_ASV_355,Opisthokonta_Ichthyophonida,18S_ASV_89
16S_ASV_815,18S_ASV_160,blue,0.791318408088608,9.791828037287129e-11,Terrimicrobium,16S_ASV_815,Opisthokonta_Chytridiomycota,18S_ASV_160
16S_ASV_169,18S_ASV_8,blue,0.791168970852159,9.92762626135809e-11,Planktothrix,16S_ASV_169,Kathablepharidacea,18S_ASV_8
16S_ASV_359,18S_ASV_82,blue,0.791079853303485,1.0009451876842001e-10,Planktothrix,16S_ASV_359,Opisthokonta_Chytridiomycota,18S_ASV_82
16S_ASV_579,18S_ASV_89,blue,0.790483372825816,1.05736890505866e-10,Planktothrix,16S_ASV_579,Opisthokonta_Ichthyophonida,18S_ASV_89
16S_ASV_399,18S_ASV_8,blue,0.790330566014325,1.07229793034553e-10,Planktothrix,16S_ASV_399,Kathablepharidacea,18S_ASV_8
16S_ASV_250,18S_ASV_79,blue,0.790277300065659,1.0775484116044701e-10,Planktothrix,16S_ASV_250,Stramenopiles,18S_ASV_79
16S_ASV_365,18S_ASV_89,blue,0.789268118522886,1.18171529041854e-10,Planktothrix,16S_ASV_365,Opisthokonta_Ichthyophonida,18S_ASV_89
16S_ASV_449,18S_ASV_89,blue,0.78895290823401,1.21614634378107e-10,Planktothrix,16S_ASV_449,Opisthokonta_Ichthyophonida,18S_ASV_89
16S_ASV_815,18S_ASV_155,blue,0.788129238949456,1.3106280463362001e-10,Terrimicrobium,16S_ASV_815,Chlorophyta,18S_ASV_155
16S_ASV_388,18S_ASV_82,blue,0.788103665635013,1.31366923853521e-10,Planktothrix,16S_ASV_388,Opisthokonta_Chytridiomycota,18S_ASV_82
16S_ASV_273,18S_ASV_114,blue,0.787479218104898,1.3900226121283002e-10,Planktothrix,16S_ASV_273,Chlorophyta,18S_ASV_114
16S_ASV_341,18S_ASV_89,blue,0.786978276293087,1.454273013727e-10,Planktothrix,16S_ASV_341,Opisthokonta_Ichthyophonida,18S_ASV_89
16S_ASV_386,18S_ASV_79,blue,0.786933859132819,1.46010280494983e-10,Planktothrix,16S_ASV_386,Stramenopiles,18S_ASV_79
16S_ASV_259,18S_ASV_89,blue,0.786786440979994,1.47960956528298e-10,Planktothrix,16S_ASV_259,Opisthokonta_Ichthyophonida,18S_ASV_89
16S_ASV_406,18S_ASV_82,blue,0.785566124897829,1.6507668987759301e-10,Planktothrix,16S_ASV_406,Opisthokonta_Chytridiomycota,18S_ASV_82
16S_ASV_406,18S_ASV_89,blue,0.784827808376907,1.76318894599031e-10,Planktothrix,16S_ASV_406,Opisthokonta_Ichthyophonida,18S_ASV_89
16S_ASV_579,18S_ASV_82,blue,0.784598438387075,1.79955572711466e-10,Planktothrix,16S_ASV_579,Opisthokonta_Chytridiomycota,18S_ASV_82
16S_ASV_503,18S_ASV_82,blue,0.784360535312848,1.83802020498381e-10,Planktothrix,16S_ASV_503,Opisthokonta_Chytridiomycota,18S_ASV_82
16S_ASV_474,18S_ASV_82,blue,0.784285718581114,1.8502756515898902e-10,Planktothrix,16S_ASV_474,Opisthokonta_Chytridiomycota,18S_ASV_82
16S_ASV_359,18S_ASV_47,blue,0.78423801772363,1.85812943491405e-10,Planktothrix,16S_ASV_359,Chlorophyta,18S_ASV_47
16S_ASV_467,18S_ASV_82,blue,0.784018251287118,1.8947200226445802e-10,Planktothrix,16S_ASV_467,Opisthokonta_Chytridiomycota,18S_ASV_82
16S_ASV_416,18S_ASV_79,blue,0.783866129786185,1.9204437060628e-10,Planktothrix,16S_ASV_416,Stramenopiles,18S_ASV_79
16S_ASV_488,18S_ASV_82,blue,0.783521381103351,1.97996163116157e-10,Planktothrix,16S_ASV_488,Opisthokonta_Chytridiomycota,18S_ASV_82
16S_ASV_488,18S_ASV_89,blue,0.783344711078107,2.01113046319975e-10,Planktothrix,16S_ASV_488,Opisthokonta_Ichthyophonida,18S_ASV_89
16S_ASV_526,18S_ASV_82,blue,0.783045510817856,2.06497165540509e-10,Planktothrix,16S_ASV_526,Opisthokonta_Chytridiomycota,18S_ASV_82
16S_ASV_269,18S_ASV_89,blue,0.782802098532818,2.1097709451602501e-10,Planktothrix,16S_ASV_269,Opisthokonta_Ichthyophonida,18S_ASV_89
16S_ASV_306,18S_ASV_79,blue,0.782617695121232,2.1443167405064002e-10,Planktothrix,16S_ASV_306,Stramenopiles,18S_ASV_79
16S_ASV_319,18S_ASV_89,blue,0.782355077919932,2.1944343496189002e-10,Planktothrix,16S_ASV_319,Opisthokonta_Ichthyophonida,18S_ASV_89
16S_ASV_475,18S_ASV_89,blue,0.782239387126149,2.2168604412673901e-10,Planktothrix,16S_ASV_475,Opisthokonta_Ichthyophonida,18S_ASV_89
16S_ASV_62,18S_ASV_8,blue,0.781729703475994,2.31825160293214e-10,Planktothrix,16S_ASV_62,Kathablepharidacea,18S_ASV_8
16S_ASV_526,18S_ASV_114,blue,0.781567939231726,2.35133246512668e-10,Planktothrix,16S_ASV_526,Chlorophyta,18S_ASV_114
16S_ASV_395,18S_ASV_82,blue,0.781148385717893,2.43921238822119e-10,Planktothrix,16S_ASV_395,Opisthokonta_Chytridiomycota,18S_ASV_82
16S_ASV_393,18S_ASV_82,blue,0.781004758013915,2.46999986956838e-10,Planktothrix,16S_ASV_393,Opisthokonta_Chytridiomycota,18S_ASV_82
16S_ASV_467,18S_ASV_47,blue,0.780877503816136,2.49758257250582e-10,Planktothrix,16S_ASV_467,Chlorophyta,18S_ASV_47
16S_ASV_259,18S_ASV_82,blue,0.780219372197765,2.64491797288655e-10,Planktothrix,16S_ASV_259,Opisthokonta_Chytridiomycota,18S_ASV_82
16S_ASV_568,18S_ASV_79,blue,0.779321598587821,2.85911693204846e-10,Planktothrix,16S_ASV_568,Stramenopiles,18S_ASV_79
16S_ASV_306,18S_ASV_89,blue,0.779264647561355,2.87324069641539e-10,Planktothrix,16S_ASV_306,Opisthokonta_Ichthyophonida,18S_ASV_89
16S_ASV_463,18S_ASV_89,blue,0.779139194266262,2.90458468347719e-10,Planktothrix,16S_ASV_463,Opisthokonta_Ichthyophonida,18S_ASV_89
16S_ASV_314,18S_ASV_8,blue,0.779125959148474,2.90791010648124e-10,Planktothrix,16S_ASV_314,Kathablepharidacea,18S_ASV_8
16S_ASV_399,18S_ASV_89,blue,0.778843775952822,2.9796683828662403e-10,Planktothrix,16S_ASV_399,Opisthokonta_Ichthyophonida,18S_ASV_89
16S_ASV_319,18S_ASV_82,blue,0.778363077387214,3.1057563022596403e-10,Planktothrix,16S_ASV_319,Opisthokonta_Chytridiomycota,18S_ASV_82
16S_ASV_306,18S_ASV_8,blue,0.778083947579993,3.18125723314773e-10,Planktothrix,16S_ASV_306,Kathablepharidacea,18S_ASV_8
16S_ASV_386,18S_ASV_89,blue,0.777687248140625,3.29153282654025e-10,Planktothrix,16S_ASV_386,Opisthokonta_Ichthyophonida,18S_ASV_89
16S_ASV_550,18S_ASV_89,blue,0.777565044828958,3.32622082770085e-10,Planktothrix,16S_ASV_550,Opisthokonta_Ichthyophonida,18S_ASV_89
16S_ASV_272,18S_ASV_47,blue,0.777426803915659,3.3658753951032203e-10,Planktothrix,16S_ASV_272,Chlorophyta,18S_ASV_47
16S_ASV_386,18S_ASV_8,blue,0.777214320298526,3.42769418920719e-10,Planktothrix,16S_ASV_386,Kathablepharidacea,18S_ASV_8
16S_ASV_250,18S_ASV_89,blue,0.777028879489885,3.48251604495234e-10,Planktothrix,16S_ASV_250,Opisthokonta_Ichthyophonida,18S_ASV_89
16S_ASV_371,18S_ASV_89,blue,0.77699509061702,3.49259340752582e-10,Planktothrix,16S_ASV_371,Opisthokonta_Ichthyophonida,18S_ASV_89
16S_ASV_314,18S_ASV_89,blue,0.776408412196794,3.67199820683353e-10,Planktothrix,16S_ASV_314,Opisthokonta_Ichthyophonida,18S_ASV_89
16S_ASV_443,18S_ASV_79,blue,0.7763057441686,3.70427104771852e-10,Planktothrix,16S_ASV_443,Stramenopiles,18S_ASV_79
16S_ASV_261,18S_ASV_89,blue,0.775759349367842,3.88055914105026e-10,Planktothrix,16S_ASV_261,Opisthokonta_Ichthyophonida,18S_ASV_89
16S_ASV_320,18S_ASV_82,blue,0.774928187685502,4.1639125034385e-10,Planktothrix,16S_ASV_320,Opisthokonta_Chytridiomycota,18S_ASV_82
16S_ASV_341,18S_ASV_82,blue,0.77390813759914,4.53825051641087e-10,Planktothrix,16S_ASV_341,Opisthokonta_Chytridiomycota,18S_ASV_82
16S_ASV_399,18S_ASV_79,blue,0.773870766884925,4.55254775781634e-10,Planktothrix,16S_ASV_399,Stramenopiles,18S_ASV_79
16S_ASV_393,18S_ASV_47,blue,0.773865281161202,4.55465003889424e-10,Planktothrix,16S_ASV_393,Chlorophyta,18S_ASV_47
16S_ASV_320,18S_ASV_47,blue,0.773330352063132,4.76408972405064e-10,Planktothrix,16S_ASV_320,Chlorophyta,18S_ASV_47
16S_ASV_488,18S_ASV_47,blue,0.773102807940826,4.85589525169891e-10,Planktothrix,16S_ASV_488,Chlorophyta,18S_ASV_47
16S_ASV_330,18S_ASV_79,blue,0.773074766523753,4.86732328812537e-10,Planktothrix,16S_ASV_330,Stramenopiles,18S_ASV_79
16S_ASV_314,18S_ASV_16,blue,0.773022408717746,4.88872894573025e-10,Planktothrix,16S_ASV_314,Stramenopiles,18S_ASV_16
16S_ASV_272,18S_ASV_89,blue,0.772927572504627,4.92772665423021e-10,Planktothrix,16S_ASV_272,Opisthokonta_Ichthyophonida,18S_ASV_89
16S_ASV_568,18S_ASV_8,blue,0.772870789133148,4.95121634146226e-10,Planktothrix,16S_ASV_568,Kathablepharidacea,18S_ASV_8
16S_ASV_463,18S_ASV_82,blue,0.77284441154998,4.9621637649198e-10,Planktothrix,16S_ASV_463,Opisthokonta_Chytridiomycota,18S_ASV_82
16S_ASV_474,18S_ASV_89,blue,0.772693553800514,5.02521223890447e-10,Planktothrix,16S_ASV_474,Opisthokonta_Ichthyophonida,18S_ASV_89
16S_ASV_330,18S_ASV_8,blue,0.77258557303006,5.07080243994597e-10,Planktothrix,16S_ASV_330,Kathablepharidacea,18S_ASV_8
16S_ASV_244,18S_ASV_47,blue,0.772482262754109,5.11478432284876e-10,Planktothrix,16S_ASV_244,Chlorophyta,18S_ASV_47
16S_ASV_292,18S_ASV_89,blue,0.772303351746993,5.19180053428302e-10,Planktothrix,16S_ASV_292,Opisthokonta_Ichthyophonida,18S_ASV_89
16S_ASV_443,18S_ASV_114,blue,0.771884770434564,5.3762668388127e-10,Planktothrix,16S_ASV_443,Chlorophyta,18S_ASV_114
16S_ASV_355,18S_ASV_82,blue,0.771195152355937,5.69367047986778e-10,Planktothrix,16S_ASV_355,Opisthokonta_Chytridiomycota,18S_ASV_82
16S_ASV_319,18S_ASV_47,blue,0.77117335898962,5.70398245083389e-10,Planktothrix,16S_ASV_319,Chlorophyta,18S_ASV_47
16S_ASV_526,18S_ASV_89,blue,0.770962894428022,5.80447513179345e-10,Planktothrix,16S_ASV_526,Opisthokonta_Ichthyophonida,18S_ASV_89
16S_ASV_273,18S_ASV_8,blue,0.770899282482816,5.83517445715167e-10,Planktothrix,16S_ASV_273,Kathablepharidacea,18S_ASV_8
16S_ASV_375,18S_ASV_89,blue,0.770250022595535,6.15735690377309e-10,Planktothrix,16S_ASV_375,Opisthokonta_Ichthyophonida,18S_ASV_89
16S_ASV_526,18S_ASV_47,blue,0.769839775093339,6.36947264553163e-10,Planktothrix,16S_ASV_526,Chlorophyta,18S_ASV_47
16S_ASV_568,18S_ASV_114,blue,0.769336653522884,6.63898253750758e-10,Planktothrix,16S_ASV_568,Chlorophyta,18S_ASV_114
16S_ASV_449,18S_ASV_82,blue,0.769090003128279,6.77498647805716e-10,Planktothrix,16S_ASV_449,Opisthokonta_Chytridiomycota,18S_ASV_82
16S_ASV_371,18S_ASV_82,blue,0.767657755942411,7.617905702027401e-10,Planktothrix,16S_ASV_371,Opisthokonta_Chytridiomycota,18S_ASV_82
16S_ASV_568,18S_ASV_82,blue,0.767020006269539,8.02410086721729e-10,Planktothrix,16S_ASV_568,Opisthokonta_Chytridiomycota,18S_ASV_82
16S_ASV_269,18S_ASV_47,blue,0.766713613486765,8.22640263071916e-10,Planktothrix,16S_ASV_269,Chlorophyta,18S_ASV_47
16S_ASV_143,18S_ASV_47,blue,0.766685290660203,8.24534324672872e-10,Planktothrix,16S_ASV_143,Chlorophyta,18S_ASV_47
16S_ASV_169,18S_ASV_83,blue,0.766135963324159,8.62090184717751e-10,Planktothrix,16S_ASV_169,Opisthokonta_Chytridiomycota,18S_ASV_83
16S_ASV_365,18S_ASV_82,blue,0.766080320245257,8.65982653523065e-10,Planktothrix,16S_ASV_365,Opisthokonta_Chytridiomycota,18S_ASV_82
16S_ASV_526,18S_ASV_79,blue,0.765793231073376,8.86329413106513e-10,Planktothrix,16S_ASV_526,Stramenopiles,18S_ASV_79
16S_ASV_443,18S_ASV_82,blue,0.765736766283109,8.90383693985962e-10,Planktothrix,16S_ASV_443,Opisthokonta_Chytridiomycota,18S_ASV_82
16S_ASV_395,18S_ASV_8,blue,0.765606622847341,8.99794676233375e-10,Planktothrix,16S_ASV_395,Kathablepharidacea,18S_ASV_8
16S_ASV_406,18S_ASV_47,blue,0.765125434592496,9.35408038888341e-10,Planktothrix,16S_ASV_406,Chlorophyta,18S_ASV_47
16S_ASV_272,18S_ASV_82,blue,0.765112190768286,9.364066987792e-10,Planktothrix,16S_ASV_272,Opisthokonta_Chytridiomycota,18S_ASV_82
16S_ASV_348,18S_ASV_47,blue,0.764436243500341,9.88727563350284e-10,Planktothrix,16S_ASV_348,Chlorophyta,18S_ASV_47
16S_ASV_395,18S_ASV_89,blue,0.763957928839572,1.0273961824195e-9,Planktothrix,16S_ASV_395,Opisthokonta_Ichthyophonida,18S_ASV_89
16S_ASV_499,18S_ASV_47,blue,0.763750251134904,1.0446238616825502e-9,Planktothrix,16S_ASV_499,Chlorophyta,18S_ASV_47
16S_ASV_393,18S_ASV_8,blue,0.763641848338915,1.05372368571216e-9,Planktothrix,16S_ASV_393,Kathablepharidacea,18S_ASV_8
16S_ASV_261,18S_ASV_8,blue,0.763533250819636,1.06291445013777e-9,Planktothrix,16S_ASV_261,Kathablepharidacea,18S_ASV_8
16S_ASV_261,18S_ASV_79,blue,0.763401369138318,1.07417699821562e-9,Planktothrix,16S_ASV_261,Stramenopiles,18S_ASV_79
16S_ASV_269,18S_ASV_82,blue,0.763291322138762,1.0836605510909401e-9,Planktothrix,16S_ASV_269,Opisthokonta_Chytridiomycota,18S_ASV_82
16S_ASV_143,18S_ASV_82,blue,0.762502708209782,1.15395711331599e-9,Planktothrix,16S_ASV_143,Opisthokonta_Chytridiomycota,18S_ASV_82
16S_ASV_261,18S_ASV_47,blue,0.762401936097802,1.16324224957609e-9,Planktothrix,16S_ASV_261,Chlorophyta,18S_ASV_47
16S_ASV_330,18S_ASV_89,blue,0.762243007351059,1.17802860572494e-9,Planktothrix,16S_ASV_330,Opisthokonta_Ichthyophonida,18S_ASV_89
16S_ASV_375,18S_ASV_47,blue,0.761801329228532,1.2200533513522101e-9,Planktothrix,16S_ASV_375,Chlorophyta,18S_ASV_47
16S_ASV_463,18S_ASV_47,blue,0.761739296837712,1.2260670874430302e-9,Planktothrix,16S_ASV_463,Chlorophyta,18S_ASV_47
16S_ASV_416,18S_ASV_8,blue,0.761156826755952,1.2839082529212202e-9,Planktothrix,16S_ASV_416,Kathablepharidacea,18S_ASV_8
16S_ASV_250,18S_ASV_8,blue,0.761131258703795,1.28650501308792e-9,Planktothrix,16S_ASV_250,Kathablepharidacea,18S_ASV_8
16S_ASV_416,18S_ASV_89,blue,0.760760009081176,1.32477005870516e-9,Planktothrix,16S_ASV_416,Opisthokonta_Ichthyophonida,18S_ASV_89
16S_ASV_388,18S_ASV_89,blue,0.760651028516866,1.33620404239299e-9,Planktothrix,16S_ASV_388,Opisthokonta_Ichthyophonida,18S_ASV_89
16S_ASV_250,18S_ASV_114,blue,0.760629999790676,1.3384209618407e-9,Planktothrix,16S_ASV_250,Chlorophyta,18S_ASV_114
16S_ASV_579,18S_ASV_47,blue,0.760376641316856,1.36540369785957e-9,Planktothrix,16S_ASV_579,Chlorophyta,18S_ASV_47
16S_ASV_386,18S_ASV_82,blue,0.760344418463748,1.3688718096116801e-9,Planktothrix,16S_ASV_386,Opisthokonta_Chytridiomycota,18S_ASV_82
16S_ASV_273,18S_ASV_89,blue,0.758954066780703,1.52663987220562e-9,Planktothrix,16S_ASV_273,Opisthokonta_Ichthyophonida,18S_ASV_89
16S_ASV_443,18S_ASV_8,blue,0.758507129289158,1.5808769887071101e-9,Planktothrix,16S_ASV_443,Kathablepharidacea,18S_ASV_8
16S_ASV_503,18S_ASV_47,blue,0.758133565164601,1.6275921843175601e-9,Planktothrix,16S_ASV_503,Chlorophyta,18S_ASV_47
16S_ASV_244,18S_ASV_82,blue,0.757946493831579,1.6514698426068301e-9,Planktothrix,16S_ASV_244,Opisthokonta_Chytridiomycota,18S_ASV_82
16S_ASV_250,18S_ASV_82,blue,0.757698863592278,1.68358305102676e-9,Planktothrix,16S_ASV_250,Opisthokonta_Chytridiomycota,18S_ASV_82
16S_ASV_526,18S_ASV_8,blue,0.757663727757277,1.6881867281925302e-9,Planktothrix,16S_ASV_526,Kathablepharidacea,18S_ASV_8
16S_ASV_416,18S_ASV_82,blue,0.757420190986453,1.7204223776834402e-9,Planktothrix,16S_ASV_416,Opisthokonta_Chytridiomycota,18S_ASV_82
16S_ASV_386,18S_ASV_47,blue,0.756731077576311,1.8147945807734201e-9,Planktothrix,16S_ASV_386,Chlorophyta,18S_ASV_47
16S_ASV_292,18S_ASV_82,blue,0.755937574613731,1.92947401079187e-9,Planktothrix,16S_ASV_292,Opisthokonta_Chytridiomycota,18S_ASV_82
16S_ASV_399,18S_ASV_155,blue,0.755888881795456,1.9367281218664103e-9,Planktothrix,16S_ASV_399,Chlorophyta,18S_ASV_155
16S_ASV_330,18S_ASV_155,blue,0.755788258396014,1.95179985306416e-9,Planktothrix,16S_ASV_330,Chlorophyta,18S_ASV_155
16S_ASV_395,18S_ASV_47,blue,0.755662902115895,1.9707301263348903e-9,Planktothrix,16S_ASV_395,Chlorophyta,18S_ASV_47
16S_ASV_568,18S_ASV_89,blue,0.755580589777926,1.9832538080767203e-9,Planktothrix,16S_ASV_568,Opisthokonta_Ichthyophonida,18S_ASV_89
16S_ASV_261,18S_ASV_82,blue,0.755411884631258,2.0091557370422802e-9,Planktothrix,16S_ASV_261,Opisthokonta_Chytridiomycota,18S_ASV_82
16S_ASV_449,18S_ASV_47,blue,0.755069950579,2.0626307559817402e-9,Planktothrix,16S_ASV_449,Chlorophyta,18S_ASV_47
16S_ASV_306,18S_ASV_82,blue,0.754790573133264,2.10731078886958e-9,Planktothrix,16S_ASV_306,Opisthokonta_Chytridiomycota,18S_ASV_82
16S_ASV_306,18S_ASV_47,blue,0.753886155928673,2.2582592893168704e-9,Planktothrix,16S_ASV_306,Chlorophyta,18S_ASV_47
16S_ASV_475,18S_ASV_82,blue,0.75375021500726,2.28180611524173e-9,Planktothrix,16S_ASV_475,Opisthokonta_Chytridiomycota,18S_ASV_82
16S_ASV_375,18S_ASV_82,blue,0.753113205586894,2.39524579341391e-9,Planktothrix,16S_ASV_375,Opisthokonta_Chytridiomycota,18S_ASV_82
16S_ASV_365,18S_ASV_47,blue,0.753078319968119,2.40160857240727e-9,Planktothrix,16S_ASV_365,Chlorophyta,18S_ASV_47
16S_ASV_386,18S_ASV_155,blue,0.75263268843579,2.4842946123620804e-9,Planktothrix,16S_ASV_386,Chlorophyta,18S_ASV_155
16S_ASV_169,18S_ASV_114,blue,0.752469359136754,2.51526315268438e-9,Planktothrix,16S_ASV_169,Chlorophyta,18S_ASV_114
16S_ASV_62,18S_ASV_160,blue,0.752209939750138,2.56519648147299e-9,Planktothrix,16S_ASV_62,Opisthokonta_Chytridiomycota,18S_ASV_160
16S_ASV_330,18S_ASV_47,blue,0.75212209861157,2.5823139028271e-9,Planktothrix,16S_ASV_330,Chlorophyta,18S_ASV_47
16S_ASV_273,18S_ASV_82,blue,0.751938672353641,2.61840382787382e-9,Planktothrix,16S_ASV_273,Opisthokonta_Chytridiomycota,18S_ASV_82
16S_ASV_579,18S_ASV_114,blue,0.751786330092043,2.64873690448611e-9,Planktothrix,16S_ASV_579,Chlorophyta,18S_ASV_114
16S_ASV_359,18S_ASV_114,blue,0.75124614862371,2.75897040159156e-9,Planktothrix,16S_ASV_359,Chlorophyta,18S_ASV_114
16S_ASV_348,18S_ASV_114,blue,0.75041323172511,2.93740681922415e-9,Planktothrix,16S_ASV_348,Chlorophyta,18S_ASV_114
16S_ASV_595,18S_ASV_82,blue,0.75036822383298,2.94735057876651e-9,Planktothrix,16S_ASV_595,Opisthokonta_Chytridiomycota,18S_ASV_82
16S_ASV_169,18S_ASV_79,blue,0.74994573085199,3.0422449917197e-9,Planktothrix,16S_ASV_169,Stramenopiles,18S_ASV_79
16S_ASV_306,18S_ASV_155,blue,0.749888934558287,3.05521806547688e-9,Planktothrix,16S_ASV_306,Chlorophyta,18S_ASV_155
16S_ASV_399,18S_ASV_82,blue,0.749757165425662,3.0855160631086603e-9,Planktothrix,16S_ASV_399,Opisthokonta_Chytridiomycota,18S_ASV_82
16S_ASV_341,18S_ASV_79,blue,0.749208979850148,3.2146118009513504e-9,Planktothrix,16S_ASV_341,Stramenopiles,18S_ASV_79
16S_ASV_550,18S_ASV_47,blue,0.748969571274425,3.2725658271866705e-9,Planktothrix,16S_ASV_550,Chlorophyta,18S_ASV_47
16S_ASV_416,18S_ASV_47,blue,0.748705114231864,3.33772153077827e-9,Planktothrix,16S_ASV_416,Chlorophyta,18S_ASV_47
16S_ASV_393,18S_ASV_79,blue,0.748470233804207,3.3966082659119202e-9,Planktothrix,16S_ASV_393,Stramenopiles,18S_ASV_79
16S_ASV_259,18S_ASV_47,blue,0.748461330043178,3.3988595711381603e-9,Planktothrix,16S_ASV_259,Chlorophyta,18S_ASV_47
16S_ASV_467,18S_ASV_114,blue,0.747824387582602,3.5635894397218503e-9,Planktothrix,16S_ASV_467,Chlorophyta,18S_ASV_114
16S_ASV_250,18S_ASV_47,blue,0.747605317456939,3.6219558466888404e-9,Planktothrix,16S_ASV_250,Chlorophyta,18S_ASV_47
16S_ASV_355,18S_ASV_47,blue,0.747341908238033,3.69332206726932e-9,Planktothrix,16S_ASV_355,Chlorophyta,18S_ASV_47
16S_ASV_371,18S_ASV_79,blue,0.747289059353014,3.70779843807954e-9,Planktothrix,16S_ASV_371,Stramenopiles,18S_ASV_79
16S_ASV_443,18S_ASV_89,blue,0.746682209021273,3.87788441087769e-9,Planktothrix,16S_ASV_443,Opisthokonta_Ichthyophonida,18S_ASV_89
16S_ASV_365,18S_ASV_192,blue,0.746405732877579,3.957775336986781e-9,Planktothrix,16S_ASV_365,Stramenopiles,18S_ASV_192
16S_ASV_341,18S_ASV_47,blue,0.746090797453394,4.0506584354387704e-9,Planktothrix,16S_ASV_341,Chlorophyta,18S_ASV_47
16S_ASV_815,18S_ASV_238,blue,0.746027901882002,4.0694511764375e-9,Terrimicrobium,16S_ASV_815,Chlorophyta,18S_ASV_238
16S_ASV_499,18S_ASV_114,blue,0.745749250679751,4.15369756675214e-9,Planktothrix,16S_ASV_499,Chlorophyta,18S_ASV_114
16S_ASV_595,18S_ASV_47,blue,0.745604202634923,4.19819516855984e-9,Planktothrix,16S_ASV_595,Chlorophyta,18S_ASV_47
16S_ASV_169,18S_ASV_89,blue,0.745571040229246,4.2084312432719905e-9,Planktothrix,16S_ASV_169,Opisthokonta_Ichthyophonida,18S_ASV_89
16S_ASV_475,18S_ASV_47,blue,0.7451193732462,4.3501948012001e-9,Planktothrix,16S_ASV_475,Chlorophyta,18S_ASV_47
16S_ASV_319,18S_ASV_114,blue,0.744726961665918,4.47698151202532e-9,Planktothrix,16S_ASV_319,Chlorophyta,18S_ASV_114
16S_ASV_169,18S_ASV_321,blue,0.744502727378278,4.5509773721624805e-9,Planktothrix,16S_ASV_169,Opisthokonta_Chytridiomycota,18S_ASV_321
16S_ASV_314,18S_ASV_82,blue,0.743882240166348,4.761753208975751e-9,Planktothrix,16S_ASV_314,Opisthokonta_Chytridiomycota,18S_ASV_82
16S_ASV_259,18S_ASV_114,blue,0.74355394055171,4.87694193756134e-9,Planktothrix,16S_ASV_259,Chlorophyta,18S_ASV_114
16S_ASV_474,18S_ASV_8,blue,0.74267330218705,5.19895724163363e-9,Planktothrix,16S_ASV_474,Kathablepharidacea,18S_ASV_8
16S_ASV_503,18S_ASV_114,blue,0.742372309089895,5.313512890933841e-9,Planktothrix,16S_ASV_503,Chlorophyta,18S_ASV_114
16S_ASV_595,18S_ASV_238,blue,0.74232242581363606,5.3327250391798205e-9,Planktothrix,16S_ASV_595,Chlorophyta,18S_ASV_238
16S_ASV_169,18S_ASV_160,blue,0.741973210422673,5.4690566293879e-9,Planktothrix,16S_ASV_169,Opisthokonta_Chytridiomycota,18S_ASV_160
16S_ASV_330,18S_ASV_82,blue,0.741948601036272,5.4787861310125e-9,Planktothrix,16S_ASV_330,Opisthokonta_Chytridiomycota,18S_ASV_82
16S_ASV_443,18S_ASV_47,blue,0.741284399840576,5.747591494761521e-9,Planktothrix,16S_ASV_443,Chlorophyta,18S_ASV_47
16S_ASV_62,18S_ASV_321,blue,0.741038152313667,5.8503517545188305e-9,Planktothrix,16S_ASV_62,Opisthokonta_Chytridiomycota,18S_ASV_321
16S_ASV_399,18S_ASV_47,blue,0.74096090334589,5.88294116300817e-9,Planktothrix,16S_ASV_399,Chlorophyta,18S_ASV_47
16S_ASV_449,18S_ASV_79,blue,0.740018092707996,6.294642007602831e-9,Planktothrix,16S_ASV_449,Stramenopiles,18S_ASV_79
16S_ASV_273,18S_ASV_47,blue,0.739867476708806,6.3628604526459405e-9,Planktothrix,16S_ASV_273,Chlorophyta,18S_ASV_47
16S_ASV_395,18S_ASV_155,blue,0.739426868257503,6.566423176958871e-9,Planktothrix,16S_ASV_395,Chlorophyta,18S_ASV_155
16S_ASV_261,18S_ASV_155,blue,0.738205561335712,7.163024139557191e-9,Planktothrix,16S_ASV_261,Chlorophyta,18S_ASV_155
16S_ASV_503,18S_ASV_8,blue,0.73769856491084,7.4252971418883e-9,Planktothrix,16S_ASV_503,Kathablepharidacea,18S_ASV_8
16S_ASV_371,18S_ASV_8,blue,0.737642034974693,7.45509139618999e-9,Planktothrix,16S_ASV_371,Kathablepharidacea,18S_ASV_8
16S_ASV_488,18S_ASV_114,blue,0.737601291396594,7.47663480285447e-9,Planktothrix,16S_ASV_488,Chlorophyta,18S_ASV_114
16S_ASV_341,18S_ASV_8,blue,0.737412706431688,7.57711193011617e-9,Planktothrix,16S_ASV_341,Kathablepharidacea,18S_ASV_8
16S_ASV_815,18S_ASV_827,blue,0.737206242442726,7.68856441643568e-9,Terrimicrobium,16S_ASV_815,Chlorophyta,18S_ASV_827
16S_ASV_273,18S_ASV_155,blue,0.736752928475648,7.93867917407821e-9,Planktothrix,16S_ASV_273,Chlorophyta,18S_ASV_155
16S_ASV_815,18S_ASV_207,blue,0.736717744540645,7.95840709748903e-9,Terrimicrobium,16S_ASV_815,Stramenopiles,18S_ASV_207
16S_ASV_143,18S_ASV_8,blue,0.736432824019102,8.11986414982735e-9,Planktothrix,16S_ASV_143,Kathablepharidacea,18S_ASV_8
16S_ASV_355,18S_ASV_8,blue,0.736410520885776,8.13263135467777e-9,Planktothrix,16S_ASV_355,Kathablepharidacea,18S_ASV_8
16S_ASV_375,18S_ASV_192,blue,0.736408640225165,8.133708778977021e-9,Planktothrix,16S_ASV_375,Stramenopiles,18S_ASV_192
16S_ASV_395,18S_ASV_79,blue,0.73627119353835,8.21281442031661e-9,Planktothrix,16S_ASV_395,Stramenopiles,18S_ASV_79
16S_ASV_475,18S_ASV_79,blue,0.736214718405236,8.24552630767735e-9,Planktothrix,16S_ASV_475,Stramenopiles,18S_ASV_79
16S_ASV_388,18S_ASV_47,blue,0.73600763071238,8.36652394492452e-9,Planktothrix,16S_ASV_388,Chlorophyta,18S_ASV_47
16S_ASV_355,18S_ASV_79,blue,0.73581062322536,8.483173443784861e-9,Planktothrix,16S_ASV_355,Stramenopiles,18S_ASV_79
16S_ASV_475,18S_ASV_238,blue,0.735770100629818,8.507355234740031e-9,Planktothrix,16S_ASV_475,Chlorophyta,18S_ASV_238
16S_ASV_499,18S_ASV_8,blue,0.735727307784285,8.5329618597948e-9,Planktothrix,16S_ASV_499,Kathablepharidacea,18S_ASV_8
16S_ASV_579,18S_ASV_8,blue,0.735250351275756,8.82329363954364e-9,Planktothrix,16S_ASV_579,Kathablepharidacea,18S_ASV_8
16S_ASV_406,18S_ASV_114,blue,0.73512407304815,8.90169573380189e-9,Planktothrix,16S_ASV_406,Chlorophyta,18S_ASV_114
16S_ASV_348,18S_ASV_8,blue,0.735032598510679,8.958896242843141e-9,Planktothrix,16S_ASV_348,Kathablepharidacea,18S_ASV_8
16S_ASV_526,18S_ASV_155,blue,0.734820660159134,9.092749895619621e-9,Planktothrix,16S_ASV_526,Chlorophyta,18S_ASV_155
16S_ASV_169,18S_ASV_47,blue,0.734393634185941,9.368153263453811e-9,Planktothrix,16S_ASV_169,Chlorophyta,18S_ASV_47
16S_ASV_463,18S_ASV_114,blue,0.732959355533057,1.03514169940358e-8,Planktothrix,16S_ASV_463,Chlorophyta,18S_ASV_114
16S_ASV_550,18S_ASV_8,blue,0.732778210126415,1.04822540563173e-8,Planktothrix,16S_ASV_550,Kathablepharidacea,18S_ASV_8
16S_ASV_371,18S_ASV_47,blue,0.732288353647642,1.08438618133001e-8,Planktothrix,16S_ASV_371,Chlorophyta,18S_ASV_47
16S_ASV_320,18S_ASV_79,blue,0.731778320945869,1.12327499313625e-8,Planktothrix,16S_ASV_320,Stramenopiles,18S_ASV_79
16S_ASV_815,18S_ASV_31,blue,0.731692400573128,1.12995332218606e-8,Terrimicrobium,16S_ASV_815,Chlorophyta,18S_ASV_31
16S_ASV_595,18S_ASV_114,blue,0.731572249802092,1.13935462026693e-8,Planktothrix,16S_ASV_595,Chlorophyta,18S_ASV_114
16S_ASV_359,18S_ASV_8,blue,0.731046060732808,1.18139574845026e-8,Planktothrix,16S_ASV_359,Kathablepharidacea,18S_ASV_8
16S_ASV_388,18S_ASV_79,blue,0.730982139613588,1.18660063987055e-8,Planktothrix,16S_ASV_388,Stramenopiles,18S_ASV_79
16S_ASV_474,18S_ASV_47,blue,0.730772198730109,1.20384685786966e-8,Planktothrix,16S_ASV_474,Chlorophyta,18S_ASV_47
16S_ASV_259,18S_ASV_8,blue,0.730706066303545,1.20932790854354e-8,Planktothrix,16S_ASV_259,Kathablepharidacea,18S_ASV_8
16S_ASV_244,18S_ASV_8,blue,0.730414873889049,1.23374092064084e-8,Planktothrix,16S_ASV_244,Kathablepharidacea,18S_ASV_8
16S_ASV_269,18S_ASV_192,blue,0.730150161449148,1.2563334133105e-8,Planktothrix,16S_ASV_269,Stramenopiles,18S_ASV_192
16S_ASV_169,18S_ASV_82,blue,0.729583962461943,1.30596307604241e-8,Planktothrix,16S_ASV_169,Opisthokonta_Chytridiomycota,18S_ASV_82
16S_ASV_388,18S_ASV_16,blue,0.729230350981244,1.33788304311919e-8,Planktothrix,16S_ASV_388,Stramenopiles,18S_ASV_16
16S_ASV_568,18S_ASV_47,blue,0.729059984013541,1.35352106548767e-8,Planktothrix,16S_ASV_568,Chlorophyta,18S_ASV_47
16S_ASV_314,18S_ASV_47,blue,0.729032765043526,1.35603529112754e-8,Planktothrix,16S_ASV_314,Chlorophyta,18S_ASV_47
16S_ASV_388,18S_ASV_8,blue,0.728731046610452,1.38419941037079e-8,Planktothrix,16S_ASV_388,Kathablepharidacea,18S_ASV_8
16S_ASV_467,18S_ASV_8,blue,0.728450293215071,1.41089731415297e-8,Planktothrix,16S_ASV_467,Kathablepharidacea,18S_ASV_8
16S_ASV_314,18S_ASV_87,blue,0.728377815067661,1.41786736833177e-8,Planktothrix,16S_ASV_314,Rhizaria,18S_ASV_87
16S_ASV_488,18S_ASV_79,blue,0.728300103221876,1.42537652082358e-8,Planktothrix,16S_ASV_488,Stramenopiles,18S_ASV_79
16S_ASV_292,18S_ASV_47,blue,0.7279583896061,1.45883940280853e-8,Planktothrix,16S_ASV_292,Chlorophyta,18S_ASV_47
16S_ASV_449,18S_ASV_8,blue,0.727722464121155,1.48237020447579e-8,Planktothrix,16S_ASV_449,Kathablepharidacea,18S_ASV_8
16S_ASV_320,18S_ASV_8,blue,0.727441447584385,1.5108616592485e-8,Planktothrix,16S_ASV_320,Kathablepharidacea,18S_ASV_8
16S_ASV_355,18S_ASV_114,blue,0.72717751247207,1.5380871330018e-8,Planktothrix,16S_ASV_355,Chlorophyta,18S_ASV_114
16S_ASV_474,18S_ASV_16,blue,0.726656732869747,1.59315826845883e-8,Planktothrix,16S_ASV_474,Stramenopiles,18S_ASV_16
16S_ASV_550,18S_ASV_16,blue,0.726541777233029,1.60556053846716e-8,Planktothrix,16S_ASV_550,Stramenopiles,18S_ASV_16
16S_ASV_443,18S_ASV_155,blue,0.726193999525831,1.64363360009613e-8,Planktothrix,16S_ASV_443,Chlorophyta,18S_ASV_155
16S_ASV_292,18S_ASV_8,blue,0.726137635767326,1.6498829987397e-8,Planktothrix,16S_ASV_292,Kathablepharidacea,18S_ASV_8
16S_ASV_244,18S_ASV_192,blue,0.726089046244951,1.65528825365234e-8,Planktothrix,16S_ASV_244,Stramenopiles,18S_ASV_192
16S_ASV_314,18S_ASV_79,blue,0.726083102646063,1.65595057467496e-8,Planktothrix,16S_ASV_314,Stramenopiles,18S_ASV_79
16S_ASV_341,18S_ASV_16,blue,0.726000528193518,1.66517788977556e-8,Planktothrix,16S_ASV_341,Stramenopiles,18S_ASV_16
16S_ASV_393,18S_ASV_155,blue,0.72595787256504,1.66996327936191e-8,Planktothrix,16S_ASV_393,Chlorophyta,18S_ASV_155
16S_ASV_416,18S_ASV_155,blue,0.725793053012785,1.68857498116091e-8,Planktothrix,16S_ASV_416,Chlorophyta,18S_ASV_155
16S_ASV_406,18S_ASV_79,blue,0.72521855921281,1.75497578407341e-8,Planktothrix,16S_ASV_406,Stramenopiles,18S_ASV_79
16S_ASV_815,18S_ASV_102,blue,0.724237774336592,1.87401128317972e-8,Terrimicrobium,16S_ASV_815,Opisthokonta_Chytridiomycota,18S_ASV_102
16S_ASV_503,18S_ASV_79,blue,0.724135811445249,1.88681038532129e-8,Planktothrix,16S_ASV_503,Stramenopiles,18S_ASV_79
16S_ASV_463,18S_ASV_8,blue,0.724001661460969,1.90377440712298e-8,Planktothrix,16S_ASV_463,Kathablepharidacea,18S_ASV_8
16S_ASV_449,18S_ASV_238,blue,0.723766179773339,1.9338978433429e-8,Planktothrix,16S_ASV_449,Chlorophyta,18S_ASV_238
16S_ASV_815,18S_ASV_224,blue,0.723737415086192,1.93760789719623e-8,Terrimicrobium,16S_ASV_815,Stramenopiles,18S_ASV_224
16S_ASV_272,18S_ASV_8,blue,0.723678014534432,1.9452904247565e-8,Planktothrix,16S_ASV_272,Kathablepharidacea,18S_ASV_8
16S_ASV_526,18S_ASV_160,blue,0.723595596113997,1.95599714685236e-8,Planktothrix,16S_ASV_526,Opisthokonta_Chytridiomycota,18S_ASV_160
16S_ASV_550,18S_ASV_114,blue,0.723524578839025,1.96526695994853e-8,Planktothrix,16S_ASV_550,Chlorophyta,18S_ASV_114
16S_ASV_292,18S_ASV_114,blue,0.723247171619699,2.00187179000055e-8,Planktothrix,16S_ASV_292,Chlorophyta,18S_ASV_114
16S_ASV_488,18S_ASV_8,blue,0.723147102218861,2.01523205631569e-8,Planktothrix,16S_ASV_488,Kathablepharidacea,18S_ASV_8
16S_ASV_406,18S_ASV_8,blue,0.72302216819606,2.03202904322088e-8,Planktothrix,16S_ASV_406,Kathablepharidacea,18S_ASV_8
16S_ASV_474,18S_ASV_79,blue,0.722794486750246,2.06297730444463e-8,Planktothrix,16S_ASV_474,Stramenopiles,18S_ASV_79
16S_ASV_269,18S_ASV_8,blue,0.721741566023986,2.2119176436199e-8,Planktothrix,16S_ASV_269,Kathablepharidacea,18S_ASV_8
16S_ASV_365,18S_ASV_8,blue,0.721499350974477,2.24757395358249e-8,Planktothrix,16S_ASV_365,Kathablepharidacea,18S_ASV_8
16S_ASV_449,18S_ASV_114,blue,0.720678514716926,2.37244586106321e-8,Planktothrix,16S_ASV_449,Chlorophyta,18S_ASV_114
16S_ASV_595,18S_ASV_8,blue,0.720326789907537,2.42791324254481e-8,Planktothrix,16S_ASV_595,Kathablepharidacea,18S_ASV_8
16S_ASV_143,18S_ASV_79,blue,0.719724444594972,2.52572899923427e-8,Planktothrix,16S_ASV_143,Stramenopiles,18S_ASV_79
16S_ASV_463,18S_ASV_79,blue,0.7195237773922,2.55912537677775e-8,Planktothrix,16S_ASV_463,Stramenopiles,18S_ASV_79
16S_ASV_359,18S_ASV_16,blue,0.719210545579335,2.61208165650535e-8,Planktothrix,16S_ASV_359,Stramenopiles,18S_ASV_16
16S_ASV_348,18S_ASV_79,blue,0.718230651739979,2.78443683346808e-8,Planktothrix,16S_ASV_348,Stramenopiles,18S_ASV_79
16S_ASV_475,18S_ASV_114,blue,0.717749494266648,2.87290654026917e-8,Planktothrix,16S_ASV_475,Chlorophyta,18S_ASV_114
16S_ASV_568,18S_ASV_155,blue,0.717530930765559,2.91395516121434e-8,Planktothrix,16S_ASV_568,Chlorophyta,18S_ASV_155
16S_ASV_474,18S_ASV_114,blue,0.717362092585229,2.94603940364677e-8,Planktothrix,16S_ASV_474,Chlorophyta,18S_ASV_114
16S_ASV_259,18S_ASV_79,blue,0.717321802671113,2.95374431889053e-8,Planktothrix,16S_ASV_259,Stramenopiles,18S_ASV_79
16S_ASV_550,18S_ASV_79,blue,0.71678211492971,3.05878503187832e-8,Planktothrix,16S_ASV_550,Stramenopiles,18S_ASV_79
16S_ASV_292,18S_ASV_734,blue,0.715923499722241,3.23312092008281e-8,Planktothrix,16S_ASV_292,Chlorophyta,18S_ASV_734
16S_ASV_319,18S_ASV_79,blue,0.715726360300551,3.27443840247494e-8,Planktothrix,16S_ASV_319,Stramenopiles,18S_ASV_79
16S_ASV_319,18S_ASV_8,blue,0.715652144152454,3.29012043727803e-8,Planktothrix,16S_ASV_319,Kathablepharidacea,18S_ASV_8
16S_ASV_341,18S_ASV_114,blue,0.715600456552988,3.3010835682806e-8,Planktothrix,16S_ASV_341,Chlorophyta,18S_ASV_114
16S_ASV_244,18S_ASV_114,blue,0.715583508273582,3.30468578606181e-8,Planktothrix,16S_ASV_244,Chlorophyta,18S_ASV_114
16S_ASV_467,18S_ASV_16,blue,0.715463149058586,3.33037300777665e-8,Planktothrix,16S_ASV_467,Stramenopiles,18S_ASV_16
16S_ASV_499,18S_ASV_79,blue,0.715225032521245,3.38174274700992e-8,Planktothrix,16S_ASV_499,Stramenopiles,18S_ASV_79
16S_ASV_375,18S_ASV_8,blue,0.715059899165595,3.41780128952748e-8,Planktothrix,16S_ASV_375,Kathablepharidacea,18S_ASV_8
16S_ASV_244,18S_ASV_83,blue,0.715032482842001,3.42382258187238e-8,Planktothrix,16S_ASV_244,Opisthokonta_Chytridiomycota,18S_ASV_83
16S_ASV_371,18S_ASV_114,blue,0.714853102086359,3.46346420666436e-8,Planktothrix,16S_ASV_371,Chlorophyta,18S_ASV_114
16S_ASV_475,18S_ASV_8,blue,0.714770536617051,3.48185422771201e-8,Planktothrix,16S_ASV_475,Kathablepharidacea,18S_ASV_8
16S_ASV_449,18S_ASV_16,blue,0.714728897257389,3.49116323960941e-8,Planktothrix,16S_ASV_449,Stramenopiles,18S_ASV_16
16S_ASV_314,18S_ASV_238,blue,0.714393988983528,3.5668864157622e-8,Planktothrix,16S_ASV_314,Chlorophyta,18S_ASV_238
16S_ASV_371,18S_ASV_16,blue,0.713817714488186,3.70078573726347e-8,Planktothrix,16S_ASV_371,Stramenopiles,18S_ASV_16
16S_ASV_355,18S_ASV_238,blue,0.713441310283182,3.79076427006431e-8,Planktothrix,16S_ASV_355,Chlorophyta,18S_ASV_238
16S_ASV_467,18S_ASV_83,blue,0.713035931931704,3.8899523431643e-8,Planktothrix,16S_ASV_467,Opisthokonta_Chytridiomycota,18S_ASV_83
16S_ASV_143,18S_ASV_114,blue,0.712704878421115,3.97274746549008e-8,Planktothrix,16S_ASV_143,Chlorophyta,18S_ASV_114
16S_ASV_815,18S_ASV_8,blue,0.712107433804165,4.12634660307483e-8,Terrimicrobium,16S_ASV_815,Kathablepharidacea,18S_ASV_8
16S_ASV_488,18S_ASV_16,blue,0.71130722762431,4.34077523670981e-8,Planktothrix,16S_ASV_488,Stramenopiles,18S_ASV_16
16S_ASV_341,18S_ASV_238,blue,0.711054624566431,4.410596679017e-8,Planktothrix,16S_ASV_341,Chlorophyta,18S_ASV_238
16S_ASV_62,18S_ASV_114,blue,0.710673368863459,4.51796753315542e-8,Planktothrix,16S_ASV_62,Chlorophyta,18S_ASV_114
16S_ASV_399,18S_ASV_87,blue,0.710396381195007,4.59749957523556e-8,Planktothrix,16S_ASV_399,Rhizaria,18S_ASV_87
16S_ASV_388,18S_ASV_114,blue,0.710369049077212,4.6054179727243e-8,Planktothrix,16S_ASV_388,Chlorophyta,18S_ASV_114
16S_ASV_292,18S_ASV_160,blue,0.709929112670928,4.73463746982408e-8,Planktothrix,16S_ASV_292,Opisthokonta_Chytridiomycota,18S_ASV_160
16S_ASV_272,18S_ASV_16,blue,0.709678333939744,4.80980405425695e-8,Planktothrix,16S_ASV_272,Stramenopiles,18S_ASV_16
16S_ASV_348,18S_ASV_238,blue,0.709652053923607,4.81774521108842e-8,Planktothrix,16S_ASV_348,Chlorophyta,18S_ASV_238
16S_ASV_526,18S_ASV_16,blue,0.709211359165687,4.95274968168748e-8,Planktothrix,16S_ASV_526,Stramenopiles,18S_ASV_16
16S_ASV_143,18S_ASV_83,blue,0.709144636272369,4.97349513960349e-8,Planktothrix,16S_ASV_143,Opisthokonta_Chytridiomycota,18S_ASV_83
16S_ASV_320,18S_ASV_83,blue,0.70905274727749,5.00219807172448e-8,Planktothrix,16S_ASV_320,Opisthokonta_Chytridiomycota,18S_ASV_83
16S_ASV_568,18S_ASV_160,blue,0.709046590348023,5.00412680115206e-8,Planktothrix,16S_ASV_568,Opisthokonta_Chytridiomycota,18S_ASV_160
16S_ASV_320,18S_ASV_114,blue,0.709013785662073,5.01441496043154e-8,Planktothrix,16S_ASV_320,Chlorophyta,18S_ASV_114
16S_ASV_386,18S_ASV_160,blue,0.708897189989054,5.05114159733612e-8,Planktothrix,16S_ASV_386,Opisthokonta_Chytridiomycota,18S_ASV_160
16S_ASV_393,18S_ASV_160,blue,0.708540930063828,5.16492260316558e-8,Planktothrix,16S_ASV_393,Opisthokonta_Chytridiomycota,18S_ASV_160
16S_ASV_250,18S_ASV_238,blue,0.708348342794246,5.22742247294554e-8,Planktothrix,16S_ASV_250,Chlorophyta,18S_ASV_238
16S_ASV_463,18S_ASV_16,blue,0.708166504442245,5.28708149036204e-8,Planktothrix,16S_ASV_463,Stramenopiles,18S_ASV_16
16S_ASV_319,18S_ASV_238,blue,0.708078618433729,5.31614316351146e-8,Planktothrix,16S_ASV_319,Chlorophyta,18S_ASV_238
16S_ASV_143,18S_ASV_192,blue,0.707440621595835,5.53162661580922e-8,Planktothrix,16S_ASV_143,Stramenopiles,18S_ASV_192
16S_ASV_355,18S_ASV_16,blue,0.707374442842723,5.55443923973907e-8,Planktothrix,16S_ASV_355,Stramenopiles,18S_ASV_16
16S_ASV_406,18S_ASV_16,blue,0.707197599298347,5.61583103763837e-8,Planktothrix,16S_ASV_406,Stramenopiles,18S_ASV_16
16S_ASV_292,18S_ASV_83,blue,0.707101056729153,5.64961281707175e-8,Planktothrix,16S_ASV_292,Opisthokonta_Chytridiomycota,18S_ASV_83
16S_ASV_330,18S_ASV_87,blue,0.706981273398068,5.69179061686442e-8,Planktothrix,16S_ASV_330,Rhizaria,18S_ASV_87
16S_ASV_272,18S_ASV_192,blue,0.7069319810207,5.70923254333187e-8,Planktothrix,16S_ASV_272,Stramenopiles,18S_ASV_192
16S_ASV_250,18S_ASV_155,blue,0.706911052845031,5.71665297978722e-8,Planktothrix,16S_ASV_250,Chlorophyta,18S_ASV_155
16S_ASV_62,18S_ASV_89,blue,0.706896127574035,5.72195048439501e-8,Planktothrix,16S_ASV_62,Opisthokonta_Ichthyophonida,18S_ASV_89
16S_ASV_463,18S_ASV_238,blue,0.706679622715829,5.79931290538276e-8,Planktothrix,16S_ASV_463,Chlorophyta,18S_ASV_238
16S_ASV_395,18S_ASV_160,blue,0.706640196852327,5.81350538290457e-8,Planktothrix,16S_ASV_395,Opisthokonta_Chytridiomycota,18S_ASV_160
16S_ASV_292,18S_ASV_321,blue,0.706480211204177,5.87143022283373e-8,Planktothrix,16S_ASV_292,Opisthokonta_Chytridiomycota,18S_ASV_321
16S_ASV_359,18S_ASV_83,blue,0.705608394947767,6.19666486160661e-8,Planktothrix,16S_ASV_359,Opisthokonta_Chytridiomycota,18S_ASV_83
16S_ASV_475,18S_ASV_83,blue,0.705440726872013,6.26111088738938e-8,Planktothrix,16S_ASV_475,Opisthokonta_Chytridiomycota,18S_ASV_83
16S_ASV_62,18S_ASV_79,blue,0.705354359049296,6.29455139680667e-8,Planktothrix,16S_ASV_62,Stramenopiles,18S_ASV_79
16S_ASV_272,18S_ASV_114,blue,0.705258568799935,6.33183508354928e-8,Planktothrix,16S_ASV_272,Chlorophyta,18S_ASV_114
16S_ASV_499,18S_ASV_160,blue,0.704624681401453,6.58380102196457e-8,Planktothrix,16S_ASV_499,Opisthokonta_Chytridiomycota,18S_ASV_160
16S_ASV_348,18S_ASV_83,blue,0.704282117355942,6.72383239663006e-8,Planktothrix,16S_ASV_348,Opisthokonta_Chytridiomycota,18S_ASV_83
16S_ASV_320,18S_ASV_16,blue,0.703665981969906,6.98271217415683e-8,Planktothrix,16S_ASV_320,Stramenopiles,18S_ASV_16
16S_ASV_595,18S_ASV_79,blue,0.703346027666787,7.12078693647029e-8,Planktothrix,16S_ASV_595,Stramenopiles,18S_ASV_79
16S_ASV_568,18S_ASV_16,blue,0.703331197239925,7.12724830514306e-8,Planktothrix,16S_ASV_568,Stramenopiles,18S_ASV_16
16S_ASV_250,18S_ASV_16,blue,0.702989845131665,7.277490511399e-8,Planktothrix,16S_ASV_250,Stramenopiles,18S_ASV_16
16S_ASV_169,18S_ASV_87,blue,0.702966620419384,7.28781922179956e-8,Planktothrix,16S_ASV_169,Rhizaria,18S_ASV_87
16S_ASV_306,18S_ASV_87,blue,0.702903458135585,7.31597856745518e-8,Planktothrix,16S_ASV_306,Rhizaria,18S_ASV_87
16S_ASV_595,18S_ASV_83,blue,0.702790431442889,7.36662227090263e-8,Planktothrix,16S_ASV_595,Opisthokonta_Chytridiomycota,18S_ASV_83
16S_ASV_269,18S_ASV_16,blue,0.702238280454295,7.6187602281733e-8,Planktothrix,16S_ASV_269,Stramenopiles,18S_ASV_16
16S_ASV_314,18S_ASV_114,blue,0.70200477255756,7.7277943887912e-8,Planktothrix,16S_ASV_314,Chlorophyta,18S_ASV_114
16S_ASV_143,18S_ASV_16,blue,0.701780375439322,7.8339445766521e-8,Planktothrix,16S_ASV_143,Stramenopiles,18S_ASV_16
16S_ASV_503,18S_ASV_16,blue,0.701695798114912,7.87430535206838e-8,Planktothrix,16S_ASV_503,Stramenopiles,18S_ASV_16
16S_ASV_499,18S_ASV_16,blue,0.701681260035319,7.88126251400508e-8,Planktothrix,16S_ASV_499,Stramenopiles,18S_ASV_16
16S_ASV_406,18S_ASV_238,blue,0.701626117539206,7.90770297975044e-8,Planktothrix,16S_ASV_406,Chlorophyta,18S_ASV_238
16S_ASV_272,18S_ASV_79,blue,0.701284421290672,8.07339818078993e-8,Planktothrix,16S_ASV_272,Stramenopiles,18S_ASV_79
16S_ASV_443,18S_ASV_16,blue,0.701038122808107,8.19483574409006e-8,Planktothrix,16S_ASV_443,Stramenopiles,18S_ASV_16
16S_ASV_579,18S_ASV_79,blue,0.700564278639879,8.43327172052071e-8,Planktothrix,16S_ASV_579,Stramenopiles,18S_ASV_79
16S_ASV_488,18S_ASV_238,blue,0.699959031419027,8.7472446280511e-8,Planktothrix,16S_ASV_488,Chlorophyta,18S_ASV_238
16S_ASV_306,18S_ASV_160,blue,0.699856273862949,8.80162084542517e-8,Planktothrix,16S_ASV_306,Opisthokonta_Chytridiomycota,18S_ASV_160
16S_ASV_386,18S_ASV_87,blue,0.699569790747566,8.95488858166654e-8,Planktothrix,16S_ASV_386,Rhizaria,18S_ASV_87
16S_ASV_320,18S_ASV_192,blue,0.69931742095847,9.09196452012436e-8,Planktothrix,16S_ASV_320,Stramenopiles,18S_ASV_192
16S_ASV_244,18S_ASV_79,blue,0.698879194079824,9.33464955498163e-8,Planktothrix,16S_ASV_244,Stramenopiles,18S_ASV_79
16S_ASV_503,18S_ASV_83,blue,0.698868418440623,9.34069238702544e-8,Planktothrix,16S_ASV_503,Opisthokonta_Chytridiomycota,18S_ASV_83
16S_ASV_449,18S_ASV_83,blue,0.698796928137409,9.3808756655363e-8,Planktothrix,16S_ASV_449,Opisthokonta_Chytridiomycota,18S_ASV_83
16S_ASV_261,18S_ASV_87,blue,0.698760830050556,9.40122688325847e-8,Planktothrix,16S_ASV_261,Rhizaria,18S_ASV_87
16S_ASV_399,18S_ASV_160,blue,0.698461366807578,9.57165162397479e-8,Planktothrix,16S_ASV_399,Opisthokonta_Chytridiomycota,18S_ASV_160
16S_ASV_269,18S_ASV_114,blue,0.697631214780468,1.00592766387885e-7,Planktothrix,16S_ASV_269,Chlorophyta,18S_ASV_114
16S_ASV_371,18S_ASV_238,blue,0.697599534655289,1.00783363406915e-7,Planktothrix,16S_ASV_371,Chlorophyta,18S_ASV_238
16S_ASV_314,18S_ASV_307,blue,0.697453132349448,1.01668545139563e-7,Planktothrix,16S_ASV_314,Opisthokonta_Pluriformea,18S_ASV_307
16S_ASV_393,18S_ASV_238,blue,0.697299133075775,1.02607479963595e-7,Planktothrix,16S_ASV_393,Chlorophyta,18S_ASV_238
16S_ASV_261,18S_ASV_238,blue,0.696242406854379,1.09271733939628e-7,Planktothrix,16S_ASV_261,Chlorophyta,18S_ASV_238
16S_ASV_503,18S_ASV_238,blue,0.695776240303374,1.12338043773734e-7,Planktothrix,16S_ASV_503,Chlorophyta,18S_ASV_238
16S_ASV_273,18S_ASV_87,blue,0.695489891778982,1.14261136802793e-7,Planktothrix,16S_ASV_273,Rhizaria,18S_ASV_87
16S_ASV_550,18S_ASV_160,blue,0.695027206498083,1.17433474136935e-7,Planktothrix,16S_ASV_550,Opisthokonta_Chytridiomycota,18S_ASV_160
16S_ASV_244,18S_ASV_87,blue,0.694825071211782,1.18844994567979e-7,Planktothrix,16S_ASV_244,Rhizaria,18S_ASV_87
16S_ASV_579,18S_ASV_16,blue,0.694754269314853,1.19343136318741e-7,Planktothrix,16S_ASV_579,Stramenopiles,18S_ASV_16
16S_ASV_815,18S_ASV_83,blue,0.694729488024276,1.19517949696506e-7,Terrimicrobium,16S_ASV_815,Opisthokonta_Chytridiomycota,18S_ASV_83
16S_ASV_320,18S_ASV_238,blue,0.694440760901087,1.21572371708283e-7,Planktothrix,16S_ASV_320,Chlorophyta,18S_ASV_238
16S_ASV_348,18S_ASV_160,blue,0.694390587857081,1.21932714909438e-7,Planktothrix,16S_ASV_348,Opisthokonta_Chytridiomycota,18S_ASV_160
16S_ASV_269,18S_ASV_79,blue,0.69405948441026,1.24335780767733e-7,Planktothrix,16S_ASV_269,Stramenopiles,18S_ASV_79
16S_ASV_443,18S_ASV_160,blue,0.693844045432203,1.25923011300562e-7,Planktothrix,16S_ASV_443,Opisthokonta_Chytridiomycota,18S_ASV_160
16S_ASV_395,18S_ASV_16,blue,0.693632770745591,1.27497886440616e-7,Planktothrix,16S_ASV_395,Stramenopiles,18S_ASV_16
16S_ASV_169,18S_ASV_155,blue,0.693473816691874,1.28694836010848e-7,Planktothrix,16S_ASV_169,Chlorophyta,18S_ASV_155
16S_ASV_365,18S_ASV_114,blue,0.693232877441687,1.30529131546739e-7,Planktothrix,16S_ASV_365,Chlorophyta,18S_ASV_114
16S_ASV_359,18S_ASV_155,blue,0.693190325857496,1.30855601945543e-7,Planktothrix,16S_ASV_359,Chlorophyta,18S_ASV_155
16S_ASV_355,18S_ASV_83,blue,0.692994924017539,1.32364587159117e-7,Planktothrix,16S_ASV_355,Opisthokonta_Chytridiomycota,18S_ASV_83
16S_ASV_595,18S_ASV_321,blue,0.692950352090035,1.32711056632634e-7,Planktothrix,16S_ASV_595,Opisthokonta_Chytridiomycota,18S_ASV_321
16S_ASV_474,18S_ASV_160,blue,0.692736487762585,1.34385269804433e-7,Planktothrix,16S_ASV_474,Opisthokonta_Chytridiomycota,18S_ASV_160
16S_ASV_375,18S_ASV_114,blue,0.692430465303025,1.36815191306199e-7,Planktothrix,16S_ASV_375,Chlorophyta,18S_ASV_114
16S_ASV_62,18S_ASV_87,blue,0.692106009739193,1.39436156890561e-7,Planktothrix,16S_ASV_62,Rhizaria,18S_ASV_87
16S_ASV_143,18S_ASV_238,blue,0.692102767062961,1.39462585936073e-7,Planktothrix,16S_ASV_143,Chlorophyta,18S_ASV_238
16S_ASV_395,18S_ASV_398,blue,0.691787448976103,1.42054962751436e-7,Planktothrix,16S_ASV_395,Stramenopiles,18S_ASV_398
16S_ASV_499,18S_ASV_238,blue,0.691697606643537,1.42801776837057e-7,Planktothrix,16S_ASV_499,Chlorophyta,18S_ASV_238
16S_ASV_393,18S_ASV_83,blue,0.69148585120763,1.44576491393591e-7,Planktothrix,16S_ASV_393,Opisthokonta_Chytridiomycota,18S_ASV_83
16S_ASV_359,18S_ASV_238,blue,0.690735022121869,1.51036157663813e-7,Planktothrix,16S_ASV_359,Chlorophyta,18S_ASV_238
16S_ASV_62,18S_ASV_47,blue,0.689759341714423,1.59832378743854e-7,Planktothrix,16S_ASV_62,Chlorophyta,18S_ASV_47
16S_ASV_467,18S_ASV_79,blue,0.688932212878422,1.67660725265709e-7,Planktothrix,16S_ASV_467,Stramenopiles,18S_ASV_79
16S_ASV_375,18S_ASV_16,blue,0.688900700860455,1.67965916812096e-7,Planktothrix,16S_ASV_375,Stramenopiles,18S_ASV_16
16S_ASV_259,18S_ASV_238,blue,0.688758284296067,1.69351676114733e-7,Planktothrix,16S_ASV_259,Chlorophyta,18S_ASV_238
16S_ASV_143,18S_ASV_87,blue,0.688082940756787,1.76069184681534e-7,Planktothrix,16S_ASV_143,Rhizaria,18S_ASV_87
16S_ASV_319,18S_ASV_16,blue,0.688071549266964,1.76184593034343e-7,Planktothrix,16S_ASV_319,Stramenopiles,18S_ASV_16
16S_ASV_579,18S_ASV_160,blue,0.688016216106823,1.76746181998676e-7,Planktothrix,16S_ASV_579,Opisthokonta_Chytridiomycota,18S_ASV_160
16S_ASV_348,18S_ASV_16,blue,0.687992860948102,1.76983718891052e-7,Planktothrix,16S_ASV_348,Stramenopiles,18S_ASV_16
16S_ASV_273,18S_ASV_160,blue,0.687815823748716,1.78793993634231e-7,Planktothrix,16S_ASV_273,Opisthokonta_Chytridiomycota,18S_ASV_160
16S_ASV_359,18S_ASV_321,blue,0.687259390799466,1.84596652940172e-7,Planktothrix,16S_ASV_359,Opisthokonta_Chytridiomycota,18S_ASV_321
16S_ASV_330,18S_ASV_102,blue,0.687165537978242,1.85592496633209e-7,Planktothrix,16S_ASV_330,Opisthokonta_Chytridiomycota,18S_ASV_102
16S_ASV_365,18S_ASV_79,blue,0.686742870094763,1.90139614926557e-7,Planktothrix,16S_ASV_365,Stramenopiles,18S_ASV_79
16S_ASV_375,18S_ASV_79,blue,0.686706276672303,1.90538132921066e-7,Planktothrix,16S_ASV_375,Stramenopiles,18S_ASV_79
16S_ASV_416,18S_ASV_87,blue,0.68667782328498606,1.90848539865249e-7,Planktothrix,16S_ASV_416,Rhizaria,18S_ASV_87
16S_ASV_348,18S_ASV_321,blue,0.686124575962771,1.96978489549539e-7,Planktothrix,16S_ASV_348,Opisthokonta_Chytridiomycota,18S_ASV_321
16S_ASV_467,18S_ASV_321,blue,0.685921070620905,1.99279076573496e-7,Planktothrix,16S_ASV_467,Opisthokonta_Chytridiomycota,18S_ASV_321
16S_ASV_399,18S_ASV_16,blue,0.685581146856261,2.0317772688238e-7,Planktothrix,16S_ASV_399,Stramenopiles,18S_ASV_16
16S_ASV_306,18S_ASV_238,blue,0.685361357428791,2.05736214817886e-7,Planktothrix,16S_ASV_306,Chlorophyta,18S_ASV_238
16S_ASV_330,18S_ASV_160,blue,0.685302960674586,2.06421016339532e-7,Planktothrix,16S_ASV_330,Opisthokonta_Chytridiomycota,18S_ASV_160
16S_ASV_273,18S_ASV_16,blue,0.685232608506644,2.07248833983969e-7,Planktothrix,16S_ASV_273,Stramenopiles,18S_ASV_16
16S_ASV_359,18S_ASV_160,blue,0.685140492259157,2.08337418284871e-7,Planktothrix,16S_ASV_359,Opisthokonta_Chytridiomycota,18S_ASV_160
16S_ASV_341,18S_ASV_83,blue,0.685135749450452,2.08393610309097e-7,Planktothrix,16S_ASV_341,Opisthokonta_Chytridiomycota,18S_ASV_83
16S_ASV_169,18S_ASV_192,blue,0.684490452447051,2.16171940299079e-7,Planktothrix,16S_ASV_169,Stramenopiles,18S_ASV_192
16S_ASV_319,18S_ASV_734,blue,0.684406014532328,2.17209509838621e-7,Planktothrix,16S_ASV_319,Chlorophyta,18S_ASV_734
16S_ASV_475,18S_ASV_16,blue,0.684272723663117,2.18856823065687e-7,Planktothrix,16S_ASV_475,Stramenopiles,18S_ASV_16
16S_ASV_272,18S_ASV_155,blue,0.683825547298818,2.24468736497076e-7,Planktothrix,16S_ASV_272,Chlorophyta,18S_ASV_155
16S_ASV_503,18S_ASV_160,blue,0.683802101355785,2.24766639392989e-7,Planktothrix,16S_ASV_503,Opisthokonta_Chytridiomycota,18S_ASV_160
16S_ASV_244,18S_ASV_238,blue,0.683204687535132,2.32482669187156e-7,Planktothrix,16S_ASV_244,Chlorophyta,18S_ASV_238
16S_ASV_467,18S_ASV_238,blue,0.683134230922072,2.33408745123926e-7,Planktothrix,16S_ASV_467,Chlorophyta,18S_ASV_238
16S_ASV_314,18S_ASV_83,blue,0.683065348661566,2.34317446561698e-7,Planktothrix,16S_ASV_314,Opisthokonta_Chytridiomycota,18S_ASV_83
16S_ASV_815,18S_ASV_87,blue,0.682967910407453,2.35608486402329e-7,Terrimicrobium,16S_ASV_815,Rhizaria,18S_ASV_87
16S_ASV_499,18S_ASV_155,blue,0.682751771401536,2.38495960975087e-7,Planktothrix,16S_ASV_499,Chlorophyta,18S_ASV_155
16S_ASV_463,18S_ASV_734,blue,0.682524853293381,2.41562857368691e-7,Planktothrix,16S_ASV_463,Chlorophyta,18S_ASV_734
16S_ASV_395,18S_ASV_87,blue,0.682312155616887,2.44470851319089e-7,Planktothrix,16S_ASV_395,Rhizaria,18S_ASV_87
16S_ASV_595,18S_ASV_102,blue,0.682098922405084,2.47418846764894e-7,Planktothrix,16S_ASV_595,Opisthokonta_Chytridiomycota,18S_ASV_102
16S_ASV_355,18S_ASV_321,blue,0.682086278014955,2.47594693154447e-7,Planktothrix,16S_ASV_355,Opisthokonta_Chytridiomycota,18S_ASV_321
16S_ASV_399,18S_ASV_102,blue,0.682085030628267,2.47612046947804e-7,Planktothrix,16S_ASV_399,Opisthokonta_Chytridiomycota,18S_ASV_102
16S_ASV_259,18S_ASV_16,blue,0.682021963960825,2.48490914990455e-7,Planktothrix,16S_ASV_259,Stramenopiles,18S_ASV_16
16S_ASV_261,18S_ASV_16,blue,0.681280634653141,2.59041725628116e-7,Planktothrix,16S_ASV_261,Stramenopiles,18S_ASV_16
16S_ASV_269,18S_ASV_87,blue,0.681249270162886,2.59497175329048e-7,Planktothrix,16S_ASV_269,Rhizaria,18S_ASV_87
16S_ASV_365,18S_ASV_16,blue,0.681231581422977,2.5975436542131e-7,Planktothrix,16S_ASV_365,Stramenopiles,18S_ASV_16
16S_ASV_250,18S_ASV_83,blue,0.681072297602623,2.62081023936309e-7,Planktothrix,16S_ASV_250,Opisthokonta_Chytridiomycota,18S_ASV_83
16S_ASV_488,18S_ASV_83,blue,0.680851310021098,2.65341120157753e-7,Planktothrix,16S_ASV_488,Opisthokonta_Chytridiomycota,18S_ASV_83
16S_ASV_393,18S_ASV_87,blue,0.680817204311674,2.65847609724995e-7,Planktothrix,16S_ASV_393,Rhizaria,18S_ASV_87
16S_ASV_503,18S_ASV_321,blue,0.680812769511521,2.65913535139554e-7,Planktothrix,16S_ASV_503,Opisthokonta_Chytridiomycota,18S_ASV_321
16S_ASV_306,18S_ASV_16,blue,0.680745447336482,2.66916181580283e-7,Planktothrix,16S_ASV_306,Stramenopiles,18S_ASV_16
16S_ASV_261,18S_ASV_734,blue,0.680558658357992,2.69716530336725e-7,Planktothrix,16S_ASV_261,Chlorophyta,18S_ASV_734
16S_ASV_393,18S_ASV_102,blue,0.680472912848271,2.71011165166561e-7,Planktothrix,16S_ASV_393,Opisthokonta_Chytridiomycota,18S_ASV_102
16S_ASV_393,18S_ASV_734,blue,0.680464087092161,2.71144749210866e-7,Planktothrix,16S_ASV_393,Chlorophyta,18S_ASV_734
16S_ASV_467,18S_ASV_160,blue,0.680185755735379,2.75389060050746e-7,Planktothrix,16S_ASV_467,Opisthokonta_Chytridiomycota,18S_ASV_160
16S_ASV_261,18S_ASV_160,blue,0.680143771378348,2.7603462485446e-7,Planktothrix,16S_ASV_261,Opisthokonta_Chytridiomycota,18S_ASV_160
16S_ASV_499,18S_ASV_734,blue,0.680118204070433,2.76428445480714e-7,Planktothrix,16S_ASV_499,Chlorophyta,18S_ASV_734
16S_ASV_250,18S_ASV_160,blue,0.68007906277681,2.77032363110306e-7,Planktothrix,16S_ASV_250,Opisthokonta_Chytridiomycota,18S_ASV_160
16S_ASV_393,18S_ASV_16,blue,0.679817821303144,2.81094650702578e-7,Planktothrix,16S_ASV_393,Stramenopiles,18S_ASV_16
16S_ASV_365,18S_ASV_87,blue,0.679624429375762,2.84137509980051e-7,Planktothrix,16S_ASV_365,Rhizaria,18S_ASV_87
16S_ASV_306,18S_ASV_102,blue,0.679560123650774,2.85156077208628e-7,Planktothrix,16S_ASV_306,Opisthokonta_Chytridiomycota,18S_ASV_102
16S_ASV_393,18S_ASV_321,blue,0.679258793676762,2.89974396607041e-7,Planktothrix,16S_ASV_393,Opisthokonta_Chytridiomycota,18S_ASV_321
16S_ASV_244,18S_ASV_16,blue,0.678915914252408,2.9554918926727e-7,Planktothrix,16S_ASV_244,Stramenopiles,18S_ASV_16
16S_ASV_62,18S_ASV_82,blue,0.678900489341052,2.95802307586994e-7,Planktothrix,16S_ASV_62,Opisthokonta_Chytridiomycota,18S_ASV_82
16S_ASV_320,18S_ASV_87,blue,0.678879612142238,2.96145217588082e-7,Planktothrix,16S_ASV_320,Rhizaria,18S_ASV_87
16S_ASV_62,18S_ASV_123,blue,0.678803215430199,2.97403196346718e-7,Planktothrix,16S_ASV_62,Stramenopiles,18S_ASV_123
16S_ASV_579,18S_ASV_238,blue,0.678684097983305,2.99374554489089e-7,Planktothrix,16S_ASV_579,Chlorophyta,18S_ASV_238
16S_ASV_449,18S_ASV_321,blue,0.678424202069953,3.03718027957821e-7,Planktothrix,16S_ASV_449,Opisthokonta_Chytridiomycota,18S_ASV_321
16S_ASV_272,18S_ASV_216,blue,0.678278392780655,3.06180444225999e-7,Planktothrix,16S_ASV_272,Chlorophyta,18S_ASV_216
16S_ASV_443,18S_ASV_87,blue,0.678219253166903,3.07184473433604e-7,Planktothrix,16S_ASV_443,Rhizaria,18S_ASV_87
16S_ASV_371,18S_ASV_83,blue,0.67817307325211,3.07970611043241e-7,Planktothrix,16S_ASV_371,Opisthokonta_Chytridiomycota,18S_ASV_83
16S_ASV_388,18S_ASV_160,blue,0.678165200238563,3.08104822829843e-7,Planktothrix,16S_ASV_388,Opisthokonta_Chytridiomycota,18S_ASV_160
16S_ASV_815,18S_ASV_734,blue,0.678006053890527,3.10829495240629e-7,Terrimicrobium,16S_ASV_815,Chlorophyta,18S_ASV_734
16S_ASV_475,18S_ASV_321,blue,0.67785551043834,3.1342749585635e-7,Planktothrix,16S_ASV_475,Opisthokonta_Chytridiomycota,18S_ASV_321
16S_ASV_579,18S_ASV_155,blue,0.677813107096585,3.14162908480218e-7,Planktothrix,16S_ASV_579,Chlorophyta,18S_ASV_155
16S_ASV_375,18S_ASV_224,blue,0.677596722555155,3.17940784192577e-7,Planktothrix,16S_ASV_375,Stramenopiles,18S_ASV_224
16S_ASV_250,18S_ASV_87,blue,0.677558715746311,3.18608695463745e-7,Planktothrix,16S_ASV_250,Rhizaria,18S_ASV_87
16S_ASV_416,18S_ASV_160,blue,0.677342852504248,3.22426983890209e-7,Planktothrix,16S_ASV_416,Opisthokonta_Chytridiomycota,18S_ASV_160
16S_ASV_272,18S_ASV_734,blue,0.676962078554356,3.29266234722916e-7,Planktothrix,16S_ASV_272,Chlorophyta,18S_ASV_734
16S_ASV_359,18S_ASV_79,blue,0.676865677663083,3.31019012195109e-7,Planktothrix,16S_ASV_359,Stramenopiles,18S_ASV_79
16S_ASV_319,18S_ASV_83,blue,0.676647734915771,3.35013722991042e-7,Planktothrix,16S_ASV_319,Opisthokonta_Chytridiomycota,18S_ASV_83
16S_ASV_272,18S_ASV_123,blue,0.676607852197222,3.35749576000997e-7,Planktothrix,16S_ASV_272,Stramenopiles,18S_ASV_123
16S_ASV_259,18S_ASV_83,blue,0.676481248952909,3.38095431640896e-7,Planktothrix,16S_ASV_259,Opisthokonta_Chytridiomycota,18S_ASV_83
16S_ASV_467,18S_ASV_155,blue,0.676369065107706,3.40186837152746e-7,Planktothrix,16S_ASV_467,Chlorophyta,18S_ASV_155
16S_ASV_386,18S_ASV_16,blue,0.676232892907427,3.42741615315473e-7,Planktothrix,16S_ASV_386,Stramenopiles,18S_ASV_16
16S_ASV_488,18S_ASV_160,blue,0.676161074552326,3.44096202913724e-7,Planktothrix,16S_ASV_488,Opisthokonta_Chytridiomycota,18S_ASV_160
16S_ASV_348,18S_ASV_307,blue,0.675993143218566,3.47283063202496e-7,Planktothrix,16S_ASV_348,Opisthokonta_Pluriformea,18S_ASV_307
16S_ASV_386,18S_ASV_123,blue,0.675876011469589,3.49522118266337e-7,Planktothrix,16S_ASV_386,Stramenopiles,18S_ASV_123
16S_ASV_550,18S_ASV_155,blue,0.675837730181201,3.50256797768659e-7,Planktothrix,16S_ASV_550,Chlorophyta,18S_ASV_155
16S_ASV_306,18S_ASV_123,blue,0.675512407767955,3.56558473419058e-7,Planktothrix,16S_ASV_306,Stramenopiles,18S_ASV_123
16S_ASV_292,18S_ASV_79,blue,0.675438684287842,3.58001116183149e-7,Planktothrix,16S_ASV_292,Stramenopiles,18S_ASV_79
16S_ASV_341,18S_ASV_321,blue,0.67535575295089,3.59630427465162e-7,Planktothrix,16S_ASV_341,Opisthokonta_Chytridiomycota,18S_ASV_321
16S_ASV_259,18S_ASV_160,blue,0.675180141833091,3.6310336000139e-7,Planktothrix,16S_ASV_259,Opisthokonta_Chytridiomycota,18S_ASV_160
16S_ASV_526,18S_ASV_734,blue,0.675118447778363,3.64330822827876e-7,Planktothrix,16S_ASV_526,Chlorophyta,18S_ASV_734
16S_ASV_386,18S_ASV_238,blue,0.674326151297427,3.8044116321717e-7,Planktothrix,16S_ASV_386,Chlorophyta,18S_ASV_238
16S_ASV_62,18S_ASV_261,blue,0.674114760392892,3.84850112386502e-7,Planktothrix,16S_ASV_62,Chlorophyta,18S_ASV_261
16S_ASV_463,18S_ASV_155,blue,0.673884234060258,3.89712292261818e-7,Planktothrix,16S_ASV_463,Chlorophyta,18S_ASV_155
16S_ASV_250,18S_ASV_734,blue,0.673801437939652,3.91472494753288e-7,Planktothrix,16S_ASV_250,Chlorophyta,18S_ASV_734
16S_ASV_314,18S_ASV_321,blue,0.673747338459575,3.9262661138148e-7,Planktothrix,16S_ASV_314,Opisthokonta_Chytridiomycota,18S_ASV_321
16S_ASV_499,18S_ASV_83,blue,0.673734962955907,3.9289106506144e-7,Planktothrix,16S_ASV_499,Opisthokonta_Chytridiomycota,18S_ASV_83
16S_ASV_169,18S_ASV_123,blue,0.673501352954002,3.97914281123601e-7,Planktothrix,16S_ASV_169,Stramenopiles,18S_ASV_123
16S_ASV_488,18S_ASV_734,blue,0.673479209011504,3.98393518102605e-7,Planktothrix,16S_ASV_488,Chlorophyta,18S_ASV_734
16S_ASV_406,18S_ASV_734,blue,0.673377207663154,4.00607957853432e-7,Planktothrix,16S_ASV_406,Chlorophyta,18S_ASV_734
16S_ASV_365,18S_ASV_83,blue,0.673074087232844,4.07256392684535e-7,Planktothrix,16S_ASV_365,Opisthokonta_Chytridiomycota,18S_ASV_83
16S_ASV_244,18S_ASV_734,blue,0.672808760689796,4.13159924407928e-7,Planktothrix,16S_ASV_244,Chlorophyta,18S_ASV_734
16S_ASV_595,18S_ASV_734,blue,0.672740147169485,4.14699473408317e-7,Planktothrix,16S_ASV_595,Chlorophyta,18S_ASV_734
16S_ASV_375,18S_ASV_87,blue,0.672738638544183,4.14733383758308e-7,Planktothrix,16S_ASV_375,Rhizaria,18S_ASV_87
16S_ASV_526,18S_ASV_87,blue,0.672725445163233,4.1503004980834e-7,Planktothrix,16S_ASV_526,Rhizaria,18S_ASV_87
16S_ASV_348,18S_ASV_155,blue,0.672687627196248,4.15881517271004e-7,Planktothrix,16S_ASV_348,Chlorophyta,18S_ASV_155
16S_ASV_306,18S_ASV_734,blue,0.672650047065449,4.16729238265168e-7,Planktothrix,16S_ASV_306,Chlorophyta,18S_ASV_734
16S_ASV_386,18S_ASV_102,blue,0.67251828569627,4.19714176789764e-7,Planktothrix,16S_ASV_386,Opisthokonta_Chytridiomycota,18S_ASV_102
16S_ASV_348,18S_ASV_734,blue,0.672346874152302,4.2362710523318e-7,Planktothrix,16S_ASV_348,Chlorophyta,18S_ASV_734
16S_ASV_269,18S_ASV_224,blue,0.67217352391735,4.27618756120269e-7,Planktothrix,16S_ASV_269,Stramenopiles,18S_ASV_224
16S_ASV_595,18S_ASV_16,blue,0.672167551331578,4.27756904944865e-7,Planktothrix,16S_ASV_595,Stramenopiles,18S_ASV_16
16S_ASV_341,18S_ASV_160,blue,0.671776864490067,4.36884334777814e-7,Planktothrix,16S_ASV_341,Opisthokonta_Chytridiomycota,18S_ASV_160
16S_ASV_272,18S_ASV_87,blue,0.671770305657972,4.37039099266931e-7,Planktothrix,16S_ASV_272,Rhizaria,18S_ASV_87
16S_ASV_579,18S_ASV_734,blue,0.671756729475107,4.37359609536424e-7,Planktothrix,16S_ASV_579,Chlorophyta,18S_ASV_734
16S_ASV_406,18S_ASV_160,blue,0.671222367956422,4.50149895291337e-7,Planktothrix,16S_ASV_406,Opisthokonta_Chytridiomycota,18S_ASV_160
16S_ASV_330,18S_ASV_238,blue,0.67114797177183,4.51957934419149e-7,Planktothrix,16S_ASV_330,Chlorophyta,18S_ASV_238
16S_ASV_330,18S_ASV_734,blue,0.670757494473519,4.61558835295183e-7,Planktothrix,16S_ASV_330,Chlorophyta,18S_ASV_734
16S_ASV_399,18S_ASV_123,blue,0.670712798830352,4.62669801885711e-7,Planktothrix,16S_ASV_399,Stramenopiles,18S_ASV_123
16S_ASV_365,18S_ASV_224,blue,0.670679656913957,4.63495190098006e-7,Planktothrix,16S_ASV_365,Stramenopiles,18S_ASV_224
16S_ASV_259,18S_ASV_307,blue,0.670631832818316,4.64688645392132e-7,Planktothrix,16S_ASV_259,Opisthokonta_Pluriformea,18S_ASV_307
16S_ASV_365,18S_ASV_160,blue,0.670585879167588,4.65838113594835e-7,Planktothrix,16S_ASV_365,Opisthokonta_Chytridiomycota,18S_ASV_160
16S_ASV_273,18S_ASV_238,blue,0.670498308076361,4.68035904941811e-7,Planktothrix,16S_ASV_273,Chlorophyta,18S_ASV_238
16S_ASV_244,18S_ASV_224,blue,0.670366165555773,4.71370563676066e-7,Planktothrix,16S_ASV_244,Stramenopiles,18S_ASV_224
16S_ASV_386,18S_ASV_734,blue,0.67027764155347,4.73616831068395e-7,Planktothrix,16S_ASV_386,Chlorophyta,18S_ASV_734
16S_ASV_375,18S_ASV_83,blue,0.670130037976351,4.7738435765429e-7,Planktothrix,16S_ASV_375,Opisthokonta_Chytridiomycota,18S_ASV_83
16S_ASV_273,18S_ASV_734,blue,0.670071618039028,4.7888318315211e-7,Planktothrix,16S_ASV_273,Chlorophyta,18S_ASV_734
16S_ASV_261,18S_ASV_102,blue,0.670047393010163,4.79505983708428e-7,Planktothrix,16S_ASV_261,Opisthokonta_Chytridiomycota,18S_ASV_102
16S_ASV_399,18S_ASV_321,blue,0.669795605179263,4.8602390994293e-7,Planktothrix,16S_ASV_399,Opisthokonta_Chytridiomycota,18S_ASV_321
16S_ASV_355,18S_ASV_160,blue,0.66978386667622,4.86329779012702e-7,Planktothrix,16S_ASV_355,Opisthokonta_Chytridiomycota,18S_ASV_160
16S_ASV_250,18S_ASV_321,blue,0.669726163624595,4.87835944577727e-7,Planktothrix,16S_ASV_250,Opisthokonta_Chytridiomycota,18S_ASV_321
16S_ASV_815,18S_ASV_114,blue,0.669344621575234,4.979045641111e-7,Terrimicrobium,16S_ASV_815,Chlorophyta,18S_ASV_114
16S_ASV_406,18S_ASV_155,blue,0.669331032868061,4.9826669624756e-7,Planktothrix,16S_ASV_406,Chlorophyta,18S_ASV_155
16S_ASV_259,18S_ASV_734,blue,0.669290854769445,4.9933885424931e-7,Planktothrix,16S_ASV_259,Chlorophyta,18S_ASV_734
16S_ASV_244,18S_ASV_123,blue,0.669031142471068,5.06321192752309e-7,Planktothrix,16S_ASV_244,Stramenopiles,18S_ASV_123
16S_ASV_406,18S_ASV_83,blue,0.669002825254457,5.07087958462853e-7,Planktothrix,16S_ASV_406,Opisthokonta_Chytridiomycota,18S_ASV_83
16S_ASV_416,18S_ASV_238,blue,0.668876097977251,5.105326816106e-7,Planktothrix,16S_ASV_416,Chlorophyta,18S_ASV_238
16S_ASV_399,18S_ASV_238,blue,0.66886252266474,5.10902974619152e-7,Planktothrix,16S_ASV_399,Chlorophyta,18S_ASV_238
16S_ASV_269,18S_ASV_160,blue,0.668773056093708,5.13349597636467e-7,Planktothrix,16S_ASV_269,Opisthokonta_Chytridiomycota,18S_ASV_160
16S_ASV_416,18S_ASV_398,blue,0.668745234981477,5.14112631739096e-7,Planktothrix,16S_ASV_416,Stramenopiles,18S_ASV_398
16S_ASV_568,18S_ASV_87,blue,0.668465216901414,5.21851430623324e-7,Planktothrix,16S_ASV_568,Rhizaria,18S_ASV_87
16S_ASV_579,18S_ASV_83,blue,0.668431992016557,5.22776807814126e-7,Planktothrix,16S_ASV_579,Opisthokonta_Chytridiomycota,18S_ASV_83
16S_ASV_269,18S_ASV_83,blue,0.668365483456706,5.24633781888395e-7,Planktothrix,16S_ASV_269,Opisthokonta_Chytridiomycota,18S_ASV_83
16S_ASV_474,18S_ASV_155,blue,0.668295727396938,5.26588012203996e-7,Planktothrix,16S_ASV_474,Chlorophyta,18S_ASV_155
16S_ASV_499,18S_ASV_321,blue,0.66818579819402,5.29681433348867e-7,Planktothrix,16S_ASV_499,Opisthokonta_Chytridiomycota,18S_ASV_321
16S_ASV_371,18S_ASV_321,blue,0.668020861877187,5.343544438814e-7,Planktothrix,16S_ASV_371,Opisthokonta_Chytridiomycota,18S_ASV_321
16S_ASV_416,18S_ASV_102,blue,0.667470349278905,5.50230410667455e-7,Planktothrix,16S_ASV_416,Opisthokonta_Chytridiomycota,18S_ASV_102
16S_ASV_272,18S_ASV_160,blue,0.667460968330702,5.50504701315406e-7,Planktothrix,16S_ASV_272,Opisthokonta_Chytridiomycota,18S_ASV_160
16S_ASV_443,18S_ASV_398,blue,0.667429603039709,5.51422717378423e-7,Planktothrix,16S_ASV_443,Stramenopiles,18S_ASV_398
16S_ASV_488,18S_ASV_155,blue,0.666905324290694,5.66979702805975e-7,Planktothrix,16S_ASV_488,Chlorophyta,18S_ASV_155
16S_ASV_306,18S_ASV_83,blue,0.666875737956397,5.67869659602658e-7,Planktothrix,16S_ASV_306,Opisthokonta_Chytridiomycota,18S_ASV_83
16S_ASV_341,18S_ASV_155,blue,0.666643924227101,5.74887661542731e-7,Planktothrix,16S_ASV_341,Chlorophyta,18S_ASV_155
16S_ASV_320,18S_ASV_123,blue,0.666633128787454,5.75216441079011e-7,Planktothrix,16S_ASV_320,Stramenopiles,18S_ASV_123
16S_ASV_393,18S_ASV_123,blue,0.666516454170515,5.78780976203104e-7,Planktothrix,16S_ASV_393,Stramenopiles,18S_ASV_123
16S_ASV_393,18S_ASV_307,blue,0.666483908737217,5.79778927800981e-7,Planktothrix,16S_ASV_393,Opisthokonta_Pluriformea,18S_ASV_307
16S_ASV_503,18S_ASV_155,blue,0.666434104748335,5.81309179093575e-7,Planktothrix,16S_ASV_503,Chlorophyta,18S_ASV_155
16S_ASV_143,18S_ASV_734,blue,0.666410926085297,5.82022633074201e-7,Planktothrix,16S_ASV_143,Chlorophyta,18S_ASV_734
16S_ASV_320,18S_ASV_160,blue,0.666114622181519,5.91215000889896e-7,Planktothrix,16S_ASV_320,Opisthokonta_Chytridiomycota,18S_ASV_160
16S_ASV_62,18S_ASV_192,blue,0.665657382873446,6.05665087604293e-7,Planktothrix,16S_ASV_62,Stramenopiles,18S_ASV_192
16S_ASV_815,18S_ASV_216,blue,0.66560789617255,6.07248527882651e-7,Terrimicrobium,16S_ASV_815,Chlorophyta,18S_ASV_216
16S_ASV_579,18S_ASV_321,blue,0.665435333694312,6.12800188292337e-7,Planktothrix,16S_ASV_579,Opisthokonta_Chytridiomycota,18S_ASV_321
16S_ASV_355,18S_ASV_155,blue,0.665418063178647,6.13358400536595e-7,Planktothrix,16S_ASV_355,Chlorophyta,18S_ASV_155
16S_ASV_595,18S_ASV_155,blue,0.665246038233908,6.18944374394225e-7,Planktothrix,16S_ASV_595,Chlorophyta,18S_ASV_155
16S_ASV_475,18S_ASV_734,blue,0.66515215725904,6.22012757735216e-7,Planktothrix,16S_ASV_475,Chlorophyta,18S_ASV_734
16S_ASV_355,18S_ASV_734,blue,0.665025482113052,6.26175371703932e-7,Planktothrix,16S_ASV_355,Chlorophyta,18S_ASV_734
16S_ASV_244,18S_ASV_160,blue,0.664528755926735,6.42748951790704e-7,Planktothrix,16S_ASV_244,Opisthokonta_Chytridiomycota,18S_ASV_160
16S_ASV_319,18S_ASV_160,blue,0.664500940634979,6.43688963425213e-7,Planktothrix,16S_ASV_319,Opisthokonta_Chytridiomycota,18S_ASV_160
16S_ASV_463,18S_ASV_160,blue,0.664336379507396,6.49276439336169e-7,Planktothrix,16S_ASV_463,Opisthokonta_Chytridiomycota,18S_ASV_160
16S_ASV_320,18S_ASV_734,blue,0.664207127064109,6.53696594618421e-7,Planktothrix,16S_ASV_320,Chlorophyta,18S_ASV_734
16S_ASV_143,18S_ASV_123,blue,0.664016614856775,6.60262669898196e-7,Planktothrix,16S_ASV_143,Stramenopiles,18S_ASV_123
16S_ASV_306,18S_ASV_321,blue,0.663789772254626,6.68160744712851e-7,Planktothrix,16S_ASV_306,Opisthokonta_Chytridiomycota,18S_ASV_321
16S_ASV_463,18S_ASV_83,blue,0.663649250329746,6.73097264718424e-7,Planktothrix,16S_ASV_463,Opisthokonta_Chytridiomycota,18S_ASV_83
16S_ASV_319,18S_ASV_155,blue,0.663588247523681,6.75250810234584e-7,Planktothrix,16S_ASV_319,Chlorophyta,18S_ASV_155
16S_ASV_416,18S_ASV_16,blue,0.663574884080254,6.75723425305012e-7,Planktothrix,16S_ASV_416,Stramenopiles,18S_ASV_16
16S_ASV_250,18S_ASV_123,blue,0.663132330521883,6.9154950489418e-7,Planktothrix,16S_ASV_250,Stramenopiles,18S_ASV_123
16S_ASV_143,18S_ASV_160,blue,0.662983823472604,6.969368901683e-7,Planktothrix,16S_ASV_143,Opisthokonta_Chytridiomycota,18S_ASV_160
16S_ASV_399,18S_ASV_83,blue,0.662949304634585,6.98194697493924e-7,Planktothrix,16S_ASV_399,Opisthokonta_Chytridiomycota,18S_ASV_83
16S_ASV_499,18S_ASV_307,blue,0.662938491936672,6.9858912695753e-7,Planktothrix,16S_ASV_499,Opisthokonta_Pluriformea,18S_ASV_307
16S_ASV_259,18S_ASV_321,blue,0.662500451066519,7.14743193044786e-7,Planktothrix,16S_ASV_259,Opisthokonta_Chytridiomycota,18S_ASV_321
16S_ASV_386,18S_ASV_83,blue,0.662259974597285,7.23758251950727e-7,Planktothrix,16S_ASV_386,Opisthokonta_Chytridiomycota,18S_ASV_83
16S_ASV_449,18S_ASV_155,blue,0.662167206445524,7.27264101772464e-7,Planktothrix,16S_ASV_449,Chlorophyta,18S_ASV_155
16S_ASV_330,18S_ASV_123,blue,0.66206615514119,7.31100919757283e-7,Planktothrix,16S_ASV_330,Stramenopiles,18S_ASV_123
16S_ASV_371,18S_ASV_160,blue,0.661953943497681,7.35383498348672e-7,Planktothrix,16S_ASV_371,Opisthokonta_Chytridiomycota,18S_ASV_160
16S_ASV_341,18S_ASV_734,blue,0.661785709853938,7.41847814092669e-7,Planktothrix,16S_ASV_341,Chlorophyta,18S_ASV_734
16S_ASV_261,18S_ASV_123,blue,0.661615059515678,7.4845884869908e-7,Planktothrix,16S_ASV_261,Stramenopiles,18S_ASV_123
16S_ASV_261,18S_ASV_83,blue,0.661607601526198,7.48749016422337e-7,Planktothrix,16S_ASV_261,Opisthokonta_Chytridiomycota,18S_ASV_83
16S_ASV_330,18S_ASV_18,blue,0.660762076409145,7.82331278805682e-7,Planktothrix,16S_ASV_330,Chlorophyta,18S_ASV_18
16S_ASV_272,18S_ASV_238,blue,0.660741224298862,7.83176868191299e-7,Planktothrix,16S_ASV_272,Chlorophyta,18S_ASV_238
16S_ASV_143,18S_ASV_321,blue,0.660510917322381,7.92572812075857e-7,Planktothrix,16S_ASV_143,Opisthokonta_Chytridiomycota,18S_ASV_321
16S_ASV_62,18S_ASV_155,blue,0.660478761545534,7.93892978718929e-7,Planktothrix,16S_ASV_62,Chlorophyta,18S_ASV_155
16S_ASV_503,18S_ASV_307,blue,0.660405717081385,7.96899431922678e-7,Planktothrix,16S_ASV_503,Opisthokonta_Pluriformea,18S_ASV_307
16S_ASV_579,18S_ASV_307,blue,0.659954033397121,8.157263263702e-7,Planktothrix,16S_ASV_579,Opisthokonta_Pluriformea,18S_ASV_307
16S_ASV_62,18S_ASV_734,blue,0.659892221186003,8.18334629091966e-7,Planktothrix,16S_ASV_62,Chlorophyta,18S_ASV_734
16S_ASV_259,18S_ASV_155,blue,0.659780109634714,8.23085183573652e-7,Planktothrix,16S_ASV_259,Chlorophyta,18S_ASV_155
16S_ASV_488,18S_ASV_321,blue,0.659466135614147,8.36525896979346e-7,Planktothrix,16S_ASV_488,Opisthokonta_Chytridiomycota,18S_ASV_321
16S_ASV_273,18S_ASV_123,blue,0.659425654174224,8.38273587408702e-7,Planktothrix,16S_ASV_273,Stramenopiles,18S_ASV_123
16S_ASV_169,18S_ASV_16,blue,0.659248945177978,8.45942331270682e-7,Planktothrix,16S_ASV_169,Stramenopiles,18S_ASV_16
16S_ASV_143,18S_ASV_155,blue,0.659081613589901,8.53264081271715e-7,Planktothrix,16S_ASV_143,Chlorophyta,18S_ASV_155
16S_ASV_474,18S_ASV_192,blue,0.659081582474871,8.53265448190371e-7,Planktothrix,16S_ASV_474,Stramenopiles,18S_ASV_192
16S_ASV_449,18S_ASV_160,blue,0.659024724160524,8.55766695935898e-7,Planktothrix,16S_ASV_449,Opisthokonta_Chytridiomycota,18S_ASV_160
16S_ASV_330,18S_ASV_16,blue,0.658638639428889,8.72931689785864e-7,Planktothrix,16S_ASV_330,Stramenopiles,18S_ASV_16
16S_ASV_449,18S_ASV_734,blue,0.658612085505879,8.74123917257507e-7,Planktothrix,16S_ASV_449,Chlorophyta,18S_ASV_734
16S_ASV_272,18S_ASV_83,blue,0.658118010245177,8.96584536956396e-7,Planktothrix,16S_ASV_272,Opisthokonta_Chytridiomycota,18S_ASV_83
16S_ASV_475,18S_ASV_102,blue,0.657943578273852,9.04641259735848e-7,Planktothrix,16S_ASV_475,Opisthokonta_Chytridiomycota,18S_ASV_102
16S_ASV_416,18S_ASV_734,blue,0.657256194904357,9.37048740591663e-7,Planktothrix,16S_ASV_416,Chlorophyta,18S_ASV_734
16S_ASV_463,18S_ASV_321,blue,0.657176700543588,9.40865281421401e-7,Planktothrix,16S_ASV_463,Opisthokonta_Chytridiomycota,18S_ASV_321
16S_ASV_443,18S_ASV_734,blue,0.656965160502872,9.51091722005699e-7,Planktothrix,16S_ASV_443,Chlorophyta,18S_ASV_734
16S_ASV_261,18S_ASV_321,blue,0.65651210501307,9.73341547641231e-7,Planktothrix,16S_ASV_261,Opisthokonta_Chytridiomycota,18S_ASV_321
16S_ASV_388,18S_ASV_155,blue,0.656294647811476,9.84191616428478e-7,Planktothrix,16S_ASV_388,Chlorophyta,18S_ASV_155
16S_ASV_169,18S_ASV_238,blue,0.656147179712085,9.91613286481358e-7,Planktothrix,16S_ASV_169,Chlorophyta,18S_ASV_238
16S_ASV_503,18S_ASV_734,blue,0.655771121086727,1.01077493079255e-6,Planktothrix,16S_ASV_503,Chlorophyta,18S_ASV_734
16S_ASV_292,18S_ASV_16,blue,0.655679155209438,1.01551292430686e-6,Planktothrix,16S_ASV_292,Stramenopiles,18S_ASV_16
16S_ASV_499,18S_ASV_216,blue,0.655088041534654,1.0464616352578e-6,Planktothrix,16S_ASV_499,Chlorophyta,18S_ASV_216
16S_ASV_244,18S_ASV_321,blue,0.655051787810788,1.04838793706625e-6,Planktothrix,16S_ASV_244,Opisthokonta_Chytridiomycota,18S_ASV_321
16S_ASV_244,18S_ASV_155,blue,0.655046901193323,1.04864783347351e-6,Planktothrix,16S_ASV_244,Chlorophyta,18S_ASV_155
16S_ASV_371,18S_ASV_155,blue,0.65499918257081,1.05118890715023e-6,Planktothrix,16S_ASV_371,Chlorophyta,18S_ASV_155
16S_ASV_375,18S_ASV_160,blue,0.654976446134672,1.05240165712143e-6,Planktothrix,16S_ASV_375,Opisthokonta_Chytridiomycota,18S_ASV_160
16S_ASV_526,18S_ASV_123,blue,0.654752716275796,1.06440469435328e-6,Planktothrix,16S_ASV_526,Stramenopiles,18S_ASV_123
16S_ASV_314,18S_ASV_104,blue,0.654731258713056,1.06556253300552e-6,Planktothrix,16S_ASV_314,Stramenopiles,18S_ASV_104
16S_ASV_319,18S_ASV_321,blue,0.654690260563854,1.06777801975025e-6,Planktothrix,16S_ASV_319,Opisthokonta_Chytridiomycota,18S_ASV_321
16S_ASV_62,18S_ASV_454,blue,0.654136741980834,1.09811064814377e-6,Planktothrix,16S_ASV_62,Rhizaria,18S_ASV_454
16S_ASV_386,18S_ASV_321,blue,0.654115985100061,1.09926351086939e-6,Planktothrix,16S_ASV_386,Opisthokonta_Chytridiomycota,18S_ASV_321
16S_ASV_292,18S_ASV_238,blue,0.653757572305173,1.11934805276882e-6,Planktothrix,16S_ASV_292,Chlorophyta,18S_ASV_238
16S_ASV_330,18S_ASV_398,blue,0.653676855544715,1.123917909526e-6,Planktothrix,16S_ASV_330,Stramenopiles,18S_ASV_398
16S_ASV_371,18S_ASV_734,blue,0.65361522337799,1.12741891462645e-6,Planktothrix,16S_ASV_371,Chlorophyta,18S_ASV_734
16S_ASV_595,18S_ASV_87,blue,0.653347705411041,1.14273275196762e-6,Planktothrix,16S_ASV_595,Rhizaria,18S_ASV_87
16S_ASV_250,18S_ASV_102,blue,0.653105407435835,1.15676911676044e-6,Planktothrix,16S_ASV_250,Opisthokonta_Chytridiomycota,18S_ASV_102
16S_ASV_359,18S_ASV_87,blue,0.652849537602886,1.17176511479773e-6,Planktothrix,16S_ASV_359,Rhizaria,18S_ASV_87
16S_ASV_550,18S_ASV_238,blue,0.652698073697317,1.18072681709424e-6,Planktothrix,16S_ASV_550,Chlorophyta,18S_ASV_238
16S_ASV_320,18S_ASV_155,blue,0.652377178670793,1.19992360642349e-6,Planktothrix,16S_ASV_320,Chlorophyta,18S_ASV_155
16S_ASV_143,18S_ASV_224,blue,0.652105269528206,1.21641596778383e-6,Planktothrix,16S_ASV_143,Stramenopiles,18S_ASV_224
16S_ASV_269,18S_ASV_155,blue,0.651768212052843,1.23715150487195e-6,Planktothrix,16S_ASV_269,Chlorophyta,18S_ASV_155
16S_ASV_406,18S_ASV_321,blue,0.651743557321003,1.23868103367846e-6,Planktothrix,16S_ASV_406,Opisthokonta_Chytridiomycota,18S_ASV_321
16S_ASV_399,18S_ASV_734,blue,0.651561788427765,1.25001181974875e-6,Planktothrix,16S_ASV_399,Chlorophyta,18S_ASV_734
16S_ASV_314,18S_ASV_123,blue,0.651546333998445,1.25097960869535e-6,Planktothrix,16S_ASV_314,Stramenopiles,18S_ASV_123
16S_ASV_272,18S_ASV_224,blue,0.651499307618812,1.25392877368796e-6,Planktothrix,16S_ASV_272,Stramenopiles,18S_ASV_224
16S_ASV_314,18S_ASV_734,blue,0.651297875778981,1.26663423932754e-6,Planktothrix,16S_ASV_314,Chlorophyta,18S_ASV_734
16S_ASV_269,18S_ASV_734,blue,0.651196694802151,1.27306123354201e-6,Planktothrix,16S_ASV_269,Chlorophyta,18S_ASV_734
16S_ASV_416,18S_ASV_83,blue,0.651195383845484,1.27314470323714e-6,Planktothrix,16S_ASV_416,Opisthokonta_Chytridiomycota,18S_ASV_83
16S_ASV_474,18S_ASV_216,blue,0.650964755350566,1.28790821283199e-6,Planktothrix,16S_ASV_474,Chlorophyta,18S_ASV_216
16S_ASV_526,18S_ASV_398,blue,0.650792372463568,1.29904662934652e-6,Planktothrix,16S_ASV_526,Stramenopiles,18S_ASV_398
16S_ASV_526,18S_ASV_238,blue,0.650757257462426,1.30132648203616e-6,Planktothrix,16S_ASV_526,Chlorophyta,18S_ASV_238
16S_ASV_416,18S_ASV_123,blue,0.64964595231583,1.37542344173392e-6,Planktothrix,16S_ASV_416,Stramenopiles,18S_ASV_123
16S_ASV_463,18S_ASV_87,blue,0.649605016115922,1.37822612113623e-6,Planktothrix,16S_ASV_463,Rhizaria,18S_ASV_87
16S_ASV_314,18S_ASV_102,blue,0.649403027100546,1.3921328602112e-6,Planktothrix,16S_ASV_314,Opisthokonta_Chytridiomycota,18S_ASV_102
16S_ASV_550,18S_ASV_192,blue,0.6493542280733,1.3955120698333e-6,Planktothrix,16S_ASV_550,Stramenopiles,18S_ASV_192
16S_ASV_386,18S_ASV_398,blue,0.649060758186868,1.41599495221354e-6,Planktothrix,16S_ASV_386,Stramenopiles,18S_ASV_398
16S_ASV_386,18S_ASV_18,blue,0.649023226123538,1.41863452046799e-6,Planktothrix,16S_ASV_386,Chlorophyta,18S_ASV_18
16S_ASV_550,18S_ASV_734,blue,0.649012597892845,1.41938281438568e-6,Planktothrix,16S_ASV_550,Chlorophyta,18S_ASV_734
16S_ASV_348,18S_ASV_102,blue,0.648774490375371,1.43624325861488e-6,Planktothrix,16S_ASV_348,Opisthokonta_Chytridiomycota,18S_ASV_102
16S_ASV_399,18S_ASV_18,blue,0.648696755891476,1.44178771083789e-6,Planktothrix,16S_ASV_399,Chlorophyta,18S_ASV_18
16S_ASV_273,18S_ASV_398,blue,0.64838998048403,1.46386276747476e-6,Planktothrix,16S_ASV_273,Stramenopiles,18S_ASV_398
16S_ASV_499,18S_ASV_192,blue,0.648365574649365,1.46563235104958e-6,Planktothrix,16S_ASV_499,Stramenopiles,18S_ASV_192
16S_ASV_261,18S_ASV_398,blue,0.648323964772161,1.46865391175111e-6,Planktothrix,16S_ASV_261,Stramenopiles,18S_ASV_398
16S_ASV_348,18S_ASV_123,blue,0.648170390968297,1.47985592559121e-6,Planktothrix,16S_ASV_348,Stramenopiles,18S_ASV_123
16S_ASV_595,18S_ASV_123,blue,0.647878245860934,1.50138447491776e-6,Planktothrix,16S_ASV_595,Stramenopiles,18S_ASV_123
16S_ASV_348,18S_ASV_216,blue,0.647839567283629,1.50425639995632e-6,Planktothrix,16S_ASV_348,Chlorophyta,18S_ASV_216
16S_ASV_306,18S_ASV_18,blue,0.647557300387629,1.52536961985354e-6,Planktothrix,16S_ASV_306,Chlorophyta,18S_ASV_18
16S_ASV_330,18S_ASV_83,blue,0.647531339068277,1.52732521769064e-6,Planktothrix,16S_ASV_330,Opisthokonta_Chytridiomycota,18S_ASV_83
16S_ASV_341,18S_ASV_87,blue,0.647454623603848,1.5331175727387e-6,Planktothrix,16S_ASV_341,Rhizaria,18S_ASV_87
16S_ASV_474,18S_ASV_321,blue,0.64733598027859,1.54211575235471e-6,Planktothrix,16S_ASV_474,Opisthokonta_Chytridiomycota,18S_ASV_321
16S_ASV_320,18S_ASV_321,blue,0.647221754373038,1.55082510874571e-6,Planktothrix,16S_ASV_320,Opisthokonta_Chytridiomycota,18S_ASV_321
16S_ASV_292,18S_ASV_307,blue,0.647178077604958,1.55416734720176e-6,Planktothrix,16S_ASV_292,Opisthokonta_Pluriformea,18S_ASV_307
16S_ASV_550,18S_ASV_216,blue,0.647022224717694,1.56614800237311e-6,Planktothrix,16S_ASV_550,Chlorophyta,18S_ASV_216
16S_ASV_319,18S_ASV_307,blue,0.646857238718525,1.57892391496009e-6,Planktothrix,16S_ASV_319,Opisthokonta_Pluriformea,18S_ASV_307
16S_ASV_475,18S_ASV_207,blue,0.646778658277689,1.58504277701345e-6,Planktothrix,16S_ASV_475,Stramenopiles,18S_ASV_207
16S_ASV_815,18S_ASV_261,blue,0.646773703334899,1.58542934122719e-6,Terrimicrobium,16S_ASV_815,Chlorophyta,18S_ASV_261
16S_ASV_355,18S_ASV_307,blue,0.646729814465443,1.58885718454319e-6,Planktothrix,16S_ASV_355,Opisthokonta_Pluriformea,18S_ASV_307
16S_ASV_355,18S_ASV_87,blue,0.646646045811491,1.59541881460919e-6,Planktothrix,16S_ASV_355,Rhizaria,18S_ASV_87
16S_ASV_499,18S_ASV_87,blue,0.646637804246754,1.59606573389911e-6,Planktothrix,16S_ASV_499,Rhizaria,18S_ASV_87
16S_ASV_815,18S_ASV_47,blue,0.646459895013853,1.61009004451625e-6,Terrimicrobium,16S_ASV_815,Chlorophyta,18S_ASV_47
16S_ASV_292,18S_ASV_155,blue,0.646114365538057,1.63765427506091e-6,Planktothrix,16S_ASV_292,Chlorophyta,18S_ASV_155
16S_ASV_314,18S_ASV_155,blue,0.645931063744935,1.65245378694484e-6,Planktothrix,16S_ASV_314,Chlorophyta,18S_ASV_155
16S_ASV_272,18S_ASV_31,blue,0.645864706208479,1.65784186422997e-6,Planktothrix,16S_ASV_272,Chlorophyta,18S_ASV_31
16S_ASV_568,18S_ASV_192,blue,0.64559587590639,1.67983718244089e-6,Planktothrix,16S_ASV_568,Stramenopiles,18S_ASV_192
16S_ASV_595,18S_ASV_307,blue,0.6455533597308,1.68334044692831e-6,Planktothrix,16S_ASV_595,Opisthokonta_Pluriformea,18S_ASV_307
16S_ASV_314,18S_ASV_160,blue,0.64547065450738506,1.69017461596303e-6,Planktothrix,16S_ASV_314,Opisthokonta_Chytridiomycota,18S_ASV_160
16S_ASV_359,18S_ASV_123,blue,0.645340022894995,1.7010214466533e-6,Planktothrix,16S_ASV_359,Stramenopiles,18S_ASV_123
16S_ASV_595,18S_ASV_160,blue,0.645094483756267,1.72158414686642e-6,Planktothrix,16S_ASV_595,Opisthokonta_Chytridiomycota,18S_ASV_160
16S_ASV_449,18S_ASV_87,blue,0.644913548598379,1.73688363408372e-6,Planktothrix,16S_ASV_449,Rhizaria,18S_ASV_87
16S_ASV_365,18S_ASV_123,blue,0.64483267158413,1.74376305747213e-6,Planktothrix,16S_ASV_365,Stramenopiles,18S_ASV_123
16S_ASV_499,18S_ASV_123,blue,0.644476070702681,1.77439760782492e-6,Planktothrix,16S_ASV_499,Stramenopiles,18S_ASV_123
16S_ASV_595,18S_ASV_207,blue,0.64440125994543,1.7808872991698e-6,Planktothrix,16S_ASV_595,Stramenopiles,18S_ASV_207
16S_ASV_475,18S_ASV_155,blue,0.644366964946131,1.78386966661207e-6,Planktothrix,16S_ASV_475,Chlorophyta,18S_ASV_155
16S_ASV_579,18S_ASV_87,blue,0.644248921432653,1.79417037848319e-6,Planktothrix,16S_ASV_579,Rhizaria,18S_ASV_87
16S_ASV_261,18S_ASV_18,blue,0.644095435740634,1.80764621630193e-6,Planktothrix,16S_ASV_261,Chlorophyta,18S_ASV_18
16S_ASV_579,18S_ASV_216,blue,0.643987243993688,1.81720155684166e-6,Planktothrix,16S_ASV_579,Chlorophyta,18S_ASV_216
16S_ASV_406,18S_ASV_87,blue,0.643932953630044,1.82201400712381e-6,Planktothrix,16S_ASV_406,Rhizaria,18S_ASV_87
16S_ASV_269,18S_ASV_123,blue,0.643769371946099,1.8365857874938e-6,Planktothrix,16S_ASV_269,Stramenopiles,18S_ASV_123
16S_ASV_815,18S_ASV_11,blue,0.643660031583928,1.84638586391147e-6,Terrimicrobium,16S_ASV_815,Cryptophyta,18S_ASV_11
16S_ASV_388,18S_ASV_192,blue,0.643582470380065,1.85336693405921e-6,Planktothrix,16S_ASV_388,Stramenopiles,18S_ASV_192
16S_ASV_341,18S_ASV_123,blue,0.643466306969678,1.86386820478999e-6,Planktothrix,16S_ASV_341,Stramenopiles,18S_ASV_123
16S_ASV_330,18S_ASV_321,blue,0.643111024570292,1.89632893162766e-6,Planktothrix,16S_ASV_330,Opisthokonta_Chytridiomycota,18S_ASV_321
16S_ASV_474,18S_ASV_83,blue,0.643070311001225,1.90008200583048e-6,Planktothrix,16S_ASV_474,Opisthokonta_Chytridiomycota,18S_ASV_83
16S_ASV_348,18S_ASV_87,blue,0.642965156106484,1.90980727718266e-6,Planktothrix,16S_ASV_348,Rhizaria,18S_ASV_87
16S_ASV_449,18S_ASV_123,blue,0.64287673367339,1.91802069009614e-6,Planktothrix,16S_ASV_449,Stramenopiles,18S_ASV_123
16S_ASV_815,18S_ASV_82,blue,0.642718900845176,1.93276285468199e-6,Terrimicrobium,16S_ASV_815,Opisthokonta_Chytridiomycota,18S_ASV_82
16S_ASV_169,18S_ASV_224,blue,0.642309713354072,1.97147238762023e-6,Planktothrix,16S_ASV_169,Stramenopiles,18S_ASV_224
16S_ASV_815,18S_ASV_328,blue,0.642299285490715,1.97246818656813e-6,Terrimicrobium,16S_ASV_815,Stramenopiles,18S_ASV_328
16S_ASV_314,18S_ASV_11,blue,0.642091228686685,1.99243395768997e-6,Planktothrix,16S_ASV_314,Cryptophyta,18S_ASV_11
16S_ASV_474,18S_ASV_238,blue,0.642058848241547,1.99555805546538e-6,Planktothrix,16S_ASV_474,Chlorophyta,18S_ASV_238
16S_ASV_314,18S_ASV_398,blue,0.641937982980442,2.00725935289244e-6,Planktothrix,16S_ASV_314,Stramenopiles,18S_ASV_398
16S_ASV_579,18S_ASV_192,blue,0.641832910621693,2.01748326919703e-6,Planktothrix,16S_ASV_579,Stramenopiles,18S_ASV_192
16S_ASV_320,18S_ASV_31,blue,0.641822064375534,2.01854138795264e-6,Planktothrix,16S_ASV_320,Chlorophyta,18S_ASV_31
16S_ASV_359,18S_ASV_398,blue,0.641516745017726,2.04853879310567e-6,Planktothrix,16S_ASV_359,Stramenopiles,18S_ASV_398
16S_ASV_371,18S_ASV_87,blue,0.641266030573209,2.07347926863209e-6,Planktothrix,16S_ASV_371,Rhizaria,18S_ASV_87
16S_ASV_475,18S_ASV_160,blue,0.641168469021286,2.08326019359138e-6,Planktothrix,16S_ASV_475,Opisthokonta_Chytridiomycota,18S_ASV_160
16S_ASV_526,18S_ASV_216,blue,0.641100322529213,2.09011745733653e-6,Planktothrix,16S_ASV_526,Chlorophyta,18S_ASV_216
16S_ASV_330,18S_ASV_431,blue,0.641006362161829,2.09960651502798e-6,Planktothrix,16S_ASV_330,Chlorophyta,18S_ASV_431
16S_ASV_568,18S_ASV_734,blue,0.640749227142927,2.12577883069245e-6,Planktothrix,16S_ASV_568,Chlorophyta,18S_ASV_734
16S_ASV_273,18S_ASV_102,blue,0.640663316428362,2.13459026993001e-6,Planktothrix,16S_ASV_273,Opisthokonta_Chytridiomycota,18S_ASV_102
16S_ASV_355,18S_ASV_123,blue,0.640424333480239,2.15927969273982e-6,Planktothrix,16S_ASV_355,Stramenopiles,18S_ASV_123
16S_ASV_393,18S_ASV_216,blue,0.640209793731013,2.18166872917755e-6,Planktothrix,16S_ASV_393,Chlorophyta,18S_ASV_216
16S_ASV_169,18S_ASV_734,blue,0.640175521059967,2.18526520947285e-6,Planktothrix,16S_ASV_169,Chlorophyta,18S_ASV_734
16S_ASV_475,18S_ASV_307,blue,0.64012920455161,2.19013425507932e-6,Planktothrix,16S_ASV_475,Opisthokonta_Pluriformea,18S_ASV_307
16S_ASV_371,18S_ASV_307,blue,0.640124255219148,2.19065514938799e-6,Planktothrix,16S_ASV_371,Opisthokonta_Pluriformea,18S_ASV_307
16S_ASV_503,18S_ASV_216,blue,0.64004270053526,2.19925492831691e-6,Planktothrix,16S_ASV_503,Chlorophyta,18S_ASV_216
16S_ASV_550,18S_ASV_83,blue,0.63951001728269,2.25619826776568e-6,Planktothrix,16S_ASV_550,Opisthokonta_Chytridiomycota,18S_ASV_83
16S_ASV_388,18S_ASV_238,blue,0.639451290958179,2.2625588567511e-6,Planktothrix,16S_ASV_388,Chlorophyta,18S_ASV_238
16S_ASV_568,18S_ASV_216,blue,0.639419178363661,2.26604395273809e-6,Planktothrix,16S_ASV_568,Chlorophyta,18S_ASV_216
16S_ASV_393,18S_ASV_18,blue,0.639243699784063,2.2851760811402e-6,Planktothrix,16S_ASV_393,Chlorophyta,18S_ASV_18
16S_ASV_503,18S_ASV_87,blue,0.639224800175263,2.28724556446894e-6,Planktothrix,16S_ASV_503,Rhizaria,18S_ASV_87
16S_ASV_273,18S_ASV_83,blue,0.63916327070094,2.29399498336126e-6,Planktothrix,16S_ASV_273,Opisthokonta_Chytridiomycota,18S_ASV_83
16S_ASV_467,18S_ASV_207,blue,0.639036374836411,2.30797294241569e-6,Planktothrix,16S_ASV_467,Stramenopiles,18S_ASV_207
16S_ASV_306,18S_ASV_398,blue,0.638859744068823,2.32756056981007e-6,Planktothrix,16S_ASV_306,Stramenopiles,18S_ASV_398
16S_ASV_550,18S_ASV_87,blue,0.638816893359957,2.33233566493044e-6,Planktothrix,16S_ASV_550,Rhizaria,18S_ASV_87
16S_ASV_550,18S_ASV_321,blue,0.638396184603487,2.37970134732222e-6,Planktothrix,16S_ASV_550,Opisthokonta_Chytridiomycota,18S_ASV_321
16S_ASV_365,18S_ASV_155,blue,0.638259264393177,2.3953074944313e-6,Planktothrix,16S_ASV_365,Chlorophyta,18S_ASV_155
16S_ASV_386,18S_ASV_31,blue,0.638144575277035,2.40845256115323e-6,Planktothrix,16S_ASV_386,Chlorophyta,18S_ASV_31
16S_ASV_371,18S_ASV_192,blue,0.638100251082255,2.41355062472587e-6,Planktothrix,16S_ASV_371,Stramenopiles,18S_ASV_192
16S_ASV_443,18S_ASV_123,blue,0.638088617730823,2.41489031817746e-6,Planktothrix,16S_ASV_443,Stramenopiles,18S_ASV_123
16S_ASV_399,18S_ASV_398,blue,0.637946837634702,2.43127305315899e-6,Planktothrix,16S_ASV_399,Stramenopiles,18S_ASV_398
16S_ASV_348,18S_ASV_192,blue,0.637930962010976,2.43311387354365e-6,Planktothrix,16S_ASV_348,Stramenopiles,18S_ASV_192
16S_ASV_319,18S_ASV_87,blue,0.637814782635956,2.44662447365621e-6,Planktothrix,16S_ASV_319,Rhizaria,18S_ASV_87
16S_ASV_320,18S_ASV_224,blue,0.637807826011711,2.44743566365586e-6,Planktothrix,16S_ASV_320,Stramenopiles,18S_ASV_224
16S_ASV_341,18S_ASV_192,blue,0.637788516804954,2.44968855326759e-6,Planktothrix,16S_ASV_341,Stramenopiles,18S_ASV_192
16S_ASV_503,18S_ASV_192,blue,0.63760915530147,2.47070731354776e-6,Planktothrix,16S_ASV_503,Stramenopiles,18S_ASV_192
16S_ASV_386,18S_ASV_307,blue,0.637606256208877,2.47104841424158e-6,Planktothrix,16S_ASV_386,Opisthokonta_Pluriformea,18S_ASV_307
16S_ASV_273,18S_ASV_321,blue,0.637012091265538,2.54188324336902e-6,Planktothrix,16S_ASV_273,Opisthokonta_Chytridiomycota,18S_ASV_321
16S_ASV_475,18S_ASV_123,blue,0.63681613818704,2.56565305252004e-6,Planktothrix,16S_ASV_475,Stramenopiles,18S_ASV_123
16S_ASV_467,18S_ASV_87,blue,0.636731854406466,2.57594007272766e-6,Planktothrix,16S_ASV_467,Rhizaria,18S_ASV_87
16S_ASV_259,18S_ASV_87,blue,0.636684037008573,2.58179323963416e-6,Planktothrix,16S_ASV_259,Rhizaria,18S_ASV_87
16S_ASV_526,18S_ASV_83,blue,0.63657285661862,2.59545004317354e-6,Planktothrix,16S_ASV_526,Opisthokonta_Chytridiomycota,18S_ASV_83
16S_ASV_443,18S_ASV_238,blue,0.636328726779641,2.62567240947116e-6,Planktothrix,16S_ASV_443,Chlorophyta,18S_ASV_238
16S_ASV_488,18S_ASV_307,blue,0.636300568392926,2.62917917087276e-6,Planktothrix,16S_ASV_488,Opisthokonta_Pluriformea,18S_ASV_307
16S_ASV_474,18S_ASV_734,blue,0.636267827245697,2.63326210200913e-6,Planktothrix,16S_ASV_474,Chlorophyta,18S_ASV_734
16S_ASV_488,18S_ASV_87,blue,0.636165587316547,2.64604954341763e-6,Planktothrix,16S_ASV_488,Rhizaria,18S_ASV_87
16S_ASV_568,18S_ASV_123,blue,0.636071703774228,2.65784238667617e-6,Planktothrix,16S_ASV_568,Stramenopiles,18S_ASV_123
16S_ASV_474,18S_ASV_87,blue,0.635667049114377,2.70923003574087e-6,Planktothrix,16S_ASV_474,Rhizaria,18S_ASV_87
16S_ASV_259,18S_ASV_192,blue,0.635663855534619,2.70963922238085e-6,Planktothrix,16S_ASV_259,Stramenopiles,18S_ASV_192
16S_ASV_306,18S_ASV_307,blue,0.635613524560888,2.71609557693234e-6,Planktothrix,16S_ASV_306,Opisthokonta_Pluriformea,18S_ASV_307
16S_ASV_815,18S_ASV_283,blue,0.635541932592063,2.7253037621226e-6,Terrimicrobium,16S_ASV_815,Stramenopiles,18S_ASV_283
16S_ASV_62,18S_ASV_216,blue,0.635222925278755,2.76668660129622e-6,Planktothrix,16S_ASV_62,Chlorophyta,18S_ASV_216
16S_ASV_526,18S_ASV_192,blue,0.635209713866349,2.76841290173692e-6,Planktothrix,16S_ASV_526,Stramenopiles,18S_ASV_192
16S_ASV_272,18S_ASV_18,blue,0.635170773127579,2.77350698202555e-6,Planktothrix,16S_ASV_272,Chlorophyta,18S_ASV_18
16S_ASV_406,18S_ASV_307,blue,0.634993777231639,2.7967703398359e-6,Planktothrix,16S_ASV_406,Opisthokonta_Pluriformea,18S_ASV_307
16S_ASV_395,18S_ASV_734,blue,0.634981406529052,2.79840300356825e-6,Planktothrix,16S_ASV_395,Chlorophyta,18S_ASV_734
16S_ASV_259,18S_ASV_216,blue,0.634764660554655,2.82715214140984e-6,Planktothrix,16S_ASV_259,Chlorophyta,18S_ASV_216
16S_ASV_395,18S_ASV_216,blue,0.634737346210786,2.83079442326129e-6,Planktothrix,16S_ASV_395,Chlorophyta,18S_ASV_216
16S_ASV_388,18S_ASV_216,blue,0.634729660921326,2.83182001433179e-6,Planktothrix,16S_ASV_388,Chlorophyta,18S_ASV_216
16S_ASV_475,18S_ASV_87,blue,0.63460624023762,2.84833746647804e-6,Planktothrix,16S_ASV_475,Rhizaria,18S_ASV_87
16S_ASV_330,18S_ASV_85,blue,0.634600926006516,2.84905066916302e-6,Planktothrix,16S_ASV_330,Opisthokonta_Chytridiomycota,18S_ASV_85
16S_ASV_359,18S_ASV_216,blue,0.63458250312396,2.85152441262805e-6,Planktothrix,16S_ASV_359,Chlorophyta,18S_ASV_216
16S_ASV_169,18S_ASV_207,blue,0.634562459817395,2.85421799515355e-6,Planktothrix,16S_ASV_169,Stramenopiles,18S_ASV_207
16S_ASV_526,18S_ASV_31,blue,0.634544125903956,2.85668391560441e-6,Planktothrix,16S_ASV_526,Chlorophyta,18S_ASV_31
16S_ASV_1147,18S_ASV_431,blue,0.634533640538685,2.85809508775902e-6,NA,16S_ASV_1147,Chlorophyta,18S_ASV_431
16S_ASV_550,18S_ASV_398,blue,0.634403562211943,2.87565535260354e-6,Planktothrix,16S_ASV_550,Stramenopiles,18S_ASV_398
16S_ASV_355,18S_ASV_192,blue,0.634132406652496,2.91258188599311e-6,Planktothrix,16S_ASV_355,Stramenopiles,18S_ASV_192
16S_ASV_388,18S_ASV_83,blue,0.634040216409381,2.9252360822422e-6,Planktothrix,16S_ASV_388,Opisthokonta_Chytridiomycota,18S_ASV_83
16S_ASV_375,18S_ASV_734,blue,0.634001072913703,2.93062434552718e-6,Planktothrix,16S_ASV_375,Chlorophyta,18S_ASV_734
16S_ASV_388,18S_ASV_398,blue,0.633699406301523,2.97245889983275e-6,Planktothrix,16S_ASV_388,Stramenopiles,18S_ASV_398
16S_ASV_503,18S_ASV_123,blue,0.633534297780125,2.9955889528006e-6,Planktothrix,16S_ASV_503,Stramenopiles,18S_ASV_123
16S_ASV_250,18S_ASV_307,blue,0.633488431810678,3.00204378518315e-6,Planktothrix,16S_ASV_250,Opisthokonta_Pluriformea,18S_ASV_307
16S_ASV_386,18S_ASV_431,blue,0.633469820556305,3.00466665903595e-6,Planktothrix,16S_ASV_386,Chlorophyta,18S_ASV_431
16S_ASV_416,18S_ASV_307,blue,0.633397894933179,3.0148230250252e-6,Planktothrix,16S_ASV_416,Opisthokonta_Pluriformea,18S_ASV_307
16S_ASV_395,18S_ASV_18,blue,0.63337520685532,3.01803330801256e-6,Planktothrix,16S_ASV_395,Chlorophyta,18S_ASV_18
16S_ASV_474,18S_ASV_307,blue,0.633202266769624,3.04260777363894e-6,Planktothrix,16S_ASV_474,Opisthokonta_Pluriformea,18S_ASV_307
16S_ASV_393,18S_ASV_398,blue,0.633118102948591,3.0546340956725e-6,Planktothrix,16S_ASV_393,Stramenopiles,18S_ASV_398
16S_ASV_365,18S_ASV_734,blue,0.632934982340588,3.08095250903314e-6,Planktothrix,16S_ASV_365,Chlorophyta,18S_ASV_734
16S_ASV_269,18S_ASV_238,blue,0.632560880505458,3.13537184992449e-6,Planktothrix,16S_ASV_269,Chlorophyta,18S_ASV_238
16S_ASV_526,18S_ASV_321,blue,0.632286677878146,3.17582199273422e-6,Planktothrix,16S_ASV_526,Opisthokonta_Chytridiomycota,18S_ASV_321
16S_ASV_375,18S_ASV_155,blue,0.632107325952652,3.20254020039188e-6,Planktothrix,16S_ASV_375,Chlorophyta,18S_ASV_155
16S_ASV_399,18S_ASV_307,blue,0.632038766779645,3.21280829363995e-6,Planktothrix,16S_ASV_399,Opisthokonta_Pluriformea,18S_ASV_307
16S_ASV_815,18S_ASV_431,blue,0.632008137865812,3.21740540643281e-6,Terrimicrobium,16S_ASV_815,Chlorophyta,18S_ASV_431
16S_ASV_449,18S_ASV_207,blue,0.631852488660896,3.24086099062646e-6,Planktothrix,16S_ASV_449,Stramenopiles,18S_ASV_207
16S_ASV_244,18S_ASV_18,blue,0.631845803045606,3.24187201182399e-6,Planktothrix,16S_ASV_244,Chlorophyta,18S_ASV_18
16S_ASV_568,18S_ASV_321,blue,0.63183636790651,3.24329932125154e-6,Planktothrix,16S_ASV_568,Opisthokonta_Chytridiomycota,18S_ASV_321
16S_ASV_314,18S_ASV_207,blue,0.631628870008605,3.27483597944361e-6,Planktothrix,16S_ASV_314,Stramenopiles,18S_ASV_207
16S_ASV_526,18S_ASV_431,blue,0.631498144639182,3.29484960226979e-6,Planktothrix,16S_ASV_526,Chlorophyta,18S_ASV_431
16S_ASV_503,18S_ASV_102,blue,0.631459556486383,3.30077889406075e-6,Planktothrix,16S_ASV_503,Opisthokonta_Chytridiomycota,18S_ASV_102
16S_ASV_406,18S_ASV_398,blue,0.631289511239712,3.32702498957518e-6,Planktothrix,16S_ASV_406,Stramenopiles,18S_ASV_398
16S_ASV_314,18S_ASV_216,blue,0.631281894208725,3.32820516192977e-6,Planktothrix,16S_ASV_314,Chlorophyta,18S_ASV_216
16S_ASV_467,18S_ASV_216,blue,0.63126287973354,3.33115292729835e-6,Planktothrix,16S_ASV_467,Chlorophyta,18S_ASV_216
16S_ASV_568,18S_ASV_307,blue,0.631240061751403,3.33469352569511e-6,Planktothrix,16S_ASV_568,Opisthokonta_Pluriformea,18S_ASV_307
16S_ASV_416,18S_ASV_18,blue,0.631212188026043,3.33902332783583e-6,Planktothrix,16S_ASV_416,Chlorophyta,18S_ASV_18
16S_ASV_1147,18S_ASV_87,blue,0.63116207790507,3.34682031871698e-6,NA,16S_ASV_1147,Rhizaria,18S_ASV_87
16S_ASV_568,18S_ASV_83,blue,0.63115046087093,3.34863029681413e-6,Planktothrix,16S_ASV_568,Opisthokonta_Chytridiomycota,18S_ASV_83
16S_ASV_292,18S_ASV_123,blue,0.63105852193514,3.36298667464131e-6,Planktothrix,16S_ASV_292,Stramenopiles,18S_ASV_123
16S_ASV_244,18S_ASV_307,blue,0.630855706143194,3.39485797982873e-6,Planktothrix,16S_ASV_244,Opisthokonta_Pluriformea,18S_ASV_307
16S_ASV_406,18S_ASV_123,blue,0.630677347555667,3.42311641121424e-6,Planktothrix,16S_ASV_406,Stramenopiles,18S_ASV_123
16S_ASV_341,18S_ASV_307,blue,0.630443062771409,3.46056589432145e-6,Planktothrix,16S_ASV_341,Opisthokonta_Pluriformea,18S_ASV_307
16S_ASV_467,18S_ASV_123,blue,0.630426831124451,3.46317442994555e-6,Planktothrix,16S_ASV_467,Stramenopiles,18S_ASV_123
16S_ASV_273,18S_ASV_18,blue,0.630346337597597,3.47613715313757e-6,Planktothrix,16S_ASV_273,Chlorophyta,18S_ASV_18
16S_ASV_395,18S_ASV_123,blue,0.630255387789097,3.49083770360203e-6,Planktothrix,16S_ASV_395,Stramenopiles,18S_ASV_123
16S_ASV_355,18S_ASV_102,blue,0.629716340275505,3.5791517068475e-6,Planktothrix,16S_ASV_355,Opisthokonta_Chytridiomycota,18S_ASV_102
16S_ASV_393,18S_ASV_192,blue,0.629633596522311,3.59288922480768e-6,Planktothrix,16S_ASV_393,Stramenopiles,18S_ASV_192
16S_ASV_463,18S_ASV_123,blue,0.629244311487433,3.65817640745633e-6,Planktothrix,16S_ASV_463,Stramenopiles,18S_ASV_123
16S_ASV_169,18S_ASV_216,blue,0.62883542959647,3.7279290875927e-6,Planktothrix,16S_ASV_169,Chlorophyta,18S_ASV_216
16S_ASV_568,18S_ASV_398,blue,0.62845344591652,3.79420124660676e-6,Planktothrix,16S_ASV_568,Stramenopiles,18S_ASV_398
16S_ASV_388,18S_ASV_734,blue,0.628410964647721,3.8016383857968e-6,Planktothrix,16S_ASV_388,Chlorophyta,18S_ASV_734
16S_ASV_416,18S_ASV_321,blue,0.628354497255883,3.8115449046467e-6,Planktothrix,16S_ASV_416,Opisthokonta_Chytridiomycota,18S_ASV_321
16S_ASV_395,18S_ASV_192,blue,0.628323336834597,3.81702182790399e-6,Planktothrix,16S_ASV_395,Stramenopiles,18S_ASV_192
16S_ASV_355,18S_ASV_207,blue,0.628279123260215,3.82480552036143e-6,Planktothrix,16S_ASV_355,Stramenopiles,18S_ASV_207
16S_ASV_261,18S_ASV_307,blue,0.62819440335560806,3.8397612345772e-6,Planktothrix,16S_ASV_261,Opisthokonta_Pluriformea,18S_ASV_307
16S_ASV_463,18S_ASV_307,blue,0.62819394777541,3.83984180456429e-6,Planktothrix,16S_ASV_463,Opisthokonta_Pluriformea,18S_ASV_307
16S_ASV_169,18S_ASV_18,blue,0.628086659698698,3.85885939847806e-6,Planktothrix,16S_ASV_169,Chlorophyta,18S_ASV_18
16S_ASV_306,18S_ASV_31,blue,0.627775362854458,3.914532613416e-6,Planktothrix,16S_ASV_306,Chlorophyta,18S_ASV_31
16S_ASV_371,18S_ASV_123,blue,0.627438880419587,3.97554384093892e-6,Planktothrix,16S_ASV_371,Stramenopiles,18S_ASV_123
16S_ASV_62,18S_ASV_224,blue,0.627433392788872,3.97654610103909e-6,Planktothrix,16S_ASV_62,Stramenopiles,18S_ASV_224
16S_ASV_330,18S_ASV_307,blue,0.627403599798418,3.98199156286058e-6,Planktothrix,16S_ASV_330,Opisthokonta_Pluriformea,18S_ASV_307
16S_ASV_488,18S_ASV_123,blue,0.627381462896764,3.9860421298818e-6,Planktothrix,16S_ASV_488,Stramenopiles,18S_ASV_123
16S_ASV_365,18S_ASV_31,blue,0.627179282282078,4.02321324517253e-6,Planktothrix,16S_ASV_365,Chlorophyta,18S_ASV_31
16S_ASV_526,18S_ASV_18,blue,0.627168923889932,4.02512624023373e-6,Planktothrix,16S_ASV_526,Chlorophyta,18S_ASV_18
16S_ASV_388,18S_ASV_87,blue,0.627016120415949,4.05344387453779e-6,Planktothrix,16S_ASV_388,Rhizaria,18S_ASV_87
16S_ASV_259,18S_ASV_102,blue,0.626896066840542,4.07582122318751e-6,Planktothrix,16S_ASV_259,Opisthokonta_Chytridiomycota,18S_ASV_102
16S_ASV_449,18S_ASV_307,blue,0.626791556024654,4.09539431921433e-6,Planktothrix,16S_ASV_449,Opisthokonta_Pluriformea,18S_ASV_307
16S_ASV_399,18S_ASV_192,blue,0.626033763456177,4.23993371612764e-6,Planktothrix,16S_ASV_399,Stramenopiles,18S_ASV_192
16S_ASV_488,18S_ASV_192,blue,0.625825414691236,4.28049121152788e-6,Planktothrix,16S_ASV_488,Stramenopiles,18S_ASV_192
16S_ASV_503,18S_ASV_207,blue,0.625777944696376,4.28978176383985e-6,Planktothrix,16S_ASV_503,Stramenopiles,18S_ASV_207
16S_ASV_355,18S_ASV_216,blue,0.625641448605562,4.3165998350757e-6,Planktothrix,16S_ASV_355,Chlorophyta,18S_ASV_216
16S_ASV_375,18S_ASV_123,blue,0.625529847634855,4.33864157818974e-6,Planktothrix,16S_ASV_375,Stramenopiles,18S_ASV_123
16S_ASV_406,18S_ASV_192,blue,0.62550053004972,4.34444915792494e-6,Planktothrix,16S_ASV_406,Stramenopiles,18S_ASV_192
16S_ASV_169,18S_ASV_31,blue,0.625249737131803,4.39442337663493e-6,Planktothrix,16S_ASV_169,Chlorophyta,18S_ASV_31
16S_ASV_443,18S_ASV_192,blue,0.625240640168612,4.39624601777513e-6,Planktothrix,16S_ASV_443,Stramenopiles,18S_ASV_192
16S_ASV_449,18S_ASV_102,blue,0.625104293341111,4.42364783828084e-6,Planktothrix,16S_ASV_449,Opisthokonta_Chytridiomycota,18S_ASV_102
16S_ASV_330,18S_ASV_98,blue,0.624986588834937,4.44742982201144e-6,Planktothrix,16S_ASV_330,Chlorophyta,18S_ASV_98
16S_ASV_488,18S_ASV_216,blue,0.624937160374167,4.45745190295372e-6,Planktothrix,16S_ASV_488,Chlorophyta,18S_ASV_216
16S_ASV_341,18S_ASV_216,blue,0.624918125443199,4.46131697060466e-6,Planktothrix,16S_ASV_341,Chlorophyta,18S_ASV_216
16S_ASV_463,18S_ASV_192,blue,0.624763372512949,4.49285478587284e-6,Planktothrix,16S_ASV_463,Stramenopiles,18S_ASV_192
16S_ASV_169,18S_ASV_102,blue,0.624756396304548,4.49428133652433e-6,Planktothrix,16S_ASV_169,Opisthokonta_Chytridiomycota,18S_ASV_102
16S_ASV_250,18S_ASV_192,blue,0.624709001080683,4.50398416640455e-6,Planktothrix,16S_ASV_250,Stramenopiles,18S_ASV_192
16S_ASV_550,18S_ASV_307,blue,0.624564654923855,4.53365422768463e-6,Planktothrix,16S_ASV_550,Opisthokonta_Pluriformea,18S_ASV_307
16S_ASV_568,18S_ASV_238,blue,0.623799528669434,4.69396013283741e-6,Planktothrix,16S_ASV_568,Chlorophyta,18S_ASV_238
16S_ASV_365,18S_ASV_216,blue,0.623665516414336,4.72257051086255e-6,Planktothrix,16S_ASV_365,Chlorophyta,18S_ASV_216
16S_ASV_319,18S_ASV_123,blue,0.62348234497248,4.76193634027102e-6,Planktothrix,16S_ASV_319,Stramenopiles,18S_ASV_123
16S_ASV_244,18S_ASV_31,blue,0.623453077363582,4.76825430723154e-6,Planktothrix,16S_ASV_244,Chlorophyta,18S_ASV_31
16S_ASV_348,18S_ASV_207,blue,0.623435591336268,4.77203268840782e-6,Planktothrix,16S_ASV_348,Stramenopiles,18S_ASV_207
16S_ASV_273,18S_ASV_307,blue,0.623320696919018,4.79692789525479e-6,Planktothrix,16S_ASV_273,Opisthokonta_Pluriformea,18S_ASV_307
16S_ASV_143,18S_ASV_307,blue,0.623143026576831,4.83566144669105e-6,Planktothrix,16S_ASV_143,Opisthokonta_Pluriformea,18S_ASV_307
16S_ASV_292,18S_ASV_216,blue,0.622940717580625,4.88011782321845e-6,Planktothrix,16S_ASV_292,Chlorophyta,18S_ASV_216
16S_ASV_250,18S_ASV_207,blue,0.622836329539067,4.90320381828819e-6,Planktothrix,16S_ASV_250,Stramenopiles,18S_ASV_207
16S_ASV_388,18S_ASV_321,blue,0.622823851909766,4.90597004939061e-6,Planktothrix,16S_ASV_388,Opisthokonta_Chytridiomycota,18S_ASV_321
16S_ASV_62,18S_ASV_31,blue,0.622753273016558,4.9216441902624e-6,Planktothrix,16S_ASV_62,Chlorophyta,18S_ASV_31
16S_ASV_467,18S_ASV_102,blue,0.622638837599368,4.94715622916648e-6,Planktothrix,16S_ASV_467,Opisthokonta_Chytridiomycota,18S_ASV_102
16S_ASV_306,18S_ASV_431,blue,0.622437173003052,4.99241227523791e-6,Planktothrix,16S_ASV_306,Chlorophyta,18S_ASV_431
16S_ASV_386,18S_ASV_216,blue,0.622338775576632,5.01463229997295e-6,Planktothrix,16S_ASV_386,Chlorophyta,18S_ASV_216
16S_ASV_406,18S_ASV_216,blue,0.622326875892392,5.0173256542145e-6,Planktothrix,16S_ASV_406,Chlorophyta,18S_ASV_216
16S_ASV_292,18S_ASV_87,blue,0.622238588993517,5.0373500962786e-6,Planktothrix,16S_ASV_292,Rhizaria,18S_ASV_87
16S_ASV_579,18S_ASV_123,blue,0.622212608047519,5.04325689190788e-6,Planktothrix,16S_ASV_579,Stramenopiles,18S_ASV_123
16S_ASV_499,18S_ASV_398,blue,0.621969423315961,5.09885595532687e-6,Planktothrix,16S_ASV_499,Stramenopiles,18S_ASV_398
16S_ASV_269,18S_ASV_31,blue,0.621843626364926,5.12783824486884e-6,Planktothrix,16S_ASV_269,Chlorophyta,18S_ASV_31
16S_ASV_371,18S_ASV_216,blue,0.621664094442058,5.16946386975121e-6,Planktothrix,16S_ASV_371,Chlorophyta,18S_ASV_216
16S_ASV_399,18S_ASV_216,blue,0.621644231544711,5.17408831646004e-6,Planktothrix,16S_ASV_399,Chlorophyta,18S_ASV_216
16S_ASV_550,18S_ASV_123,blue,0.621469044095584,5.21504079672777e-6,Planktothrix,16S_ASV_550,Stramenopiles,18S_ASV_123
16S_ASV_526,18S_ASV_307,blue,0.621286679784416,5.25798853687626e-6,Planktothrix,16S_ASV_526,Opisthokonta_Pluriformea,18S_ASV_307
16S_ASV_467,18S_ASV_307,blue,0.62090369752316,5.34924726772209e-6,Planktothrix,16S_ASV_467,Opisthokonta_Pluriformea,18S_ASV_307
16S_ASV_259,18S_ASV_123,blue,0.620768282103046,5.38186282963236e-6,Planktothrix,16S_ASV_259,Stramenopiles,18S_ASV_123
16S_ASV_320,18S_ASV_307,blue,0.62032643934363,5.48956354220948e-6,Planktothrix,16S_ASV_320,Opisthokonta_Pluriformea,18S_ASV_307
16S_ASV_359,18S_ASV_734,blue,0.620124373123705,5.5394774997819e-6,Planktothrix,16S_ASV_359,Chlorophyta,18S_ASV_734
16S_ASV_273,18S_ASV_31,blue,0.620088400185423,5.5484072392894e-6,Planktothrix,16S_ASV_273,Chlorophyta,18S_ASV_31
16S_ASV_359,18S_ASV_102,blue,0.619949016683008,5.58313265723787e-6,Planktothrix,16S_ASV_359,Opisthokonta_Chytridiomycota,18S_ASV_102
16S_ASV_449,18S_ASV_192,blue,0.61988416054315,5.59935889783112e-6,Planktothrix,16S_ASV_449,Stramenopiles,18S_ASV_192
16S_ASV_143,18S_ASV_31,blue,0.619864020879133,5.60440644945022e-6,Planktothrix,16S_ASV_143,Chlorophyta,18S_ASV_31
16S_ASV_416,18S_ASV_31,blue,0.619485941893484,5.69994592793557e-6,Planktothrix,16S_ASV_416,Chlorophyta,18S_ASV_31
16S_ASV_273,18S_ASV_431,blue,0.619227157703301,5.76620364305884e-6,Planktothrix,16S_ASV_273,Chlorophyta,18S_ASV_431
16S_ASV_62,18S_ASV_18,blue,0.619213471174318,5.76972757105722e-6,Planktothrix,16S_ASV_62,Chlorophyta,18S_ASV_18
16S_ASV_306,18S_ASV_192,blue,0.618947299973863,5.8386560060584e-6,Planktothrix,16S_ASV_306,Stramenopiles,18S_ASV_192
16S_ASV_62,18S_ASV_16,blue,0.61893149847537,5.84277179365461e-6,Planktothrix,16S_ASV_62,Stramenopiles,18S_ASV_16
16S_ASV_273,18S_ASV_192,blue,0.618927874398124,5.84371612766392e-6,Planktothrix,16S_ASV_273,Stramenopiles,18S_ASV_192
16S_ASV_395,18S_ASV_307,blue,0.618583285074834,5.93415238010917e-6,Planktothrix,16S_ASV_395,Opisthokonta_Pluriformea,18S_ASV_307
16S_ASV_62,18S_ASV_207,blue,0.618169834895318,6.04436396064307e-6,Planktothrix,16S_ASV_62,Stramenopiles,18S_ASV_207
16S_ASV_386,18S_ASV_192,blue,0.61806996640602,6.07126702121496e-6,Planktothrix,16S_ASV_386,Stramenopiles,18S_ASV_192
16S_ASV_306,18S_ASV_216,blue,0.617816976191818,6.13991376109592e-6,Planktothrix,16S_ASV_306,Chlorophyta,18S_ASV_216
16S_ASV_815,18S_ASV_79,blue,0.617695594539072,6.17310310765664e-6,Terrimicrobium,16S_ASV_815,Stramenopiles,18S_ASV_79
16S_ASV_395,18S_ASV_83,blue,0.617360646952919,6.2655478385584e-6,Planktothrix,16S_ASV_395,Opisthokonta_Chytridiomycota,18S_ASV_83
16S_ASV_250,18S_ASV_31,blue,0.617212676343939,6.30679252270184e-6,Planktothrix,16S_ASV_250,Chlorophyta,18S_ASV_31
16S_ASV_443,18S_ASV_431,blue,0.617180571708132,6.3157742181016304e-06,Planktothrix,16S_ASV_443,Chlorophyta,18S_ASV_431
16S_ASV_443,18S_ASV_216,blue,0.616959018003829,6.37807907452245e-6,Planktothrix,16S_ASV_443,Chlorophyta,18S_ASV_216
16S_ASV_319,18S_ASV_102,blue,0.616906360204835,6.3929705087293e-6,Planktothrix,16S_ASV_319,Opisthokonta_Chytridiomycota,18S_ASV_102
16S_ASV_359,18S_ASV_192,blue,0.61681596637221,6.41860833159102e-6,Planktothrix,16S_ASV_359,Stramenopiles,18S_ASV_192
16S_ASV_393,18S_ASV_207,blue,0.61677117220258,6.43134811391885e-6,Planktothrix,16S_ASV_393,Stramenopiles,18S_ASV_207
16S_ASV_341,18S_ASV_207,blue,0.616718267805766,6.44642453129821e-6,Planktothrix,16S_ASV_341,Stramenopiles,18S_ASV_207
16S_ASV_269,18S_ASV_216,blue,0.616557920074839,6.49231888218025e-6,Planktothrix,16S_ASV_269,Chlorophyta,18S_ASV_216
16S_ASV_443,18S_ASV_31,blue,0.616543507144313,6.49645883919159e-6,Planktothrix,16S_ASV_443,Chlorophyta,18S_ASV_31
16S_ASV_467,18S_ASV_734,blue,0.616521712679952,6.50272368471962e-6,Planktothrix,16S_ASV_467,Chlorophyta,18S_ASV_734
16S_ASV_359,18S_ASV_207,blue,0.615994254658193,6.65605145118547e-6,Planktothrix,16S_ASV_359,Stramenopiles,18S_ASV_207
16S_ASV_319,18S_ASV_192,blue,0.615955513569205,6.66744353682401e-6,Planktothrix,16S_ASV_319,Stramenopiles,18S_ASV_192
16S_ASV_319,18S_ASV_216,blue,0.615873836454812,6.69152018180775e-6,Planktothrix,16S_ASV_319,Chlorophyta,18S_ASV_216
16S_ASV_393,18S_ASV_31,blue,0.615849977556905,6.69856838036357e-6,Planktothrix,16S_ASV_393,Chlorophyta,18S_ASV_31
16S_ASV_62,18S_ASV_238,blue,0.615766000060062,6.72343079626933e-6,Planktothrix,16S_ASV_62,Chlorophyta,18S_ASV_238
16S_ASV_388,18S_ASV_307,blue,0.615737911554399,6.73176565996048e-6,Planktothrix,16S_ASV_388,Opisthokonta_Pluriformea,18S_ASV_307
16S_ASV_395,18S_ASV_321,blue,0.615700837331091,6.74278149168932e-6,Planktothrix,16S_ASV_395,Opisthokonta_Chytridiomycota,18S_ASV_321
16S_ASV_467,18S_ASV_192,blue,0.615579759525472,6.77887310073022e-6,Planktothrix,16S_ASV_467,Stramenopiles,18S_ASV_192
16S_ASV_463,18S_ASV_216,blue,0.615522521879997,6.79599676798998e-6,Planktothrix,16S_ASV_463,Chlorophyta,18S_ASV_216
16S_ASV_320,18S_ASV_398,blue,0.615396637885652,6.83379760284399e-6,Planktothrix,16S_ASV_320,Stramenopiles,18S_ASV_398
16S_ASV_269,18S_ASV_18,blue,0.615377115380978,6.83967721122558e-6,Planktothrix,16S_ASV_269,Chlorophyta,18S_ASV_18
16S_ASV_244,18S_ASV_216,blue,0.615253468937522,6.87702434225101e-6,Planktothrix,16S_ASV_244,Chlorophyta,18S_ASV_216
16S_ASV_365,18S_ASV_398,blue,0.614971498743922,6.9628970559226e-6,Planktothrix,16S_ASV_365,Stramenopiles,18S_ASV_398
16S_ASV_143,18S_ASV_216,blue,0.614745166308682,7.03253948372872e-6,Planktothrix,16S_ASV_143,Chlorophyta,18S_ASV_216
16S_ASV_375,18S_ASV_18,blue,0.614741629886718,7.03363271633859e-6,Planktothrix,16S_ASV_375,Chlorophyta,18S_ASV_18
16S_ASV_319,18S_ASV_398,blue,0.614673951355927,7.05458474335026e-6,Planktothrix,16S_ASV_319,Stramenopiles,18S_ASV_398
16S_ASV_143,18S_ASV_18,blue,0.614506358431706,7.10671629183324e-6,Planktothrix,16S_ASV_143,Chlorophyta,18S_ASV_18
16S_ASV_365,18S_ASV_238,blue,0.61428754663273,7.17531448920591e-6,Planktothrix,16S_ASV_365,Chlorophyta,18S_ASV_238
16S_ASV_330,18S_ASV_31,blue,0.614228040225776,7.19407520669394e-6,Planktothrix,16S_ASV_330,Chlorophyta,18S_ASV_31
16S_ASV_320,18S_ASV_216,blue,0.614200412711037,7.20280075354434e-6,Planktothrix,16S_ASV_320,Chlorophyta,18S_ASV_216
16S_ASV_474,18S_ASV_123,blue,0.614182730519814,7.20839040541789e-6,Planktothrix,16S_ASV_474,Stramenopiles,18S_ASV_123
16S_ASV_463,18S_ASV_398,blue,0.614143430558206,7.22082813581019e-6,Planktothrix,16S_ASV_463,Stramenopiles,18S_ASV_398
16S_ASV_292,18S_ASV_192,blue,0.61413006461589,7.22506272142122e-6,Planktothrix,16S_ASV_292,Stramenopiles,18S_ASV_192
16S_ASV_443,18S_ASV_18,blue,0.614069741701798,7.24420266221164e-6,Planktothrix,16S_ASV_443,Chlorophyta,18S_ASV_18
16S_ASV_815,18S_ASV_18,blue,0.613796191120757,7.33158577968144e-6,Terrimicrobium,16S_ASV_815,Chlorophyta,18S_ASV_18
16S_ASV_386,18S_ASV_85,blue,0.61376599730052706,7.34129020366878e-6,Planktothrix,16S_ASV_386,Opisthokonta_Chytridiomycota,18S_ASV_85
16S_ASV_1357,18S_ASV_79,blue,0.613632443085246,7.38435726055981e-6,Sphaerotilus,16S_ASV_1357,Stramenopiles,18S_ASV_79
16S_ASV_399,18S_ASV_31,blue,0.613587050159051,7.39904799629941e-6,Planktothrix,16S_ASV_399,Chlorophyta,18S_ASV_31
16S_ASV_359,18S_ASV_307,blue,0.613552502912579,7.41024673654556e-6,Planktothrix,16S_ASV_359,Opisthokonta_Pluriformea,18S_ASV_307
16S_ASV_395,18S_ASV_238,blue,0.613321777237464,7.48543957844017e-6,Planktothrix,16S_ASV_395,Chlorophyta,18S_ASV_238
16S_ASV_269,18S_ASV_321,blue,0.612842065360157,7.64403214325872e-6,Planktothrix,16S_ASV_269,Opisthokonta_Chytridiomycota,18S_ASV_321
16S_ASV_250,18S_ASV_216,blue,0.612388620321088,7.79678183808178e-6,Planktothrix,16S_ASV_250,Chlorophyta,18S_ASV_216
16S_ASV_272,18S_ASV_279,blue,0.612358362293278,7.80707413081328e-6,Planktothrix,16S_ASV_272,Rhizaria,18S_ASV_279
16S_ASV_595,18S_ASV_11,blue,0.611463925573783,8.11703145525373e-6,Planktothrix,16S_ASV_595,Cryptophyta,18S_ASV_11
16S_ASV_449,18S_ASV_216,blue,0.611408347237585,8.13666067651929e-6,Planktothrix,16S_ASV_449,Chlorophyta,18S_ASV_216
16S_ASV_272,18S_ASV_307,blue,0.611405423242065,8.13769458652024e-6,Planktothrix,16S_ASV_272,Opisthokonta_Pluriformea,18S_ASV_307
16S_ASV_467,18S_ASV_398,blue,0.611002359140371,8.28137990443438e-6,Planktothrix,16S_ASV_467,Stramenopiles,18S_ASV_398
16S_ASV_261,18S_ASV_31,blue,0.610777717900099,8.36247122795015e-6,Planktothrix,16S_ASV_261,Chlorophyta,18S_ASV_31
16S_ASV_1147,18S_ASV_119,blue,0.610624624044904,8.41815368569637e-6,NA,16S_ASV_1147,Stramenopiles,18S_ASV_119
16S_ASV_365,18S_ASV_307,blue,0.610476138150941,8.47248623550071e-6,Planktothrix,16S_ASV_365,Opisthokonta_Pluriformea,18S_ASV_307
16S_ASV_399,18S_ASV_431,blue,0.610344645791626,8.52087015536698e-6,Planktothrix,16S_ASV_399,Chlorophyta,18S_ASV_431
16S_ASV_169,18S_ASV_398,blue,0.610057792583102,8.62730510987603e-6,Planktothrix,16S_ASV_169,Stramenopiles,18S_ASV_398
16S_ASV_371,18S_ASV_207,blue,0.609983432458762,8.65509508289953e-6,Planktothrix,16S_ASV_371,Stramenopiles,18S_ASV_207
16S_ASV_365,18S_ASV_18,blue,0.609916173745964,8.68030209513918e-6,Planktothrix,16S_ASV_365,Chlorophyta,18S_ASV_18
16S_ASV_443,18S_ASV_83,blue,0.609826896518869,8.71386558302141e-6,Planktothrix,16S_ASV_443,Opisthokonta_Chytridiomycota,18S_ASV_83
16S_ASV_261,18S_ASV_431,blue,0.609809939352864,8.72025406685474e-6,Planktothrix,16S_ASV_261,Chlorophyta,18S_ASV_431
16S_ASV_395,18S_ASV_431,blue,0.609533705201118,8.82493255608565e-6,Planktothrix,16S_ASV_395,Chlorophyta,18S_ASV_431
16S_ASV_261,18S_ASV_192,blue,0.609503237821694,8.83654870312314e-6,Planktothrix,16S_ASV_261,Stramenopiles,18S_ASV_192
16S_ASV_375,18S_ASV_238,blue,0.609470146312134,8.84918129135499e-6,Planktothrix,16S_ASV_375,Chlorophyta,18S_ASV_238
16S_ASV_250,18S_ASV_398,blue,0.609051869147472,9.01029766658134e-6,Planktothrix,16S_ASV_250,Stramenopiles,18S_ASV_398
16S_ASV_568,18S_ASV_18,blue,0.608834119329601,9.09523790912047e-6,Planktothrix,16S_ASV_568,Chlorophyta,18S_ASV_18
16S_ASV_273,18S_ASV_216,blue,0.608564393122471,9.20147545564055e-6,Planktothrix,16S_ASV_273,Chlorophyta,18S_ASV_216
16S_ASV_269,18S_ASV_398,blue,0.608140685394963,9.370671471785e-6,Planktothrix,16S_ASV_269,Stramenopiles,18S_ASV_398
16S_ASV_579,18S_ASV_398,blue,0.608096443281537,9.38850252355333e-6,Planktothrix,16S_ASV_579,Stramenopiles,18S_ASV_398
16S_ASV_375,18S_ASV_31,blue,0.608056604579646,9.40458557925023e-6,Planktothrix,16S_ASV_375,Chlorophyta,18S_ASV_31
16S_ASV_443,18S_ASV_321,blue,0.607995261023103,9.42939984689999e-6,Planktothrix,16S_ASV_443,Opisthokonta_Chytridiomycota,18S_ASV_321
16S_ASV_488,18S_ASV_398,blue,0.607986352738582,9.43300837261882e-6,Planktothrix,16S_ASV_488,Stramenopiles,18S_ASV_398
16S_ASV_314,18S_ASV_279,blue,0.60794211877552,9.45094529588291e-6,Planktothrix,16S_ASV_314,Rhizaria,18S_ASV_279
16S_ASV_314,18S_ASV_192,blue,0.607941681514788,9.45112276225815e-6,Planktothrix,16S_ASV_314,Stramenopiles,18S_ASV_192
16S_ASV_250,18S_ASV_18,blue,0.607900692982159,9.46777197393213e-6,Planktothrix,16S_ASV_250,Chlorophyta,18S_ASV_18
16S_ASV_474,18S_ASV_398,blue,0.607778313063104,9.51764252227464e-6,Planktothrix,16S_ASV_474,Stramenopiles,18S_ASV_398
16S_ASV_416,18S_ASV_85,blue,0.607605421185762,9.58850926896223e-6,Planktothrix,16S_ASV_416,Opisthokonta_Chytridiomycota,18S_ASV_85
16S_ASV_579,18S_ASV_102,blue,0.607363098138293,9.68865300827855e-6,Planktothrix,16S_ASV_579,Opisthokonta_Chytridiomycota,18S_ASV_102
16S_ASV_371,18S_ASV_102,blue,0.607044321654698,9.82185896532706e-6,Planktothrix,16S_ASV_371,Opisthokonta_Chytridiomycota,18S_ASV_102
16S_ASV_169,18S_ASV_307,blue,0.607041204119266,9.82316996266186e-6,Planktothrix,16S_ASV_169,Opisthokonta_Pluriformea,18S_ASV_307
16S_ASV_375,18S_ASV_216,blue,0.606734159309436,9.95308166960144e-6,Planktothrix,16S_ASV_375,Chlorophyta,18S_ASV_216
16S_ASV_443,18S_ASV_307,blue,0.60626477279997,1.01547403626643e-5,Planktothrix,16S_ASV_443,Opisthokonta_Pluriformea,18S_ASV_307
16S_ASV_595,18S_ASV_192,blue,0.606247312898074,1.01623135590265e-5,Planktothrix,16S_ASV_595,Stramenopiles,18S_ASV_192
16S_ASV_474,18S_ASV_224,blue,0.606092454531655,1.02297109485328e-5,Planktothrix,16S_ASV_474,Stramenopiles,18S_ASV_224
16S_ASV_348,18S_ASV_398,blue,0.606075751468752,1.02370049759523e-5,Planktothrix,16S_ASV_348,Stramenopiles,18S_ASV_398
16S_ASV_526,18S_ASV_224,blue,0.605563839760619,1.04628858255576e-5,Planktothrix,16S_ASV_526,Stramenopiles,18S_ASV_224
16S_ASV_272,18S_ASV_398,blue,0.605212434877185,1.06205885795638e-5,Planktothrix,16S_ASV_272,Stramenopiles,18S_ASV_398
16S_ASV_365,18S_ASV_321,blue,0.605126730858767,1.06593810255753e-5,Planktothrix,16S_ASV_365,Opisthokonta_Chytridiomycota,18S_ASV_321
16S_ASV_815,18S_ASV_192,blue,0.604985867737948,1.07234236792853e-5,Terrimicrobium,16S_ASV_815,Stramenopiles,18S_ASV_192
16S_ASV_261,18S_ASV_216,blue,0.604789280629077,1.08133929619605e-5,Planktothrix,16S_ASV_261,Chlorophyta,18S_ASV_216
16S_ASV_568,18S_ASV_31,blue,0.604771732106846,1.08214578261459e-5,Planktothrix,16S_ASV_568,Chlorophyta,18S_ASV_31
16S_ASV_475,18S_ASV_192,blue,0.604654880009259,1.08753014415102e-5,Planktothrix,16S_ASV_475,Stramenopiles,18S_ASV_192
16S_ASV_395,18S_ASV_31,blue,0.604069672795397,1.11486838683138e-5,Planktothrix,16S_ASV_395,Chlorophyta,18S_ASV_31
16S_ASV_388,18S_ASV_123,blue,0.603950618409558,1.1205068959504201e-05,Planktothrix,16S_ASV_388,Stramenopiles,18S_ASV_123
16S_ASV_359,18S_ASV_31,blue,0.603948810107112,1.12059274050425e-5,Planktothrix,16S_ASV_359,Chlorophyta,18S_ASV_31
16S_ASV_488,18S_ASV_207,blue,0.603588455051029,1.13782094660689e-5,Planktothrix,16S_ASV_488,Stramenopiles,18S_ASV_207
16S_ASV_475,18S_ASV_11,blue,0.603559453991166,1.13921799839665e-5,Planktothrix,16S_ASV_475,Cryptophyta,18S_ASV_11
16S_ASV_416,18S_ASV_431,blue,0.603304874757921,1.15154960720404e-5,Planktothrix,16S_ASV_416,Chlorophyta,18S_ASV_431
16S_ASV_259,18S_ASV_398,blue,0.603280088013683,1.15275679376832e-5,Planktothrix,16S_ASV_259,Stramenopiles,18S_ASV_398
16S_ASV_320,18S_ASV_18,blue,0.602376630894256,1.19756060093911e-5,Planktothrix,16S_ASV_320,Chlorophyta,18S_ASV_18
16S_ASV_595,18S_ASV_216,blue,0.601830106393211,1.22543547184528e-5,Planktothrix,16S_ASV_595,Chlorophyta,18S_ASV_216
16S_ASV_306,18S_ASV_207,blue,0.601701664622733,1.2320725205018e-5,Planktothrix,16S_ASV_306,Stramenopiles,18S_ASV_207
16S_ASV_341,18S_ASV_102,blue,0.601494049513655,1.24287068729817e-5,Planktothrix,16S_ASV_341,Opisthokonta_Chytridiomycota,18S_ASV_102
16S_ASV_272,18S_ASV_321,blue,0.601249871864272,1.25568184035587e-5,Planktothrix,16S_ASV_272,Opisthokonta_Chytridiomycota,18S_ASV_321
16S_ASV_568,18S_ASV_224,blue,0.601131870481962,1.2619163888565e-5,Planktothrix,16S_ASV_568,Stramenopiles,18S_ASV_224
16S_ASV_416,18S_ASV_192,blue,0.601105489628752,1.2633140969137e-5,Planktothrix,16S_ASV_416,Stramenopiles,18S_ASV_192
16S_ASV_292,18S_ASV_102,blue,0.6010046899712,1.26866777853499e-5,Planktothrix,16S_ASV_292,Opisthokonta_Chytridiomycota,18S_ASV_102
16S_ASV_399,18S_ASV_207,blue,0.60082373358726,1.27833113207146e-5,Planktothrix,16S_ASV_399,Stramenopiles,18S_ASV_207
16S_ASV_499,18S_ASV_102,blue,0.600515027644822,1.2949728811621e-5,Planktothrix,16S_ASV_499,Opisthokonta_Chytridiomycota,18S_ASV_102
16S_ASV_330,18S_ASV_192,blue,0.600436062894258,1.29926159802813e-5,Planktothrix,16S_ASV_330,Stramenopiles,18S_ASV_192
16S_ASV_579,18S_ASV_18,blue,0.600265524528556,1.30856843942242e-5,Planktothrix,16S_ASV_579,Chlorophyta,18S_ASV_18
16S_ASV_416,18S_ASV_216,blue,0.600068770915871,1.31938207217407e-5,Planktothrix,16S_ASV_416,Chlorophyta,18S_ASV_216
16S_ASV_306,18S_ASV_85,blue,0.600035608586557,1.32121275360203e-5,Planktothrix,16S_ASV_306,Opisthokonta_Chytridiomycota,18S_ASV_85
16S_ASV_169,18S_ASV_261,blue,0.600033280666139,1.32134135098168e-5,Planktothrix,16S_ASV_169,Chlorophyta,18S_ASV_261
16S_ASV_330,18S_ASV_216,blue,0.599561574295433,1.34763776443919e-5,Planktothrix,16S_ASV_330,Chlorophyta,18S_ASV_216
16S_ASV_406,18S_ASV_309,blue,0.59894676427981,1.3826341301216e-5,Planktothrix,16S_ASV_406,Opisthokonta_Unclassified,18S_ASV_309
16S_ASV_375,18S_ASV_321,blue,0.598701526881266,1.39682519976977e-5,Planktothrix,16S_ASV_375,Opisthokonta_Chytridiomycota,18S_ASV_321
16S_ASV_399,18S_ASV_85,blue,0.59842147177229,1.41319474203803e-5,Planktothrix,16S_ASV_399,Opisthokonta_Chytridiomycota,18S_ASV_85
16S_ASV_261,18S_ASV_98,blue,0.598195674869769,1.42652102959791e-5,Planktothrix,16S_ASV_261,Chlorophyta,18S_ASV_98
16S_ASV_499,18S_ASV_224,blue,0.598165813705449,1.42829202486083e-5,Planktothrix,16S_ASV_499,Stramenopiles,18S_ASV_224
16S_ASV_359,18S_ASV_18,blue,0.597802614684014,1.44999488636087e-5,Planktothrix,16S_ASV_359,Chlorophyta,18S_ASV_18
16S_ASV_463,18S_ASV_309,blue,0.597564325314368,1.46439802881453e-5,Planktothrix,16S_ASV_463,Opisthokonta_Unclassified,18S_ASV_309
16S_ASV_449,18S_ASV_398,blue,0.597491224356019,1.46884282203426e-5,Planktothrix,16S_ASV_449,Stramenopiles,18S_ASV_398
16S_ASV_62,18S_ASV_135,blue,0.597430581267979,1.47253953914601e-5,Planktothrix,16S_ASV_62,Cryptophyta,18S_ASV_135
16S_ASV_499,18S_ASV_31,blue,0.597139611856611,1.49039585255735e-5,Planktothrix,16S_ASV_499,Chlorophyta,18S_ASV_31
16S_ASV_244,18S_ASV_102,blue,0.597101465433985,1.4927515323656e-5,Planktothrix,16S_ASV_244,Opisthokonta_Chytridiomycota,18S_ASV_102
16S_ASV_503,18S_ASV_398,blue,0.596889790446694,1.5058855197486e-5,Planktothrix,16S_ASV_503,Stramenopiles,18S_ASV_398
16S_ASV_475,18S_ASV_216,blue,0.596367447167064,1.53875148196116e-5,Planktothrix,16S_ASV_475,Chlorophyta,18S_ASV_216
16S_ASV_62,18S_ASV_102,blue,0.59607462954294,1.55746267558677e-5,Planktothrix,16S_ASV_62,Opisthokonta_Chytridiomycota,18S_ASV_102
16S_ASV_449,18S_ASV_31,blue,0.596059748260778,1.55841915601792e-5,Planktothrix,16S_ASV_449,Chlorophyta,18S_ASV_31
16S_ASV_320,18S_ASV_309,blue,0.595944021382868,1.56587583158501e-5,Planktothrix,16S_ASV_320,Opisthokonta_Unclassified,18S_ASV_309
16S_ASV_341,18S_ASV_31,blue,0.595873654517874,1.57042581926145e-5,Planktothrix,16S_ASV_341,Chlorophyta,18S_ASV_31
16S_ASV_348,18S_ASV_31,blue,0.595661669164647,1.58420651324665e-5,Planktothrix,16S_ASV_348,Chlorophyta,18S_ASV_31
16S_ASV_341,18S_ASV_398,blue,0.595654109465989,1.58469999780235e-5,Planktothrix,16S_ASV_341,Stramenopiles,18S_ASV_398
16S_ASV_488,18S_ASV_102,blue,0.595035681594234,1.6255516461245e-5,Planktothrix,16S_ASV_488,Opisthokonta_Chytridiomycota,18S_ASV_102
16S_ASV_499,18S_ASV_309,blue,0.594965243681323,1.63026544039194e-5,Planktothrix,16S_ASV_499,Opisthokonta_Unclassified,18S_ASV_309
16S_ASV_463,18S_ASV_102,blue,0.594594669932654,1.65527217573756e-5,Planktothrix,16S_ASV_463,Opisthokonta_Chytridiomycota,18S_ASV_102
16S_ASV_306,18S_ASV_98,blue,0.594481485256305,1.66297995665797e-5,Planktothrix,16S_ASV_306,Chlorophyta,18S_ASV_98
16S_ASV_269,18S_ASV_307,blue,0.594355727923307,1.67158258103304e-5,Planktothrix,16S_ASV_269,Opisthokonta_Pluriformea,18S_ASV_307
16S_ASV_259,18S_ASV_207,blue,0.594336306125829,1.67291479706371e-5,Planktothrix,16S_ASV_259,Stramenopiles,18S_ASV_207
16S_ASV_319,18S_ASV_207,blue,0.594267995760661,1.67760821983957e-5,Planktothrix,16S_ASV_319,Stramenopiles,18S_ASV_207
16S_ASV_503,18S_ASV_224,blue,0.594228855588161,1.68030288391404e-5,Planktothrix,16S_ASV_503,Stramenopiles,18S_ASV_224
16S_ASV_399,18S_ASV_98,blue,0.594202903594012,1.68209177935575e-5,Planktothrix,16S_ASV_399,Chlorophyta,18S_ASV_98
16S_ASV_143,18S_ASV_207,blue,0.593991147049846,1.69675386099714e-5,Planktothrix,16S_ASV_143,Stramenopiles,18S_ASV_207
16S_ASV_375,18S_ASV_398,blue,0.593785004132372,1.71113992531201e-5,Planktothrix,16S_ASV_375,Stramenopiles,18S_ASV_398
16S_ASV_499,18S_ASV_18,blue,0.59309704346533,1.75996521671692e-5,Planktothrix,16S_ASV_499,Chlorophyta,18S_ASV_18
16S_ASV_550,18S_ASV_224,blue,0.593096533998868,1.76000184338209e-5,Planktothrix,16S_ASV_550,Stramenopiles,18S_ASV_224
16S_ASV_406,18S_ASV_102,blue,0.593027006226471,1.76500691936974e-5,Planktothrix,16S_ASV_406,Opisthokonta_Chytridiomycota,18S_ASV_102
16S_ASV_143,18S_ASV_398,blue,0.593018033106553,1.76565381623575e-5,Planktothrix,16S_ASV_143,Stramenopiles,18S_ASV_398
16S_ASV_143,18S_ASV_102,blue,0.592878484852183,1.775742297068e-5,Planktothrix,16S_ASV_143,Opisthokonta_Chytridiomycota,18S_ASV_102
16S_ASV_341,18S_ASV_224,blue,0.592788120922412,1.78230326118021e-5,Planktothrix,16S_ASV_341,Stramenopiles,18S_ASV_224
16S_ASV_292,18S_ASV_18,blue,0.592765833418224,1.7839248864479e-5,Planktothrix,16S_ASV_292,Chlorophyta,18S_ASV_18
16S_ASV_348,18S_ASV_18,blue,0.592633388836547,1.7935894550438e-5,Planktothrix,16S_ASV_348,Chlorophyta,18S_ASV_18
16S_ASV_399,18S_ASV_261,blue,0.592578023737039,1.79764371405478e-5,Planktothrix,16S_ASV_399,Chlorophyta,18S_ASV_261
16S_ASV_579,18S_ASV_224,blue,0.592576475871952,1.797757181484e-5,Planktothrix,16S_ASV_579,Stramenopiles,18S_ASV_224
16S_ASV_375,18S_ASV_307,blue,0.592437516565109,1.80797053816464e-5,Planktothrix,16S_ASV_375,Opisthokonta_Pluriformea,18S_ASV_307
16S_ASV_815,18S_ASV_307,blue,0.592425299902376,1.80887099257715e-5,Terrimicrobium,16S_ASV_815,Opisthokonta_Pluriformea,18S_ASV_307
16S_ASV_319,18S_ASV_18,blue,0.59211751931671,1.83169292062214e-5,Planktothrix,16S_ASV_319,Chlorophyta,18S_ASV_18
16S_ASV_568,18S_ASV_431,blue,0.59206998231497,1.8352412654298e-5,Planktothrix,16S_ASV_568,Chlorophyta,18S_ASV_431
16S_ASV_467,18S_ASV_18,blue,0.592044106613986,1.8371753790114e-5,Planktothrix,16S_ASV_467,Chlorophyta,18S_ASV_18
16S_ASV_406,18S_ASV_31,blue,0.591493723312633,1.87876036674439e-5,Planktothrix,16S_ASV_406,Chlorophyta,18S_ASV_31
16S_ASV_348,18S_ASV_224,blue,0.591263467012733,1.89641269878847e-5,Planktothrix,16S_ASV_348,Stramenopiles,18S_ASV_224
16S_ASV_467,18S_ASV_31,blue,0.591038070284257,1.91383983168303e-5,Planktothrix,16S_ASV_467,Chlorophyta,18S_ASV_31
16S_ASV_273,18S_ASV_85,blue,0.590933851937555,1.92194734185765e-5,Planktothrix,16S_ASV_273,Opisthokonta_Chytridiomycota,18S_ASV_85
16S_ASV_815,18S_ASV_309,blue,0.590230075851856,1.97752717960729e-5,Terrimicrobium,16S_ASV_815,Opisthokonta_Unclassified,18S_ASV_309
16S_ASV_261,18S_ASV_207,blue,0.590052230461548,1.99180387504549e-5,Planktothrix,16S_ASV_261,Stramenopiles,18S_ASV_207
16S_ASV_467,18S_ASV_224,blue,0.590049756169616,1.99200316653437e-5,Planktothrix,16S_ASV_467,Stramenopiles,18S_ASV_224
16S_ASV_393,18S_ASV_224,blue,0.589419571773898,2.04336141907267e-5,Planktothrix,16S_ASV_393,Stramenopiles,18S_ASV_224
16S_ASV_386,18S_ASV_98,blue,0.58926144388374,2.05643770356132e-5,Planktothrix,16S_ASV_386,Chlorophyta,18S_ASV_98
16S_ASV_314,18S_ASV_31,blue,0.589234562195736,2.05866828938971e-5,Planktothrix,16S_ASV_314,Chlorophyta,18S_ASV_31
16S_ASV_488,18S_ASV_31,blue,0.589177413590903,2.06341773970211e-5,Planktothrix,16S_ASV_488,Chlorophyta,18S_ASV_31
16S_ASV_550,18S_ASV_31,blue,0.589091558187203,2.07057182932024e-5,Planktothrix,16S_ASV_550,Chlorophyta,18S_ASV_31
16S_ASV_463,18S_ASV_18,blue,0.589019217456167,2.0766174409233e-5,Planktothrix,16S_ASV_463,Chlorophyta,18S_ASV_18
16S_ASV_355,18S_ASV_398,blue,0.589019161641544,2.07662211167324e-5,Planktothrix,16S_ASV_355,Stramenopiles,18S_ASV_398
16S_ASV_371,18S_ASV_398,blue,0.588651132444458,2.1076304646858e-5,Planktothrix,16S_ASV_371,Stramenopiles,18S_ASV_398
16S_ASV_386,18S_ASV_207,blue,0.588385716206998,2.13025621266308e-5,Planktothrix,16S_ASV_386,Stramenopiles,18S_ASV_207
16S_ASV_595,18S_ASV_18,blue,0.588340432520486,2.13413866012086e-5,Planktothrix,16S_ASV_595,Chlorophyta,18S_ASV_18
16S_ASV_319,18S_ASV_309,blue,0.588303992971001,2.13726755867117e-5,Planktothrix,16S_ASV_319,Opisthokonta_Unclassified,18S_ASV_309
16S_ASV_579,18S_ASV_207,blue,0.588289308614862,2.13852962701847e-5,Planktothrix,16S_ASV_579,Stramenopiles,18S_ASV_207
16S_ASV_355,18S_ASV_224,blue,0.588086608387264,2.15602100302165e-5,Planktothrix,16S_ASV_355,Stramenopiles,18S_ASV_224
16S_ASV_488,18S_ASV_224,blue,0.587626174535247,2.19624147986371e-5,Planktothrix,16S_ASV_488,Stramenopiles,18S_ASV_224
16S_ASV_341,18S_ASV_309,blue,0.587420606566248,2.21441984546335e-5,Planktothrix,16S_ASV_341,Opisthokonta_Unclassified,18S_ASV_309
16S_ASV_568,18S_ASV_102,blue,0.586721990299168,2.27723507364365e-5,Planktothrix,16S_ASV_568,Opisthokonta_Chytridiomycota,18S_ASV_102
16S_ASV_244,18S_ASV_398,blue,0.586365669159514,2.30989880132882e-5,Planktothrix,16S_ASV_244,Stramenopiles,18S_ASV_398
16S_ASV_488,18S_ASV_18,blue,0.586295580370549,2.31637415257771e-5,Planktothrix,16S_ASV_488,Chlorophyta,18S_ASV_18
16S_ASV_463,18S_ASV_207,blue,0.586091420658509,2.33533102635515e-5,Planktothrix,16S_ASV_463,Stramenopiles,18S_ASV_207
16S_ASV_259,18S_ASV_18,blue,0.585902063818605,2.35304048746694e-5,Planktothrix,16S_ASV_259,Chlorophyta,18S_ASV_18
16S_ASV_443,18S_ASV_309,blue,0.585759583893294,2.36644693054871e-5,Planktothrix,16S_ASV_443,Opisthokonta_Unclassified,18S_ASV_309
16S_ASV_244,18S_ASV_207,blue,0.585577007371038,2.38372859821378e-5,Planktothrix,16S_ASV_244,Stramenopiles,18S_ASV_207
16S_ASV_395,18S_ASV_102,blue,0.585517903833563,2.38934775606672e-5,Planktothrix,16S_ASV_395,Opisthokonta_Chytridiomycota,18S_ASV_102
16S_ASV_503,18S_ASV_18,blue,0.585503660191864,2.39070375879548e-5,Planktothrix,16S_ASV_503,Chlorophyta,18S_ASV_18
16S_ASV_250,18S_ASV_224,blue,0.585450936651043,2.39572921289577e-5,Planktothrix,16S_ASV_250,Stramenopiles,18S_ASV_224
16S_ASV_595,18S_ASV_398,blue,0.585267185026239,2.4133196955027e-5,Planktothrix,16S_ASV_595,Stramenopiles,18S_ASV_398
16S_ASV_579,18S_ASV_279,blue,0.584288164868842,2.50905394457939e-5,Planktothrix,16S_ASV_579,Rhizaria,18S_ASV_279
16S_ASV_393,18S_ASV_431,blue,0.584177324080189,2.52010921626272e-5,Planktothrix,16S_ASV_393,Chlorophyta,18S_ASV_431
16S_ASV_526,18S_ASV_309,blue,0.58393561503644,2.54437235007873e-5,Planktothrix,16S_ASV_526,Opisthokonta_Unclassified,18S_ASV_309
16S_ASV_330,18S_ASV_261,blue,0.583600783611886,2.57833715630364e-5,Planktothrix,16S_ASV_330,Chlorophyta,18S_ASV_261
16S_ASV_355,18S_ASV_31,blue,0.583567330116915,2.58175336736564e-5,Planktothrix,16S_ASV_355,Chlorophyta,18S_ASV_31
16S_ASV_371,18S_ASV_224,blue,0.583450073662835,2.59376017410199e-5,Planktothrix,16S_ASV_371,Stramenopiles,18S_ASV_224
16S_ASV_550,18S_ASV_309,blue,0.582826112740158,2.65851781162209e-5,Planktothrix,16S_ASV_550,Opisthokonta_Unclassified,18S_ASV_309
16S_ASV_273,18S_ASV_309,blue,0.58276615074464,2.66481836203326e-5,Planktothrix,16S_ASV_273,Opisthokonta_Unclassified,18S_ASV_309
16S_ASV_386,18S_ASV_403,blue,0.582762258041642,2.6652278633599e-5,Planktothrix,16S_ASV_386,Chlorophyta,18S_ASV_403
16S_ASV_503,18S_ASV_31,blue,0.58272168186122,2.66949979801574e-5,Planktothrix,16S_ASV_503,Chlorophyta,18S_ASV_31
16S_ASV_475,18S_ASV_31,blue,0.582622475577361,2.67997086138971e-5,Planktothrix,16S_ASV_475,Chlorophyta,18S_ASV_31
16S_ASV_406,18S_ASV_18,blue,0.582436003247102,2.69975466148728e-5,Planktothrix,16S_ASV_406,Chlorophyta,18S_ASV_18
16S_ASV_386,18S_ASV_261,blue,0.581877023202973,2.75986451356032e-5,Planktothrix,16S_ASV_386,Chlorophyta,18S_ASV_261
16S_ASV_250,18S_ASV_309,blue,0.581856443968427,2.76210072757095e-5,Planktothrix,16S_ASV_250,Opisthokonta_Unclassified,18S_ASV_309
16S_ASV_499,18S_ASV_207,blue,0.581670061368152,2.78242948776719e-5,Planktothrix,16S_ASV_499,Stramenopiles,18S_ASV_207
16S_ASV_314,18S_ASV_18,blue,0.581259684618016,2.82767347483364e-5,Planktothrix,16S_ASV_314,Chlorophyta,18S_ASV_18
16S_ASV_815,18S_ASV_16,blue,0.581181528878041,2.83636617738004e-5,Terrimicrobium,16S_ASV_815,Stramenopiles,18S_ASV_16
16S_ASV_388,18S_ASV_31,blue,0.581109372280855,2.84441337056864e-5,Planktothrix,16S_ASV_388,Chlorophyta,18S_ASV_31
16S_ASV_399,18S_ASV_224,blue,0.581061678504095,2.84974384991409e-5,Planktothrix,16S_ASV_399,Stramenopiles,18S_ASV_224
16S_ASV_306,18S_ASV_261,blue,0.580754061863797,2.88434501642272e-5,Planktothrix,16S_ASV_306,Chlorophyta,18S_ASV_261
16S_ASV_416,18S_ASV_98,blue,0.580111311195984,2.95788823129359e-5,Planktothrix,16S_ASV_416,Chlorophyta,18S_ASV_98
16S_ASV_320,18S_ASV_102,blue,0.579679087443234,3.00830482902681e-5,Planktothrix,16S_ASV_320,Opisthokonta_Chytridiomycota,18S_ASV_102
16S_ASV_399,18S_ASV_403,blue,0.579563924681025,3.02187012331402e-5,Planktothrix,16S_ASV_399,Chlorophyta,18S_ASV_403
16S_ASV_306,18S_ASV_224,blue,0.579380295014089,3.04361624431131e-5,Planktothrix,16S_ASV_306,Stramenopiles,18S_ASV_224
16S_ASV_386,18S_ASV_224,blue,0.578997246285826,3.08944042095239e-5,Planktothrix,16S_ASV_386,Stramenopiles,18S_ASV_224
16S_ASV_306,18S_ASV_403,blue,0.578987479089052,3.0906170906329e-5,Planktothrix,16S_ASV_306,Chlorophyta,18S_ASV_403
16S_ASV_449,18S_ASV_309,blue,0.578972107311274,3.09246978446778e-5,Planktothrix,16S_ASV_449,Opisthokonta_Unclassified,18S_ASV_309
16S_ASV_488,18S_ASV_309,blue,0.578621793512328,3.13496831896221e-5,Planktothrix,16S_ASV_488,Opisthokonta_Unclassified,18S_ASV_309
16S_ASV_388,18S_ASV_224,blue,0.578520714694821,3.14732981408368e-5,Planktothrix,16S_ASV_388,Stramenopiles,18S_ASV_224
16S_ASV_595,18S_ASV_309,blue,0.578496336443294,3.15031784100238e-5,Planktothrix,16S_ASV_595,Opisthokonta_Unclassified,18S_ASV_309
16S_ASV_292,18S_ASV_31,blue,0.578385978101365,3.16387692245778e-5,Planktothrix,16S_ASV_292,Chlorophyta,18S_ASV_31
16S_ASV_355,18S_ASV_18,blue,0.578292419060026,3.17541381179006e-5,Planktothrix,16S_ASV_355,Chlorophyta,18S_ASV_18
16S_ASV_261,18S_ASV_309,blue,0.578002421841484,3.21141897960267e-5,Planktothrix,16S_ASV_261,Opisthokonta_Unclassified,18S_ASV_309
16S_ASV_143,18S_ASV_309,blue,0.577925667563166,3.22101092392121e-5,Planktothrix,16S_ASV_143,Opisthokonta_Unclassified,18S_ASV_309
16S_ASV_463,18S_ASV_31,blue,0.577794255544828,3.23749435131742e-5,Planktothrix,16S_ASV_463,Chlorophyta,18S_ASV_31
16S_ASV_330,18S_ASV_403,blue,0.577735278536438,3.2449171073804e-5,Planktothrix,16S_ASV_330,Chlorophyta,18S_ASV_403
16S_ASV_359,18S_ASV_224,blue,0.577556293597797,3.26753939559791e-5,Planktothrix,16S_ASV_359,Stramenopiles,18S_ASV_224
16S_ASV_319,18S_ASV_31,blue,0.57746903183102,3.27862088157197e-5,Planktothrix,16S_ASV_319,Chlorophyta,18S_ASV_31
16S_ASV_330,18S_ASV_207,blue,0.577261950615637,3.30505626345941e-5,Planktothrix,16S_ASV_330,Stramenopiles,18S_ASV_207
16S_ASV_261,18S_ASV_85,blue,0.577119176549872,3.32339589244697e-5,Planktothrix,16S_ASV_261,Opisthokonta_Chytridiomycota,18S_ASV_85
16S_ASV_475,18S_ASV_827,blue,0.57711426673772,3.32402822214815e-5,Planktothrix,16S_ASV_475,Chlorophyta,18S_ASV_827
16S_ASV_475,18S_ASV_398,blue,0.57694070189618,3.34645236439144e-5,Planktothrix,16S_ASV_475,Stramenopiles,18S_ASV_398
16S_ASV_292,18S_ASV_398,blue,0.576847019351918,3.35861338680708e-5,Planktothrix,16S_ASV_292,Stramenopiles,18S_ASV_398
16S_ASV_463,18S_ASV_279,blue,0.576702430359652,3.37746205832919e-5,Planktothrix,16S_ASV_463,Rhizaria,18S_ASV_279
16S_ASV_475,18S_ASV_309,blue,0.57667295587871,3.38131622480747e-5,Planktothrix,16S_ASV_475,Opisthokonta_Unclassified,18S_ASV_309
16S_ASV_320,18S_ASV_207,blue,0.576579586634059,3.39355204807645e-5,Planktothrix,16S_ASV_320,Stramenopiles,18S_ASV_207
16S_ASV_292,18S_ASV_207,blue,0.57625249406523,3.43673721583569e-5,Planktothrix,16S_ASV_292,Stramenopiles,18S_ASV_207
16S_ASV_272,18S_ASV_272,blue,0.576177666835658,3.4466869012107e-5,Planktothrix,16S_ASV_272,Stramenopiles,18S_ASV_272
16S_ASV_406,18S_ASV_207,blue,0.576103548244808,3.45656834925597e-5,Planktothrix,16S_ASV_406,Stramenopiles,18S_ASV_207
16S_ASV_449,18S_ASV_224,blue,0.576070513555466,3.4609808645621e-5,Planktothrix,16S_ASV_449,Stramenopiles,18S_ASV_224
16S_ASV_259,18S_ASV_224,blue,0.575835688197427,3.49249590530246e-5,Planktothrix,16S_ASV_259,Stramenopiles,18S_ASV_224
16S_ASV_595,18S_ASV_827,blue,0.575745715616881,3.50464023610977e-5,Planktothrix,16S_ASV_595,Chlorophyta,18S_ASV_827
16S_ASV_62,18S_ASV_398,blue,0.57563497596146,3.51964073169552e-5,Planktothrix,16S_ASV_62,Stramenopiles,18S_ASV_398
16S_ASV_355,18S_ASV_309,blue,0.575402884991874,3.55126998325939e-5,Planktothrix,16S_ASV_355,Opisthokonta_Unclassified,18S_ASV_309
16S_ASV_1147,18S_ASV_85,blue,0.575045204017087,3.60052429649995e-5,NA,16S_ASV_1147,Opisthokonta_Chytridiomycota,18S_ASV_85
16S_ASV_449,18S_ASV_827,blue,0.574897785450618,3.62100583912375e-5,Planktothrix,16S_ASV_449,Chlorophyta,18S_ASV_827
16S_ASV_371,18S_ASV_31,blue,0.574858824603562,3.62643663505149e-5,Planktothrix,16S_ASV_371,Chlorophyta,18S_ASV_31
16S_ASV_526,18S_ASV_102,blue,0.574851646891746,3.62743795709526e-5,Planktothrix,16S_ASV_526,Opisthokonta_Chytridiomycota,18S_ASV_102
16S_ASV_348,18S_ASV_309,blue,0.574685806865688,3.65064394262167e-5,Planktothrix,16S_ASV_348,Opisthokonta_Unclassified,18S_ASV_309
16S_ASV_499,18S_ASV_279,blue,0.574548988120082,3.66989117569629e-5,Planktothrix,16S_ASV_499,Rhizaria,18S_ASV_279
16S_ASV_467,18S_ASV_11,blue,0.573725934254295,3.78764888421526e-5,Planktothrix,16S_ASV_467,Cryptophyta,18S_ASV_11
16S_ASV_1147,18S_ASV_155,blue,0.573605602354188,3.80515202631263e-5,NA,16S_ASV_1147,Chlorophyta,18S_ASV_155
16S_ASV_259,18S_ASV_279,blue,0.573292860386993,3.8509892887094e-5,Planktothrix,16S_ASV_259,Rhizaria,18S_ASV_279
16S_ASV_463,18S_ASV_224,blue,0.573214405964036,3.86256700509239e-5,Planktothrix,16S_ASV_463,Stramenopiles,18S_ASV_224
16S_ASV_371,18S_ASV_309,blue,0.57319441183906,3.86552267604808e-5,Planktothrix,16S_ASV_371,Opisthokonta_Unclassified,18S_ASV_309
16S_ASV_244,18S_ASV_309,blue,0.573061304333873,3.8852523572321e-5,Planktothrix,16S_ASV_244,Opisthokonta_Unclassified,18S_ASV_309
16S_ASV_595,18S_ASV_31,blue,0.572854629000051,3.91606917234576e-5,Planktothrix,16S_ASV_595,Chlorophyta,18S_ASV_31
16S_ASV_550,18S_ASV_18,blue,0.572645782588606,3.94743671513384e-5,Planktothrix,16S_ASV_550,Chlorophyta,18S_ASV_18
16S_ASV_449,18S_ASV_18,blue,0.57212886640688,4.02606560179902e-5,Planktothrix,16S_ASV_449,Chlorophyta,18S_ASV_18
16S_ASV_292,18S_ASV_224,blue,0.571830946059345,4.07203089248455e-5,Planktothrix,16S_ASV_292,Stramenopiles,18S_ASV_224
16S_ASV_314,18S_ASV_309,blue,0.571818339930995,4.07398639957227e-5,Planktothrix,16S_ASV_314,Opisthokonta_Unclassified,18S_ASV_309
16S_ASV_474,18S_ASV_31,blue,0.571771266508037,4.08129618968846e-5,Planktothrix,16S_ASV_474,Chlorophyta,18S_ASV_31
16S_ASV_319,18S_ASV_279,blue,0.571686696209984,4.09445881985449e-5,Planktothrix,16S_ASV_319,Rhizaria,18S_ASV_279
16S_ASV_314,18S_ASV_224,blue,0.571494540354521,4.12451066280111e-5,Planktothrix,16S_ASV_314,Stramenopiles,18S_ASV_224
16S_ASV_595,18S_ASV_279,blue,0.571188122488413,4.1728498619147e-5,Planktothrix,16S_ASV_595,Rhizaria,18S_ASV_279
16S_ASV_269,18S_ASV_309,blue,0.571032451616449,4.1976058105528e-5,Planktothrix,16S_ASV_269,Opisthokonta_Unclassified,18S_ASV_309
16S_ASV_449,18S_ASV_11,blue,0.570789819935204,4.23645883996627e-5,Planktothrix,16S_ASV_449,Cryptophyta,18S_ASV_11
16S_ASV_169,18S_ASV_431,blue,0.570614004034512,4.26481772823399e-5,Planktothrix,16S_ASV_169,Chlorophyta,18S_ASV_431
16S_ASV_393,18S_ASV_11,blue,0.570424193020857,4.2956287970628e-5,Planktothrix,16S_ASV_393,Cryptophyta,18S_ASV_11
16S_ASV_388,18S_ASV_309,blue,0.570391572385786,4.30094439070299e-5,Planktothrix,16S_ASV_388,Opisthokonta_Unclassified,18S_ASV_309
16S_ASV_259,18S_ASV_309,blue,0.570041704539928,4.35833542177831e-5,Planktothrix,16S_ASV_259,Opisthokonta_Unclassified,18S_ASV_309
16S_ASV_359,18S_ASV_11,blue,0.56988848314227,4.38368906581653e-5,Planktothrix,16S_ASV_359,Cryptophyta,18S_ASV_11
16S_ASV_443,18S_ASV_102,blue,0.569886297324221,4.38405172812278e-5,Planktothrix,16S_ASV_443,Opisthokonta_Chytridiomycota,18S_ASV_102
16S_ASV_348,18S_ASV_11,blue,0.569733885727019,4.40940700650612e-5,Planktothrix,16S_ASV_348,Cryptophyta,18S_ASV_11
16S_ASV_341,18S_ASV_827,blue,0.569465822548331,4.45432765127346e-5,Planktothrix,16S_ASV_341,Chlorophyta,18S_ASV_827
16S_ASV_272,18S_ASV_309,blue,0.569395301977131,4.46621443139625e-5,Planktothrix,16S_ASV_272,Opisthokonta_Unclassified,18S_ASV_309
16S_ASV_341,18S_ASV_18,blue,0.568928019159968,4.54571408751412e-5,Planktothrix,16S_ASV_341,Chlorophyta,18S_ASV_18
16S_ASV_250,18S_ASV_431,blue,0.568601820866974,4.60197519843165e-5,Planktothrix,16S_ASV_250,Chlorophyta,18S_ASV_431
16S_ASV_475,18S_ASV_18,blue,0.568148422537834,4.68123261475099e-5,Planktothrix,16S_ASV_475,Chlorophyta,18S_ASV_18
16S_ASV_416,18S_ASV_309,blue,0.567870208213742,4.7304821845896e-5,Planktothrix,16S_ASV_416,Opisthokonta_Unclassified,18S_ASV_309
16S_ASV_320,18S_ASV_827,blue,0.567811902037033,4.74086338870549e-5,Planktothrix,16S_ASV_320,Chlorophyta,18S_ASV_827
16S_ASV_250,18S_ASV_827,blue,0.567553987079163,4.78703443479319e-5,Planktothrix,16S_ASV_250,Chlorophyta,18S_ASV_827
16S_ASV_314,18S_ASV_280,blue,0.567386713295483,4.81719850474125e-5,Planktothrix,16S_ASV_314,Stramenopiles,18S_ASV_280
16S_ASV_314,18S_ASV_827,blue,0.567206602413464,4.84987157860027e-5,Planktothrix,16S_ASV_314,Chlorophyta,18S_ASV_827
16S_ASV_348,18S_ASV_279,blue,0.566733438695857,4.93667315797669e-5,Planktothrix,16S_ASV_348,Rhizaria,18S_ASV_279
16S_ASV_406,18S_ASV_224,blue,0.566716050918181,4.93988980729756e-5,Planktothrix,16S_ASV_406,Stramenopiles,18S_ASV_224
16S_ASV_474,18S_ASV_18,blue,0.56653879788953,4.97279014718505e-5,Planktothrix,16S_ASV_474,Chlorophyta,18S_ASV_18
16S_ASV_393,18S_ASV_98,blue,0.566391213342553,5.00033626512905e-5,Planktothrix,16S_ASV_393,Chlorophyta,18S_ASV_98
16S_ASV_386,18S_ASV_309,blue,0.566138998722417,5.04773410363302e-5,Planktothrix,16S_ASV_386,Opisthokonta_Unclassified,18S_ASV_309
16S_ASV_306,18S_ASV_309,blue,0.566115017777143,5.05226206349149e-5,Planktothrix,16S_ASV_306,Opisthokonta_Unclassified,18S_ASV_309
16S_ASV_273,18S_ASV_98,blue,0.565877003602273,5.0974043019014e-5,Planktothrix,16S_ASV_273,Chlorophyta,18S_ASV_98
16S_ASV_443,18S_ASV_224,blue,0.56575779275512,5.12015228936094e-5,Planktothrix,16S_ASV_443,Stramenopiles,18S_ASV_224
16S_ASV_393,18S_ASV_309,blue,0.56550409050122,5.16887312994951e-5,Planktothrix,16S_ASV_393,Opisthokonta_Unclassified,18S_ASV_309
16S_ASV_259,18S_ASV_31,blue,0.565240073090878,5.22002424518667e-5,Planktothrix,16S_ASV_259,Chlorophyta,18S_ASV_31
16S_ASV_273,18S_ASV_261,blue,0.565006769885919,5.26560911916226e-5,Planktothrix,16S_ASV_273,Chlorophyta,18S_ASV_261
16S_ASV_355,18S_ASV_279,blue,0.56498571161312106,5.26974151232455e-5,Planktothrix,16S_ASV_355,Rhizaria,18S_ASV_279
16S_ASV_273,18S_ASV_224,blue,0.564693534316044,5.32738374369452e-5,Planktothrix,16S_ASV_273,Stramenopiles,18S_ASV_224
16S_ASV_319,18S_ASV_224,blue,0.564538148848253,5.35827300330262e-5,Planktothrix,16S_ASV_319,Stramenopiles,18S_ASV_224
16S_ASV_371,18S_ASV_18,blue,0.564206703369843,5.42470873801173e-5,Planktothrix,16S_ASV_371,Chlorophyta,18S_ASV_18
16S_ASV_579,18S_ASV_31,blue,0.564127190160448,5.44075803248457e-5,Planktothrix,16S_ASV_579,Chlorophyta,18S_ASV_31
16S_ASV_1147,18S_ASV_8,blue,0.564022108107083,5.4620347761687e-5,NA,16S_ASV_1147,Kathablepharidacea,18S_ASV_8
16S_ASV_395,18S_ASV_85,blue,0.563900969100965,5.48665696199334e-5,Planktothrix,16S_ASV_395,Opisthokonta_Chytridiomycota,18S_ASV_85
16S_ASV_579,18S_ASV_309,blue,0.56366437963068,5.53503762546857e-5,Planktothrix,16S_ASV_579,Opisthokonta_Unclassified,18S_ASV_309
16S_ASV_393,18S_ASV_279,blue,0.563346306509151,5.60069501167722e-5,Planktothrix,16S_ASV_393,Rhizaria,18S_ASV_279
16S_ASV_416,18S_ASV_261,blue,0.562602873094504,5.75693900295262e-5,Planktothrix,16S_ASV_416,Chlorophyta,18S_ASV_261
16S_ASV_488,18S_ASV_279,blue,0.562420274457085,5.7959187329788e-5,Planktothrix,16S_ASV_488,Rhizaria,18S_ASV_279
16S_ASV_62,18S_ASV_307,blue,0.562376847606729,5.80522455272629e-5,Planktothrix,16S_ASV_62,Opisthokonta_Pluriformea,18S_ASV_307
16S_ASV_273,18S_ASV_207,blue,0.562247657357892,5.8329890789322e-5,Planktothrix,16S_ASV_273,Stramenopiles,18S_ASV_207
16S_ASV_348,18S_ASV_827,blue,0.562240440079838,5.83454372744186e-5,Planktothrix,16S_ASV_348,Chlorophyta,18S_ASV_827
16S_ASV_395,18S_ASV_224,blue,0.562131830410992,5.85798467679722e-5,Planktothrix,16S_ASV_395,Stramenopiles,18S_ASV_224
16S_ASV_393,18S_ASV_403,blue,0.561861504518714,5.91670219031734e-5,Planktothrix,16S_ASV_393,Chlorophyta,18S_ASV_403
16S_ASV_443,18S_ASV_85,blue,0.561838513885221,5.92172069334154e-5,Planktothrix,16S_ASV_443,Opisthokonta_Chytridiomycota,18S_ASV_85
16S_ASV_365,18S_ASV_309,blue,0.561755902045172,5.93978567440187e-5,Planktothrix,16S_ASV_365,Opisthokonta_Unclassified,18S_ASV_309
16S_ASV_355,18S_ASV_827,blue,0.561183996794406,6.06623191730369e-5,Planktothrix,16S_ASV_355,Chlorophyta,18S_ASV_827
16S_ASV_503,18S_ASV_279,blue,0.560275120840617,6.27224357288708e-5,Planktothrix,16S_ASV_503,Rhizaria,18S_ASV_279
16S_ASV_1147,18S_ASV_597,blue,0.560250895490971,6.27782096636075e-5,NA,16S_ASV_1147,Stramenopiles,18S_ASV_597
16S_ASV_406,18S_ASV_279,blue,0.560180714723831,6.29400421494295e-5,Planktothrix,16S_ASV_406,Rhizaria,18S_ASV_279
16S_ASV_416,18S_ASV_207,blue,0.558975016590379,6.5780423057106e-5,Planktothrix,16S_ASV_416,Stramenopiles,18S_ASV_207
16S_ASV_261,18S_ASV_224,blue,0.558836756726737,6.61135001577564e-5,Planktothrix,16S_ASV_261,Stramenopiles,18S_ASV_224
16S_ASV_475,18S_ASV_224,blue,0.558711987218327,6.64153980098776e-5,Planktothrix,16S_ASV_475,Stramenopiles,18S_ASV_224
16S_ASV_261,18S_ASV_261,blue,0.558438895837862,6.70805753483024e-5,Planktothrix,16S_ASV_261,Chlorophyta,18S_ASV_261
16S_ASV_474,18S_ASV_309,blue,0.558228734562892,6.75966033266868e-5,Planktothrix,16S_ASV_474,Opisthokonta_Unclassified,18S_ASV_309
16S_ASV_371,18S_ASV_279,blue,0.557494968059241,6.94268058712167e-5,Planktothrix,16S_ASV_371,Rhizaria,18S_ASV_279
16S_ASV_250,18S_ASV_11,blue,0.557320714259145,6.98680275406139e-5,Planktothrix,16S_ASV_250,Cryptophyta,18S_ASV_11
16S_ASV_330,18S_ASV_309,blue,0.55723529602892,7.00852445549181e-5,Planktothrix,16S_ASV_330,Opisthokonta_Unclassified,18S_ASV_309
16S_ASV_261,18S_ASV_279,blue,0.557151220140535,7.02996492522525e-5,Planktothrix,16S_ASV_261,Rhizaria,18S_ASV_279
16S_ASV_365,18S_ASV_272,blue,0.556846955728865,7.10805726117195e-5,Planktothrix,16S_ASV_365,Stramenopiles,18S_ASV_272
16S_ASV_341,18S_ASV_279,blue,0.556183078691503,7.28120060397434e-5,Planktothrix,16S_ASV_341,Rhizaria,18S_ASV_279
16S_ASV_1147,18S_ASV_98,blue,0.555434854767941,7.48094527197967e-5,NA,16S_ASV_1147,Chlorophyta,18S_ASV_98
16S_ASV_169,18S_ASV_309,blue,0.555224366908466,7.53803010318492e-5,Planktothrix,16S_ASV_169,Opisthokonta_Unclassified,18S_ASV_309
16S_ASV_474,18S_ASV_207,blue,0.555102240020542,7.57133296379075e-5,Planktothrix,16S_ASV_474,Stramenopiles,18S_ASV_207
16S_ASV_474,18S_ASV_279,blue,0.555071661292133,7.57969246403988e-5,Planktothrix,16S_ASV_474,Rhizaria,18S_ASV_279
16S_ASV_355,18S_ASV_11,blue,0.554413278453218,7.76173178536667e-5,Planktothrix,16S_ASV_355,Cryptophyta,18S_ASV_11
16S_ASV_169,18S_ASV_135,blue,0.554246686012841,7.80842099210557e-5,Planktothrix,16S_ASV_169,Cryptophyta,18S_ASV_135
16S_ASV_595,18S_ASV_224,blue,0.553925345919324,7.89920351170871e-5,Planktothrix,16S_ASV_595,Stramenopiles,18S_ASV_224
16S_ASV_1147,18S_ASV_261,blue,0.553886714261016,7.91018195018437e-5,NA,16S_ASV_1147,Chlorophyta,18S_ASV_261
16S_ASV_503,18S_ASV_309,blue,0.553592127874463,7.99435659048234e-5,Planktothrix,16S_ASV_503,Opisthokonta_Unclassified,18S_ASV_309
16S_ASV_388,18S_ASV_18,blue,0.553583306577732,7.99688971318872e-5,Planktothrix,16S_ASV_388,Chlorophyta,18S_ASV_18
16S_ASV_526,18S_ASV_272,blue,0.553519095111179,8.01535072191111e-5,Planktothrix,16S_ASV_526,Stramenopiles,18S_ASV_272
16S_ASV_261,18S_ASV_403,blue,0.553511970007633,8.01740160452735e-5,Planktothrix,16S_ASV_261,Chlorophyta,18S_ASV_403
16S_ASV_595,18S_ASV_104,blue,0.553250559411838,8.0929771735632e-5,Planktothrix,16S_ASV_595,Stramenopiles,18S_ASV_104
16S_ASV_503,18S_ASV_11,blue,0.553147315685969,8.12300401720609e-5,Planktothrix,16S_ASV_503,Cryptophyta,18S_ASV_11
16S_ASV_62,18S_ASV_119,blue,0.553125003509308,8.1295064932296e-5,Planktothrix,16S_ASV_62,Stramenopiles,18S_ASV_119
16S_ASV_306,18S_ASV_11,blue,0.553012179482633,8.16245967705534e-5,Planktothrix,16S_ASV_306,Cryptophyta,18S_ASV_11
16S_ASV_244,18S_ASV_279,blue,0.55262492818196,8.27649437626218e-5,Planktothrix,16S_ASV_244,Rhizaria,18S_ASV_279
16S_ASV_359,18S_ASV_827,blue,0.552401148613275,8.34305103406332e-5,Planktothrix,16S_ASV_359,Chlorophyta,18S_ASV_827
16S_ASV_292,18S_ASV_279,blue,0.552302813554583,8.37245181538432e-5,Planktothrix,16S_ASV_292,Rhizaria,18S_ASV_279
16S_ASV_550,18S_ASV_279,blue,0.552268805320945,8.38264173740008e-5,Planktothrix,16S_ASV_550,Rhizaria,18S_ASV_279
16S_ASV_261,18S_ASV_11,blue,0.552057588303132,8.44618230025071e-5,Planktothrix,16S_ASV_261,Cryptophyta,18S_ASV_11
16S_ASV_386,18S_ASV_272,blue,0.551924288587848,8.48650844038291e-5,Planktothrix,16S_ASV_386,Stramenopiles,18S_ASV_272
16S_ASV_330,18S_ASV_224,blue,0.551717029075259,8.54955751257319e-5,Planktothrix,16S_ASV_330,Stramenopiles,18S_ASV_224
16S_ASV_371,18S_ASV_827,blue,0.551714610897193,8.55029564220605e-5,Planktothrix,16S_ASV_371,Chlorophyta,18S_ASV_827
16S_ASV_348,18S_ASV_104,blue,0.550596425617416,8.89789976812938e-5,Planktothrix,16S_ASV_348,Stramenopiles,18S_ASV_104
16S_ASV_568,18S_ASV_207,blue,0.550499406130198,8.92865824193909e-5,Planktothrix,16S_ASV_568,Stramenopiles,18S_ASV_207
16S_ASV_475,18S_ASV_279,blue,0.55042544484992,8.95217148648923e-5,Planktothrix,16S_ASV_475,Rhizaria,18S_ASV_279
16S_ASV_169,18S_ASV_190,blue,0.550256623539559,9.00605334103936e-5,Planktothrix,16S_ASV_169,Stramenopiles,18S_ASV_190
16S_ASV_143,18S_ASV_279,blue,0.55014656407229,9.04133930872293e-5,Planktothrix,16S_ASV_143,Rhizaria,18S_ASV_279
16S_ASV_272,18S_ASV_141,blue,0.549508223274705,9.2484908536301e-5,Planktothrix,16S_ASV_272,Chlorophyta,18S_ASV_141
16S_ASV_143,18S_ASV_827,blue,0.549184652217572,9.35513661030363e-5,Planktothrix,16S_ASV_143,Chlorophyta,18S_ASV_827
16S_ASV_306,18S_ASV_827,blue,0.548997694368083,9.4172651323981e-5,Planktothrix,16S_ASV_306,Chlorophyta,18S_ASV_827
16S_ASV_250,18S_ASV_279,blue,0.548856152376406,9.46455093869505e-5,Planktothrix,16S_ASV_250,Rhizaria,18S_ASV_279
16S_ASV_449,18S_ASV_279,blue,0.54843958867268106,9.60497175116735e-5,Planktothrix,16S_ASV_449,Rhizaria,18S_ASV_279
16S_ASV_406,18S_ASV_827,blue,0.548304466550789,9.65092618094049e-5,Planktothrix,16S_ASV_406,Chlorophyta,18S_ASV_827
16S_ASV_393,18S_ASV_827,blue,0.548291903501462,9.65520896958354e-5,Planktothrix,16S_ASV_393,Chlorophyta,18S_ASV_827
16S_ASV_273,18S_ASV_403,blue,0.548027027398917,9.74590986268935e-5,Planktothrix,16S_ASV_273,Chlorophyta,18S_ASV_403
16S_ASV_499,18S_ASV_827,blue,0.5478799112703,9.79662079166867e-5,Planktothrix,16S_ASV_499,Chlorophyta,18S_ASV_827
16S_ASV_526,18S_ASV_85,blue,0.547276462286865,1.0007152225735e-4,Planktothrix,16S_ASV_526,Opisthokonta_Chytridiomycota,18S_ASV_85
16S_ASV_526,18S_ASV_207,blue,0.547129333812056,1.0059102790213e-4,Planktothrix,16S_ASV_526,Stramenopiles,18S_ASV_207
16S_ASV_1147,18S_ASV_398,blue,0.54690662843059,1.0138206296952e-4,NA,16S_ASV_1147,Stramenopiles,18S_ASV_398
16S_ASV_386,18S_ASV_827,blue,0.546866967009451,1.0152353007098e-4,Planktothrix,16S_ASV_386,Chlorophyta,18S_ASV_827
16S_ASV_395,18S_ASV_309,blue,0.546668547738628,1.0223396641157e-4,Planktothrix,16S_ASV_395,Opisthokonta_Unclassified,18S_ASV_309
16S_ASV_330,18S_ASV_11,blue,0.546662115033205,1.0225707410144e-4,Planktothrix,16S_ASV_330,Cryptophyta,18S_ASV_11
16S_ASV_568,18S_ASV_309,blue,0.546604478055381,1.0246433092013e-4,Planktothrix,16S_ASV_568,Opisthokonta_Unclassified,18S_ASV_309
16S_ASV_306,18S_ASV_279,blue,0.546144484443882,1.0413216927481e-4,Planktothrix,16S_ASV_306,Rhizaria,18S_ASV_279
16S_ASV_568,18S_ASV_272,blue,0.545890691740812,1.0506290338816e-4,Planktothrix,16S_ASV_568,Stramenopiles,18S_ASV_272
16S_ASV_416,18S_ASV_11,blue,0.545248873622348,1.0745050902553e-4,Planktothrix,16S_ASV_416,Cryptophyta,18S_ASV_11
16S_ASV_595,18S_ASV_280,blue,0.545030258317477,1.0827497232846e-4,Planktothrix,16S_ASV_595,Stramenopiles,18S_ASV_280
16S_ASV_320,18S_ASV_272,blue,0.545010626607029,1.0834929016067e-4,Planktothrix,16S_ASV_320,Stramenopiles,18S_ASV_272
16S_ASV_815,18S_ASV_190,blue,0.544996011376148,1.0840464772375e-4,Terrimicrobium,16S_ASV_815,Stramenopiles,18S_ASV_190
16S_ASV_416,18S_ASV_403,blue,0.544932119812868,1.086469495623e-4,Planktothrix,16S_ASV_416,Chlorophyta,18S_ASV_403
16S_ASV_386,18S_ASV_11,blue,0.544820974932136,1.0906962851726e-4,Planktothrix,16S_ASV_386,Cryptophyta,18S_ASV_11
16S_ASV_399,18S_ASV_279,blue,0.544650576433904,1.0972055092468e-4,Planktothrix,16S_ASV_399,Rhizaria,18S_ASV_279
16S_ASV_503,18S_ASV_827,blue,0.544510415279243,1.1025861261755e-4,Planktothrix,16S_ASV_503,Chlorophyta,18S_ASV_827
16S_ASV_292,18S_ASV_261,blue,0.544408994886125,1.1064944839236e-4,Planktothrix,16S_ASV_292,Chlorophyta,18S_ASV_261
16S_ASV_526,18S_ASV_279,blue,0.544270727377361,1.1118430866976e-4,Planktothrix,16S_ASV_526,Rhizaria,18S_ASV_279
16S_ASV_250,18S_ASV_261,blue,0.544097943334423,1.1185599364434e-4,Planktothrix,16S_ASV_250,Chlorophyta,18S_ASV_261
16S_ASV_815,18S_ASV_98,blue,0.544044809539109,1.1206328784911e-4,Terrimicrobium,16S_ASV_815,Chlorophyta,18S_ASV_98
16S_ASV_292,18S_ASV_135,blue,0.543431246667436,1.1448245661784e-4,Planktothrix,16S_ASV_292,Cryptophyta,18S_ASV_135
16S_ASV_359,18S_ASV_280,blue,0.543147591242503,1.1561682785985e-4,Planktothrix,16S_ASV_359,Stramenopiles,18S_ASV_280
16S_ASV_330,18S_ASV_279,blue,0.543140034198519,1.1564718862508e-4,Planktothrix,16S_ASV_330,Rhizaria,18S_ASV_279
16S_ASV_568,18S_ASV_85,blue,0.543135945535705,1.1566361803394e-4,Planktothrix,16S_ASV_568,Opisthokonta_Chytridiomycota,18S_ASV_85
16S_ASV_375,18S_ASV_119,blue,0.543070212474951,1.1592804359959e-4,Planktothrix,16S_ASV_375,Stramenopiles,18S_ASV_119
16S_ASV_250,18S_ASV_98,blue,0.542871247556919,1.1673177622116e-4,Planktothrix,16S_ASV_250,Chlorophyta,18S_ASV_98
16S_ASV_526,18S_ASV_135,blue,0.542815517829686,0.00011695780669529001,Planktothrix,16S_ASV_526,Cryptophyta,18S_ASV_135
16S_ASV_319,18S_ASV_11,blue,0.54252270694401,1.1815194923026e-4,Planktothrix,16S_ASV_319,Cryptophyta,18S_ASV_11
16S_ASV_314,18S_ASV_190,blue,0.542418073796037,1.1858134509826e-4,Planktothrix,16S_ASV_314,Stramenopiles,18S_ASV_190
16S_ASV_399,18S_ASV_11,blue,0.542360890794276,1.1881661297482e-4,Planktothrix,16S_ASV_399,Cryptophyta,18S_ASV_11
16S_ASV_359,18S_ASV_104,blue,0.541888319589815,1.207772139692e-4,Planktothrix,16S_ASV_359,Stramenopiles,18S_ASV_104
16S_ASV_399,18S_ASV_309,blue,0.541419080948346,1.2275303814297e-4,Planktothrix,16S_ASV_399,Opisthokonta_Unclassified,18S_ASV_309
16S_ASV_314,18S_ASV_135,blue,0.541410022926331,1.2279146609743e-4,Planktothrix,16S_ASV_314,Cryptophyta,18S_ASV_135
16S_ASV_416,18S_ASV_272,blue,0.541337555454625,1.2309929754272e-4,Planktothrix,16S_ASV_416,Stramenopiles,18S_ASV_272
16S_ASV_474,18S_ASV_102,blue,0.541321026652541,1.2316960767566e-4,Planktothrix,16S_ASV_474,Opisthokonta_Chytridiomycota,18S_ASV_102
16S_ASV_292,18S_ASV_309,blue,0.541131770370291,1.239772703911e-4,Planktothrix,16S_ASV_292,Opisthokonta_Unclassified,18S_ASV_309
16S_ASV_393,18S_ASV_261,blue,0.541006040423782,1.2451648808606e-4,Planktothrix,16S_ASV_393,Chlorophyta,18S_ASV_261
16S_ASV_261,18S_ASV_827,blue,0.540882151071917,1.2504989570821e-4,Planktothrix,16S_ASV_261,Chlorophyta,18S_ASV_827
16S_ASV_273,18S_ASV_279,blue,0.540483710538599,1.2677949550729e-4,Planktothrix,16S_ASV_273,Rhizaria,18S_ASV_279
16S_ASV_375,18S_ASV_309,blue,0.54017730352,1.2812433828313e-4,Planktothrix,16S_ASV_375,Opisthokonta_Unclassified,18S_ASV_309
16S_ASV_365,18S_ASV_119,blue,0.539828316088928,1.2967184820883e-4,Planktothrix,16S_ASV_365,Stramenopiles,18S_ASV_119
16S_ASV_443,18S_ASV_272,blue,0.539374174595177,1.3171106336869e-4,Planktothrix,16S_ASV_443,Stramenopiles,18S_ASV_272
16S_ASV_273,18S_ASV_827,blue,0.539294967407904,1.3206969323297e-4,Planktothrix,16S_ASV_273,Chlorophyta,18S_ASV_827
16S_ASV_499,18S_ASV_104,blue,0.539068594781593,1.3309954600235e-4,Planktothrix,16S_ASV_499,Stramenopiles,18S_ASV_104
16S_ASV_1147,18S_ASV_114,blue,0.538892511005818,1.3390565378738e-4,NA,16S_ASV_1147,Chlorophyta,18S_ASV_114
16S_ASV_395,18S_ASV_261,blue,0.538813656251864,1.3426808460765e-4,Planktothrix,16S_ASV_395,Chlorophyta,18S_ASV_261
16S_ASV_463,18S_ASV_827,blue,0.538199866876036,1.3711977387206e-4,Planktothrix,16S_ASV_463,Chlorophyta,18S_ASV_827
16S_ASV_62,18S_ASV_190,blue,0.538006015579784,1.3803177658678e-4,Planktothrix,16S_ASV_62,Stramenopiles,18S_ASV_190
16S_ASV_416,18S_ASV_827,blue,0.537803072176883,1.3899245322252e-4,Planktothrix,16S_ASV_416,Chlorophyta,18S_ASV_827
16S_ASV_62,18S_ASV_431,blue,0.537658782065218,1.3967917021491e-4,Planktothrix,16S_ASV_62,Chlorophyta,18S_ASV_431
16S_ASV_244,18S_ASV_827,blue,0.537563471880642,1.4013446607268e-4,Planktothrix,16S_ASV_244,Chlorophyta,18S_ASV_827
16S_ASV_467,18S_ASV_280,blue,0.537486780181357,1.4050179951683e-4,Planktothrix,16S_ASV_467,Stramenopiles,18S_ASV_280
16S_ASV_475,18S_ASV_104,blue,0.537437003727763,1.4074068352162e-4,Planktothrix,16S_ASV_475,Stramenopiles,18S_ASV_104
16S_ASV_399,18S_ASV_135,blue,0.53730115532006,1.413945163857e-4,Planktothrix,16S_ASV_399,Cryptophyta,18S_ASV_135
16S_ASV_568,18S_ASV_261,blue,0.537294796278673,1.414251896519e-4,Planktothrix,16S_ASV_568,Chlorophyta,18S_ASV_261
16S_ASV_595,18S_ASV_98,blue,0.537272146141844,1.4153449320811e-4,Planktothrix,16S_ASV_595,Chlorophyta,18S_ASV_98
16S_ASV_488,18S_ASV_827,blue,0.537038902082137,1.426645371366e-4,Planktothrix,16S_ASV_488,Chlorophyta,18S_ASV_827
16S_ASV_550,18S_ASV_207,blue,0.536843478232604,1.4361764581564e-4,Planktothrix,16S_ASV_550,Stramenopiles,18S_ASV_207
16S_ASV_393,18S_ASV_104,blue,0.536764769066135,1.4400315132552e-4,Planktothrix,16S_ASV_393,Stramenopiles,18S_ASV_104
16S_ASV_306,18S_ASV_135,blue,0.536614912226001,1.4473972527842e-4,Planktothrix,16S_ASV_306,Cryptophyta,18S_ASV_135
16S_ASV_399,18S_ASV_827,blue,0.536517310182783,1.4522129470689e-4,Planktothrix,16S_ASV_399,Chlorophyta,18S_ASV_827
16S_ASV_393,18S_ASV_85,blue,0.536286955792922,1.4636363799343e-4,Planktothrix,16S_ASV_393,Opisthokonta_Chytridiomycota,18S_ASV_85
16S_ASV_386,18S_ASV_135,blue,0.536279938999062,1.4639856241639e-4,Planktothrix,16S_ASV_386,Cryptophyta,18S_ASV_135
16S_ASV_375,18S_ASV_141,blue,0.53622716178002106,1.466614909921e-4,Planktothrix,16S_ASV_375,Chlorophyta,18S_ASV_141
16S_ASV_386,18S_ASV_279,blue,0.536175045930527,1.4692154525284e-4,Planktothrix,16S_ASV_386,Rhizaria,18S_ASV_279
16S_ASV_1147,18S_ASV_18,blue,0.536168779526583,1.4695284232075e-4,NA,16S_ASV_1147,Chlorophyta,18S_ASV_18
16S_ASV_250,18S_ASV_403,blue,0.535512963379557,1.5026192129986e-4,Planktothrix,16S_ASV_250,Chlorophyta,18S_ASV_403
16S_ASV_259,18S_ASV_104,blue,0.535486202955478,1.50398372285e-4,Planktothrix,16S_ASV_259,Stramenopiles,18S_ASV_104
16S_ASV_526,18S_ASV_403,blue,0.535432635914769,1.5067184769048e-4,Planktothrix,16S_ASV_526,Chlorophyta,18S_ASV_403
16S_ASV_443,18S_ASV_261,blue,0.535138285598863,1.5218266176395e-4,Planktothrix,16S_ASV_443,Chlorophyta,18S_ASV_261
16S_ASV_443,18S_ASV_135,blue,0.535037676056067,1.5270220513381e-4,Planktothrix,16S_ASV_443,Cryptophyta,18S_ASV_135
16S_ASV_355,18S_ASV_104,blue,0.53475497360059,1.54170695503e-4,Planktothrix,16S_ASV_355,Stramenopiles,18S_ASV_104
16S_ASV_365,18S_ASV_141,blue,0.534740555139858,1.5424593411103e-4,Planktothrix,16S_ASV_365,Chlorophyta,18S_ASV_141
16S_ASV_319,18S_ASV_827,blue,0.534720074017445,1.5435286626007e-4,Planktothrix,16S_ASV_319,Chlorophyta,18S_ASV_827
16S_ASV_467,18S_ASV_827,blue,0.534640653883958,1.5476815603497e-4,Planktothrix,16S_ASV_467,Chlorophyta,18S_ASV_827
16S_ASV_169,18S_ASV_454,blue,0.534523551272842,1.553823380769e-4,Planktothrix,16S_ASV_169,Rhizaria,18S_ASV_454
16S_ASV_269,18S_ASV_119,blue,0.534514738315497,1.5542864980412e-4,Planktothrix,16S_ASV_269,Stramenopiles,18S_ASV_119
16S_ASV_273,18S_ASV_135,blue,0.534495317305077,1.5553075062558e-4,Planktothrix,16S_ASV_273,Cryptophyta,18S_ASV_135
16S_ASV_568,18S_ASV_135,blue,0.53426048299194,1.5677015576818e-4,Planktothrix,16S_ASV_568,Cryptophyta,18S_ASV_135
16S_ASV_416,18S_ASV_224,blue,0.534169286248573,1.5725388336319e-4,Planktothrix,16S_ASV_416,Stramenopiles,18S_ASV_224
16S_ASV_475,18S_ASV_280,blue,0.534077625227484,1.5774143773216e-4,Planktothrix,16S_ASV_475,Stramenopiles,18S_ASV_280
16S_ASV_269,18S_ASV_141,blue,0.534041758372518,1.579325902238e-4,Planktothrix,16S_ASV_269,Chlorophyta,18S_ASV_141
16S_ASV_503,18S_ASV_104,blue,0.533896578285308,1.5870847667513e-4,Planktothrix,16S_ASV_503,Stramenopiles,18S_ASV_104
16S_ASV_341,18S_ASV_11,blue,0.53386695895812,1.5886719543014e-4,Planktothrix,16S_ASV_341,Cryptophyta,18S_ASV_11
16S_ASV_375,18S_ASV_272,blue,0.533830832652964,1.5906097753488e-4,Planktothrix,16S_ASV_375,Stramenopiles,18S_ASV_272
16S_ASV_568,18S_ASV_279,blue,0.533792550500777,1.5926655762732e-4,Planktothrix,16S_ASV_568,Rhizaria,18S_ASV_279
16S_ASV_449,18S_ASV_104,blue,0.533760021861172,1.5944143000779e-4,Planktothrix,16S_ASV_449,Stramenopiles,18S_ASV_104
16S_ASV_815,18S_ASV_279,blue,0.533340064482978,1.6171479475376e-4,Terrimicrobium,16S_ASV_815,Rhizaria,18S_ASV_279
16S_ASV_269,18S_ASV_279,blue,0.533225100432949,1.6234223753639e-4,Planktothrix,16S_ASV_269,Rhizaria,18S_ASV_279
16S_ASV_169,18S_ASV_119,blue,0.532667117658283,1.654190398184e-4,Planktothrix,16S_ASV_169,Stramenopiles,18S_ASV_119
16S_ASV_250,18S_ASV_135,blue,0.532584543262693,1.6587883289006e-4,Planktothrix,16S_ASV_250,Cryptophyta,18S_ASV_135
16S_ASV_550,18S_ASV_102,blue,0.532469815914251,1.6651958492774e-4,Planktothrix,16S_ASV_550,Opisthokonta_Chytridiomycota,18S_ASV_102
16S_ASV_388,18S_ASV_279,blue,0.53235323874182106,1.671729666761e-4,Planktothrix,16S_ASV_388,Rhizaria,18S_ASV_279
16S_ASV_395,18S_ASV_135,blue,0.532186618764268,1.6811086063547e-4,Planktothrix,16S_ASV_395,Cryptophyta,18S_ASV_135
16S_ASV_261,18S_ASV_135,blue,0.531923451080604,1.6960193950452e-4,Planktothrix,16S_ASV_261,Cryptophyta,18S_ASV_135
16S_ASV_406,18S_ASV_104,blue,0.531900894582785,1.6973029844473e-4,Planktothrix,16S_ASV_406,Stramenopiles,18S_ASV_104
16S_ASV_1147,18S_ASV_141,blue,0.531883489379497,1.6982940387537e-4,NA,16S_ASV_1147,Chlorophyta,18S_ASV_141
16S_ASV_395,18S_ASV_98,blue,0.531730976108722,1.7070006321016e-4,Planktothrix,16S_ASV_395,Chlorophyta,18S_ASV_98
16S_ASV_1147,18S_ASV_309,blue,0.531727631395139,1.7071920259721e-4,NA,16S_ASV_1147,Opisthokonta_Unclassified,18S_ASV_309
16S_ASV_273,18S_ASV_272,blue,0.531648461715114,1.7117280217158e-4,Planktothrix,16S_ASV_273,Stramenopiles,18S_ASV_272
16S_ASV_169,18S_ASV_98,blue,0.531438742238561,1.7237966813732e-4,Planktothrix,16S_ASV_169,Chlorophyta,18S_ASV_98
16S_ASV_499,18S_ASV_431,blue,0.531160979524466,1.7398997562406e-4,Planktothrix,16S_ASV_499,Chlorophyta,18S_ASV_431
16S_ASV_393,18S_ASV_135,blue,0.530879500972912,1.7563572683709e-4,Planktothrix,16S_ASV_393,Cryptophyta,18S_ASV_135
16S_ASV_348,18S_ASV_280,blue,0.530792704032036,1.7614605125169e-4,Planktothrix,16S_ASV_348,Stramenopiles,18S_ASV_280
16S_ASV_259,18S_ASV_11,blue,0.530777679262318,1.7623452605444e-4,Planktothrix,16S_ASV_259,Cryptophyta,18S_ASV_11
16S_ASV_269,18S_ASV_272,blue,0.530546623712274,1.7760020192796e-4,Planktothrix,16S_ASV_269,Stramenopiles,18S_ASV_272
16S_ASV_443,18S_ASV_279,blue,0.530509498694807,1.7782052521863e-4,Planktothrix,16S_ASV_443,Rhizaria,18S_ASV_279
16S_ASV_815,18S_ASV_104,blue,0.530493536043847,1.7791533381108e-4,Terrimicrobium,16S_ASV_815,Stramenopiles,18S_ASV_104
16S_ASV_359,18S_ASV_279,blue,0.530458905694733,1.7812117491092e-4,Planktothrix,16S_ASV_359,Rhizaria,18S_ASV_279
16S_ASV_395,18S_ASV_279,blue,0.530039646161307,1.8063041789988e-4,Planktothrix,16S_ASV_395,Rhizaria,18S_ASV_279
16S_ASV_359,18S_ASV_309,blue,0.529739115256949,1.8244874449691e-4,Planktothrix,16S_ASV_359,Opisthokonta_Unclassified,18S_ASV_309
16S_ASV_320,18S_ASV_279,blue,0.529622497813064,1.8315878058708e-4,Planktothrix,16S_ASV_320,Rhizaria,18S_ASV_279
16S_ASV_320,18S_ASV_11,blue,0.52959236502736,1.8334265351918e-4,Planktothrix,16S_ASV_320,Cryptophyta,18S_ASV_11
16S_ASV_250,18S_ASV_85,blue,0.52957938992755,1.8342188024317e-4,Planktothrix,16S_ASV_250,Opisthokonta_Chytridiomycota,18S_ASV_85
16S_ASV_341,18S_ASV_104,blue,0.529394049434291,1.8455697231944e-4,Planktothrix,16S_ASV_341,Stramenopiles,18S_ASV_104
16S_ASV_463,18S_ASV_431,blue,0.5293338206831,1.8492720304682e-4,Planktothrix,16S_ASV_463,Chlorophyta,18S_ASV_431
16S_ASV_467,18S_ASV_279,blue,0.529290852175798,1.8519174496652e-4,Planktothrix,16S_ASV_467,Rhizaria,18S_ASV_279
16S_ASV_272,18S_ASV_280,blue,0.529244221046348,1.8547922435304e-4,Planktothrix,16S_ASV_272,Stramenopiles,18S_ASV_280
16S_ASV_550,18S_ASV_135,blue,0.529006998221049,1.8694796670129e-4,Planktothrix,16S_ASV_550,Cryptophyta,18S_ASV_135
16S_ASV_259,18S_ASV_827,blue,0.528843550224844,1.8796606297708e-4,Planktothrix,16S_ASV_259,Chlorophyta,18S_ASV_827
16S_ASV_330,18S_ASV_135,blue,0.528704908134735,1.8883358169066e-4,Planktothrix,16S_ASV_330,Cryptophyta,18S_ASV_135
16S_ASV_488,18S_ASV_11,blue,0.528490658111802,1.9018133508943e-4,Planktothrix,16S_ASV_488,Cryptophyta,18S_ASV_11
16S_ASV_526,18S_ASV_261,blue,0.52835385020348,1.910464871453e-4,Planktothrix,16S_ASV_526,Chlorophyta,18S_ASV_261
16S_ASV_306,18S_ASV_272,blue,0.528243776111689,1.9174516560517e-4,Planktothrix,16S_ASV_306,Stramenopiles,18S_ASV_272
16S_ASV_371,18S_ASV_104,blue,0.52821155607807,1.9195011486254e-4,Planktothrix,16S_ASV_371,Stramenopiles,18S_ASV_104
16S_ASV_62,18S_ASV_98,blue,0.528139323751937,1.9241030074445e-4,Planktothrix,16S_ASV_62,Chlorophyta,18S_ASV_98
16S_ASV_815,18S_ASV_135,blue,0.528101200524304,1.9265358328348e-4,Terrimicrobium,16S_ASV_815,Cryptophyta,18S_ASV_135
16S_ASV_320,18S_ASV_104,blue,0.527799342727581,1.9458974305775e-4,Planktothrix,16S_ASV_320,Stramenopiles,18S_ASV_104
16S_ASV_388,18S_ASV_207,blue,0.527666922131489,1.9544465688435e-4,Planktothrix,16S_ASV_388,Stramenopiles,18S_ASV_207
16S_ASV_499,18S_ASV_135,blue,0.527458144100407,1.9679945081143e-4,Planktothrix,16S_ASV_499,Cryptophyta,18S_ASV_135
16S_ASV_341,18S_ASV_135,blue,0.527366465453883,1.9739705151947e-4,Planktothrix,16S_ASV_341,Cryptophyta,18S_ASV_135
16S_ASV_314,18S_ASV_64,blue,0.527357073570609,1.9745836456495e-4,Planktothrix,16S_ASV_314,Cryptophyta,18S_ASV_64
16S_ASV_169,18S_ASV_85,blue,0.527250388564394,1.9815604835771e-4,Planktothrix,16S_ASV_169,Opisthokonta_Chytridiomycota,18S_ASV_85
16S_ASV_474,18S_ASV_135,blue,0.526811632100514,2.0104890278554e-4,Planktothrix,16S_ASV_474,Cryptophyta,18S_ASV_135
16S_ASV_244,18S_ASV_11,blue,0.526647025627089,2.0214403228157e-4,Planktothrix,16S_ASV_244,Cryptophyta,18S_ASV_11
16S_ASV_143,18S_ASV_11,blue,0.526624397668644,2.022949980714e-4,Planktothrix,16S_ASV_143,Cryptophyta,18S_ASV_11
16S_ASV_416,18S_ASV_104,blue,0.526417911934138,2.0367732272725e-4,Planktothrix,16S_ASV_416,Stramenopiles,18S_ASV_104
16S_ASV_371,18S_ASV_11,blue,0.526416945260402,2.0368381421931e-4,Planktothrix,16S_ASV_371,Cryptophyta,18S_ASV_11
16S_ASV_550,18S_ASV_431,blue,0.525640413725808,2.0895938948566e-4,Planktothrix,16S_ASV_550,Chlorophyta,18S_ASV_431
16S_ASV_488,18S_ASV_431,blue,0.52514790498496,2.1236917978564e-4,Planktothrix,16S_ASV_488,Chlorophyta,18S_ASV_431
16S_ASV_579,18S_ASV_431,blue,0.525125070071384,2.1252848790914e-4,Planktothrix,16S_ASV_579,Chlorophyta,18S_ASV_431
16S_ASV_319,18S_ASV_104,blue,0.525005436163878,2.1336488523816e-4,Planktothrix,16S_ASV_319,Stramenopiles,18S_ASV_104
16S_ASV_314,18S_ASV_261,blue,0.52460736267999,2.1616943708702e-4,Planktothrix,16S_ASV_314,Chlorophyta,18S_ASV_261
16S_ASV_169,18S_ASV_827,blue,0.524353765310015,2.1797346633142e-4,Planktothrix,16S_ASV_169,Chlorophyta,18S_ASV_827
16S_ASV_330,18S_ASV_827,blue,0.524027220592032,2.2031649267551e-4,Planktothrix,16S_ASV_330,Chlorophyta,18S_ASV_827
16S_ASV_319,18S_ASV_431,blue,0.523991513684815,2.2057407477244e-4,Planktothrix,16S_ASV_319,Chlorophyta,18S_ASV_431
16S_ASV_463,18S_ASV_135,blue,0.523193052471093,2.2640566682555e-4,Planktothrix,16S_ASV_463,Cryptophyta,18S_ASV_135
16S_ASV_579,18S_ASV_104,blue,0.523092245618729,2.2715174698258e-4,Planktothrix,16S_ASV_579,Stramenopiles,18S_ASV_104
16S_ASV_550,18S_ASV_827,blue,0.522683229904352,2.3020178658189e-4,Planktothrix,16S_ASV_550,Chlorophyta,18S_ASV_827
16S_ASV_261,18S_ASV_104,blue,0.522660072834593,2.303755725509e-4,Planktothrix,16S_ASV_261,Stramenopiles,18S_ASV_104
16S_ASV_815,18S_ASV_272,blue,0.522330469540208,2.3286203557263e-4,Terrimicrobium,16S_ASV_815,Stramenopiles,18S_ASV_272
16S_ASV_526,18S_ASV_827,blue,0.522247515329135,2.3349163796754e-4,Planktothrix,16S_ASV_526,Chlorophyta,18S_ASV_827
16S_ASV_359,18S_ASV_135,blue,0.522246313739639,2.3350076904513e-4,Planktothrix,16S_ASV_359,Cryptophyta,18S_ASV_135
16S_ASV_169,18S_ASV_11,blue,0.52205649422096,2.3494730202334e-4,Planktothrix,16S_ASV_169,Cryptophyta,18S_ASV_11
16S_ASV_399,18S_ASV_104,blue,0.52201940228945,2.3523090867563e-4,Planktothrix,16S_ASV_399,Stramenopiles,18S_ASV_104
16S_ASV_388,18S_ASV_135,blue,0.521896382215649,2.3617374418256e-4,Planktothrix,16S_ASV_388,Cryptophyta,18S_ASV_135
16S_ASV_467,18S_ASV_104,blue,0.52182619575159,2.3671318897037e-4,Planktothrix,16S_ASV_467,Stramenopiles,18S_ASV_104
16S_ASV_488,18S_ASV_135,blue,0.521813639459461,2.3680981258115e-4,Planktothrix,16S_ASV_488,Cryptophyta,18S_ASV_135
16S_ASV_568,18S_ASV_403,blue,0.521685865239466,2.3779509583578e-4,Planktothrix,16S_ASV_568,Chlorophyta,18S_ASV_403
16S_ASV_416,18S_ASV_279,blue,0.521662019392997,2.3797938423835e-4,Planktothrix,16S_ASV_416,Rhizaria,18S_ASV_279
16S_ASV_62,18S_ASV_309,blue,0.521646107995581,2.3810242450542e-4,Planktothrix,16S_ASV_62,Opisthokonta_Unclassified,18S_ASV_309
16S_ASV_416,18S_ASV_135,blue,0.521515422665097,2.3911517223474e-4,Planktothrix,16S_ASV_416,Cryptophyta,18S_ASV_135
16S_ASV_406,18S_ASV_135,blue,0.521444769645709,2.3966431988272e-4,Planktothrix,16S_ASV_406,Cryptophyta,18S_ASV_135
16S_ASV_250,18S_ASV_104,blue,0.521104425032886,2.4232565032212e-4,Planktothrix,16S_ASV_250,Stramenopiles,18S_ASV_104
16S_ASV_355,18S_ASV_135,blue,0.52108637027576,2.4246757345696e-4,Planktothrix,16S_ASV_355,Cryptophyta,18S_ASV_135
16S_ASV_406,18S_ASV_431,blue,0.52106218741297206,2.4265778560445e-4,Planktothrix,16S_ASV_406,Chlorophyta,18S_ASV_431
16S_ASV_395,18S_ASV_403,blue,0.521052452602945,2.4273439358264e-4,Planktothrix,16S_ASV_395,Chlorophyta,18S_ASV_403
16S_ASV_406,18S_ASV_11,blue,0.521049280808041,2.4275935871095e-4,Planktothrix,16S_ASV_406,Cryptophyta,18S_ASV_11
16S_ASV_375,18S_ASV_279,blue,0.520951222551452,2.4353231966676e-4,Planktothrix,16S_ASV_375,Rhizaria,18S_ASV_279
16S_ASV_449,18S_ASV_280,blue,0.520940763740742,2.4361489424989e-4,Planktothrix,16S_ASV_449,Stramenopiles,18S_ASV_280
16S_ASV_463,18S_ASV_104,blue,0.520702523027982,2.4550272742497e-4,Planktothrix,16S_ASV_463,Stramenopiles,18S_ASV_104
16S_ASV_579,18S_ASV_135,blue,0.520681277194743,2.4567172144726e-4,Planktothrix,16S_ASV_579,Cryptophyta,18S_ASV_135
16S_ASV_169,18S_ASV_403,blue,0.520494962551542,2.4715822142656e-4,Planktothrix,16S_ASV_169,Chlorophyta,18S_ASV_403
16S_ASV_306,18S_ASV_104,blue,0.520293612470116,2.4877382100648e-4,Planktothrix,16S_ASV_306,Stramenopiles,18S_ASV_104
16S_ASV_449,18S_ASV_135,blue,0.520010826459377,2.5105897365106e-4,Planktothrix,16S_ASV_449,Cryptophyta,18S_ASV_135
16S_ASV_314,18S_ASV_98,blue,0.519837769950565,2.5246676212448e-4,Planktothrix,16S_ASV_314,Chlorophyta,18S_ASV_98
16S_ASV_169,18S_ASV_279,blue,0.519730971378528,2.5333910973568e-4,Planktothrix,16S_ASV_169,Rhizaria,18S_ASV_279
16S_ASV_815,18S_ASV_597,blue,0.519652618562865,2.5398083995289e-4,Terrimicrobium,16S_ASV_815,Stramenopiles,18S_ASV_597
16S_ASV_371,18S_ASV_135,blue,0.519638227221101,2.5409886846453e-4,Planktothrix,16S_ASV_371,Cryptophyta,18S_ASV_135
16S_ASV_143,18S_ASV_104,blue,0.519439360429386,2.5573493063044e-4,Planktothrix,16S_ASV_143,Stramenopiles,18S_ASV_104
16S_ASV_395,18S_ASV_272,blue,0.519429412182143,2.5581702366294e-4,Planktothrix,16S_ASV_395,Stramenopiles,18S_ASV_272
16S_ASV_388,18S_ASV_102,blue,0.519342993450465,2.5653115484155e-4,Planktothrix,16S_ASV_388,Opisthokonta_Chytridiomycota,18S_ASV_102
16S_ASV_320,18S_ASV_190,blue,0.518966515845407,2.5966329480383e-4,Planktothrix,16S_ASV_320,Stramenopiles,18S_ASV_190
16S_ASV_348,18S_ASV_135,blue,0.518878181826417,2.6040318641544e-4,Planktothrix,16S_ASV_348,Cryptophyta,18S_ASV_135
16S_ASV_250,18S_ASV_272,blue,0.518859530847139,2.6055965170396e-4,Planktothrix,16S_ASV_250,Stramenopiles,18S_ASV_272
16S_ASV_393,18S_ASV_280,blue,0.518809007906588,2.6098392164595e-4,Planktothrix,16S_ASV_393,Stramenopiles,18S_ASV_280
16S_ASV_503,18S_ASV_135,blue,0.518611928068965,2.6264488870364e-4,Planktothrix,16S_ASV_503,Cryptophyta,18S_ASV_135
16S_ASV_815,18S_ASV_212,blue,0.518586824951484,2.628571395652e-4,Terrimicrobium,16S_ASV_815,Stramenopiles,18S_ASV_212
16S_ASV_269,18S_ASV_207,blue,0.518351073302382,2.648580350426e-4,Planktothrix,16S_ASV_269,Stramenopiles,18S_ASV_207
16S_ASV_386,18S_ASV_104,blue,0.518143073116694,2.6663481460907e-4,Planktothrix,16S_ASV_386,Stramenopiles,18S_ASV_104
16S_ASV_526,18S_ASV_98,blue,0.51814199820451,2.6664402463589e-4,Planktothrix,16S_ASV_526,Chlorophyta,18S_ASV_98
16S_ASV_269,18S_ASV_431,blue,0.517694053910577,2.7050720593003e-4,Planktothrix,16S_ASV_269,Chlorophyta,18S_ASV_431
16S_ASV_272,18S_ASV_119,blue,0.517144389379192,2.753167192847e-4,Planktothrix,16S_ASV_272,Stramenopiles,18S_ASV_119
16S_ASV_503,18S_ASV_280,blue,0.516787380587172,2.7848176034297e-4,Planktothrix,16S_ASV_503,Stramenopiles,18S_ASV_280
16S_ASV_815,18S_ASV_62,blue,0.516782477892019,2.7852545277212e-4,Terrimicrobium,16S_ASV_815,Streptophyta,18S_ASV_62
16S_ASV_319,18S_ASV_280,blue,0.51677807383996,2.7856470661384e-4,Planktothrix,16S_ASV_319,Stramenopiles,18S_ASV_280
16S_ASV_443,18S_ASV_98,blue,0.516513603953695,2.8093114021719e-4,Planktothrix,16S_ASV_443,Chlorophyta,18S_ASV_98
16S_ASV_244,18S_ASV_272,blue,0.51634700255717,2.8243117028722e-4,Planktothrix,16S_ASV_244,Stramenopiles,18S_ASV_272
16S_ASV_467,18S_ASV_135,blue,0.516299158183629,2.8286328215753e-4,Planktothrix,16S_ASV_467,Cryptophyta,18S_ASV_135
16S_ASV_244,18S_ASV_104,blue,0.516195375399766,2.8380266147925e-4,Planktothrix,16S_ASV_244,Stramenopiles,18S_ASV_104
16S_ASV_388,18S_ASV_827,blue,0.51611852744454,2.8450005775549e-4,Planktothrix,16S_ASV_388,Chlorophyta,18S_ASV_827
16S_ASV_463,18S_ASV_11,blue,0.515760080070172,2.8777346591822e-4,Planktothrix,16S_ASV_463,Cryptophyta,18S_ASV_11
16S_ASV_244,18S_ASV_141,blue,0.515703504268129,2.8829322350889e-4,Planktothrix,16S_ASV_244,Chlorophyta,18S_ASV_141
16S_ASV_550,18S_ASV_104,blue,0.515646533118087,2.8881746974387e-4,Planktothrix,16S_ASV_550,Stramenopiles,18S_ASV_104
16S_ASV_375,18S_ASV_207,blue,0.514798954773298,2.9671920719478e-4,Planktothrix,16S_ASV_375,Stramenopiles,18S_ASV_207
16S_ASV_292,18S_ASV_454,blue,0.514717219054232,2.9749143251688e-4,Planktothrix,16S_ASV_292,Rhizaria,18S_ASV_454
16S_ASV_443,18S_ASV_827,blue,0.514551017339559,2.990672775527e-4,Planktothrix,16S_ASV_443,Chlorophyta,18S_ASV_827
16S_ASV_365,18S_ASV_279,blue,0.514545423291267,2.9912044850184e-4,Planktothrix,16S_ASV_365,Rhizaria,18S_ASV_279
16S_ASV_348,18S_ASV_403,blue,0.514182853720092,3.0258489998804e-4,Planktothrix,16S_ASV_348,Chlorophyta,18S_ASV_403
16S_ASV_319,18S_ASV_135,blue,0.513964840324826,3.0468547719934e-4,Planktothrix,16S_ASV_319,Cryptophyta,18S_ASV_135
16S_ASV_393,18S_ASV_272,blue,0.513863297555844,3.0566833649503e-4,Planktothrix,16S_ASV_393,Stramenopiles,18S_ASV_272
16S_ASV_488,18S_ASV_104,blue,0.51383907280232,3.0590323673579e-4,Planktothrix,16S_ASV_488,Stramenopiles,18S_ASV_104
16S_ASV_330,18S_ASV_272,blue,0.513378379685252,3.1040157073511e-4,Planktothrix,16S_ASV_330,Stramenopiles,18S_ASV_272
16S_ASV_244,18S_ASV_119,blue,0.513131856783359,3.1283313238505e-4,Planktothrix,16S_ASV_244,Stramenopiles,18S_ASV_119
16S_ASV_273,18S_ASV_104,blue,0.512787248644924,3.1626096609841e-4,Planktothrix,16S_ASV_273,Stramenopiles,18S_ASV_104
16S_ASV_595,18S_ASV_403,blue,0.512646035324086,3.1767538593548e-4,Planktothrix,16S_ASV_595,Chlorophyta,18S_ASV_403
16S_ASV_62,18S_ASV_443,blue,0.512469854031934,3.1944805472855e-4,Planktothrix,16S_ASV_62,Stramenopiles,18S_ASV_443
16S_ASV_259,18S_ASV_135,blue,0.51238387902323,3.2031633904326e-4,Planktothrix,16S_ASV_259,Cryptophyta,18S_ASV_135
16S_ASV_365,18S_ASV_102,blue,0.512379962018702,3.2035594858284e-4,Planktothrix,16S_ASV_365,Opisthokonta_Chytridiomycota,18S_ASV_102
16S_ASV_359,18S_ASV_98,blue,0.512308043892477,3.2108398518962e-4,Planktothrix,16S_ASV_359,Chlorophyta,18S_ASV_98
16S_ASV_314,18S_ASV_272,blue,0.512291370433694,3.2125298584288e-4,Planktothrix,16S_ASV_314,Stramenopiles,18S_ASV_272
16S_ASV_330,18S_ASV_104,blue,0.511987614673894,3.2434591097766e-4,Planktothrix,16S_ASV_330,Stramenopiles,18S_ASV_104
16S_ASV_474,18S_ASV_827,blue,0.511921243932483,3.2502528253182e-4,Planktothrix,16S_ASV_474,Chlorophyta,18S_ASV_827
16S_ASV_272,18S_ASV_207,blue,0.511914183191631,3.2509763185226e-4,Planktothrix,16S_ASV_272,Stramenopiles,18S_ASV_207
16S_ASV_443,18S_ASV_403,blue,0.511897866298277,3.2526488182003e-4,Planktothrix,16S_ASV_443,Chlorophyta,18S_ASV_403
16S_ASV_579,18S_ASV_827,blue,0.511733033420596,3.2695879578774e-4,Planktothrix,16S_ASV_579,Chlorophyta,18S_ASV_827
16S_ASV_250,18S_ASV_190,blue,0.511576874243696,3.2857091170797e-4,Planktothrix,16S_ASV_250,Stramenopiles,18S_ASV_190
16S_ASV_359,18S_ASV_403,blue,0.51125160437392,3.3195189643609e-4,Planktothrix,16S_ASV_359,Chlorophyta,18S_ASV_403
16S_ASV_355,18S_ASV_280,blue,0.510965409943992,3.349526370653e-4,Planktothrix,16S_ASV_355,Stramenopiles,18S_ASV_280
16S_ASV_499,18S_ASV_11,blue,0.510851518826012,3.3615357273046e-4,Planktothrix,16S_ASV_499,Cryptophyta,18S_ASV_11
16S_ASV_443,18S_ASV_207,blue,0.510546735667119,3.3938651584563e-4,Planktothrix,16S_ASV_443,Stramenopiles,18S_ASV_207
16S_ASV_273,18S_ASV_11,blue,0.510165674993134,3.4346800023131e-4,Planktothrix,16S_ASV_273,Cryptophyta,18S_ASV_11
16S_ASV_474,18S_ASV_104,blue,0.510147080987842,3.4366828585206e-4,Planktothrix,16S_ASV_474,Stramenopiles,18S_ASV_104
16S_ASV_1147,18S_ASV_79,blue,0.510085846004831,3.4432862428679e-4,NA,16S_ASV_1147,Stramenopiles,18S_ASV_79
16S_ASV_388,18S_ASV_104,blue,0.509968438244944,3.4559791307802e-4,Planktothrix,16S_ASV_388,Stramenopiles,18S_ASV_104
16S_ASV_1147,18S_ASV_734,blue,0.50951461153578,3.5054398336542e-4,NA,16S_ASV_1147,Chlorophyta,18S_ASV_734
16S_ASV_143,18S_ASV_272,blue,0.509418841657056,3.5159586027819e-4,Planktothrix,16S_ASV_143,Stramenopiles,18S_ASV_272
16S_ASV_292,18S_ASV_104,blue,0.509395032629202,3.5185780519877e-4,Planktothrix,16S_ASV_292,Stramenopiles,18S_ASV_104
16S_ASV_399,18S_ASV_272,blue,0.509038937298739,3.557965895914e-4,Planktothrix,16S_ASV_399,Stramenopiles,18S_ASV_272
16S_ASV_395,18S_ASV_104,blue,0.508995266167947,3.5628236420092e-4,Planktothrix,16S_ASV_395,Stramenopiles,18S_ASV_104
16S_ASV_815,18S_ASV_454,blue,0.508945053025822,3.5684164767613e-4,Terrimicrobium,16S_ASV_815,Rhizaria,18S_ASV_454
16S_ASV_272,18S_ASV_431,blue,0.50881974313316,3.5824082704364e-4,Planktothrix,16S_ASV_272,Chlorophyta,18S_ASV_431
16S_ASV_272,18S_ASV_315,blue,0.508186425659396,3.653882513052e-4,Planktothrix,16S_ASV_272,Collodictyonidae,18S_ASV_315
16S_ASV_143,18S_ASV_190,blue,0.508115595859578,3.6619555360104e-4,Planktothrix,16S_ASV_143,Stramenopiles,18S_ASV_190
16S_ASV_474,18S_ASV_431,blue,0.508046615151505,3.669833253721e-4,Planktothrix,16S_ASV_474,Chlorophyta,18S_ASV_431
16S_ASV_475,18S_ASV_98,blue,0.508033413670627,3.6713426262192e-4,Planktothrix,16S_ASV_475,Chlorophyta,18S_ASV_98
16S_ASV_595,18S_ASV_135,blue,0.507823259335131,3.695445796188e-4,Planktothrix,16S_ASV_595,Cryptophyta,18S_ASV_135
16S_ASV_272,18S_ASV_190,blue,0.507728011958183,3.7064168706165e-4,Planktothrix,16S_ASV_272,Stramenopiles,18S_ASV_190
16S_ASV_348,18S_ASV_431,blue,0.507260768415101,3.7606627507541e-4,Planktothrix,16S_ASV_348,Chlorophyta,18S_ASV_431
16S_ASV_319,18S_ASV_98,blue,0.507125814983445,3.7764631390541e-4,Planktothrix,16S_ASV_319,Chlorophyta,18S_ASV_98
16S_ASV_359,18S_ASV_261,blue,0.506798690054592,3.8150115683834e-4,Planktothrix,16S_ASV_359,Chlorophyta,18S_ASV_261
16S_ASV_386,18S_ASV_190,blue,0.506712486054577,3.8252287059974e-4,Planktothrix,16S_ASV_386,Stramenopiles,18S_ASV_190
16S_ASV_292,18S_ASV_11,blue,0.506609942630583,3.8374145413993e-4,Planktothrix,16S_ASV_292,Cryptophyta,18S_ASV_11
16S_ASV_568,18S_ASV_827,blue,0.506400316997287,3.8624344811773e-4,Planktothrix,16S_ASV_568,Chlorophyta,18S_ASV_827
16S_ASV_467,18S_ASV_98,blue,0.506305584437468,3.8737894601788e-4,Planktothrix,16S_ASV_467,Chlorophyta,18S_ASV_98
16S_ASV_579,18S_ASV_11,blue,0.506223116035325,3.8836988914293e-4,Planktothrix,16S_ASV_579,Cryptophyta,18S_ASV_11
16S_ASV_467,18S_ASV_309,blue,0.506078189417576,3.901168669349e-4,Planktothrix,16S_ASV_467,Opisthokonta_Unclassified,18S_ASV_309
16S_ASV_488,18S_ASV_280,blue,0.505920555812957,3.9202505263753e-4,Planktothrix,16S_ASV_488,Stramenopiles,18S_ASV_280
16S_ASV_475,18S_ASV_135,blue,0.505918378098922,3.9205147307169e-4,Planktothrix,16S_ASV_475,Cryptophyta,18S_ASV_135
16S_ASV_365,18S_ASV_827,blue,0.505914774668209,3.9209519409045e-4,Planktothrix,16S_ASV_365,Chlorophyta,18S_ASV_827
16S_ASV_399,18S_ASV_190,blue,0.505887531991652,3.9242587612919e-4,Planktothrix,16S_ASV_399,Stramenopiles,18S_ASV_190
16S_ASV_259,18S_ASV_280,blue,0.505436039051619,3.9794297908186e-4,Planktothrix,16S_ASV_259,Stramenopiles,18S_ASV_280
16S_ASV_406,18S_ASV_280,blue,0.505094878652753,4.021580883543e-4,Planktothrix,16S_ASV_406,Stramenopiles,18S_ASV_280
16S_ASV_292,18S_ASV_827,blue,0.504960853468688,4.0382496952841e-4,Planktothrix,16S_ASV_292,Chlorophyta,18S_ASV_827
16S_ASV_269,18S_ASV_102,blue,0.504827754792172,4.0548648307156e-4,Planktothrix,16S_ASV_269,Opisthokonta_Chytridiomycota,18S_ASV_102
16S_ASV_306,18S_ASV_190,blue,0.504585523404981,4.085261411382e-4,Planktothrix,16S_ASV_306,Stramenopiles,18S_ASV_190
16S_ASV_395,18S_ASV_207,blue,0.504176011357104,4.1371163014416e-4,Planktothrix,16S_ASV_395,Stramenopiles,18S_ASV_207
16S_ASV_272,18S_ASV_104,blue,0.503969028892222,4.1635504975941e-4,Planktothrix,16S_ASV_272,Stramenopiles,18S_ASV_104
16S_ASV_62,18S_ASV_141,blue,0.503958855230984,4.1648537111484e-4,Planktothrix,16S_ASV_62,Chlorophyta,18S_ASV_141
16S_ASV_259,18S_ASV_431,blue,0.503801166789472,4.1851001159151e-4,Planktothrix,16S_ASV_259,Chlorophyta,18S_ASV_431
16S_ASV_1147,18S_ASV_123,blue,0.50360013702036,4.2110398079967e-4,NA,16S_ASV_1147,Stramenopiles,18S_ASV_123
16S_ASV_244,18S_ASV_431,blue,0.503454523277076,4.2299192419808e-4,Planktothrix,16S_ASV_244,Chlorophyta,18S_ASV_431
16S_ASV_388,18S_ASV_431,blue,0.503424413519963,4.2338325927251e-4,Planktothrix,16S_ASV_388,Chlorophyta,18S_ASV_431
16S_ASV_143,18S_ASV_135,blue,0.503075684901635,4.2793947558777e-4,Planktothrix,16S_ASV_143,Cryptophyta,18S_ASV_135
16S_ASV_320,18S_ASV_119,blue,0.503059748261812,4.2814874192065e-4,Planktothrix,16S_ASV_320,Stramenopiles,18S_ASV_119
16S_ASV_320,18S_ASV_135,blue,0.50245887036492,4.3610648573616e-4,Planktothrix,16S_ASV_320,Cryptophyta,18S_ASV_135
16S_ASV_467,18S_ASV_403,blue,0.502409945779403,4.3676024353821e-4,Planktothrix,16S_ASV_467,Chlorophyta,18S_ASV_403
16S_ASV_341,18S_ASV_431,blue,0.502395486065976,4.3695363114704e-4,Planktothrix,16S_ASV_341,Chlorophyta,18S_ASV_431
16S_ASV_365,18S_ASV_104,blue,0.501998784841757,4.4228935770104e-4,Planktothrix,16S_ASV_365,Stramenopiles,18S_ASV_104
16S_ASV_269,18S_ASV_827,blue,0.501807417298774,4.4488420128759e-4,Planktothrix,16S_ASV_269,Chlorophyta,18S_ASV_827
16S_ASV_388,18S_ASV_272,blue,0.501519383924849,4.4881561414064e-4,Planktothrix,16S_ASV_388,Stramenopiles,18S_ASV_272
16S_ASV_499,18S_ASV_403,blue,0.501480129608023,4.4935381591566e-4,Planktothrix,16S_ASV_499,Chlorophyta,18S_ASV_403
16S_ASV_272,18S_ASV_827,blue,0.501258729639269,4.5240023971646e-4,Planktothrix,16S_ASV_272,Chlorophyta,18S_ASV_827
16S_ASV_499,18S_ASV_280,blue,0.501211147860361,4.5305737733138e-4,Planktothrix,16S_ASV_499,Stramenopiles,18S_ASV_280
16S_ASV_375,18S_ASV_431,blue,0.500547767972985,4.6230899959296e-4,Planktothrix,16S_ASV_375,Chlorophyta,18S_ASV_431
16S_ASV_143,18S_ASV_431,blue,0.500543847812641,4.6236417229472e-4,Planktothrix,16S_ASV_143,Chlorophyta,18S_ASV_431
16S_ASV_272,18S_ASV_102,blue,0.500205026002488,4.6715522075752e-4,Planktothrix,16S_ASV_272,Opisthokonta_Chytridiomycota,18S_ASV_102
16S_ASV_273,18S_ASV_190,blue,0.50019498637467,4.6729786296609e-4,Planktothrix,16S_ASV_273,Stramenopiles,18S_ASV_190
16S_ASV_269,18S_ASV_190,blue,0.499964038766848,4.7058998218226e-4,Planktothrix,16S_ASV_269,Stramenopiles,18S_ASV_190
16S_ASV_320,18S_ASV_431,blue,0.499502822685078,4.7722703652103e-4,Planktothrix,16S_ASV_320,Chlorophyta,18S_ASV_431
16S_ASV_365,18S_ASV_190,blue,0.499403580267172,4.7866612627068e-4,Planktothrix,16S_ASV_365,Stramenopiles,18S_ASV_190
16S_ASV_365,18S_ASV_207,blue,0.499397506734138,4.7875432365795e-4,Planktothrix,16S_ASV_365,Stramenopiles,18S_ASV_207
16S_ASV_359,18S_ASV_431,blue,0.499372916139355,4.7911156770167e-4,Planktothrix,16S_ASV_359,Chlorophyta,18S_ASV_431
16S_ASV_388,18S_ASV_454,blue,0.499353203218094,4.7939812360327e-4,Planktothrix,16S_ASV_388,Rhizaria,18S_ASV_454
16S_ASV_463,18S_ASV_98,blue,0.499322915747442,4.7983869623058e-4,Planktothrix,16S_ASV_463,Chlorophyta,18S_ASV_98
16S_ASV_375,18S_ASV_102,blue,0.499154927856361,4.8228892622867e-4,Planktothrix,16S_ASV_375,Opisthokonta_Chytridiomycota,18S_ASV_102
16S_ASV_341,18S_ASV_454,blue,0.49882634996124,4.8711403123872e-4,Planktothrix,16S_ASV_341,Rhizaria,18S_ASV_454
16S_ASV_1147,18S_ASV_326,blue,0.498658292372915,4.8959866399668e-4,NA,16S_ASV_1147,Stramenopiles,18S_ASV_326
16S_ASV_261,18S_ASV_280,blue,0.498436286093951,4.9289836295057e-4,Planktothrix,16S_ASV_261,Stramenopiles,18S_ASV_280
16S_ASV_463,18S_ASV_280,blue,0.498361401754969,4.9401587639191e-4,Planktothrix,16S_ASV_463,Stramenopiles,18S_ASV_280
16S_ASV_503,18S_ASV_431,blue,0.498352384715164,4.9415059294942e-4,Planktothrix,16S_ASV_503,Chlorophyta,18S_ASV_431
16S_ASV_568,18S_ASV_190,blue,0.498305297494684,4.9485462306127e-4,Planktothrix,16S_ASV_568,Stramenopiles,18S_ASV_190
16S_ASV_355,18S_ASV_431,blue,0.498248512252976,4.9570485362495e-4,Planktothrix,16S_ASV_355,Chlorophyta,18S_ASV_431
16S_ASV_341,18S_ASV_280,blue,0.497820421263171,5.0215693307251e-4,Planktothrix,16S_ASV_341,Stramenopiles,18S_ASV_280
16S_ASV_1147,18S_ASV_160,blue,0.497706743676584,5.0388288868454e-4,NA,16S_ASV_1147,Opisthokonta_Chytridiomycota,18S_ASV_160
16S_ASV_244,18S_ASV_190,blue,0.497539193470303,5.0643650900323e-4,Planktothrix,16S_ASV_244,Stramenopiles,18S_ASV_190
16S_ASV_443,18S_ASV_104,blue,0.497470621795758,5.0748495478399e-4,Planktothrix,16S_ASV_443,Stramenopiles,18S_ASV_104
16S_ASV_169,18S_ASV_272,blue,0.497170201044593,5.1210135489725e-4,Planktothrix,16S_ASV_169,Stramenopiles,18S_ASV_272
16S_ASV_579,18S_ASV_280,blue,0.497028092822676,5.1429817331461e-4,Planktothrix,16S_ASV_579,Stramenopiles,18S_ASV_280
16S_ASV_503,18S_ASV_403,blue,0.496818825142838,5.1754861411194e-4,Planktothrix,16S_ASV_503,Chlorophyta,18S_ASV_403
16S_ASV_474,18S_ASV_454,blue,0.496477207562305,5.2289445490348e-4,Planktothrix,16S_ASV_474,Rhizaria,18S_ASV_454
16S_ASV_62,18S_ASV_827,blue,0.496366374360064,5.246394696573e-4,Planktothrix,16S_ASV_62,Chlorophyta,18S_ASV_827
16S_ASV_595,18S_ASV_261,blue,0.496347628659473,5.2493512835413e-4,Planktothrix,16S_ASV_595,Chlorophyta,18S_ASV_261
16S_ASV_62,18S_ASV_403,blue,0.496284827676791,5.2592672168866e-4,Planktothrix,16S_ASV_62,Chlorophyta,18S_ASV_403
16S_ASV_568,18S_ASV_98,blue,0.496080546988615,5.2916385394302e-4,Planktothrix,16S_ASV_568,Chlorophyta,18S_ASV_98
16S_ASV_341,18S_ASV_190,blue,0.495709586601732,5.3508807504555e-4,Planktothrix,16S_ASV_341,Stramenopiles,18S_ASV_190
16S_ASV_550,18S_ASV_454,blue,0.495580712234401,5.3716009553996e-4,Planktothrix,16S_ASV_550,Rhizaria,18S_ASV_454
16S_ASV_467,18S_ASV_261,blue,0.495550581816653,5.3764556565765e-4,Planktothrix,16S_ASV_467,Chlorophyta,18S_ASV_261
16S_ASV_526,18S_ASV_190,blue,0.495549751987587,5.3765894168172e-4,Planktothrix,16S_ASV_526,Stramenopiles,18S_ASV_190
16S_ASV_375,18S_ASV_190,blue,0.49506664861274,5.454970281033e-4,Planktothrix,16S_ASV_375,Stramenopiles,18S_ASV_190
16S_ASV_269,18S_ASV_135,blue,0.49494616565105,5.4746771781607e-4,Planktothrix,16S_ASV_269,Cryptophyta,18S_ASV_135
16S_ASV_320,18S_ASV_280,blue,0.494867298162068,5.4876118087622e-4,Planktothrix,16S_ASV_320,Stramenopiles,18S_ASV_280
16S_ASV_449,18S_ASV_431,blue,0.4946041420188,5.5309694402948e-4,Planktothrix,16S_ASV_449,Chlorophyta,18S_ASV_431
16S_ASV_169,18S_ASV_104,blue,0.494535109450331,5.5423940709738e-4,Planktothrix,16S_ASV_169,Stramenopiles,18S_ASV_104
16S_ASV_449,18S_ASV_98,blue,0.494452013460399,5.5561742500272e-4,Planktothrix,16S_ASV_449,Chlorophyta,18S_ASV_98
16S_ASV_292,18S_ASV_431,blue,0.494140997013204,5.6080250055277e-4,Planktothrix,16S_ASV_292,Chlorophyta,18S_ASV_431
16S_ASV_568,18S_ASV_104,blue,0.493997085889309,5.6321636874576e-4,Planktothrix,16S_ASV_568,Stramenopiles,18S_ASV_104
16S_ASV_815,18S_ASV_280,blue,0.493851111386589,5.6567437337177e-4,Terrimicrobium,16S_ASV_815,Stramenopiles,18S_ASV_280
16S_ASV_355,18S_ASV_403,blue,0.493638777543896,5.6926697136616e-4,Planktothrix,16S_ASV_355,Chlorophyta,18S_ASV_403
16S_ASV_1357,18S_ASV_102,blue,0.493562471371265,5.7056303423679e-4,Sphaerotilus,16S_ASV_1357,Opisthokonta_Chytridiomycota,18S_ASV_102
16S_ASV_261,18S_ASV_272,blue,0.493335899404771,5.7442699232643e-4,Planktothrix,16S_ASV_261,Stramenopiles,18S_ASV_272
16S_ASV_250,18S_ASV_280,blue,0.493082093878476,5.7878327435969e-4,Planktothrix,16S_ASV_250,Stramenopiles,18S_ASV_280
16S_ASV_371,18S_ASV_203,blue,0.493058676016068,5.7918670574043e-4,Planktothrix,16S_ASV_371,Stramenopiles,18S_ASV_203
16S_ASV_449,18S_ASV_190,blue,0.493015610915982,5.7992926902873e-4,Planktothrix,16S_ASV_449,Stramenopiles,18S_ASV_190
16S_ASV_348,18S_ASV_98,blue,0.492879187976193,5.8228722854849e-4,Planktothrix,16S_ASV_348,Chlorophyta,18S_ASV_98
16S_ASV_449,18S_ASV_261,blue,0.492730116207356,5.8487364914638e-4,Planktothrix,16S_ASV_449,Chlorophyta,18S_ASV_261
16S_ASV_399,18S_ASV_328,blue,0.492644427956787,5.8636501763911e-4,Planktothrix,16S_ASV_399,Stramenopiles,18S_ASV_328
16S_ASV_568,18S_ASV_203,blue,0.492581015717311,5.8747087801279e-4,Planktothrix,16S_ASV_568,Stramenopiles,18S_ASV_203
16S_ASV_526,18S_ASV_104,blue,0.492213296544902,5.939205965194e-4,Planktothrix,16S_ASV_526,Stramenopiles,18S_ASV_104
16S_ASV_62,18S_ASV_203,blue,0.492181073661395,5.9448879625733e-4,Planktothrix,16S_ASV_62,Stramenopiles,18S_ASV_203
16S_ASV_550,18S_ASV_272,blue,0.492060609353014,5.9661731781982e-4,Planktothrix,16S_ASV_550,Stramenopiles,18S_ASV_272
16S_ASV_499,18S_ASV_272,blue,0.4920150396899,5.9742428364836e-4,Planktothrix,16S_ASV_499,Stramenopiles,18S_ASV_272
16S_ASV_365,18S_ASV_431,blue,0.491988818944215,5.9788905491492e-4,Planktothrix,16S_ASV_365,Chlorophyta,18S_ASV_431
16S_ASV_443,18S_ASV_190,blue,0.491976421499773,5.9810891661172e-4,Planktothrix,16S_ASV_443,Stramenopiles,18S_ASV_190
16S_ASV_474,18S_ASV_203,blue,0.491965207633738,5.9830785070224e-4,Planktothrix,16S_ASV_474,Stramenopiles,18S_ASV_203
16S_ASV_348,18S_ASV_272,blue,0.491639917392742,6.0410440717245e-4,Planktothrix,16S_ASV_348,Stramenopiles,18S_ASV_272
16S_ASV_467,18S_ASV_431,blue,0.491553784987452,6.0564766981541e-4,Planktothrix,16S_ASV_467,Chlorophyta,18S_ASV_431
16S_ASV_244,18S_ASV_135,blue,0.491285431092712,6.1047856039654e-4,Planktothrix,16S_ASV_244,Cryptophyta,18S_ASV_135
16S_ASV_62,18S_ASV_597,blue,0.491108246923808,6.1368713916458e-4,Planktothrix,16S_ASV_62,Stramenopiles,18S_ASV_597
16S_ASV_341,18S_ASV_261,blue,0.491059812229684,6.1456685863668e-4,Planktothrix,16S_ASV_341,Chlorophyta,18S_ASV_261
16S_ASV_341,18S_ASV_203,blue,0.49093639005208,6.1681369284069e-4,Planktothrix,16S_ASV_341,Stramenopiles,18S_ASV_203
16S_ASV_579,18S_ASV_98,blue,0.490932658250821,6.1688174289672e-4,Planktothrix,16S_ASV_579,Chlorophyta,18S_ASV_98
16S_ASV_1147,18S_ASV_47,blue,0.490755406901893,6.201217201505e-4,NA,16S_ASV_1147,Chlorophyta,18S_ASV_47
16S_ASV_1147,18S_ASV_321,blue,0.490683379483141,6.2144266528563e-4,NA,16S_ASV_1147,Opisthokonta_Chytridiomycota,18S_ASV_321
16S_ASV_475,18S_ASV_403,blue,0.490666736840603,6.2174824138719e-4,Planktothrix,16S_ASV_475,Chlorophyta,18S_ASV_403
16S_ASV_371,18S_ASV_280,blue,0.490607796449073,6.2283153208657e-4,Planktothrix,16S_ASV_371,Stramenopiles,18S_ASV_280
16S_ASV_62,18S_ASV_11,blue,0.490167532569728,6.3097703544799e-4,Planktothrix,16S_ASV_62,Cryptophyta,18S_ASV_11
16S_ASV_416,18S_ASV_190,blue,0.490015772741493,6.3380687133299e-4,Planktothrix,16S_ASV_416,Stramenopiles,18S_ASV_190
16S_ASV_62,18S_ASV_85,blue,0.48987456597433,6.3645014351652e-4,Planktothrix,16S_ASV_62,Opisthokonta_Chytridiomycota,18S_ASV_85
16S_ASV_330,18S_ASV_328,blue,0.489856199805374,6.3679466835102e-4,Planktothrix,16S_ASV_330,Stramenopiles,18S_ASV_328
16S_ASV_143,18S_ASV_119,blue,0.48962877120352,6.4107480624607e-4,Planktothrix,16S_ASV_143,Stramenopiles,18S_ASV_119
16S_ASV_355,18S_ASV_261,blue,0.48958773043167,6.4184992318896e-4,Planktothrix,16S_ASV_355,Chlorophyta,18S_ASV_261
16S_ASV_579,18S_ASV_403,blue,0.489224399465119,6.4874871751914e-4,Planktothrix,16S_ASV_579,Chlorophyta,18S_ASV_403
16S_ASV_416,18S_ASV_280,blue,0.489144787393785,6.502692133786e-4,Planktothrix,16S_ASV_416,Stramenopiles,18S_ASV_280
16S_ASV_143,18S_ASV_280,blue,0.489055439432546,6.5197945784813e-4,Planktothrix,16S_ASV_143,Stramenopiles,18S_ASV_280
16S_ASV_306,18S_ASV_280,blue,0.489045225343047,6.5217522640313e-4,Planktothrix,16S_ASV_306,Stramenopiles,18S_ASV_280
16S_ASV_355,18S_ASV_98,blue,0.489022330491935,6.5261423252175e-4,Planktothrix,16S_ASV_355,Chlorophyta,18S_ASV_98
16S_ASV_595,18S_ASV_431,blue,0.488932265452301,6.543437916801e-4,Planktothrix,16S_ASV_595,Chlorophyta,18S_ASV_431
16S_ASV_143,18S_ASV_141,blue,0.488905945552376,6.5484999984247e-4,Planktothrix,16S_ASV_143,Chlorophyta,18S_ASV_141
16S_ASV_449,18S_ASV_403,blue,0.488893060658438,6.5509794178868e-4,Planktothrix,16S_ASV_449,Chlorophyta,18S_ASV_403
16S_ASV_250,18S_ASV_203,blue,0.488840871482766,6.5610307082266e-4,Planktothrix,16S_ASV_250,Stramenopiles,18S_ASV_203
16S_ASV_244,18S_ASV_280,blue,0.488820389354849,6.564979207204e-4,Planktothrix,16S_ASV_244,Stramenopiles,18S_ASV_280
16S_ASV_488,18S_ASV_98,blue,0.488694036922192,6.5893842915566e-4,Planktothrix,16S_ASV_488,Chlorophyta,18S_ASV_98
16S_ASV_526,18S_ASV_454,blue,0.488692364558626,6.5897078547312e-4,Planktothrix,16S_ASV_526,Rhizaria,18S_ASV_454
16S_ASV_395,18S_ASV_827,blue,0.488407073034478,6.6451140115415e-4,Planktothrix,16S_ASV_395,Chlorophyta,18S_ASV_827
16S_ASV_371,18S_ASV_431,blue,0.488204294812925,6.6847488724176e-4,Planktothrix,16S_ASV_371,Chlorophyta,18S_ASV_431
16S_ASV_314,18S_ASV_403,blue,0.487605426432654,6.8030432408532e-4,Planktothrix,16S_ASV_314,Chlorophyta,18S_ASV_403
16S_ASV_359,18S_ASV_454,blue,0.487245191224295,6.8751008399541e-4,Planktothrix,16S_ASV_359,Rhizaria,18S_ASV_454
16S_ASV_449,18S_ASV_454,blue,0.487140164611757,6.8962376224135e-4,Planktothrix,16S_ASV_449,Rhizaria,18S_ASV_454
16S_ASV_568,18S_ASV_454,blue,0.487023096118203,6.9198664677182e-4,Planktothrix,16S_ASV_568,Rhizaria,18S_ASV_454
16S_ASV_359,18S_ASV_190,blue,0.486852618841592,6.9544049730798e-4,Planktothrix,16S_ASV_359,Stramenopiles,18S_ASV_190
16S_ASV_348,18S_ASV_261,blue,0.486252356724742,7.0772502776029e-4,Planktothrix,16S_ASV_348,Chlorophyta,18S_ASV_261
16S_ASV_467,18S_ASV_190,blue,0.486114070813707,7.1058249205441e-4,Planktothrix,16S_ASV_467,Stramenopiles,18S_ASV_190
16S_ASV_503,18S_ASV_98,blue,0.485757557211924,7.1799702308707e-4,Planktothrix,16S_ASV_503,Chlorophyta,18S_ASV_98
16S_ASV_320,18S_ASV_454,blue,0.485632962932855,7.2060454665538e-4,Planktothrix,16S_ASV_320,Rhizaria,18S_ASV_454
16S_ASV_386,18S_ASV_328,blue,0.48514286723986,7.3094382619625e-4,Planktothrix,16S_ASV_386,Stramenopiles,18S_ASV_328
16S_ASV_371,18S_ASV_454,blue,0.485042586645936,7.3307569169697e-4,Planktothrix,16S_ASV_371,Rhizaria,18S_ASV_454
16S_ASV_475,18S_ASV_261,blue,0.48497435867416,7.3452933174388e-4,Planktothrix,16S_ASV_475,Chlorophyta,18S_ASV_261
16S_ASV_341,18S_ASV_403,blue,0.484825726096204,7.3770498325197e-4,Planktothrix,16S_ASV_341,Chlorophyta,18S_ASV_403
16S_ASV_386,18S_ASV_280,blue,0.484792794020831,7.3841026449573e-4,Planktothrix,16S_ASV_386,Stramenopiles,18S_ASV_280
16S_ASV_62,18S_ASV_64,blue,0.484633125492679,7.4183833217156e-4,Planktothrix,16S_ASV_62,Cryptophyta,18S_ASV_64
16S_ASV_406,18S_ASV_98,blue,0.484615190084284,7.4222429255155e-4,Planktothrix,16S_ASV_406,Chlorophyta,18S_ASV_98
16S_ASV_330,18S_ASV_190,blue,0.484566077313627,7.432820935598e-4,Planktothrix,16S_ASV_330,Stramenopiles,18S_ASV_190
16S_ASV_269,18S_ASV_104,blue,0.484546106948965,7.4371260531027e-4,Planktothrix,16S_ASV_269,Stramenopiles,18S_ASV_104
16S_ASV_503,18S_ASV_261,blue,0.484489759821653,7.4492851425609e-4,Planktothrix,16S_ASV_503,Chlorophyta,18S_ASV_261
16S_ASV_388,18S_ASV_203,blue,0.484285937277363,7.4934165890092e-4,Planktothrix,16S_ASV_388,Stramenopiles,18S_ASV_203
16S_ASV_330,18S_ASV_280,blue,0.484273854714646,7.4960400274389e-4,Planktothrix,16S_ASV_330,Stramenopiles,18S_ASV_280
16S_ASV_474,18S_ASV_272,blue,0.484145304151208,7.5240026567842e-4,Planktothrix,16S_ASV_474,Stramenopiles,18S_ASV_272
16S_ASV_62,18S_ASV_279,blue,0.484065744406682,7.5413554346187e-4,Planktothrix,16S_ASV_62,Rhizaria,18S_ASV_279
16S_ASV_371,18S_ASV_261,blue,0.483931497795305,7.5707172188871e-4,Planktothrix,16S_ASV_371,Chlorophyta,18S_ASV_261
16S_ASV_259,18S_ASV_98,blue,0.483923283003463,7.5725172377589e-4,Planktothrix,16S_ASV_259,Chlorophyta,18S_ASV_98
16S_ASV_341,18S_ASV_272,blue,0.483846618935072,7.5893342913691e-4,Planktothrix,16S_ASV_341,Stramenopiles,18S_ASV_272
16S_ASV_261,18S_ASV_190,blue,0.483836739618515,7.591503851394e-4,Planktothrix,16S_ASV_261,Stramenopiles,18S_ASV_190
16S_ASV_244,18S_ASV_403,blue,0.483789853785863,7.601807847242e-4,Planktothrix,16S_ASV_244,Chlorophyta,18S_ASV_403
16S_ASV_443,18S_ASV_203,blue,0.483784985444056,7.6028784691449e-4,Planktothrix,16S_ASV_443,Stramenopiles,18S_ASV_203
16S_ASV_259,18S_ASV_403,blue,0.483653134113179,7.6319259512762e-4,Planktothrix,16S_ASV_259,Chlorophyta,18S_ASV_403
16S_ASV_250,18S_ASV_454,blue,0.483376357168267,7.6932246214257e-4,Planktothrix,16S_ASV_250,Rhizaria,18S_ASV_454
16S_ASV_169,18S_ASV_203,blue,0.483201775961787,7.7321159713293e-4,Planktothrix,16S_ASV_169,Stramenopiles,18S_ASV_203
16S_ASV_467,18S_ASV_454,blue,0.48294893770114,7.7887525940062e-4,Planktothrix,16S_ASV_467,Rhizaria,18S_ASV_454
16S_ASV_320,18S_ASV_141,blue,0.482870765043687,7.8063385215648e-4,Planktothrix,16S_ASV_320,Chlorophyta,18S_ASV_141
16S_ASV_395,18S_ASV_141,blue,0.482852198662256,7.8105204825295e-4,Planktothrix,16S_ASV_395,Chlorophyta,18S_ASV_141
16S_ASV_292,18S_ASV_280,blue,0.482730152613044,7.8380605351479e-4,Planktothrix,16S_ASV_292,Stramenopiles,18S_ASV_280
16S_ASV_306,18S_ASV_328,blue,0.482667539873229,7.8522229864436e-4,Planktothrix,16S_ASV_306,Stramenopiles,18S_ASV_328
16S_ASV_292,18S_ASV_98,blue,0.482487575334708,7.8930569780018e-4,Planktothrix,16S_ASV_292,Chlorophyta,18S_ASV_98
16S_ASV_314,18S_ASV_431,blue,0.482379265678787,7.9177239594963e-4,Planktothrix,16S_ASV_314,Chlorophyta,18S_ASV_431
16S_ASV_488,18S_ASV_272,blue,0.48218012824202,7.963256584631e-4,Planktothrix,16S_ASV_488,Stramenopiles,18S_ASV_272
16S_ASV_272,18S_ASV_403,blue,0.482040486648415,7.9953251364099e-4,Planktothrix,16S_ASV_272,Chlorophyta,18S_ASV_403
16S_ASV_365,18S_ASV_135,blue,0.481925323252252,8.021859184728e-4,Planktothrix,16S_ASV_365,Cryptophyta,18S_ASV_135
16S_ASV_503,18S_ASV_272,blue,0.481856450322418,8.0377653707493e-4,Planktothrix,16S_ASV_503,Stramenopiles,18S_ASV_272
16S_ASV_273,18S_ASV_203,blue,0.481462815372224,8.1292179951016e-4,Planktothrix,16S_ASV_273,Stramenopiles,18S_ASV_203
16S_ASV_371,18S_ASV_190,blue,0.481037602851993,8.2290518488808e-4,Planktothrix,16S_ASV_371,Stramenopiles,18S_ASV_190
16S_ASV_399,18S_ASV_280,blue,0.480980386485278,8.2425688132231e-4,Planktothrix,16S_ASV_399,Stramenopiles,18S_ASV_280
16S_ASV_292,18S_ASV_403,blue,0.480936056072849,8.2530552120792e-4,Planktothrix,16S_ASV_292,Chlorophyta,18S_ASV_403
16S_ASV_475,18S_ASV_431,blue,0.480797042608081,8.2860163976196e-4,Planktothrix,16S_ASV_475,Chlorophyta,18S_ASV_431
16S_ASV_550,18S_ASV_203,blue,0.480016111939717,8.4733793256892e-4,Planktothrix,16S_ASV_550,Stramenopiles,18S_ASV_203
16S_ASV_272,18S_ASV_135,blue,0.47994438722232,8.490776210657e-4,Planktothrix,16S_ASV_272,Cryptophyta,18S_ASV_135
16S_ASV_375,18S_ASV_135,blue,0.479826789530024,8.5193687399637e-4,Planktothrix,16S_ASV_375,Cryptophyta,18S_ASV_135
16S_ASV_272,18S_ASV_11,blue,0.47980473562475,8.5247404705032e-4,Planktothrix,16S_ASV_272,Cryptophyta,18S_ASV_11
16S_ASV_319,18S_ASV_403,blue,0.47962212010642,8.569337130681e-4,Planktothrix,16S_ASV_319,Chlorophyta,18S_ASV_403
16S_ASV_488,18S_ASV_403,blue,0.479331524914852,8.6407337618287e-4,Planktothrix,16S_ASV_488,Chlorophyta,18S_ASV_403
16S_ASV_355,18S_ASV_454,blue,0.479197173709955,8.6739220531909e-4,Planktothrix,16S_ASV_355,Rhizaria,18S_ASV_454
16S_ASV_143,18S_ASV_403,blue,0.478858917347263,8.757985490561e-4,Planktothrix,16S_ASV_143,Chlorophyta,18S_ASV_403
16S_ASV_443,18S_ASV_454,blue,0.478721127677808,8.7924371913594e-4,Planktothrix,16S_ASV_443,Rhizaria,18S_ASV_454
16S_ASV_406,18S_ASV_272,blue,0.478661452696089,8.8073953468548e-4,Planktothrix,16S_ASV_406,Stramenopiles,18S_ASV_272
16S_ASV_62,18S_ASV_326,blue,0.477799620083323,9.0259736220755e-4,Planktothrix,16S_ASV_62,Stramenopiles,18S_ASV_326
16S_ASV_355,18S_ASV_190,blue,0.477741972995341,9.040765583158e-4,Planktothrix,16S_ASV_355,Stramenopiles,18S_ASV_190
16S_ASV_393,18S_ASV_190,blue,0.477621172681226,9.0718326298789e-4,Planktothrix,16S_ASV_393,Stramenopiles,18S_ASV_190
16S_ASV_815,18S_ASV_315,blue,0.476969165051852,9.2411666609337e-4,Terrimicrobium,16S_ASV_815,Collodictyonidae,18S_ASV_315
16S_ASV_169,18S_ASV_443,blue,0.476954543622318,9.2449961740024e-4,Planktothrix,16S_ASV_169,Stramenopiles,18S_ASV_443
16S_ASV_463,18S_ASV_403,blue,0.47671776322341203,9.3072092501637e-4,Planktothrix,16S_ASV_463,Chlorophyta,18S_ASV_403
16S_ASV_499,18S_ASV_261,blue,0.476715242588212,9.3078735436068e-4,Planktothrix,16S_ASV_499,Chlorophyta,18S_ASV_261
16S_ASV_355,18S_ASV_203,blue,0.476394079236786,9.3928608993378e-4,Planktothrix,16S_ASV_355,Stramenopiles,18S_ASV_203
16S_ASV_499,18S_ASV_454,blue,0.476238652826092,9.4342387134931e-4,Planktothrix,16S_ASV_499,Rhizaria,18S_ASV_454
16S_ASV_526,18S_ASV_203,blue,0.476210343529947,9.4417927524547e-4,Planktothrix,16S_ASV_526,Stramenopiles,18S_ASV_203
16S_ASV_388,18S_ASV_190,blue,0.475829200483077,9.5440240876626e-4,Planktothrix,16S_ASV_388,Stramenopiles,18S_ASV_190
16S_ASV_449,18S_ASV_272,blue,0.47545507977783,9.6453320846569e-4,Planktothrix,16S_ASV_449,Stramenopiles,18S_ASV_272
16S_ASV_475,18S_ASV_190,blue,0.475231750373483,9.7062640366605e-4,Planktothrix,16S_ASV_475,Stramenopiles,18S_ASV_190
16S_ASV_406,18S_ASV_403,blue,0.475086112417545,9.7461839995855e-4,Planktothrix,16S_ASV_406,Chlorophyta,18S_ASV_403
16S_ASV_488,18S_ASV_454,blue,0.475053516288464,9.755138783469e-4,Planktothrix,16S_ASV_488,Rhizaria,18S_ASV_454
16S_ASV_143,18S_ASV_454,blue,0.474880149707883,9.8028894682098e-4,Planktothrix,16S_ASV_143,Rhizaria,18S_ASV_454
16S_ASV_375,18S_ASV_827,blue,0.474456546828244,9.9204422023364e-4,Planktothrix,16S_ASV_375,Chlorophyta,18S_ASV_827
16S_ASV_269,18S_ASV_454,blue,0.4743915456658,9.9385914030914e-4,Planktothrix,16S_ASV_269,Rhizaria,18S_ASV_454
16S_ASV_503,18S_ASV_454,blue,0.474183274899164,9.9969432020371e-4,Planktothrix,16S_ASV_503,Rhizaria,18S_ASV_454
16S_ASV_371,18S_ASV_272,blue,0.473759686674301,0.0010116565407501,Planktothrix,16S_ASV_371,Stramenopiles,18S_ASV_272
16S_ASV_330,18S_ASV_141,blue,0.473490672978448,0.00101931971174607,Planktothrix,16S_ASV_330,Chlorophyta,18S_ASV_141
16S_ASV_386,18S_ASV_597,blue,0.473464509323826,0.00102006777110323,Planktothrix,16S_ASV_386,Stramenopiles,18S_ASV_597
16S_ASV_499,18S_ASV_203,blue,0.473123611021047,0.00102985945611656,Planktothrix,16S_ASV_499,Stramenopiles,18S_ASV_203
16S_ASV_406,18S_ASV_454,blue,0.472964016244295,0.0010344722813031,Planktothrix,16S_ASV_406,Rhizaria,18S_ASV_454
16S_ASV_526,18S_ASV_141,blue,0.47289312332802,0.0010365272313209,Planktothrix,16S_ASV_526,Chlorophyta,18S_ASV_141
16S_ASV_371,18S_ASV_403,blue,0.472826307704924,0.00103846732731958,Planktothrix,16S_ASV_371,Chlorophyta,18S_ASV_403
16S_ASV_330,18S_ASV_597,blue,0.472811683110212,0.00103889240720778,Planktothrix,16S_ASV_330,Stramenopiles,18S_ASV_597
16S_ASV_499,18S_ASV_98,blue,0.472412422217455,0.00105055749939318,Planktothrix,16S_ASV_499,Chlorophyta,18S_ASV_98
16S_ASV_406,18S_ASV_261,blue,0.472383667329508,0.00105140211600402,Planktothrix,16S_ASV_406,Chlorophyta,18S_ASV_261
16S_ASV_320,18S_ASV_403,blue,0.472287204831887,0.0010542399329282,Planktothrix,16S_ASV_320,Chlorophyta,18S_ASV_403
16S_ASV_395,18S_ASV_190,blue,0.472150273872117,0.00105828001965731,Planktothrix,16S_ASV_395,Stramenopiles,18S_ASV_190
16S_ASV_463,18S_ASV_261,blue,0.472069357391177,0.0010606739108223,Planktothrix,16S_ASV_463,Chlorophyta,18S_ASV_261
16S_ASV_341,18S_ASV_98,blue,0.471171732850363,0.00108755570507884,Planktothrix,16S_ASV_341,Chlorophyta,18S_ASV_98
16S_ASV_474,18S_ASV_261,blue,0.471031611530182,0.00109180639144346,Planktothrix,16S_ASV_474,Chlorophyta,18S_ASV_261
16S_ASV_143,18S_ASV_261,blue,0.470847671327443,0.00109740884231212,Planktothrix,16S_ASV_143,Chlorophyta,18S_ASV_261
16S_ASV_272,18S_ASV_454,blue,0.470625927555222,0.00110419678143482,Planktothrix,16S_ASV_272,Rhizaria,18S_ASV_454
16S_ASV_463,18S_ASV_203,blue,0.470299628031092,0.00111425342010888,Planktothrix,16S_ASV_463,Stramenopiles,18S_ASV_203
16S_ASV_474,18S_ASV_190,blue,0.469985905668459,0.00112399933771784,Planktothrix,16S_ASV_474,Stramenopiles,18S_ASV_190
16S_ASV_355,18S_ASV_272,blue,0.46962275286888,0.00113537566416258,Planktothrix,16S_ASV_355,Stramenopiles,18S_ASV_272
16S_ASV_579,18S_ASV_261,blue,0.469330196168355,0.00114461497864829,Planktothrix,16S_ASV_579,Chlorophyta,18S_ASV_261
16S_ASV_526,18S_ASV_597,blue,0.46930143638918,0.00114552685658814,Planktothrix,16S_ASV_526,Stramenopiles,18S_ASV_597
16S_ASV_503,18S_ASV_190,blue,0.469291210993115,0.0011458512262243,Planktothrix,16S_ASV_503,Stramenopiles,18S_ASV_190
16S_ASV_259,18S_ASV_272,blue,0.468978414936926,0.00115581336577452,Planktothrix,16S_ASV_259,Stramenopiles,18S_ASV_272
16S_ASV_488,18S_ASV_261,blue,0.468773992875705,0.00116236556787159,Planktothrix,16S_ASV_488,Chlorophyta,18S_ASV_261
16S_ASV_259,18S_ASV_261,blue,0.468766812788679,0.00116259630679683,Planktothrix,16S_ASV_259,Chlorophyta,18S_ASV_261
16S_ASV_375,18S_ASV_104,blue,0.468607023167987,0.00116774187027322,Planktothrix,16S_ASV_375,Stramenopiles,18S_ASV_104
16S_ASV_314,18S_ASV_454,blue,0.468364916356554,0.00117557688955296,Planktothrix,16S_ASV_314,Rhizaria,18S_ASV_454
16S_ASV_365,18S_ASV_454,blue,0.468088896250746,0.00118456651331137,Planktothrix,16S_ASV_365,Rhizaria,18S_ASV_454
16S_ASV_550,18S_ASV_190,blue,0.468040955058126,0.00118613412377925,Planktothrix,16S_ASV_550,Stramenopiles,18S_ASV_190
16S_ASV_244,18S_ASV_98,blue,0.467835701680944,0.0011928665382698,Planktothrix,16S_ASV_244,Chlorophyta,18S_ASV_98
16S_ASV_550,18S_ASV_261,blue,0.467787745123357,0.00119444443475496,Planktothrix,16S_ASV_550,Chlorophyta,18S_ASV_261
16S_ASV_348,18S_ASV_454,blue,0.467733910088622,0.0011962179633577,Planktothrix,16S_ASV_348,Rhizaria,18S_ASV_454
16S_ASV_169,18S_ASV_141,blue,0.467651311979654,0.00119894361637691,Planktothrix,16S_ASV_169,Chlorophyta,18S_ASV_141
16S_ASV_320,18S_ASV_261,blue,0.467337652174416,0.00120934452841453,Planktothrix,16S_ASV_320,Chlorophyta,18S_ASV_261
16S_ASV_488,18S_ASV_190,blue,0.467297585541883,0.00121067890353241,Planktothrix,16S_ASV_488,Stramenopiles,18S_ASV_190
16S_ASV_467,18S_ASV_272,blue,0.467207533529548,0.00121368277346607,Planktothrix,16S_ASV_467,Stramenopiles,18S_ASV_272
16S_ASV_143,18S_ASV_98,blue,0.46712750095919,0.00121635799338354,Planktothrix,16S_ASV_143,Chlorophyta,18S_ASV_98
16S_ASV_273,18S_ASV_454,blue,0.467070997795742,0.00121824986557176,Planktothrix,16S_ASV_273,Rhizaria,18S_ASV_454
16S_ASV_1147,18S_ASV_83,blue,0.466997961928413,0.00122069917809209,NA,16S_ASV_1147,Opisthokonta_Chytridiomycota,18S_ASV_83
16S_ASV_259,18S_ASV_203,blue,0.466947435893171,0.00122239617182932,Planktothrix,16S_ASV_259,Stramenopiles,18S_ASV_203
16S_ASV_443,18S_ASV_141,blue,0.466919546051437,0.00122333379418542,Planktothrix,16S_ASV_443,Chlorophyta,18S_ASV_141
16S_ASV_1147,18S_ASV_31,blue,0.466232528265339,0.00124663361681772,NA,16S_ASV_1147,Chlorophyta,18S_ASV_31
16S_ASV_463,18S_ASV_454,blue,0.466140796761736,0.00124977435101999,Planktothrix,16S_ASV_463,Rhizaria,18S_ASV_454
16S_ASV_399,18S_ASV_454,blue,0.466096349461538,0.00125129868478076,Planktothrix,16S_ASV_399,Rhizaria,18S_ASV_454
16S_ASV_475,18S_ASV_272,blue,0.466063507727899,0.00125242606520696,Planktothrix,16S_ASV_475,Stramenopiles,18S_ASV_272
16S_ASV_371,18S_ASV_98,blue,0.465912875730822,0.00125760850555252,Planktothrix,16S_ASV_371,Chlorophyta,18S_ASV_98
16S_ASV_386,18S_ASV_454,blue,0.465857786539743,0.00125950859179984,Planktothrix,16S_ASV_386,Rhizaria,18S_ASV_454
16S_ASV_386,18S_ASV_141,blue,0.465546145010181,0.00127030564731449,Planktothrix,16S_ASV_386,Chlorophyta,18S_ASV_141
16S_ASV_550,18S_ASV_212,blue,0.465395108477884,0.00127556800036763,Planktothrix,16S_ASV_550,Stramenopiles,18S_ASV_212
16S_ASV_406,18S_ASV_203,blue,0.464836705046082,0.00129519254862704,Planktothrix,16S_ASV_406,Stramenopiles,18S_ASV_203
16S_ASV_143,18S_ASV_203,blue,0.464680942375276,0.00130071438794076,Planktothrix,16S_ASV_143,Stramenopiles,18S_ASV_203
16S_ASV_306,18S_ASV_454,blue,0.464528623460379,0.00130613439398904,Planktothrix,16S_ASV_306,Rhizaria,18S_ASV_454
16S_ASV_62,18S_ASV_104,blue,0.464507805972232,0.00130687670725557,Planktothrix,16S_ASV_62,Stramenopiles,18S_ASV_104
16S_ASV_395,18S_ASV_454,blue,0.464350791797144,0.00131248764748534,Planktothrix,16S_ASV_395,Rhizaria,18S_ASV_454
16S_ASV_320,18S_ASV_203,blue,0.464144031603679,0.00131990896649419,Planktothrix,16S_ASV_320,Stramenopiles,18S_ASV_203
16S_ASV_550,18S_ASV_403,blue,0.464091974329179,0.00132178335055876,Planktothrix,16S_ASV_550,Chlorophyta,18S_ASV_403
16S_ASV_319,18S_ASV_272,blue,0.463873160685586,0.0013296879193936,Planktothrix,16S_ASV_319,Stramenopiles,18S_ASV_272
16S_ASV_399,18S_ASV_141,blue,0.463821861962044,0.00133154714251923,Planktothrix,16S_ASV_399,Chlorophyta,18S_ASV_141
16S_ASV_449,18S_ASV_203,blue,0.463802617190915,0.0013322452283824,Planktothrix,16S_ASV_449,Stramenopiles,18S_ASV_203
16S_ASV_393,18S_ASV_328,blue,0.463442168865237,0.0013453804458633,Planktothrix,16S_ASV_393,Stramenopiles,18S_ASV_328
16S_ASV_319,18S_ASV_261,blue,0.463374553889316,0.00134785721694225,Planktothrix,16S_ASV_319,Chlorophyta,18S_ASV_261
16S_ASV_273,18S_ASV_280,blue,0.463120501202806,0.00135719958357971,Planktothrix,16S_ASV_273,Stramenopiles,18S_ASV_280
16S_ASV_526,18S_ASV_11,blue,0.462943008786126,0.00136376070287562,Planktothrix,16S_ASV_526,Cryptophyta,18S_ASV_11
16S_ASV_406,18S_ASV_190,blue,0.462746850891287,0.00137104460462251,Planktothrix,16S_ASV_406,Stramenopiles,18S_ASV_190
16S_ASV_314,18S_ASV_203,blue,0.462666815208742,0.00137402648156513,Planktothrix,16S_ASV_314,Stramenopiles,18S_ASV_203
16S_ASV_474,18S_ASV_403,blue,0.462643066274592,0.00137491240073447,Planktothrix,16S_ASV_474,Chlorophyta,18S_ASV_403
16S_ASV_475,18S_ASV_454,blue,0.46213002998628,0.00139417488878847,Planktothrix,16S_ASV_475,Rhizaria,18S_ASV_454
16S_ASV_488,18S_ASV_203,blue,0.462002815125282,0.00139898827331716,Planktothrix,16S_ASV_488,Stramenopiles,18S_ASV_203
16S_ASV_388,18S_ASV_261,blue,0.461891263920123,0.0014032211495498,Planktothrix,16S_ASV_388,Chlorophyta,18S_ASV_261
16S_ASV_169,18S_ASV_280,blue,0.461569221650874,0.00141550518921551,Planktothrix,16S_ASV_169,Stramenopiles,18S_ASV_280
16S_ASV_348,18S_ASV_190,blue,0.461367591588084,0.00142324477769721,Planktothrix,16S_ASV_348,Stramenopiles,18S_ASV_190
16S_ASV_272,18S_ASV_261,blue,0.461288388579425,0.00142629526758253,Planktothrix,16S_ASV_272,Chlorophyta,18S_ASV_261
16S_ASV_550,18S_ASV_280,blue,0.461251714395493,0.00142770973475909,Planktothrix,16S_ASV_550,Stramenopiles,18S_ASV_280
16S_ASV_306,18S_ASV_141,blue,0.461206610401597,0.0014294510363635,Planktothrix,16S_ASV_306,Chlorophyta,18S_ASV_141
16S_ASV_261,18S_ASV_141,blue,0.460898150425528,0.00144141024054486,Planktothrix,16S_ASV_261,Chlorophyta,18S_ASV_141
16S_ASV_261,18S_ASV_328,blue,0.460888400417889,0.00144178970046094,Planktothrix,16S_ASV_261,Stramenopiles,18S_ASV_328
16S_ASV_375,18S_ASV_454,blue,0.460347601104955,0.00146297656997064,Planktothrix,16S_ASV_375,Rhizaria,18S_ASV_454
16S_ASV_359,18S_ASV_272,blue,0.460142174526036,0.00147109677444885,Planktothrix,16S_ASV_359,Stramenopiles,18S_ASV_272
16S_ASV_272,18S_ASV_212,blue,0.460090447651287,0.00147314776106369,Planktothrix,16S_ASV_272,Stramenopiles,18S_ASV_212
16S_ASV_1357,18S_ASV_85,blue,0.46004096870823,0.00147511199349961,Sphaerotilus,16S_ASV_1357,Opisthokonta_Chytridiomycota,18S_ASV_85
16S_ASV_273,18S_ASV_328,blue,0.459950481084656,0.00147871022282527,Planktothrix,16S_ASV_273,Stramenopiles,18S_ASV_328
16S_ASV_306,18S_ASV_597,blue,0.459648584414779,0.00149077158298855,Planktothrix,16S_ASV_306,Stramenopiles,18S_ASV_597
16S_ASV_306,18S_ASV_203,blue,0.459607229823356,0.00149243056714961,Planktothrix,16S_ASV_306,Stramenopiles,18S_ASV_203
16S_ASV_269,18S_ASV_203,blue,0.459156023280254,0.00151063805784431,Planktothrix,16S_ASV_269,Stramenopiles,18S_ASV_203
16S_ASV_475,18S_ASV_203,blue,0.458464902106767,0.00153890945837024,Planktothrix,16S_ASV_475,Stramenopiles,18S_ASV_203
16S_ASV_393,18S_ASV_454,blue,0.458424168335075,0.00154059030396742,Planktothrix,16S_ASV_393,Rhizaria,18S_ASV_454
16S_ASV_244,18S_ASV_261,blue,0.45842161708152,0.00154069563357775,Planktothrix,16S_ASV_244,Chlorophyta,18S_ASV_261
16S_ASV_273,18S_ASV_141,blue,0.458135818977286,0.00155253549271511,Planktothrix,16S_ASV_273,Chlorophyta,18S_ASV_141
16S_ASV_579,18S_ASV_203,blue,0.458101594711929,0.00155395871593176,Planktothrix,16S_ASV_579,Stramenopiles,18S_ASV_203
16S_ASV_272,18S_ASV_203,blue,0.45756915751344,0.00157624991756726,Planktothrix,16S_ASV_272,Stramenopiles,18S_ASV_203
16S_ASV_169,18S_ASV_597,blue,0.457551824391359,0.00157698033871085,Planktothrix,16S_ASV_169,Stramenopiles,18S_ASV_597
16S_ASV_388,18S_ASV_212,blue,0.4570167957084,0.00159967484680739,Planktothrix,16S_ASV_388,Stramenopiles,18S_ASV_212
16S_ASV_292,18S_ASV_443,blue,0.456985432499442,0.00160101414075948,Planktothrix,16S_ASV_292,Stramenopiles,18S_ASV_443
16S_ASV_386,18S_ASV_203,blue,0.456867805220839,0.00160604601414922,Planktothrix,16S_ASV_386,Stramenopiles,18S_ASV_203
16S_ASV_503,18S_ASV_203,blue,0.456628549185173,0.00161632426701342,Planktothrix,16S_ASV_503,Stramenopiles,18S_ASV_203
16S_ASV_499,18S_ASV_190,blue,0.456108234984369,0.00163887831171077,Planktothrix,16S_ASV_499,Stramenopiles,18S_ASV_190
16S_ASV_499,18S_ASV_212,blue,0.455854344223315,0.00164998474038624,Planktothrix,16S_ASV_499,Stramenopiles,18S_ASV_212
16S_ASV_244,18S_ASV_454,blue,0.45580262332867,0.0016522554362362,Planktothrix,16S_ASV_244,Rhizaria,18S_ASV_454
16S_ASV_463,18S_ASV_190,blue,0.455466032126377,0.00166710060670653,Planktothrix,16S_ASV_463,Stramenopiles,18S_ASV_190
16S_ASV_579,18S_ASV_454,blue,0.455387637841685,0.0016705750850475,Planktothrix,16S_ASV_579,Rhizaria,18S_ASV_454
16S_ASV_348,18S_ASV_203,blue,0.454658411006572,0.00170320389030551,Planktothrix,16S_ASV_348,Stramenopiles,18S_ASV_203
16S_ASV_595,18S_ASV_190,blue,0.454483764686786,0.00171110172296522,Planktothrix,16S_ASV_595,Stramenopiles,18S_ASV_190
16S_ASV_526,18S_ASV_280,blue,0.453895309711748,0.0017379523618399,Planktothrix,16S_ASV_526,Stramenopiles,18S_ASV_280
16S_ASV_579,18S_ASV_272,blue,0.453614072970459,0.00175091635194837,Planktothrix,16S_ASV_579,Stramenopiles,18S_ASV_272
16S_ASV_443,18S_ASV_597,blue,0.453284139919084,0.0017662342887774,Planktothrix,16S_ASV_443,Stramenopiles,18S_ASV_597
16S_ASV_395,18S_ASV_328,blue,0.453205080052087,0.00176992242927554,Planktothrix,16S_ASV_395,Stramenopiles,18S_ASV_328
16S_ASV_395,18S_ASV_280,blue,0.453128038200476,0.00177352299507887,Planktothrix,16S_ASV_395,Stramenopiles,18S_ASV_280
16S_ASV_399,18S_ASV_203,blue,0.452952528485642,0.0017817497280183,Planktothrix,16S_ASV_399,Stramenopiles,18S_ASV_203
16S_ASV_319,18S_ASV_203,blue,0.452766757121537,0.00179049428902794,Planktothrix,16S_ASV_319,Stramenopiles,18S_ASV_203
16S_ASV_474,18S_ASV_212,blue,0.452575823897658,0.00179952144211867,Planktothrix,16S_ASV_474,Stramenopiles,18S_ASV_212
16S_ASV_526,18S_ASV_119,blue,0.452403104768009,0.00180772217013553,Planktothrix,16S_ASV_526,Stramenopiles,18S_ASV_119
16S_ASV_169,18S_ASV_64,blue,0.452388765711986,0.00180840447696016,Planktothrix,16S_ASV_169,Cryptophyta,18S_ASV_64
16S_ASV_292,18S_ASV_119,blue,0.452381504276895,0.00180875009069868,Planktothrix,16S_ASV_292,Stramenopiles,18S_ASV_119
16S_ASV_443,18S_ASV_212,blue,0.452174428078383,0.00181863071265584,Planktothrix,16S_ASV_443,Stramenopiles,18S_ASV_212
16S_ASV_273,18S_ASV_597,blue,0.452149462506344,0.00181982516730043,Planktothrix,16S_ASV_273,Stramenopiles,18S_ASV_597
16S_ASV_568,18S_ASV_11,blue,0.451877997167628,0.00183285811822686,Planktothrix,16S_ASV_568,Cryptophyta,18S_ASV_11
16S_ASV_395,18S_ASV_597,blue,0.451664420808553,0.00184316989481099,Planktothrix,16S_ASV_395,Stramenopiles,18S_ASV_597
16S_ASV_365,18S_ASV_203,blue,0.451592693473158,0.00184664450530389,Planktothrix,16S_ASV_365,Stramenopiles,18S_ASV_203
16S_ASV_259,18S_ASV_454,blue,0.45157449544144,0.0018475269754007,Planktothrix,16S_ASV_259,Rhizaria,18S_ASV_454
16S_ASV_388,18S_ASV_280,blue,0.451563913520709,0.00184804029214182,Planktothrix,16S_ASV_388,Stramenopiles,18S_ASV_280
16S_ASV_261,18S_ASV_454,blue,0.451278811462737,0.00186191790699164,Planktothrix,16S_ASV_261,Rhizaria,18S_ASV_454
16S_ASV_399,18S_ASV_597,blue,0.451162901552312,0.00186758627401045,Planktothrix,16S_ASV_399,Stramenopiles,18S_ASV_597
16S_ASV_169,18S_ASV_212,blue,0.451008704867797,0.00187515067756665,Planktothrix,16S_ASV_169,Stramenopiles,18S_ASV_212
16S_ASV_474,18S_ASV_280,blue,0.450799506172808,0.00188545668522586,Planktothrix,16S_ASV_474,Stramenopiles,18S_ASV_280
16S_ASV_244,18S_ASV_203,blue,0.450448474042396,0.00190286275184119,Planktothrix,16S_ASV_244,Stramenopiles,18S_ASV_203
16S_ASV_320,18S_ASV_98,blue,0.450414637617381,0.00190454803971837,Planktothrix,16S_ASV_320,Chlorophyta,18S_ASV_98
16S_ASV_416,18S_ASV_328,blue,0.450321002636349,0.0019092186006937,Planktothrix,16S_ASV_416,Stramenopiles,18S_ASV_328
16S_ASV_463,18S_ASV_272,blue,0.450164334738476,0.00191705596056735,Planktothrix,16S_ASV_463,Stramenopiles,18S_ASV_272
16S_ASV_319,18S_ASV_454,blue,0.45015656335794,0.00191744546678047,Planktothrix,16S_ASV_319,Rhizaria,18S_ASV_454
16S_ASV_62,18S_ASV_272,blue,0.449951150494256,0.00192776631876598,Planktothrix,16S_ASV_62,Stramenopiles,18S_ASV_272
16S_ASV_261,18S_ASV_203,blue,0.449404752797351,0.001955459575507,Planktothrix,16S_ASV_261,Stramenopiles,18S_ASV_203
16S_ASV_365,18S_ASV_212,blue,0.449395758922501,0.00195591834585148,Planktothrix,16S_ASV_365,Stramenopiles,18S_ASV_212
16S_ASV_314,18S_ASV_315,blue,0.449020818303423,0.00197512874592283,Planktothrix,16S_ASV_314,Collodictyonidae,18S_ASV_315
16S_ASV_526,18S_ASV_328,blue,0.448766899125949,0.00198823316995512,Planktothrix,16S_ASV_526,Stramenopiles,18S_ASV_328
16S_ASV_416,18S_ASV_141,blue,0.448635882175889,0.00199502482378131,Planktothrix,16S_ASV_416,Chlorophyta,18S_ASV_141
16S_ASV_395,18S_ASV_11,blue,0.448545083602892,0.00199974367501271,Planktothrix,16S_ASV_395,Cryptophyta,18S_ASV_11
16S_ASV_416,18S_ASV_454,blue,0.448520681454651,0.0020010135506955,Planktothrix,16S_ASV_416,Rhizaria,18S_ASV_454
16S_ASV_1147,18S_ASV_192,blue,0.448213955351888,0.00201703639096545,NA,16S_ASV_1147,Stramenopiles,18S_ASV_192
16S_ASV_568,18S_ASV_328,blue,0.448127574096317,0.00202156923715198,Planktothrix,16S_ASV_568,Stramenopiles,18S_ASV_328
16S_ASV_815,18S_ASV_141,blue,0.44744825629656,0.00205753164881628,Terrimicrobium,16S_ASV_815,Chlorophyta,18S_ASV_141
16S_ASV_269,18S_ASV_597,blue,0.447099380933155,0.00207621978786723,Planktothrix,16S_ASV_269,Stramenopiles,18S_ASV_597
16S_ASV_443,18S_ASV_119,blue,0.446601450236115,0.00210315237319576,Planktothrix,16S_ASV_443,Stramenopiles,18S_ASV_119
16S_ASV_292,18S_ASV_272,blue,0.446421046614536,0.00211298620234619,Planktothrix,16S_ASV_292,Stramenopiles,18S_ASV_272
16S_ASV_416,18S_ASV_203,blue,0.44613665760088,0.00212857086898768,Planktothrix,16S_ASV_416,Stramenopiles,18S_ASV_203
16S_ASV_375,18S_ASV_203,blue,0.445681334860792,0.00215373446836485,Planktothrix,16S_ASV_375,Stramenopiles,18S_ASV_203
16S_ASV_568,18S_ASV_141,blue,0.445642753535196,0.00215587871777163,Planktothrix,16S_ASV_568,Chlorophyta,18S_ASV_141
16S_ASV_320,18S_ASV_212,blue,0.445359534725106,0.00217167713994868,Planktothrix,16S_ASV_320,Stramenopiles,18S_ASV_212
16S_ASV_375,18S_ASV_597,blue,0.445294456200607,0.00217532175558034,Planktothrix,16S_ASV_375,Stramenopiles,18S_ASV_597
16S_ASV_395,18S_ASV_212,blue,0.445277364937612,0.00217627981954931,Planktothrix,16S_ASV_395,Stramenopiles,18S_ASV_212
16S_ASV_595,18S_ASV_454,blue,0.445253269648759,0.00217763113313945,Planktothrix,16S_ASV_595,Rhizaria,18S_ASV_454
16S_ASV_393,18S_ASV_203,blue,0.445214398371102,0.00217981267802772,Planktothrix,16S_ASV_393,Stramenopiles,18S_ASV_203
16S_ASV_269,18S_ASV_403,blue,0.444441072305876,0.00222361685337077,Planktothrix,16S_ASV_269,Chlorophyta,18S_ASV_403
16S_ASV_393,18S_ASV_141,blue,0.443993261853256,0.00224933660710622,Planktothrix,16S_ASV_393,Chlorophyta,18S_ASV_141
16S_ASV_550,18S_ASV_11,blue,0.443664180323367,0.00226840441294757,Planktothrix,16S_ASV_550,Cryptophyta,18S_ASV_11
16S_ASV_443,18S_ASV_11,blue,0.443434339131313,0.00228180653766784,Planktothrix,16S_ASV_443,Cryptophyta,18S_ASV_11
16S_ASV_416,18S_ASV_597,blue,0.443210836141017,0.00229490610485165,Planktothrix,16S_ASV_416,Stramenopiles,18S_ASV_597
16S_ASV_1357,18S_ASV_11,blue,0.44320409757885,0.00229530208304265,Sphaerotilus,16S_ASV_1357,Cryptophyta,18S_ASV_11
16S_ASV_319,18S_ASV_190,blue,0.443150572918437,0.00229844949707323,Planktothrix,16S_ASV_319,Stramenopiles,18S_ASV_190
16S_ASV_365,18S_ASV_403,blue,0.442987760277556,0.00230804682380262,Planktothrix,16S_ASV_365,Chlorophyta,18S_ASV_403
16S_ASV_406,18S_ASV_212,blue,0.442893234419748,0.00231363506884123,Planktothrix,16S_ASV_406,Stramenopiles,18S_ASV_212
16S_ASV_341,18S_ASV_212,blue,0.442730885276634,0.00232326082655137,Planktothrix,16S_ASV_341,Stramenopiles,18S_ASV_212
16S_ASV_526,18S_ASV_212,blue,0.441896721622289,0.00237327858087603,Planktothrix,16S_ASV_526,Stramenopiles,18S_ASV_212
16S_ASV_474,18S_ASV_11,blue,0.440806085002341,0.00244010757298232,Planktothrix,16S_ASV_474,Cryptophyta,18S_ASV_11
16S_ASV_261,18S_ASV_597,blue,0.44055560094798,0.00245568850278674,Planktothrix,16S_ASV_261,Stramenopiles,18S_ASV_597
16S_ASV_259,18S_ASV_190,blue,0.439799869935418,0.00250323072850101,Planktothrix,16S_ASV_259,Stramenopiles,18S_ASV_190
16S_ASV_365,18S_ASV_597,blue,0.439614228281509,0.00251503273039936,Planktothrix,16S_ASV_365,Stramenopiles,18S_ASV_597
16S_ASV_595,18S_ASV_203,blue,0.439391046113937,0.00252928628582257,Planktothrix,16S_ASV_595,Stramenopiles,18S_ASV_203
16S_ASV_388,18S_ASV_403,blue,0.439181540198034,0.00254273118656092,Planktothrix,16S_ASV_388,Chlorophyta,18S_ASV_403
16S_ASV_269,18S_ASV_280,blue,0.439065391290436,0.00255021208826242,Planktothrix,16S_ASV_269,Stramenopiles,18S_ASV_280
16S_ASV_365,18S_ASV_280,blue,0.438985703392871,0.00255535583423555,Planktothrix,16S_ASV_365,Stramenopiles,18S_ASV_280
16S_ASV_330,18S_ASV_203,blue,0.438647146749705,0.0025773113527338,Planktothrix,16S_ASV_330,Stramenopiles,18S_ASV_203
16S_ASV_815,18S_ASV_1506,blue,0.438586411293877,0.00258126761553544,Terrimicrobium,16S_ASV_815,Rigifilida,18S_ASV_1506
16S_ASV_595,18S_ASV_413,blue,0.438171796500323,0.00260841865291691,Planktothrix,16S_ASV_595,Opisthokonta_Arthropoda,18S_ASV_413
16S_ASV_1357,18S_ASV_207,blue,0.43788471254783,0.00262736554764849,Sphaerotilus,16S_ASV_1357,Stramenopiles,18S_ASV_207
16S_ASV_269,18S_ASV_212,blue,0.437672273804431,0.002641464021024,Planktothrix,16S_ASV_269,Stramenopiles,18S_ASV_212
16S_ASV_319,18S_ASV_85,blue,0.437643073966849,0.00264340706807958,Planktothrix,16S_ASV_319,Opisthokonta_Chytridiomycota,18S_ASV_85
16S_ASV_330,18S_ASV_454,blue,0.437371404883139,0.0026615452339978,Planktothrix,16S_ASV_330,Rhizaria,18S_ASV_454
16S_ASV_269,18S_ASV_261,blue,0.436923176405789,0.00269171134722687,Planktothrix,16S_ASV_269,Chlorophyta,18S_ASV_261
16S_ASV_815,18S_ASV_693,blue,0.436757495861833,0.00270293779450253,Terrimicrobium,16S_ASV_815,Stramenopiles,18S_ASV_693
16S_ASV_815,18S_ASV_203,blue,0.436497049800507,0.00272066892109733,Terrimicrobium,16S_ASV_815,Stramenopiles,18S_ASV_203
16S_ASV_62,18S_ASV_212,blue,0.436447019299264,0.00272408669805324,Planktothrix,16S_ASV_62,Stramenopiles,18S_ASV_212
16S_ASV_273,18S_ASV_212,blue,0.436277641570023,0.00273568564145254,Planktothrix,16S_ASV_273,Stramenopiles,18S_ASV_212
16S_ASV_579,18S_ASV_190,blue,0.436273719897808,0.00273595471108509,Planktothrix,16S_ASV_579,Stramenopiles,18S_ASV_190
16S_ASV_314,18S_ASV_413,blue,0.436169396234418,0.00274312102024803,Planktothrix,16S_ASV_314,Opisthokonta_Arthropoda,18S_ASV_413
16S_ASV_467,18S_ASV_85,blue,0.435898631277662,0.00276179789213992,Planktothrix,16S_ASV_467,Opisthokonta_Chytridiomycota,18S_ASV_85
16S_ASV_388,18S_ASV_11,blue,0.435674315995063,0.00277735548806314,Planktothrix,16S_ASV_388,Cryptophyta,18S_ASV_11
16S_ASV_443,18S_ASV_280,blue,0.435358107135066,0.0027994175256452,Planktothrix,16S_ASV_443,Stramenopiles,18S_ASV_280
16S_ASV_443,18S_ASV_328,blue,0.434839550405335,0.00283593163104174,Planktothrix,16S_ASV_443,Stramenopiles,18S_ASV_328
16S_ASV_365,18S_ASV_11,blue,0.434782149668857,0.00283999915983103,Planktothrix,16S_ASV_365,Cryptophyta,18S_ASV_11
16S_ASV_244,18S_ASV_64,blue,0.434531993993601,0.00285778571131273,Planktothrix,16S_ASV_244,Cryptophyta,18S_ASV_64
16S_ASV_815,18S_ASV_85,blue,0.434485968299103,0.00286106888664157,Terrimicrobium,16S_ASV_815,Opisthokonta_Chytridiomycota,18S_ASV_85
16S_ASV_359,18S_ASV_85,blue,0.434434495497391,0.00286474455608904,Planktothrix,16S_ASV_359,Opisthokonta_Chytridiomycota,18S_ASV_85
16S_ASV_488,18S_ASV_85,blue,0.434414386185541,0.00286618168959926,Planktothrix,16S_ASV_488,Opisthokonta_Chytridiomycota,18S_ASV_85
16S_ASV_395,18S_ASV_203,blue,0.43430132414117,0.00287427361081845,Planktothrix,16S_ASV_395,Stramenopiles,18S_ASV_203
16S_ASV_1147,18S_ASV_135,blue,0.434264349966538,0.00287692423558458,NA,16S_ASV_1147,Cryptophyta,18S_ASV_135
16S_ASV_365,18S_ASV_261,blue,0.434219876155877,0.0028801153486786,Planktothrix,16S_ASV_365,Chlorophyta,18S_ASV_261
16S_ASV_568,18S_ASV_212,blue,0.433505114708271,0.00293183049677595,Planktothrix,16S_ASV_568,Stramenopiles,18S_ASV_212
16S_ASV_550,18S_ASV_98,blue,0.433423370069854,0.00293779672375723,Planktothrix,16S_ASV_550,Chlorophyta,18S_ASV_98
16S_ASV_463,18S_ASV_212,blue,0.433324170891013,0.00294505123754241,Planktothrix,16S_ASV_463,Stramenopiles,18S_ASV_212
16S_ASV_568,18S_ASV_280,blue,0.43316728592165,0.00295655653783394,Planktothrix,16S_ASV_568,Stramenopiles,18S_ASV_280
16S_ASV_579,18S_ASV_315,blue,0.433160242980965,0.00295707396446484,Planktothrix,16S_ASV_579,Collodictyonidae,18S_ASV_315
16S_ASV_499,18S_ASV_315,blue,0.432875778746255,0.00297803952646531,Planktothrix,16S_ASV_499,Collodictyonidae,18S_ASV_315
16S_ASV_269,18S_ASV_11,blue,0.432816102185772,0.00298245436151474,Planktothrix,16S_ASV_269,Cryptophyta,18S_ASV_11
16S_ASV_1147,18S_ASV_238,blue,0.432569646265837,0.00300074806794667,NA,16S_ASV_1147,Chlorophyta,18S_ASV_238
16S_ASV_595,18S_ASV_315,blue,0.432447896314675,0.00300982158245206,Planktothrix,16S_ASV_595,Collodictyonidae,18S_ASV_315
16S_ASV_568,18S_ASV_597,blue,0.432388467331625,0.003014259334358,Planktothrix,16S_ASV_568,Stramenopiles,18S_ASV_597
16S_ASV_348,18S_ASV_212,blue,0.432359985394372,0.00301638821089864,Planktothrix,16S_ASV_348,Stramenopiles,18S_ASV_212
16S_ASV_371,18S_ASV_212,blue,0.432327621454263,0.00301880885201003,Planktothrix,16S_ASV_371,Stramenopiles,18S_ASV_212
16S_ASV_272,18S_ASV_98,blue,0.432155588657774,0.00303170464147416,Planktothrix,16S_ASV_272,Chlorophyta,18S_ASV_98
16S_ASV_348,18S_ASV_315,blue,0.431975244131588,0.00304527548299837,Planktothrix,16S_ASV_348,Collodictyonidae,18S_ASV_315
16S_ASV_815,18S_ASV_64,blue,0.43196561866038,0.00304600129462398,Terrimicrobium,16S_ASV_815,Cryptophyta,18S_ASV_64
16S_ASV_250,18S_ASV_328,blue,0.43186624486635,0.00305350350391633,Planktothrix,16S_ASV_250,Stramenopiles,18S_ASV_328
16S_ASV_406,18S_ASV_85,blue,0.431861153773682,0.00305388829236121,Planktothrix,16S_ASV_406,Opisthokonta_Chytridiomycota,18S_ASV_85
16S_ASV_395,18S_ASV_119,blue,0.431859895310065,0.0030539834145192,Planktothrix,16S_ASV_395,Stramenopiles,18S_ASV_119
16S_ASV_292,18S_ASV_203,blue,0.431820359867312,0.00305697306520397,Planktothrix,16S_ASV_292,Stramenopiles,18S_ASV_203
16S_ASV_815,18S_ASV_294,blue,0.431156949065232,0.00310752522531529,Terrimicrobium,16S_ASV_815,Rhizaria,18S_ASV_294
16S_ASV_143,18S_ASV_212,blue,0.430849428717445,0.00313120665857093,Planktothrix,16S_ASV_143,Stramenopiles,18S_ASV_212
16S_ASV_359,18S_ASV_141,blue,0.430726643459918,0.00314070629395261,Planktothrix,16S_ASV_359,Chlorophyta,18S_ASV_141
16S_ASV_375,18S_ASV_280,blue,0.430520690639215,0.00315669732011848,Planktothrix,16S_ASV_375,Stramenopiles,18S_ASV_280
16S_ASV_475,18S_ASV_85,blue,0.429689193426825,0.0032219882199041,Planktothrix,16S_ASV_475,Opisthokonta_Chytridiomycota,18S_ASV_85
16S_ASV_359,18S_ASV_212,blue,0.429552765654853,0.00323281336713503,Planktothrix,16S_ASV_359,Stramenopiles,18S_ASV_212
16S_ASV_273,18S_ASV_119,blue,0.429389824294678,0.00324578415388564,Planktothrix,16S_ASV_273,Stramenopiles,18S_ASV_119
16S_ASV_292,18S_ASV_141,blue,0.429379894768448,0.00324657605997185,Planktothrix,16S_ASV_292,Chlorophyta,18S_ASV_141
16S_ASV_449,18S_ASV_85,blue,0.429338192607325,0.00324990377181739,Planktothrix,16S_ASV_449,Opisthokonta_Chytridiomycota,18S_ASV_85
16S_ASV_463,18S_ASV_85,blue,0.429289247818229,0.00325381324651789,Planktothrix,16S_ASV_463,Opisthokonta_Chytridiomycota,18S_ASV_85
16S_ASV_463,18S_ASV_315,blue,0.429196021995247,0.00326127110822026,Planktothrix,16S_ASV_463,Collodictyonidae,18S_ASV_315
16S_ASV_359,18S_ASV_64,blue,0.42893666852547,0.00328209787338885,Planktothrix,16S_ASV_359,Cryptophyta,18S_ASV_64
16S_ASV_399,18S_ASV_64,blue,0.428663068103122,0.00330419524913409,Planktothrix,16S_ASV_399,Cryptophyta,18S_ASV_64
16S_ASV_550,18S_ASV_141,blue,0.428399418818948,0.00332561243721016,Planktothrix,16S_ASV_550,Chlorophyta,18S_ASV_141
16S_ASV_348,18S_ASV_85,blue,0.428326998648958,0.00333151669213048,Planktothrix,16S_ASV_348,Opisthokonta_Chytridiomycota,18S_ASV_85
16S_ASV_355,18S_ASV_212,blue,0.428243624642179,0.0033383253864001,Planktothrix,16S_ASV_355,Stramenopiles,18S_ASV_212
16S_ASV_62,18S_ASV_280,blue,0.428065145088416,0.00335294191632921,Planktothrix,16S_ASV_62,Stramenopiles,18S_ASV_280
16S_ASV_503,18S_ASV_85,blue,0.427924574555639,0.00336449342689242,Planktothrix,16S_ASV_503,Opisthokonta_Chytridiomycota,18S_ASV_85
16S_ASV_393,18S_ASV_64,blue,0.427611950211655,0.00339030896403872,Planktothrix,16S_ASV_393,Cryptophyta,18S_ASV_64
16S_ASV_416,18S_ASV_119,blue,0.42757698938138,0.00339320670254727,Planktothrix,16S_ASV_416,Stramenopiles,18S_ASV_119
16S_ASV_393,18S_ASV_315,blue,0.427536371707242,0.00339657604055294,Planktothrix,16S_ASV_393,Collodictyonidae,18S_ASV_315
16S_ASV_319,18S_ASV_315,blue,0.427524027322033,0.00339760062008232,Planktothrix,16S_ASV_319,Collodictyonidae,18S_ASV_315
16S_ASV_244,18S_ASV_597,blue,0.427355941789205,0.003411578683057,Planktothrix,16S_ASV_244,Stramenopiles,18S_ASV_597
16S_ASV_261,18S_ASV_64,blue,0.427089390986181,0.00343384867061267,Planktothrix,16S_ASV_261,Cryptophyta,18S_ASV_64
16S_ASV_550,18S_ASV_119,blue,0.426919020573364,0.00344814965782434,Planktothrix,16S_ASV_550,Stramenopiles,18S_ASV_119
16S_ASV_406,18S_ASV_119,blue,0.426750455573814,0.00346235051711091,Planktothrix,16S_ASV_406,Stramenopiles,18S_ASV_119
16S_ASV_375,18S_ASV_11,blue,0.426570413428788,0.00347757493935182,Planktothrix,16S_ASV_375,Cryptophyta,18S_ASV_11
16S_ASV_269,18S_ASV_64,blue,0.426419280879116,0.0034904000793146,Planktothrix,16S_ASV_269,Cryptophyta,18S_ASV_64
16S_ASV_375,18S_ASV_403,blue,0.426373102689987,0.00349432703946003,Planktothrix,16S_ASV_375,Chlorophyta,18S_ASV_403
16S_ASV_595,18S_ASV_85,blue,0.426352673738384,0.00349606553943827,Planktothrix,16S_ASV_595,Opisthokonta_Chytridiomycota,18S_ASV_85
16S_ASV_355,18S_ASV_315,blue,0.426211773764357,0.00350807678387848,Planktothrix,16S_ASV_355,Collodictyonidae,18S_ASV_315
16S_ASV_449,18S_ASV_212,blue,0.426130748588092,0.00351500029002255,Planktothrix,16S_ASV_449,Stramenopiles,18S_ASV_212
16S_ASV_143,18S_ASV_64,blue,0.425903869725542,0.00353445064795292,Planktothrix,16S_ASV_143,Cryptophyta,18S_ASV_64
16S_ASV_595,18S_ASV_272,blue,0.425807210033216,0.00354276593978287,Planktothrix,16S_ASV_595,Stramenopiles,18S_ASV_272
16S_ASV_259,18S_ASV_85,blue,0.425802904535484,0.00354313672545895,Planktothrix,16S_ASV_259,Opisthokonta_Chytridiomycota,18S_ASV_85
16S_ASV_579,18S_ASV_64,blue,0.425761994363593,0.00354666157239896,Planktothrix,16S_ASV_579,Cryptophyta,18S_ASV_64
16S_ASV_292,18S_ASV_64,blue,0.425483722210102,0.00357071941603971,Planktothrix,16S_ASV_292,Cryptophyta,18S_ASV_64
16S_ASV_488,18S_ASV_315,blue,0.425483642250841,0.00357072634938773,Planktothrix,16S_ASV_488,Collodictyonidae,18S_ASV_315
16S_ASV_330,18S_ASV_64,blue,0.425327937747481,0.00358425006569369,Planktothrix,16S_ASV_330,Cryptophyta,18S_ASV_64
16S_ASV_272,18S_ASV_597,blue,0.4252605006723,0.00359012124220145,Planktothrix,16S_ASV_272,Stramenopiles,18S_ASV_597
16S_ASV_579,18S_ASV_85,blue,0.425179017809918,0.00359722651895396,Planktothrix,16S_ASV_579,Opisthokonta_Chytridiomycota,18S_ASV_85
16S_ASV_386,18S_ASV_119,blue,0.425078414206615,0.00360601612955654,Planktothrix,16S_ASV_386,Stramenopiles,18S_ASV_119
16S_ASV_388,18S_ASV_119,blue,0.425078314583525,0.00360602484282783,Planktothrix,16S_ASV_388,Stramenopiles,18S_ASV_119
16S_ASV_503,18S_ASV_315,blue,0.424962801745745,0.00361614030083146,Planktothrix,16S_ASV_503,Collodictyonidae,18S_ASV_315
16S_ASV_386,18S_ASV_212,blue,0.424851593664245,0.00362590229369842,Planktothrix,16S_ASV_386,Stramenopiles,18S_ASV_212
16S_ASV_488,18S_ASV_119,blue,0.424851266459323,0.00362593105024497,Planktothrix,16S_ASV_488,Stramenopiles,18S_ASV_119
16S_ASV_314,18S_ASV_85,blue,0.424686707252564,0.00364041877579909,Planktothrix,16S_ASV_314,Opisthokonta_Chytridiomycota,18S_ASV_85
16S_ASV_259,18S_ASV_315,blue,0.424496803600665,0.00365720088348572,Planktothrix,16S_ASV_259,Collodictyonidae,18S_ASV_315
16S_ASV_399,18S_ASV_212,blue,0.424047741509398,0.00369715538490376,Planktothrix,16S_ASV_399,Stramenopiles,18S_ASV_212
16S_ASV_474,18S_ASV_98,blue,0.423836439591551,0.00371608762310616,Planktothrix,16S_ASV_474,Chlorophyta,18S_ASV_98
16S_ASV_250,18S_ASV_212,blue,0.42379785856630797,0.00371955356716424,Planktothrix,16S_ASV_250,Stramenopiles,18S_ASV_212
16S_ASV_319,18S_ASV_119,blue,0.42372167511645,0.0037264058652394,Planktothrix,16S_ASV_319,Stramenopiles,18S_ASV_119
16S_ASV_355,18S_ASV_85,blue,0.423630325164784,0.00373463689640179,Planktothrix,16S_ASV_355,Opisthokonta_Chytridiomycota,18S_ASV_85
16S_ASV_579,18S_ASV_212,blue,0.423593930252491,0.00373792067417857,Planktothrix,16S_ASV_579,Stramenopiles,18S_ASV_212
16S_ASV_568,18S_ASV_119,blue,0.423538075640743,0.00374296515060688,Planktothrix,16S_ASV_568,Stramenopiles,18S_ASV_119
16S_ASV_169,18S_ASV_328,blue,0.423523748102061,0.00374426009503673,Planktothrix,16S_ASV_169,Stramenopiles,18S_ASV_328
16S_ASV_395,18S_ASV_64,blue,0.422803991883041,0.00380982017226687,Planktothrix,16S_ASV_395,Cryptophyta,18S_ASV_64
16S_ASV_259,18S_ASV_212,blue,0.422737582680264,0.00381591953268048,Planktothrix,16S_ASV_259,Stramenopiles,18S_ASV_212
16S_ASV_306,18S_ASV_212,blue,0.422654288313126,0.00382358180706817,Planktothrix,16S_ASV_306,Stramenopiles,18S_ASV_212
16S_ASV_244,18S_ASV_212,blue,0.422465852080387,0.00384096587618116,Planktothrix,16S_ASV_244,Stramenopiles,18S_ASV_212
16S_ASV_306,18S_ASV_64,blue,0.422392068783408,0.00384779155006047,Planktothrix,16S_ASV_306,Cryptophyta,18S_ASV_64
16S_ASV_250,18S_ASV_141,blue,0.422147855661419,0.00387045949586093,Planktothrix,16S_ASV_250,Chlorophyta,18S_ASV_141
16S_ASV_375,18S_ASV_64,blue,0.421941680843414,0.00388968769248859,Planktothrix,16S_ASV_375,Cryptophyta,18S_ASV_64
16S_ASV_499,18S_ASV_119,blue,0.421862707698019,0.0038970749877269,Planktothrix,16S_ASV_499,Stramenopiles,18S_ASV_119
16S_ASV_499,18S_ASV_141,blue,0.421804387292217,0.00390253827255686,Planktothrix,16S_ASV_499,Chlorophyta,18S_ASV_141
16S_ASV_499,18S_ASV_85,blue,0.421628669173295,0.00391903960592368,Planktothrix,16S_ASV_499,Opisthokonta_Chytridiomycota,18S_ASV_85
16S_ASV_375,18S_ASV_261,blue,0.4215302774565,0.00392830603448962,Planktothrix,16S_ASV_375,Chlorophyta,18S_ASV_261
16S_ASV_463,18S_ASV_119,blue,0.421492201594534,0.00393189712523775,Planktothrix,16S_ASV_463,Stramenopiles,18S_ASV_119
16S_ASV_341,18S_ASV_315,blue,0.421399646881473,0.0039406383300219,Planktothrix,16S_ASV_341,Collodictyonidae,18S_ASV_315
16S_ASV_467,18S_ASV_64,blue,0.421218816853291,0.00395776569308185,Planktothrix,16S_ASV_467,Cryptophyta,18S_ASV_64
16S_ASV_261,18S_ASV_119,blue,0.421166200695497,0.00396276147284496,Planktothrix,16S_ASV_261,Stramenopiles,18S_ASV_119
16S_ASV_416,18S_ASV_212,blue,0.421063010671969,0.00397257515711897,Planktothrix,16S_ASV_416,Stramenopiles,18S_ASV_212
16S_ASV_406,18S_ASV_315,blue,0.420830184392041,0.00399479584924749,Planktothrix,16S_ASV_406,Collodictyonidae,18S_ASV_315
16S_ASV_261,18S_ASV_212,blue,0.420817508190367,0.00399600876976543,Planktothrix,16S_ASV_261,Stramenopiles,18S_ASV_212
16S_ASV_341,18S_ASV_85,blue,0.420755894010154,0.00400190890704149,Planktothrix,16S_ASV_341,Opisthokonta_Chytridiomycota,18S_ASV_85
16S_ASV_579,18S_ASV_141,blue,0.420543716031832,0.00402228533825549,Planktothrix,16S_ASV_579,Chlorophyta,18S_ASV_141
16S_ASV_393,18S_ASV_212,blue,0.420233395050054,0.00405225043724364,Planktothrix,16S_ASV_393,Stramenopiles,18S_ASV_212
16S_ASV_449,18S_ASV_315,blue,0.419876904534351,0.00408691474040772,Planktothrix,16S_ASV_449,Collodictyonidae,18S_ASV_315
16S_ASV_463,18S_ASV_141,blue,0.419787584511224,0.00409564055930743,Planktothrix,16S_ASV_463,Chlorophyta,18S_ASV_141
16S_ASV_359,18S_ASV_315,blue,0.419391173204193,0.00413456366778193,Planktothrix,16S_ASV_359,Collodictyonidae,18S_ASV_315
16S_ASV_475,18S_ASV_315,blue,0.419301679472824,0.00414339558950899,Planktothrix,16S_ASV_475,Collodictyonidae,18S_ASV_315
16S_ASV_595,18S_ASV_212,blue,0.419126512906541,0.00416073014155268,Planktothrix,16S_ASV_595,Stramenopiles,18S_ASV_212
16S_ASV_330,18S_ASV_119,blue,0.419022797876157,0.00417102369825047,Planktothrix,16S_ASV_330,Stramenopiles,18S_ASV_119
16S_ASV_393,18S_ASV_597,blue,0.419013367951393,0.00417196070765981,Planktothrix,16S_ASV_393,Stramenopiles,18S_ASV_597
16S_ASV_371,18S_ASV_85,blue,0.418628727244606,0.0042103380166,Planktothrix,16S_ASV_371,Opisthokonta_Chytridiomycota,18S_ASV_85
16S_ASV_475,18S_ASV_413,blue,0.417917880142929,0.00428207563726851,Planktothrix,16S_ASV_475,Opisthokonta_Arthropoda,18S_ASV_413
16S_ASV_269,18S_ASV_98,blue,0.417529587857672,0.00432171107015825,Planktothrix,16S_ASV_269,Chlorophyta,18S_ASV_98
16S_ASV_386,18S_ASV_64,blue,0.417461831624428,0.00432866014363013,Planktothrix,16S_ASV_386,Cryptophyta,18S_ASV_64
16S_ASV_503,18S_ASV_212,blue,0.417394342536,0.00433559152771162,Planktothrix,16S_ASV_503,Stramenopiles,18S_ASV_212
16S_ASV_467,18S_ASV_315,blue,0.417241219721091,0.00435135381090771,Planktothrix,16S_ASV_467,Collodictyonidae,18S_ASV_315
16S_ASV_272,18S_ASV_64,blue,0.417189461001083,0.00435669310932789,Planktothrix,16S_ASV_272,Cryptophyta,18S_ASV_64
16S_ASV_463,18S_ASV_64,blue,0.417060227837473,0.00437004948383924,Planktothrix,16S_ASV_463,Cryptophyta,18S_ASV_64
16S_ASV_526,18S_ASV_64,blue,0.416991527381464,0.00437716430359136,Planktothrix,16S_ASV_526,Cryptophyta,18S_ASV_64
16S_ASV_499,18S_ASV_64,blue,0.416683967910203,0.00440914033037696,Planktothrix,16S_ASV_499,Cryptophyta,18S_ASV_64
16S_ASV_306,18S_ASV_119,blue,0.41665729255853,0.00441192328255205,Planktothrix,16S_ASV_306,Stramenopiles,18S_ASV_119
16S_ASV_261,18S_ASV_315,blue,0.416023818670256,0.0044784641752109,Planktothrix,16S_ASV_261,Collodictyonidae,18S_ASV_315
16S_ASV_365,18S_ASV_64,blue,0.415956845718097,0.00448555008595978,Planktothrix,16S_ASV_365,Cryptophyta,18S_ASV_64
16S_ASV_371,18S_ASV_315,blue,0.415800526370177,0.00450212720062109,Planktothrix,16S_ASV_371,Collodictyonidae,18S_ASV_315
16S_ASV_250,18S_ASV_119,blue,0.4156468967494,0.00451847120230315,Planktothrix,16S_ASV_250,Stramenopiles,18S_ASV_119
16S_ASV_488,18S_ASV_212,blue,0.415568594517588,0.00452682136709349,Planktothrix,16S_ASV_488,Stramenopiles,18S_ASV_212
16S_ASV_393,18S_ASV_119,blue,0.415157393132468,0.00457089359741709,Planktothrix,16S_ASV_393,Stramenopiles,18S_ASV_119
16S_ASV_244,18S_ASV_315,blue,0.415130677481183,0.00457376987950489,Planktothrix,16S_ASV_244,Collodictyonidae,18S_ASV_315
16S_ASV_406,18S_ASV_141,blue,0.415020699223001,0.00458562710229799,Planktothrix,16S_ASV_406,Chlorophyta,18S_ASV_141
16S_ASV_292,18S_ASV_190,blue,0.414927430132237,0.00459570386734832,Planktothrix,16S_ASV_292,Stramenopiles,18S_ASV_190
16S_ASV_595,18S_ASV_64,blue,0.414895649371531,0.00459914186580932,Planktothrix,16S_ASV_595,Cryptophyta,18S_ASV_64
16S_ASV_250,18S_ASV_315,blue,0.4144914942105,0.00464305910529151,Planktothrix,16S_ASV_250,Collodictyonidae,18S_ASV_315
16S_ASV_319,18S_ASV_212,blue,0.414350447836989,0.00465847177034024,Planktothrix,16S_ASV_319,Stramenopiles,18S_ASV_212
16S_ASV_143,18S_ASV_315,blue,0.414146112364181,0.00468087949868283,Planktothrix,16S_ASV_143,Collodictyonidae,18S_ASV_315
16S_ASV_388,18S_ASV_98,blue,0.41397147227395,0.00470010530709302,Planktothrix,16S_ASV_388,Chlorophyta,18S_ASV_98
16S_ASV_320,18S_ASV_597,blue,0.413544401781061,0.00474741138298137,Planktothrix,16S_ASV_320,Stramenopiles,18S_ASV_597
16S_ASV_474,18S_ASV_141,blue,0.413502926051227,0.00475202766061376,Planktothrix,16S_ASV_474,Chlorophyta,18S_ASV_141
16S_ASV_550,18S_ASV_315,blue,0.413361107679974,0.00476784175702356,Planktothrix,16S_ASV_550,Collodictyonidae,18S_ASV_315
16S_ASV_388,18S_ASV_85,blue,0.41288470288091,0.00482130220132427,Planktothrix,16S_ASV_388,Opisthokonta_Chytridiomycota,18S_ASV_85
16S_ASV_550,18S_ASV_85,blue,0.412807390360634,0.00483002708076116,Planktothrix,16S_ASV_550,Opisthokonta_Chytridiomycota,18S_ASV_85
16S_ASV_292,18S_ASV_326,blue,0.412701284878233,0.00484202373154577,Planktothrix,16S_ASV_292,Stramenopiles,18S_ASV_326
16S_ASV_1147,18S_ASV_443,blue,0.41258422763034,0.00485528877882824,NA,16S_ASV_1147,Stramenopiles,18S_ASV_443
16S_ASV_306,18S_ASV_315,blue,0.412241676042208,0.00489428938300098,Planktothrix,16S_ASV_306,Collodictyonidae,18S_ASV_315
16S_ASV_526,18S_ASV_315,blue,0.412234271134822,0.00489513546424649,Planktothrix,16S_ASV_526,Collodictyonidae,18S_ASV_315
16S_ASV_467,18S_ASV_141,blue,0.412079615990459,0.00491283547042531,Planktothrix,16S_ASV_467,Chlorophyta,18S_ASV_141
16S_ASV_348,18S_ASV_64,blue,0.412064758164117,0.00491453885760839,Planktothrix,16S_ASV_348,Cryptophyta,18S_ASV_64
16S_ASV_815,18S_ASV_599,blue,0.412053088310656,0.00491587711830744,Terrimicrobium,16S_ASV_815,Rhizaria,18S_ASV_599
16S_ASV_1147,18S_ASV_190,blue,0.412032026829259,0.00491829318472916,NA,16S_ASV_1147,Stramenopiles,18S_ASV_190
16S_ASV_474,18S_ASV_315,blue,0.411925333240888,0.00493054845191541,Planktothrix,16S_ASV_474,Collodictyonidae,18S_ASV_315
16S_ASV_319,18S_ASV_64,blue,0.411769301271306,0.0049485188833368,Planktothrix,16S_ASV_319,Cryptophyta,18S_ASV_64
16S_ASV_314,18S_ASV_212,blue,0.411574443931795,0.00497104107824359,Planktothrix,16S_ASV_314,Stramenopiles,18S_ASV_212
16S_ASV_62,18S_ASV_1506,blue,0.41156473784845,0.00497216526977524,Planktothrix,16S_ASV_62,Rigifilida,18S_ASV_1506
16S_ASV_579,18S_ASV_328,blue,0.411468163469675,0.00498336292483394,Planktothrix,16S_ASV_579,Stramenopiles,18S_ASV_328
16S_ASV_292,18S_ASV_315,blue,0.411236388863155,0.00501032660230689,Planktothrix,16S_ASV_292,Collodictyonidae,18S_ASV_315
16S_ASV_272,18S_ASV_85,blue,0.411128939300468,0.00502286992501432,Planktothrix,16S_ASV_272,Opisthokonta_Chytridiomycota,18S_ASV_85
16S_ASV_388,18S_ASV_141,blue,0.410979978936623,0.00504030437038626,Planktothrix,16S_ASV_388,Chlorophyta,18S_ASV_141
16S_ASV_359,18S_ASV_413,blue,0.410937136263895,0.00504532847123309,Planktothrix,16S_ASV_359,Opisthokonta_Arthropoda,18S_ASV_413
16S_ASV_348,18S_ASV_328,blue,0.410704207042009,0.00507272022416794,Planktothrix,16S_ASV_348,Stramenopiles,18S_ASV_328
16S_ASV_320,18S_ASV_85,blue,0.410694382000602,0.00507387846226869,Planktothrix,16S_ASV_320,Opisthokonta_Chytridiomycota,18S_ASV_85
16S_ASV_488,18S_ASV_141,blue,0.410556954356337,0.00509010348314722,Planktothrix,16S_ASV_488,Chlorophyta,18S_ASV_141
16S_ASV_320,18S_ASV_64,blue,0.410210316699506,0.00513122936284621,Planktothrix,16S_ASV_320,Cryptophyta,18S_ASV_64
16S_ASV_467,18S_ASV_413,blue,0.410169641894728,0.00513607404560639,Planktothrix,16S_ASV_467,Opisthokonta_Arthropoda,18S_ASV_413
16S_ASV_503,18S_ASV_64,blue,0.409996491906298,0.00515674217517255,Planktothrix,16S_ASV_503,Cryptophyta,18S_ASV_64
16S_ASV_169,18S_ASV_1506,blue,0.409871424912748,0.00517171590171,Planktothrix,16S_ASV_169,Rigifilida,18S_ASV_1506
16S_ASV_488,18S_ASV_64,blue,0.409845903268403,0.00517477614723905,Planktothrix,16S_ASV_488,Cryptophyta,18S_ASV_64
16S_ASV_499,18S_ASV_328,blue,0.409788136233714,0.00518170869652281,Planktothrix,16S_ASV_499,Stramenopiles,18S_ASV_328
16S_ASV_62,18S_ASV_62,blue,0.409752643078713,0.00518597219788105,Planktothrix,16S_ASV_62,Streptophyta,18S_ASV_62
16S_ASV_474,18S_ASV_599,blue,0.409718592052386,0.00519006534068326,Planktothrix,16S_ASV_474,Rhizaria,18S_ASV_599
16S_ASV_579,18S_ASV_119,blue,0.409696230638361,0.00519275485116819,Planktothrix,16S_ASV_579,Stramenopiles,18S_ASV_119
16S_ASV_273,18S_ASV_64,blue,0.409464690798551,0.0052206746800909,Planktothrix,16S_ASV_273,Cryptophyta,18S_ASV_64
16S_ASV_319,18S_ASV_141,blue,0.40940502655341,0.00522789034693051,Planktothrix,16S_ASV_319,Chlorophyta,18S_ASV_141
16S_ASV_474,18S_ASV_119,blue,0.409393752746404,0.00522925475268199,Planktothrix,16S_ASV_474,Stramenopiles,18S_ASV_119
16S_ASV_375,18S_ASV_212,blue,0.408751544628739,0.00530749156168807,Planktothrix,16S_ASV_375,Stramenopiles,18S_ASV_212
16S_ASV_399,18S_ASV_315,blue,0.408565061508237,0.00533039995460316,Planktothrix,16S_ASV_399,Collodictyonidae,18S_ASV_315
16S_ASV_143,18S_ASV_597,blue,0.408564163757336,0.00533051044614375,Planktothrix,16S_ASV_143,Stramenopiles,18S_ASV_597
16S_ASV_259,18S_ASV_64,blue,0.408160842753973,0.00538035174345307,Planktothrix,16S_ASV_259,Cryptophyta,18S_ASV_64
16S_ASV_388,18S_ASV_188,blue,0.408057281543829,0.00539321483638146,Planktothrix,16S_ASV_388,Cryptophyta,18S_ASV_188
16S_ASV_375,18S_ASV_98,blue,0.407610998167607,0.00544895343606856,Planktothrix,16S_ASV_375,Chlorophyta,18S_ASV_98
16S_ASV_250,18S_ASV_597,blue,0.407493327520276,0.00546373319733539,Planktothrix,16S_ASV_250,Stramenopiles,18S_ASV_597
16S_ASV_499,18S_ASV_188,blue,0.407451906394941,0.00546894410333744,Planktothrix,16S_ASV_499,Cryptophyta,18S_ASV_188
16S_ASV_330,18S_ASV_212,blue,0.407400971539536,0.00547535779598389,Planktothrix,16S_ASV_330,Stramenopiles,18S_ASV_212
16S_ASV_341,18S_ASV_119,blue,0.407201646217606,0.00550051972812936,Planktothrix,16S_ASV_341,Stramenopiles,18S_ASV_119
16S_ASV_550,18S_ASV_64,blue,0.40711267012011,0.00551178411962944,Planktothrix,16S_ASV_550,Cryptophyta,18S_ASV_64
16S_ASV_406,18S_ASV_64,blue,0.407083713178796,0.00551545440156853,Planktothrix,16S_ASV_406,Cryptophyta,18S_ASV_64
16S_ASV_169,18S_ASV_326,blue,0.407036146653055,0.00552148805843023,Planktothrix,16S_ASV_169,Stramenopiles,18S_ASV_326
16S_ASV_526,18S_ASV_188,blue,0.406951870050424,0.00553219237303995,Planktothrix,16S_ASV_526,Cryptophyta,18S_ASV_188
16S_ASV_355,18S_ASV_64,blue,0.406929547820252,0.00553503063376594,Planktothrix,16S_ASV_355,Cryptophyta,18S_ASV_64
16S_ASV_386,18S_ASV_315,blue,0.406789982521538,0.00555280503976289,Planktothrix,16S_ASV_386,Collodictyonidae,18S_ASV_315
16S_ASV_259,18S_ASV_119,blue,0.406687791603035,0.00556585109174383,Planktothrix,16S_ASV_259,Stramenopiles,18S_ASV_119
16S_ASV_568,18S_ASV_188,blue,0.406633264324311,0.00557282314181861,Planktothrix,16S_ASV_568,Cryptophyta,18S_ASV_188
16S_ASV_143,18S_ASV_85,blue,0.40612956648771,0.00563758787930723,Planktothrix,16S_ASV_143,Opisthokonta_Chytridiomycota,18S_ASV_85
16S_ASV_475,18S_ASV_212,blue,0.405892333145425,0.00566831713370094,Planktothrix,16S_ASV_475,Stramenopiles,18S_ASV_212
16S_ASV_815,18S_ASV_398,blue,0.405546441904417,0.00571338208020512,Terrimicrobium,16S_ASV_815,Stramenopiles,18S_ASV_398
16S_ASV_815,18S_ASV_443,blue,0.40534629810761,0.00573960015753058,Terrimicrobium,16S_ASV_815,Stramenopiles,18S_ASV_443
16S_ASV_474,18S_ASV_85,blue,0.405293481270798,0.0057465363858651,Planktothrix,16S_ASV_474,Opisthokonta_Chytridiomycota,18S_ASV_85
16S_ASV_1147,18S_ASV_212,blue,0.405169978654765,0.00576278395700053,NA,16S_ASV_1147,Stramenopiles,18S_ASV_212
16S_ASV_250,18S_ASV_64,blue,0.405013771255103,0.00578339125561444,Planktothrix,16S_ASV_250,Cryptophyta,18S_ASV_64
16S_ASV_550,18S_ASV_188,blue,0.404947026272208,0.00579221595110048,Planktothrix,16S_ASV_550,Cryptophyta,18S_ASV_188
16S_ASV_474,18S_ASV_64,blue,0.404909891360332,0.00579713081466446,Planktothrix,16S_ASV_474,Cryptophyta,18S_ASV_64
16S_ASV_474,18S_ASV_188,blue,0.404755995869319,0.0058175377933503,Planktothrix,16S_ASV_474,Cryptophyta,18S_ASV_188
16S_ASV_330,18S_ASV_315,blue,0.404409203501986,0.00586375251198359,Planktothrix,16S_ASV_330,Collodictyonidae,18S_ASV_315
16S_ASV_320,18S_ASV_315,blue,0.404310973852085,0.00587690078496181,Planktothrix,16S_ASV_320,Collodictyonidae,18S_ASV_315
16S_ASV_1147,18S_ASV_64,blue,0.404090214101664,0.0059065435495262,NA,16S_ASV_1147,Cryptophyta,18S_ASV_64
16S_ASV_348,18S_ASV_119,blue,0.403954605560575,0.00592481689541017,Planktothrix,16S_ASV_348,Stramenopiles,18S_ASV_119
16S_ASV_443,18S_ASV_64,blue,0.403825569839104,0.00594225014504593,Planktothrix,16S_ASV_443,Cryptophyta,18S_ASV_64
16S_ASV_595,18S_ASV_328,blue,0.403825569825004,0.00594225014695333,Planktothrix,16S_ASV_595,Stramenopiles,18S_ASV_328
16S_ASV_359,18S_ASV_328,blue,0.403455601193101,0.00599248176714436,Planktothrix,16S_ASV_359,Stramenopiles,18S_ASV_328
16S_ASV_568,18S_ASV_64,blue,0.403291139364976,0.00601492937424208,Planktothrix,16S_ASV_568,Cryptophyta,18S_ASV_64
16S_ASV_474,18S_ASV_443,blue,0.402823394657718,0.0060791722655249,Planktothrix,16S_ASV_474,Stramenopiles,18S_ASV_443
16S_ASV_292,18S_ASV_212,blue,0.402658027431679,0.00610202696914084,Planktothrix,16S_ASV_292,Stramenopiles,18S_ASV_212
16S_ASV_388,18S_ASV_443,blue,0.401793301536655,0.00622275648562398,Planktothrix,16S_ASV_388,Stramenopiles,18S_ASV_443
16S_ASV_550,18S_ASV_443,blue,0.401783815539385,0.00622409229866543,Planktothrix,16S_ASV_550,Stramenopiles,18S_ASV_443
16S_ASV_449,18S_ASV_119,blue,0.401502562557699,0.00626381147112774,Planktothrix,16S_ASV_449,Stramenopiles,18S_ASV_119
16S_ASV_416,18S_ASV_64,blue,0.401321534128683,0.00628949293585855,Planktothrix,16S_ASV_416,Cryptophyta,18S_ASV_64
16S_ASV_341,18S_ASV_64,blue,0.401164214988343,0.0063118850732112,Planktothrix,16S_ASV_341,Cryptophyta,18S_ASV_64
16S_ASV_449,18S_ASV_64,blue,0.401018084502536,0.00633274661833915,Planktothrix,16S_ASV_449,Cryptophyta,18S_ASV_64
16S_ASV_273,18S_ASV_315,blue,0.40096645259764,0.00634013186705588,Planktothrix,16S_ASV_273,Collodictyonidae,18S_ASV_315
16S_ASV_314,18S_ASV_328,blue,0.400736672432892,0.00637308954918297,Planktothrix,16S_ASV_314,Stramenopiles,18S_ASV_328
16S_ASV_348,18S_ASV_188,blue,0.400706346672765,0.00637745029979473,Planktothrix,16S_ASV_348,Cryptophyta,18S_ASV_188
16S_ASV_348,18S_ASV_141,blue,0.400467365810833,0.00641190570137395,Planktothrix,16S_ASV_348,Chlorophyta,18S_ASV_141
16S_ASV_503,18S_ASV_328,blue,0.400136118270334,0.00645993081169676,Planktothrix,16S_ASV_503,Stramenopiles,18S_ASV_328
16S_ASV_293,18S_ASV_412,brown,0.845058226249757,2.8830311358853997e-13,Chthoniobacter,16S_ASV_293,Opisthokonta_Chytridiomycota,18S_ASV_412
16S_ASV_586,18S_ASV_412,brown,0.771722137133781,5.44958579778324e-10,NA,16S_ASV_586,Opisthokonta_Chytridiomycota,18S_ASV_412
16S_ASV_301,18S_ASV_525,brown,0.769283023713725,6.66833414428468e-10,NA,16S_ASV_301,Stramenopiles,18S_ASV_525
16S_ASV_373,18S_ASV_412,brown,0.762652647052646,1.1402704677930702e-9,Chthoniobacter,16S_ASV_373,Opisthokonta_Chytridiomycota,18S_ASV_412
16S_ASV_860,18S_ASV_525,brown,0.751165884632307,2.7757121837153304e-9,NA,16S_ASV_860,Stramenopiles,18S_ASV_525
16S_ASV_860,18S_ASV_1133,brown,0.750959630436201,2.8191715543061203e-9,NA,16S_ASV_860,Chlorophyta,18S_ASV_1133
16S_ASV_301,18S_ASV_1133,brown,0.740698456845619,5.994935822879641e-9,NA,16S_ASV_301,Chlorophyta,18S_ASV_1133
16S_ASV_315,18S_ASV_1133,brown,0.738317436659625,7.1063309898252e-9,NA,16S_ASV_315,Chlorophyta,18S_ASV_1133
16S_ASV_312,18S_ASV_525,brown,0.718793946991422,2.68410175252354e-8,NA,16S_ASV_312,Stramenopiles,18S_ASV_525
16S_ASV_346,18S_ASV_1133,brown,0.709911215977118,4.73996513045589e-8,NA,16S_ASV_346,Chlorophyta,18S_ASV_1133
16S_ASV_408,18S_ASV_525,brown,0.70740656703247,5.54335469245712e-8,NA,16S_ASV_408,Stramenopiles,18S_ASV_525
16S_ASV_429,18S_ASV_1133,brown,0.706495054861984,5.86603329923742e-8,NA,16S_ASV_429,Chlorophyta,18S_ASV_1133
16S_ASV_293,18S_ASV_143,brown,0.701789362966054,7.82966704165963e-8,Chthoniobacter,16S_ASV_293,Streptophyta,18S_ASV_143
16S_ASV_429,18S_ASV_525,brown,0.698059311616623,9.80499490884171e-8,NA,16S_ASV_429,Stramenopiles,18S_ASV_525
16S_ASV_373,18S_ASV_143,brown,0.697518376700673,1.01273171192841e-7,Chthoniobacter,16S_ASV_373,Streptophyta,18S_ASV_143
16S_ASV_256,18S_ASV_525,brown,0.69575040492045,1.12510305594444e-7,NA,16S_ASV_256,Stramenopiles,18S_ASV_525
16S_ASV_346,18S_ASV_525,brown,0.695364465258843,1.15113119187561e-7,NA,16S_ASV_346,Stramenopiles,18S_ASV_525
16S_ASV_501,18S_ASV_525,brown,0.694391841192792,1.21923701330977e-7,NA,16S_ASV_501,Stramenopiles,18S_ASV_525
16S_ASV_440,18S_ASV_236,brown,0.687484235885092,1.82231096812713e-7,Sediminibacterium,16S_ASV_440,Opisthokonta_Arthropoda,18S_ASV_236
16S_ASV_501,18S_ASV_412,brown,0.687124308963066,1.86031544940849e-7,NA,16S_ASV_501,Opisthokonta_Chytridiomycota,18S_ASV_412
16S_ASV_501,18S_ASV_1133,brown,0.680052723277063,2.77439450507781e-7,NA,16S_ASV_501,Chlorophyta,18S_ASV_1133
16S_ASV_211,18S_ASV_412,brown,0.67475507091779,3.71639203142431e-7,NA,16S_ASV_211,Opisthokonta_Chytridiomycota,18S_ASV_412
16S_ASV_211,18S_ASV_525,brown,0.673737346730821,3.92840113004237e-7,NA,16S_ASV_211,Stramenopiles,18S_ASV_525
16S_ASV_105,18S_ASV_525,brown,0.673596174591854,3.95868215744854e-7,NA,16S_ASV_105,Stramenopiles,18S_ASV_525
16S_ASV_400,18S_ASV_525,brown,0.673424867942568,3.99571837191552e-7,NA,16S_ASV_400,Stramenopiles,18S_ASV_525
16S_ASV_290,18S_ASV_525,brown,0.67279789024544,4.13403480511704e-7,NA,16S_ASV_290,Stramenopiles,18S_ASV_525
16S_ASV_440,18S_ASV_187,brown,0.672130948948705,4.28604442535881e-7,Sediminibacterium,16S_ASV_440,Opisthokonta_Arthropoda,18S_ASV_187
16S_ASV_400,18S_ASV_1133,brown,0.671897227613646,4.34053234240298e-7,NA,16S_ASV_400,Chlorophyta,18S_ASV_1133
16S_ASV_762,18S_ASV_412,brown,0.670341497062267,4.71995521427398e-7,NA,16S_ASV_762,Opisthokonta_Chytridiomycota,18S_ASV_412
16S_ASV_860,18S_ASV_257,brown,0.668570576297447,5.18927023331119e-7,NA,16S_ASV_860,Opisthokonta_Unclassified,18S_ASV_257
16S_ASV_374,18S_ASV_525,brown,0.66765599925789,5.44828218655169e-7,NA,16S_ASV_374,Stramenopiles,18S_ASV_525
16S_ASV_377,18S_ASV_143,brown,0.667384149910143,5.52755587800954e-7,Fluviicola,16S_ASV_377,Streptophyta,18S_ASV_143
16S_ASV_211,18S_ASV_143,brown,0.664524790582838,6.42882881754681e-7,NA,16S_ASV_211,Streptophyta,18S_ASV_143
16S_ASV_353,18S_ASV_1133,brown,0.661408254294082,7.56543819399636e-7,NA,16S_ASV_353,Chlorophyta,18S_ASV_1133
16S_ASV_315,18S_ASV_525,brown,0.657849917683972,9.08994952256807e-7,NA,16S_ASV_315,Stramenopiles,18S_ASV_525
16S_ASV_390,18S_ASV_525,brown,0.656357695606479,9.8103434252871e-7,NA,16S_ASV_390,Stramenopiles,18S_ASV_525
16S_ASV_928,18S_ASV_1911,brown,0.655054662160411,1.04823509171111e-6,Microcystis,16S_ASV_928,Stramenopiles,18S_ASV_1911
16S_ASV_256,18S_ASV_412,brown,0.652539840090547,1.19015689985759e-6,NA,16S_ASV_256,Opisthokonta_Chytridiomycota,18S_ASV_412
16S_ASV_105,18S_ASV_412,brown,0.64805950730652,1.48799318215648e-6,NA,16S_ASV_105,Opisthokonta_Chytridiomycota,18S_ASV_412
16S_ASV_1297,18S_ASV_1911,brown,0.645775678771673,1.66509624689417e-6,Microcystis,16S_ASV_1297,Stramenopiles,18S_ASV_1911
16S_ASV_501,18S_ASV_257,brown,0.643844201649657,1.82990665349206e-6,NA,16S_ASV_501,Opisthokonta_Unclassified,18S_ASV_257
16S_ASV_105,18S_ASV_143,brown,0.642303357297677,1.97207929781672e-6,NA,16S_ASV_105,Streptophyta,18S_ASV_143
16S_ASV_290,18S_ASV_412,brown,0.641062734540087,2.09390869497187e-6,NA,16S_ASV_290,Opisthokonta_Chytridiomycota,18S_ASV_412
16S_ASV_504,18S_ASV_525,brown,0.638473102383495,2.37097559005169e-6,NA,16S_ASV_504,Stramenopiles,18S_ASV_525
16S_ASV_323,18S_ASV_525,brown,0.635673155091793,2.70844784880589e-6,NA,16S_ASV_323,Stramenopiles,18S_ASV_525
16S_ASV_293,18S_ASV_257,brown,0.635176757021935,2.77272362834098e-6,Chthoniobacter,16S_ASV_293,Opisthokonta_Unclassified,18S_ASV_257
16S_ASV_400,18S_ASV_412,brown,0.63505637591312,2.78852217255987e-6,NA,16S_ASV_400,Opisthokonta_Chytridiomycota,18S_ASV_412
16S_ASV_290,18S_ASV_143,brown,0.634293302715214,2.89061818423524e-6,NA,16S_ASV_290,Streptophyta,18S_ASV_143
16S_ASV_353,18S_ASV_525,brown,0.63293444204222,3.08103047086381e-6,NA,16S_ASV_353,Stramenopiles,18S_ASV_525
16S_ASV_429,18S_ASV_257,brown,0.630578973456163,3.43879526761803e-6,NA,16S_ASV_429,Opisthokonta_Unclassified,18S_ASV_257
16S_ASV_504,18S_ASV_1133,brown,0.630007288839504,3.53123144295212e-6,NA,16S_ASV_504,Chlorophyta,18S_ASV_1133
16S_ASV_480,18S_ASV_525,brown,0.629866137629023,3.55440501636249e-6,NA,16S_ASV_480,Stramenopiles,18S_ASV_525
16S_ASV_860,18S_ASV_412,brown,0.626568125427362,4.13753057829638e-6,NA,16S_ASV_860,Opisthokonta_Chytridiomycota,18S_ASV_412
16S_ASV_429,18S_ASV_412,brown,0.621818166976104,5.13372228488514e-6,NA,16S_ASV_429,Opisthokonta_Chytridiomycota,18S_ASV_412
16S_ASV_390,18S_ASV_1133,brown,0.619728713823639,5.63842709115499e-6,NA,16S_ASV_390,Chlorophyta,18S_ASV_1133
16S_ASV_290,18S_ASV_1133,brown,0.619510271037856,5.69375308062165e-6,NA,16S_ASV_290,Chlorophyta,18S_ASV_1133
16S_ASV_315,18S_ASV_412,brown,0.613636406485217,7.38307584282047e-6,NA,16S_ASV_315,Opisthokonta_Chytridiomycota,18S_ASV_412
16S_ASV_323,18S_ASV_257,brown,0.613110548998633,7.55489414410696e-6,NA,16S_ASV_323,Opisthokonta_Unclassified,18S_ASV_257
16S_ASV_174,18S_ASV_525,brown,0.612697291233454,7.6924991331406e-6,NA,16S_ASV_174,Stramenopiles,18S_ASV_525
16S_ASV_79,18S_ASV_525,brown,0.610639141869887,8.41285872152516e-6,NA,16S_ASV_79,Stramenopiles,18S_ASV_525
16S_ASV_323,18S_ASV_1133,brown,0.610318634172871,8.53047148936635e-6,NA,16S_ASV_323,Chlorophyta,18S_ASV_1133
16S_ASV_408,18S_ASV_1133,brown,0.607555390434061,9.60910684448374e-6,NA,16S_ASV_408,Chlorophyta,18S_ASV_1133
16S_ASV_301,18S_ASV_187,brown,0.606759418540705,9.9423349995194e-6,NA,16S_ASV_301,Opisthokonta_Arthropoda,18S_ASV_187
16S_ASV_480,18S_ASV_257,brown,0.605748720845421,1.03807832332924e-5,NA,16S_ASV_480,Opisthokonta_Unclassified,18S_ASV_257
16S_ASV_501,18S_ASV_143,brown,0.605677678611543,1.04122614925575e-5,NA,16S_ASV_501,Streptophyta,18S_ASV_143
16S_ASV_400,18S_ASV_257,brown,0.60421749535382,1.10790372857788e-5,NA,16S_ASV_400,Opisthokonta_Unclassified,18S_ASV_257
16S_ASV_390,18S_ASV_412,brown,0.602716098428692,1.1805413389963e-5,NA,16S_ASV_390,Opisthokonta_Chytridiomycota,18S_ASV_412
16S_ASV_301,18S_ASV_412,brown,0.602248612461039,1.20403721800755e-5,NA,16S_ASV_301,Opisthokonta_Chytridiomycota,18S_ASV_412
16S_ASV_211,18S_ASV_1133,brown,0.601886548987551,1.22252929353241e-5,NA,16S_ASV_211,Chlorophyta,18S_ASV_1133
16S_ASV_480,18S_ASV_1133,brown,0.601148033736712,1.26106073144571e-5,NA,16S_ASV_480,Chlorophyta,18S_ASV_1133
16S_ASV_650,18S_ASV_983,brown,0.598050015617015,1.43517886742803e-5,Pseudarcicella,16S_ASV_650,Rhizaria,18S_ASV_983
16S_ASV_256,18S_ASV_1133,brown,0.596395548177539,1.53696671949658e-5,NA,16S_ASV_256,Chlorophyta,18S_ASV_1133
16S_ASV_504,18S_ASV_412,brown,0.596146856074303,1.55282804054527e-5,NA,16S_ASV_504,Opisthokonta_Chytridiomycota,18S_ASV_412
16S_ASV_199,18S_ASV_525,brown,0.59573592070357,1.57936699455746e-5,NA,16S_ASV_199,Stramenopiles,18S_ASV_525
16S_ASV_312,18S_ASV_257,brown,0.595395714011539,1.60165278179686e-5,NA,16S_ASV_312,Opisthokonta_Unclassified,18S_ASV_257
16S_ASV_105,18S_ASV_1133,brown,0.595135456174315,1.6188960320094e-5,NA,16S_ASV_105,Chlorophyta,18S_ASV_1133
16S_ASV_374,18S_ASV_257,brown,0.594969700502975,1.62996681252605e-5,NA,16S_ASV_374,Opisthokonta_Unclassified,18S_ASV_257
16S_ASV_866,18S_ASV_525,brown,0.594151179435079,1.68566239323668e-5,Fluviicola,16S_ASV_866,Stramenopiles,18S_ASV_525
16S_ASV_429,18S_ASV_187,brown,0.593887407232595,1.70397959171101e-5,NA,16S_ASV_429,Opisthokonta_Arthropoda,18S_ASV_187
16S_ASV_480,18S_ASV_412,brown,0.590628320058027,1.9458977876254e-5,NA,16S_ASV_480,Opisthokonta_Chytridiomycota,18S_ASV_412
16S_ASV_323,18S_ASV_412,brown,0.590419355556094,1.96243581057671e-5,NA,16S_ASV_323,Opisthokonta_Chytridiomycota,18S_ASV_412
16S_ASV_370,18S_ASV_525,brown,0.589854207624694,2.00781160138533e-5,NA,16S_ASV_370,Stramenopiles,18S_ASV_525
16S_ASV_390,18S_ASV_257,brown,0.589628795798177,2.02617704407473e-5,NA,16S_ASV_390,Opisthokonta_Unclassified,18S_ASV_257
16S_ASV_586,18S_ASV_143,brown,0.589418290367198,2.04346707679411e-5,NA,16S_ASV_586,Streptophyta,18S_ASV_143
16S_ASV_860,18S_ASV_904,brown,0.588028753256029,2.16103745309507e-5,NA,16S_ASV_860,Chlorophyta,18S_ASV_904
16S_ASV_374,18S_ASV_1133,brown,0.587055358075095,2.24705963138144e-5,NA,16S_ASV_374,Chlorophyta,18S_ASV_1133
16S_ASV_408,18S_ASV_257,brown,0.587000134171906,2.25203284693732e-5,NA,16S_ASV_408,Opisthokonta_Unclassified,18S_ASV_257
16S_ASV_374,18S_ASV_412,brown,0.586315094405033,2.31456962284523e-5,NA,16S_ASV_374,Opisthokonta_Chytridiomycota,18S_ASV_412
16S_ASV_385,18S_ASV_525,brown,0.586042830528477,2.33986368549607e-5,NA,16S_ASV_385,Stramenopiles,18S_ASV_525
16S_ASV_570,18S_ASV_187,brown,0.586014924959204,2.34247046180579e-5,Sediminibacterium,16S_ASV_570,Opisthokonta_Arthropoda,18S_ASV_187
16S_ASV_301,18S_ASV_257,brown,0.584684474298283,2.46988871388173e-5,NA,16S_ASV_301,Opisthokonta_Unclassified,18S_ASV_257
16S_ASV_312,18S_ASV_1133,brown,0.584504597369654,2.48759502419498e-5,NA,16S_ASV_312,Chlorophyta,18S_ASV_1133
16S_ASV_570,18S_ASV_236,brown,0.584443641367512,2.49362162309614e-5,Sediminibacterium,16S_ASV_570,Opisthokonta_Arthropoda,18S_ASV_236
16S_ASV_353,18S_ASV_412,brown,0.582876946968659,2.65318706587985e-5,NA,16S_ASV_353,Opisthokonta_Chytridiomycota,18S_ASV_412
16S_ASV_370,18S_ASV_1133,brown,0.582661833785211,2.6758121692705e-5,NA,16S_ASV_370,Chlorophyta,18S_ASV_1133
16S_ASV_315,18S_ASV_257,brown,0.581840936106218,2.76378696492228e-5,NA,16S_ASV_315,Opisthokonta_Unclassified,18S_ASV_257
16S_ASV_870,18S_ASV_541,brown,0.579092598722908,3.07797469888135e-5,Pseudarcicella,16S_ASV_870,Stramenopiles,18S_ASV_541
16S_ASV_390,18S_ASV_143,brown,0.578832956161366,3.10928741304098e-5,NA,16S_ASV_390,Streptophyta,18S_ASV_143
16S_ASV_408,18S_ASV_412,brown,0.578546102361638,3.14422082301021e-5,NA,16S_ASV_408,Opisthokonta_Chytridiomycota,18S_ASV_412
16S_ASV_290,18S_ASV_187,brown,0.577960503158486,3.21665428992023e-5,NA,16S_ASV_290,Opisthokonta_Arthropoda,18S_ASV_187
16S_ASV_353,18S_ASV_257,brown,0.577937070354978,3.21958426533878e-5,NA,16S_ASV_353,Opisthokonta_Unclassified,18S_ASV_257
16S_ASV_211,18S_ASV_257,brown,0.577056213984262,3.331513133061e-5,NA,16S_ASV_211,Opisthokonta_Unclassified,18S_ASV_257
16S_ASV_408,18S_ASV_187,brown,0.576760350065391,3.36990002888999e-5,NA,16S_ASV_408,Opisthokonta_Arthropoda,18S_ASV_187
16S_ASV_315,18S_ASV_143,brown,0.576493979101054,3.40480632485375e-5,NA,16S_ASV_315,Streptophyta,18S_ASV_143
16S_ASV_105,18S_ASV_257,brown,0.574826965344951,3.6308830716631e-5,NA,16S_ASV_105,Opisthokonta_Unclassified,18S_ASV_257
16S_ASV_714,18S_ASV_679,brown,0.574258469569534,3.71106873100944e-5,Pseudarcicella,16S_ASV_714,Stramenopiles,18S_ASV_679
16S_ASV_128,18S_ASV_525,brown,0.574139799328963,3.72801011723053e-5,NA,16S_ASV_128,Stramenopiles,18S_ASV_525
16S_ASV_373,18S_ASV_257,brown,0.573419773510117,3.83232760754929e-5,Chthoniobacter,16S_ASV_373,Opisthokonta_Unclassified,18S_ASV_257
16S_ASV_105,18S_ASV_187,brown,0.57309392418123,3.88040882041882e-5,NA,16S_ASV_105,Opisthokonta_Arthropoda,18S_ASV_187
16S_ASV_860,18S_ASV_187,brown,0.572541542676143,3.96317879507072e-5,NA,16S_ASV_860,Opisthokonta_Arthropoda,18S_ASV_187
16S_ASV_353,18S_ASV_143,brown,0.570060228585638,4.35527933758884e-5,NA,16S_ASV_353,Streptophyta,18S_ASV_143
16S_ASV_866,18S_ASV_86,brown,0.568656765858015,4.59245419731061e-5,Fluviicola,16S_ASV_866,Cryptophyta,18S_ASV_86
16S_ASV_1297,18S_ASV_257,brown,0.568501878771738,4.61933967706221e-5,Microcystis,16S_ASV_1297,Opisthokonta_Unclassified,18S_ASV_257
16S_ASV_784,18S_ASV_983,brown,0.567984199529347,4.71024643259382e-5,Pseudarcicella,16S_ASV_784,Rhizaria,18S_ASV_983
16S_ASV_504,18S_ASV_257,brown,0.5667971060235,4.92491135714963e-5,NA,16S_ASV_504,Opisthokonta_Unclassified,18S_ASV_257
16S_ASV_211,18S_ASV_187,brown,0.565780370057125,5.11583694999217e-5,NA,16S_ASV_211,Opisthokonta_Arthropoda,18S_ASV_187
16S_ASV_377,18S_ASV_412,brown,0.564429814859223,5.37990552792026e-5,Fluviicola,16S_ASV_377,Opisthokonta_Chytridiomycota,18S_ASV_412
16S_ASV_504,18S_ASV_143,brown,0.563825244145425,5.50209992613381e-5,NA,16S_ASV_504,Streptophyta,18S_ASV_143
16S_ASV_854,18S_ASV_932,brown,0.562753853471498,5.72488981464968e-5,hgcI-clade,16S_ASV_854,Chlorophyta,18S_ASV_932
16S_ASV_418,18S_ASV_1133,brown,0.561510335346286,5.99378190377027e-5,Candidatus-Limnoluna,16S_ASV_418,Chlorophyta,18S_ASV_1133
16S_ASV_480,18S_ASV_143,brown,0.559741570038286,6.39613561140598e-5,NA,16S_ASV_480,Streptophyta,18S_ASV_143
16S_ASV_1054,18S_ASV_541,brown,0.559101024452852,6.5478195928214e-5,Pseudarcicella,16S_ASV_1054,Stramenopiles,18S_ASV_541
16S_ASV_312,18S_ASV_412,brown,0.558114029566583,6.78797738050156e-5,NA,16S_ASV_312,Opisthokonta_Chytridiomycota,18S_ASV_412
16S_ASV_469,18S_ASV_983,brown,0.557009616143422,7.06621107379638e-5,Pseudarcicella,16S_ASV_469,Rhizaria,18S_ASV_983
16S_ASV_400,18S_ASV_187,brown,0.556927176299708,7.08739147505191e-5,NA,16S_ASV_400,Opisthokonta_Arthropoda,18S_ASV_187
16S_ASV_293,18S_ASV_525,brown,0.556812738685755,7.11688868896153e-5,Chthoniobacter,16S_ASV_293,Stramenopiles,18S_ASV_525
16S_ASV_323,18S_ASV_143,brown,0.556391901816525,7.22632811576283e-5,NA,16S_ASV_323,Streptophyta,18S_ASV_143
16S_ASV_105,18S_ASV_904,brown,0.555509925056458,7.46068155072827e-5,NA,16S_ASV_105,Chlorophyta,18S_ASV_904
16S_ASV_290,18S_ASV_257,brown,0.552390942142951,8.34609824277924e-5,NA,16S_ASV_290,Opisthokonta_Unclassified,18S_ASV_257
16S_ASV_290,18S_ASV_904,brown,0.551774889679531,8.53191332305772e-5,NA,16S_ASV_290,Chlorophyta,18S_ASV_904
16S_ASV_429,18S_ASV_236,brown,0.548996765256927,9.41757482380778e-5,NA,16S_ASV_429,Opisthokonta_Arthropoda,18S_ASV_236
16S_ASV_390,18S_ASV_187,brown,0.547426495200088,9.95442764810089e-5,NA,16S_ASV_390,Opisthokonta_Arthropoda,18S_ASV_187
16S_ASV_394,18S_ASV_541,brown,0.546002850363184,1.0465065480281e-4,Fluviicola,16S_ASV_394,Stramenopiles,18S_ASV_541
16S_ASV_866,18S_ASV_679,brown,0.544251701515928,1.112580901481e-4,Fluviicola,16S_ASV_866,Stramenopiles,18S_ASV_679
16S_ASV_256,18S_ASV_257,brown,0.544194807827914,1.1147898715704e-4,NA,16S_ASV_256,Opisthokonta_Unclassified,18S_ASV_257
16S_ASV_346,18S_ASV_412,brown,0.543862119419128,1.1277869648505e-4,NA,16S_ASV_346,Opisthokonta_Chytridiomycota,18S_ASV_412
16S_ASV_586,18S_ASV_257,brown,0.543341939344955,1.1483851079449e-4,NA,16S_ASV_586,Opisthokonta_Unclassified,18S_ASV_257
16S_ASV_256,18S_ASV_187,brown,0.543178607133439,1.1549229600555e-4,NA,16S_ASV_256,Opisthokonta_Arthropoda,18S_ASV_187
16S_ASV_346,18S_ASV_187,brown,0.542679631524479,1.175106076467e-4,NA,16S_ASV_346,Opisthokonta_Arthropoda,18S_ASV_187
16S_ASV_329,18S_ASV_1133,brown,0.542446425161765,1.1846485623922e-4,Candidatus-Limnoluna,16S_ASV_329,Chlorophyta,18S_ASV_1133
16S_ASV_394,18S_ASV_508,brown,0.54214093622824,1.1972553162656e-4,Fluviicola,16S_ASV_394,Stramenopiles,18S_ASV_508
16S_ASV_866,18S_ASV_187,brown,0.54169271276782,1.2159731574627e-4,Fluviicola,16S_ASV_866,Opisthokonta_Arthropoda,18S_ASV_187
16S_ASV_620,18S_ASV_525,brown,0.540968771513168,1.2467673214347e-4,Fluviicola,16S_ASV_620,Stramenopiles,18S_ASV_525
16S_ASV_128,18S_ASV_257,brown,0.540600615600819,1.2626978009917e-4,NA,16S_ASV_128,Opisthokonta_Unclassified,18S_ASV_257
16S_ASV_497,18S_ASV_983,brown,0.538138867215158,1.3740616420602e-4,NA,16S_ASV_497,Rhizaria,18S_ASV_983
16S_ASV_606,18S_ASV_143,brown,0.537655841746321,1.3969319598736e-4,Candidatus-Limnoluna,16S_ASV_606,Streptophyta,18S_ASV_143
16S_ASV_256,18S_ASV_143,brown,0.53710416590807,1.4234751801505e-4,NA,16S_ASV_256,Streptophyta,18S_ASV_143
16S_ASV_315,18S_ASV_187,brown,0.535428091837692,1.50695067285e-4,NA,16S_ASV_315,Opisthokonta_Arthropoda,18S_ASV_187
16S_ASV_429,18S_ASV_143,brown,0.534571448390158,1.5513085956606e-4,NA,16S_ASV_429,Streptophyta,18S_ASV_143
16S_ASV_373,18S_ASV_525,brown,0.530974070264739,1.750812307833e-4,Chthoniobacter,16S_ASV_373,Stramenopiles,18S_ASV_525
16S_ASV_1038,18S_ASV_525,brown,0.530939067804289,1.7528627837643e-4,Fluviicola,16S_ASV_1038,Stramenopiles,18S_ASV_525
16S_ASV_79,18S_ASV_412,brown,0.529700000875002,1.8268661749801e-4,NA,16S_ASV_79,Opisthokonta_Chytridiomycota,18S_ASV_412
16S_ASV_429,18S_ASV_904,brown,0.529004868191733,1.869612021775e-4,NA,16S_ASV_429,Chlorophyta,18S_ASV_904
16S_ASV_782,18S_ASV_187,brown,0.527002367178409,1.9978666154179e-4,Pseudarcicella,16S_ASV_782,Opisthokonta_Arthropoda,18S_ASV_187
16S_ASV_370,18S_ASV_257,brown,0.526323321744556,2.0431341157493e-4,NA,16S_ASV_370,Opisthokonta_Unclassified,18S_ASV_257
16S_ASV_860,18S_ASV_86,brown,0.525753243366441,2.0818524769563e-4,NA,16S_ASV_860,Cryptophyta,18S_ASV_86
16S_ASV_370,18S_ASV_412,brown,0.523650624175499,2.2304693681823e-4,NA,16S_ASV_370,Opisthokonta_Chytridiomycota,18S_ASV_412
16S_ASV_374,18S_ASV_187,brown,0.523637807865921,2.2314039562882e-4,NA,16S_ASV_374,Opisthokonta_Arthropoda,18S_ASV_187
16S_ASV_247,18S_ASV_143,brown,0.523373762405604,2.2507376529275e-4,NA,16S_ASV_247,Streptophyta,18S_ASV_143
16S_ASV_870,18S_ASV_187,brown,0.522026532915955,2.3517636353725e-4,Pseudarcicella,16S_ASV_870,Opisthokonta_Arthropoda,18S_ASV_187
16S_ASV_390,18S_ASV_236,brown,0.520921506407366,2.4376700131714e-4,NA,16S_ASV_390,Opisthokonta_Arthropoda,18S_ASV_236
16S_ASV_312,18S_ASV_187,brown,0.520863676243168,2.4422429831981e-4,NA,16S_ASV_312,Opisthokonta_Arthropoda,18S_ASV_187
16S_ASV_1297,18S_ASV_412,brown,0.519055316132416,2.5892141357295e-4,Microcystis,16S_ASV_1297,Opisthokonta_Chytridiomycota,18S_ASV_412
16S_ASV_301,18S_ASV_143,brown,0.518974774670798,2.5959421556657e-4,NA,16S_ASV_301,Streptophyta,18S_ASV_143
16S_ASV_782,18S_ASV_541,brown,0.517600204561045,2.7132296557489e-4,Pseudarcicella,16S_ASV_782,Stramenopiles,18S_ASV_541
16S_ASV_346,18S_ASV_257,brown,0.517083695845595,2.758524906631e-4,NA,16S_ASV_346,Opisthokonta_Unclassified,18S_ASV_257
16S_ASV_742,18S_ASV_932,brown,0.515881599156307,2.8665993942992e-4,hgcI-clade,16S_ASV_742,Chlorophyta,18S_ASV_932
16S_ASV_79,18S_ASV_257,brown,0.515680766769847,2.8850234991151e-4,NA,16S_ASV_79,Opisthokonta_Unclassified,18S_ASV_257
16S_ASV_501,18S_ASV_187,brown,0.514972858576409,2.9508221248345e-4,NA,16S_ASV_501,Opisthokonta_Arthropoda,18S_ASV_187
16S_ASV_504,18S_ASV_187,brown,0.51199583871191,3.2426181892575e-4,NA,16S_ASV_504,Opisthokonta_Arthropoda,18S_ASV_187
16S_ASV_293,18S_ASV_932,brown,0.511911758107922,3.2512248431911e-4,Chthoniobacter,16S_ASV_293,Chlorophyta,18S_ASV_932
16S_ASV_323,18S_ASV_187,brown,0.511246773223977,3.3200234900583e-4,NA,16S_ASV_323,Opisthokonta_Arthropoda,18S_ASV_187
16S_ASV_211,18S_ASV_904,brown,0.510561428926472,3.3923001813806e-4,NA,16S_ASV_211,Chlorophyta,18S_ASV_904
16S_ASV_370,18S_ASV_187,brown,0.50957144110823,3.499211449547e-4,NA,16S_ASV_370,Opisthokonta_Arthropoda,18S_ASV_187
16S_ASV_373,18S_ASV_932,brown,0.508082448631625,3.6657391030496e-4,Chthoniobacter,16S_ASV_373,Chlorophyta,18S_ASV_932
16S_ASV_586,18S_ASV_932,brown,0.507749813324856,3.7039030915637e-4,NA,16S_ASV_586,Chlorophyta,18S_ASV_932
16S_ASV_79,18S_ASV_1133,brown,0.507173256364927,3.7709018823314e-4,NA,16S_ASV_79,Chlorophyta,18S_ASV_1133
16S_ASV_480,18S_ASV_187,brown,0.50638540886008,3.8642194324764e-4,NA,16S_ASV_480,Opisthokonta_Arthropoda,18S_ASV_187
16S_ASV_374,18S_ASV_143,brown,0.506251114142107,3.8803320717988e-4,NA,16S_ASV_374,Streptophyta,18S_ASV_143
16S_ASV_353,18S_ASV_187,brown,0.505595902912428,3.9598155409446e-4,NA,16S_ASV_353,Opisthokonta_Arthropoda,18S_ASV_187
16S_ASV_400,18S_ASV_143,brown,0.504405009667756,4.1080465769029e-4,NA,16S_ASV_400,Streptophyta,18S_ASV_143
16S_ASV_1297,18S_ASV_932,brown,0.504141948927987,4.1414560756673e-4,Microcystis,16S_ASV_1297,Chlorophyta,18S_ASV_932
16S_ASV_606,18S_ASV_1133,brown,0.504010289355365,4.1582689271208e-4,Candidatus-Limnoluna,16S_ASV_606,Chlorophyta,18S_ASV_1133
16S_ASV_312,18S_ASV_143,brown,0.503987933135926,4.1611298992155e-4,NA,16S_ASV_312,Streptophyta,18S_ASV_143
16S_ASV_199,18S_ASV_187,brown,0.501692636057162,4.4644713925288e-4,NA,16S_ASV_199,Opisthokonta_Arthropoda,18S_ASV_187
16S_ASV_199,18S_ASV_679,brown,0.50129256657309,4.5193344990806e-4,NA,16S_ASV_199,Stramenopiles,18S_ASV_679
16S_ASV_301,18S_ASV_86,brown,0.499335065476889,4.796619181078e-4,NA,16S_ASV_301,Cryptophyta,18S_ASV_86
16S_ASV_400,18S_ASV_904,brown,0.498880928485254,4.8630956202662e-4,NA,16S_ASV_400,Chlorophyta,18S_ASV_904
16S_ASV_174,18S_ASV_1133,brown,0.498520724670936,4.916409962683e-4,NA,16S_ASV_174,Chlorophyta,18S_ASV_1133
16S_ASV_453,18S_ASV_983,brown,0.497007975291545,5.1460984897075e-4,Pseudarcicella,16S_ASV_453,Rhizaria,18S_ASV_983
16S_ASV_247,18S_ASV_1911,brown,0.495083966606276,5.4521428922393e-4,NA,16S_ASV_247,Stramenopiles,18S_ASV_1911
16S_ASV_870,18S_ASV_508,brown,0.495080760189393,5.4526662823922e-4,Pseudarcicella,16S_ASV_870,Stramenopiles,18S_ASV_508
16S_ASV_860,18S_ASV_541,brown,0.493943807672721,5.6411238514899e-4,NA,16S_ASV_860,Stramenopiles,18S_ASV_541
16S_ASV_427,18S_ASV_904,brown,0.491664478204024,6.0366499004868e-4,NA,16S_ASV_427,Chlorophyta,18S_ASV_904
16S_ASV_456,18S_ASV_541,brown,0.491646123878919,6.039933399261e-4,Fluviicola,16S_ASV_456,Stramenopiles,18S_ASV_541
16S_ASV_1054,18S_ASV_508,brown,0.491052300166656,6.147034015519e-4,Pseudarcicella,16S_ASV_1054,Stramenopiles,18S_ASV_508
16S_ASV_418,18S_ASV_143,brown,0.49021409124907,6.3011113933796e-4,Candidatus-Limnoluna,16S_ASV_418,Streptophyta,18S_ASV_143
16S_ASV_860,18S_ASV_236,brown,0.490109194236788,6.3206351534378e-4,NA,16S_ASV_860,Opisthokonta_Arthropoda,18S_ASV_236
16S_ASV_860,18S_ASV_143,brown,0.488779963719491,6.5727786236564e-4,NA,16S_ASV_860,Streptophyta,18S_ASV_143
16S_ASV_315,18S_ASV_904,brown,0.486291073360629,7.0692685511535e-4,NA,16S_ASV_315,Chlorophyta,18S_ASV_904
16S_ASV_870,18S_ASV_1133,brown,0.486082203099343,7.1124245257085e-4,Pseudarcicella,16S_ASV_870,Chlorophyta,18S_ASV_1133
16S_ASV_578,18S_ASV_983,brown,0.485499413378193,7.2340890283598e-4,Pseudarcicella,16S_ASV_578,Rhizaria,18S_ASV_983
16S_ASV_174,18S_ASV_257,brown,0.485298794104537,7.2764000388065e-4,NA,16S_ASV_174,Opisthokonta_Unclassified,18S_ASV_257
16S_ASV_854,18S_ASV_257,brown,0.484781766675749,7.3864656367866e-4,hgcI-clade,16S_ASV_854,Opisthokonta_Unclassified,18S_ASV_257
16S_ASV_870,18S_ASV_257,brown,0.484470788693116,7.4533829066666e-4,Pseudarcicella,16S_ASV_870,Opisthokonta_Unclassified,18S_ASV_257
16S_ASV_782,18S_ASV_236,brown,0.48415009286197,7.5229593325092e-4,Pseudarcicella,16S_ASV_782,Opisthokonta_Arthropoda,18S_ASV_236
16S_ASV_315,18S_ASV_236,brown,0.482866900917869,7.8072087264955e-4,NA,16S_ASV_315,Opisthokonta_Arthropoda,18S_ASV_236
16S_ASV_620,18S_ASV_86,brown,0.482264667615099,7.9438981787134e-4,Fluviicola,16S_ASV_620,Cryptophyta,18S_ASV_86
16S_ASV_501,18S_ASV_904,brown,0.481088693276666,8.216998855737e-4,NA,16S_ASV_501,Chlorophyta,18S_ASV_904
16S_ASV_385,18S_ASV_257,brown,0.480530132674767,8.3496330781142e-4,NA,16S_ASV_385,Opisthokonta_Unclassified,18S_ASV_257
16S_ASV_504,18S_ASV_236,brown,0.48051096683449,8.3542179274054e-4,NA,16S_ASV_504,Opisthokonta_Arthropoda,18S_ASV_236
16S_ASV_620,18S_ASV_679,brown,0.479828001258646,8.5190736836158e-4,Fluviicola,16S_ASV_620,Stramenopiles,18S_ASV_679
16S_ASV_870,18S_ASV_236,brown,0.479337718204381,8.6392065969544e-4,Pseudarcicella,16S_ASV_870,Opisthokonta_Arthropoda,18S_ASV_236
16S_ASV_1054,18S_ASV_257,brown,0.478286909510075,8.9017990053469e-4,Pseudarcicella,16S_ASV_1054,Opisthokonta_Unclassified,18S_ASV_257
16S_ASV_301,18S_ASV_236,brown,0.477977374972706,8.9804986446378e-4,NA,16S_ASV_301,Opisthokonta_Arthropoda,18S_ASV_236
16S_ASV_1038,18S_ASV_679,brown,0.477542782408986,9.0920437961352e-4,Fluviicola,16S_ASV_1038,Stramenopiles,18S_ASV_679
16S_ASV_394,18S_ASV_257,brown,0.476497398901014,9.3654447774859e-4,Fluviicola,16S_ASV_394,Opisthokonta_Unclassified,18S_ASV_257
16S_ASV_667,18S_ASV_86,brown,0.474962327868703,9.7802290300581e-4,Algoriphagus,16S_ASV_667,Cryptophyta,18S_ASV_86
16S_ASV_1038,18S_ASV_86,brown,0.474450837883868,9.9220350306069e-4,Fluviicola,16S_ASV_1038,Cryptophyta,18S_ASV_86
16S_ASV_353,18S_ASV_236,brown,0.473612412765845,0.00101584541745857,NA,16S_ASV_353,Opisthokonta_Arthropoda,18S_ASV_236
16S_ASV_782,18S_ASV_1133,brown,0.473247817629819,0.00102628217750149,Pseudarcicella,16S_ASV_782,Chlorophyta,18S_ASV_1133
16S_ASV_353,18S_ASV_904,brown,0.47309180983189,0.00103077715036565,NA,16S_ASV_353,Chlorophyta,18S_ASV_904
16S_ASV_174,18S_ASV_412,brown,0.473072930203437,0.00103132230926829,NA,16S_ASV_174,Opisthokonta_Chytridiomycota,18S_ASV_412
16S_ASV_429,18S_ASV_541,brown,0.472564021987174,0.00104611456277593,NA,16S_ASV_429,Stramenopiles,18S_ASV_541
16S_ASV_928,18S_ASV_257,brown,0.471882457566598,0.0010662217621494,Microcystis,16S_ASV_928,Opisthokonta_Unclassified,18S_ASV_257
16S_ASV_174,18S_ASV_187,brown,0.469434097580815,0.00114132599472399,NA,16S_ASV_174,Opisthokonta_Arthropoda,18S_ASV_187
16S_ASV_400,18S_ASV_236,brown,0.468867273102069,0.00115937162550158,NA,16S_ASV_400,Opisthokonta_Arthropoda,18S_ASV_236
16S_ASV_301,18S_ASV_904,brown,0.468481900518385,0.00117178523935582,NA,16S_ASV_301,Chlorophyta,18S_ASV_904
16S_ASV_537,18S_ASV_932,brown,0.467694065122743,0.00119753211658296,hgcI-clade,16S_ASV_537,Chlorophyta,18S_ASV_932
16S_ASV_427,18S_ASV_143,brown,0.466884221156144,0.00122452229322802,NA,16S_ASV_427,Streptophyta,18S_ASV_143
16S_ASV_586,18S_ASV_1133,brown,0.465154486752981,0.00128399173070718,NA,16S_ASV_586,Chlorophyta,18S_ASV_1133
16S_ASV_346,18S_ASV_236,brown,0.464400819053701,0.00131069758889931,NA,16S_ASV_346,Opisthokonta_Arthropoda,18S_ASV_236
16S_ASV_377,18S_ASV_257,brown,0.464302178655036,0.0013142291902457,Fluviicola,16S_ASV_377,Opisthokonta_Unclassified,18S_ASV_257
16S_ASV_390,18S_ASV_904,brown,0.464070251378535,0.00132256621125676,NA,16S_ASV_390,Chlorophyta,18S_ASV_904
16S_ASV_440,18S_ASV_708,brown,0.463733062972218,0.00133477095742202,Sediminibacterium,16S_ASV_440,Chlorophyta,18S_ASV_708
16S_ASV_408,18S_ASV_904,brown,0.462679985101139,0.00137353541687502,NA,16S_ASV_408,Chlorophyta,18S_ASV_904
16S_ASV_323,18S_ASV_236,brown,0.461730702072269,0.00140933375254885,NA,16S_ASV_323,Opisthokonta_Arthropoda,18S_ASV_236
16S_ASV_373,18S_ASV_1911,brown,0.460962718408544,0.0014388995627621,Chthoniobacter,16S_ASV_373,Stramenopiles,18S_ASV_1911
16S_ASV_576,18S_ASV_983,brown,0.46047302786255,0.00145803824382089,Pseudarcicella,16S_ASV_576,Rhizaria,18S_ASV_983
16S_ASV_1479,18S_ASV_1133,brown,0.460215862707586,0.00146817939679772,Pseudarcicella,16S_ASV_1479,Chlorophyta,18S_ASV_1133
16S_ASV_762,18S_ASV_257,brown,0.458859824534292,0.0015226975469572,NA,16S_ASV_762,Opisthokonta_Unclassified,18S_ASV_257
16S_ASV_782,18S_ASV_257,brown,0.458373349639303,0.00154268958118656,Pseudarcicella,16S_ASV_782,Opisthokonta_Unclassified,18S_ASV_257
16S_ASV_329,18S_ASV_143,brown,0.457768376235719,0.00156787633949017,Candidatus-Limnoluna,16S_ASV_329,Streptophyta,18S_ASV_143
16S_ASV_312,18S_ASV_679,brown,0.45761135580981,0.00157447292861822,NA,16S_ASV_312,Stramenopiles,18S_ASV_679
16S_ASV_1054,18S_ASV_187,brown,0.456993249238403,0.00160068025176165,Pseudarcicella,16S_ASV_1054,Opisthokonta_Arthropoda,18S_ASV_187
16S_ASV_346,18S_ASV_143,brown,0.456026590324903,0.00164244259228745,NA,16S_ASV_346,Streptophyta,18S_ASV_143
16S_ASV_400,18S_ASV_541,brown,0.455536234095381,0.0016639946584773,NA,16S_ASV_400,Stramenopiles,18S_ASV_541
16S_ASV_128,18S_ASV_904,brown,0.454836554991122,0.00169518120975513,NA,16S_ASV_128,Chlorophyta,18S_ASV_904
16S_ASV_199,18S_ASV_257,brown,0.453887164159493,0.0017383266420831,NA,16S_ASV_199,Opisthokonta_Unclassified,18S_ASV_257
16S_ASV_369,18S_ASV_187,brown,0.453536873271715,0.0017544899402259,Pseudarcicella,16S_ASV_369,Opisthokonta_Arthropoda,18S_ASV_187
16S_ASV_408,18S_ASV_86,brown,0.452707706324662,0.00179328186187985,NA,16S_ASV_408,Cryptophyta,18S_ASV_86
16S_ASV_870,18S_ASV_412,brown,0.452328317063697,0.00181128336309389,Pseudarcicella,16S_ASV_870,Opisthokonta_Chytridiomycota,18S_ASV_412
16S_ASV_480,18S_ASV_236,brown,0.452317422113566,0.00181180267028633,NA,16S_ASV_480,Opisthokonta_Arthropoda,18S_ASV_236
16S_ASV_504,18S_ASV_904,brown,0.450482407219476,0.00190117397141886,NA,16S_ASV_504,Chlorophyta,18S_ASV_904
16S_ASV_620,18S_ASV_187,brown,0.448465184325303,0.00200390425105456,Fluviicola,16S_ASV_620,Opisthokonta_Arthropoda,18S_ASV_187
16S_ASV_606,18S_ASV_412,brown,0.448316861200294,0.00201164815877433,Candidatus-Limnoluna,16S_ASV_606,Opisthokonta_Chytridiomycota,18S_ASV_412
16S_ASV_928,18S_ASV_932,brown,0.448291468776584,0.00201297654129083,Microcystis,16S_ASV_928,Chlorophyta,18S_ASV_932
16S_ASV_501,18S_ASV_86,brown,0.448011772444295,0.0020276600547197,NA,16S_ASV_501,Cryptophyta,18S_ASV_86
16S_ASV_429,18S_ASV_86,brown,0.447934874613036,0.0020317136139609902,NA,16S_ASV_429,Cryptophyta,18S_ASV_86
16S_ASV_762,18S_ASV_187,brown,0.447254230032444,0.00206790656656721,NA,16S_ASV_762,Opisthokonta_Arthropoda,18S_ASV_187
16S_ASV_667,18S_ASV_525,brown,0.446298417800597,0.00211969390864955,Algoriphagus,16S_ASV_667,Stramenopiles,18S_ASV_525
16S_ASV_782,18S_ASV_412,brown,0.442775952554763,0.00232058522677351,Pseudarcicella,16S_ASV_782,Opisthokonta_Chytridiomycota,18S_ASV_412
16S_ASV_374,18S_ASV_236,brown,0.442472594866566,0.00233864788453184,NA,16S_ASV_374,Opisthokonta_Arthropoda,18S_ASV_236
16S_ASV_782,18S_ASV_508,brown,0.441854317133495,0.00237584641888403,Pseudarcicella,16S_ASV_782,Stramenopiles,18S_ASV_508
16S_ASV_315,18S_ASV_541,brown,0.44180957759723,0.00237855831623342,NA,16S_ASV_315,Stramenopiles,18S_ASV_541
16S_ASV_1479,18S_ASV_983,brown,0.441238596287961,0.0024134092293206,Pseudarcicella,16S_ASV_1479,Rhizaria,18S_ASV_983
16S_ASV_199,18S_ASV_1133,brown,0.441229562832924,0.00241396420546842,NA,16S_ASV_199,Chlorophyta,18S_ASV_1133
16S_ASV_346,18S_ASV_86,brown,0.440795483789122,0.00244076523106188,NA,16S_ASV_346,Cryptophyta,18S_ASV_86
16S_ASV_290,18S_ASV_236,brown,0.44063964765636,0.00245045076411306,NA,16S_ASV_290,Opisthokonta_Arthropoda,18S_ASV_236
16S_ASV_323,18S_ASV_904,brown,0.440337084362536,0.00246935257705508,NA,16S_ASV_323,Chlorophyta,18S_ASV_904
16S_ASV_762,18S_ASV_143,brown,0.439980593338909,0.0024917883552939,NA,16S_ASV_762,Streptophyta,18S_ASV_143
16S_ASV_394,18S_ASV_932,brown,0.438348739847702,0.00259680088074283,Fluviicola,16S_ASV_394,Chlorophyta,18S_ASV_932
16S_ASV_199,18S_ASV_412,brown,0.437829251371506,0.00263103980977781,NA,16S_ASV_199,Opisthokonta_Chytridiomycota,18S_ASV_412
16S_ASV_105,18S_ASV_236,brown,0.437706426110585,0.00263919301875736,NA,16S_ASV_105,Opisthokonta_Arthropoda,18S_ASV_236
16S_ASV_742,18S_ASV_257,brown,0.43719665523413,0.00267327039530449,hgcI-clade,16S_ASV_742,Opisthokonta_Unclassified,18S_ASV_257
16S_ASV_400,18S_ASV_86,brown,0.437025587180849,0.00268479259931787,NA,16S_ASV_400,Cryptophyta,18S_ASV_86
16S_ASV_1297,18S_ASV_143,brown,0.436466594711534,0.00272274897577719,Microcystis,16S_ASV_1297,Streptophyta,18S_ASV_143
16S_ASV_742,18S_ASV_412,brown,0.435483726104651,0.0027906346241143,hgcI-clade,16S_ASV_742,Opisthokonta_Chytridiomycota,18S_ASV_412
16S_ASV_370,18S_ASV_236,brown,0.435478900754262,0.00279097154943674,NA,16S_ASV_370,Opisthokonta_Arthropoda,18S_ASV_236
16S_ASV_79,18S_ASV_187,brown,0.435245926710005,0.00280728141009882,NA,16S_ASV_79,Opisthokonta_Arthropoda,18S_ASV_187
16S_ASV_516,18S_ASV_983,brown,0.435189575406689,0.00281123898977509,Pseudarcicella,16S_ASV_516,Rhizaria,18S_ASV_983
16S_ASV_353,18S_ASV_86,brown,0.434968283493733,0.00282682799720221,NA,16S_ASV_353,Cryptophyta,18S_ASV_86
16S_ASV_128,18S_ASV_187,brown,0.43496669557743,0.00282694013315476,NA,16S_ASV_128,Opisthokonta_Arthropoda,18S_ASV_187
16S_ASV_408,18S_ASV_236,brown,0.434248197164109,0.00287808288162831,NA,16S_ASV_408,Opisthokonta_Arthropoda,18S_ASV_236
16S_ASV_427,18S_ASV_541,brown,0.434086247732094,0.00288972229260733,NA,16S_ASV_427,Stramenopiles,18S_ASV_541
16S_ASV_293,18S_ASV_187,brown,0.433869056908702,0.00290539696881406,Chthoniobacter,16S_ASV_293,Opisthokonta_Arthropoda,18S_ASV_187
16S_ASV_408,18S_ASV_541,brown,0.433636748370167,0.00292224546895769,NA,16S_ASV_408,Stramenopiles,18S_ASV_541
16S_ASV_928,18S_ASV_412,brown,0.433517917206747,0.00293089705796331,Microcystis,16S_ASV_928,Opisthokonta_Chytridiomycota,18S_ASV_412
16S_ASV_290,18S_ASV_86,brown,0.433405085546917,0.00293913270198661,NA,16S_ASV_290,Cryptophyta,18S_ASV_86
16S_ASV_408,18S_ASV_143,brown,0.431848953050296,0.00305481060535768,NA,16S_ASV_408,Streptophyta,18S_ASV_143
16S_ASV_128,18S_ASV_412,brown,0.430797361099339,0.00313523193106298,NA,16S_ASV_128,Opisthokonta_Chytridiomycota,18S_ASV_412
16S_ASV_323,18S_ASV_541,brown,0.430399997364098,0.00316610166276615,NA,16S_ASV_323,Stramenopiles,18S_ASV_541
16S_ASV_353,18S_ASV_541,brown,0.430256415713957,0.00317732151763007,NA,16S_ASV_353,Stramenopiles,18S_ASV_541
16S_ASV_476,18S_ASV_187,brown,0.429598944576306,0.00322914563177133,Pseudarcicella,16S_ASV_476,Opisthokonta_Arthropoda,18S_ASV_187
16S_ASV_293,18S_ASV_1133,brown,0.429127031121721,0.00326679989130088,Chthoniobacter,16S_ASV_293,Chlorophyta,18S_ASV_1133
16S_ASV_570,18S_ASV_708,brown,0.429050402414911,0.00327295040410803,Sediminibacterium,16S_ASV_570,Chlorophyta,18S_ASV_708
16S_ASV_1212,18S_ASV_187,brown,0.428732474445878,0.00329857730265766,Candidatus-Limnoluna,16S_ASV_1212,Opisthokonta_Arthropoda,18S_ASV_187
16S_ASV_606,18S_ASV_1911,brown,0.428301905204739,0.00333356465100771,Candidatus-Limnoluna,16S_ASV_606,Stramenopiles,18S_ASV_1911
16S_ASV_369,18S_ASV_679,brown,0.427571481351582,0.00339366343539986,Pseudarcicella,16S_ASV_369,Stramenopiles,18S_ASV_679
16S_ASV_1038,18S_ASV_187,brown,0.427246683295172,0.00342069171364111,Fluviicola,16S_ASV_1038,Opisthokonta_Arthropoda,18S_ASV_187
16S_ASV_79,18S_ASV_143,brown,0.426979120584535,0.00344309887311202,NA,16S_ASV_79,Streptophyta,18S_ASV_143
16S_ASV_256,18S_ASV_86,brown,0.426605873117912,0.00347457181925079,NA,16S_ASV_256,Cryptophyta,18S_ASV_86
16S_ASV_1054,18S_ASV_236,brown,0.42523555168727,0.00359229547622682,Pseudarcicella,16S_ASV_1054,Opisthokonta_Arthropoda,18S_ASV_236
16S_ASV_928,18S_ASV_143,brown,0.424744590168954,0.00363531701071836,Microcystis,16S_ASV_928,Streptophyta,18S_ASV_143
16S_ASV_211,18S_ASV_236,brown,0.424447590935687,0.00366156094186212,NA,16S_ASV_211,Opisthokonta_Arthropoda,18S_ASV_236
16S_ASV_537,18S_ASV_412,brown,0.423701478575323,0.00372822429169619,hgcI-clade,16S_ASV_537,Opisthokonta_Chytridiomycota,18S_ASV_412
16S_ASV_497,18S_ASV_932,brown,0.423358743244088,0.00375920180678244,NA,16S_ASV_497,Chlorophyta,18S_ASV_932
16S_ASV_480,18S_ASV_679,brown,0.423250068530767,0.00376907116448519,NA,16S_ASV_480,Stramenopiles,18S_ASV_679
16S_ASV_1102,18S_ASV_1911,brown,0.422943756340826,0.00379701139141217,Sediminibacterium,16S_ASV_1102,Stramenopiles,18S_ASV_1911
16S_ASV_501,18S_ASV_236,brown,0.422761332669314,0.00381373723032016,NA,16S_ASV_501,Opisthokonta_Arthropoda,18S_ASV_236
16S_ASV_301,18S_ASV_541,brown,0.422674091694433,0.00382175886751101,NA,16S_ASV_301,Stramenopiles,18S_ASV_541
16S_ASV_293,18S_ASV_1911,brown,0.42235819168505,0.00385092906971136,Chthoniobacter,16S_ASV_293,Stramenopiles,18S_ASV_1911
16S_ASV_1054,18S_ASV_1133,brown,0.422058958022356,0.00387873999860477,Pseudarcicella,16S_ASV_1054,Chlorophyta,18S_ASV_1133
16S_ASV_537,18S_ASV_257,brown,0.421632555279197,0.00391867400985883,hgcI-clade,16S_ASV_537,Opisthokonta_Unclassified,18S_ASV_257
16S_ASV_1297,18S_ASV_236,brown,0.420392107859537,0.00403690054858609,Microcystis,16S_ASV_1297,Opisthokonta_Arthropoda,18S_ASV_236
16S_ASV_353,18S_ASV_679,brown,0.419555689638238,0.00411837090050011,NA,16S_ASV_353,Stramenopiles,18S_ASV_679
16S_ASV_315,18S_ASV_86,brown,0.419014853181322,0.00417181311479403,NA,16S_ASV_315,Cryptophyta,18S_ASV_86
16S_ASV_866,18S_ASV_236,brown,0.418892011026961,0.00418403584639172,Fluviicola,16S_ASV_866,Opisthokonta_Arthropoda,18S_ASV_236
16S_ASV_256,18S_ASV_236,brown,0.418081151083382,0.00426550470648483,NA,16S_ASV_256,Opisthokonta_Arthropoda,18S_ASV_236
16S_ASV_370,18S_ASV_904,brown,0.416687454599806,0.00440877668885135,NA,16S_ASV_370,Chlorophyta,18S_ASV_904
16S_ASV_374,18S_ASV_904,brown,0.416654185298126,0.00441224755266738,NA,16S_ASV_374,Chlorophyta,18S_ASV_904
16S_ASV_860,18S_ASV_508,brown,0.416535061879329,0.00442469485168831,NA,16S_ASV_860,Stramenopiles,18S_ASV_508
16S_ASV_842,18S_ASV_983,brown,0.416274607439044,0.00445201688476891,Pseudarcicella,16S_ASV_842,Rhizaria,18S_ASV_983
16S_ASV_247,18S_ASV_412,brown,0.415717184820001,0.0045109871325082,NA,16S_ASV_247,Opisthokonta_Chytridiomycota,18S_ASV_412
16S_ASV_312,18S_ASV_904,brown,0.415013856310376,0.00458636575207821,NA,16S_ASV_312,Chlorophyta,18S_ASV_904
16S_ASV_456,18S_ASV_508,brown,0.415002991883034,0.00458753871277053,Fluviicola,16S_ASV_456,Stramenopiles,18S_ASV_508
16S_ASV_256,18S_ASV_904,brown,0.414322567648642,0.0046615236246819,NA,16S_ASV_256,Chlorophyta,18S_ASV_904
16S_ASV_480,18S_ASV_904,brown,0.414075194735714,0.00468867839571648,NA,16S_ASV_480,Chlorophyta,18S_ASV_904
16S_ASV_586,18S_ASV_525,brown,0.413542445426664,0.00474762903860386,NA,16S_ASV_586,Stramenopiles,18S_ASV_525
16S_ASV_199,18S_ASV_904,brown,0.413013610662776,0.00480678526641318,NA,16S_ASV_199,Chlorophyta,18S_ASV_904
16S_ASV_390,18S_ASV_1911,brown,0.412403099438194,0.00487587689464907,NA,16S_ASV_390,Stramenopiles,18S_ASV_1911
16S_ASV_211,18S_ASV_86,brown,0.41162998332214,0.00496461257932661,NA,16S_ASV_211,Cryptophyta,18S_ASV_86
16S_ASV_870,18S_ASV_525,brown,0.411404661224089,0.00499073789319574,Pseudarcicella,16S_ASV_870,Stramenopiles,18S_ASV_525
16S_ASV_501,18S_ASV_541,brown,0.411268095722984,0.00500663046612172,NA,16S_ASV_501,Stramenopiles,18S_ASV_541
16S_ASV_174,18S_ASV_86,brown,0.410920605191024,0.00504726821421034,NA,16S_ASV_174,Cryptophyta,18S_ASV_86
16S_ASV_870,18S_ASV_904,brown,0.410757698896107,0.00506641830801374,Pseudarcicella,16S_ASV_870,Chlorophyta,18S_ASV_904
16S_ASV_105,18S_ASV_541,brown,0.410418221786026,0.00510652841800503,NA,16S_ASV_105,Stramenopiles,18S_ASV_541
16S_ASV_256,18S_ASV_1911,brown,0.410408264597587,0.00510770905194972,NA,16S_ASV_256,Stramenopiles,18S_ASV_1911
16S_ASV_374,18S_ASV_86,brown,0.410203626220123,0.00513202597673551,NA,16S_ASV_374,Cryptophyta,18S_ASV_86
16S_ASV_504,18S_ASV_86,brown,0.409778527025443,0.00518286267022375,NA,16S_ASV_504,Cryptophyta,18S_ASV_86
16S_ASV_79,18S_ASV_86,brown,0.409771177974938,0.00518374537177668,NA,16S_ASV_79,Cryptophyta,18S_ASV_86
16S_ASV_570,18S_ASV_932,brown,0.40938151139442,0.00523073660627664,Sediminibacterium,16S_ASV_570,Chlorophyta,18S_ASV_932
16S_ASV_247,18S_ASV_904,brown,0.408642907609638,0.00532082655383245,NA,16S_ASV_247,Chlorophyta,18S_ASV_904
16S_ASV_374,18S_ASV_679,brown,0.408338390949166,0.00535836105188597,NA,16S_ASV_374,Stramenopiles,18S_ASV_679
16S_ASV_854,18S_ASV_525,brown,0.407870456204423,0.00541648770086667,hgcI-clade,16S_ASV_854,Stramenopiles,18S_ASV_525
16S_ASV_795,18S_ASV_679,brown,0.40675188969955,0.00555766498924935,Pseudarcicella,16S_ASV_795,Stramenopiles,18S_ASV_679
16S_ASV_547,18S_ASV_143,brown,0.406393271581575,0.00560359986503671,Fluviicola,16S_ASV_547,Streptophyta,18S_ASV_143
16S_ASV_370,18S_ASV_541,brown,0.406198681371847,0.00562866261094036,NA,16S_ASV_370,Stramenopiles,18S_ASV_541
16S_ASV_105,18S_ASV_86,brown,0.405972702441252,0.00565789047850741,NA,16S_ASV_105,Cryptophyta,18S_ASV_86
16S_ASV_323,18S_ASV_679,brown,0.405911026575328,0.00566589046400696,NA,16S_ASV_323,Stramenopiles,18S_ASV_679
16S_ASV_586,18S_ASV_187,brown,0.405168463371068,0.0057629835502046,NA,16S_ASV_586,Opisthokonta_Arthropoda,18S_ASV_187
16S_ASV_782,18S_ASV_525,brown,0.405009447692688,0.00578396254160757,Pseudarcicella,16S_ASV_782,Stramenopiles,18S_ASV_525
16S_ASV_440,18S_ASV_541,brown,0.404812109216052,0.00581008978178,Sediminibacterium,16S_ASV_440,Stramenopiles,18S_ASV_541
16S_ASV_312,18S_ASV_236,brown,0.404017818125965,0.0059162928539467,NA,16S_ASV_312,Opisthokonta_Arthropoda,18S_ASV_236
16S_ASV_312,18S_ASV_86,brown,0.403988356968496,0.00592026428338411,NA,16S_ASV_312,Cryptophyta,18S_ASV_86
16S_ASV_199,18S_ASV_236,brown,0.403232856592926,0.00602290197834057,NA,16S_ASV_199,Opisthokonta_Arthropoda,18S_ASV_236
16S_ASV_606,18S_ASV_904,brown,0.402978531222246,0.006057799130334,Candidatus-Limnoluna,16S_ASV_606,Chlorophyta,18S_ASV_904
16S_ASV_390,18S_ASV_541,brown,0.402583224096175,0.00611238971050157,NA,16S_ASV_390,Stramenopiles,18S_ASV_541
16S_ASV_195,18S_ASV_508,brown,0.401858157938341,0.00621363010854744,Fluviicola,16S_ASV_195,Stramenopiles,18S_ASV_508
16S_ASV_842,18S_ASV_541,brown,0.40061351685102,0.00639081503888472,Pseudarcicella,16S_ASV_842,Stramenopiles,18S_ASV_541
16S_ASV_487,18S_ASV_157,green,0.943023499817265,3.6033139727286e-22,Vulcanococcus,16S_ASV_487,Chlorophyta,18S_ASV_157
16S_ASV_1323,18S_ASV_415,green,0.942628993229547,4.16301462227696e-22,Terrimicrobium,16S_ASV_1323,Stramenopiles,18S_ASV_415
16S_ASV_558,18S_ASV_157,green,0.941159831797061,7.06461397938186e-22,Vulcanococcus,16S_ASV_558,Chlorophyta,18S_ASV_157
16S_ASV_1323,18S_ASV_518,green,0.919636349452466,4.6271281417518e-19,Terrimicrobium,16S_ASV_1323,Chlorophyta,18S_ASV_518
16S_ASV_558,18S_ASV_445,green,0.890622419737136,2.5969710768811797e-16,Vulcanococcus,16S_ASV_558,Chlorophyta,18S_ASV_445
16S_ASV_487,18S_ASV_445,green,0.877038891002733,2.7957176080658003e-15,Vulcanococcus,16S_ASV_487,Chlorophyta,18S_ASV_445
16S_ASV_1323,18S_ASV_262,green,0.862386465770683,2.7003951726485e-14,Terrimicrobium,16S_ASV_1323,Chlorophyta,18S_ASV_262
16S_ASV_1174,18S_ASV_157,green,0.85282124186116,1.0360115660771899e-13,Luteolibacter,16S_ASV_1174,Chlorophyta,18S_ASV_157
16S_ASV_840,18S_ASV_157,green,0.846358058698276,2.4385664224411e-13,Luteolibacter,16S_ASV_840,Chlorophyta,18S_ASV_157
16S_ASV_598,18S_ASV_77,green,0.837531746025141,7.38300482863424e-13,Cyanobium,16S_ASV_598,Opisthokonta_Chytridiomycota,18S_ASV_77
16S_ASV_613,18S_ASV_157,green,0.829569545993358,1.8981132849352297e-12,Luteolibacter,16S_ASV_613,Chlorophyta,18S_ASV_157
16S_ASV_702,18S_ASV_445,green,0.825711979049435,2.94781409201397e-12,Luteolibacter,16S_ASV_702,Chlorophyta,18S_ASV_445
16S_ASV_702,18S_ASV_157,green,0.815165885376419,9.31542377845523e-12,Luteolibacter,16S_ASV_702,Chlorophyta,18S_ASV_157
16S_ASV_540,18S_ASV_445,green,0.810800121136831,1.46853254333405e-11,Luteolibacter,16S_ASV_540,Chlorophyta,18S_ASV_445
16S_ASV_1323,18S_ASV_513,green,0.807057591183102,2.1495242045177396e-11,Terrimicrobium,16S_ASV_1323,Opisthokonta_Basidiomycota,18S_ASV_513
16S_ASV_540,18S_ASV_157,green,0.804081847533636,2.89310265191344e-11,Luteolibacter,16S_ASV_540,Chlorophyta,18S_ASV_157
16S_ASV_1002,18S_ASV_157,green,0.803129354232695,3.17833152370121e-11,Luteolibacter,16S_ASV_1002,Chlorophyta,18S_ASV_157
16S_ASV_487,18S_ASV_181,green,0.803117396210656,3.18207530692772e-11,Vulcanococcus,16S_ASV_487,Chlorophyta,18S_ASV_181
16S_ASV_598,18S_ASV_129,green,0.802343312741075,3.43346105803247e-11,Cyanobium,16S_ASV_598,Streptophyta,18S_ASV_129
16S_ASV_541,18S_ASV_157,green,0.8017663857072,3.63286434844642e-11,Luteolibacter,16S_ASV_541,Chlorophyta,18S_ASV_157
16S_ASV_487,18S_ASV_248,green,0.797759961084981,5.3496798499906496e-11,Vulcanococcus,16S_ASV_487,Stramenopiles,18S_ASV_248
16S_ASV_487,18S_ASV_129,green,0.795187974534656,6.82759985670872e-11,Vulcanococcus,16S_ASV_487,Streptophyta,18S_ASV_129
16S_ASV_1174,18S_ASV_445,green,0.794366712832619,7.37531686674303e-11,Luteolibacter,16S_ASV_1174,Chlorophyta,18S_ASV_445
16S_ASV_711,18S_ASV_157,green,0.79271061754969,8.60801847225587e-11,Luteolibacter,16S_ASV_711,Chlorophyta,18S_ASV_157
16S_ASV_1002,18S_ASV_150,green,0.790928277542266,1.0150085003567e-10,Luteolibacter,16S_ASV_1002,Chlorophyta,18S_ASV_150
16S_ASV_457,18S_ASV_157,green,0.78848899294178,1.26854196710561e-10,Luteolibacter,16S_ASV_457,Chlorophyta,18S_ASV_157
16S_ASV_645,18S_ASV_181,green,0.788055650664684,1.31939715161787e-10,NA,16S_ASV_645,Chlorophyta,18S_ASV_181
16S_ASV_558,18S_ASV_146,green,0.784089587172423,1.8827691147159002e-10,Vulcanococcus,16S_ASV_558,Opisthokonta_Chytridiomycota,18S_ASV_146
16S_ASV_1174,18S_ASV_150,green,0.782159249275799,2.23252095108277e-10,Luteolibacter,16S_ASV_1174,Chlorophyta,18S_ASV_150
16S_ASV_327,18S_ASV_157,green,0.78168915964301,2.32650148010071e-10,Luteolibacter,16S_ASV_327,Chlorophyta,18S_ASV_157
16S_ASV_613,18S_ASV_150,green,0.779470555887482,2.82248380856872e-10,Luteolibacter,16S_ASV_613,Chlorophyta,18S_ASV_150
16S_ASV_645,18S_ASV_129,green,0.778181354735901,3.1547159905626803e-10,NA,16S_ASV_645,Streptophyta,18S_ASV_129
16S_ASV_840,18S_ASV_445,green,0.77556537553043,3.94501741304086e-10,Luteolibacter,16S_ASV_840,Chlorophyta,18S_ASV_445
16S_ASV_840,18S_ASV_150,green,0.771152170671931,5.71402495363599e-10,Luteolibacter,16S_ASV_840,Chlorophyta,18S_ASV_150
16S_ASV_544,18S_ASV_157,green,0.770965470659667,5.80323503755399e-10,Luteolibacter,16S_ASV_544,Chlorophyta,18S_ASV_157
16S_ASV_487,18S_ASV_146,green,0.770426572089355,6.06813149979035e-10,Vulcanococcus,16S_ASV_487,Opisthokonta_Chytridiomycota,18S_ASV_146
16S_ASV_540,18S_ASV_50,green,0.768131484668602,7.32876847556639e-10,Luteolibacter,16S_ASV_540,Rhizaria,18S_ASV_50
16S_ASV_487,18S_ASV_6,green,0.76665808216969,8.26357722930375e-10,Vulcanococcus,16S_ASV_487,Haptophyta,18S_ASV_6
16S_ASV_645,18S_ASV_150,green,0.765620105684721,8.98815379859413e-10,NA,16S_ASV_645,Chlorophyta,18S_ASV_150
16S_ASV_378,18S_ASV_157,green,0.765192839187059,9.30340828757666e-10,Luteolibacter,16S_ASV_378,Chlorophyta,18S_ASV_157
16S_ASV_540,18S_ASV_518,green,0.763826631920699,1.0382564813511e-9,Luteolibacter,16S_ASV_540,Chlorophyta,18S_ASV_518
16S_ASV_702,18S_ASV_50,green,0.762760696927792,1.1305021625591902e-9,Luteolibacter,16S_ASV_702,Rhizaria,18S_ASV_50
16S_ASV_1174,18S_ASV_518,green,0.760528079850605,1.3492147135326502e-9,Luteolibacter,16S_ASV_1174,Chlorophyta,18S_ASV_518
16S_ASV_613,18S_ASV_445,green,0.759958958481538,1.41100468949298e-9,Luteolibacter,16S_ASV_613,Chlorophyta,18S_ASV_445
16S_ASV_702,18S_ASV_415,green,0.759571667009803,1.45456147575055e-9,Luteolibacter,16S_ASV_702,Stramenopiles,18S_ASV_415
16S_ASV_702,18S_ASV_518,green,0.758191522725476,1.6202605122250901e-9,Luteolibacter,16S_ASV_702,Chlorophyta,18S_ASV_518
16S_ASV_541,18S_ASV_150,green,0.758115125368584,1.6299313526697302e-9,Luteolibacter,16S_ASV_541,Chlorophyta,18S_ASV_150
16S_ASV_541,18S_ASV_445,green,0.758005844170443,1.6438590319279801e-9,Luteolibacter,16S_ASV_541,Chlorophyta,18S_ASV_445
16S_ASV_487,18S_ASV_177,green,0.757564429026497,1.70126131179103e-9,Vulcanococcus,16S_ASV_487,Stramenopiles,18S_ASV_177
16S_ASV_544,18S_ASV_445,green,0.755443783035615,2.0042340521117403e-9,Luteolibacter,16S_ASV_544,Chlorophyta,18S_ASV_445
16S_ASV_558,18S_ASV_129,green,0.755353190841582,2.0182413915857e-9,Vulcanococcus,16S_ASV_558,Streptophyta,18S_ASV_129
16S_ASV_682,18S_ASV_177,green,0.754896283713417,2.09029907001202e-9,Luteolibacter,16S_ASV_682,Stramenopiles,18S_ASV_177
16S_ASV_457,18S_ASV_150,green,0.754519866472903,2.15146900223864e-9,Luteolibacter,16S_ASV_457,Chlorophyta,18S_ASV_150
16S_ASV_1174,18S_ASV_181,green,0.754231716074714,2.19942564585852e-9,Luteolibacter,16S_ASV_1174,Chlorophyta,18S_ASV_181
16S_ASV_327,18S_ASV_445,green,0.753727632743633,2.28573991007078e-9,Luteolibacter,16S_ASV_327,Chlorophyta,18S_ASV_445
16S_ASV_682,18S_ASV_445,green,0.752674373690385,2.47644824225788e-9,Luteolibacter,16S_ASV_682,Chlorophyta,18S_ASV_445
16S_ASV_457,18S_ASV_445,green,0.752354865768274,2.5371874980178602e-9,Luteolibacter,16S_ASV_457,Chlorophyta,18S_ASV_445
16S_ASV_580,18S_ASV_157,green,0.752270659367497,2.5534264482748504e-9,Luteolibacter,16S_ASV_580,Chlorophyta,18S_ASV_157
16S_ASV_1323,18S_ASV_445,green,0.750890297566082,2.8339232766821502e-9,Terrimicrobium,16S_ASV_1323,Chlorophyta,18S_ASV_445
16S_ASV_541,18S_ASV_518,green,0.747875221768039,3.5501724303479504e-9,Luteolibacter,16S_ASV_541,Chlorophyta,18S_ASV_518
16S_ASV_378,18S_ASV_150,green,0.746822217604916,3.83800639995055e-9,Luteolibacter,16S_ASV_378,Chlorophyta,18S_ASV_150
16S_ASV_540,18S_ASV_150,green,0.746800646673014,3.84412519502459e-9,Luteolibacter,16S_ASV_540,Chlorophyta,18S_ASV_150
16S_ASV_598,18S_ASV_227,green,0.746756589027388,3.85665098004472e-9,Cyanobium,16S_ASV_598,Opisthokonta_Chytridiomycota,18S_ASV_227
16S_ASV_711,18S_ASV_445,green,0.745940270944639,4.09577096214872e-9,Luteolibacter,16S_ASV_711,Chlorophyta,18S_ASV_445
16S_ASV_580,18S_ASV_150,green,0.745886748019944,4.111924876252041e-9,Luteolibacter,16S_ASV_580,Chlorophyta,18S_ASV_150
16S_ASV_840,18S_ASV_181,green,0.744490074979999,4.555186556595151e-9,Luteolibacter,16S_ASV_840,Chlorophyta,18S_ASV_181
16S_ASV_682,18S_ASV_157,green,0.742161999165102,5.39495431689352e-9,Luteolibacter,16S_ASV_682,Chlorophyta,18S_ASV_157
16S_ASV_558,18S_ASV_177,green,0.741313447978733,5.735581715221351e-9,Vulcanococcus,16S_ASV_558,Stramenopiles,18S_ASV_177
16S_ASV_558,18S_ASV_181,green,0.740577249411655,6.04733057100889e-9,Vulcanococcus,16S_ASV_558,Chlorophyta,18S_ASV_181
16S_ASV_840,18S_ASV_248,green,0.740553220224972,6.05776857488858e-9,Luteolibacter,16S_ASV_840,Stramenopiles,18S_ASV_248
16S_ASV_702,18S_ASV_177,green,0.739632257702437,6.470785056843151e-9,Luteolibacter,16S_ASV_702,Stramenopiles,18S_ASV_177
16S_ASV_558,18S_ASV_6,green,0.739456963780274,6.552327095058121e-9,Vulcanococcus,16S_ASV_558,Haptophyta,18S_ASV_6
16S_ASV_540,18S_ASV_415,green,0.738480239330412,7.024580675009751e-9,Luteolibacter,16S_ASV_540,Stramenopiles,18S_ASV_415
16S_ASV_1174,18S_ASV_50,green,0.736852864574962,7.8828936776584e-9,Luteolibacter,16S_ASV_1174,Rhizaria,18S_ASV_50
16S_ASV_1174,18S_ASV_248,green,0.735523271691763,8.656049680224692e-9,Luteolibacter,16S_ASV_1174,Stramenopiles,18S_ASV_248
16S_ASV_540,18S_ASV_177,green,0.735064548170919,8.93887860560363e-9,Luteolibacter,16S_ASV_540,Stramenopiles,18S_ASV_177
16S_ASV_702,18S_ASV_150,green,0.734932431102066,9.02192723535057e-9,Luteolibacter,16S_ASV_702,Chlorophyta,18S_ASV_150
16S_ASV_417,18S_ASV_157,green,0.732338236149524,1.08065119184587e-8,Luteolibacter,16S_ASV_417,Chlorophyta,18S_ASV_157
16S_ASV_1174,18S_ASV_415,green,0.731581206495077,1.13865127864589e-8,Luteolibacter,16S_ASV_1174,Stramenopiles,18S_ASV_415
16S_ASV_645,18S_ASV_157,green,0.730463992177944,1.22959085835999e-8,NA,16S_ASV_645,Chlorophyta,18S_ASV_157
16S_ASV_890,18S_ASV_445,green,0.728488917758437,1.4071959905195e-8,Vulcanococcus,16S_ASV_890,Chlorophyta,18S_ASV_445
16S_ASV_487,18S_ASV_196,green,0.728157037643791,1.43929808936633e-8,Vulcanococcus,16S_ASV_487,Stramenopiles,18S_ASV_196
16S_ASV_558,18S_ASV_248,green,0.727737596774162,1.48085030471803e-8,Vulcanococcus,16S_ASV_558,Stramenopiles,18S_ASV_248
16S_ASV_544,18S_ASV_518,green,0.7275606937709,1.49870962234162e-8,Luteolibacter,16S_ASV_544,Chlorophyta,18S_ASV_518
16S_ASV_327,18S_ASV_150,green,0.727385823505269,1.51656162496642e-8,Luteolibacter,16S_ASV_327,Chlorophyta,18S_ASV_150
16S_ASV_645,18S_ASV_248,green,0.726957902187243,1.56108954380407e-8,NA,16S_ASV_645,Stramenopiles,18S_ASV_248
16S_ASV_327,18S_ASV_518,green,0.726662304127881,1.59255948277633e-8,Luteolibacter,16S_ASV_327,Chlorophyta,18S_ASV_518
16S_ASV_613,18S_ASV_50,green,0.726561180694316,1.60346083217089e-8,Luteolibacter,16S_ASV_613,Rhizaria,18S_ASV_50
16S_ASV_487,18S_ASV_30,green,0.725294397129154,1.74607251616902e-8,Vulcanococcus,16S_ASV_487,Rhizaria,18S_ASV_30
16S_ASV_598,18S_ASV_181,green,0.724602927280248,1.82883776624146e-8,Cyanobium,16S_ASV_598,Chlorophyta,18S_ASV_181
16S_ASV_711,18S_ASV_177,green,0.722586394928074,2.09164779274772e-8,Luteolibacter,16S_ASV_711,Stramenopiles,18S_ASV_177
16S_ASV_1002,18S_ASV_50,green,0.722407489341582,2.1165945032183e-8,Luteolibacter,16S_ASV_1002,Rhizaria,18S_ASV_50
16S_ASV_378,18S_ASV_445,green,0.722174285777242,2.14953038073057e-8,Luteolibacter,16S_ASV_378,Chlorophyta,18S_ASV_445
16S_ASV_457,18S_ASV_177,green,0.72184578511964,2.19673897306786e-8,Luteolibacter,16S_ASV_457,Stramenopiles,18S_ASV_177
16S_ASV_598,18S_ASV_157,green,0.72145768708598,2.25376117537436e-8,Cyanobium,16S_ASV_598,Chlorophyta,18S_ASV_157
16S_ASV_711,18S_ASV_518,green,0.721330720757762,2.27271444110175e-8,Luteolibacter,16S_ASV_711,Chlorophyta,18S_ASV_518
16S_ASV_541,18S_ASV_13,green,0.719832354130329,2.50793886845288e-8,Luteolibacter,16S_ASV_541,Stramenopiles,18S_ASV_13
16S_ASV_613,18S_ASV_6,green,0.719623539481307,2.54247104151944e-8,Luteolibacter,16S_ASV_613,Haptophyta,18S_ASV_6
16S_ASV_1002,18S_ASV_6,green,0.719262168074932,2.60328422172965e-8,Luteolibacter,16S_ASV_1002,Haptophyta,18S_ASV_6
16S_ASV_711,18S_ASV_444,green,0.71920841220964,2.61244581973078e-8,Luteolibacter,16S_ASV_711,Opisthokonta_Choanoflagellatea,18S_ASV_444
16S_ASV_434,18S_ASV_217,green,0.718600904748138,2.71809975904952e-8,Candidatus-Planktophila,16S_ASV_434,Stramenopiles,18S_ASV_217
16S_ASV_1002,18S_ASV_445,green,0.718385456429807,2.75651898195375e-8,Luteolibacter,16S_ASV_1002,Chlorophyta,18S_ASV_445
16S_ASV_558,18S_ASV_30,green,0.718240588391847,2.78263692597207e-8,Vulcanococcus,16S_ASV_558,Rhizaria,18S_ASV_30
16S_ASV_457,18S_ASV_6,green,0.718169141803589,2.79560287424281e-8,Luteolibacter,16S_ASV_457,Haptophyta,18S_ASV_6
16S_ASV_645,18S_ASV_264,green,0.718166737253718,2.79604022660494e-8,NA,16S_ASV_645,Stramenopiles,18S_ASV_264
16S_ASV_327,18S_ASV_177,green,0.717755407659219,2.87180348629309e-8,Luteolibacter,16S_ASV_327,Stramenopiles,18S_ASV_177
16S_ASV_544,18S_ASV_150,green,0.717179481227985,2.9811124469104e-8,Luteolibacter,16S_ASV_544,Chlorophyta,18S_ASV_150
16S_ASV_613,18S_ASV_181,green,0.717135320999266,2.98965242877189e-8,Luteolibacter,16S_ASV_613,Chlorophyta,18S_ASV_181
16S_ASV_487,18S_ASV_235,green,0.716612407216029,3.09253045596898e-8,Vulcanococcus,16S_ASV_487,Chlorophyta,18S_ASV_235
16S_ASV_711,18S_ASV_181,green,0.714850919442498,3.46394918251851e-8,Luteolibacter,16S_ASV_711,Chlorophyta,18S_ASV_181
16S_ASV_435,18S_ASV_157,green,0.713704675742913,3.72759552300884e-8,Luteolibacter,16S_ASV_435,Chlorophyta,18S_ASV_157
16S_ASV_487,18S_ASV_69,green,0.713634642584592,3.74429644118539e-8,Vulcanococcus,16S_ASV_487,Stramenopiles,18S_ASV_69
16S_ASV_682,18S_ASV_518,green,0.710446854990477,4.5829102032528e-8,Luteolibacter,16S_ASV_682,Chlorophyta,18S_ASV_518
16S_ASV_580,18S_ASV_445,green,0.710368242229647,4.6056519182392e-8,Luteolibacter,16S_ASV_580,Chlorophyta,18S_ASV_445
16S_ASV_711,18S_ASV_129,green,0.710138808151703,4.67262849599738e-8,Luteolibacter,16S_ASV_711,Streptophyta,18S_ASV_129
16S_ASV_541,18S_ASV_181,green,0.708797278735875,5.08281245320055e-8,Luteolibacter,16S_ASV_541,Chlorophyta,18S_ASV_181
16S_ASV_544,18S_ASV_177,green,0.708774978330838,5.08990672085763e-8,Luteolibacter,16S_ASV_544,Stramenopiles,18S_ASV_177
16S_ASV_558,18S_ASV_84,green,0.707798374764326,5.40981175109861e-8,Vulcanococcus,16S_ASV_558,Cryptophyta,18S_ASV_84
16S_ASV_840,18S_ASV_518,green,0.707702598508832,5.44217568597061e-8,Luteolibacter,16S_ASV_840,Chlorophyta,18S_ASV_518
16S_ASV_487,18S_ASV_150,green,0.706459264852173,5.87905387673694e-8,Vulcanococcus,16S_ASV_487,Chlorophyta,18S_ASV_150
16S_ASV_457,18S_ASV_13,green,0.706337671321599,5.92349199160015e-8,Luteolibacter,16S_ASV_457,Stramenopiles,18S_ASV_13
16S_ASV_1174,18S_ASV_177,green,0.706066413360322,6.02375953450089e-8,Luteolibacter,16S_ASV_1174,Stramenopiles,18S_ASV_177
16S_ASV_457,18S_ASV_77,green,0.706013027781785,6.04367857221332e-8,Luteolibacter,16S_ASV_457,Opisthokonta_Chytridiomycota,18S_ASV_77
16S_ASV_682,18S_ASV_444,green,0.705800616720883,6.12354319489263e-8,Luteolibacter,16S_ASV_682,Opisthokonta_Choanoflagellatea,18S_ASV_444
16S_ASV_558,18S_ASV_196,green,0.705736129314367,6.14798411878555e-8,Vulcanococcus,16S_ASV_558,Stramenopiles,18S_ASV_196
16S_ASV_435,18S_ASV_150,green,0.705057883345748,6.41061554631877e-8,Luteolibacter,16S_ASV_435,Chlorophyta,18S_ASV_150
16S_ASV_541,18S_ASV_177,green,0.704695056881099,6.55537243373557e-8,Luteolibacter,16S_ASV_541,Stramenopiles,18S_ASV_177
16S_ASV_682,18S_ASV_150,green,0.703962930446553,6.85680464817065e-8,Luteolibacter,16S_ASV_682,Chlorophyta,18S_ASV_150
16S_ASV_711,18S_ASV_415,green,0.703923842829658,6.8732560288785e-8,Luteolibacter,16S_ASV_711,Stramenopiles,18S_ASV_415
16S_ASV_580,18S_ASV_518,green,0.703672465259314,6.97994034335516e-8,Luteolibacter,16S_ASV_580,Chlorophyta,18S_ASV_518
16S_ASV_558,18S_ASV_235,green,0.703165283910104,7.19990790240748e-8,Vulcanococcus,16S_ASV_558,Chlorophyta,18S_ASV_235
16S_ASV_177,18S_ASV_13,green,0.702656033202869,7.4272675871145e-8,Luteolibacter,16S_ASV_177,Stramenopiles,18S_ASV_13
16S_ASV_378,18S_ASV_518,green,0.701955331792533,7.75106623100436e-8,Luteolibacter,16S_ASV_378,Chlorophyta,18S_ASV_518
16S_ASV_457,18S_ASV_181,green,0.701367472290927,8.0328297957913e-8,Luteolibacter,16S_ASV_457,Chlorophyta,18S_ASV_181
16S_ASV_711,18S_ASV_150,green,0.700447235976399,8.49315553601878e-8,Luteolibacter,16S_ASV_711,Chlorophyta,18S_ASV_150
16S_ASV_487,18S_ASV_1051,green,0.700324665476006,8.55629265937677e-8,Vulcanococcus,16S_ASV_487,Stramenopiles,18S_ASV_1051
16S_ASV_541,18S_ASV_415,green,0.70025624160856,8.59172853103551e-8,Luteolibacter,16S_ASV_541,Stramenopiles,18S_ASV_415
16S_ASV_645,18S_ASV_518,green,0.700091903560662,8.67739717416679e-8,NA,16S_ASV_645,Chlorophyta,18S_ASV_518
16S_ASV_840,18S_ASV_6,green,0.699875198452646,8.79158289375702e-8,Luteolibacter,16S_ASV_840,Haptophyta,18S_ASV_6
16S_ASV_1174,18S_ASV_6,green,0.699660282894919,8.90620860942283e-8,Luteolibacter,16S_ASV_1174,Haptophyta,18S_ASV_6
16S_ASV_598,18S_ASV_183,green,0.699549060969432,8.96607498435334e-8,Cyanobium,16S_ASV_598,Opisthokonta_Chytridiomycota,18S_ASV_183
16S_ASV_682,18S_ASV_415,green,0.699219680247316,9.14557668240331e-8,Luteolibacter,16S_ASV_682,Stramenopiles,18S_ASV_415
16S_ASV_1002,18S_ASV_181,green,0.697982322254703,9.85027850493271e-8,Luteolibacter,16S_ASV_1002,Chlorophyta,18S_ASV_181
16S_ASV_711,18S_ASV_77,green,0.697671854204993,1.0034875970181e-7,Luteolibacter,16S_ASV_711,Opisthokonta_Chytridiomycota,18S_ASV_77
16S_ASV_417,18S_ASV_150,green,0.696182760971805,1.09659666691117e-7,Luteolibacter,16S_ASV_417,Chlorophyta,18S_ASV_150
16S_ASV_327,18S_ASV_77,green,0.696077423873387,1.10347909939069e-7,Luteolibacter,16S_ASV_327,Opisthokonta_Chytridiomycota,18S_ASV_77
16S_ASV_487,18S_ASV_271,green,0.695239393069066,1.15968589013309e-7,Vulcanococcus,16S_ASV_487,Stramenopiles,18S_ASV_271
16S_ASV_544,18S_ASV_444,green,0.695229537084311,1.16036253361183e-7,Luteolibacter,16S_ASV_544,Opisthokonta_Choanoflagellatea,18S_ASV_444
16S_ASV_1323,18S_ASV_157,green,0.695114481784372,1.16828870535978e-7,Terrimicrobium,16S_ASV_1323,Chlorophyta,18S_ASV_157
16S_ASV_541,18S_ASV_248,green,0.695038872871324,1.17352486247516e-7,Luteolibacter,16S_ASV_541,Stramenopiles,18S_ASV_248
16S_ASV_598,18S_ASV_177,green,0.695033130092758,1.1739234607101e-7,Cyanobium,16S_ASV_598,Stramenopiles,18S_ASV_177
16S_ASV_327,18S_ASV_181,green,0.694873835102049,1.18503033820432e-7,Luteolibacter,16S_ASV_327,Chlorophyta,18S_ASV_181
16S_ASV_487,18S_ASV_262,green,0.694761660564651,1.19291042772367e-7,Vulcanococcus,16S_ASV_487,Chlorophyta,18S_ASV_262
16S_ASV_613,18S_ASV_248,green,0.694030954082574,1.24544899203452e-7,Luteolibacter,16S_ASV_613,Stramenopiles,18S_ASV_248
16S_ASV_840,18S_ASV_13,green,0.692803878067098,1.3385560009962e-7,Luteolibacter,16S_ASV_840,Stramenopiles,18S_ASV_13
16S_ASV_327,18S_ASV_415,green,0.692670270214267,1.34907624024277e-7,Luteolibacter,16S_ASV_327,Stramenopiles,18S_ASV_415
16S_ASV_544,18S_ASV_50,green,0.692541306334255,1.3593038550901e-7,Luteolibacter,16S_ASV_544,Rhizaria,18S_ASV_50
16S_ASV_378,18S_ASV_177,green,0.691849096696192,1.41544623494209e-7,Luteolibacter,16S_ASV_378,Stramenopiles,18S_ASV_177
16S_ASV_598,18S_ASV_346,green,0.691248379621438,1.46591169342558e-7,Cyanobium,16S_ASV_598,Streptophyta,18S_ASV_346
16S_ASV_327,18S_ASV_444,green,0.691186034516404,1.47124415746893e-7,Luteolibacter,16S_ASV_327,Opisthokonta_Choanoflagellatea,18S_ASV_444
16S_ASV_890,18S_ASV_157,green,0.691146961729947,1.47459531502842e-7,Vulcanococcus,16S_ASV_890,Chlorophyta,18S_ASV_157
16S_ASV_613,18S_ASV_264,green,0.690273349857674,1.55140559631336e-7,Luteolibacter,16S_ASV_613,Stramenopiles,18S_ASV_264
16S_ASV_1002,18S_ASV_196,green,0.689838788302068,1.5909866349003e-7,Luteolibacter,16S_ASV_1002,Stramenopiles,18S_ASV_196
16S_ASV_840,18S_ASV_129,green,0.689263358195474,1.64484692764243e-7,Luteolibacter,16S_ASV_840,Streptophyta,18S_ASV_129
16S_ASV_434,18S_ASV_77,green,0.688511216397071,1.71781020088795e-7,Candidatus-Planktophila,16S_ASV_434,Opisthokonta_Chytridiomycota,18S_ASV_77
16S_ASV_457,18S_ASV_518,green,0.68807705546654,1.76128800366317e-7,Luteolibacter,16S_ASV_457,Chlorophyta,18S_ASV_518
16S_ASV_580,18S_ASV_181,green,0.687838664065904,1.78559477337052e-7,Luteolibacter,16S_ASV_580,Chlorophyta,18S_ASV_181
16S_ASV_682,18S_ASV_271,green,0.687475091833732,1.82326746429695e-7,Luteolibacter,16S_ASV_682,Stramenopiles,18S_ASV_271
16S_ASV_613,18S_ASV_177,green,0.686904363906033,1.88390132649812e-7,Luteolibacter,16S_ASV_613,Stramenopiles,18S_ASV_177
16S_ASV_840,18S_ASV_264,green,0.686711800689699,1.90477924206157e-7,Luteolibacter,16S_ASV_840,Stramenopiles,18S_ASV_264
16S_ASV_558,18S_ASV_262,green,0.686541047369982,1.92347255146157e-7,Vulcanococcus,16S_ASV_558,Chlorophyta,18S_ASV_262
16S_ASV_417,18S_ASV_445,green,0.686460882255637,1.93230747351907e-7,Luteolibacter,16S_ASV_417,Chlorophyta,18S_ASV_445
16S_ASV_598,18S_ASV_217,green,0.686459506046888,1.93245947361193e-7,Cyanobium,16S_ASV_598,Stramenopiles,18S_ASV_217
16S_ASV_702,18S_ASV_271,green,0.68582042669011,2.00426059718594e-7,Luteolibacter,16S_ASV_702,Stramenopiles,18S_ASV_271
16S_ASV_613,18S_ASV_196,green,0.685748872715014,2.01245256345131e-7,Luteolibacter,16S_ASV_613,Stramenopiles,18S_ASV_196
16S_ASV_682,18S_ASV_77,green,0.685529181203629,2.03779951530422e-7,Luteolibacter,16S_ASV_682,Opisthokonta_Chytridiomycota,18S_ASV_77
16S_ASV_840,18S_ASV_50,green,0.685091580537196,2.08917594461774e-7,Luteolibacter,16S_ASV_840,Rhizaria,18S_ASV_50
16S_ASV_327,18S_ASV_13,green,0.685088742114453,2.08951309119904e-7,Luteolibacter,16S_ASV_327,Stramenopiles,18S_ASV_13
16S_ASV_580,18S_ASV_13,green,0.685020557560785,2.09762726285438e-7,Luteolibacter,16S_ASV_580,Stramenopiles,18S_ASV_13
16S_ASV_1174,18S_ASV_264,green,0.684693394461976,2.13697040144169e-7,Luteolibacter,16S_ASV_1174,Stramenopiles,18S_ASV_264
16S_ASV_457,18S_ASV_444,green,0.684399365884045,2.17291404746355e-7,Luteolibacter,16S_ASV_457,Opisthokonta_Choanoflagellatea,18S_ASV_444
16S_ASV_840,18S_ASV_415,green,0.683959304797797,2.22776238961331e-7,Luteolibacter,16S_ASV_840,Stramenopiles,18S_ASV_415
16S_ASV_1174,18S_ASV_129,green,0.683460471451648,2.29149336009727e-7,Luteolibacter,16S_ASV_1174,Streptophyta,18S_ASV_129
16S_ASV_435,18S_ASV_445,green,0.683192865330775,2.32637820082795e-7,Luteolibacter,16S_ASV_435,Chlorophyta,18S_ASV_445
16S_ASV_457,18S_ASV_129,green,0.683158702568045,2.33086703304623e-7,Luteolibacter,16S_ASV_457,Streptophyta,18S_ASV_129
16S_ASV_544,18S_ASV_77,green,0.682877541307512,2.36811776515672e-7,Luteolibacter,16S_ASV_544,Opisthokonta_Chytridiomycota,18S_ASV_77
16S_ASV_544,18S_ASV_415,green,0.682802705214753,2.37812567608697e-7,Luteolibacter,16S_ASV_544,Stramenopiles,18S_ASV_415
16S_ASV_711,18S_ASV_248,green,0.682073511325507,2.47772358378434e-7,Luteolibacter,16S_ASV_711,Stramenopiles,18S_ASV_248
16S_ASV_558,18S_ASV_69,green,0.681799379061611,2.51616015771682e-7,Vulcanococcus,16S_ASV_558,Stramenopiles,18S_ASV_69
16S_ASV_598,18S_ASV_248,green,0.681766115706866,2.52086163941931e-7,Cyanobium,16S_ASV_598,Stramenopiles,18S_ASV_248
16S_ASV_378,18S_ASV_181,green,0.681664133262194,2.53532696781063e-7,Luteolibacter,16S_ASV_378,Chlorophyta,18S_ASV_181
16S_ASV_541,18S_ASV_50,green,0.680871514754209,2.65041491867798e-7,Luteolibacter,16S_ASV_541,Rhizaria,18S_ASV_50
16S_ASV_1174,18S_ASV_196,green,0.68073077566281,2.67135156968915e-7,Luteolibacter,16S_ASV_1174,Stramenopiles,18S_ASV_196
16S_ASV_1002,18S_ASV_264,green,0.680279829441567,2.73947650140176e-7,Luteolibacter,16S_ASV_1002,Stramenopiles,18S_ASV_264
16S_ASV_598,18S_ASV_444,green,0.679701890297613,2.82915066733127e-7,Cyanobium,16S_ASV_598,Opisthokonta_Choanoflagellatea,18S_ASV_444
16S_ASV_613,18S_ASV_518,green,0.679354474751439,2.88436293035916e-7,Luteolibacter,16S_ASV_613,Chlorophyta,18S_ASV_518
16S_ASV_702,18S_ASV_262,green,0.679169847389457,2.91411077475692e-7,Luteolibacter,16S_ASV_702,Chlorophyta,18S_ASV_262
16S_ASV_327,18S_ASV_6,green,0.679115518408447,2.92291866705742e-7,Luteolibacter,16S_ASV_327,Haptophyta,18S_ASV_6
16S_ASV_541,18S_ASV_6,green,0.679050256431751,2.93353177786228e-7,Luteolibacter,16S_ASV_541,Haptophyta,18S_ASV_6
16S_ASV_840,18S_ASV_177,green,0.678994710399901,2.94259308336908e-7,Luteolibacter,16S_ASV_840,Stramenopiles,18S_ASV_177
16S_ASV_435,18S_ASV_13,green,0.678988894309387,2.94354337528496e-7,Luteolibacter,16S_ASV_435,Stramenopiles,18S_ASV_13
16S_ASV_613,18S_ASV_13,green,0.678966947162573,2.94713189511663e-7,Luteolibacter,16S_ASV_613,Stramenopiles,18S_ASV_13
16S_ASV_540,18S_ASV_6,green,0.678236393551216,3.06893161734766e-7,Luteolibacter,16S_ASV_540,Haptophyta,18S_ASV_6
16S_ASV_540,18S_ASV_271,green,0.67796567145168,3.11524421160214e-7,Luteolibacter,16S_ASV_540,Stramenopiles,18S_ASV_271
16S_ASV_682,18S_ASV_13,green,0.677797665979097,3.14431106405229e-7,Luteolibacter,16S_ASV_682,Stramenopiles,18S_ASV_13
16S_ASV_598,18S_ASV_13,green,0.677491025910578,3.19801473597552e-7,Cyanobium,16S_ASV_598,Stramenopiles,18S_ASV_13
16S_ASV_711,18S_ASV_6,green,0.677199260050354,3.24990440913617e-7,Luteolibacter,16S_ASV_711,Haptophyta,18S_ASV_6
16S_ASV_702,18S_ASV_6,green,0.676907759499611,3.30252808440308e-7,Luteolibacter,16S_ASV_702,Haptophyta,18S_ASV_6
16S_ASV_682,18S_ASV_6,green,0.67680083065275,3.3220294983258e-7,Luteolibacter,16S_ASV_682,Haptophyta,18S_ASV_6
16S_ASV_1002,18S_ASV_13,green,0.675750459162778,3.51937041362851e-7,Luteolibacter,16S_ASV_1002,Stramenopiles,18S_ASV_13
16S_ASV_177,18S_ASV_264,green,0.675474115348544,3.5730711461457e-7,Luteolibacter,16S_ASV_177,Stramenopiles,18S_ASV_264
16S_ASV_645,18S_ASV_271,green,0.674551495868255,3.7579293269672e-7,NA,16S_ASV_645,Stramenopiles,18S_ASV_271
16S_ASV_1002,18S_ASV_248,green,0.674495760755042,3.76937651621064e-7,Luteolibacter,16S_ASV_1002,Stramenopiles,18S_ASV_248
16S_ASV_645,18S_ASV_694,green,0.674267378615105,3.81662239146566e-7,NA,16S_ASV_645,Opisthokonta_Choanoflagellatea,18S_ASV_694
16S_ASV_580,18S_ASV_177,green,0.674103397122198,3.85088454718599e-7,Luteolibacter,16S_ASV_580,Stramenopiles,18S_ASV_177
16S_ASV_457,18S_ASV_248,green,0.674012399377818,3.87002070378317e-7,Luteolibacter,16S_ASV_457,Stramenopiles,18S_ASV_248
16S_ASV_270,18S_ASV_13,green,0.673689499336825,3.93864005188849e-7,Luteolibacter,16S_ASV_270,Stramenopiles,18S_ASV_13
16S_ASV_702,18S_ASV_181,green,0.673438550182557,3.99274849868517e-7,Luteolibacter,16S_ASV_702,Chlorophyta,18S_ASV_181
16S_ASV_327,18S_ASV_129,green,0.673436150106664,3.99326931178107e-7,Luteolibacter,16S_ASV_327,Streptophyta,18S_ASV_129
16S_ASV_598,18S_ASV_34,green,0.673408643403693,3.99924273930273e-7,Cyanobium,16S_ASV_598,Stramenopiles,18S_ASV_34
16S_ASV_544,18S_ASV_6,green,0.672821340266638,4.12878241098952e-7,Luteolibacter,16S_ASV_544,Haptophyta,18S_ASV_6
16S_ASV_378,18S_ASV_6,green,0.672539816410942,4.1922506266538e-7,Luteolibacter,16S_ASV_378,Haptophyta,18S_ASV_6
16S_ASV_544,18S_ASV_13,green,0.672165378326722,4.27807177900199e-7,Luteolibacter,16S_ASV_544,Stramenopiles,18S_ASV_13
16S_ASV_1174,18S_ASV_13,green,0.672152270485061,4.28110547265793e-7,Luteolibacter,16S_ASV_1174,Stramenopiles,18S_ASV_13
16S_ASV_540,18S_ASV_181,green,0.671267128970233,4.49065316729607e-7,Luteolibacter,16S_ASV_540,Chlorophyta,18S_ASV_181
16S_ASV_378,18S_ASV_50,green,0.67102701260175,4.54912001142315e-7,Luteolibacter,16S_ASV_378,Rhizaria,18S_ASV_50
16S_ASV_598,18S_ASV_6,green,0.670889509296007,4.58291899542923e-7,Cyanobium,16S_ASV_598,Haptophyta,18S_ASV_6
16S_ASV_327,18S_ASV_50,green,0.66921092999586,5.01478034297245e-7,Luteolibacter,16S_ASV_327,Rhizaria,18S_ASV_50
16S_ASV_613,18S_ASV_129,green,0.669185780847214,5.02152908502903e-7,Luteolibacter,16S_ASV_613,Streptophyta,18S_ASV_129
16S_ASV_1002,18S_ASV_177,green,0.668881577331239,5.10383292242115e-7,Luteolibacter,16S_ASV_1002,Stramenopiles,18S_ASV_177
16S_ASV_711,18S_ASV_50,green,0.667698554534288,5.43596872820011e-7,Luteolibacter,16S_ASV_711,Rhizaria,18S_ASV_50
16S_ASV_435,18S_ASV_50,green,0.6675882290043,5.4679451541797e-7,Luteolibacter,16S_ASV_435,Rhizaria,18S_ASV_50
16S_ASV_613,18S_ASV_415,green,0.666854982925678,5.68494745066057e-7,Luteolibacter,16S_ASV_613,Stramenopiles,18S_ASV_415
16S_ASV_434,18S_ASV_183,green,0.666640925818447,5.74978961793593e-7,Candidatus-Planktophila,16S_ASV_434,Opisthokonta_Chytridiomycota,18S_ASV_183
16S_ASV_487,18S_ASV_93,green,0.666581906041829,5.76778832576984e-7,Vulcanococcus,16S_ASV_487,Chlorophyta,18S_ASV_93
16S_ASV_457,18S_ASV_50,green,0.666449855391535,5.80824827939967e-7,Luteolibacter,16S_ASV_457,Rhizaria,18S_ASV_50
16S_ASV_1002,18S_ASV_129,green,0.665388101907551,6.14327919849153e-7,Luteolibacter,16S_ASV_1002,Streptophyta,18S_ASV_129
16S_ASV_580,18S_ASV_6,green,0.665196645337358,6.20556963273261e-7,Luteolibacter,16S_ASV_580,Haptophyta,18S_ASV_6
16S_ASV_580,18S_ASV_415,green,0.664107477282433,6.57123460706992e-7,Luteolibacter,16S_ASV_580,Stramenopiles,18S_ASV_415
16S_ASV_840,18S_ASV_245,green,0.663917199332212,6.63713330111416e-7,Luteolibacter,16S_ASV_840,Chlorophyta,18S_ASV_245
16S_ASV_580,18S_ASV_248,green,0.663672240524201,6.72287311542734e-7,Luteolibacter,16S_ASV_580,Stramenopiles,18S_ASV_248
16S_ASV_1002,18S_ASV_245,green,0.66363530496587,6.73589006501189e-7,Luteolibacter,16S_ASV_1002,Chlorophyta,18S_ASV_245
16S_ASV_558,18S_ASV_1051,green,0.663595928989911,6.74979284405645e-7,Vulcanococcus,16S_ASV_558,Stramenopiles,18S_ASV_1051
16S_ASV_457,18S_ASV_415,green,0.662677327967009,7.08179034241922e-7,Luteolibacter,16S_ASV_457,Stramenopiles,18S_ASV_415
16S_ASV_645,18S_ASV_245,green,0.66239733478571,7.18596005945075e-7,NA,16S_ASV_645,Chlorophyta,18S_ASV_245
16S_ASV_544,18S_ASV_181,green,0.662312110139187,7.21794863182552e-7,Luteolibacter,16S_ASV_544,Chlorophyta,18S_ASV_181
16S_ASV_327,18S_ASV_248,green,0.66226949969993,7.23399173363804e-7,Luteolibacter,16S_ASV_327,Stramenopiles,18S_ASV_248
16S_ASV_711,18S_ASV_13,green,0.661641596069928,7.47427238204837e-7,Luteolibacter,16S_ASV_711,Stramenopiles,18S_ASV_13
16S_ASV_541,18S_ASV_444,green,0.661294421775302,7.61028575319021e-7,Luteolibacter,16S_ASV_541,Opisthokonta_Choanoflagellatea,18S_ASV_444
16S_ASV_1174,18S_ASV_262,green,0.66083294768823,7.79463655097051e-7,Luteolibacter,16S_ASV_1174,Chlorophyta,18S_ASV_262
16S_ASV_558,18S_ASV_271,green,0.659679620377281,8.27364998945492e-7,Vulcanococcus,16S_ASV_558,Stramenopiles,18S_ASV_271
16S_ASV_434,18S_ASV_285,green,0.659487765193096,8.35593477634602e-7,Candidatus-Planktophila,16S_ASV_434,Stramenopiles,18S_ASV_285
16S_ASV_558,18S_ASV_290,green,0.659270958618849,8.44983463912621e-7,Vulcanococcus,16S_ASV_558,Stramenopiles,18S_ASV_290
16S_ASV_540,18S_ASV_262,green,0.658540575559725,8.77342113446748e-7,Luteolibacter,16S_ASV_540,Chlorophyta,18S_ASV_262
16S_ASV_711,18S_ASV_262,green,0.658128185398176,8.96116624777657e-7,Luteolibacter,16S_ASV_711,Chlorophyta,18S_ASV_262
16S_ASV_558,18S_ASV_93,green,0.658080104800349,8.98329643688503e-7,Vulcanococcus,16S_ASV_558,Chlorophyta,18S_ASV_93
16S_ASV_682,18S_ASV_50,green,0.65744765688704,9.27915484414723e-7,Luteolibacter,16S_ASV_682,Rhizaria,18S_ASV_50
16S_ASV_544,18S_ASV_129,green,0.656999115285499,9.4944333538839e-7,Luteolibacter,16S_ASV_544,Streptophyta,18S_ASV_129
16S_ASV_645,18S_ASV_445,green,0.656970097597673,9.50851878390204e-7,NA,16S_ASV_645,Chlorophyta,18S_ASV_445
16S_ASV_645,18S_ASV_45,green,0.656273634247962,9.85246014896516e-7,NA,16S_ASV_645,Opisthokonta_Chytridiomycota,18S_ASV_45
16S_ASV_378,18S_ASV_13,green,0.655996050738411,9.99273032463683e-7,Luteolibacter,16S_ASV_378,Stramenopiles,18S_ASV_13
16S_ASV_270,18S_ASV_264,green,0.655669779469829,1.0159971086792e-6,Luteolibacter,16S_ASV_270,Stramenopiles,18S_ASV_264
16S_ASV_840,18S_ASV_196,green,0.655400057330765,1.0300181927323e-6,Luteolibacter,16S_ASV_840,Stramenopiles,18S_ASV_196
16S_ASV_613,18S_ASV_1079,green,0.654786194096915,1.06260057893595e-6,Luteolibacter,16S_ASV_613,Rhizaria,18S_ASV_1079
16S_ASV_1174,18S_ASV_245,green,0.654632691846615,1.07089616968942e-6,Luteolibacter,16S_ASV_1174,Chlorophyta,18S_ASV_245
16S_ASV_598,18S_ASV_5,green,0.654589670539786,1.07323188500391e-6,Cyanobium,16S_ASV_598,Cryptophyta,18S_ASV_5
16S_ASV_417,18S_ASV_13,green,0.65415900798835,1.09687521313417e-6,Luteolibacter,16S_ASV_417,Stramenopiles,18S_ASV_13
16S_ASV_327,18S_ASV_262,green,0.653069219848963,1.15887913741476e-6,Luteolibacter,16S_ASV_327,Chlorophyta,18S_ASV_262
16S_ASV_682,18S_ASV_262,green,0.652976466959428,1.16430366543641e-6,Luteolibacter,16S_ASV_682,Chlorophyta,18S_ASV_262
16S_ASV_487,18S_ASV_1112,green,0.652682951403633,1.18162504167796e-6,Vulcanococcus,16S_ASV_487,Stramenopiles,18S_ASV_1112
16S_ASV_1002,18S_ASV_518,green,0.652648157459352,1.18369411689549e-6,Luteolibacter,16S_ASV_1002,Chlorophyta,18S_ASV_518
16S_ASV_541,18S_ASV_129,green,0.652516796111824,1.1915360378835e-6,Luteolibacter,16S_ASV_541,Streptophyta,18S_ASV_129
16S_ASV_541,18S_ASV_262,green,0.651960657055041,1.22527264316761e-6,Luteolibacter,16S_ASV_541,Chlorophyta,18S_ASV_262
16S_ASV_435,18S_ASV_6,green,0.651477310192971,1.25531050931784e-6,Luteolibacter,16S_ASV_435,Haptophyta,18S_ASV_6
16S_ASV_558,18S_ASV_150,green,0.651392745244911,1.26063548330802e-6,Vulcanococcus,16S_ASV_558,Chlorophyta,18S_ASV_150
16S_ASV_487,18S_ASV_77,green,0.651355147111672,1.26300971930779e-6,Vulcanococcus,16S_ASV_487,Opisthokonta_Chytridiomycota,18S_ASV_77
16S_ASV_598,18S_ASV_30,green,0.650301647981397,1.33124525477838e-6,Cyanobium,16S_ASV_598,Rhizaria,18S_ASV_30
16S_ASV_613,18S_ASV_245,green,0.650165764171944,1.34029107171311e-6,Luteolibacter,16S_ASV_613,Chlorophyta,18S_ASV_245
16S_ASV_682,18S_ASV_217,green,0.650165272053144,1.34032393545447e-6,Luteolibacter,16S_ASV_682,Stramenopiles,18S_ASV_217
16S_ASV_487,18S_ASV_70,green,0.64950615309491,1.38501657463023e-6,Vulcanococcus,16S_ASV_487,Cryptophyta,18S_ASV_70
16S_ASV_1323,18S_ASV_542,green,0.649408058631077,1.3917848709704e-6,Terrimicrobium,16S_ASV_1323,Stramenopiles,18S_ASV_542
16S_ASV_487,18S_ASV_245,green,0.649250124372443,1.40274640805397e-6,Vulcanococcus,16S_ASV_487,Chlorophyta,18S_ASV_245
16S_ASV_378,18S_ASV_129,green,0.649106041700121,1.4128162952677e-6,Luteolibacter,16S_ASV_378,Streptophyta,18S_ASV_129
16S_ASV_487,18S_ASV_84,green,0.648968341915157,1.42250264601808e-6,Vulcanococcus,16S_ASV_487,Cryptophyta,18S_ASV_84
16S_ASV_840,18S_ASV_1079,green,0.648344141465922,1.467188032235e-6,Luteolibacter,16S_ASV_840,Rhizaria,18S_ASV_1079
16S_ASV_457,18S_ASV_264,green,0.647866121352079,1.50228418536936e-6,Luteolibacter,16S_ASV_457,Stramenopiles,18S_ASV_264
16S_ASV_558,18S_ASV_415,green,0.647864510522246,1.50240375607787e-6,Vulcanococcus,16S_ASV_558,Stramenopiles,18S_ASV_415
16S_ASV_540,18S_ASV_13,green,0.647816649829291,1.50596044539944e-6,Luteolibacter,16S_ASV_540,Stramenopiles,18S_ASV_13
16S_ASV_177,18S_ASV_150,green,0.647169047523549,1.55485917994547e-6,Luteolibacter,16S_ASV_177,Chlorophyta,18S_ASV_150
16S_ASV_613,18S_ASV_69,green,0.646538842929202,1.60385267388719e-6,Luteolibacter,16S_ASV_613,Stramenopiles,18S_ASV_69
16S_ASV_598,18S_ASV_262,green,0.646482061611715,1.60833648216681e-6,Cyanobium,16S_ASV_598,Chlorophyta,18S_ASV_262
16S_ASV_840,18S_ASV_70,green,0.646286444552163,1.62387268890454e-6,Luteolibacter,16S_ASV_840,Cryptophyta,18S_ASV_70
16S_ASV_541,18S_ASV_264,green,0.645882531729382,1.65639287726196e-6,Luteolibacter,16S_ASV_541,Stramenopiles,18S_ASV_264
16S_ASV_417,18S_ASV_50,green,0.6454872119102,1.68880437660278e-6,Luteolibacter,16S_ASV_417,Rhizaria,18S_ASV_50
16S_ASV_580,18S_ASV_50,green,0.645173672440537,1.7149274685125e-6,Luteolibacter,16S_ASV_580,Rhizaria,18S_ASV_50
16S_ASV_702,18S_ASV_13,green,0.64505788561414,1.72466870063423e-6,Luteolibacter,16S_ASV_702,Stramenopiles,18S_ASV_13
16S_ASV_378,18S_ASV_248,green,0.645057398222769,1.72470981332146e-6,Luteolibacter,16S_ASV_378,Stramenopiles,18S_ASV_248
16S_ASV_540,18S_ASV_196,green,0.645051112635277,1.72524009976072e-6,Luteolibacter,16S_ASV_540,Stramenopiles,18S_ASV_196
16S_ASV_580,18S_ASV_264,green,0.644491108524174,1.77309575165771e-6,Luteolibacter,16S_ASV_580,Stramenopiles,18S_ASV_264
16S_ASV_1002,18S_ASV_70,green,0.644242750955393,1.79471033840938e-6,Luteolibacter,16S_ASV_1002,Cryptophyta,18S_ASV_70
16S_ASV_682,18S_ASV_181,green,0.644187454559165,1.79955588068457e-6,Luteolibacter,16S_ASV_682,Chlorophyta,18S_ASV_181
16S_ASV_417,18S_ASV_181,green,0.643937518847342,1.8216088794609e-6,Luteolibacter,16S_ASV_417,Chlorophyta,18S_ASV_181
16S_ASV_1174,18S_ASV_70,green,0.64372004410569,1.84100101836093e-6,Luteolibacter,16S_ASV_1174,Cryptophyta,18S_ASV_70
16S_ASV_541,18S_ASV_271,green,0.643614590064218,1.850472970376e-6,Luteolibacter,16S_ASV_541,Stramenopiles,18S_ASV_271
16S_ASV_457,18S_ASV_69,green,0.643049469911969,1.90200584730047e-6,Luteolibacter,16S_ASV_457,Stramenopiles,18S_ASV_69
16S_ASV_487,18S_ASV_45,green,0.642151990988205,1.98658376580356e-6,Vulcanococcus,16S_ASV_487,Opisthokonta_Chytridiomycota,18S_ASV_45
16S_ASV_890,18S_ASV_248,green,0.641947927127604,2.00629424027484e-6,Vulcanococcus,16S_ASV_890,Stramenopiles,18S_ASV_248
16S_ASV_580,18S_ASV_77,green,0.641409143016593,2.05920857317066e-6,Luteolibacter,16S_ASV_580,Opisthokonta_Chytridiomycota,18S_ASV_77
16S_ASV_541,18S_ASV_77,green,0.640189873724339,2.18375841293879e-6,Luteolibacter,16S_ASV_541,Opisthokonta_Chytridiomycota,18S_ASV_77
16S_ASV_435,18S_ASV_177,green,0.639828188807806,2.2220241476796e-6,Luteolibacter,16S_ASV_435,Stramenopiles,18S_ASV_177
16S_ASV_327,18S_ASV_264,green,0.639683641462464,2.2374898511448e-6,Luteolibacter,16S_ASV_327,Stramenopiles,18S_ASV_264
16S_ASV_417,18S_ASV_518,green,0.638754577973761,2.33929599518324e-6,Luteolibacter,16S_ASV_417,Chlorophyta,18S_ASV_518
16S_ASV_1002,18S_ASV_69,green,0.638748192409079,2.34001031670521e-6,Luteolibacter,16S_ASV_1002,Stramenopiles,18S_ASV_69
16S_ASV_558,18S_ASV_70,green,0.637286797528412,2.50890322179503e-6,Vulcanococcus,16S_ASV_558,Cryptophyta,18S_ASV_70
16S_ASV_540,18S_ASV_694,green,0.636471610455737,2.60794467724429e-6,Luteolibacter,16S_ASV_540,Opisthokonta_Choanoflagellatea,18S_ASV_694
16S_ASV_457,18S_ASV_196,green,0.636413540246226,2.61513611474254e-6,Luteolibacter,16S_ASV_457,Stramenopiles,18S_ASV_196
16S_ASV_711,18S_ASV_30,green,0.636367979141351,2.62079125554779e-6,Luteolibacter,16S_ASV_711,Rhizaria,18S_ASV_30
16S_ASV_645,18S_ASV_196,green,0.63625545485813,2.63480650645825e-6,NA,16S_ASV_645,Stramenopiles,18S_ASV_196
16S_ASV_434,18S_ASV_535,green,0.636208202979227,2.64071251582218e-6,Candidatus-Planktophila,16S_ASV_434,Stramenopiles,18S_ASV_535
16S_ASV_541,18S_ASV_70,green,0.63575290453002,2.69825095782576e-6,Luteolibacter,16S_ASV_541,Cryptophyta,18S_ASV_70
16S_ASV_487,18S_ASV_290,green,0.635654592103153,2.71082644967615e-6,Vulcanococcus,16S_ASV_487,Stramenopiles,18S_ASV_290
16S_ASV_613,18S_ASV_70,green,0.635601138329068,2.71768663737912e-6,Luteolibacter,16S_ASV_613,Cryptophyta,18S_ASV_70
16S_ASV_598,18S_ASV_417,green,0.63550793638591,2.72968646855224e-6,Cyanobium,16S_ASV_598,NA,18S_ASV_417
16S_ASV_580,18S_ASV_444,green,0.635368385825652,2.74774535994806e-6,Luteolibacter,16S_ASV_580,Opisthokonta_Choanoflagellatea,18S_ASV_444
16S_ASV_270,18S_ASV_150,green,0.635063835241235,2.78754081317898e-6,Luteolibacter,16S_ASV_270,Chlorophyta,18S_ASV_150
16S_ASV_417,18S_ASV_6,green,0.634926350388588,2.80567991215203e-6,Luteolibacter,16S_ASV_417,Haptophyta,18S_ASV_6
16S_ASV_378,18S_ASV_264,green,0.634483432815751,2.86486122785944e-6,Luteolibacter,16S_ASV_378,Stramenopiles,18S_ASV_264
16S_ASV_177,18S_ASV_157,green,0.633467807736791,3.00495045150109e-6,Luteolibacter,16S_ASV_177,Chlorophyta,18S_ASV_157
16S_ASV_702,18S_ASV_248,green,0.63322051583041,3.04000591323428e-6,Luteolibacter,16S_ASV_702,Stramenopiles,18S_ASV_248
16S_ASV_580,18S_ASV_129,green,0.63320309298147,3.04248993198146e-6,Luteolibacter,16S_ASV_580,Streptophyta,18S_ASV_129
16S_ASV_711,18S_ASV_264,green,0.63314470087985,3.05082872770302e-6,Luteolibacter,16S_ASV_711,Stramenopiles,18S_ASV_264
16S_ASV_840,18S_ASV_262,green,0.633123852853947,3.05381108472877e-6,Luteolibacter,16S_ASV_840,Chlorophyta,18S_ASV_262
16S_ASV_487,18S_ASV_264,green,0.631673927333348,3.26796393011072e-6,Vulcanococcus,16S_ASV_487,Stramenopiles,18S_ASV_264
16S_ASV_702,18S_ASV_196,green,0.631454258509466,3.30159372818531e-6,Luteolibacter,16S_ASV_702,Stramenopiles,18S_ASV_196
16S_ASV_702,18S_ASV_30,green,0.631440935142932,3.30364369691489e-6,Luteolibacter,16S_ASV_702,Rhizaria,18S_ASV_30
16S_ASV_417,18S_ASV_248,green,0.631333861011401,3.32016117491337e-6,Luteolibacter,16S_ASV_417,Stramenopiles,18S_ASV_248
16S_ASV_682,18S_ASV_417,green,0.631153778376946,3.34811332450134e-6,Luteolibacter,16S_ASV_682,NA,18S_ASV_417
16S_ASV_487,18S_ASV_34,green,0.631109029119142,3.35509289030261e-6,Vulcanococcus,16S_ASV_487,Stramenopiles,18S_ASV_34
16S_ASV_540,18S_ASV_248,green,0.630468093826596,3.45654679281327e-6,Luteolibacter,16S_ASV_540,Stramenopiles,18S_ASV_248
16S_ASV_378,18S_ASV_196,green,0.63046274435234,3.45740536645068e-6,Luteolibacter,16S_ASV_378,Stramenopiles,18S_ASV_196
16S_ASV_378,18S_ASV_271,green,0.629571837207125,3.60317453875325e-6,Luteolibacter,16S_ASV_378,Stramenopiles,18S_ASV_271
16S_ASV_487,18S_ASV_415,green,0.629117233466126,3.67972488818847e-6,Vulcanococcus,16S_ASV_487,Stramenopiles,18S_ASV_415
16S_ASV_378,18S_ASV_415,green,0.628822413643125,3.73016957420335e-6,Luteolibacter,16S_ASV_378,Stramenopiles,18S_ASV_415
16S_ASV_840,18S_ASV_69,green,0.628637907313017,3.76206345933264e-6,Luteolibacter,16S_ASV_840,Stramenopiles,18S_ASV_69
16S_ASV_645,18S_ASV_177,green,0.628635225395494,3.76252890932532e-6,NA,16S_ASV_645,Stramenopiles,18S_ASV_177
16S_ASV_541,18S_ASV_1079,green,0.628511589314039,3.78404394504452e-6,Luteolibacter,16S_ASV_541,Rhizaria,18S_ASV_1079
16S_ASV_540,18S_ASV_30,green,0.628134424523258,3.85038201561307e-6,Luteolibacter,16S_ASV_540,Rhizaria,18S_ASV_30
16S_ASV_1323,18S_ASV_181,green,0.628089824485492,3.85829717380239e-6,Terrimicrobium,16S_ASV_1323,Chlorophyta,18S_ASV_181
16S_ASV_544,18S_ASV_248,green,0.62751925623882,3.96089072312432e-6,Luteolibacter,16S_ASV_544,Stramenopiles,18S_ASV_248
16S_ASV_682,18S_ASV_694,green,0.627421357852839,3.97874497727877e-6,Luteolibacter,16S_ASV_682,Opisthokonta_Choanoflagellatea,18S_ASV_694
16S_ASV_544,18S_ASV_264,green,0.626859922953093,4.08258056366451e-6,Luteolibacter,16S_ASV_544,Stramenopiles,18S_ASV_264
16S_ASV_487,18S_ASV_694,green,0.626590796438275,4.13323692566481e-6,Vulcanococcus,16S_ASV_487,Opisthokonta_Choanoflagellatea,18S_ASV_694
16S_ASV_558,18S_ASV_34,green,0.626558007193901,4.13944819514623e-6,Vulcanococcus,16S_ASV_558,Stramenopiles,18S_ASV_34
16S_ASV_840,18S_ASV_146,green,0.626215463338039,4.20485372400207e-6,Luteolibacter,16S_ASV_840,Opisthokonta_Chytridiomycota,18S_ASV_146
16S_ASV_544,18S_ASV_262,green,0.626157711702862,4.21597441190152e-6,Luteolibacter,16S_ASV_544,Chlorophyta,18S_ASV_262
16S_ASV_558,18S_ASV_1112,green,0.62556160069794,4.33235963680726e-6,Vulcanococcus,16S_ASV_558,Stramenopiles,18S_ASV_1112
16S_ASV_435,18S_ASV_518,green,0.624708849178892,4.50401529506202e-6,Luteolibacter,16S_ASV_435,Chlorophyta,18S_ASV_518
16S_ASV_890,18S_ASV_235,green,0.624506571773676,4.54564393353686e-6,Vulcanococcus,16S_ASV_890,Chlorophyta,18S_ASV_235
16S_ASV_540,18S_ASV_70,green,0.624267914383901,4.59521623958952e-6,Luteolibacter,16S_ASV_540,Cryptophyta,18S_ASV_70
16S_ASV_598,18S_ASV_264,green,0.624158184510554,4.61817566037303e-6,Cyanobium,16S_ASV_598,Stramenopiles,18S_ASV_264
16S_ASV_613,18S_ASV_146,green,0.624053722708166,4.64013116353799e-6,Luteolibacter,16S_ASV_613,Opisthokonta_Chytridiomycota,18S_ASV_146
16S_ASV_598,18S_ASV_337,green,0.623820012221989,4.68960120766809e-6,Cyanobium,16S_ASV_598,Apusomonada,18S_ASV_337
16S_ASV_645,18S_ASV_70,green,0.623691420904939,4.71702762223303e-6,NA,16S_ASV_645,Cryptophyta,18S_ASV_70
16S_ASV_417,18S_ASV_415,green,0.623674039038553,4.72074622718631e-6,Luteolibacter,16S_ASV_417,Stramenopiles,18S_ASV_415
16S_ASV_541,18S_ASV_245,green,0.623600225375306,4.73656778413791e-6,Luteolibacter,16S_ASV_541,Chlorophyta,18S_ASV_245
16S_ASV_417,18S_ASV_177,green,0.622745118992796,4.92345800883544e-6,Luteolibacter,16S_ASV_417,Stramenopiles,18S_ASV_177
16S_ASV_1002,18S_ASV_1079,green,0.622349532058012,5.01219884460363e-6,Luteolibacter,16S_ASV_1002,Rhizaria,18S_ASV_1079
16S_ASV_890,18S_ASV_129,green,0.622081020980772,5.07327164613488e-6,Vulcanococcus,16S_ASV_890,Streptophyta,18S_ASV_129
16S_ASV_702,18S_ASV_694,green,0.621720038984421,5.15645944632088e-6,Luteolibacter,16S_ASV_702,Opisthokonta_Choanoflagellatea,18S_ASV_694
16S_ASV_598,18S_ASV_44,green,0.621482613259703,5.21185816326063e-6,Cyanobium,16S_ASV_598,Stramenopiles,18S_ASV_44
16S_ASV_435,18S_ASV_181,green,0.621459989986037,5.21716542625593e-6,Luteolibacter,16S_ASV_435,Chlorophyta,18S_ASV_181
16S_ASV_457,18S_ASV_262,green,0.621374396294404,5.23729027194504e-6,Luteolibacter,16S_ASV_457,Chlorophyta,18S_ASV_262
16S_ASV_378,18S_ASV_444,green,0.620959493882048,5.33586153558259e-6,Luteolibacter,16S_ASV_378,Opisthokonta_Choanoflagellatea,18S_ASV_444
16S_ASV_457,18S_ASV_30,green,0.620889616374369,5.35263027495947e-6,Luteolibacter,16S_ASV_457,Rhizaria,18S_ASV_30
16S_ASV_1323,18S_ASV_248,green,0.62064312112986,5.41217162301364e-6,Terrimicrobium,16S_ASV_1323,Stramenopiles,18S_ASV_248
16S_ASV_558,18S_ASV_50,green,0.619899627098361,5.59548540277823e-6,Vulcanococcus,16S_ASV_558,Rhizaria,18S_ASV_50
16S_ASV_487,18S_ASV_630,green,0.619197867494274,5.77374753937431e-6,Vulcanococcus,16S_ASV_487,Chlorophyta,18S_ASV_630
16S_ASV_1174,18S_ASV_69,green,0.6188677378689,5.85940660364054e-6,Luteolibacter,16S_ASV_1174,Stramenopiles,18S_ASV_69
16S_ASV_177,18S_ASV_181,green,0.618507293104965,5.95426914347555e-6,Luteolibacter,16S_ASV_177,Chlorophyta,18S_ASV_181
16S_ASV_682,18S_ASV_129,green,0.61844819634265,5.96995682664946e-6,Luteolibacter,16S_ASV_682,Streptophyta,18S_ASV_129
16S_ASV_711,18S_ASV_196,green,0.617362237260763,6.26510591720603e-6,Luteolibacter,16S_ASV_711,Stramenopiles,18S_ASV_196
16S_ASV_580,18S_ASV_262,green,0.617307024073545,6.28046562347135e-6,Luteolibacter,16S_ASV_580,Chlorophyta,18S_ASV_262
16S_ASV_487,18S_ASV_13,green,0.617268871456174,6.29109954510128e-6,Vulcanococcus,16S_ASV_487,Stramenopiles,18S_ASV_13
16S_ASV_682,18S_ASV_30,green,0.616956526428467,6.37878296144925e-6,Luteolibacter,16S_ASV_682,Rhizaria,18S_ASV_30
16S_ASV_702,18S_ASV_70,green,0.616502762277931,6.5081755280651e-6,Luteolibacter,16S_ASV_702,Cryptophyta,18S_ASV_70
16S_ASV_645,18S_ASV_235,green,0.616427240506727,6.52994428640284e-6,NA,16S_ASV_645,Chlorophyta,18S_ASV_235
16S_ASV_598,18S_ASV_1112,green,0.616345486481046,6.55358511974922e-6,Cyanobium,16S_ASV_598,Stramenopiles,18S_ASV_1112
16S_ASV_378,18S_ASV_262,green,0.61484470063134,7.00183408490304e-6,Luteolibacter,16S_ASV_378,Chlorophyta,18S_ASV_262
16S_ASV_434,18S_ASV_1079,green,0.613846272747012,7.31551539394349e-6,Candidatus-Planktophila,16S_ASV_434,Rhizaria,18S_ASV_1079
16S_ASV_434,18S_ASV_530,green,0.613725576595124,7.35430012515678e-6,Candidatus-Planktophila,16S_ASV_434,Streptophyta,18S_ASV_530
16S_ASV_327,18S_ASV_271,green,0.613573459067946,7.40345178460242e-6,Luteolibacter,16S_ASV_327,Stramenopiles,18S_ASV_271
16S_ASV_1002,18S_ASV_93,green,0.613406102756146,7.45787697992077e-6,Luteolibacter,16S_ASV_1002,Chlorophyta,18S_ASV_93
16S_ASV_598,18S_ASV_52,green,0.613395195149412,7.46143696072925e-6,Cyanobium,16S_ASV_598,Opisthokonta_Zoopagomycota,18S_ASV_52
16S_ASV_177,18S_ASV_445,green,0.613029979645527,7.5815424826168e-6,Luteolibacter,16S_ASV_177,Chlorophyta,18S_ASV_445
16S_ASV_541,18S_ASV_196,green,0.612925086144515,7.61636583483647e-6,Luteolibacter,16S_ASV_541,Stramenopiles,18S_ASV_196
16S_ASV_613,18S_ASV_262,green,0.612863501863463,7.63687966868024e-6,Luteolibacter,16S_ASV_613,Chlorophyta,18S_ASV_262
16S_ASV_378,18S_ASV_77,green,0.61267988484915,7.69834541368488e-6,Luteolibacter,16S_ASV_378,Opisthokonta_Chytridiomycota,18S_ASV_77
16S_ASV_434,18S_ASV_13,green,0.612196521458271,7.86233729155134e-6,Candidatus-Planktophila,16S_ASV_434,Stramenopiles,18S_ASV_13
16S_ASV_645,18S_ASV_77,green,0.611872487747089,7.97406861953023e-6,NA,16S_ASV_645,Opisthokonta_Chytridiomycota,18S_ASV_77
16S_ASV_1174,18S_ASV_146,green,0.611784432975749,8.00468290338827e-6,Luteolibacter,16S_ASV_1174,Opisthokonta_Chytridiomycota,18S_ASV_146
16S_ASV_702,18S_ASV_129,green,0.611684726401491,8.03947891472589e-6,Luteolibacter,16S_ASV_702,Streptophyta,18S_ASV_129
16S_ASV_1002,18S_ASV_146,green,0.611562306043185,8.08239225082418e-6,Luteolibacter,16S_ASV_1002,Opisthokonta_Chytridiomycota,18S_ASV_146
16S_ASV_890,18S_ASV_370,green,0.611010969325034,8.27828625053183e-6,Vulcanococcus,16S_ASV_890,Opisthokonta_Ascomycota,18S_ASV_370
16S_ASV_1002,18S_ASV_415,green,0.610875452854992,8.3271012519589e-6,Luteolibacter,16S_ASV_1002,Stramenopiles,18S_ASV_415
16S_ASV_177,18S_ASV_444,green,0.610366968388142,8.51263844022439e-6,Luteolibacter,16S_ASV_177,Opisthokonta_Choanoflagellatea,18S_ASV_444
16S_ASV_558,18S_ASV_694,green,0.609767411280223,8.73629517655199e-6,Vulcanococcus,16S_ASV_558,Opisthokonta_Choanoflagellatea,18S_ASV_694
16S_ASV_457,18S_ASV_245,green,0.608461437969448,9.24232702373313e-6,Luteolibacter,16S_ASV_457,Chlorophyta,18S_ASV_245
16S_ASV_435,18S_ASV_30,green,0.60841814202374,9.25955624816542e-6,Luteolibacter,16S_ASV_435,Rhizaria,18S_ASV_30
16S_ASV_540,18S_ASV_129,green,0.608347594532747,9.28769334118722e-6,Luteolibacter,16S_ASV_540,Streptophyta,18S_ASV_129
16S_ASV_598,18S_ASV_150,green,0.608325236011983,9.29662720787021e-6,Cyanobium,16S_ASV_598,Chlorophyta,18S_ASV_150
16S_ASV_580,18S_ASV_1079,green,0.607768522318175,9.52164273948484e-6,Luteolibacter,16S_ASV_580,Rhizaria,18S_ASV_1079
16S_ASV_378,18S_ASV_70,green,0.60766615391658,9.56356033124105e-6,Luteolibacter,16S_ASV_378,Cryptophyta,18S_ASV_70
16S_ASV_702,18S_ASV_146,green,0.607439170415649,9.65711175179156e-6,Luteolibacter,16S_ASV_702,Opisthokonta_Chytridiomycota,18S_ASV_146
16S_ASV_702,18S_ASV_69,green,0.607128118240037,9.7866808132793e-6,Luteolibacter,16S_ASV_702,Stramenopiles,18S_ASV_69
16S_ASV_177,18S_ASV_177,green,0.60625007636501,1.01611145647633e-5,Luteolibacter,16S_ASV_177,Stramenopiles,18S_ASV_177
16S_ASV_1174,18S_ASV_30,green,0.606212511249387,1.01774242127253e-5,Luteolibacter,16S_ASV_1174,Rhizaria,18S_ASV_30
16S_ASV_435,18S_ASV_415,green,0.606138128472213,1.02097901034245e-5,Luteolibacter,16S_ASV_435,Stramenopiles,18S_ASV_415
16S_ASV_645,18S_ASV_6,green,0.60561749077536,1.0438998971011e-5,NA,16S_ASV_645,Haptophyta,18S_ASV_6
16S_ASV_378,18S_ASV_694,green,0.604554302425738,1.09218433168208e-5,Luteolibacter,16S_ASV_378,Opisthokonta_Choanoflagellatea,18S_ASV_694
16S_ASV_378,18S_ASV_245,green,0.603814804636662,1.1269711750305e-5,Luteolibacter,16S_ASV_378,Chlorophyta,18S_ASV_245
16S_ASV_434,18S_ASV_177,green,0.603748941380877,1.1301183833847e-5,Candidatus-Planktophila,16S_ASV_434,Stramenopiles,18S_ASV_177
16S_ASV_558,18S_ASV_13,green,0.603610028384104,1.13678272910802e-5,Vulcanococcus,16S_ASV_558,Stramenopiles,18S_ASV_13
16S_ASV_580,18S_ASV_245,green,0.603345936208021,1.14955235404018e-5,Luteolibacter,16S_ASV_580,Chlorophyta,18S_ASV_245
16S_ASV_457,18S_ASV_271,green,0.603197151303804,1.1568045231434e-5,Luteolibacter,16S_ASV_457,Stramenopiles,18S_ASV_271
16S_ASV_327,18S_ASV_196,green,0.602993745950792,1.16678715114577e-5,Luteolibacter,16S_ASV_327,Stramenopiles,18S_ASV_196
16S_ASV_645,18S_ASV_93,green,0.602433807116779,1.19467834782068e-5,NA,16S_ASV_645,Chlorophyta,18S_ASV_93
16S_ASV_435,18S_ASV_271,green,0.60191960989466,1.22082996262484e-5,Luteolibacter,16S_ASV_435,Stramenopiles,18S_ASV_271
16S_ASV_177,18S_ASV_6,green,0.6018878346405,1.22246317032404e-5,Luteolibacter,16S_ASV_177,Haptophyta,18S_ASV_6
16S_ASV_487,18S_ASV_438,green,0.601883325307723,1.22269510706024e-5,Vulcanococcus,16S_ASV_487,Stramenopiles,18S_ASV_438
16S_ASV_417,18S_ASV_1079,green,0.601031786096204,1.267226599691e-5,Luteolibacter,16S_ASV_417,Rhizaria,18S_ASV_1079
16S_ASV_541,18S_ASV_694,green,0.600906215432125,1.27391810883723e-5,Luteolibacter,16S_ASV_541,Opisthokonta_Choanoflagellatea,18S_ASV_694
16S_ASV_558,18S_ASV_438,green,0.600785700319766,1.28037075659838e-5,Vulcanococcus,16S_ASV_558,Stramenopiles,18S_ASV_438
16S_ASV_1174,18S_ASV_1079,green,0.600546277995361,1.29327921694909e-5,Luteolibacter,16S_ASV_1174,Rhizaria,18S_ASV_1079
16S_ASV_434,18S_ASV_438,green,0.600529723118415,1.29417618188922e-5,Candidatus-Planktophila,16S_ASV_434,Stramenopiles,18S_ASV_438
16S_ASV_544,18S_ASV_196,green,0.600430047106198,1.29958886104162e-5,Luteolibacter,16S_ASV_544,Stramenopiles,18S_ASV_196
16S_ASV_487,18S_ASV_231,green,0.600276481199835,1.30796865998126e-5,Vulcanococcus,16S_ASV_487,Chlorophyta,18S_ASV_231
16S_ASV_540,18S_ASV_69,green,0.600216815451784,1.31123788673654e-5,Luteolibacter,16S_ASV_540,Stramenopiles,18S_ASV_69
16S_ASV_540,18S_ASV_146,green,0.599918963532948,1.3276705570967e-5,Luteolibacter,16S_ASV_540,Opisthokonta_Chytridiomycota,18S_ASV_146
16S_ASV_598,18S_ASV_271,green,0.599534053344442,1.34918674105786e-5,Cyanobium,16S_ASV_598,Stramenopiles,18S_ASV_271
16S_ASV_682,18S_ASV_248,green,0.599512538374608,1.3503988196208e-5,Luteolibacter,16S_ASV_682,Stramenopiles,18S_ASV_248
16S_ASV_598,18S_ASV_530,green,0.598352738234418,1.4172391549398e-5,Cyanobium,16S_ASV_598,Streptophyta,18S_ASV_530
16S_ASV_840,18S_ASV_77,green,0.598198686057857,1.42634255520846e-5,Luteolibacter,16S_ASV_840,Opisthokonta_Chytridiomycota,18S_ASV_77
16S_ASV_558,18S_ASV_1079,green,0.597601102514088,1.46216652393161e-5,Vulcanococcus,16S_ASV_558,Rhizaria,18S_ASV_1079
16S_ASV_457,18S_ASV_70,green,0.597569990875225,1.46405405964398e-5,Luteolibacter,16S_ASV_457,Cryptophyta,18S_ASV_70
16S_ASV_435,18S_ASV_70,green,0.597346479062654,1.47768044382414e-5,Luteolibacter,16S_ASV_435,Cryptophyta,18S_ASV_70
16S_ASV_270,18S_ASV_157,green,0.59702127128268,1.49771497366182e-5,Luteolibacter,16S_ASV_270,Chlorophyta,18S_ASV_157
16S_ASV_598,18S_ASV_235,green,0.596696137773258,1.51799419229723e-5,Cyanobium,16S_ASV_598,Chlorophyta,18S_ASV_235
16S_ASV_558,18S_ASV_245,green,0.596308735920195,1.54248652126881e-5,Vulcanococcus,16S_ASV_558,Chlorophyta,18S_ASV_245
16S_ASV_544,18S_ASV_271,green,0.596264156430897,1.54532810127812e-5,Luteolibacter,16S_ASV_544,Stramenopiles,18S_ASV_271
16S_ASV_711,18S_ASV_69,green,0.59544184615892,1.59861398353382e-5,Luteolibacter,16S_ASV_711,Stramenopiles,18S_ASV_69
16S_ASV_682,18S_ASV_69,green,0.595179219975228,1.61598460783916e-5,Luteolibacter,16S_ASV_682,Stramenopiles,18S_ASV_69
16S_ASV_613,18S_ASV_30,green,0.595083194923848,1.6223790690039e-5,Luteolibacter,16S_ASV_613,Rhizaria,18S_ASV_30
16S_ASV_435,18S_ASV_1079,green,0.594841121100364,1.63860245198919e-5,Luteolibacter,16S_ASV_435,Rhizaria,18S_ASV_1079
16S_ASV_1174,18S_ASV_513,green,0.594784020935427,1.64245086839117e-5,Luteolibacter,16S_ASV_1174,Opisthokonta_Basidiomycota,18S_ASV_513
16S_ASV_435,18S_ASV_248,green,0.594331802236863,1.67322387545837e-5,Luteolibacter,16S_ASV_435,Stramenopiles,18S_ASV_248
16S_ASV_487,18S_ASV_1079,green,0.59385427468812,1.70629330190328e-5,Vulcanococcus,16S_ASV_487,Rhizaria,18S_ASV_1079
16S_ASV_1323,18S_ASV_177,green,0.593809970843039,1.7093916346928e-5,Terrimicrobium,16S_ASV_1323,Stramenopiles,18S_ASV_177
16S_ASV_613,18S_ASV_93,green,0.593365123677188,1.74078913733106e-5,Luteolibacter,16S_ASV_613,Chlorophyta,18S_ASV_93
16S_ASV_558,18S_ASV_530,green,0.592056570384415,1.83624352446061e-5,Vulcanococcus,16S_ASV_558,Streptophyta,18S_ASV_530
16S_ASV_457,18S_ASV_1079,green,0.591580945651446,1.8721130555989e-5,Luteolibacter,16S_ASV_457,Rhizaria,18S_ASV_1079
16S_ASV_540,18S_ASV_264,green,0.591357749715353,1.88916629729721e-5,Luteolibacter,16S_ASV_540,Stramenopiles,18S_ASV_264
16S_ASV_702,18S_ASV_513,green,0.591215546132187,1.90010558540284e-5,Luteolibacter,16S_ASV_702,Opisthokonta_Basidiomycota,18S_ASV_513
16S_ASV_327,18S_ASV_30,green,0.591159513900713,1.90443192207879e-5,Luteolibacter,16S_ASV_327,Rhizaria,18S_ASV_30
16S_ASV_580,18S_ASV_271,green,0.591098071758191,1.90918636001114e-5,Luteolibacter,16S_ASV_580,Stramenopiles,18S_ASV_271
16S_ASV_270,18S_ASV_181,green,0.590577964293314,1.94987133865631e-5,Luteolibacter,16S_ASV_270,Chlorophyta,18S_ASV_181
16S_ASV_327,18S_ASV_69,green,0.590220172626734,1.97831969358523e-5,Luteolibacter,16S_ASV_327,Stramenopiles,18S_ASV_69
16S_ASV_580,18S_ASV_196,green,0.589845738690407,2.00849883678388e-5,Luteolibacter,16S_ASV_580,Stramenopiles,18S_ASV_196
16S_ASV_702,18S_ASV_264,green,0.589645685539783,2.02479562660546e-5,Luteolibacter,16S_ASV_702,Stramenopiles,18S_ASV_264
16S_ASV_558,18S_ASV_630,green,0.58963615144846,2.0255753167543e-5,Vulcanococcus,16S_ASV_558,Chlorophyta,18S_ASV_630
16S_ASV_417,18S_ASV_264,green,0.589295381767868,2.05362477712681e-5,Luteolibacter,16S_ASV_417,Stramenopiles,18S_ASV_264
16S_ASV_645,18S_ASV_146,green,0.589255236224552,2.05695260499769e-5,NA,16S_ASV_645,Opisthokonta_Chytridiomycota,18S_ASV_146
16S_ASV_417,18S_ASV_70,green,0.588800113429302,2.09502722415153e-5,Luteolibacter,16S_ASV_417,Cryptophyta,18S_ASV_70
16S_ASV_598,18S_ASV_142,green,0.588497063279462,2.1207372897427e-5,Cyanobium,16S_ASV_598,Stramenopiles,18S_ASV_142
16S_ASV_558,18S_ASV_45,green,0.588366860842053,2.13187201033647e-5,Vulcanococcus,16S_ASV_558,Opisthokonta_Chytridiomycota,18S_ASV_45
16S_ASV_434,18S_ASV_417,green,0.587864721628301,2.1753184378379e-5,Candidatus-Planktophila,16S_ASV_434,NA,18S_ASV_417
16S_ASV_540,18S_ASV_245,green,0.587731673797158,2.18696544000535e-5,Luteolibacter,16S_ASV_540,Chlorophyta,18S_ASV_245
16S_ASV_598,18S_ASV_91,green,0.58766961942513,2.19241721802066e-5,Cyanobium,16S_ASV_598,Cryptophyta,18S_ASV_91
16S_ASV_327,18S_ASV_245,green,0.587107396899217,2.24238247136443e-5,Luteolibacter,16S_ASV_327,Chlorophyta,18S_ASV_245
16S_ASV_840,18S_ASV_235,green,0.587088770696828,2.24405553523178e-5,Luteolibacter,16S_ASV_840,Chlorophyta,18S_ASV_235
16S_ASV_434,18S_ASV_264,green,0.586941311958661,2.25734121343487e-5,Candidatus-Planktophila,16S_ASV_434,Stramenopiles,18S_ASV_264
16S_ASV_1174,18S_ASV_444,green,0.586813367425166,2.26892712871639e-5,Luteolibacter,16S_ASV_1174,Opisthokonta_Choanoflagellatea,18S_ASV_444
16S_ASV_682,18S_ASV_196,green,0.586096087733696,2.33489608924841e-5,Luteolibacter,16S_ASV_682,Stramenopiles,18S_ASV_196
16S_ASV_435,18S_ASV_69,green,0.586064735650687,2.33781930035923e-5,Luteolibacter,16S_ASV_435,Stramenopiles,18S_ASV_69
16S_ASV_840,18S_ASV_93,green,0.585982367271703,2.34551517845158e-5,Luteolibacter,16S_ASV_840,Chlorophyta,18S_ASV_93
16S_ASV_544,18S_ASV_69,green,0.585979783052205,2.34575700385688e-5,Luteolibacter,16S_ASV_544,Stramenopiles,18S_ASV_69
16S_ASV_1174,18S_ASV_235,green,0.585536587288653,2.38757014997975e-5,Luteolibacter,16S_ASV_1174,Chlorophyta,18S_ASV_235
16S_ASV_890,18S_ASV_181,green,0.585491149187064,2.39189539565855e-5,Vulcanococcus,16S_ASV_890,Chlorophyta,18S_ASV_181
16S_ASV_598,18S_ASV_630,green,0.58538870100217,2.40167379955338e-5,Cyanobium,16S_ASV_598,Chlorophyta,18S_ASV_630
16S_ASV_417,18S_ASV_30,green,0.584972564179328,2.44177099604855e-5,Luteolibacter,16S_ASV_417,Rhizaria,18S_ASV_30
16S_ASV_327,18S_ASV_70,green,0.584907331108656,2.44811194566864e-5,Luteolibacter,16S_ASV_327,Cryptophyta,18S_ASV_70
16S_ASV_840,18S_ASV_30,green,0.584678815788717,2.47044394811605e-5,Luteolibacter,16S_ASV_840,Rhizaria,18S_ASV_30
16S_ASV_580,18S_ASV_69,green,0.584599776038344,2.47821159948562e-5,Luteolibacter,16S_ASV_580,Stramenopiles,18S_ASV_69
16S_ASV_541,18S_ASV_69,green,0.5843817043287,2.4997589242713e-5,Luteolibacter,16S_ASV_541,Stramenopiles,18S_ASV_69
16S_ASV_177,18S_ASV_518,green,0.584307564953967,2.50712355671371e-5,Luteolibacter,16S_ASV_177,Chlorophyta,18S_ASV_518
16S_ASV_645,18S_ASV_262,green,0.584215238630831,2.51632259958625e-5,NA,16S_ASV_645,Chlorophyta,18S_ASV_262
16S_ASV_435,18S_ASV_196,green,0.583476749043053,2.5910241838274e-5,Luteolibacter,16S_ASV_435,Stramenopiles,18S_ASV_196
16S_ASV_702,18S_ASV_245,green,0.582992638955422,2.64109149614761e-5,Luteolibacter,16S_ASV_702,Chlorophyta,18S_ASV_245
16S_ASV_270,18S_ASV_444,green,0.582794826662989,2.6618035134102e-5,Luteolibacter,16S_ASV_270,Opisthokonta_Choanoflagellatea,18S_ASV_444
16S_ASV_558,18S_ASV_231,green,0.582631056601678,2.67906366304375e-5,Vulcanococcus,16S_ASV_558,Chlorophyta,18S_ASV_231
16S_ASV_580,18S_ASV_70,green,0.582468513242226,2.69629590515883e-5,Luteolibacter,16S_ASV_580,Cryptophyta,18S_ASV_70
16S_ASV_417,18S_ASV_262,green,0.582288414492533,2.71550790459952e-5,Luteolibacter,16S_ASV_417,Chlorophyta,18S_ASV_262
16S_ASV_598,18S_ASV_445,green,0.582098773713012,2.73587334143236e-5,Cyanobium,16S_ASV_598,Chlorophyta,18S_ASV_445
16S_ASV_1002,18S_ASV_30,green,0.58134307963802,2.81842497147834e-5,Luteolibacter,16S_ASV_1002,Rhizaria,18S_ASV_30
16S_ASV_270,18S_ASV_6,green,0.581333301673092,2.81950791097145e-5,Luteolibacter,16S_ASV_270,Haptophyta,18S_ASV_6
16S_ASV_711,18S_ASV_227,green,0.58126547131606,2.82703083355862e-5,Luteolibacter,16S_ASV_711,Opisthokonta_Chytridiomycota,18S_ASV_227
16S_ASV_435,18S_ASV_264,green,0.580454039033863,2.91846241091651e-5,Luteolibacter,16S_ASV_435,Stramenopiles,18S_ASV_264
16S_ASV_558,18S_ASV_513,green,0.579956880823323,2.97581214487362e-5,Vulcanococcus,16S_ASV_558,Opisthokonta_Basidiomycota,18S_ASV_513
16S_ASV_558,18S_ASV_264,green,0.579462061036121,3.03391555975909e-5,Vulcanococcus,16S_ASV_558,Stramenopiles,18S_ASV_264
16S_ASV_558,18S_ASV_77,green,0.579107536732134,3.07618200270815e-5,Vulcanococcus,16S_ASV_558,Opisthokonta_Chytridiomycota,18S_ASV_77
16S_ASV_840,18S_ASV_34,green,0.57909909987535,3.07719438423312e-5,Luteolibacter,16S_ASV_840,Stramenopiles,18S_ASV_34
16S_ASV_598,18S_ASV_70,green,0.57829795433999,3.1747301782872203e-05,Cyanobium,16S_ASV_598,Cryptophyta,18S_ASV_70
16S_ASV_177,18S_ASV_50,green,0.578162685995072,3.19147512401962e-5,Luteolibacter,16S_ASV_177,Rhizaria,18S_ASV_50
16S_ASV_417,18S_ASV_196,green,0.578017839400388,3.20949541260446e-5,Luteolibacter,16S_ASV_417,Stramenopiles,18S_ASV_196
16S_ASV_487,18S_ASV_530,green,0.577844571181141,3.23117399687799e-5,Vulcanococcus,16S_ASV_487,Streptophyta,18S_ASV_530
16S_ASV_544,18S_ASV_34,green,0.577688152635628,3.2508594989928e-5,Luteolibacter,16S_ASV_544,Stramenopiles,18S_ASV_34
16S_ASV_487,18S_ASV_513,green,0.577505893832473,3.27393553653052e-5,Vulcanococcus,16S_ASV_487,Opisthokonta_Basidiomycota,18S_ASV_513
16S_ASV_1174,18S_ASV_93,green,0.577270894952183,3.30391043491101e-5,Luteolibacter,16S_ASV_1174,Chlorophyta,18S_ASV_93
16S_ASV_558,18S_ASV_75,green,0.576836429094444,3.35999066090824e-5,Vulcanococcus,16S_ASV_558,Stramenopiles,18S_ASV_75
16S_ASV_711,18S_ASV_245,green,0.576750169013211,3.37122814886719e-5,Luteolibacter,16S_ASV_711,Chlorophyta,18S_ASV_245
16S_ASV_434,18S_ASV_542,green,0.576274491543862,3.43381724304347e-5,Candidatus-Planktophila,16S_ASV_434,Stramenopiles,18S_ASV_542
16S_ASV_327,18S_ASV_217,green,0.576204051222654,3.4431755957164e-5,Luteolibacter,16S_ASV_327,Stramenopiles,18S_ASV_217
16S_ASV_711,18S_ASV_337,green,0.576153070400284,3.44996321327251e-5,Luteolibacter,16S_ASV_711,Apusomonada,18S_ASV_337
16S_ASV_417,18S_ASV_129,green,0.575646368394929,3.51809483584257e-5,Luteolibacter,16S_ASV_417,Streptophyta,18S_ASV_129
16S_ASV_270,18S_ASV_177,green,0.575508688283297,3.53681903201801e-5,Luteolibacter,16S_ASV_270,Stramenopiles,18S_ASV_177
16S_ASV_544,18S_ASV_70,green,0.575399801779519,3.55169190746848e-5,Luteolibacter,16S_ASV_544,Cryptophyta,18S_ASV_70
16S_ASV_544,18S_ASV_30,green,0.575313717342335,3.56349072901767e-5,Luteolibacter,16S_ASV_544,Rhizaria,18S_ASV_30
16S_ASV_711,18S_ASV_70,green,0.575265980990453,3.57004897481581e-5,Luteolibacter,16S_ASV_711,Cryptophyta,18S_ASV_70
16S_ASV_541,18S_ASV_34,green,0.574768807708301,3.63901271030237e-5,Luteolibacter,16S_ASV_541,Stramenopiles,18S_ASV_34
16S_ASV_540,18S_ASV_444,green,0.574737044998345,3.64345973101155e-5,Luteolibacter,16S_ASV_540,Opisthokonta_Choanoflagellatea,18S_ASV_444
16S_ASV_487,18S_ASV_50,green,0.574213599436355,3.71746609927892e-5,Vulcanococcus,16S_ASV_487,Rhizaria,18S_ASV_50
16S_ASV_541,18S_ASV_30,green,0.574206786958676,3.71843827158321e-5,Luteolibacter,16S_ASV_541,Rhizaria,18S_ASV_30
16S_ASV_645,18S_ASV_231,green,0.57380969651681,3.77550858115729e-5,NA,16S_ASV_645,Chlorophyta,18S_ASV_231
16S_ASV_544,18S_ASV_245,green,0.573749617506085,3.78421267318435e-5,Luteolibacter,16S_ASV_544,Chlorophyta,18S_ASV_245
16S_ASV_435,18S_ASV_262,green,0.573226750553922,3.86074317429315e-5,Luteolibacter,16S_ASV_435,Chlorophyta,18S_ASV_262
16S_ASV_327,18S_ASV_1079,green,0.573016842824284,3.89186310314165e-5,Luteolibacter,16S_ASV_327,Rhizaria,18S_ASV_1079
16S_ASV_598,18S_ASV_93,green,0.572689003519241,3.9409263784243e-5,Cyanobium,16S_ASV_598,Chlorophyta,18S_ASV_93
16S_ASV_840,18S_ASV_444,green,0.571266878228756,4.16037646383972e-5,Luteolibacter,16S_ASV_840,Opisthokonta_Choanoflagellatea,18S_ASV_444
16S_ASV_540,18S_ASV_513,green,0.571182820302056,4.17369085403351e-5,Luteolibacter,16S_ASV_540,Opisthokonta_Basidiomycota,18S_ASV_513
16S_ASV_177,18S_ASV_30,green,0.571063329431842,4.19268473665731e-5,Luteolibacter,16S_ASV_177,Rhizaria,18S_ASV_30
16S_ASV_457,18S_ASV_217,green,0.570722387792247,4.2473151122263e-5,Luteolibacter,16S_ASV_457,Stramenopiles,18S_ASV_217
16S_ASV_613,18S_ASV_77,green,0.570560272640686,4.27351910454278e-5,Luteolibacter,16S_ASV_613,Opisthokonta_Chytridiomycota,18S_ASV_77
16S_ASV_1323,18S_ASV_50,green,0.570225570567796,4.32808800111171e-5,Terrimicrobium,16S_ASV_1323,Rhizaria,18S_ASV_50
16S_ASV_417,18S_ASV_245,green,0.569868949997666,4.38693090099907e-5,Luteolibacter,16S_ASV_417,Chlorophyta,18S_ASV_245
16S_ASV_598,18S_ASV_1079,green,0.569690388295095,4.41666781544073e-5,Cyanobium,16S_ASV_598,Rhizaria,18S_ASV_1079
16S_ASV_840,18S_ASV_271,green,0.569582158972733,4.43478145721352e-5,Luteolibacter,16S_ASV_840,Stramenopiles,18S_ASV_271
16S_ASV_890,18S_ASV_231,green,0.569132365415202,4.51079048403448e-5,Vulcanococcus,16S_ASV_890,Chlorophyta,18S_ASV_231
16S_ASV_544,18S_ASV_146,green,0.568942801569883,4.54317944465893e-5,Luteolibacter,16S_ASV_544,Opisthokonta_Chytridiomycota,18S_ASV_146
16S_ASV_840,18S_ASV_513,green,0.568852665433161,4.55865459767928e-5,Luteolibacter,16S_ASV_840,Opisthokonta_Basidiomycota,18S_ASV_513
16S_ASV_645,18S_ASV_13,green,0.568768034931894,4.57322835245485e-5,NA,16S_ASV_645,Stramenopiles,18S_ASV_13
16S_ASV_457,18S_ASV_34,green,0.568747000455845,4.57685718627212e-5,Luteolibacter,16S_ASV_457,Stramenopiles,18S_ASV_34
16S_ASV_682,18S_ASV_70,green,0.568731131988193,4.57959653028935e-5,Luteolibacter,16S_ASV_682,Cryptophyta,18S_ASV_70
16S_ASV_1002,18S_ASV_274,green,0.56858742639878,4.60447248752795e-5,Luteolibacter,16S_ASV_1002,Opisthokonta_Choanoflagellatea,18S_ASV_274
16S_ASV_417,18S_ASV_271,green,0.568525211463118,4.61528037914958e-5,Luteolibacter,16S_ASV_417,Stramenopiles,18S_ASV_271
16S_ASV_417,18S_ASV_69,green,0.568340527012407,4.64750023520277e-5,Luteolibacter,16S_ASV_417,Stramenopiles,18S_ASV_69
16S_ASV_1174,18S_ASV_77,green,0.568127360869494,4.6849444953194e-5,Luteolibacter,16S_ASV_1174,Opisthokonta_Chytridiomycota,18S_ASV_77
16S_ASV_541,18S_ASV_146,green,0.568066379016489,4.69570703199493e-5,Luteolibacter,16S_ASV_541,Opisthokonta_Chytridiomycota,18S_ASV_146
16S_ASV_613,18S_ASV_438,green,0.5678017230072,4.74267786147078e-5,Luteolibacter,16S_ASV_613,Stramenopiles,18S_ASV_438
16S_ASV_327,18S_ASV_34,green,0.567527113993407,4.79186872477666e-5,Luteolibacter,16S_ASV_327,Stramenopiles,18S_ASV_34
16S_ASV_1002,18S_ASV_444,green,0.567206107069491,4.84996171519536e-5,Luteolibacter,16S_ASV_1002,Opisthokonta_Choanoflagellatea,18S_ASV_444
16S_ASV_1174,18S_ASV_271,green,0.567101972426112,4.86894488010859e-5,Luteolibacter,16S_ASV_1174,Stramenopiles,18S_ASV_271
16S_ASV_544,18S_ASV_227,green,0.567008296789243,4.8860794106287e-5,Luteolibacter,16S_ASV_544,Opisthokonta_Chytridiomycota,18S_ASV_227
16S_ASV_378,18S_ASV_146,green,0.566945687659823,4.89756216108774e-5,Luteolibacter,16S_ASV_378,Opisthokonta_Chytridiomycota,18S_ASV_146
16S_ASV_541,18S_ASV_142,green,0.566596162901232,4.96212064916178e-5,Luteolibacter,16S_ASV_541,Stramenopiles,18S_ASV_142
16S_ASV_702,18S_ASV_235,green,0.566420111603093,4.9949315585961e-5,Luteolibacter,16S_ASV_702,Chlorophyta,18S_ASV_235
16S_ASV_434,18S_ASV_271,green,0.566131578705937,5.04913471706256e-5,Candidatus-Planktophila,16S_ASV_434,Stramenopiles,18S_ASV_271
16S_ASV_682,18S_ASV_1112,green,0.565369297515166,5.19493062728945e-5,Luteolibacter,16S_ASV_682,Stramenopiles,18S_ASV_1112
16S_ASV_540,18S_ASV_235,green,0.564621378502642,5.34170739881827e-5,Luteolibacter,16S_ASV_540,Chlorophyta,18S_ASV_235
16S_ASV_711,18S_ASV_513,green,0.564294229575808,5.40709206520664e-5,Luteolibacter,16S_ASV_711,Opisthokonta_Basidiomycota,18S_ASV_513
16S_ASV_645,18S_ASV_444,green,0.564198815338986,5.42629895865833e-5,NA,16S_ASV_645,Opisthokonta_Choanoflagellatea,18S_ASV_444
16S_ASV_270,18S_ASV_445,green,0.564087038383223,5.44887890951018e-5,Luteolibacter,16S_ASV_270,Chlorophyta,18S_ASV_445
16S_ASV_613,18S_ASV_34,green,0.563843960138055,5.49827939293057e-5,Luteolibacter,16S_ASV_613,Stramenopiles,18S_ASV_34
16S_ASV_541,18S_ASV_217,green,0.563598858201527,5.54850494660868e-5,Luteolibacter,16S_ASV_541,Stramenopiles,18S_ASV_217
16S_ASV_435,18S_ASV_694,green,0.56327053215864,5.61644105112942e-5,Luteolibacter,16S_ASV_435,Opisthokonta_Choanoflagellatea,18S_ASV_694
16S_ASV_544,18S_ASV_217,green,0.563172066380051,5.63696279787446e-5,Luteolibacter,16S_ASV_544,Stramenopiles,18S_ASV_217
16S_ASV_177,18S_ASV_235,green,0.563073456059396,5.6575832634826e-5,Luteolibacter,16S_ASV_177,Chlorophyta,18S_ASV_235
16S_ASV_1174,18S_ASV_290,green,0.562640707686034,5.74889236415505e-5,Luteolibacter,16S_ASV_1174,Stramenopiles,18S_ASV_290
16S_ASV_1002,18S_ASV_262,green,0.562563137636763,5.76540098602367e-5,Luteolibacter,16S_ASV_1002,Chlorophyta,18S_ASV_262
16S_ASV_434,18S_ASV_6,green,0.562268197574853,5.82856665231888e-5,Candidatus-Planktophila,16S_ASV_434,Haptophyta,18S_ASV_6
16S_ASV_682,18S_ASV_264,green,0.56148741744707,5.99884397542971e-5,Luteolibacter,16S_ASV_682,Stramenopiles,18S_ASV_264
16S_ASV_613,18S_ASV_444,green,0.561246503464387,6.05229331145673e-5,Luteolibacter,16S_ASV_613,Opisthokonta_Choanoflagellatea,18S_ASV_444
16S_ASV_327,18S_ASV_227,green,0.561082616963567,6.08890130761882e-5,Luteolibacter,16S_ASV_327,Opisthokonta_Chytridiomycota,18S_ASV_227
16S_ASV_457,18S_ASV_694,green,0.561040355116888,6.09837422746333e-5,Luteolibacter,16S_ASV_457,Opisthokonta_Choanoflagellatea,18S_ASV_694
16S_ASV_711,18S_ASV_235,green,0.560259300389362,6.27588539716083e-5,Luteolibacter,16S_ASV_711,Chlorophyta,18S_ASV_235
16S_ASV_435,18S_ASV_129,green,0.560092768791544,6.31433773907406e-5,Luteolibacter,16S_ASV_435,Streptophyta,18S_ASV_129
16S_ASV_702,18S_ASV_444,green,0.558784012986376,6.62409681791736e-5,Luteolibacter,16S_ASV_702,Opisthokonta_Choanoflagellatea,18S_ASV_444
16S_ASV_378,18S_ASV_30,green,0.557651600974972,6.90323716407354e-5,Luteolibacter,16S_ASV_378,Rhizaria,18S_ASV_30
16S_ASV_541,18S_ASV_235,green,0.557386913160192,6.97001074088261e-5,Luteolibacter,16S_ASV_541,Chlorophyta,18S_ASV_235
16S_ASV_711,18S_ASV_5,green,0.557116715054342,7.03878147900989e-5,Luteolibacter,16S_ASV_711,Cryptophyta,18S_ASV_5
16S_ASV_598,18S_ASV_245,green,0.556857611671625,7.1053090008726e-5,Cyanobium,16S_ASV_598,Chlorophyta,18S_ASV_245
16S_ASV_541,18S_ASV_513,green,0.55652827522731,7.1906970499765e-5,Luteolibacter,16S_ASV_541,Opisthokonta_Basidiomycota,18S_ASV_513
16S_ASV_435,18S_ASV_245,green,0.556473144246741,7.20508210376038e-5,Luteolibacter,16S_ASV_435,Chlorophyta,18S_ASV_245
16S_ASV_540,18S_ASV_290,green,0.556362443919319,7.23404586081586e-5,Luteolibacter,16S_ASV_540,Stramenopiles,18S_ASV_290
16S_ASV_270,18S_ASV_518,green,0.556292786264863,7.25232554238962e-5,Luteolibacter,16S_ASV_270,Chlorophyta,18S_ASV_518
16S_ASV_327,18S_ASV_694,green,0.555804097476301,7.38175688187346e-5,Luteolibacter,16S_ASV_327,Opisthokonta_Choanoflagellatea,18S_ASV_694
16S_ASV_177,18S_ASV_245,green,0.555577666228707,7.44243913844082e-5,Luteolibacter,16S_ASV_177,Chlorophyta,18S_ASV_245
16S_ASV_457,18S_ASV_146,green,0.555379691339009,7.49586750027804e-5,Luteolibacter,16S_ASV_457,Opisthokonta_Chytridiomycota,18S_ASV_146
16S_ASV_457,18S_ASV_227,green,0.555219129210985,7.53945562930853e-5,Luteolibacter,16S_ASV_457,Opisthokonta_Chytridiomycota,18S_ASV_227
16S_ASV_544,18S_ASV_694,green,0.554565979274894,7.71915948648511e-5,Luteolibacter,16S_ASV_544,Opisthokonta_Choanoflagellatea,18S_ASV_694
16S_ASV_598,18S_ASV_69,green,0.553953973772025,7.89107693831964e-5,Cyanobium,16S_ASV_598,Stramenopiles,18S_ASV_69
16S_ASV_702,18S_ASV_77,green,0.553868567259282,7.91534380748429e-5,Luteolibacter,16S_ASV_702,Opisthokonta_Chytridiomycota,18S_ASV_77
16S_ASV_177,18S_ASV_129,green,0.553858188116605,7.91829750152323e-5,Luteolibacter,16S_ASV_177,Streptophyta,18S_ASV_129
16S_ASV_487,18S_ASV_217,green,0.553833593352096,7.92530068440874e-5,Vulcanococcus,16S_ASV_487,Stramenopiles,18S_ASV_217
16S_ASV_270,18S_ASV_50,green,0.553636952316449,7.98149610172899e-5,Luteolibacter,16S_ASV_270,Rhizaria,18S_ASV_50
16S_ASV_378,18S_ASV_93,green,0.553334196523726,8.0687267983217e-5,Luteolibacter,16S_ASV_378,Chlorophyta,18S_ASV_93
16S_ASV_1002,18S_ASV_438,green,0.552851387699018,8.20963342900591e-5,Luteolibacter,16S_ASV_1002,Stramenopiles,18S_ASV_438
16S_ASV_1002,18S_ASV_77,green,0.552812483655686,8.2210845132725e-5,Luteolibacter,16S_ASV_1002,Opisthokonta_Chytridiomycota,18S_ASV_77
16S_ASV_435,18S_ASV_235,green,0.552522070348586,8.30702611150399e-5,Luteolibacter,16S_ASV_435,Chlorophyta,18S_ASV_235
16S_ASV_1002,18S_ASV_34,green,0.551800330396855,8.52416585609308e-5,Luteolibacter,16S_ASV_1002,Stramenopiles,18S_ASV_34
16S_ASV_580,18S_ASV_30,green,0.551792190501658,8.52664400264003e-5,Luteolibacter,16S_ASV_580,Rhizaria,18S_ASV_30
16S_ASV_544,18S_ASV_1079,green,0.551481548569252,8.62170906548298e-5,Luteolibacter,16S_ASV_544,Rhizaria,18S_ASV_1079
16S_ASV_417,18S_ASV_235,green,0.551158906455628,8.72146765027126e-5,Luteolibacter,16S_ASV_417,Chlorophyta,18S_ASV_235
16S_ASV_702,18S_ASV_290,green,0.551143660080955,8.72620762580395e-5,Luteolibacter,16S_ASV_702,Stramenopiles,18S_ASV_290
16S_ASV_327,18S_ASV_146,green,0.550767375436076,8.84393757055391e-5,Luteolibacter,16S_ASV_327,Opisthokonta_Chytridiomycota,18S_ASV_146
16S_ASV_457,18S_ASV_1112,green,0.550741048089828,8.85222862579783e-5,Luteolibacter,16S_ASV_457,Stramenopiles,18S_ASV_1112
16S_ASV_558,18S_ASV_81,green,0.550594891793499,8.89838529079734e-5,Vulcanococcus,16S_ASV_558,Cryptophyta,18S_ASV_81
16S_ASV_378,18S_ASV_69,green,0.550296770441066,8.9932131605789e-5,Luteolibacter,16S_ASV_378,Stramenopiles,18S_ASV_69
16S_ASV_1002,18S_ASV_45,green,0.550251253452636,9.00777212073707e-5,Luteolibacter,16S_ASV_1002,Opisthokonta_Chytridiomycota,18S_ASV_45
16S_ASV_613,18S_ASV_513,green,0.550123186565912,9.04885051897387e-5,Luteolibacter,16S_ASV_613,Opisthokonta_Basidiomycota,18S_ASV_513
16S_ASV_840,18S_ASV_530,green,0.549914205251512,9.11624922811181e-5,Luteolibacter,16S_ASV_840,Streptophyta,18S_ASV_530
16S_ASV_840,18S_ASV_438,green,0.549543365497298,9.23697521760752e-5,Luteolibacter,16S_ASV_840,Stramenopiles,18S_ASV_438
16S_ASV_177,18S_ASV_415,green,0.549504515000095,9.24970676765085e-5,Luteolibacter,16S_ASV_177,Stramenopiles,18S_ASV_415
16S_ASV_598,18S_ASV_196,green,0.54926275104426,9.32929402992882e-5,Cyanobium,16S_ASV_598,Stramenopiles,18S_ASV_196
16S_ASV_1323,18S_ASV_530,green,0.548909663643867,9.44664874892755e-5,Terrimicrobium,16S_ASV_1323,Streptophyta,18S_ASV_530
16S_ASV_702,18S_ASV_1079,green,0.548860516182682,9.46308987198996e-5,Luteolibacter,16S_ASV_702,Rhizaria,18S_ASV_1079
16S_ASV_613,18S_ASV_274,green,0.548165844207088,9.69827889969497e-5,Luteolibacter,16S_ASV_613,Opisthokonta_Choanoflagellatea,18S_ASV_274
16S_ASV_457,18S_ASV_235,green,0.548143449009807,9.70594880059257e-5,Luteolibacter,16S_ASV_457,Chlorophyta,18S_ASV_235
16S_ASV_613,18S_ASV_235,green,0.547273733730447,1.0008113443602e-4,Luteolibacter,16S_ASV_613,Chlorophyta,18S_ASV_235
16S_ASV_327,18S_ASV_513,green,0.547230061676113,1.002350970538e-4,Luteolibacter,16S_ASV_327,Opisthokonta_Basidiomycota,18S_ASV_513
16S_ASV_487,18S_ASV_81,green,0.546639885315797,1.0233696471691e-4,Vulcanococcus,16S_ASV_487,Cryptophyta,18S_ASV_81
16S_ASV_613,18S_ASV_290,green,0.54580217688238,1.053892896965e-4,Luteolibacter,16S_ASV_613,Stramenopiles,18S_ASV_290
16S_ASV_435,18S_ASV_77,green,0.545717563435337,1.0570215209495e-4,Luteolibacter,16S_ASV_435,Opisthokonta_Chytridiomycota,18S_ASV_77
16S_ASV_613,18S_ASV_530,green,0.545682935445469,1.0583043424946e-4,Luteolibacter,16S_ASV_613,Streptophyta,18S_ASV_530
16S_ASV_434,18S_ASV_69,green,0.545558686356644,1.0629189151138e-4,Candidatus-Planktophila,16S_ASV_434,Stramenopiles,18S_ASV_69
16S_ASV_682,18S_ASV_142,green,0.545503150381505,1.0649874165496e-4,Luteolibacter,16S_ASV_682,Stramenopiles,18S_ASV_142
16S_ASV_1323,18S_ASV_1079,green,0.545067172278987,1.0813535631842e-4,Terrimicrobium,16S_ASV_1323,Rhizaria,18S_ASV_1079
16S_ASV_177,18S_ASV_77,green,0.544914318262587,1.0871454769867e-4,Luteolibacter,16S_ASV_177,Opisthokonta_Chytridiomycota,18S_ASV_77
16S_ASV_645,18S_ASV_630,green,0.544785294892555,1.0920563486866e-4,NA,16S_ASV_645,Chlorophyta,18S_ASV_630
16S_ASV_544,18S_ASV_1112,green,0.54408778116737,1.1189561295587e-4,Luteolibacter,16S_ASV_544,Stramenopiles,18S_ASV_1112
16S_ASV_645,18S_ASV_142,green,0.544006254941397,0.00011221392195155001,NA,16S_ASV_645,Stramenopiles,18S_ASV_142
16S_ASV_434,18S_ASV_72,green,0.543814105825345,1.1296740403555e-4,Candidatus-Planktophila,16S_ASV_434,Stramenopiles,18S_ASV_72
16S_ASV_417,18S_ASV_77,green,0.54306733093442106,1.1593964778856e-4,Luteolibacter,16S_ASV_417,Opisthokonta_Chytridiomycota,18S_ASV_77
16S_ASV_682,18S_ASV_346,green,0.542598612544995,1.1784133124089e-4,Luteolibacter,16S_ASV_682,Streptophyta,18S_ASV_346
16S_ASV_540,18S_ASV_77,green,0.542164241268203,1.1962892972654e-4,Luteolibacter,16S_ASV_540,Opisthokonta_Chytridiomycota,18S_ASV_77
16S_ASV_378,18S_ASV_34,green,0.542016252290053,1.2024356544932e-4,Luteolibacter,16S_ASV_378,Stramenopiles,18S_ASV_34
16S_ASV_541,18S_ASV_93,green,0.542006976988691,1.2028218354191e-4,Luteolibacter,16S_ASV_541,Chlorophyta,18S_ASV_93
16S_ASV_1174,18S_ASV_45,green,0.539966058694657,1.2905904119645e-4,Luteolibacter,16S_ASV_1174,Opisthokonta_Chytridiomycota,18S_ASV_45
16S_ASV_598,18S_ASV_208,green,0.539915669144704,1.2928291484789e-4,Cyanobium,16S_ASV_598,Cryptophyta,18S_ASV_208
16S_ASV_890,18S_ASV_146,green,0.539666053598909,1.3039713285109e-4,Vulcanococcus,16S_ASV_890,Opisthokonta_Chytridiomycota,18S_ASV_146
16S_ASV_270,18S_ASV_30,green,0.539353662836335,1.3180385038321e-4,Luteolibacter,16S_ASV_270,Rhizaria,18S_ASV_30
16S_ASV_1323,18S_ASV_271,green,0.539333539611107,1.3189493752199e-4,Terrimicrobium,16S_ASV_1323,Stramenopiles,18S_ASV_271
16S_ASV_378,18S_ASV_1079,green,0.539322455940535,1.3194513182083e-4,Luteolibacter,16S_ASV_378,Rhizaria,18S_ASV_1079
16S_ASV_711,18S_ASV_591,green,0.539308487153793,1.320084165759e-4,Luteolibacter,16S_ASV_711,Alveolata,18S_ASV_591
16S_ASV_270,18S_ASV_245,green,0.539275962341883,1.321558751457e-4,Luteolibacter,16S_ASV_270,Chlorophyta,18S_ASV_245
16S_ASV_890,18S_ASV_69,green,0.538567367717964,1.3540581609871e-4,Vulcanococcus,16S_ASV_890,Stramenopiles,18S_ASV_69
16S_ASV_434,18S_ASV_181,green,0.538318429559605,1.3656467822957e-4,Candidatus-Planktophila,16S_ASV_434,Chlorophyta,18S_ASV_181
16S_ASV_457,18S_ASV_183,green,0.538075616558688,1.3770369637961e-4,Luteolibacter,16S_ASV_457,Opisthokonta_Chytridiomycota,18S_ASV_183
16S_ASV_487,18S_ASV_370,green,0.537954090564253,1.382769991998e-4,Vulcanococcus,16S_ASV_487,Opisthokonta_Ascomycota,18S_ASV_370
16S_ASV_558,18S_ASV_217,green,0.537855846450754,1.3874205237685e-4,Vulcanococcus,16S_ASV_558,Stramenopiles,18S_ASV_217
16S_ASV_682,18S_ASV_245,green,0.537541129200545,1.4024139162412e-4,Luteolibacter,16S_ASV_682,Chlorophyta,18S_ASV_245
16S_ASV_645,18S_ASV_50,green,0.537198555971732,1.4189014948599e-4,NA,16S_ASV_645,Rhizaria,18S_ASV_50
16S_ASV_711,18S_ASV_52,green,0.536767482542233,1.4398984551387e-4,Luteolibacter,16S_ASV_711,Opisthokonta_Zoopagomycota,18S_ASV_52
16S_ASV_711,18S_ASV_146,green,0.536371717725739,1.4594235267193e-4,Luteolibacter,16S_ASV_711,Opisthokonta_Chytridiomycota,18S_ASV_146
16S_ASV_702,18S_ASV_217,green,0.535924020478697,1.4818001686798e-4,Luteolibacter,16S_ASV_702,Stramenopiles,18S_ASV_217
16S_ASV_1002,18S_ASV_547,green,0.535861385488735,1.484955476504e-4,Luteolibacter,16S_ASV_1002,Stramenopiles,18S_ASV_547
16S_ASV_177,18S_ASV_70,green,0.535679344279322,1.4941606551557e-4,Luteolibacter,16S_ASV_177,Cryptophyta,18S_ASV_70
16S_ASV_544,18S_ASV_513,green,0.53540475172235,1.5081438317612e-4,Luteolibacter,16S_ASV_544,Opisthokonta_Basidiomycota,18S_ASV_513
16S_ASV_435,18S_ASV_444,green,0.534645920289159,1.5474058652312e-4,Luteolibacter,16S_ASV_435,Opisthokonta_Choanoflagellatea,18S_ASV_444
16S_ASV_457,18S_ASV_93,green,0.534371853768029,1.5618125188509e-4,Luteolibacter,16S_ASV_457,Chlorophyta,18S_ASV_93
16S_ASV_613,18S_ASV_271,green,0.534269437886201,1.5672272990407e-4,Luteolibacter,16S_ASV_613,Stramenopiles,18S_ASV_271
16S_ASV_1174,18S_ASV_694,green,0.534248997070959,1.5683100522145e-4,Luteolibacter,16S_ASV_1174,Opisthokonta_Choanoflagellatea,18S_ASV_694
16S_ASV_711,18S_ASV_271,green,0.53420072332315,1.570869814713e-4,Luteolibacter,16S_ASV_711,Stramenopiles,18S_ASV_271
16S_ASV_434,18S_ASV_142,green,0.534155575125012,1.5732672716601e-4,Candidatus-Planktophila,16S_ASV_434,Stramenopiles,18S_ASV_142
16S_ASV_598,18S_ASV_750,green,0.533678520213058,1.5988034411049e-4,Cyanobium,16S_ASV_598,Rhizaria,18S_ASV_750
16S_ASV_1002,18S_ASV_235,green,0.533643519066856,1.6006917339519e-4,Luteolibacter,16S_ASV_1002,Chlorophyta,18S_ASV_235
16S_ASV_177,18S_ASV_248,green,0.533581533077078,1.6040408092063e-4,Luteolibacter,16S_ASV_177,Stramenopiles,18S_ASV_248
16S_ASV_270,18S_ASV_290,green,0.533496630286077,1.608638385075e-4,Luteolibacter,16S_ASV_270,Stramenopiles,18S_ASV_290
16S_ASV_711,18S_ASV_417,green,0.533223206365987,1.6235259330748e-4,Luteolibacter,16S_ASV_711,NA,18S_ASV_417
16S_ASV_541,18S_ASV_438,green,0.532949247146897,1.6385678633301e-4,Luteolibacter,16S_ASV_541,Stramenopiles,18S_ASV_438
16S_ASV_711,18S_ASV_290,green,0.532495365595044,1.663766960421e-4,Luteolibacter,16S_ASV_711,Stramenopiles,18S_ASV_290
16S_ASV_840,18S_ASV_694,green,0.532465050103796,1.6654625046353e-4,Luteolibacter,16S_ASV_840,Opisthokonta_Choanoflagellatea,18S_ASV_694
16S_ASV_1002,18S_ASV_312,green,0.5320235454566,1.6903340846335e-4,Luteolibacter,16S_ASV_1002,Stramenopiles,18S_ASV_312
16S_ASV_711,18S_ASV_34,green,0.531962102843251,1.6938219424189e-4,Luteolibacter,16S_ASV_711,Stramenopiles,18S_ASV_34
16S_ASV_890,18S_ASV_77,green,0.531276851133676,1.7331656840603e-4,Vulcanococcus,16S_ASV_890,Opisthokonta_Chytridiomycota,18S_ASV_77
16S_ASV_327,18S_ASV_235,green,0.531062518995251,1.7456405873408e-4,Luteolibacter,16S_ASV_327,Chlorophyta,18S_ASV_235
16S_ASV_580,18S_ASV_694,green,0.531003017330406,1.7491182054901e-4,Luteolibacter,16S_ASV_580,Opisthokonta_Choanoflagellatea,18S_ASV_694
16S_ASV_1002,18S_ASV_290,green,0.530737465595704,1.7647152634502e-4,Luteolibacter,16S_ASV_1002,Stramenopiles,18S_ASV_290
16S_ASV_435,18S_ASV_438,green,0.530635913723123,1.7707131158128e-4,Luteolibacter,16S_ASV_435,Stramenopiles,18S_ASV_438
16S_ASV_613,18S_ASV_45,green,0.530461782684381,1.7810406600674e-4,Luteolibacter,16S_ASV_613,Opisthokonta_Chytridiomycota,18S_ASV_45
16S_ASV_682,18S_ASV_1079,green,0.53025078652269,1.7936277873073e-4,Luteolibacter,16S_ASV_682,Rhizaria,18S_ASV_1079
16S_ASV_580,18S_ASV_217,green,0.529955785226595,1.8113614910135e-4,Luteolibacter,16S_ASV_580,Stramenopiles,18S_ASV_217
16S_ASV_327,18S_ASV_1112,green,0.529882908085231,1.8157668337089e-4,Luteolibacter,16S_ASV_327,Stramenopiles,18S_ASV_1112
16S_ASV_682,18S_ASV_290,green,0.529423981288304,1.8437322890581e-4,Luteolibacter,16S_ASV_682,Stramenopiles,18S_ASV_290
16S_ASV_540,18S_ASV_93,green,0.529333097881084,1.8493165025012e-4,Luteolibacter,16S_ASV_540,Chlorophyta,18S_ASV_93
16S_ASV_682,18S_ASV_34,green,0.528632563114792,1.8928770178369e-4,Luteolibacter,16S_ASV_682,Stramenopiles,18S_ASV_34
16S_ASV_378,18S_ASV_45,green,0.528403075490667,1.9073478421528e-4,Luteolibacter,16S_ASV_378,Opisthokonta_Chytridiomycota,18S_ASV_45
16S_ASV_682,18S_ASV_513,green,0.528337828310357,1.9114804001874e-4,Luteolibacter,16S_ASV_682,Opisthokonta_Basidiomycota,18S_ASV_513
16S_ASV_487,18S_ASV_142,green,0.528181862982279,1.9213916616215e-4,Vulcanococcus,16S_ASV_487,Stramenopiles,18S_ASV_142
16S_ASV_840,18S_ASV_45,green,0.528060307114238,1.9291485343874e-4,Luteolibacter,16S_ASV_840,Opisthokonta_Chytridiomycota,18S_ASV_45
16S_ASV_327,18S_ASV_183,green,0.527720928007107,1.9509558231587e-4,Luteolibacter,16S_ASV_327,Opisthokonta_Chytridiomycota,18S_ASV_183
16S_ASV_327,18S_ASV_142,green,0.527481340603133,1.9664850607612e-4,Luteolibacter,16S_ASV_327,Stramenopiles,18S_ASV_142
16S_ASV_434,18S_ASV_1112,green,0.527475869011154,1.9668410147217e-4,Candidatus-Planktophila,16S_ASV_434,Stramenopiles,18S_ASV_1112
16S_ASV_270,18S_ASV_129,green,0.527223852371805,1.9832993246908e-4,Luteolibacter,16S_ASV_270,Streptophyta,18S_ASV_129
16S_ASV_378,18S_ASV_217,green,0.525777413347104,2.0801975178598e-4,Luteolibacter,16S_ASV_378,Stramenopiles,18S_ASV_217
16S_ASV_580,18S_ASV_34,green,0.525688823118827,2.0862692640524e-4,Luteolibacter,16S_ASV_580,Stramenopiles,18S_ASV_34
16S_ASV_1174,18S_ASV_438,green,0.525241839025966,2.1171498392382e-4,Luteolibacter,16S_ASV_1174,Stramenopiles,18S_ASV_438
16S_ASV_645,18S_ASV_182,green,0.525069788972475,2.1291460542346e-4,NA,16S_ASV_645,Streptophyta,18S_ASV_182
16S_ASV_1174,18S_ASV_34,green,0.524848168626459,2.1446892392191e-4,Luteolibacter,16S_ASV_1174,Stramenopiles,18S_ASV_34
16S_ASV_457,18S_ASV_438,green,0.524175472116129,2.1924994654569e-4,Luteolibacter,16S_ASV_457,Stramenopiles,18S_ASV_438
16S_ASV_487,18S_ASV_518,green,0.523940545611579,2.2094221989976e-4,Vulcanococcus,16S_ASV_487,Chlorophyta,18S_ASV_518
16S_ASV_270,18S_ASV_70,green,0.523477678688682,2.2431107728434e-4,Luteolibacter,16S_ASV_270,Cryptophyta,18S_ASV_70
16S_ASV_457,18S_ASV_290,green,0.523274858298818,2.258018455074e-4,Luteolibacter,16S_ASV_457,Stramenopiles,18S_ASV_290
16S_ASV_270,18S_ASV_235,green,0.523257259271912,2.2593162345107e-4,Luteolibacter,16S_ASV_270,Chlorophyta,18S_ASV_235
16S_ASV_457,18S_ASV_45,green,0.523197815546864,2.2637046981699e-4,Luteolibacter,16S_ASV_457,Opisthokonta_Chytridiomycota,18S_ASV_45
16S_ASV_270,18S_ASV_77,green,0.522890432210863,2.286520740585e-4,Luteolibacter,16S_ASV_270,Opisthokonta_Chytridiomycota,18S_ASV_77
16S_ASV_702,18S_ASV_34,green,0.522877177090408,2.2875092873701e-4,Luteolibacter,16S_ASV_702,Stramenopiles,18S_ASV_34
16S_ASV_270,18S_ASV_69,green,0.522784035660033,2.2944665466607e-4,Luteolibacter,16S_ASV_270,Stramenopiles,18S_ASV_69
16S_ASV_435,18S_ASV_34,green,0.522576540673333,2.3100343993201e-4,Luteolibacter,16S_ASV_435,Stramenopiles,18S_ASV_34
16S_ASV_840,18S_ASV_290,green,0.521855570594018,2.3648728196304e-4,Luteolibacter,16S_ASV_840,Stramenopiles,18S_ASV_290
16S_ASV_177,18S_ASV_290,green,0.521682342315403,2.3782231400142e-4,Luteolibacter,16S_ASV_177,Stramenopiles,18S_ASV_290
16S_ASV_682,18S_ASV_227,green,0.521633439865114,2.3820042625271e-4,Luteolibacter,16S_ASV_682,Opisthokonta_Chytridiomycota,18S_ASV_227
16S_ASV_540,18S_ASV_1079,green,0.521247230047583,2.412057466305e-4,Luteolibacter,16S_ASV_540,Rhizaria,18S_ASV_1079
16S_ASV_1323,18S_ASV_142,green,0.520862779228607,2.442313976458e-4,Terrimicrobium,16S_ASV_1323,Stramenopiles,18S_ASV_142
16S_ASV_434,18S_ASV_34,green,0.52048606826498,2.4722938692108e-4,Candidatus-Planktophila,16S_ASV_434,Stramenopiles,18S_ASV_34
16S_ASV_1323,18S_ASV_264,green,0.520435679859771,2.4763290757703e-4,Terrimicrobium,16S_ASV_1323,Stramenopiles,18S_ASV_264
16S_ASV_613,18S_ASV_547,green,0.520331051122774,2.4847269871595e-4,Luteolibacter,16S_ASV_613,Stramenopiles,18S_ASV_547
16S_ASV_702,18S_ASV_93,green,0.520177563343982,2.497093119e-4,Luteolibacter,16S_ASV_702,Chlorophyta,18S_ASV_93
16S_ASV_840,18S_ASV_547,green,0.520118844305379,2.5018386648041e-4,Luteolibacter,16S_ASV_840,Stramenopiles,18S_ASV_547
16S_ASV_682,18S_ASV_591,green,0.520055996189907,2.5069269470355e-4,Luteolibacter,16S_ASV_682,Alveolata,18S_ASV_591
16S_ASV_711,18S_ASV_346,green,0.519789667826159,2.5285933118016e-4,Luteolibacter,16S_ASV_711,Streptophyta,18S_ASV_346
16S_ASV_457,18S_ASV_142,green,0.519681755795928,2.5374202689302e-4,Luteolibacter,16S_ASV_457,Stramenopiles,18S_ASV_142
16S_ASV_1002,18S_ASV_694,green,0.519673342735753,2.5381096072031e-4,Luteolibacter,16S_ASV_1002,Opisthokonta_Choanoflagellatea,18S_ASV_694
16S_ASV_417,18S_ASV_694,green,0.519385520793279,2.5617950032287e-4,Luteolibacter,16S_ASV_417,Opisthokonta_Choanoflagellatea,18S_ASV_694
16S_ASV_840,18S_ASV_312,green,0.519379583313495,2.5622857058575e-4,Luteolibacter,16S_ASV_840,Stramenopiles,18S_ASV_312
16S_ASV_598,18S_ASV_694,green,0.519004095345939,2.5934910299659e-4,Cyanobium,16S_ASV_598,Opisthokonta_Choanoflagellatea,18S_ASV_694
16S_ASV_711,18S_ASV_1079,green,0.518923614133171,2.6002240472252e-4,Luteolibacter,16S_ASV_711,Rhizaria,18S_ASV_1079
16S_ASV_540,18S_ASV_217,green,0.518764927595177,2.6135459912223e-4,Luteolibacter,16S_ASV_540,Stramenopiles,18S_ASV_217
16S_ASV_417,18S_ASV_438,green,0.518290848970836,2.6537137959808e-4,Luteolibacter,16S_ASV_417,Stramenopiles,18S_ASV_438
16S_ASV_541,18S_ASV_530,green,0.518003667769335,2.6783166487223e-4,Luteolibacter,16S_ASV_541,Streptophyta,18S_ASV_530
16S_ASV_378,18S_ASV_235,green,0.517731246067132,2.701845370082e-4,Luteolibacter,16S_ASV_378,Chlorophyta,18S_ASV_235
16S_ASV_544,18S_ASV_183,green,0.517288034380349,2.7405243868848e-4,Luteolibacter,16S_ASV_544,Opisthokonta_Chytridiomycota,18S_ASV_183
16S_ASV_711,18S_ASV_217,green,0.516894881782004,2.7752527334713e-4,Luteolibacter,16S_ASV_711,Stramenopiles,18S_ASV_217
16S_ASV_645,18S_ASV_34,green,0.516665372863292,2.795709258375e-4,NA,16S_ASV_645,Stramenopiles,18S_ASV_34
16S_ASV_598,18S_ASV_72,green,0.516657405411269,2.7964218512448e-4,Cyanobium,16S_ASV_598,Stramenopiles,18S_ASV_72
16S_ASV_1002,18S_ASV_271,green,0.516507578202671,2.8098526861779e-4,Luteolibacter,16S_ASV_1002,Stramenopiles,18S_ASV_271
16S_ASV_598,18S_ASV_146,green,0.51638552194884,2.8208371143028e-4,Cyanobium,16S_ASV_598,Opisthokonta_Chytridiomycota,18S_ASV_146
16S_ASV_580,18S_ASV_513,green,0.515707455735156,2.8825689416019e-4,Luteolibacter,16S_ASV_580,Opisthokonta_Basidiomycota,18S_ASV_513
16S_ASV_327,18S_ASV_417,green,0.515453794435418,2.9059743316323e-4,Luteolibacter,16S_ASV_327,NA,18S_ASV_417
16S_ASV_435,18S_ASV_217,green,0.515274219237981,2.9226473913027e-4,Luteolibacter,16S_ASV_435,Stramenopiles,18S_ASV_217
16S_ASV_645,18S_ASV_30,green,0.51504108539154,2.9444220903983e-4,NA,16S_ASV_645,Rhizaria,18S_ASV_30
16S_ASV_890,18S_ASV_245,green,0.514913284163868,2.9564207886607e-4,Vulcanococcus,16S_ASV_890,Chlorophyta,18S_ASV_245
16S_ASV_682,18S_ASV_337,green,0.514908972759254,2.956826336334e-4,Luteolibacter,16S_ASV_682,Apusomonada,18S_ASV_337
16S_ASV_540,18S_ASV_84,green,0.514892202870575,2.9584042557607e-4,Luteolibacter,16S_ASV_540,Cryptophyta,18S_ASV_84
16S_ASV_840,18S_ASV_274,green,0.514561572962782,2.9896697050274e-4,Luteolibacter,16S_ASV_840,Opisthokonta_Choanoflagellatea,18S_ASV_274
16S_ASV_487,18S_ASV_312,green,0.514530199369445,2.9926519379733e-4,Vulcanococcus,16S_ASV_487,Stramenopiles,18S_ASV_312
16S_ASV_1002,18S_ASV_1051,green,0.514484890540785,2.9969635323663e-4,Luteolibacter,16S_ASV_1002,Stramenopiles,18S_ASV_1051
16S_ASV_711,18S_ASV_142,green,0.514104273327655,3.0334051684137e-4,Luteolibacter,16S_ASV_711,Stramenopiles,18S_ASV_142
16S_ASV_177,18S_ASV_72,green,0.513988162095871,3.0446014288958e-4,Luteolibacter,16S_ASV_177,Stramenopiles,18S_ASV_72
16S_ASV_840,18S_ASV_231,green,0.513662110908291,3.0762413285756e-4,Luteolibacter,16S_ASV_840,Chlorophyta,18S_ASV_231
16S_ASV_682,18S_ASV_235,green,0.513460508909713,3.0959529130804e-4,Luteolibacter,16S_ASV_682,Chlorophyta,18S_ASV_235
16S_ASV_682,18S_ASV_146,green,0.513320109109585,3.109747738085e-4,Luteolibacter,16S_ASV_682,Opisthokonta_Chytridiomycota,18S_ASV_146
16S_ASV_613,18S_ASV_1051,green,0.513172679172704,3.1242929960439e-4,Luteolibacter,16S_ASV_613,Stramenopiles,18S_ASV_1051
16S_ASV_711,18S_ASV_93,green,0.513096719469124,3.1318110314605e-4,Luteolibacter,16S_ASV_711,Chlorophyta,18S_ASV_93
16S_ASV_580,18S_ASV_235,green,0.512781184077978,3.1632159297369e-4,Luteolibacter,16S_ASV_580,Chlorophyta,18S_ASV_235
16S_ASV_613,18S_ASV_694,green,0.512239875402361,3.2177544166399e-4,Luteolibacter,16S_ASV_613,Opisthokonta_Choanoflagellatea,18S_ASV_694
16S_ASV_417,18S_ASV_146,green,0.512073375943316,3.2346995535384e-4,Luteolibacter,16S_ASV_417,Opisthokonta_Chytridiomycota,18S_ASV_146
16S_ASV_417,18S_ASV_34,green,0.512029893121948,3.2391381669797e-4,Luteolibacter,16S_ASV_417,Stramenopiles,18S_ASV_34
16S_ASV_541,18S_ASV_231,green,0.511615329466726,3.2817325341714e-4,Luteolibacter,16S_ASV_541,Chlorophyta,18S_ASV_231
16S_ASV_417,18S_ASV_444,green,0.511604141521939,3.2828890105711e-4,Luteolibacter,16S_ASV_417,Opisthokonta_Choanoflagellatea,18S_ASV_444
16S_ASV_457,18S_ASV_513,green,0.511229241618988,3.3218549282221e-4,Luteolibacter,16S_ASV_457,Opisthokonta_Basidiomycota,18S_ASV_513
16S_ASV_598,18S_ASV_45,green,0.511145619847073,3.3306030194354e-4,Cyanobium,16S_ASV_598,Opisthokonta_Chytridiomycota,18S_ASV_45
16S_ASV_327,18S_ASV_93,green,0.510959971198263,3.3500989831904e-4,Luteolibacter,16S_ASV_327,Chlorophyta,18S_ASV_93
16S_ASV_711,18S_ASV_1112,green,0.510770155579291,3.3701389217547e-4,Luteolibacter,16S_ASV_711,Stramenopiles,18S_ASV_1112
16S_ASV_645,18S_ASV_81,green,0.510375373565492,3.4121650574372e-4,NA,16S_ASV_645,Cryptophyta,18S_ASV_81
16S_ASV_177,18S_ASV_262,green,0.510339474080705,3.4160100491867e-4,Luteolibacter,16S_ASV_177,Chlorophyta,18S_ASV_262
16S_ASV_702,18S_ASV_84,green,0.510217520635665,3.4291009993388e-4,Luteolibacter,16S_ASV_702,Cryptophyta,18S_ASV_84
16S_ASV_270,18S_ASV_248,green,0.50993767218665,3.4593122021034e-4,Luteolibacter,16S_ASV_270,Stramenopiles,18S_ASV_248
16S_ASV_457,18S_ASV_337,green,0.509628843001272,3.4929304724137e-4,Luteolibacter,16S_ASV_457,Apusomonada,18S_ASV_337
16S_ASV_540,18S_ASV_34,green,0.509428595549225,3.5148859956055e-4,Luteolibacter,16S_ASV_540,Stramenopiles,18S_ASV_34
16S_ASV_840,18S_ASV_142,green,0.509416462425877,3.5162202846932e-4,Luteolibacter,16S_ASV_840,Stramenopiles,18S_ASV_142
16S_ASV_1174,18S_ASV_84,green,0.509226110268246,3.5372133362499e-4,Luteolibacter,16S_ASV_1174,Cryptophyta,18S_ASV_84
16S_ASV_1002,18S_ASV_530,green,0.509224839700099,3.5373538401421e-4,Luteolibacter,16S_ASV_1002,Streptophyta,18S_ASV_530
16S_ASV_558,18S_ASV_370,green,0.508723311812907,3.5932092092917e-4,Vulcanococcus,16S_ASV_558,Opisthokonta_Ascomycota,18S_ASV_370
16S_ASV_840,18S_ASV_1051,green,0.508522871526129,3.6157538182501e-4,Luteolibacter,16S_ASV_840,Stramenopiles,18S_ASV_1051
16S_ASV_544,18S_ASV_93,green,0.508385706634086,3.6312549028874e-4,Luteolibacter,16S_ASV_544,Chlorophyta,18S_ASV_93
16S_ASV_327,18S_ASV_337,green,0.508000220935264,3.6751401427797e-4,Luteolibacter,16S_ASV_327,Apusomonada,18S_ASV_337
16S_ASV_558,18S_ASV_274,green,0.507778323689263,3.7006180587131e-4,Vulcanococcus,16S_ASV_558,Opisthokonta_Choanoflagellatea,18S_ASV_274
16S_ASV_711,18S_ASV_183,green,0.507623536931668,3.7184845848395e-4,Luteolibacter,16S_ASV_711,Opisthokonta_Chytridiomycota,18S_ASV_183
16S_ASV_177,18S_ASV_285,green,0.507596701833342,3.7215899672284e-4,Luteolibacter,16S_ASV_177,Stramenopiles,18S_ASV_285
16S_ASV_598,18S_ASV_591,green,0.507569056703297,3.7247915312425e-4,Cyanobium,16S_ASV_598,Alveolata,18S_ASV_591
16S_ASV_580,18S_ASV_146,green,0.507205601474924,0.00037671144994442997,Luteolibacter,16S_ASV_580,Opisthokonta_Chytridiomycota,18S_ASV_146
16S_ASV_541,18S_ASV_227,green,0.507157564286008,3.7727405493217e-4,Luteolibacter,16S_ASV_541,Opisthokonta_Chytridiomycota,18S_ASV_227
16S_ASV_378,18S_ASV_513,green,0.506957680720945,3.7962320308529e-4,Luteolibacter,16S_ASV_378,Opisthokonta_Basidiomycota,18S_ASV_513
16S_ASV_544,18S_ASV_142,green,0.506912633141951,3.8015444505377e-4,Luteolibacter,16S_ASV_544,Stramenopiles,18S_ASV_142
16S_ASV_1002,18S_ASV_513,green,0.506521440550347,3.8479598707849e-4,Luteolibacter,16S_ASV_1002,Opisthokonta_Basidiomycota,18S_ASV_513
16S_ASV_558,18S_ASV_503,green,0.506470880592468,3.8539959769001e-4,Vulcanococcus,16S_ASV_558,Stramenopiles,18S_ASV_503
16S_ASV_890,18S_ASV_271,green,0.506414495848041,3.8607375366139e-4,Vulcanococcus,16S_ASV_890,Stramenopiles,18S_ASV_271
16S_ASV_378,18S_ASV_142,green,0.505861158018178,3.9274625284191e-4,Luteolibacter,16S_ASV_378,Stramenopiles,18S_ASV_142
16S_ASV_487,18S_ASV_503,green,0.505375346099511,3.9868993081489e-4,Vulcanococcus,16S_ASV_487,Stramenopiles,18S_ASV_503
16S_ASV_435,18S_ASV_146,green,0.505321150034825,3.9935799203899e-4,Luteolibacter,16S_ASV_435,Opisthokonta_Chytridiomycota,18S_ASV_146
16S_ASV_544,18S_ASV_235,green,0.505128063123076,4.0174632893527e-4,Luteolibacter,16S_ASV_544,Chlorophyta,18S_ASV_235
16S_ASV_378,18S_ASV_1112,green,0.505079224144133,4.0235246448383e-4,Luteolibacter,16S_ASV_378,Stramenopiles,18S_ASV_1112
16S_ASV_177,18S_ASV_34,green,0.504972914782981,4.0367470768655e-4,Luteolibacter,16S_ASV_177,Stramenopiles,18S_ASV_34
16S_ASV_487,18S_ASV_274,green,0.504900156827303,4.0458190316907e-4,Vulcanococcus,16S_ASV_487,Opisthokonta_Choanoflagellatea,18S_ASV_274
16S_ASV_177,18S_ASV_69,green,0.504849623441972,4.052130677188e-4,Luteolibacter,16S_ASV_177,Stramenopiles,18S_ASV_69
16S_ASV_580,18S_ASV_438,green,0.504616185057234,4.0814025023434e-4,Luteolibacter,16S_ASV_580,Stramenopiles,18S_ASV_438
16S_ASV_840,18S_ASV_182,green,0.504520435699295,4.0934638886935e-4,Luteolibacter,16S_ASV_840,Streptophyta,18S_ASV_182
16S_ASV_1174,18S_ASV_231,green,0.504325328109255,4.1181406573947e-4,Luteolibacter,16S_ASV_1174,Chlorophyta,18S_ASV_231
16S_ASV_598,18S_ASV_231,green,0.504056909007327,4.1523086096932e-4,Cyanobium,16S_ASV_598,Chlorophyta,18S_ASV_231
16S_ASV_890,18S_ASV_150,green,0.50399747618035,4.1599084391594e-4,Vulcanococcus,16S_ASV_890,Chlorophyta,18S_ASV_150
16S_ASV_544,18S_ASV_417,green,0.503926501378454,4.1690005780293e-4,Luteolibacter,16S_ASV_544,NA,18S_ASV_417
16S_ASV_540,18S_ASV_370,green,0.503826495462872,4.1818420794056e-4,Luteolibacter,16S_ASV_540,Opisthokonta_Ascomycota,18S_ASV_370
16S_ASV_558,18S_ASV_312,green,0.503580808841027,4.2135414133586e-4,Vulcanococcus,16S_ASV_558,Stramenopiles,18S_ASV_312
16S_ASV_558,18S_ASV_142,green,0.502870526691372,4.3064048737944e-4,Vulcanococcus,16S_ASV_558,Stramenopiles,18S_ASV_142
16S_ASV_613,18S_ASV_312,green,0.502825474954347,4.312356672024e-4,Luteolibacter,16S_ASV_613,Stramenopiles,18S_ASV_312
16S_ASV_682,18S_ASV_5,green,0.502050404492928,4.4159175866621e-4,Luteolibacter,16S_ASV_682,Cryptophyta,18S_ASV_5
16S_ASV_1002,18S_ASV_182,green,0.501310699571832,4.5168347858034e-4,Luteolibacter,16S_ASV_1002,Streptophyta,18S_ASV_182
16S_ASV_645,18S_ASV_312,green,0.501198725413056,4.5322908132177e-4,NA,16S_ASV_645,Stramenopiles,18S_ASV_312
16S_ASV_580,18S_ASV_142,green,0.501124343268615,4.542584222396e-4,Luteolibacter,16S_ASV_580,Stramenopiles,18S_ASV_142
16S_ASV_541,18S_ASV_45,green,0.500875935587298,4.5771128266467e-4,Luteolibacter,16S_ASV_541,Opisthokonta_Chytridiomycota,18S_ASV_45
16S_ASV_558,18S_ASV_518,green,0.500651819112862,4.6084673717406e-4,Vulcanococcus,16S_ASV_558,Chlorophyta,18S_ASV_518
16S_ASV_580,18S_ASV_93,green,0.499971778473164,4.7047931703712e-4,Luteolibacter,16S_ASV_580,Chlorophyta,18S_ASV_93
16S_ASV_177,18S_ASV_271,green,0.499758410217811,4.7353872125472e-4,Luteolibacter,16S_ASV_177,Stramenopiles,18S_ASV_271
16S_ASV_457,18S_ASV_5,green,0.499345988328469,4.7950304100848e-4,Luteolibacter,16S_ASV_457,Cryptophyta,18S_ASV_5
16S_ASV_417,18S_ASV_93,green,0.499283136507697,4.8041789272076e-4,Luteolibacter,16S_ASV_417,Chlorophyta,18S_ASV_93
16S_ASV_1174,18S_ASV_274,green,0.499185385136456,4.8184385061269e-4,Luteolibacter,16S_ASV_1174,Opisthokonta_Choanoflagellatea,18S_ASV_274
16S_ASV_177,18S_ASV_274,green,0.498702056282146,4.8895054545821e-4,Luteolibacter,16S_ASV_177,Opisthokonta_Choanoflagellatea,18S_ASV_274
16S_ASV_702,18S_ASV_438,green,0.498301143581095,4.9491677405026e-4,Luteolibacter,16S_ASV_702,Stramenopiles,18S_ASV_438
16S_ASV_270,18S_ASV_415,green,0.497957733422085,5.0007922330279e-4,Luteolibacter,16S_ASV_270,Stramenopiles,18S_ASV_415
16S_ASV_435,18S_ASV_93,green,0.49749174985932,5.0716170360466e-4,Luteolibacter,16S_ASV_435,Chlorophyta,18S_ASV_93
16S_ASV_541,18S_ASV_290,green,0.497309447920278,5.0995695320266e-4,Luteolibacter,16S_ASV_541,Stramenopiles,18S_ASV_290
16S_ASV_1174,18S_ASV_312,green,0.496703609863044,5.19346059014e-4,Luteolibacter,16S_ASV_1174,Stramenopiles,18S_ASV_312
16S_ASV_580,18S_ASV_227,green,0.49667483660151,5.1979581795301e-4,Luteolibacter,16S_ASV_580,Opisthokonta_Chytridiomycota,18S_ASV_227
16S_ASV_544,18S_ASV_5,green,0.49642298171632,5.2374756175958e-4,Luteolibacter,16S_ASV_544,Cryptophyta,18S_ASV_5
16S_ASV_434,18S_ASV_248,green,0.496367740308876,5.246179316524e-4,Candidatus-Planktophila,16S_ASV_434,Stramenopiles,18S_ASV_248
16S_ASV_457,18S_ASV_417,green,0.496346193660062,5.2495776744762e-4,Luteolibacter,16S_ASV_457,NA,18S_ASV_417
16S_ASV_702,18S_ASV_1112,green,0.496305186911415,5.2560507625486e-4,Luteolibacter,16S_ASV_702,Stramenopiles,18S_ASV_1112
16S_ASV_645,18S_ASV_1051,green,0.496188080771038,5.2745759623063e-4,NA,16S_ASV_645,Stramenopiles,18S_ASV_1051
16S_ASV_580,18S_ASV_45,green,0.495920323723504,5.3171534463107e-4,Luteolibacter,16S_ASV_580,Opisthokonta_Chytridiomycota,18S_ASV_45
16S_ASV_541,18S_ASV_1112,green,0.495663705570496,5.3582491806341e-4,Luteolibacter,16S_ASV_541,Stramenopiles,18S_ASV_1112
16S_ASV_270,18S_ASV_274,green,0.495371317025402,5.4054208944631e-4,Luteolibacter,16S_ASV_270,Opisthokonta_Choanoflagellatea,18S_ASV_274
16S_ASV_682,18S_ASV_183,green,0.49469222239284,5.5164231783781e-4,Luteolibacter,16S_ASV_682,Opisthokonta_Chytridiomycota,18S_ASV_183
16S_ASV_434,18S_ASV_150,green,0.494600899133212,5.5315056518959e-4,Candidatus-Planktophila,16S_ASV_434,Chlorophyta,18S_ASV_150
16S_ASV_457,18S_ASV_231,green,0.494325520388045,5.5772102322311e-4,Luteolibacter,16S_ASV_457,Chlorophyta,18S_ASV_231
16S_ASV_580,18S_ASV_183,green,0.493836941375418,5.6591348846177e-4,Luteolibacter,16S_ASV_580,Opisthokonta_Chytridiomycota,18S_ASV_183
16S_ASV_1174,18S_ASV_142,green,0.493790454079166,5.6669858632807e-4,Luteolibacter,16S_ASV_1174,Stramenopiles,18S_ASV_142
16S_ASV_177,18S_ASV_142,green,0.493584049788515,5.7019625572382e-4,Luteolibacter,16S_ASV_177,Stramenopiles,18S_ASV_142
16S_ASV_327,18S_ASV_290,green,0.493478257503384,5.7199648422667e-4,Luteolibacter,16S_ASV_327,Stramenopiles,18S_ASV_290
16S_ASV_682,18S_ASV_370,green,0.493140972730619,5.7777005273432e-4,Luteolibacter,16S_ASV_682,Opisthokonta_Ascomycota,18S_ASV_370
16S_ASV_327,18S_ASV_45,green,0.493121713696296,5.7810129806002e-4,Luteolibacter,16S_ASV_327,Opisthokonta_Chytridiomycota,18S_ASV_45
16S_ASV_270,18S_ASV_34,green,0.492616580781089,5.8685042053003e-4,Luteolibacter,16S_ASV_270,Stramenopiles,18S_ASV_34
16S_ASV_540,18S_ASV_231,green,0.492390824150919,5.9079890733147e-4,Luteolibacter,16S_ASV_540,Chlorophyta,18S_ASV_231
16S_ASV_487,18S_ASV_75,green,0.492362243977536,5.9130047149795e-4,Vulcanococcus,16S_ASV_487,Stramenopiles,18S_ASV_75
16S_ASV_540,18S_ASV_1112,green,0.492173988836958,5.9461379136648e-4,Luteolibacter,16S_ASV_540,Stramenopiles,18S_ASV_1112
16S_ASV_177,18S_ASV_542,green,0.491596012734201,6.0489061992767e-4,Luteolibacter,16S_ASV_177,Stramenopiles,18S_ASV_542
16S_ASV_177,18S_ASV_312,green,0.491556367330601,6.0560134973424e-4,Luteolibacter,16S_ASV_177,Stramenopiles,18S_ASV_312
16S_ASV_544,18S_ASV_591,green,0.491335518235275,6.0957427913984e-4,Luteolibacter,16S_ASV_544,Alveolata,18S_ASV_591
16S_ASV_682,18S_ASV_438,green,0.491308613783128,6.1005986690134e-4,Luteolibacter,16S_ASV_682,Stramenopiles,18S_ASV_438
16S_ASV_540,18S_ASV_438,green,0.490930021187927,6.1692983426623e-4,Luteolibacter,16S_ASV_540,Stramenopiles,18S_ASV_438
16S_ASV_682,18S_ASV_535,green,0.490818181930661,6.1897251382411e-4,Luteolibacter,16S_ASV_682,Stramenopiles,18S_ASV_535
16S_ASV_487,18S_ASV_542,green,0.490339003282058,6.277932942667e-4,Vulcanococcus,16S_ASV_487,Stramenopiles,18S_ASV_542
16S_ASV_270,18S_ASV_182,green,0.490291421833469,6.2867530375328e-4,Luteolibacter,16S_ASV_270,Streptophyta,18S_ASV_182
16S_ASV_540,18S_ASV_45,green,0.490039671207832,6.3336048757125e-4,Luteolibacter,16S_ASV_540,Opisthokonta_Chytridiomycota,18S_ASV_45
16S_ASV_840,18S_ASV_84,green,0.489775520271074,6.3831009079592e-4,Luteolibacter,16S_ASV_840,Cryptophyta,18S_ASV_84
16S_ASV_1174,18S_ASV_1051,green,0.489653938697637,6.4059989543535e-4,Luteolibacter,16S_ASV_1174,Stramenopiles,18S_ASV_1051
16S_ASV_613,18S_ASV_182,green,0.48942949672667,6.448462783705e-4,Luteolibacter,16S_ASV_613,Streptophyta,18S_ASV_182
16S_ASV_711,18S_ASV_84,green,0.489413233089392,6.4515496064073e-4,Luteolibacter,16S_ASV_711,Cryptophyta,18S_ASV_84
16S_ASV_540,18S_ASV_142,green,0.489116431584121,6.5081154684309e-4,Luteolibacter,16S_ASV_540,Stramenopiles,18S_ASV_142
16S_ASV_711,18S_ASV_45,green,0.488346732552911,6.656886036626e-4,Luteolibacter,16S_ASV_711,Opisthokonta_Chytridiomycota,18S_ASV_45
16S_ASV_613,18S_ASV_227,green,0.488238170988278,6.6781127556785e-4,Luteolibacter,16S_ASV_613,Opisthokonta_Chytridiomycota,18S_ASV_227
16S_ASV_434,18S_ASV_227,green,0.488156377802223,6.6941455891118e-4,Candidatus-Planktophila,16S_ASV_434,Opisthokonta_Chytridiomycota,18S_ASV_227
16S_ASV_1174,18S_ASV_530,green,0.487511300738292,6.8218055167768e-4,Luteolibacter,16S_ASV_1174,Streptophyta,18S_ASV_530
16S_ASV_270,18S_ASV_72,green,0.487500018251116,6.8240575887231e-4,Luteolibacter,16S_ASV_270,Stramenopiles,18S_ASV_72
16S_ASV_711,18S_ASV_694,green,0.487370964063652,6.8498652463702e-4,Luteolibacter,16S_ASV_711,Opisthokonta_Choanoflagellatea,18S_ASV_694
16S_ASV_1323,18S_ASV_217,green,0.486646274507687,6.996416686878e-4,Terrimicrobium,16S_ASV_1323,Stramenopiles,18S_ASV_217
16S_ASV_544,18S_ASV_337,green,0.486347031705656,7.0577465675679e-4,Luteolibacter,16S_ASV_544,Apusomonada,18S_ASV_337
16S_ASV_890,18S_ASV_6,green,0.485596608709891,7.2136696891263e-4,Vulcanococcus,16S_ASV_890,Haptophyta,18S_ASV_6
16S_ASV_598,18S_ASV_547,green,0.485028952472713,7.3336597022659e-4,Cyanobium,16S_ASV_598,Stramenopiles,18S_ASV_547
16S_ASV_177,18S_ASV_196,green,0.484950869210331,7.3503038662344e-4,Luteolibacter,16S_ASV_177,Stramenopiles,18S_ASV_196
16S_ASV_613,18S_ASV_72,green,0.484679370654662,7.4084399003083e-4,Luteolibacter,16S_ASV_613,Stramenopiles,18S_ASV_72
16S_ASV_1323,18S_ASV_417,green,0.484331925523429,7.4834388627919e-4,Terrimicrobium,16S_ASV_1323,NA,18S_ASV_417
16S_ASV_327,18S_ASV_5,green,0.48376969783138,7.6062413236367e-4,Luteolibacter,16S_ASV_327,Cryptophyta,18S_ASV_5
16S_ASV_702,18S_ASV_142,green,0.483769546262342,7.6062746713233e-4,Luteolibacter,16S_ASV_702,Stramenopiles,18S_ASV_142
16S_ASV_541,18S_ASV_182,green,0.483564724776804,7.6514585528375e-4,Luteolibacter,16S_ASV_541,Streptophyta,18S_ASV_182
16S_ASV_1174,18S_ASV_182,green,0.483422366576168,7.6830043306619e-4,Luteolibacter,16S_ASV_1174,Streptophyta,18S_ASV_182
16S_ASV_435,18S_ASV_45,green,0.483291130709791,7.7121885386295e-4,Luteolibacter,16S_ASV_435,Opisthokonta_Chytridiomycota,18S_ASV_45
16S_ASV_702,18S_ASV_231,green,0.482755013482142,7.8324435684887e-4,Luteolibacter,16S_ASV_702,Chlorophyta,18S_ASV_231
16S_ASV_580,18S_ASV_530,green,0.482673615541171,7.8508477211888e-4,Luteolibacter,16S_ASV_580,Streptophyta,18S_ASV_530
16S_ASV_544,18S_ASV_290,green,0.48235289732438,7.9237396514423e-4,Luteolibacter,16S_ASV_544,Stramenopiles,18S_ASV_290
16S_ASV_327,18S_ASV_530,green,0.482278249268857,7.9407920874716e-4,Luteolibacter,16S_ASV_327,Streptophyta,18S_ASV_530
16S_ASV_702,18S_ASV_370,green,0.48219545045189,7.9597448710447e-4,Luteolibacter,16S_ASV_702,Opisthokonta_Ascomycota,18S_ASV_370
16S_ASV_378,18S_ASV_290,green,0.482026852683491,7.9984623459613e-4,Luteolibacter,16S_ASV_378,Stramenopiles,18S_ASV_290
16S_ASV_270,18S_ASV_196,green,0.481966550126666,8.0123513287754e-4,Luteolibacter,16S_ASV_270,Stramenopiles,18S_ASV_196
16S_ASV_417,18S_ASV_530,green,0.481744054492146,8.0637837680927e-4,Luteolibacter,16S_ASV_417,Streptophyta,18S_ASV_530
16S_ASV_613,18S_ASV_84,green,0.481101227950358,8.2140441527392e-4,Luteolibacter,16S_ASV_613,Cryptophyta,18S_ASV_84
16S_ASV_417,18S_ASV_45,green,0.480918742152328,8.2571540748637e-4,Luteolibacter,16S_ASV_417,Opisthokonta_Chytridiomycota,18S_ASV_45
16S_ASV_270,18S_ASV_271,green,0.480480246458569,8.361571547858e-4,Luteolibacter,16S_ASV_270,Stramenopiles,18S_ASV_271
16S_ASV_682,18S_ASV_84,green,0.48007276111408,8.4596615611808e-4,Luteolibacter,16S_ASV_682,Cryptophyta,18S_ASV_84
16S_ASV_682,18S_ASV_231,green,0.479579083995119,8.579877332545e-4,Luteolibacter,16S_ASV_682,Chlorophyta,18S_ASV_231
16S_ASV_417,18S_ASV_513,green,0.47916822429124,8.6810882286677e-4,Luteolibacter,16S_ASV_417,Opisthokonta_Basidiomycota,18S_ASV_513
16S_ASV_598,18S_ASV_84,green,0.478135937786104,8.9401064668724e-4,Cyanobium,16S_ASV_598,Cryptophyta,18S_ASV_84
16S_ASV_270,18S_ASV_262,green,0.478069028256149,8.9571311095467e-4,Luteolibacter,16S_ASV_270,Chlorophyta,18S_ASV_262
16S_ASV_327,18S_ASV_438,green,0.477802010609999,9.0253606918852e-4,Luteolibacter,16S_ASV_327,Stramenopiles,18S_ASV_438
16S_ASV_598,18S_ASV_513,green,0.477215284564046,9.1769175989023e-4,Cyanobium,16S_ASV_598,Opisthokonta_Basidiomycota,18S_ASV_513
16S_ASV_711,18S_ASV_630,green,0.476498606848382,9.3651246689185e-4,Luteolibacter,16S_ASV_711,Chlorophyta,18S_ASV_630
16S_ASV_1002,18S_ASV_231,green,0.476477565009861,9.3707021978147e-4,Luteolibacter,16S_ASV_1002,Chlorophyta,18S_ASV_231
16S_ASV_1323,18S_ASV_444,green,0.476162503566449,9.4545706245333e-4,Terrimicrobium,16S_ASV_1323,Opisthokonta_Choanoflagellatea,18S_ASV_444
16S_ASV_702,18S_ASV_45,green,0.476090374086775,9.4738653329453e-4,Luteolibacter,16S_ASV_702,Opisthokonta_Chytridiomycota,18S_ASV_45
16S_ASV_558,18S_ASV_542,green,0.475981588494171,9.5030321092171e-4,Vulcanococcus,16S_ASV_558,Stramenopiles,18S_ASV_542
16S_ASV_270,18S_ASV_513,green,0.475723691055858,9.5724982908512e-4,Luteolibacter,16S_ASV_270,Opisthokonta_Basidiomycota,18S_ASV_513
16S_ASV_1174,18S_ASV_630,green,0.475644594851713,9.5938939915718e-4,Luteolibacter,16S_ASV_1174,Chlorophyta,18S_ASV_630
16S_ASV_541,18S_ASV_84,green,0.475415237070199,9.6561774505143e-4,Luteolibacter,16S_ASV_541,Cryptophyta,18S_ASV_84
16S_ASV_613,18S_ASV_231,green,0.475329471734605,9.6795601201286e-4,Luteolibacter,16S_ASV_613,Chlorophyta,18S_ASV_231
16S_ASV_378,18S_ASV_231,green,0.474918723224831,9.7922470792084e-4,Luteolibacter,16S_ASV_378,Chlorophyta,18S_ASV_231
16S_ASV_457,18S_ASV_530,green,0.474876436110497,9.8039145901847e-4,Luteolibacter,16S_ASV_457,Streptophyta,18S_ASV_530
16S_ASV_378,18S_ASV_438,green,0.474706945505662,9.8508037020006e-4,Luteolibacter,16S_ASV_378,Stramenopiles,18S_ASV_438
16S_ASV_1323,18S_ASV_630,green,0.474654715808707,9.8652932019967e-4,Terrimicrobium,16S_ASV_1323,Chlorophyta,18S_ASV_630
16S_ASV_327,18S_ASV_591,green,0.473858199551042,0.00100886317391716,Luteolibacter,16S_ASV_327,Alveolata,18S_ASV_591
16S_ASV_541,18S_ASV_183,green,0.473526334621034,0.00101830087861811,Luteolibacter,16S_ASV_541,Opisthokonta_Chytridiomycota,18S_ASV_183
16S_ASV_435,18S_ASV_290,green,0.473290204252208,0.00102506393901768,Luteolibacter,16S_ASV_435,Stramenopiles,18S_ASV_290
16S_ASV_417,18S_ASV_217,green,0.473201097863579,0.00102762645197896,Luteolibacter,16S_ASV_417,Stramenopiles,18S_ASV_217
16S_ASV_580,18S_ASV_290,green,0.473166281277668,0.00102862925604536,Luteolibacter,16S_ASV_580,Stramenopiles,18S_ASV_290
16S_ASV_840,18S_ASV_227,green,0.47316081771348,0.0010287866994895,Luteolibacter,16S_ASV_840,Opisthokonta_Chytridiomycota,18S_ASV_227
16S_ASV_682,18S_ASV_93,green,0.473001045077975,0.00103340038432102,Luteolibacter,16S_ASV_682,Chlorophyta,18S_ASV_93
16S_ASV_890,18S_ASV_45,green,0.472821057404509,0.00103861991520223,Vulcanococcus,16S_ASV_890,Opisthokonta_Chytridiomycota,18S_ASV_45
16S_ASV_544,18S_ASV_45,green,0.472730113859089,0.00104126615588012,Luteolibacter,16S_ASV_544,Opisthokonta_Chytridiomycota,18S_ASV_45
16S_ASV_840,18S_ASV_72,green,0.472238651080535,0.00105567091254265,Luteolibacter,16S_ASV_840,Stramenopiles,18S_ASV_72
16S_ASV_890,18S_ASV_312,green,0.472163461283621,0.00105789033089119,Vulcanococcus,16S_ASV_890,Stramenopiles,18S_ASV_312
16S_ASV_270,18S_ASV_285,green,0.471832631532894,0.00106770513897989,Luteolibacter,16S_ASV_270,Stramenopiles,18S_ASV_285
16S_ASV_434,18S_ASV_503,green,0.471677399104713,0.00107233838993554,Candidatus-Planktophila,16S_ASV_434,Stramenopiles,18S_ASV_503
16S_ASV_544,18S_ASV_530,green,0.471521697095901,0.00107700366157107,Luteolibacter,16S_ASV_544,Streptophyta,18S_ASV_530
16S_ASV_435,18S_ASV_530,green,0.47146575294912,0.00107868432119031,Luteolibacter,16S_ASV_435,Streptophyta,18S_ASV_530
16S_ASV_1002,18S_ASV_84,green,0.471233521348716,0.00108568599732487,Luteolibacter,16S_ASV_1002,Cryptophyta,18S_ASV_84
16S_ASV_327,18S_ASV_231,green,0.470960459039778,0.00109397052221559,Luteolibacter,16S_ASV_327,Chlorophyta,18S_ASV_231
16S_ASV_435,18S_ASV_231,green,0.470513205460558,0.00110766171959545,Luteolibacter,16S_ASV_435,Chlorophyta,18S_ASV_231
16S_ASV_327,18S_ASV_346,green,0.469080778603988,0.00115254475578899,Luteolibacter,16S_ASV_327,Streptophyta,18S_ASV_346
16S_ASV_270,18S_ASV_312,green,0.468622128476082,0.00116725458048415,Luteolibacter,16S_ASV_270,Stramenopiles,18S_ASV_312
16S_ASV_711,18S_ASV_231,green,0.468536744434122,0.00117001141180782,Luteolibacter,16S_ASV_711,Chlorophyta,18S_ASV_231
16S_ASV_434,18S_ASV_30,green,0.468384063143364,0.00117495556338674,Candidatus-Planktophila,16S_ASV_434,Rhizaria,18S_ASV_30
16S_ASV_177,18S_ASV_217,green,0.467636101434969,0.00119944615149264,Luteolibacter,16S_ASV_177,Stramenopiles,18S_ASV_217
16S_ASV_434,18S_ASV_262,green,0.467290772812593,0.00121090592437935,Candidatus-Planktophila,16S_ASV_434,Chlorophyta,18S_ASV_262
16S_ASV_598,18S_ASV_81,green,0.467160618954192,0.0012152503338167,Cyanobium,16S_ASV_598,Cryptophyta,18S_ASV_81
16S_ASV_1002,18S_ASV_72,green,0.466583495029591,0.00123468187367518,Luteolibacter,16S_ASV_1002,Stramenopiles,18S_ASV_72
16S_ASV_270,18S_ASV_142,green,0.466209881387304,0.00124740835429367,Luteolibacter,16S_ASV_270,Stramenopiles,18S_ASV_142
16S_ASV_580,18S_ASV_231,green,0.466015480199326,0.0012540763668502,Luteolibacter,16S_ASV_580,Chlorophyta,18S_ASV_231
16S_ASV_840,18S_ASV_1112,green,0.465435324660745,0.00127416491257251,Luteolibacter,16S_ASV_840,Stramenopiles,18S_ASV_1112
16S_ASV_1323,18S_ASV_346,green,0.465174865550636,0.00128327639183588,Terrimicrobium,16S_ASV_1323,Streptophyta,18S_ASV_346
16S_ASV_645,18S_ASV_513,green,0.464848899388623,0.00129476113686164,NA,16S_ASV_645,Opisthokonta_Basidiomycota,18S_ASV_513
16S_ASV_890,18S_ASV_1051,green,0.464749301929346,0.00129828844445645,Vulcanococcus,16S_ASV_890,Stramenopiles,18S_ASV_1051
16S_ASV_487,18S_ASV_182,green,0.464392941632711,0.00131097931196816,Vulcanococcus,16S_ASV_487,Streptophyta,18S_ASV_182
16S_ASV_1174,18S_ASV_81,green,0.463972466258383,0.0013260953422631,Luteolibacter,16S_ASV_1174,Cryptophyta,18S_ASV_81
16S_ASV_840,18S_ASV_542,green,0.463957909166911,0.00132662143333877,Luteolibacter,16S_ASV_840,Stramenopiles,18S_ASV_542
16S_ASV_840,18S_ASV_217,green,0.463201005260509,0.00135423296600684,Luteolibacter,16S_ASV_840,Stramenopiles,18S_ASV_217
16S_ASV_1002,18S_ASV_227,green,0.462226359361509,0.00139053990971421,Luteolibacter,16S_ASV_1002,Opisthokonta_Chytridiomycota,18S_ASV_227
16S_ASV_434,18S_ASV_444,green,0.462128153053751,0.00139424579847586,Candidatus-Planktophila,16S_ASV_434,Opisthokonta_Choanoflagellatea,18S_ASV_444
16S_ASV_840,18S_ASV_630,green,0.461879244062656,0.00140367792897082,Luteolibacter,16S_ASV_840,Chlorophyta,18S_ASV_630
16S_ASV_1323,18S_ASV_146,green,0.46176594653762,0.00140798996878804,Terrimicrobium,16S_ASV_1323,Opisthokonta_Chytridiomycota,18S_ASV_146
16S_ASV_645,18S_ASV_1112,green,0.461765113052748,0.00140802173433736,NA,16S_ASV_645,Stramenopiles,18S_ASV_1112
16S_ASV_435,18S_ASV_142,green,0.461629047177404,0.00141321598964642,Luteolibacter,16S_ASV_435,Stramenopiles,18S_ASV_142
16S_ASV_1174,18S_ASV_370,green,0.461447848484544,0.00142015961441103,Luteolibacter,16S_ASV_1174,Opisthokonta_Ascomycota,18S_ASV_370
16S_ASV_613,18S_ASV_1112,green,0.461426408174621,0.00142098322100733,Luteolibacter,16S_ASV_613,Stramenopiles,18S_ASV_1112
16S_ASV_457,18S_ASV_84,green,0.461234056825282,0.00142839120479469,Luteolibacter,16S_ASV_457,Cryptophyta,18S_ASV_84
16S_ASV_435,18S_ASV_535,green,0.460236418319755,0.00146736650021917,Luteolibacter,16S_ASV_435,Stramenopiles,18S_ASV_535
16S_ASV_544,18S_ASV_438,green,0.460108018112445,0.00147245080208547,Luteolibacter,16S_ASV_544,Stramenopiles,18S_ASV_438
16S_ASV_457,18S_ASV_591,green,0.459585071908143,0.00149332013050285,Luteolibacter,16S_ASV_457,Alveolata,18S_ASV_591
16S_ASV_177,18S_ASV_530,green,0.459311787505324,0.00150433034396124,Luteolibacter,16S_ASV_177,Streptophyta,18S_ASV_530
16S_ASV_378,18S_ASV_530,green,0.459132846094201,0.00151157862925092,Luteolibacter,16S_ASV_378,Streptophyta,18S_ASV_530
16S_ASV_177,18S_ASV_547,green,0.458864037431552,0.00152252542465805,Luteolibacter,16S_ASV_177,Stramenopiles,18S_ASV_547
16S_ASV_645,18S_ASV_84,green,0.458475048165758,0.00153849104300399,NA,16S_ASV_645,Cryptophyta,18S_ASV_84
16S_ASV_598,18S_ASV_438,green,0.458417121442475,0.00154088125354949,Cyanobium,16S_ASV_598,Stramenopiles,18S_ASV_438
16S_ASV_541,18S_ASV_312,green,0.458275002523678,0.00154675943292572,Luteolibacter,16S_ASV_541,Stramenopiles,18S_ASV_312
16S_ASV_435,18S_ASV_513,green,0.458064973130232,0.00155548291492309,Luteolibacter,16S_ASV_435,Opisthokonta_Basidiomycota,18S_ASV_513
16S_ASV_1002,18S_ASV_81,green,0.457937278087851,0.00156080800217372,Luteolibacter,16S_ASV_1002,Cryptophyta,18S_ASV_81
16S_ASV_544,18S_ASV_346,green,0.457861957371395,0.0015639565799163,Luteolibacter,16S_ASV_544,Streptophyta,18S_ASV_346
16S_ASV_580,18S_ASV_1112,green,0.457717504093865,0.00157001083826936,Luteolibacter,16S_ASV_580,Stramenopiles,18S_ASV_1112
16S_ASV_1323,18S_ASV_591,green,0.45709474268955,0.00159635060541834,Terrimicrobium,16S_ASV_1323,Alveolata,18S_ASV_591
16S_ASV_177,18S_ASV_694,green,0.456605703064891,0.00161730876505368,Luteolibacter,16S_ASV_177,Opisthokonta_Choanoflagellatea,18S_ASV_694
16S_ASV_1323,18S_ASV_227,green,0.455678758487581,0.00165770473258721,Terrimicrobium,16S_ASV_1323,Opisthokonta_Chytridiomycota,18S_ASV_227
16S_ASV_417,18S_ASV_231,green,0.455560142403617,0.00166293805478296,Luteolibacter,16S_ASV_417,Chlorophyta,18S_ASV_231
16S_ASV_580,18S_ASV_337,green,0.455475653579206,0.00166667462052706,Luteolibacter,16S_ASV_580,Apusomonada,18S_ASV_337
16S_ASV_417,18S_ASV_142,green,0.455346627230198,0.00167239525608331,Luteolibacter,16S_ASV_417,Stramenopiles,18S_ASV_142
16S_ASV_1002,18S_ASV_1112,green,0.455238492393824,0.00167720303416018,Luteolibacter,16S_ASV_1002,Stramenopiles,18S_ASV_1112
16S_ASV_378,18S_ASV_84,green,0.455212568088924,0.0016783574738267,Luteolibacter,16S_ASV_378,Cryptophyta,18S_ASV_84
16S_ASV_457,18S_ASV_52,green,0.454914396119192,0.00169168618405817,Luteolibacter,16S_ASV_457,Opisthokonta_Zoopagomycota,18S_ASV_52
16S_ASV_327,18S_ASV_52,green,0.454723766516079,0.00170025671518979,Luteolibacter,16S_ASV_327,Opisthokonta_Zoopagomycota,18S_ASV_52
16S_ASV_270,18S_ASV_547,green,0.454625042778574,0.00170471036075778,Luteolibacter,16S_ASV_270,Stramenopiles,18S_ASV_547
16S_ASV_1323,18S_ASV_13,green,0.454075030199016,0.00172971253797362,Terrimicrobium,16S_ASV_1323,Stramenopiles,18S_ASV_13
16S_ASV_1174,18S_ASV_547,green,0.454021637534666,0.00173215686022792,Luteolibacter,16S_ASV_1174,Stramenopiles,18S_ASV_547
16S_ASV_540,18S_ASV_81,green,0.453860401966239,0.00173955684212163,Luteolibacter,16S_ASV_540,Cryptophyta,18S_ASV_81
16S_ASV_417,18S_ASV_290,green,0.453546921680101,0.00175402443182174,Luteolibacter,16S_ASV_417,Stramenopiles,18S_ASV_290
16S_ASV_378,18S_ASV_227,green,0.453479508951092,0.00175714953095399,Luteolibacter,16S_ASV_378,Opisthokonta_Chytridiomycota,18S_ASV_227
16S_ASV_327,18S_ASV_84,green,0.453430855077895,0.0017594080783671,Luteolibacter,16S_ASV_327,Cryptophyta,18S_ASV_84
16S_ASV_541,18S_ASV_52,green,0.452553860156612,0.00180056245056637,Luteolibacter,16S_ASV_541,Opisthokonta_Zoopagomycota,18S_ASV_52
16S_ASV_598,18S_ASV_312,green,0.452522861092319,0.00180203261150132,Cyanobium,16S_ASV_598,Stramenopiles,18S_ASV_312
16S_ASV_1174,18S_ASV_542,green,0.452174111620494,0.00181864584894211,Luteolibacter,16S_ASV_1174,Stramenopiles,18S_ASV_542
16S_ASV_270,18S_ASV_694,green,0.452145365320809,0.00182002125972958,Luteolibacter,16S_ASV_270,Opisthokonta_Choanoflagellatea,18S_ASV_694
16S_ASV_598,18S_ASV_1051,green,0.451628476295673,0.00184491039169494,Cyanobium,16S_ASV_598,Stramenopiles,18S_ASV_1051
16S_ASV_457,18S_ASV_312,green,0.451510747866938,0.00185062120904881,Luteolibacter,16S_ASV_457,Stramenopiles,18S_ASV_312
16S_ASV_544,18S_ASV_231,green,0.451304177146172,0.00186067947791424,Luteolibacter,16S_ASV_544,Chlorophyta,18S_ASV_231
16S_ASV_544,18S_ASV_84,green,0.450933052657556,0.00187887184996846,Luteolibacter,16S_ASV_544,Cryptophyta,18S_ASV_84
16S_ASV_840,18S_ASV_81,green,0.450525575343194,0.00189902750607585,Luteolibacter,16S_ASV_840,Cryptophyta,18S_ASV_81
16S_ASV_540,18S_ASV_182,green,0.450347718399319,0.00190788497176021,Luteolibacter,16S_ASV_540,Streptophyta,18S_ASV_182
16S_ASV_613,18S_ASV_142,green,0.450051034711954,0.00192274156589889,Luteolibacter,16S_ASV_613,Stramenopiles,18S_ASV_142
16S_ASV_613,18S_ASV_81,green,0.449192150631353,0.00196632976672333,Luteolibacter,16S_ASV_613,Cryptophyta,18S_ASV_81
16S_ASV_702,18S_ASV_530,green,0.448591916663854,0.00199730850338332,Luteolibacter,16S_ASV_702,Streptophyta,18S_ASV_530
16S_ASV_270,18S_ASV_542,green,0.448582159142879,0.00199781564720489,Luteolibacter,16S_ASV_270,Stramenopiles,18S_ASV_542
16S_ASV_435,18S_ASV_1112,green,0.448156065516687,0.00202007315809597,Luteolibacter,16S_ASV_435,Stramenopiles,18S_ASV_1112
16S_ASV_541,18S_ASV_542,green,0.448122429028166,0.00202183950817925,Luteolibacter,16S_ASV_541,Stramenopiles,18S_ASV_542
16S_ASV_487,18S_ASV_183,green,0.448078323868196,0.00202415766938617,Vulcanococcus,16S_ASV_487,Opisthokonta_Chytridiomycota,18S_ASV_183
16S_ASV_457,18S_ASV_1051,green,0.447921563630023,0.0020324160108692,Luteolibacter,16S_ASV_457,Stramenopiles,18S_ASV_1051
16S_ASV_378,18S_ASV_274,green,0.447902390537946,0.00203342811844724,Luteolibacter,16S_ASV_378,Opisthokonta_Choanoflagellatea,18S_ASV_274
16S_ASV_702,18S_ASV_630,green,0.44757648522466,0.0020507003236372,Luteolibacter,16S_ASV_702,Chlorophyta,18S_ASV_630
16S_ASV_177,18S_ASV_1079,green,0.44757054118786,0.00205101654486798,Luteolibacter,16S_ASV_177,Rhizaria,18S_ASV_1079
16S_ASV_177,18S_ASV_183,green,0.447514553287986,0.00205399720408902,Luteolibacter,16S_ASV_177,Opisthokonta_Chytridiomycota,18S_ASV_183
16S_ASV_270,18S_ASV_530,green,0.447450078035855,0.00205743445587494,Luteolibacter,16S_ASV_270,Streptophyta,18S_ASV_530
16S_ASV_544,18S_ASV_52,green,0.446628715265236,0.00210166967823151,Luteolibacter,16S_ASV_544,Opisthokonta_Zoopagomycota,18S_ASV_52
16S_ASV_327,18S_ASV_630,green,0.446207389835161,0.00212468524020934,Luteolibacter,16S_ASV_327,Chlorophyta,18S_ASV_630
16S_ASV_457,18S_ASV_750,green,0.44611057363016,0.00213000535966144,Luteolibacter,16S_ASV_457,Rhizaria,18S_ASV_750
16S_ASV_270,18S_ASV_217,green,0.446061869327369,0.00213268614602038,Luteolibacter,16S_ASV_270,Stramenopiles,18S_ASV_217
16S_ASV_378,18S_ASV_182,green,0.445515488080248,0.00216296518554948,Luteolibacter,16S_ASV_378,Streptophyta,18S_ASV_182
16S_ASV_540,18S_ASV_1051,green,0.444137107995618,0.00224104637543286,Luteolibacter,16S_ASV_540,Stramenopiles,18S_ASV_1051
16S_ASV_645,18S_ASV_415,green,0.443921465733048,0.00225348453375796,NA,16S_ASV_645,Stramenopiles,18S_ASV_415
16S_ASV_645,18S_ASV_69,green,0.443557812581153,0.00227459808677389,NA,16S_ASV_645,Stramenopiles,18S_ASV_69
16S_ASV_702,18S_ASV_81,green,0.443484048770858,0.00227890203741397,Luteolibacter,16S_ASV_702,Cryptophyta,18S_ASV_81
16S_ASV_378,18S_ASV_183,green,0.443422680087956,0.00228248824080431,Luteolibacter,16S_ASV_378,Opisthokonta_Chytridiomycota,18S_ASV_183
16S_ASV_177,18S_ASV_93,green,0.443263488294845,0.00229181418277659,Luteolibacter,16S_ASV_177,Chlorophyta,18S_ASV_93
16S_ASV_270,18S_ASV_93,green,0.442909185309482,0.00231269123590775,Luteolibacter,16S_ASV_270,Chlorophyta,18S_ASV_93
16S_ASV_613,18S_ASV_630,green,0.442833332174,0.00231718259341835,Luteolibacter,16S_ASV_613,Chlorophyta,18S_ASV_630
16S_ASV_598,18S_ASV_415,green,0.442805579535903,0.00231882778491548,Cyanobium,16S_ASV_598,Stramenopiles,18S_ASV_415
16S_ASV_702,18S_ASV_1051,green,0.442800518553875,0.00231912791386564,Luteolibacter,16S_ASV_702,Stramenopiles,18S_ASV_1051
16S_ASV_457,18S_ASV_274,green,0.442737701102643,0.00232285600293331,Luteolibacter,16S_ASV_457,Opisthokonta_Choanoflagellatea,18S_ASV_274
16S_ASV_702,18S_ASV_417,green,0.442626067629799,0.00232949428528494,Luteolibacter,16S_ASV_702,NA,18S_ASV_417
16S_ASV_378,18S_ASV_1051,green,0.442285310492552,0.00234986112975425,Luteolibacter,16S_ASV_378,Stramenopiles,18S_ASV_1051
16S_ASV_613,18S_ASV_217,green,0.442224592953383,0.00235350663610828,Luteolibacter,16S_ASV_613,Stramenopiles,18S_ASV_217
16S_ASV_711,18S_ASV_438,green,0.442220622396733,0.00235374520382972,Luteolibacter,16S_ASV_711,Stramenopiles,18S_ASV_438
16S_ASV_702,18S_ASV_182,green,0.442132509634763,0.00235904488575401,Luteolibacter,16S_ASV_702,Streptophyta,18S_ASV_182
16S_ASV_580,18S_ASV_182,green,0.442036627345614,0.00236482384503138,Luteolibacter,16S_ASV_580,Streptophyta,18S_ASV_182
16S_ASV_702,18S_ASV_535,green,0.441921045163898,0.00237180675521435,Luteolibacter,16S_ASV_702,Stramenopiles,18S_ASV_535
16S_ASV_840,18S_ASV_183,green,0.441899859195711,0.00237308867997227,Luteolibacter,16S_ASV_840,Opisthokonta_Chytridiomycota,18S_ASV_183
16S_ASV_540,18S_ASV_535,green,0.441819047158325,0.00237798408872681,Luteolibacter,16S_ASV_540,Stramenopiles,18S_ASV_535
16S_ASV_457,18S_ASV_630,green,0.441793784804813,0.00237951625232908,Luteolibacter,16S_ASV_457,Chlorophyta,18S_ASV_630
16S_ASV_541,18S_ASV_274,green,0.441688119386932,0.0023859343174096,Luteolibacter,16S_ASV_541,Opisthokonta_Choanoflagellatea,18S_ASV_274
16S_ASV_457,18S_ASV_370,green,0.441550831219974,0.0023942959545495,Luteolibacter,16S_ASV_457,Opisthokonta_Ascomycota,18S_ASV_370
16S_ASV_541,18S_ASV_630,green,0.441463994280445,0.00239959816702675,Luteolibacter,16S_ASV_541,Chlorophyta,18S_ASV_630
16S_ASV_270,18S_ASV_1079,green,0.439488005375242,0.00252308524225913,Luteolibacter,16S_ASV_270,Rhizaria,18S_ASV_1079
16S_ASV_1323,18S_ASV_77,green,0.439458139586763,0.00252499388248406,Terrimicrobium,16S_ASV_1323,Opisthokonta_Chytridiomycota,18S_ASV_77
16S_ASV_598,18S_ASV_542,green,0.439356901357539,0.00253147321665724,Cyanobium,16S_ASV_598,Stramenopiles,18S_ASV_542
16S_ASV_1174,18S_ASV_1112,green,0.439280915899961,0.00253634598050125,Luteolibacter,16S_ASV_1174,Stramenopiles,18S_ASV_1112
16S_ASV_540,18S_ASV_630,green,0.438843783002526,0.00256453926280832,Luteolibacter,16S_ASV_540,Chlorophyta,18S_ASV_630
16S_ASV_1002,18S_ASV_142,green,0.4388012641654,0.00256729624435795,Luteolibacter,16S_ASV_1002,Stramenopiles,18S_ASV_142
16S_ASV_558,18S_ASV_227,green,0.438774885078189,0.00256900801505163,Vulcanococcus,16S_ASV_558,Opisthokonta_Chytridiomycota,18S_ASV_227
16S_ASV_682,18S_ASV_45,green,0.438433440987933,0.00259125572417425,Luteolibacter,16S_ASV_682,Opisthokonta_Chytridiomycota,18S_ASV_45
16S_ASV_378,18S_ASV_81,green,0.438330315726213,0.00259800844293585,Luteolibacter,16S_ASV_378,Cryptophyta,18S_ASV_81
16S_ASV_682,18S_ASV_630,green,0.437613577738134,0.00264537111679598,Luteolibacter,16S_ASV_682,Chlorophyta,18S_ASV_630
16S_ASV_457,18S_ASV_182,green,0.437482968311013,0.00265408339801341,Luteolibacter,16S_ASV_457,Streptophyta,18S_ASV_182
16S_ASV_598,18S_ASV_290,green,0.437439737824851,0.00265697264576279,Cyanobium,16S_ASV_598,Stramenopiles,18S_ASV_290
16S_ASV_541,18S_ASV_370,green,0.437422321503449,0.00265813742379658,Luteolibacter,16S_ASV_541,Opisthokonta_Ascomycota,18S_ASV_370
16S_ASV_487,18S_ASV_5,green,0.436961887405586,0.0026890942342941,Vulcanococcus,16S_ASV_487,Cryptophyta,18S_ASV_5
16S_ASV_417,18S_ASV_182,green,0.436911591238481,0.0026924950153694102,Luteolibacter,16S_ASV_417,Streptophyta,18S_ASV_182
16S_ASV_541,18S_ASV_81,green,0.435969798032997,0.00275687812070224,Luteolibacter,16S_ASV_541,Cryptophyta,18S_ASV_81
16S_ASV_457,18S_ASV_346,green,0.435830326080287,0.00276652711462679,Luteolibacter,16S_ASV_457,Streptophyta,18S_ASV_346
16S_ASV_1174,18S_ASV_217,green,0.435539280520713,0.00278675817123546,Luteolibacter,16S_ASV_1174,Stramenopiles,18S_ASV_217
16S_ASV_558,18S_ASV_182,green,0.434523113212037,0.00285841895046159,Vulcanococcus,16S_ASV_558,Streptophyta,18S_ASV_182
16S_ASV_682,18S_ASV_750,green,0.434069982980417,0.00289089353714491,Luteolibacter,16S_ASV_682,Rhizaria,18S_ASV_750
16S_ASV_558,18S_ASV_91,green,0.433396734529622,0.00293974305582033,Vulcanococcus,16S_ASV_558,Cryptophyta,18S_ASV_91
16S_ASV_270,18S_ASV_183,green,0.432990497263812,0.00296956886797504,Luteolibacter,16S_ASV_270,Opisthokonta_Chytridiomycota,18S_ASV_183
16S_ASV_1174,18S_ASV_72,green,0.432751714709967,0.00298722416365748,Luteolibacter,16S_ASV_1174,Stramenopiles,18S_ASV_72
16S_ASV_711,18S_ASV_312,green,0.432615107120036,0.00299736623539203,Luteolibacter,16S_ASV_711,Stramenopiles,18S_ASV_312
16S_ASV_645,18S_ASV_370,green,0.432602287723829,0.00299831953058772,NA,16S_ASV_645,Opisthokonta_Ascomycota,18S_ASV_370
16S_ASV_544,18S_ASV_750,green,0.432525041386726,0.00300406948627565,Luteolibacter,16S_ASV_544,Rhizaria,18S_ASV_750
16S_ASV_378,18S_ASV_630,green,0.431999295776274,0.00304346252613696,Luteolibacter,16S_ASV_378,Chlorophyta,18S_ASV_630
16S_ASV_434,18S_ASV_694,green,0.431266423222862,0.00309913295838391,Candidatus-Planktophila,16S_ASV_434,Opisthokonta_Choanoflagellatea,18S_ASV_694
16S_ASV_840,18S_ASV_52,green,0.430938090345351,0.00312436280948439,Luteolibacter,16S_ASV_840,Opisthokonta_Zoopagomycota,18S_ASV_52
16S_ASV_1174,18S_ASV_227,green,0.430613309044015,0.0031494972120164,Luteolibacter,16S_ASV_1174,Opisthokonta_Chytridiomycota,18S_ASV_227
16S_ASV_1323,18S_ASV_34,green,0.430332944758461,0.00317133699182492,Terrimicrobium,16S_ASV_1323,Stramenopiles,18S_ASV_34
16S_ASV_890,18S_ASV_13,green,0.430230344570876,0.00317936253082765,Vulcanococcus,16S_ASV_890,Stramenopiles,18S_ASV_13
16S_ASV_890,18S_ASV_1112,green,0.43016190355404,0.00318472600816521,Vulcanococcus,16S_ASV_890,Stramenopiles,18S_ASV_1112
16S_ASV_890,18S_ASV_415,green,0.429429615103828,0.00324261243354866,Vulcanococcus,16S_ASV_890,Stramenopiles,18S_ASV_415
16S_ASV_541,18S_ASV_1051,green,0.429373107359512,0.00324711747152576,Luteolibacter,16S_ASV_541,Stramenopiles,18S_ASV_1051
16S_ASV_417,18S_ASV_1112,green,0.429167190038388,0.00326358063983015,Luteolibacter,16S_ASV_417,Stramenopiles,18S_ASV_1112
16S_ASV_890,18S_ASV_264,green,0.428509634200888,0.00331664445717719,Vulcanococcus,16S_ASV_890,Stramenopiles,18S_ASV_264
16S_ASV_711,18S_ASV_530,green,0.428469769003035,0.00331988574471205,Luteolibacter,16S_ASV_711,Streptophyta,18S_ASV_530
16S_ASV_711,18S_ASV_91,green,0.428055306783768,0.00335374925301175,Luteolibacter,16S_ASV_711,Cryptophyta,18S_ASV_91
16S_ASV_327,18S_ASV_182,green,0.427959084565635,0.00336165430414457,Luteolibacter,16S_ASV_327,Streptophyta,18S_ASV_182
16S_ASV_544,18S_ASV_182,green,0.427407246777754,0.0034073067958583,Luteolibacter,16S_ASV_544,Streptophyta,18S_ASV_182
16S_ASV_645,18S_ASV_274,green,0.427253061538181,0.00342015913056262,NA,16S_ASV_645,Opisthokonta_Choanoflagellatea,18S_ASV_274
16S_ASV_711,18S_ASV_81,green,0.427028617098648,0.00343894407998952,Luteolibacter,16S_ASV_711,Cryptophyta,18S_ASV_81
16S_ASV_544,18S_ASV_274,green,0.426371330625055,0.00349447781180258,Luteolibacter,16S_ASV_544,Opisthokonta_Choanoflagellatea,18S_ASV_274
16S_ASV_177,18S_ASV_146,green,0.425550777619651,0.00356490912979762,Luteolibacter,16S_ASV_177,Opisthokonta_Chytridiomycota,18S_ASV_146
16S_ASV_378,18S_ASV_312,green,0.425244199423273,0.00359154171956321,Luteolibacter,16S_ASV_378,Stramenopiles,18S_ASV_312
16S_ASV_598,18S_ASV_518,green,0.42521035358292,0.00359449259246963,Cyanobium,16S_ASV_598,Chlorophyta,18S_ASV_518
16S_ASV_890,18S_ASV_84,green,0.425123788817566,0.00360204947756978,Vulcanococcus,16S_ASV_890,Cryptophyta,18S_ASV_84
16S_ASV_613,18S_ASV_183,green,0.423669320651603,0.00373112128473,Luteolibacter,16S_ASV_613,Opisthokonta_Chytridiomycota,18S_ASV_183
16S_ASV_711,18S_ASV_542,green,0.423640391306479,0.00373372911232611,Luteolibacter,16S_ASV_711,Stramenopiles,18S_ASV_542
16S_ASV_840,18S_ASV_370,green,0.42323645430819,0.00377030914718335,Luteolibacter,16S_ASV_840,Opisthokonta_Ascomycota,18S_ASV_370
16S_ASV_434,18S_ASV_750,green,0.422643473376794,0.00382457766447334,Candidatus-Planktophila,16S_ASV_434,Rhizaria,18S_ASV_750
16S_ASV_580,18S_ASV_312,green,0.422559925593129,0.00383227854579845,Luteolibacter,16S_ASV_580,Stramenopiles,18S_ASV_312
16S_ASV_711,18S_ASV_750,green,0.421730747526423,0.00390944621191111,Luteolibacter,16S_ASV_711,Rhizaria,18S_ASV_750
16S_ASV_890,18S_ASV_694,green,0.421512956543999,0.00392993928453393,Vulcanococcus,16S_ASV_890,Opisthokonta_Choanoflagellatea,18S_ASV_694
16S_ASV_645,18S_ASV_5,green,0.421120909471906,0.00396706618866,NA,16S_ASV_645,Cryptophyta,18S_ASV_5
16S_ASV_580,18S_ASV_630,green,0.420903369807893,0.00398779941374674,Luteolibacter,16S_ASV_580,Chlorophyta,18S_ASV_630
16S_ASV_327,18S_ASV_750,green,0.42058994992672,0.00401783756146584,Luteolibacter,16S_ASV_327,Rhizaria,18S_ASV_750
16S_ASV_840,18S_ASV_55,green,0.420584999806081,0.00401831356531979,Luteolibacter,16S_ASV_840,Stramenopiles,18S_ASV_55
16S_ASV_541,18S_ASV_547,green,0.420345350436749,0.00404141738932819,Luteolibacter,16S_ASV_541,Stramenopiles,18S_ASV_547
16S_ASV_580,18S_ASV_547,green,0.420097845290981,0.00406540053680444,Luteolibacter,16S_ASV_580,Stramenopiles,18S_ASV_547
16S_ASV_487,18S_ASV_91,green,0.418928371472776,0.00418041474090717,Vulcanococcus,16S_ASV_487,Cryptophyta,18S_ASV_91
16S_ASV_645,18S_ASV_183,green,0.418622367774899,0.0042109751152946,NA,16S_ASV_645,Opisthokonta_Chytridiomycota,18S_ASV_183
16S_ASV_580,18S_ASV_417,green,0.418250154924485,0.00424841101632184,Luteolibacter,16S_ASV_580,NA,18S_ASV_417
16S_ASV_890,18S_ASV_30,green,0.417642983254359,0.00431010306680212,Vulcanococcus,16S_ASV_890,Rhizaria,18S_ASV_30
16S_ASV_1002,18S_ASV_630,green,0.417607595903926,0.00431372265177914,Luteolibacter,16S_ASV_1002,Chlorophyta,18S_ASV_630
16S_ASV_711,18S_ASV_370,green,0.417417475150753,0.00433321462873188,Luteolibacter,16S_ASV_711,Opisthokonta_Ascomycota,18S_ASV_370
16S_ASV_457,18S_ASV_81,green,0.417366045183751,0.00433850065845,Luteolibacter,16S_ASV_457,Cryptophyta,18S_ASV_81
16S_ASV_541,18S_ASV_535,green,0.416778236290563,0.00439931790547773,Luteolibacter,16S_ASV_541,Stramenopiles,18S_ASV_535
16S_ASV_434,18S_ASV_245,green,0.416778227441976,0.00439931882657031,Candidatus-Planktophila,16S_ASV_434,Chlorophyta,18S_ASV_245
16S_ASV_558,18S_ASV_72,green,0.416562871908921,0.00442178621749944,Vulcanococcus,16S_ASV_558,Stramenopiles,18S_ASV_72
16S_ASV_682,18S_ASV_81,green,0.416435900935814,0.00443507964926449,Luteolibacter,16S_ASV_682,Cryptophyta,18S_ASV_81
16S_ASV_435,18S_ASV_227,green,0.416282569534225,0.00445117947053229,Luteolibacter,16S_ASV_435,Opisthokonta_Chytridiomycota,18S_ASV_227
16S_ASV_541,18S_ASV_417,green,0.416179616563269,0.00446201818399787,Luteolibacter,16S_ASV_541,NA,18S_ASV_417
16S_ASV_540,18S_ASV_274,green,0.415966466475475,0.00448453158295785,Luteolibacter,16S_ASV_540,Opisthokonta_Choanoflagellatea,18S_ASV_274
16S_ASV_417,18S_ASV_1051,green,0.415887812198539,0.00449286426014346,Luteolibacter,16S_ASV_417,Stramenopiles,18S_ASV_1051
16S_ASV_435,18S_ASV_84,green,0.415826785523809,0.00449933877555532,Luteolibacter,16S_ASV_435,Cryptophyta,18S_ASV_84
16S_ASV_1323,18S_ASV_150,green,0.415689683389408,0.00451391411440662,Terrimicrobium,16S_ASV_1323,Chlorophyta,18S_ASV_150
16S_ASV_1323,18S_ASV_235,green,0.415683684519885,0.00451455279547795,Terrimicrobium,16S_ASV_1323,Chlorophyta,18S_ASV_235
16S_ASV_645,18S_ASV_217,green,0.415670206688114,0.00451598802644952,NA,16S_ASV_645,Stramenopiles,18S_ASV_217
16S_ASV_540,18S_ASV_530,green,0.415521011764809,0.0045319021827224,Luteolibacter,16S_ASV_540,Streptophyta,18S_ASV_530
16S_ASV_434,18S_ASV_290,green,0.415495976825867,0.00453457737565891,Candidatus-Planktophila,16S_ASV_434,Stramenopiles,18S_ASV_290
16S_ASV_598,18S_ASV_503,green,0.414707266954796,0.00461956696559582,Cyanobium,16S_ASV_598,Stramenopiles,18S_ASV_503
16S_ASV_457,18S_ASV_91,green,0.414341147944242,0.00465948957231113,Luteolibacter,16S_ASV_457,Cryptophyta,18S_ASV_91
16S_ASV_682,18S_ASV_530,green,0.414309133310011,0.00466299481334265,Luteolibacter,16S_ASV_682,Streptophyta,18S_ASV_530
16S_ASV_540,18S_ASV_417,green,0.414038218105721,0.00469274925759313,Luteolibacter,16S_ASV_540,NA,18S_ASV_417
16S_ASV_580,18S_ASV_52,green,0.413792883252618,0.00471983709916515,Luteolibacter,16S_ASV_580,Opisthokonta_Zoopagomycota,18S_ASV_52
16S_ASV_434,18S_ASV_274,green,0.413613353584832,0.0047397456608178,Candidatus-Planktophila,16S_ASV_434,Opisthokonta_Choanoflagellatea,18S_ASV_274
16S_ASV_1002,18S_ASV_217,green,0.41335749372696,0.004768245346518,Luteolibacter,16S_ASV_1002,Stramenopiles,18S_ASV_217
16S_ASV_544,18S_ASV_630,green,0.413237847833461,0.00478162368795684,Luteolibacter,16S_ASV_544,Chlorophyta,18S_ASV_630
16S_ASV_177,18S_ASV_182,green,0.413229024041678,0.00478261162592571,Luteolibacter,16S_ASV_177,Streptophyta,18S_ASV_182
16S_ASV_434,18S_ASV_370,green,0.413166389219676,0.00478962952816319,Candidatus-Planktophila,16S_ASV_434,Opisthokonta_Ascomycota,18S_ASV_370
16S_ASV_544,18S_ASV_1051,green,0.41274145596219,0.00483747879613904,Luteolibacter,16S_ASV_544,Stramenopiles,18S_ASV_1051
16S_ASV_487,18S_ASV_227,green,0.41257583799062,0.00485624071778462,Vulcanococcus,16S_ASV_487,Opisthokonta_Chytridiomycota,18S_ASV_227
16S_ASV_1002,18S_ASV_55,green,0.412058286101631,0.00491528101335418,Luteolibacter,16S_ASV_1002,Stramenopiles,18S_ASV_55
16S_ASV_682,18S_ASV_182,green,0.412046992385417,0.0049165763054871,Luteolibacter,16S_ASV_682,Streptophyta,18S_ASV_182
16S_ASV_541,18S_ASV_72,green,0.4118832219997,0.00493539284894382,Luteolibacter,16S_ASV_541,Stramenopiles,18S_ASV_72
16S_ASV_682,18S_ASV_91,green,0.411835438449373,0.00494089480474857,Luteolibacter,16S_ASV_682,Cryptophyta,18S_ASV_91
16S_ASV_580,18S_ASV_274,green,0.411796713024038,0.00494535770167732,Luteolibacter,16S_ASV_580,Opisthokonta_Choanoflagellatea,18S_ASV_274
16S_ASV_645,18S_ASV_290,green,0.411604249867173,0.004967590238895,NA,16S_ASV_645,Stramenopiles,18S_ASV_290
16S_ASV_327,18S_ASV_1051,green,0.411381402601234,0.00499344146304272,Luteolibacter,16S_ASV_327,Stramenopiles,18S_ASV_1051
16S_ASV_417,18S_ASV_227,green,0.411321284327307,0.00500043549619452,Luteolibacter,16S_ASV_417,Opisthokonta_Chytridiomycota,18S_ASV_227
16S_ASV_417,18S_ASV_274,green,0.410995725697264,0.00503845886605393,Luteolibacter,16S_ASV_417,Opisthokonta_Choanoflagellatea,18S_ASV_274
16S_ASV_457,18S_ASV_535,green,0.410987169483407,0.00503946157251823,Luteolibacter,16S_ASV_457,Stramenopiles,18S_ASV_535
16S_ASV_1323,18S_ASV_70,green,0.41081908505569,0.00505919476838419,Terrimicrobium,16S_ASV_1323,Cryptophyta,18S_ASV_70
16S_ASV_1323,18S_ASV_129,green,0.410721199106373,0.00507071763598337,Terrimicrobium,16S_ASV_1323,Streptophyta,18S_ASV_129
16S_ASV_711,18S_ASV_274,green,0.410662211819506,0.00507767250023705,Luteolibacter,16S_ASV_711,Opisthokonta_Choanoflagellatea,18S_ASV_274
16S_ASV_541,18S_ASV_591,green,0.410437376284242,0.00510425791856634,Luteolibacter,16S_ASV_541,Alveolata,18S_ASV_591
16S_ASV_327,18S_ASV_274,green,0.410421265025588,0.00510616762546049,Luteolibacter,16S_ASV_327,Opisthokonta_Choanoflagellatea,18S_ASV_274
16S_ASV_434,18S_ASV_157,green,0.410376766364486,0.00511144539624343,Candidatus-Planktophila,16S_ASV_434,Chlorophyta,18S_ASV_157
16S_ASV_711,18S_ASV_1051,green,0.40997925616843,0.00515880348792742,Luteolibacter,16S_ASV_711,Stramenopiles,18S_ASV_1051
16S_ASV_327,18S_ASV_81,green,0.409890966517657,0.00516937377598447,Luteolibacter,16S_ASV_327,Cryptophyta,18S_ASV_81
16S_ASV_890,18S_ASV_518,green,0.409871386986099,0.00517172044824271,Vulcanococcus,16S_ASV_890,Chlorophyta,18S_ASV_518
16S_ASV_435,18S_ASV_182,green,0.4089637709134,0.0052815251292745,Luteolibacter,16S_ASV_435,Streptophyta,18S_ASV_182
16S_ASV_1323,18S_ASV_285,green,0.4089384016986,0.00528462328356549,Terrimicrobium,16S_ASV_1323,Stramenopiles,18S_ASV_285
16S_ASV_558,18S_ASV_417,green,0.408715421115164,0.00531192242206779,Vulcanococcus,16S_ASV_558,NA,18S_ASV_417
16S_ASV_435,18S_ASV_274,green,0.408539463179905,0.00533355127555222,Luteolibacter,16S_ASV_435,Opisthokonta_Choanoflagellatea,18S_ASV_274
16S_ASV_890,18S_ASV_34,green,0.40786792567181,0.00541680352894671,Vulcanococcus,16S_ASV_890,Stramenopiles,18S_ASV_34
16S_ASV_580,18S_ASV_72,green,0.407845899086292,0.00541955327729809,Luteolibacter,16S_ASV_580,Stramenopiles,18S_ASV_72
16S_ASV_270,18S_ASV_146,green,0.407447755418291,0.00546946654746995,Luteolibacter,16S_ASV_270,Opisthokonta_Chytridiomycota,18S_ASV_146
16S_ASV_487,18S_ASV_535,green,0.406955763180325,0.00553169749319475,Vulcanococcus,16S_ASV_487,Stramenopiles,18S_ASV_535
16S_ASV_434,18S_ASV_5,green,0.406814923598327,0.0055496250168398,Candidatus-Planktophila,16S_ASV_434,Cryptophyta,18S_ASV_5
16S_ASV_435,18S_ASV_183,green,0.406750676245733,0.00555781986464061,Luteolibacter,16S_ASV_435,Opisthokonta_Chytridiomycota,18S_ASV_183
16S_ASV_890,18S_ASV_142,green,0.405954808576184,0.0056602104819083,Vulcanococcus,16S_ASV_890,Stramenopiles,18S_ASV_142
16S_ASV_544,18S_ASV_91,green,0.40594491683903,0.00566149333601669,Luteolibacter,16S_ASV_544,Cryptophyta,18S_ASV_91
16S_ASV_540,18S_ASV_591,green,0.405700040938436,0.00569333188889851,Luteolibacter,16S_ASV_540,Alveolata,18S_ASV_591
16S_ASV_580,18S_ASV_84,green,0.405490131504682,0.00572074797794803,Luteolibacter,16S_ASV_580,Cryptophyta,18S_ASV_84
16S_ASV_541,18S_ASV_337,green,0.405437414756889,0.00572765127772839,Luteolibacter,16S_ASV_541,Apusomonada,18S_ASV_337
16S_ASV_598,18S_ASV_182,green,0.404929294630195,0.00579456230947829,Cyanobium,16S_ASV_598,Streptophyta,18S_ASV_182
16S_ASV_1002,18S_ASV_183,green,0.404766365907425,0.00581616073719397,Luteolibacter,16S_ASV_1002,Opisthokonta_Chytridiomycota,18S_ASV_183
16S_ASV_434,18S_ASV_1051,green,0.404510139710237,0.00585026860326067,Candidatus-Planktophila,16S_ASV_434,Stramenopiles,18S_ASV_1051
16S_ASV_327,18S_ASV_312,green,0.404042630685912,0.00591294986212651,Luteolibacter,16S_ASV_327,Stramenopiles,18S_ASV_312
16S_ASV_487,18S_ASV_417,green,0.403972425903469,0.0059224127913093,Vulcanococcus,16S_ASV_487,NA,18S_ASV_417
16S_ASV_435,18S_ASV_1051,green,0.403284301851537,0.00601586421489851,Luteolibacter,16S_ASV_435,Stramenopiles,18S_ASV_1051
16S_ASV_613,18S_ASV_542,green,0.40322887245835,0.00602344731027837,Luteolibacter,16S_ASV_613,Stramenopiles,18S_ASV_542
16S_ASV_544,18S_ASV_81,green,0.403012839621081,0.00605308129244632,Luteolibacter,16S_ASV_544,Cryptophyta,18S_ASV_81
16S_ASV_702,18S_ASV_274,green,0.403005900609711,0.00605403523652169,Luteolibacter,16S_ASV_702,Opisthokonta_Choanoflagellatea,18S_ASV_274
16S_ASV_613,18S_ASV_55,green,0.402978606626498,0.00605778875779615,Luteolibacter,16S_ASV_613,Stramenopiles,18S_ASV_55
16S_ASV_487,18S_ASV_72,green,0.402575919438984,0.00611340246629904,Vulcanococcus,16S_ASV_487,Stramenopiles,18S_ASV_72
16S_ASV_417,18S_ASV_183,green,0.401635376906857,0.00624502779854409,Luteolibacter,16S_ASV_417,Opisthokonta_Chytridiomycota,18S_ASV_183
16S_ASV_417,18S_ASV_312,green,0.401487873800065,0.00626589188210065,Luteolibacter,16S_ASV_417,Stramenopiles,18S_ASV_312
16S_ASV_177,18S_ASV_231,green,0.401416241436382,0.00627604597677488,Luteolibacter,16S_ASV_177,Chlorophyta,18S_ASV_231
16S_ASV_327,18S_ASV_542,green,0.401410427515804,0.00627687074316659,Luteolibacter,16S_ASV_327,Stramenopiles,18S_ASV_542
16S_ASV_434,18S_ASV_445,green,0.401049082945117,0.00632831629624865,Candidatus-Planktophila,16S_ASV_434,Chlorophyta,18S_ASV_445
16S_ASV_417,18S_ASV_84,green,0.400832800014966,0.00635928379546978,Luteolibacter,16S_ASV_417,Cryptophyta,18S_ASV_84
16S_ASV_327,18S_ASV_370,green,0.400432553485494,0.00641693827044198,Luteolibacter,16S_ASV_327,Opisthokonta_Ascomycota,18S_ASV_370
16S_ASV_487,18S_ASV_444,green,0.400229862041018,0.00644630804551714,Vulcanococcus,16S_ASV_487,Opisthokonta_Choanoflagellatea,18S_ASV_444
16S_ASV_702,18S_ASV_591,green,0.400154427629122,0.00645726815019032,Luteolibacter,16S_ASV_702,Alveolata,18S_ASV_591
16S_ASV_966,18S_ASV_170,greenyellow,0.740129666159779,6.24454954035818e-9,NA,16S_ASV_966,Cryptophyta,18S_ASV_170
16S_ASV_1363,18S_ASV_170,greenyellow,0.717296987484703,2.95849926402491e-8,NA,16S_ASV_1363,Cryptophyta,18S_ASV_170
16S_ASV_966,18S_ASV_29,greenyellow,0.592105884824484,1.83256078124063e-5,NA,16S_ASV_966,Cryptophyta,18S_ASV_29
16S_ASV_1551,18S_ASV_170,greenyellow,0.589413881775487,2.0438306232247202e-05,NA,16S_ASV_1551,Cryptophyta,18S_ASV_170
16S_ASV_1363,18S_ASV_29,greenyellow,0.559520752424248,6.44806019978697e-5,NA,16S_ASV_1363,Cryptophyta,18S_ASV_29
16S_ASV_1949,18S_ASV_170,greenyellow,0.525247057494777,2.1167869388005e-4,NA,16S_ASV_1949,Cryptophyta,18S_ASV_170
16S_ASV_856,18S_ASV_170,greenyellow,0.514515492633109,2.9940508187278e-4,NA,16S_ASV_856,Cryptophyta,18S_ASV_170
16S_ASV_1590,18S_ASV_29,greenyellow,0.512612832784572,3.1800877677956e-4,NA,16S_ASV_1590,Cryptophyta,18S_ASV_29
16S_ASV_1031,18S_ASV_170,greenyellow,0.503192146944665,4.2641298836831e-4,NA,16S_ASV_1031,Cryptophyta,18S_ASV_170
16S_ASV_1072,18S_ASV_170,greenyellow,0.498704309359872,4.8891719955016e-4,NA,16S_ASV_1072,Cryptophyta,18S_ASV_170
16S_ASV_1590,18S_ASV_170,greenyellow,0.490458919174525,6.2557535448856e-4,NA,16S_ASV_1590,Cryptophyta,18S_ASV_170
16S_ASV_1590,18S_ASV_652,greenyellow,0.483437809634908,7.6795766151272e-4,NA,16S_ASV_1590,Rhizaria,18S_ASV_652
16S_ASV_966,18S_ASV_635,greenyellow,0.47637483226233,9.3979760439298e-4,NA,16S_ASV_966,Stramenopiles,18S_ASV_635
16S_ASV_743,18S_ASV_170,greenyellow,0.471215410032848,0.0010862337449776,NA,16S_ASV_743,Cryptophyta,18S_ASV_170
16S_ASV_856,18S_ASV_652,greenyellow,0.460604556269711,0.00145287559885025,NA,16S_ASV_856,Rhizaria,18S_ASV_652
16S_ASV_831,18S_ASV_170,greenyellow,0.458790527093141,0.00152553124710571,NA,16S_ASV_831,Cryptophyta,18S_ASV_170
16S_ASV_539,18S_ASV_170,greenyellow,0.458712410863202,0.00152873117828046,NA,16S_ASV_539,Cryptophyta,18S_ASV_170
16S_ASV_773,18S_ASV_170,greenyellow,0.454715410425124,0.00170063327673469,NA,16S_ASV_773,Cryptophyta,18S_ASV_170
16S_ASV_1363,18S_ASV_635,greenyellow,0.446613921504784,0.00210247406048315,NA,16S_ASV_1363,Stramenopiles,18S_ASV_635
16S_ASV_688,18S_ASV_170,greenyellow,0.439683302878357,0.00251063565382182,NA,16S_ASV_688,Cryptophyta,18S_ASV_170
16S_ASV_664,18S_ASV_170,greenyellow,0.430917427768951,0.0031259565909952,NA,16S_ASV_664,Cryptophyta,18S_ASV_170
16S_ASV_998,18S_ASV_170,greenyellow,0.428909298635982,0.00328430254759938,NA,16S_ASV_998,Cryptophyta,18S_ASV_170
16S_ASV_801,18S_ASV_170,greenyellow,0.424501762247638,0.00365676181843169,NA,16S_ASV_801,Cryptophyta,18S_ASV_170
16S_ASV_629,18S_ASV_22,greenyellow,0.413611725868563,0.00473992649771819,NA,16S_ASV_629,Opisthokonta_Gastrotricha,18S_ASV_22
16S_ASV_267,18S_ASV_205,magenta,0.585309873620599,2.40922260151159e-5,Terrimicrobium,16S_ASV_267,Opisthokonta_Arthropoda,18S_ASV_205
16S_ASV_98,18S_ASV_205,magenta,0.57707931533813,3.32853276146608e-5,Terrimicrobium,16S_ASV_98,Opisthokonta_Arthropoda,18S_ASV_205
16S_ASV_178,18S_ASV_205,magenta,0.550215001028856,9.01938308837416e-5,Terrimicrobium,16S_ASV_178,Opisthokonta_Arthropoda,18S_ASV_205
16S_ASV_109,18S_ASV_205,magenta,0.535048221208778,1.5264767500823e-4,Terrimicrobium,16S_ASV_109,Opisthokonta_Arthropoda,18S_ASV_205
16S_ASV_137,18S_ASV_205,magenta,0.527752846889224,1.9488953577374e-4,Terrimicrobium,16S_ASV_137,Opisthokonta_Arthropoda,18S_ASV_205
16S_ASV_28,18S_ASV_205,magenta,0.525501712337814,2.09914612305e-4,Terrimicrobium,16S_ASV_28,Opisthokonta_Arthropoda,18S_ASV_205
16S_ASV_7,18S_ASV_205,magenta,0.524864515616311,2.1435392556839e-4,Terrimicrobium,16S_ASV_7,Opisthokonta_Arthropoda,18S_ASV_205
16S_ASV_91,18S_ASV_205,magenta,0.52421646342533,2.1895587408476e-4,Terrimicrobium,16S_ASV_91,Opisthokonta_Arthropoda,18S_ASV_205
16S_ASV_22,18S_ASV_205,magenta,0.522164278142223,2.3412493556898e-4,Terrimicrobium,16S_ASV_22,Opisthokonta_Arthropoda,18S_ASV_205
16S_ASV_14,18S_ASV_205,magenta,0.519976518406188,2.5133749908485e-4,Terrimicrobium,16S_ASV_14,Opisthokonta_Arthropoda,18S_ASV_205
16S_ASV_1,18S_ASV_205,magenta,0.518619597270835,2.6258007527748e-4,Terrimicrobium,16S_ASV_1,Opisthokonta_Arthropoda,18S_ASV_205
16S_ASV_66,18S_ASV_205,magenta,0.516009876421651,2.8548870883127e-4,Terrimicrobium,16S_ASV_66,Opisthokonta_Arthropoda,18S_ASV_205
16S_ASV_49,18S_ASV_205,magenta,0.515803911928423,2.8737136797998e-4,Terrimicrobium,16S_ASV_49,Opisthokonta_Arthropoda,18S_ASV_205
16S_ASV_4,18S_ASV_205,magenta,0.51113591193683094,3.3316199576516e-4,Terrimicrobium,16S_ASV_4,Opisthokonta_Arthropoda,18S_ASV_205
16S_ASV_176,18S_ASV_205,magenta,0.504862144628018,4.0505659488426e-4,Terrimicrobium,16S_ASV_176,Opisthokonta_Arthropoda,18S_ASV_205
16S_ASV_53,18S_ASV_205,magenta,0.502145381686247,4.4031080296995e-4,Terrimicrobium,16S_ASV_53,Opisthokonta_Arthropoda,18S_ASV_205
16S_ASV_74,18S_ASV_205,magenta,0.497514436162218,5.0681481801321e-4,Terrimicrobium,16S_ASV_74,Opisthokonta_Arthropoda,18S_ASV_205
16S_ASV_12,18S_ASV_205,magenta,0.48903108465051,6.5244634126806e-4,Terrimicrobium,16S_ASV_12,Opisthokonta_Arthropoda,18S_ASV_205
16S_ASV_104,18S_ASV_205,magenta,0.488435773187754,6.6395213551236e-4,Terrimicrobium,16S_ASV_104,Opisthokonta_Arthropoda,18S_ASV_205
16S_ASV_51,18S_ASV_205,magenta,0.487777272887929,6.7689079783434e-4,Terrimicrobium,16S_ASV_51,Opisthokonta_Arthropoda,18S_ASV_205
16S_ASV_166,18S_ASV_205,magenta,0.486973303615936,6.9299384471464e-4,Terrimicrobium,16S_ASV_166,Opisthokonta_Arthropoda,18S_ASV_205
16S_ASV_46,18S_ASV_205,magenta,0.48558144432707,7.2168521046829e-4,Terrimicrobium,16S_ASV_46,Opisthokonta_Arthropoda,18S_ASV_205
16S_ASV_116,18S_ASV_205,magenta,0.483331523143719,7.7031955240343e-4,Terrimicrobium,16S_ASV_116,Opisthokonta_Arthropoda,18S_ASV_205
16S_ASV_198,18S_ASV_205,magenta,0.482792694622195,7.8239369081641e-4,Terrimicrobium,16S_ASV_198,Opisthokonta_Arthropoda,18S_ASV_205
16S_ASV_32,18S_ASV_205,magenta,0.481971183597534,8.0112833754261e-4,Terrimicrobium,16S_ASV_32,Opisthokonta_Arthropoda,18S_ASV_205
16S_ASV_112,18S_ASV_205,magenta,0.481396006224508,8.144831731359e-4,Terrimicrobium,16S_ASV_112,Opisthokonta_Arthropoda,18S_ASV_205
16S_ASV_31,18S_ASV_205,magenta,0.479038290624984,8.7133174032796e-4,Terrimicrobium,16S_ASV_31,Opisthokonta_Arthropoda,18S_ASV_205
16S_ASV_224,18S_ASV_205,magenta,0.470233426405723,0.00111630370733413,Terrimicrobium,16S_ASV_224,Opisthokonta_Arthropoda,18S_ASV_205
16S_ASV_205,18S_ASV_205,magenta,0.465737870872263,0.00126365345242737,Terrimicrobium,16S_ASV_205,Opisthokonta_Arthropoda,18S_ASV_205
16S_ASV_37,18S_ASV_205,magenta,0.462721197313954,0.00137199974867753,Terrimicrobium,16S_ASV_37,Opisthokonta_Arthropoda,18S_ASV_205
16S_ASV_89,18S_ASV_205,magenta,0.461251269638008,0.00142772689602415,Terrimicrobium,16S_ASV_89,Opisthokonta_Arthropoda,18S_ASV_205
16S_ASV_78,18S_ASV_205,magenta,0.460741129887,0.00144753212081486,Terrimicrobium,16S_ASV_78,Opisthokonta_Arthropoda,18S_ASV_205
16S_ASV_135,18S_ASV_205,magenta,0.459635991989586,0.00149127656818383,Terrimicrobium,16S_ASV_135,Opisthokonta_Arthropoda,18S_ASV_205
16S_ASV_81,18S_ASV_205,magenta,0.454570087691569,0.00170719398569689,Terrimicrobium,16S_ASV_81,Opisthokonta_Arthropoda,18S_ASV_205
16S_ASV_65,18S_ASV_205,magenta,0.450936164600253,0.00187871865119202,Terrimicrobium,16S_ASV_65,Opisthokonta_Arthropoda,18S_ASV_205
16S_ASV_94,18S_ASV_205,magenta,0.4438326398622,0.00225862568286484,Terrimicrobium,16S_ASV_94,Opisthokonta_Arthropoda,18S_ASV_205
16S_ASV_50,18S_ASV_205,magenta,0.438700588040463,0.00257383464932016,Terrimicrobium,16S_ASV_50,Opisthokonta_Arthropoda,18S_ASV_205
16S_ASV_123,18S_ASV_205,magenta,0.433000000076284,0.00296886814492353,Terrimicrobium,16S_ASV_123,Opisthokonta_Arthropoda,18S_ASV_205
16S_ASV_133,18S_ASV_205,magenta,0.424630034783265,0.00364541993444364,Terrimicrobium,16S_ASV_133,Opisthokonta_Arthropoda,18S_ASV_205
16S_ASV_267,18S_ASV_164,magenta,0.41923733308398,0.00414975597686331,Terrimicrobium,16S_ASV_267,Opisthokonta_Arthropoda,18S_ASV_164
16S_ASV_98,18S_ASV_164,magenta,0.416643942035142,0.00441331667530481,Terrimicrobium,16S_ASV_98,Opisthokonta_Arthropoda,18S_ASV_164
16S_ASV_77,18S_ASV_205,magenta,0.413023825631856,0.00480563654151316,Terrimicrobium,16S_ASV_77,Opisthokonta_Arthropoda,18S_ASV_205
16S_ASV_198,18S_ASV_101,magenta,0.407560365014889,0.00545530882992351,Terrimicrobium,16S_ASV_198,Opisthokonta_Arthropoda,18S_ASV_101
16S_ASV_198,18S_ASV_164,magenta,0.404644407355459,0.005832373779198,Terrimicrobium,16S_ASV_198,Opisthokonta_Arthropoda,18S_ASV_164
16S_ASV_49,18S_ASV_164,magenta,0.400871906475156,0.00635367479323105,Terrimicrobium,16S_ASV_49,Opisthokonta_Arthropoda,18S_ASV_164
16S_ASV_809,18S_ASV_839,pink,0.765798930118691,8.85921175357688e-10,Aphanizomenon,16S_ASV_809,Opisthokonta_Basidiomycota,18S_ASV_839
16S_ASV_186,18S_ASV_302,pink,0.734906761813173,9.038146510226841e-9,Dolichospermum,16S_ASV_186,Chlorophyta,18S_ASV_302
16S_ASV_328,18S_ASV_302,pink,0.729391883554698,1.32321222650506e-8,Dolichospermum,16S_ASV_328,Chlorophyta,18S_ASV_302
16S_ASV_383,18S_ASV_302,pink,0.72819653441454,1.43544203805162e-8,Dolichospermum,16S_ASV_383,Chlorophyta,18S_ASV_302
16S_ASV_295,18S_ASV_302,pink,0.725576607650431,1.71331116638336e-8,Dolichospermum,16S_ASV_295,Chlorophyta,18S_ASV_302
16S_ASV_333,18S_ASV_302,pink,0.724948925494164,1.78697548867646e-8,Dolichospermum,16S_ASV_333,Chlorophyta,18S_ASV_302
16S_ASV_170,18S_ASV_302,pink,0.71552482120037,3.31718764209477e-8,Dolichospermum,16S_ASV_170,Chlorophyta,18S_ASV_302
16S_ASV_380,18S_ASV_302,pink,0.715286363887329,3.36844118559593e-8,Dolichospermum,16S_ASV_380,Chlorophyta,18S_ASV_302
16S_ASV_207,18S_ASV_302,pink,0.715265463812077,3.37296849798711e-8,Dolichospermum,16S_ASV_207,Chlorophyta,18S_ASV_302
16S_ASV_308,18S_ASV_302,pink,0.71355684734229,3.76293033806439e-8,Dolichospermum,16S_ASV_308,Chlorophyta,18S_ASV_302
16S_ASV_197,18S_ASV_302,pink,0.713194517483689,3.85086436392288e-8,Dolichospermum,16S_ASV_197,Chlorophyta,18S_ASV_302
16S_ASV_331,18S_ASV_302,pink,0.71091762360878,4.44890212049461e-8,Dolichospermum,16S_ASV_331,Chlorophyta,18S_ASV_302
16S_ASV_233,18S_ASV_302,pink,0.710759099022946,4.49361324639189e-8,Dolichospermum,16S_ASV_233,Chlorophyta,18S_ASV_302
16S_ASV_364,18S_ASV_302,pink,0.709294259815986,4.92708680243326e-8,Dolichospermum,16S_ASV_364,Chlorophyta,18S_ASV_302
16S_ASV_287,18S_ASV_302,pink,0.709229238561364,4.9472043692368e-8,Dolichospermum,16S_ASV_287,Chlorophyta,18S_ASV_302
16S_ASV_182,18S_ASV_302,pink,0.708761535125034,5.09418777672613e-8,Dolichospermum,16S_ASV_182,Chlorophyta,18S_ASV_302
16S_ASV_350,18S_ASV_302,pink,0.707127518341461,5.6403346549984e-8,Dolichospermum,16S_ASV_350,Chlorophyta,18S_ASV_302
16S_ASV_468,18S_ASV_302,pink,0.705036426557929,6.419092473515e-8,Dolichospermum,16S_ASV_468,Chlorophyta,18S_ASV_302
16S_ASV_254,18S_ASV_302,pink,0.699948118159007,8.75300469029851e-8,Dolichospermum,16S_ASV_254,Chlorophyta,18S_ASV_302
16S_ASV_212,18S_ASV_302,pink,0.698585890188484,9.50043831788401e-8,Dolichospermum,16S_ASV_212,Chlorophyta,18S_ASV_302
16S_ASV_251,18S_ASV_302,pink,0.69846136106999,9.57165491666593e-8,Dolichospermum,16S_ASV_251,Chlorophyta,18S_ASV_302
16S_ASV_363,18S_ASV_302,pink,0.697412749851976,1.01913979485667e-7,Dolichospermum,16S_ASV_363,Chlorophyta,18S_ASV_302
16S_ASV_280,18S_ASV_302,pink,0.697141883428478,1.03574571102293e-7,Dolichospermum,16S_ASV_280,Chlorophyta,18S_ASV_302
16S_ASV_64,18S_ASV_302,pink,0.696627436460017,1.06798153252196e-7,Dolichospermum,16S_ASV_64,Chlorophyta,18S_ASV_302
16S_ASV_343,18S_ASV_302,pink,0.696623937041668,1.06820397858231e-7,Dolichospermum,16S_ASV_343,Chlorophyta,18S_ASV_302
16S_ASV_360,18S_ASV_302,pink,0.68059817132132,2.69121880125599e-7,Dolichospermum,16S_ASV_360,Chlorophyta,18S_ASV_302
16S_ASV_235,18S_ASV_302,pink,0.677057168698219,3.27545750216354e-7,Dolichospermum,16S_ASV_235,Chlorophyta,18S_ASV_302
16S_ASV_266,18S_ASV_302,pink,0.673231866416971,4.03783078329135e-7,Dolichospermum,16S_ASV_266,Chlorophyta,18S_ASV_302
16S_ASV_381,18S_ASV_302,pink,0.669437347331577,4.95439990529018e-7,Dolichospermum,16S_ASV_381,Chlorophyta,18S_ASV_302
16S_ASV_276,18S_ASV_302,pink,0.665802229931225,6.01052385903538e-7,Dolichospermum,16S_ASV_276,Chlorophyta,18S_ASV_302
16S_ASV_208,18S_ASV_302,pink,0.662166316172542,7.27297822786654e-7,Dolichospermum,16S_ASV_208,Chlorophyta,18S_ASV_302
16S_ASV_282,18S_ASV_302,pink,0.660294509502101,8.0149694517374e-7,Dolichospermum,16S_ASV_282,Chlorophyta,18S_ASV_302
16S_ASV_284,18S_ASV_302,pink,0.64317275823256,1.89065126637637e-6,Dolichospermum,16S_ASV_284,Chlorophyta,18S_ASV_302
16S_ASV_221,18S_ASV_302,pink,0.633802255154815,2.95813438366063e-6,NA,16S_ASV_221,Chlorophyta,18S_ASV_302
16S_ASV_515,18S_ASV_302,pink,0.633053198372221,3.06393842376985e-6,Dolichospermum,16S_ASV_515,Chlorophyta,18S_ASV_302
16S_ASV_75,18S_ASV_302,pink,0.618623938903123,5.92341616502415e-6,Dolichospermum,16S_ASV_75,Chlorophyta,18S_ASV_302
16S_ASV_134,18S_ASV_302,pink,0.618409302250575,5.9803023495262e-6,Dolichospermum,16S_ASV_134,Chlorophyta,18S_ASV_302
16S_ASV_411,18S_ASV_302,pink,0.618284204198291,6.01368967622898e-6,Dolichospermum,16S_ASV_411,Chlorophyta,18S_ASV_302
16S_ASV_304,18S_ASV_302,pink,0.617622000288055,6.1933064450353e-6,Dolichospermum,16S_ASV_304,Chlorophyta,18S_ASV_302
16S_ASV_18,18S_ASV_302,pink,0.616512098788949,6.50548897966123e-6,Dolichospermum,16S_ASV_18,Chlorophyta,18S_ASV_302
16S_ASV_809,18S_ASV_302,pink,0.605340875954708,1.05626951472424e-5,Aphanizomenon,16S_ASV_809,Chlorophyta,18S_ASV_302
16S_ASV_234,18S_ASV_302,pink,0.598695904387178,1.39715211914475e-5,Dolichospermum,16S_ASV_234,Chlorophyta,18S_ASV_302
16S_ASV_316,18S_ASV_302,pink,0.568912904343837,4.54830706240404e-5,Dolichospermum,16S_ASV_316,Chlorophyta,18S_ASV_302
16S_ASV_436,18S_ASV_302,pink,0.538953333826018,1.3362670828192e-4,Dolichospermum,16S_ASV_436,Chlorophyta,18S_ASV_302
16S_ASV_316,18S_ASV_154,pink,0.441643229037204,0.00238866555657446,Dolichospermum,16S_ASV_316,Cryptophyta,18S_ASV_154
16S_ASV_436,18S_ASV_154,pink,0.429987503817323,0.00319842905321561,Dolichospermum,16S_ASV_436,Cryptophyta,18S_ASV_154
16S_ASV_436,18S_ASV_28,pink,0.424161038281907,0.00368703908174091,Dolichospermum,16S_ASV_436,Cryptophyta,18S_ASV_28
16S_ASV_316,18S_ASV_28,pink,0.422207952228181,0.00386487048807401,Dolichospermum,16S_ASV_316,Cryptophyta,18S_ASV_28
16S_ASV_677,18S_ASV_302,pink,0.42218878572898,0.0038666522128128,Aphanizomenon,16S_ASV_677,Chlorophyta,18S_ASV_302
16S_ASV_1241,18S_ASV_377,red,0.849761662565225,1.56141365879317e-13,Chthoniobacter,16S_ASV_1241,Chlorophyta,18S_ASV_377
16S_ASV_1241,18S_ASV_15,red,0.786953313401765,1.45754671384606e-10,Chthoniobacter,16S_ASV_1241,Chlorophyta,18S_ASV_15
16S_ASV_1241,18S_ASV_36,red,0.780704173493121,2.53561863814576e-10,Chthoniobacter,16S_ASV_1241,Chlorophyta,18S_ASV_36
16S_ASV_1241,18S_ASV_57,red,0.779496231628528,2.81621413369071e-10,Chthoniobacter,16S_ASV_1241,Chlorophyta,18S_ASV_57
16S_ASV_1241,18S_ASV_37,red,0.771772273762995,5.42688343456243e-10,Chthoniobacter,16S_ASV_1241,Alveolata,18S_ASV_37
16S_ASV_736,18S_ASV_377,red,0.750978595679749,2.81514894489483e-9,Chthoniobacter,16S_ASV_736,Chlorophyta,18S_ASV_377
16S_ASV_571,18S_ASV_37,red,0.748964502034343,3.27380347232665e-9,Chthoniobacter,16S_ASV_571,Alveolata,18S_ASV_37
16S_ASV_571,18S_ASV_49,red,0.748946235386261,3.2782668801855803e-9,Chthoniobacter,16S_ASV_571,Stramenopiles,18S_ASV_49
16S_ASV_671,18S_ASV_375,red,0.745286417646019,4.297251360298051e-9,NA,16S_ASV_671,Opisthokonta_Chytridiomycota,18S_ASV_375
16S_ASV_571,18S_ASV_99,red,0.745026571620315,4.37987112109358e-9,Chthoniobacter,16S_ASV_571,Chlorophyta,18S_ASV_99
16S_ASV_1241,18S_ASV_71,red,0.744029114036345,4.71105029011373e-9,Chthoniobacter,16S_ASV_1241,Chlorophyta,18S_ASV_71
16S_ASV_571,18S_ASV_51,red,0.730687129981133,1.21090164567915e-8,Chthoniobacter,16S_ASV_571,Chlorophyta,18S_ASV_51
16S_ASV_671,18S_ASV_37,red,0.727637704240812,1.49091037135967e-8,NA,16S_ASV_671,Alveolata,18S_ASV_37
16S_ASV_671,18S_ASV_73,red,0.725037773144029,1.77637138997021e-8,NA,16S_ASV_671,Chlorophyta,18S_ASV_73
16S_ASV_84,18S_ASV_37,red,0.720358132865641,2.42292165025253e-8,FukuN18-freshwater-group,16S_ASV_84,Alveolata,18S_ASV_37
16S_ASV_150,18S_ASV_37,red,0.710060058902805,4.69582593724974e-8,FukuN18-freshwater-group,16S_ASV_150,Alveolata,18S_ASV_37
16S_ASV_736,18S_ASV_15,red,0.707511735283126,5.50721037408817e-8,Chthoniobacter,16S_ASV_736,Chlorophyta,18S_ASV_15
16S_ASV_38,18S_ASV_51,red,0.707427921078795,5.53599784514302e-8,FukuN18-freshwater-group,16S_ASV_38,Chlorophyta,18S_ASV_51
16S_ASV_736,18S_ASV_36,red,0.707267935138285,5.59133824993352e-8,Chthoniobacter,16S_ASV_736,Chlorophyta,18S_ASV_36
16S_ASV_271,18S_ASV_37,red,0.707161017710575,5.62860926556436e-8,FukuN18-freshwater-group,16S_ASV_271,Alveolata,18S_ASV_37
16S_ASV_671,18S_ASV_51,red,0.706670060622408,5.80275208289683e-8,NA,16S_ASV_671,Chlorophyta,18S_ASV_51
16S_ASV_152,18S_ASV_37,red,0.704476342627092,6.64410061077857e-8,FukuN18-freshwater-group,16S_ASV_152,Alveolata,18S_ASV_37
16S_ASV_736,18S_ASV_57,red,0.702563813421883,7.46914960290475e-8,Chthoniobacter,16S_ASV_736,Chlorophyta,18S_ASV_57
16S_ASV_229,18S_ASV_37,red,0.702464466379886,7.51451499432831e-8,FukuN18-freshwater-group,16S_ASV_229,Alveolata,18S_ASV_37
16S_ASV_671,18S_ASV_49,red,0.702228156588197,7.62345754401695e-8,NA,16S_ASV_671,Stramenopiles,18S_ASV_49
16S_ASV_165,18S_ASV_37,red,0.699281944983958,9.11138961407062e-8,FukuN18-freshwater-group,16S_ASV_165,Alveolata,18S_ASV_37
16S_ASV_154,18S_ASV_37,red,0.699197284641607,9.15790243818268e-8,FukuN18-freshwater-group,16S_ASV_154,Alveolata,18S_ASV_37
16S_ASV_61,18S_ASV_37,red,0.698709075147122,9.43047687803469e-8,FukuN18-freshwater-group,16S_ASV_61,Alveolata,18S_ASV_37
16S_ASV_131,18S_ASV_37,red,0.698195890982783,9.72513900784955e-8,FukuN18-freshwater-group,16S_ASV_131,Alveolata,18S_ASV_37
16S_ASV_80,18S_ASV_37,red,0.697121814862544,1.03698603259803e-7,FukuN18-freshwater-group,16S_ASV_80,Alveolata,18S_ASV_37
16S_ASV_108,18S_ASV_37,red,0.697070420245036,1.04016875352945e-7,FukuN18-freshwater-group,16S_ASV_108,Alveolata,18S_ASV_37
16S_ASV_120,18S_ASV_37,red,0.696554492159205,1.07262729729467e-7,FukuN18-freshwater-group,16S_ASV_120,Alveolata,18S_ASV_37
16S_ASV_52,18S_ASV_37,red,0.696104820181935,1.10168523635493e-7,FukuN18-freshwater-group,16S_ASV_52,Alveolata,18S_ASV_37
16S_ASV_21,18S_ASV_37,red,0.695336180602833,1.15306064435797e-7,FukuN18-freshwater-group,16S_ASV_21,Alveolata,18S_ASV_37
16S_ASV_194,18S_ASV_37,red,0.694983001717344,1.17740816421684e-7,FukuN18-freshwater-group,16S_ASV_194,Alveolata,18S_ASV_37
16S_ASV_571,18S_ASV_377,red,0.694896252860048,1.18346135427218e-7,Chthoniobacter,16S_ASV_571,Chlorophyta,18S_ASV_377
16S_ASV_36,18S_ASV_37,red,0.694814255115975,1.18920967859413e-7,FukuN18-freshwater-group,16S_ASV_36,Alveolata,18S_ASV_37
16S_ASV_248,18S_ASV_37,red,0.694173420463696,1.23503923843488e-7,FukuN18-freshwater-group,16S_ASV_248,Alveolata,18S_ASV_37
16S_ASV_84,18S_ASV_51,red,0.693084789884179,1.3166859760501e-7,FukuN18-freshwater-group,16S_ASV_84,Chlorophyta,18S_ASV_51
16S_ASV_736,18S_ASV_37,red,0.693034956979758,1.32054119065364e-7,Chthoniobacter,16S_ASV_736,Alveolata,18S_ASV_37
16S_ASV_131,18S_ASV_51,red,0.6930323050588,1.32074664529697e-7,FukuN18-freshwater-group,16S_ASV_131,Chlorophyta,18S_ASV_51
16S_ASV_38,18S_ASV_37,red,0.692690078189934,1.34751171663181e-7,FukuN18-freshwater-group,16S_ASV_38,Alveolata,18S_ASV_37
16S_ASV_5,18S_ASV_37,red,0.69224736462065,1.38288586678893e-7,FukuN18-freshwater-group,16S_ASV_5,Alveolata,18S_ASV_37
16S_ASV_58,18S_ASV_51,red,0.692217514771245,1.38530183005186e-7,FukuN18-freshwater-group,16S_ASV_58,Chlorophyta,18S_ASV_51
16S_ASV_149,18S_ASV_37,red,0.69147950483607,1.44629995947931e-7,FukuN18-freshwater-group,16S_ASV_149,Alveolata,18S_ASV_37
16S_ASV_142,18S_ASV_37,red,0.691451094018083,1.44869746186681e-7,FukuN18-freshwater-group,16S_ASV_142,Alveolata,18S_ASV_37
16S_ASV_268,18S_ASV_37,red,0.691164678556481,1.47307491474471e-7,FukuN18-freshwater-group,16S_ASV_268,Alveolata,18S_ASV_37
16S_ASV_56,18S_ASV_37,red,0.690462557561976,1.53446039370128e-7,FukuN18-freshwater-group,16S_ASV_56,Alveolata,18S_ASV_37
16S_ASV_44,18S_ASV_37,red,0.69027523386077,1.55123601140712e-7,FukuN18-freshwater-group,16S_ASV_44,Alveolata,18S_ASV_37
16S_ASV_10,18S_ASV_51,red,0.69015493124916,1.56209954910035e-7,FukuN18-freshwater-group,16S_ASV_10,Chlorophyta,18S_ASV_51
16S_ASV_80,18S_ASV_51,red,0.687248172676377,1.84715422606571e-7,FukuN18-freshwater-group,16S_ASV_80,Chlorophyta,18S_ASV_51
16S_ASV_10,18S_ASV_37,red,0.686809013853837,1.89421250058884e-7,FukuN18-freshwater-group,16S_ASV_10,Alveolata,18S_ASV_37
16S_ASV_281,18S_ASV_37,red,0.683524303293974,2.28324455362234e-7,FukuN18-freshwater-group,16S_ASV_281,Alveolata,18S_ASV_37
16S_ASV_242,18S_ASV_51,red,0.683289290071439,2.3137517991249e-7,FukuN18-freshwater-group,16S_ASV_242,Chlorophyta,18S_ASV_51
16S_ASV_88,18S_ASV_51,red,0.682770001015596,2.38251159323879e-7,FukuN18-freshwater-group,16S_ASV_88,Chlorophyta,18S_ASV_51
16S_ASV_242,18S_ASV_37,red,0.681239776339618,2.59635183793937e-7,FukuN18-freshwater-group,16S_ASV_242,Alveolata,18S_ASV_37
16S_ASV_5,18S_ASV_51,red,0.680573459933536,2.69493630997254e-7,FukuN18-freshwater-group,16S_ASV_5,Chlorophyta,18S_ASV_51
16S_ASV_192,18S_ASV_37,red,0.680049502199122,2.77489271721818e-7,FukuN18-freshwater-group,16S_ASV_192,Alveolata,18S_ASV_37
16S_ASV_88,18S_ASV_37,red,0.678961708370281,2.94798907769115e-7,FukuN18-freshwater-group,16S_ASV_88,Alveolata,18S_ASV_37
16S_ASV_21,18S_ASV_51,red,0.677855510340616,3.13427497549354e-7,FukuN18-freshwater-group,16S_ASV_21,Chlorophyta,18S_ASV_51
16S_ASV_130,18S_ASV_51,red,0.677563606521224,3.18522674499144e-7,FukuN18-freshwater-group,16S_ASV_130,Chlorophyta,18S_ASV_51
16S_ASV_130,18S_ASV_37,red,0.677263143881973,3.23847634985612e-7,FukuN18-freshwater-group,16S_ASV_130,Alveolata,18S_ASV_37
16S_ASV_68,18S_ASV_51,red,0.67711388441139,3.26523566662558e-7,FukuN18-freshwater-group,16S_ASV_68,Chlorophyta,18S_ASV_51
16S_ASV_150,18S_ASV_51,red,0.676372849941154,3.40116082099633e-7,FukuN18-freshwater-group,16S_ASV_150,Chlorophyta,18S_ASV_51
16S_ASV_142,18S_ASV_51,red,0.675988515917177,3.47371263614001e-7,FukuN18-freshwater-group,16S_ASV_142,Chlorophyta,18S_ASV_51
16S_ASV_44,18S_ASV_51,red,0.675882400940838,3.49399633691473e-7,FukuN18-freshwater-group,16S_ASV_44,Chlorophyta,18S_ASV_51
16S_ASV_68,18S_ASV_37,red,0.67492424199529,3.68219971804291e-7,FukuN18-freshwater-group,16S_ASV_68,Alveolata,18S_ASV_37
16S_ASV_271,18S_ASV_51,red,0.674643231850222,3.73915844140328e-7,FukuN18-freshwater-group,16S_ASV_271,Chlorophyta,18S_ASV_51
16S_ASV_736,18S_ASV_71,red,0.674030379730514,3.86623257302073e-7,Chthoniobacter,16S_ASV_736,Chlorophyta,18S_ASV_71
16S_ASV_192,18S_ASV_51,red,0.672972891166781,4.09498698184754e-7,FukuN18-freshwater-group,16S_ASV_192,Chlorophyta,18S_ASV_51
16S_ASV_52,18S_ASV_51,red,0.672939703244678,4.10236572844278e-7,FukuN18-freshwater-group,16S_ASV_52,Chlorophyta,18S_ASV_51
16S_ASV_179,18S_ASV_37,red,0.672664715746643,4.16398155729405e-7,FukuN18-freshwater-group,16S_ASV_179,Alveolata,18S_ASV_37
16S_ASV_179,18S_ASV_51,red,0.672650058425959,4.16728981755727e-7,FukuN18-freshwater-group,16S_ASV_179,Chlorophyta,18S_ASV_51
16S_ASV_58,18S_ASV_37,red,0.669675682888969,4.8915714679464e-7,FukuN18-freshwater-group,16S_ASV_58,Alveolata,18S_ASV_37
16S_ASV_163,18S_ASV_37,red,0.668899800103512,5.09886757817336e-7,FukuN18-freshwater-group,16S_ASV_163,Alveolata,18S_ASV_37
16S_ASV_108,18S_ASV_51,red,0.6670012754449,5.64102398668514e-7,FukuN18-freshwater-group,16S_ASV_108,Chlorophyta,18S_ASV_51
16S_ASV_61,18S_ASV_51,red,0.665960061440478,5.96063349371398e-7,FukuN18-freshwater-group,16S_ASV_61,Chlorophyta,18S_ASV_51
16S_ASV_278,18S_ASV_37,red,0.66428114578283,6.51161906809582e-7,FukuN18-freshwater-group,16S_ASV_278,Alveolata,18S_ASV_37
16S_ASV_120,18S_ASV_51,red,0.663726002119655,6.70396801489166e-7,FukuN18-freshwater-group,16S_ASV_120,Chlorophyta,18S_ASV_51
16S_ASV_36,18S_ASV_51,red,0.663720708120282,6.70582744013798e-7,FukuN18-freshwater-group,16S_ASV_36,Chlorophyta,18S_ASV_51
16S_ASV_84,18S_ASV_49,red,0.66227724708476,7.23107233391077e-7,FukuN18-freshwater-group,16S_ASV_84,Stramenopiles,18S_ASV_49
16S_ASV_709,18S_ASV_377,red,0.660856036026072,7.78531553900826e-7,Chthoniobacter,16S_ASV_709,Chlorophyta,18S_ASV_377
16S_ASV_56,18S_ASV_51,red,0.660155937409325,8.07260202315736e-7,FukuN18-freshwater-group,16S_ASV_56,Chlorophyta,18S_ASV_51
16S_ASV_149,18S_ASV_51,red,0.658978929625215,8.57786182992296e-7,FukuN18-freshwater-group,16S_ASV_149,Chlorophyta,18S_ASV_51
16S_ASV_229,18S_ASV_51,red,0.658760860043311,8.6746361447667e-7,FukuN18-freshwater-group,16S_ASV_229,Chlorophyta,18S_ASV_51
16S_ASV_194,18S_ASV_51,red,0.658564928517708,8.76244913285098e-7,FukuN18-freshwater-group,16S_ASV_194,Chlorophyta,18S_ASV_51
16S_ASV_150,18S_ASV_49,red,0.657703133377961,9.1585715445368e-7,FukuN18-freshwater-group,16S_ASV_150,Stramenopiles,18S_ASV_49
16S_ASV_165,18S_ASV_51,red,0.657672134871002,9.17312475205213e-7,FukuN18-freshwater-group,16S_ASV_165,Chlorophyta,18S_ASV_51
16S_ASV_115,18S_ASV_37,red,0.65732281846547,9.338611972182e-7,FukuN18-freshwater-group,16S_ASV_115,Alveolata,18S_ASV_37
16S_ASV_152,18S_ASV_51,red,0.657234438063579,9.38091861049235e-7,FukuN18-freshwater-group,16S_ASV_152,Chlorophyta,18S_ASV_51
16S_ASV_152,18S_ASV_49,red,0.654458810714909,1.08036560664696e-6,FukuN18-freshwater-group,16S_ASV_152,Stramenopiles,18S_ASV_49
16S_ASV_268,18S_ASV_51,red,0.654444093141091,1.08117066866038e-6,FukuN18-freshwater-group,16S_ASV_268,Chlorophyta,18S_ASV_51
16S_ASV_281,18S_ASV_51,red,0.653235184114357,1.14923137369919e-6,FukuN18-freshwater-group,16S_ASV_281,Chlorophyta,18S_ASV_51
16S_ASV_203,18S_ASV_51,red,0.6529161030601,1.16784660262624e-6,FukuN18-freshwater-group,16S_ASV_203,Chlorophyta,18S_ASV_51
16S_ASV_121,18S_ASV_37,red,0.652490268835958,1.1931254789747e-6,FukuN18-freshwater-group,16S_ASV_121,Alveolata,18S_ASV_37
16S_ASV_278,18S_ASV_49,red,0.65173056162195,1.23948796542362e-6,FukuN18-freshwater-group,16S_ASV_278,Stramenopiles,18S_ASV_49
16S_ASV_131,18S_ASV_377,red,0.65102982971207,1.28372653724412e-6,FukuN18-freshwater-group,16S_ASV_131,Chlorophyta,18S_ASV_377
16S_ASV_120,18S_ASV_49,red,0.650713973404867,1.30414181624422e-6,FukuN18-freshwater-group,16S_ASV_120,Stramenopiles,18S_ASV_49
16S_ASV_154,18S_ASV_51,red,0.650659693671476,1.30768032305854e-6,FukuN18-freshwater-group,16S_ASV_154,Chlorophyta,18S_ASV_51
16S_ASV_191,18S_ASV_37,red,0.650543454356657,1.31528794026306e-6,FukuN18-freshwater-group,16S_ASV_191,Alveolata,18S_ASV_37
16S_ASV_80,18S_ASV_49,red,0.650056635045538,1.34759703257763e-6,FukuN18-freshwater-group,16S_ASV_80,Stramenopiles,18S_ASV_49
16S_ASV_21,18S_ASV_49,red,0.649089968588948,1.41394378274792e-6,FukuN18-freshwater-group,16S_ASV_21,Stramenopiles,18S_ASV_49
16S_ASV_242,18S_ASV_377,red,0.648867543160261,1.42963220200024e-6,FukuN18-freshwater-group,16S_ASV_242,Chlorophyta,18S_ASV_377
16S_ASV_165,18S_ASV_49,red,0.648745710516676,1.43829368961491e-6,FukuN18-freshwater-group,16S_ASV_165,Stramenopiles,18S_ASV_49
16S_ASV_248,18S_ASV_51,red,0.64828385274724,1.47157216654936e-6,FukuN18-freshwater-group,16S_ASV_248,Chlorophyta,18S_ASV_51
16S_ASV_115,18S_ASV_51,red,0.648214781321574,1.47660988785962e-6,FukuN18-freshwater-group,16S_ASV_115,Chlorophyta,18S_ASV_51
16S_ASV_203,18S_ASV_37,red,0.647120606517456,1.55857532305287e-6,FukuN18-freshwater-group,16S_ASV_203,Alveolata,18S_ASV_37
16S_ASV_194,18S_ASV_49,red,0.645447958431398,1.69205454599424e-6,FukuN18-freshwater-group,16S_ASV_194,Stramenopiles,18S_ASV_49
16S_ASV_52,18S_ASV_49,red,0.645209705564598,1.71190638676474e-6,FukuN18-freshwater-group,16S_ASV_52,Stramenopiles,18S_ASV_49
16S_ASV_278,18S_ASV_51,red,0.645188873119537,1.713652414715e-6,FukuN18-freshwater-group,16S_ASV_278,Chlorophyta,18S_ASV_51
16S_ASV_271,18S_ASV_49,red,0.644397018526358,1.78125589179617e-6,FukuN18-freshwater-group,16S_ASV_271,Stramenopiles,18S_ASV_49
16S_ASV_142,18S_ASV_49,red,0.64390541602698,1.82445952597732e-6,FukuN18-freshwater-group,16S_ASV_142,Stramenopiles,18S_ASV_49
16S_ASV_203,18S_ASV_49,red,0.643085786232424,1.89865465256012e-6,FukuN18-freshwater-group,16S_ASV_203,Stramenopiles,18S_ASV_49
16S_ASV_108,18S_ASV_49,red,0.642953526908431,1.91088563125432e-6,FukuN18-freshwater-group,16S_ASV_108,Stramenopiles,18S_ASV_49
16S_ASV_248,18S_ASV_49,red,0.642387282742382,1.96407956614804e-6,FukuN18-freshwater-group,16S_ASV_248,Stramenopiles,18S_ASV_49
16S_ASV_121,18S_ASV_49,red,0.642116375739276,1.99001086888869e-6,FukuN18-freshwater-group,16S_ASV_121,Stramenopiles,18S_ASV_49
16S_ASV_229,18S_ASV_377,red,0.641953942762966,2.00571061135996e-6,FukuN18-freshwater-group,16S_ASV_229,Chlorophyta,18S_ASV_377
16S_ASV_154,18S_ASV_49,red,0.641063766122004,2.09380456162926e-6,FukuN18-freshwater-group,16S_ASV_154,Stramenopiles,18S_ASV_49
16S_ASV_5,18S_ASV_49,red,0.640691689329266,2.13167646967602e-6,FukuN18-freshwater-group,16S_ASV_5,Stramenopiles,18S_ASV_49
16S_ASV_229,18S_ASV_49,red,0.640677549501036,2.1331281214078e-6,FukuN18-freshwater-group,16S_ASV_229,Stramenopiles,18S_ASV_49
16S_ASV_44,18S_ASV_49,red,0.640272342637378,2.17511913542936e-6,FukuN18-freshwater-group,16S_ASV_44,Stramenopiles,18S_ASV_49
16S_ASV_36,18S_ASV_49,red,0.639770737685691,2.22815919096834e-6,FukuN18-freshwater-group,16S_ASV_36,Stramenopiles,18S_ASV_49
16S_ASV_191,18S_ASV_49,red,0.639299048415026,2.27912543836755e-6,FukuN18-freshwater-group,16S_ASV_191,Stramenopiles,18S_ASV_49
16S_ASV_131,18S_ASV_71,red,0.638785931734302,2.33579153160211e-6,FukuN18-freshwater-group,16S_ASV_131,Chlorophyta,18S_ASV_71
16S_ASV_709,18S_ASV_36,red,0.638746791603832,2.34016704484609e-6,Chthoniobacter,16S_ASV_709,Chlorophyta,18S_ASV_36
16S_ASV_56,18S_ASV_49,red,0.637680927375862,2.46227664778689e-6,FukuN18-freshwater-group,16S_ASV_56,Stramenopiles,18S_ASV_49
16S_ASV_163,18S_ASV_51,red,0.637416235483669,2.49350106757519e-6,FukuN18-freshwater-group,16S_ASV_163,Chlorophyta,18S_ASV_51
16S_ASV_149,18S_ASV_49,red,0.636827009757738,2.5643289238396e-6,FukuN18-freshwater-group,16S_ASV_149,Stramenopiles,18S_ASV_49
16S_ASV_709,18S_ASV_57,red,0.636432928063851,2.61273308277011e-6,Chthoniobacter,16S_ASV_709,Chlorophyta,18S_ASV_57
16S_ASV_38,18S_ASV_49,red,0.636173637488038,2.64504060615749e-6,FukuN18-freshwater-group,16S_ASV_38,Stramenopiles,18S_ASV_49
16S_ASV_709,18S_ASV_15,red,0.635435604704499,2.73903298454845e-6,Chthoniobacter,16S_ASV_709,Chlorophyta,18S_ASV_15
16S_ASV_191,18S_ASV_51,red,0.635216130314152,2.7675743570431e-6,FukuN18-freshwater-group,16S_ASV_191,Chlorophyta,18S_ASV_51
16S_ASV_87,18S_ASV_37,red,0.635064935982849,2.78739602515526e-6,FukuN18-freshwater-group,16S_ASV_87,Alveolata,18S_ASV_37
16S_ASV_61,18S_ASV_377,red,0.634537261926981,2.85760763061707e-6,FukuN18-freshwater-group,16S_ASV_61,Chlorophyta,18S_ASV_377
16S_ASV_571,18S_ASV_71,red,0.634397761604114,2.87644073945319e-6,Chthoniobacter,16S_ASV_571,Chlorophyta,18S_ASV_71
16S_ASV_10,18S_ASV_49,red,0.634142064657477,2.91125914414311e-6,FukuN18-freshwater-group,16S_ASV_10,Stramenopiles,18S_ASV_49
16S_ASV_152,18S_ASV_377,red,0.633991575130771,2.931933137135e-6,FukuN18-freshwater-group,16S_ASV_152,Chlorophyta,18S_ASV_377
16S_ASV_281,18S_ASV_49,red,0.633272924485035,3.03254517902856e-6,FukuN18-freshwater-group,16S_ASV_281,Stramenopiles,18S_ASV_49
16S_ASV_61,18S_ASV_49,red,0.631971660881718,3.22288819150148e-6,FukuN18-freshwater-group,16S_ASV_61,Stramenopiles,18S_ASV_49
16S_ASV_131,18S_ASV_49,red,0.631930952431694,3.2290171959501e-6,FukuN18-freshwater-group,16S_ASV_131,Stramenopiles,18S_ASV_49
16S_ASV_87,18S_ASV_49,red,0.63148585188472,3.2967373854325e-6,FukuN18-freshwater-group,16S_ASV_87,Stramenopiles,18S_ASV_49
16S_ASV_271,18S_ASV_71,red,0.630908923490704,3.38646828552636e-6,FukuN18-freshwater-group,16S_ASV_271,Chlorophyta,18S_ASV_71
16S_ASV_163,18S_ASV_49,red,0.63029332736993,3.4846984206068e-6,FukuN18-freshwater-group,16S_ASV_163,Stramenopiles,18S_ASV_49
16S_ASV_120,18S_ASV_377,red,0.629373652330499,3.63636399032944e-6,FukuN18-freshwater-group,16S_ASV_120,Chlorophyta,18S_ASV_377
16S_ASV_709,18S_ASV_37,red,0.628843098357306,3.72660961610045e-6,Chthoniobacter,16S_ASV_709,Alveolata,18S_ASV_37
16S_ASV_121,18S_ASV_51,red,0.628527313144346,3.78130140491182e-6,FukuN18-freshwater-group,16S_ASV_121,Chlorophyta,18S_ASV_51
16S_ASV_88,18S_ASV_49,red,0.627195204946213,4.02027427392645e-6,FukuN18-freshwater-group,16S_ASV_88,Stramenopiles,18S_ASV_49
16S_ASV_84,18S_ASV_71,red,0.626809764269188,4.09197799266665e-6,FukuN18-freshwater-group,16S_ASV_84,Chlorophyta,18S_ASV_71
16S_ASV_179,18S_ASV_49,red,0.626732937751841,4.10641048642608e-6,FukuN18-freshwater-group,16S_ASV_179,Stramenopiles,18S_ASV_49
16S_ASV_52,18S_ASV_377,red,0.626658678357719,4.12040539308928e-6,FukuN18-freshwater-group,16S_ASV_52,Chlorophyta,18S_ASV_377
16S_ASV_242,18S_ASV_71,red,0.62642810632336,4.1641401468397e-6,FukuN18-freshwater-group,16S_ASV_242,Chlorophyta,18S_ASV_71
16S_ASV_229,18S_ASV_71,red,0.626298131050761,4.18898231655583e-6,FukuN18-freshwater-group,16S_ASV_229,Chlorophyta,18S_ASV_71
16S_ASV_248,18S_ASV_377,red,0.625995749882978,4.24730692839644e-6,FukuN18-freshwater-group,16S_ASV_248,Chlorophyta,18S_ASV_377
16S_ASV_492,18S_ASV_37,red,0.625448814389691,4.35471111965071e-6,Cyanobium,16S_ASV_492,Alveolata,18S_ASV_37
16S_ASV_61,18S_ASV_71,red,0.625274910795777,4.38938329057467e-6,FukuN18-freshwater-group,16S_ASV_61,Chlorophyta,18S_ASV_71
16S_ASV_142,18S_ASV_377,red,0.624694561165866,4.50694417153456e-6,FukuN18-freshwater-group,16S_ASV_142,Chlorophyta,18S_ASV_377
16S_ASV_192,18S_ASV_49,red,0.624359864326728,4.57605821396791e-6,FukuN18-freshwater-group,16S_ASV_192,Stramenopiles,18S_ASV_49
16S_ASV_268,18S_ASV_49,red,0.624346485228288,4.57884119458951e-6,FukuN18-freshwater-group,16S_ASV_268,Stramenopiles,18S_ASV_49
16S_ASV_150,18S_ASV_71,red,0.624201470718791,4.60910601637483e-6,FukuN18-freshwater-group,16S_ASV_150,Chlorophyta,18S_ASV_71
16S_ASV_68,18S_ASV_377,red,0.624093721102767,4.63171304854258e-6,FukuN18-freshwater-group,16S_ASV_68,Chlorophyta,18S_ASV_377
16S_ASV_1241,18S_ASV_51,red,0.623536809908338,4.75019961930038e-6,Chthoniobacter,16S_ASV_1241,Chlorophyta,18S_ASV_51
16S_ASV_130,18S_ASV_49,red,0.622344498213104,5.01333752339549e-6,FukuN18-freshwater-group,16S_ASV_130,Stramenopiles,18S_ASV_49
16S_ASV_154,18S_ASV_377,red,0.62179206701121,5.13976083877021e-6,FukuN18-freshwater-group,16S_ASV_154,Chlorophyta,18S_ASV_377
16S_ASV_150,18S_ASV_377,red,0.620941676752658,5.34013256156386e-6,FukuN18-freshwater-group,16S_ASV_150,Chlorophyta,18S_ASV_377
16S_ASV_271,18S_ASV_377,red,0.620187574867946,5.52382072416159e-6,FukuN18-freshwater-group,16S_ASV_271,Chlorophyta,18S_ASV_377
16S_ASV_194,18S_ASV_377,red,0.61683022805112,6.41455709440427e-6,FukuN18-freshwater-group,16S_ASV_194,Chlorophyta,18S_ASV_377
16S_ASV_10,18S_ASV_377,red,0.616597988092199,6.48082255926893e-6,FukuN18-freshwater-group,16S_ASV_10,Chlorophyta,18S_ASV_377
16S_ASV_152,18S_ASV_71,red,0.615809538362815,6.71053022652713e-6,FukuN18-freshwater-group,16S_ASV_152,Chlorophyta,18S_ASV_71
16S_ASV_154,18S_ASV_71,red,0.61536598077174,6.84303271842502e-6,FukuN18-freshwater-group,16S_ASV_154,Chlorophyta,18S_ASV_71
16S_ASV_38,18S_ASV_377,red,0.615199244502674,6.89346193365438e-6,FukuN18-freshwater-group,16S_ASV_38,Chlorophyta,18S_ASV_377
16S_ASV_268,18S_ASV_377,red,0.615165269257357,6.90377963517835e-6,FukuN18-freshwater-group,16S_ASV_268,Chlorophyta,18S_ASV_377
16S_ASV_142,18S_ASV_71,red,0.614968868278503,6.96370278492927e-6,FukuN18-freshwater-group,16S_ASV_142,Chlorophyta,18S_ASV_71
16S_ASV_68,18S_ASV_49,red,0.614960226114854,6.96635054205305e-6,FukuN18-freshwater-group,16S_ASV_68,Stramenopiles,18S_ASV_49
16S_ASV_115,18S_ASV_49,red,0.6146596124579,7.05903118108713e-6,FukuN18-freshwater-group,16S_ASV_115,Stramenopiles,18S_ASV_49
16S_ASV_671,18S_ASV_421,red,0.614184270733724,7.20790335777947e-6,NA,16S_ASV_671,Stramenopiles,18S_ASV_421
16S_ASV_58,18S_ASV_49,red,0.612730910790143,7.6812189161267e-6,FukuN18-freshwater-group,16S_ASV_58,Stramenopiles,18S_ASV_49
16S_ASV_52,18S_ASV_71,red,0.612720747523051,7.6846273424873e-6,FukuN18-freshwater-group,16S_ASV_52,Chlorophyta,18S_ASV_71
16S_ASV_38,18S_ASV_71,red,0.611921060526208,7.95722736742064e-6,FukuN18-freshwater-group,16S_ASV_38,Chlorophyta,18S_ASV_71
16S_ASV_179,18S_ASV_377,red,0.61094295198128,8.30275403824836e-6,FukuN18-freshwater-group,16S_ASV_179,Chlorophyta,18S_ASV_377
16S_ASV_5,18S_ASV_377,red,0.610578124839235,8.43513361870165e-6,FukuN18-freshwater-group,16S_ASV_5,Chlorophyta,18S_ASV_377
16S_ASV_80,18S_ASV_377,red,0.610132523194409,8.59945949793097e-6,FukuN18-freshwater-group,16S_ASV_80,Chlorophyta,18S_ASV_377
16S_ASV_268,18S_ASV_71,red,0.609926433821899,8.67645249021677e-6,FukuN18-freshwater-group,16S_ASV_268,Chlorophyta,18S_ASV_71
16S_ASV_84,18S_ASV_377,red,0.609858375179639,8.70201766295039e-6,FukuN18-freshwater-group,16S_ASV_84,Chlorophyta,18S_ASV_377
16S_ASV_36,18S_ASV_377,red,0.609054226479375,9.00938212460618e-6,FukuN18-freshwater-group,16S_ASV_36,Chlorophyta,18S_ASV_377
16S_ASV_131,18S_ASV_15,red,0.608408598765793,9.26335787571881e-6,FukuN18-freshwater-group,16S_ASV_131,Chlorophyta,18S_ASV_15
16S_ASV_44,18S_ASV_377,red,0.608356643548655,9.28407984421767e-6,FukuN18-freshwater-group,16S_ASV_44,Chlorophyta,18S_ASV_377
16S_ASV_242,18S_ASV_15,red,0.607638254038641,9.57501413881145e-6,FukuN18-freshwater-group,16S_ASV_242,Chlorophyta,18S_ASV_15
16S_ASV_58,18S_ASV_377,red,0.607183941585631,9.76331035519204e-6,FukuN18-freshwater-group,16S_ASV_58,Chlorophyta,18S_ASV_377
16S_ASV_149,18S_ASV_377,red,0.606851080376454,9.90342664636123e-6,FukuN18-freshwater-group,16S_ASV_149,Chlorophyta,18S_ASV_377
16S_ASV_281,18S_ASV_71,red,0.606776637170696,9.93501536820863e-6,FukuN18-freshwater-group,16S_ASV_281,Chlorophyta,18S_ASV_71
16S_ASV_626,18S_ASV_37,red,0.606754231587566,9.94454094355776e-6,Cyanobium,16S_ASV_626,Alveolata,18S_ASV_37
16S_ASV_80,18S_ASV_71,red,0.606667018036201,9.98169927854021e-6,FukuN18-freshwater-group,16S_ASV_80,Chlorophyta,18S_ASV_71
16S_ASV_120,18S_ASV_71,red,0.60659356440117,1.00130941503219e-5,FukuN18-freshwater-group,16S_ASV_120,Chlorophyta,18S_ASV_71
16S_ASV_1241,18S_ASV_49,red,0.60615943775943,1.02005082061246e-5,Chthoniobacter,16S_ASV_1241,Stramenopiles,18S_ASV_49
16S_ASV_192,18S_ASV_377,red,0.605967048581648,1.02845912955639e-5,FukuN18-freshwater-group,16S_ASV_192,Chlorophyta,18S_ASV_377
16S_ASV_56,18S_ASV_377,red,0.605549324179411,1.04693571880026e-5,FukuN18-freshwater-group,16S_ASV_56,Chlorophyta,18S_ASV_377
16S_ASV_571,18S_ASV_529,red,0.604931958571262,1.07480267356669e-5,Chthoniobacter,16S_ASV_571,Stramenopiles,18S_ASV_529
16S_ASV_492,18S_ASV_49,red,0.604900379583436,1.0762462864804e-5,Cyanobium,16S_ASV_492,Stramenopiles,18S_ASV_49
16S_ASV_5,18S_ASV_71,red,0.604858115454726,1.07818115583111e-5,FukuN18-freshwater-group,16S_ASV_5,Chlorophyta,18S_ASV_71
16S_ASV_68,18S_ASV_71,red,0.604754892367015,1.08292021555063e-5,FukuN18-freshwater-group,16S_ASV_68,Chlorophyta,18S_ASV_71
16S_ASV_56,18S_ASV_71,red,0.604484976332075,1.09540303207624e-5,FukuN18-freshwater-group,16S_ASV_56,Chlorophyta,18S_ASV_71
16S_ASV_87,18S_ASV_51,red,0.604409175098043,1.09893235078604e-5,FukuN18-freshwater-group,16S_ASV_87,Chlorophyta,18S_ASV_51
16S_ASV_165,18S_ASV_71,red,0.604342116594773,1.10206332608647e-5,FukuN18-freshwater-group,16S_ASV_165,Chlorophyta,18S_ASV_71
16S_ASV_108,18S_ASV_377,red,0.604295195476648,1.10425896146016e-5,FukuN18-freshwater-group,16S_ASV_108,Chlorophyta,18S_ASV_377
16S_ASV_194,18S_ASV_71,red,0.604149445509842,1.11110490828267e-5,FukuN18-freshwater-group,16S_ASV_194,Chlorophyta,18S_ASV_71
16S_ASV_248,18S_ASV_71,red,0.604028037580838,1.1168372878734e-5,FukuN18-freshwater-group,16S_ASV_248,Chlorophyta,18S_ASV_71
16S_ASV_108,18S_ASV_71,red,0.602486092517601,1.19204822797111e-5,FukuN18-freshwater-group,16S_ASV_108,Chlorophyta,18S_ASV_71
16S_ASV_149,18S_ASV_71,red,0.602389039508963,1.19693453983291e-5,FukuN18-freshwater-group,16S_ASV_149,Chlorophyta,18S_ASV_71
16S_ASV_165,18S_ASV_377,red,0.601922385085667,1.22068741666918e-5,FukuN18-freshwater-group,16S_ASV_165,Chlorophyta,18S_ASV_377
16S_ASV_242,18S_ASV_57,red,0.60103747918262,1.26692398934351e-5,FukuN18-freshwater-group,16S_ASV_242,Chlorophyta,18S_ASV_57
16S_ASV_44,18S_ASV_71,red,0.600526336295222,1.29435975488266e-5,FukuN18-freshwater-group,16S_ASV_44,Chlorophyta,18S_ASV_71
16S_ASV_131,18S_ASV_57,red,0.600524862780547,1.29443962997489e-5,FukuN18-freshwater-group,16S_ASV_131,Chlorophyta,18S_ASV_57
16S_ASV_36,18S_ASV_71,red,0.600115296827306,1.31681760367938e-5,FukuN18-freshwater-group,16S_ASV_36,Chlorophyta,18S_ASV_71
16S_ASV_21,18S_ASV_71,red,0.599967432777177,1.32498364518139e-5,FukuN18-freshwater-group,16S_ASV_21,Chlorophyta,18S_ASV_71
16S_ASV_242,18S_ASV_36,red,0.599712619740112,1.33916546456955e-5,FukuN18-freshwater-group,16S_ASV_242,Chlorophyta,18S_ASV_36
16S_ASV_21,18S_ASV_377,red,0.598104595366515,1.43192906033995e-5,FukuN18-freshwater-group,16S_ASV_21,Chlorophyta,18S_ASV_377
16S_ASV_131,18S_ASV_36,red,0.597610898644097,1.46157265820984e-5,FukuN18-freshwater-group,16S_ASV_131,Chlorophyta,18S_ASV_36
16S_ASV_130,18S_ASV_377,red,0.597235347010494,1.48449889773529e-5,FukuN18-freshwater-group,16S_ASV_130,Chlorophyta,18S_ASV_377
16S_ASV_10,18S_ASV_71,red,0.597055378962636,1.49560210295755e-5,FukuN18-freshwater-group,16S_ASV_10,Chlorophyta,18S_ASV_71
16S_ASV_192,18S_ASV_71,red,0.595822566237967,1.57373684321432e-5,FukuN18-freshwater-group,16S_ASV_192,Chlorophyta,18S_ASV_71
16S_ASV_115,18S_ASV_377,red,0.595689676779584,1.58237945299328e-5,FukuN18-freshwater-group,16S_ASV_115,Chlorophyta,18S_ASV_377
16S_ASV_242,18S_ASV_49,red,0.595680929472927,1.58294987038085e-5,FukuN18-freshwater-group,16S_ASV_242,Stramenopiles,18S_ASV_49
16S_ASV_281,18S_ASV_377,red,0.595002615955814,1.6277628790131e-5,FukuN18-freshwater-group,16S_ASV_281,Chlorophyta,18S_ASV_377
16S_ASV_671,18S_ASV_384,red,0.594972814616143,1.62975818222371e-5,NA,16S_ASV_671,Opisthokonta_Chytridiomycota,18S_ASV_384
16S_ASV_130,18S_ASV_71,red,0.594626944649494,1.6530803155701e-5,FukuN18-freshwater-group,16S_ASV_130,Chlorophyta,18S_ASV_71
16S_ASV_229,18S_ASV_15,red,0.594052412421537,1.69249980766805e-5,FukuN18-freshwater-group,16S_ASV_229,Chlorophyta,18S_ASV_15
16S_ASV_88,18S_ASV_71,red,0.593688905619245,1.71788454802204e-5,FukuN18-freshwater-group,16S_ASV_88,Chlorophyta,18S_ASV_71
16S_ASV_271,18S_ASV_73,red,0.592533075592327,1.80094135066882e-5,FukuN18-freshwater-group,16S_ASV_271,Chlorophyta,18S_ASV_73
16S_ASV_163,18S_ASV_377,red,0.591236601610056,1.8984821924572e-5,FukuN18-freshwater-group,16S_ASV_163,Chlorophyta,18S_ASV_377
16S_ASV_271,18S_ASV_15,red,0.590569856712037,1.95051179997535e-5,FukuN18-freshwater-group,16S_ASV_271,Chlorophyta,18S_ASV_15
16S_ASV_61,18S_ASV_15,red,0.589605506259299,2.02808332175259e-5,FukuN18-freshwater-group,16S_ASV_61,Chlorophyta,18S_ASV_15
16S_ASV_58,18S_ASV_71,red,0.588839167259095,2.09173487466641e-5,FukuN18-freshwater-group,16S_ASV_58,Chlorophyta,18S_ASV_71
16S_ASV_179,18S_ASV_71,red,0.588241053963611,2.14268176035652e-5,FukuN18-freshwater-group,16S_ASV_179,Chlorophyta,18S_ASV_71
16S_ASV_88,18S_ASV_377,red,0.587619557775072,2.19682446076452e-5,FukuN18-freshwater-group,16S_ASV_88,Chlorophyta,18S_ASV_377
16S_ASV_709,18S_ASV_23,red,0.587052545905421,2.24731263904312e-5,Chthoniobacter,16S_ASV_709,Stramenopiles,18S_ASV_23
16S_ASV_229,18S_ASV_57,red,0.584660585309147,2.47223356974912e-5,FukuN18-freshwater-group,16S_ASV_229,Chlorophyta,18S_ASV_57
16S_ASV_271,18S_ASV_36,red,0.583876288744042,2.55036025874491e-5,FukuN18-freshwater-group,16S_ASV_271,Chlorophyta,18S_ASV_36
16S_ASV_229,18S_ASV_36,red,0.583644942244914,2.57383410093465e-5,FukuN18-freshwater-group,16S_ASV_229,Chlorophyta,18S_ASV_36
16S_ASV_61,18S_ASV_57,red,0.583477158925053,2.59098216446666e-5,FukuN18-freshwater-group,16S_ASV_61,Chlorophyta,18S_ASV_57
16S_ASV_626,18S_ASV_49,red,0.583437185858951,2.59508297480163e-5,Cyanobium,16S_ASV_626,Stramenopiles,18S_ASV_49
16S_ASV_152,18S_ASV_15,red,0.583396762166328,2.59923606468162e-5,FukuN18-freshwater-group,16S_ASV_152,Chlorophyta,18S_ASV_15
16S_ASV_709,18S_ASV_71,red,0.583294244305201,2.60979598208045e-5,Chthoniobacter,16S_ASV_709,Chlorophyta,18S_ASV_71
16S_ASV_271,18S_ASV_57,red,0.58288693104809,2.65214123439527e-5,FukuN18-freshwater-group,16S_ASV_271,Chlorophyta,18S_ASV_57
16S_ASV_84,18S_ASV_15,red,0.582396657843932,2.70394607937266e-5,FukuN18-freshwater-group,16S_ASV_84,Chlorophyta,18S_ASV_15
16S_ASV_150,18S_ASV_15,red,0.582275959264439,2.71684119083551e-5,FukuN18-freshwater-group,16S_ASV_150,Chlorophyta,18S_ASV_15
16S_ASV_84,18S_ASV_73,red,0.58189381694581,2.75804087433479e-5,FukuN18-freshwater-group,16S_ASV_84,Chlorophyta,18S_ASV_73
16S_ASV_571,18S_ASV_553,red,0.581074026928289,2.84836285489028e-5,Chthoniobacter,16S_ASV_571,Stramenopiles,18S_ASV_553
16S_ASV_154,18S_ASV_15,red,0.581015306676389,2.8549353567735e-5,FukuN18-freshwater-group,16S_ASV_154,Chlorophyta,18S_ASV_15
16S_ASV_163,18S_ASV_71,red,0.580461735677404,2.91758257852316e-5,FukuN18-freshwater-group,16S_ASV_163,Chlorophyta,18S_ASV_71
16S_ASV_115,18S_ASV_71,red,0.578408395674797,3.16111828884266e-5,FukuN18-freshwater-group,16S_ASV_115,Chlorophyta,18S_ASV_71
16S_ASV_61,18S_ASV_36,red,0.578065366656169,3.20357232680463e-5,FukuN18-freshwater-group,16S_ASV_61,Chlorophyta,18S_ASV_36
16S_ASV_671,18S_ASV_377,red,0.577664519892074,3.25384324554167e-5,NA,16S_ASV_671,Chlorophyta,18S_ASV_377
16S_ASV_21,18S_ASV_73,red,0.577277484936935,3.30306644709884e-5,FukuN18-freshwater-group,16S_ASV_21,Chlorophyta,18S_ASV_73
16S_ASV_52,18S_ASV_15,red,0.57686841013241,3.35583306961466e-5,FukuN18-freshwater-group,16S_ASV_52,Chlorophyta,18S_ASV_15
16S_ASV_84,18S_ASV_57,red,0.576123854864995,3.4538585062515e-5,FukuN18-freshwater-group,16S_ASV_84,Chlorophyta,18S_ASV_57
16S_ASV_268,18S_ASV_15,red,0.575331177410068,3.56109473786366e-5,FukuN18-freshwater-group,16S_ASV_268,Chlorophyta,18S_ASV_15
16S_ASV_52,18S_ASV_73,red,0.574920686693823,3.61781708379875e-5,FukuN18-freshwater-group,16S_ASV_52,Chlorophyta,18S_ASV_73
16S_ASV_38,18S_ASV_15,red,0.574597856044165,3.66300595362595e-5,FukuN18-freshwater-group,16S_ASV_38,Chlorophyta,18S_ASV_15
16S_ASV_142,18S_ASV_15,red,0.57445977600565,3.68249122758562e-5,FukuN18-freshwater-group,16S_ASV_142,Chlorophyta,18S_ASV_15
16S_ASV_150,18S_ASV_57,red,0.574328904440356,3.70104678212879e-5,FukuN18-freshwater-group,16S_ASV_150,Chlorophyta,18S_ASV_57
16S_ASV_154,18S_ASV_57,red,0.573607797012671,3.80483213595856e-5,FukuN18-freshwater-group,16S_ASV_154,Chlorophyta,18S_ASV_57
16S_ASV_165,18S_ASV_73,red,0.573371160258177,3.83946604504624e-5,FukuN18-freshwater-group,16S_ASV_165,Chlorophyta,18S_ASV_73
16S_ASV_248,18S_ASV_15,red,0.57314353545423,3.87305291205768e-5,FukuN18-freshwater-group,16S_ASV_248,Chlorophyta,18S_ASV_15
16S_ASV_626,18S_ASV_51,red,0.572956333038464,3.9008765150366e-5,Cyanobium,16S_ASV_626,Chlorophyta,18S_ASV_51
16S_ASV_152,18S_ASV_36,red,0.572615985873522,3.95193070008802e-5,FukuN18-freshwater-group,16S_ASV_152,Chlorophyta,18S_ASV_36
16S_ASV_152,18S_ASV_57,red,0.572068066566232,4.03540751001682e-5,FukuN18-freshwater-group,16S_ASV_152,Chlorophyta,18S_ASV_57
16S_ASV_142,18S_ASV_73,red,0.571843980496632,4.07000984742288e-5,FukuN18-freshwater-group,16S_ASV_142,Chlorophyta,18S_ASV_73
16S_ASV_68,18S_ASV_15,red,0.571489157767959,4.12535535908726e-5,FukuN18-freshwater-group,16S_ASV_68,Chlorophyta,18S_ASV_15
16S_ASV_150,18S_ASV_36,red,0.57088353551841,4.22141318893452e-5,FukuN18-freshwater-group,16S_ASV_150,Chlorophyta,18S_ASV_36
16S_ASV_150,18S_ASV_73,red,0.569925892396576,4.37748652032038e-5,FukuN18-freshwater-group,16S_ASV_150,Chlorophyta,18S_ASV_73
16S_ASV_120,18S_ASV_15,red,0.569182818987604,4.5022056054172e-5,FukuN18-freshwater-group,16S_ASV_120,Chlorophyta,18S_ASV_15
16S_ASV_84,18S_ASV_36,red,0.569176007716078,4.50336369794598e-5,FukuN18-freshwater-group,16S_ASV_84,Chlorophyta,18S_ASV_36
16S_ASV_130,18S_ASV_73,red,0.56908865018041,4.51824090480455e-5,FukuN18-freshwater-group,16S_ASV_130,Chlorophyta,18S_ASV_73
16S_ASV_268,18S_ASV_57,red,0.568626014178135,4.59778070189468e-5,FukuN18-freshwater-group,16S_ASV_268,Chlorophyta,18S_ASV_57
16S_ASV_242,18S_ASV_340,red,0.568567678425745,4.60790056895266e-5,FukuN18-freshwater-group,16S_ASV_242,Rhizaria,18S_ASV_340
16S_ASV_5,18S_ASV_73,red,0.568221545657858,4.66836634923977e-5,FukuN18-freshwater-group,16S_ASV_5,Chlorophyta,18S_ASV_73
16S_ASV_154,18S_ASV_36,red,0.567776606288952,4.74715778176176e-5,FukuN18-freshwater-group,16S_ASV_154,Chlorophyta,18S_ASV_36
16S_ASV_38,18S_ASV_57,red,0.567656362479306,4.76865858317894e-5,FukuN18-freshwater-group,16S_ASV_38,Chlorophyta,18S_ASV_57
16S_ASV_108,18S_ASV_73,red,0.56756829192058,4.78446290678146e-5,FukuN18-freshwater-group,16S_ASV_108,Chlorophyta,18S_ASV_73
16S_ASV_52,18S_ASV_57,red,0.567190665789871,4.85277229684235e-5,FukuN18-freshwater-group,16S_ASV_52,Chlorophyta,18S_ASV_57
16S_ASV_80,18S_ASV_73,red,0.566422982895273,4.99439484585873e-5,FukuN18-freshwater-group,16S_ASV_80,Chlorophyta,18S_ASV_73
16S_ASV_571,18S_ASV_15,red,0.566055825852119,5.06345426929903e-5,Chthoniobacter,16S_ASV_571,Chlorophyta,18S_ASV_15
16S_ASV_52,18S_ASV_36,red,0.566048122690266,5.06491247328685e-5,FukuN18-freshwater-group,16S_ASV_52,Chlorophyta,18S_ASV_36
16S_ASV_80,18S_ASV_15,red,0.565922238929654,5.08879662328273e-5,FukuN18-freshwater-group,16S_ASV_80,Chlorophyta,18S_ASV_15
16S_ASV_5,18S_ASV_15,red,0.565791506760171,5.11370954698575e-5,FukuN18-freshwater-group,16S_ASV_5,Chlorophyta,18S_ASV_15
16S_ASV_131,18S_ASV_73,red,0.565419513203915,5.18520919254848e-5,FukuN18-freshwater-group,16S_ASV_131,Chlorophyta,18S_ASV_73
16S_ASV_121,18S_ASV_377,red,0.565377525018895,5.19333669583702e-5,FukuN18-freshwater-group,16S_ASV_121,Chlorophyta,18S_ASV_377
16S_ASV_165,18S_ASV_15,red,0.565226996978973,5.22256960635602e-5,FukuN18-freshwater-group,16S_ASV_165,Chlorophyta,18S_ASV_15
16S_ASV_149,18S_ASV_15,red,0.565198865345463,5.22804947898259e-5,FukuN18-freshwater-group,16S_ASV_149,Chlorophyta,18S_ASV_15
16S_ASV_194,18S_ASV_15,red,0.565127768883026,5.24192205938507e-5,FukuN18-freshwater-group,16S_ASV_194,Chlorophyta,18S_ASV_15
16S_ASV_142,18S_ASV_57,red,0.564824025517134,5.30156898152e-5,FukuN18-freshwater-group,16S_ASV_142,Chlorophyta,18S_ASV_57
16S_ASV_56,18S_ASV_15,red,0.564810734670189,5.30419304224211e-5,FukuN18-freshwater-group,16S_ASV_56,Chlorophyta,18S_ASV_15
16S_ASV_36,18S_ASV_15,red,0.564657135815608,5.33460482177034e-5,FukuN18-freshwater-group,16S_ASV_36,Chlorophyta,18S_ASV_15
16S_ASV_571,18S_ASV_23,red,0.564272306743265,5.41149963089471e-5,Chthoniobacter,16S_ASV_571,Stramenopiles,18S_ASV_23
16S_ASV_281,18S_ASV_15,red,0.564251332306542,5.4157195935639e-5,FukuN18-freshwater-group,16S_ASV_281,Chlorophyta,18S_ASV_15
16S_ASV_268,18S_ASV_36,red,0.563741758842456,5.51917149160268e-5,FukuN18-freshwater-group,16S_ASV_268,Chlorophyta,18S_ASV_36
16S_ASV_68,18S_ASV_57,red,0.563490557051432,5.57083085961185e-5,FukuN18-freshwater-group,16S_ASV_68,Chlorophyta,18S_ASV_57
16S_ASV_108,18S_ASV_15,red,0.563319897109367,5.60617834804352e-5,FukuN18-freshwater-group,16S_ASV_108,Chlorophyta,18S_ASV_15
16S_ASV_229,18S_ASV_73,red,0.563307044805083,5.60884862179381e-5,FukuN18-freshwater-group,16S_ASV_229,Chlorophyta,18S_ASV_73
16S_ASV_142,18S_ASV_36,red,0.563297661854464,5.61079881465291e-5,FukuN18-freshwater-group,16S_ASV_142,Chlorophyta,18S_ASV_36
16S_ASV_84,18S_ASV_820,red,0.562866263177029,5.70113405291591e-5,FukuN18-freshwater-group,16S_ASV_84,Rhizaria,18S_ASV_820
16S_ASV_10,18S_ASV_15,red,0.562828451219456,5.70911486328229e-5,FukuN18-freshwater-group,16S_ASV_10,Chlorophyta,18S_ASV_15
16S_ASV_38,18S_ASV_73,red,0.562695179045682,5.73732545993801e-5,FukuN18-freshwater-group,16S_ASV_38,Chlorophyta,18S_ASV_73
16S_ASV_56,18S_ASV_73,red,0.562592050595576,5.75924261624855e-5,FukuN18-freshwater-group,16S_ASV_56,Chlorophyta,18S_ASV_73
16S_ASV_268,18S_ASV_73,red,0.56253746468397,5.77087428313124e-5,FukuN18-freshwater-group,16S_ASV_268,Chlorophyta,18S_ASV_73
16S_ASV_44,18S_ASV_15,red,0.562459195611991,5.78759000060722e-5,FukuN18-freshwater-group,16S_ASV_44,Chlorophyta,18S_ASV_15
16S_ASV_38,18S_ASV_36,red,0.5623740732829,5.80581951819012e-5,FukuN18-freshwater-group,16S_ASV_38,Chlorophyta,18S_ASV_36
16S_ASV_242,18S_ASV_73,red,0.562070731611319,5.87120922953962e-5,FukuN18-freshwater-group,16S_ASV_242,Chlorophyta,18S_ASV_73
16S_ASV_626,18S_ASV_377,red,0.561746582383731,5.94182678735841e-5,Cyanobium,16S_ASV_626,Chlorophyta,18S_ASV_377
16S_ASV_152,18S_ASV_73,red,0.561595941792022,5.97490774174545e-5,FukuN18-freshwater-group,16S_ASV_152,Chlorophyta,18S_ASV_73
16S_ASV_248,18S_ASV_57,red,0.561584510082892,5.9774250162146e-5,FukuN18-freshwater-group,16S_ASV_248,Chlorophyta,18S_ASV_57
16S_ASV_281,18S_ASV_73,red,0.561545107150759,5.98610900410638e-5,FukuN18-freshwater-group,16S_ASV_281,Chlorophyta,18S_ASV_73
16S_ASV_571,18S_ASV_301,red,0.561147572221215,6.07436787949631e-5,Chthoniobacter,16S_ASV_571,Stramenopiles,18S_ASV_301
16S_ASV_492,18S_ASV_377,red,0.561029639677843,6.10077821115162e-5,Cyanobium,16S_ASV_492,Chlorophyta,18S_ASV_377
16S_ASV_21,18S_ASV_15,red,0.56054031586133,6.21148280736126e-5,FukuN18-freshwater-group,16S_ASV_21,Chlorophyta,18S_ASV_15
16S_ASV_68,18S_ASV_36,red,0.560506413919697,6.21922026880306e-5,FukuN18-freshwater-group,16S_ASV_68,Chlorophyta,18S_ASV_36
16S_ASV_192,18S_ASV_15,red,0.560169091986548,6.29668801716852e-5,FukuN18-freshwater-group,16S_ASV_192,Chlorophyta,18S_ASV_15
16S_ASV_88,18S_ASV_386,red,0.560105102229847,6.31148257965425e-5,FukuN18-freshwater-group,16S_ASV_88,Opisthokonta_Chytridiomycota,18S_ASV_386
16S_ASV_248,18S_ASV_36,red,0.559615749980666,6.42567485879223e-5,FukuN18-freshwater-group,16S_ASV_248,Chlorophyta,18S_ASV_36
16S_ASV_36,18S_ASV_73,red,0.559378613863832,6.48168679976309e-5,FukuN18-freshwater-group,16S_ASV_36,Chlorophyta,18S_ASV_73
16S_ASV_248,18S_ASV_73,red,0.559167383926744,6.53195439053143e-5,FukuN18-freshwater-group,16S_ASV_248,Chlorophyta,18S_ASV_73
16S_ASV_44,18S_ASV_73,red,0.558993049512686,6.57370935979819e-5,FukuN18-freshwater-group,16S_ASV_44,Chlorophyta,18S_ASV_73
16S_ASV_58,18S_ASV_15,red,0.558944458428901,6.58539076165837e-5,FukuN18-freshwater-group,16S_ASV_58,Chlorophyta,18S_ASV_15
16S_ASV_492,18S_ASV_51,red,0.558428199628533,6.71067516814166e-5,Cyanobium,16S_ASV_492,Chlorophyta,18S_ASV_51
16S_ASV_149,18S_ASV_73,red,0.558159878665019,6.77664572830128e-5,FukuN18-freshwater-group,16S_ASV_149,Chlorophyta,18S_ASV_73
16S_ASV_5,18S_ASV_57,red,0.557932479132976,6.83301767412077e-5,FukuN18-freshwater-group,16S_ASV_5,Chlorophyta,18S_ASV_57
16S_ASV_120,18S_ASV_57,red,0.557863764819077,6.85013578462475e-5,FukuN18-freshwater-group,16S_ASV_120,Chlorophyta,18S_ASV_57
16S_ASV_80,18S_ASV_57,red,0.557686540846901,6.89446650527955e-5,FukuN18-freshwater-group,16S_ASV_80,Chlorophyta,18S_ASV_57
16S_ASV_149,18S_ASV_57,red,0.557441045011695,6.95630701741416e-5,FukuN18-freshwater-group,16S_ASV_149,Chlorophyta,18S_ASV_57
16S_ASV_165,18S_ASV_57,red,0.556920368113626,7.0891432158917e-5,FukuN18-freshwater-group,16S_ASV_165,Chlorophyta,18S_ASV_57
16S_ASV_68,18S_ASV_73,red,0.556883677175557,7.09859056408313e-5,FukuN18-freshwater-group,16S_ASV_68,Chlorophyta,18S_ASV_73
16S_ASV_56,18S_ASV_57,red,0.556692398447424,7.14802806841275e-5,FukuN18-freshwater-group,16S_ASV_56,Chlorophyta,18S_ASV_57
16S_ASV_194,18S_ASV_57,red,0.55665860160658,7.15679569510924e-5,FukuN18-freshwater-group,16S_ASV_194,Chlorophyta,18S_ASV_57
16S_ASV_130,18S_ASV_15,red,0.556559388061607,7.18259049619521e-5,FukuN18-freshwater-group,16S_ASV_130,Chlorophyta,18S_ASV_15
16S_ASV_281,18S_ASV_57,red,0.55646555665397,7.20706394956111e-5,FukuN18-freshwater-group,16S_ASV_281,Chlorophyta,18S_ASV_57
16S_ASV_120,18S_ASV_36,red,0.555691065591781,7.41199215635548e-5,FukuN18-freshwater-group,16S_ASV_120,Chlorophyta,18S_ASV_36
16S_ASV_36,18S_ASV_57,red,0.555617060095677,7.43184924446574e-5,FukuN18-freshwater-group,16S_ASV_36,Chlorophyta,18S_ASV_57
16S_ASV_278,18S_ASV_73,red,0.555537348626933,7.45329159376316e-5,FukuN18-freshwater-group,16S_ASV_278,Chlorophyta,18S_ASV_73
16S_ASV_736,18S_ASV_49,red,0.555459335739428,7.47433161773966e-5,Chthoniobacter,16S_ASV_736,Stramenopiles,18S_ASV_49
16S_ASV_10,18S_ASV_57,red,0.555371242361701,7.4981554230484e-5,FukuN18-freshwater-group,16S_ASV_10,Chlorophyta,18S_ASV_57
16S_ASV_108,18S_ASV_57,red,0.555081014724957,7.57713456431265e-5,FukuN18-freshwater-group,16S_ASV_108,Chlorophyta,18S_ASV_57
16S_ASV_44,18S_ASV_57,red,0.554811038183731,7.65128281198501e-5,FukuN18-freshwater-group,16S_ASV_44,Chlorophyta,18S_ASV_57
16S_ASV_179,18S_ASV_73,red,0.554129604659477,7.84138721712773e-5,FukuN18-freshwater-group,16S_ASV_179,Chlorophyta,18S_ASV_73
16S_ASV_131,18S_ASV_343,red,0.554105713325762,7.8481297860514e-5,FukuN18-freshwater-group,16S_ASV_131,Stramenopiles,18S_ASV_343
16S_ASV_281,18S_ASV_36,red,0.553991664431974,7.88038932925991e-5,FukuN18-freshwater-group,16S_ASV_281,Chlorophyta,18S_ASV_36
16S_ASV_165,18S_ASV_36,red,0.553839315270138,7.9236709056363e-5,FukuN18-freshwater-group,16S_ASV_165,Chlorophyta,18S_ASV_36
16S_ASV_121,18S_ASV_384,red,0.553725974170448,7.95601090721792e-5,FukuN18-freshwater-group,16S_ASV_121,Opisthokonta_Chytridiomycota,18S_ASV_384
16S_ASV_203,18S_ASV_384,red,0.553223392153646,8.10086853068982e-5,FukuN18-freshwater-group,16S_ASV_203,Opisthokonta_Chytridiomycota,18S_ASV_384
16S_ASV_5,18S_ASV_36,red,0.552966414186149,8.17586128004717e-5,FukuN18-freshwater-group,16S_ASV_5,Chlorophyta,18S_ASV_36
16S_ASV_56,18S_ASV_36,red,0.552921576987824,8.18901054381887e-5,FukuN18-freshwater-group,16S_ASV_56,Chlorophyta,18S_ASV_36
16S_ASV_58,18S_ASV_57,red,0.552900658920686,8.19515170835379e-5,FukuN18-freshwater-group,16S_ASV_58,Chlorophyta,18S_ASV_57
16S_ASV_88,18S_ASV_15,red,0.55281437552927,8.22052731944228e-5,FukuN18-freshwater-group,16S_ASV_88,Chlorophyta,18S_ASV_15
16S_ASV_192,18S_ASV_57,red,0.552778870576363,8.2309899618635e-5,FukuN18-freshwater-group,16S_ASV_192,Chlorophyta,18S_ASV_57
16S_ASV_84,18S_ASV_529,red,0.552748242016184,8.24002536850326e-5,FukuN18-freshwater-group,16S_ASV_84,Stramenopiles,18S_ASV_529
16S_ASV_149,18S_ASV_36,red,0.552615442062887,8.27930589639708e-5,FukuN18-freshwater-group,16S_ASV_149,Chlorophyta,18S_ASV_36
16S_ASV_192,18S_ASV_73,red,0.552521401609638,8.30722495146017e-5,FukuN18-freshwater-group,16S_ASV_192,Chlorophyta,18S_ASV_73
16S_ASV_120,18S_ASV_73,red,0.552207093931849,8.40116124002126e-5,FukuN18-freshwater-group,16S_ASV_120,Chlorophyta,18S_ASV_73
16S_ASV_203,18S_ASV_73,red,0.552195623486616,8.40460760967443e-5,FukuN18-freshwater-group,16S_ASV_203,Chlorophyta,18S_ASV_73
16S_ASV_21,18S_ASV_57,red,0.552186570222484,8.40732863092931e-5,FukuN18-freshwater-group,16S_ASV_21,Chlorophyta,18S_ASV_57
16S_ASV_179,18S_ASV_15,red,0.552101647834113,8.432891740448e-5,FukuN18-freshwater-group,16S_ASV_179,Chlorophyta,18S_ASV_15
16S_ASV_571,18S_ASV_57,red,0.551950987259728,8.47841747799908e-5,Chthoniobacter,16S_ASV_571,Chlorophyta,18S_ASV_57
16S_ASV_88,18S_ASV_73,red,0.55162882523883,8.5765186177398e-5,FukuN18-freshwater-group,16S_ASV_88,Chlorophyta,18S_ASV_73
16S_ASV_80,18S_ASV_36,red,0.551604810529254,8.58387255049893e-5,FukuN18-freshwater-group,16S_ASV_80,Chlorophyta,18S_ASV_36
16S_ASV_163,18S_ASV_73,red,0.55061897923809,8.89076334095069e-5,FukuN18-freshwater-group,16S_ASV_163,Chlorophyta,18S_ASV_73
16S_ASV_194,18S_ASV_36,red,0.55049895485778,8.92880153657446e-5,FukuN18-freshwater-group,16S_ASV_194,Chlorophyta,18S_ASV_36
16S_ASV_278,18S_ASV_71,red,0.550289160333463,8.99564581952809e-5,FukuN18-freshwater-group,16S_ASV_278,Chlorophyta,18S_ASV_71
16S_ASV_492,18S_ASV_71,red,0.550287969659334,8.99602648649421e-5,Cyanobium,16S_ASV_492,Chlorophyta,18S_ASV_71
16S_ASV_36,18S_ASV_36,red,0.550090152496528,9.05947407738166e-5,FukuN18-freshwater-group,16S_ASV_36,Chlorophyta,18S_ASV_36
16S_ASV_108,18S_ASV_36,red,0.549926193532813,9.11237055552949e-5,FukuN18-freshwater-group,16S_ASV_108,Chlorophyta,18S_ASV_36
16S_ASV_203,18S_ASV_377,red,0.549330764976977,9.30684146071245e-5,FukuN18-freshwater-group,16S_ASV_203,Chlorophyta,18S_ASV_377
16S_ASV_130,18S_ASV_57,red,0.549231928723905,9.33948523577678e-5,FukuN18-freshwater-group,16S_ASV_130,Chlorophyta,18S_ASV_57
16S_ASV_21,18S_ASV_36,red,0.548625003380772,9.54223718534739e-5,FukuN18-freshwater-group,16S_ASV_21,Chlorophyta,18S_ASV_36
16S_ASV_44,18S_ASV_36,red,0.548327103883809,9.64321339743618e-5,FukuN18-freshwater-group,16S_ASV_44,Chlorophyta,18S_ASV_36
16S_ASV_10,18S_ASV_36,red,0.548285941730601,9.65724196385309e-5,FukuN18-freshwater-group,16S_ASV_10,Chlorophyta,18S_ASV_36
16S_ASV_52,18S_ASV_384,red,0.54808845373098,9.72480699849449e-5,FukuN18-freshwater-group,16S_ASV_52,Opisthokonta_Chytridiomycota,18S_ASV_384
16S_ASV_192,18S_ASV_36,red,0.546833088641466,1.0164451199165e-4,FukuN18-freshwater-group,16S_ASV_192,Chlorophyta,18S_ASV_36
16S_ASV_88,18S_ASV_57,red,0.546583884998074,1.0253847412163e-4,FukuN18-freshwater-group,16S_ASV_88,Chlorophyta,18S_ASV_57
16S_ASV_120,18S_ASV_384,red,0.546418989332733,1.0313392675338e-4,FukuN18-freshwater-group,16S_ASV_120,Opisthokonta_Chytridiomycota,18S_ASV_384
16S_ASV_130,18S_ASV_36,red,0.545580919884036,1.062091826654e-4,FukuN18-freshwater-group,16S_ASV_130,Chlorophyta,18S_ASV_36
16S_ASV_154,18S_ASV_73,red,0.545509140674513,1.0647641251369e-4,FukuN18-freshwater-group,16S_ASV_154,Chlorophyta,18S_ASV_73
16S_ASV_121,18S_ASV_71,red,0.545172135764937,1.0773925762577e-4,FukuN18-freshwater-group,16S_ASV_121,Chlorophyta,18S_ASV_71
16S_ASV_58,18S_ASV_36,red,0.54506582437873,1.0814045146597e-4,FukuN18-freshwater-group,16S_ASV_58,Chlorophyta,18S_ASV_36
16S_ASV_68,18S_ASV_340,red,0.544868573239959,1.0888843155141e-4,FukuN18-freshwater-group,16S_ASV_68,Rhizaria,18S_ASV_340
16S_ASV_61,18S_ASV_73,red,0.544371892927602,1.1079273974314e-4,FukuN18-freshwater-group,16S_ASV_61,Chlorophyta,18S_ASV_73
16S_ASV_87,18S_ASV_384,red,0.544333117705168,1.1094267371855e-4,FukuN18-freshwater-group,16S_ASV_87,Opisthokonta_Chytridiomycota,18S_ASV_384
16S_ASV_152,18S_ASV_384,red,0.543700570718502,1.1341477309053e-4,FukuN18-freshwater-group,16S_ASV_152,Opisthokonta_Chytridiomycota,18S_ASV_384
16S_ASV_194,18S_ASV_73,red,0.54361533399365,1.1375169436004e-4,FukuN18-freshwater-group,16S_ASV_194,Chlorophyta,18S_ASV_73
16S_ASV_229,18S_ASV_384,red,0.543286137035506,1.1506149655312e-4,FukuN18-freshwater-group,16S_ASV_229,Opisthokonta_Chytridiomycota,18S_ASV_384
16S_ASV_165,18S_ASV_384,red,0.543156682091782,1.1558031456447e-4,FukuN18-freshwater-group,16S_ASV_165,Opisthokonta_Chytridiomycota,18S_ASV_384
16S_ASV_248,18S_ASV_384,red,0.542866513202982,1.1675096252462e-4,FukuN18-freshwater-group,16S_ASV_248,Opisthokonta_Chytridiomycota,18S_ASV_384
16S_ASV_10,18S_ASV_73,red,0.542392385530699,1.1868698182579e-4,FukuN18-freshwater-group,16S_ASV_10,Chlorophyta,18S_ASV_73
16S_ASV_626,18S_ASV_71,red,0.54229430469965,1.19091102603e-4,Cyanobium,16S_ASV_626,Chlorophyta,18S_ASV_71
16S_ASV_571,18S_ASV_36,red,0.54203964937669,1.2014620079466e-4,Chthoniobacter,16S_ASV_571,Chlorophyta,18S_ASV_36
16S_ASV_179,18S_ASV_57,red,0.541884423199117,1.2079350079579e-4,FukuN18-freshwater-group,16S_ASV_179,Chlorophyta,18S_ASV_57
16S_ASV_736,18S_ASV_51,red,0.541852621491933,1.209265058779e-4,Chthoniobacter,16S_ASV_736,Chlorophyta,18S_ASV_51
16S_ASV_88,18S_ASV_820,red,0.541334197319107,1.2311357940912e-4,FukuN18-freshwater-group,16S_ASV_88,Rhizaria,18S_ASV_820
16S_ASV_115,18S_ASV_15,red,0.541253739266364,1.2345621125711e-4,FukuN18-freshwater-group,16S_ASV_115,Chlorophyta,18S_ASV_15
16S_ASV_88,18S_ASV_36,red,0.541152772766643,1.2388740458607e-4,FukuN18-freshwater-group,16S_ASV_88,Chlorophyta,18S_ASV_36
16S_ASV_163,18S_ASV_15,red,0.540626971753158,1.2615512269905e-4,FukuN18-freshwater-group,16S_ASV_163,Chlorophyta,18S_ASV_15
16S_ASV_492,18S_ASV_386,red,0.540396060420468,1.2716288252012e-4,Cyanobium,16S_ASV_492,Opisthokonta_Chytridiomycota,18S_ASV_386
16S_ASV_203,18S_ASV_71,red,0.540147019823021,1.2825795694576e-4,FukuN18-freshwater-group,16S_ASV_203,Chlorophyta,18S_ASV_71
16S_ASV_571,18S_ASV_384,red,0.539938714199957,1.2918048518093e-4,Chthoniobacter,16S_ASV_571,Opisthokonta_Chytridiomycota,18S_ASV_384
16S_ASV_87,18S_ASV_377,red,0.539916167889946,1.2928069726563e-4,FukuN18-freshwater-group,16S_ASV_87,Chlorophyta,18S_ASV_377
16S_ASV_88,18S_ASV_239,red,0.539700811801773,1.3024146040303e-4,FukuN18-freshwater-group,16S_ASV_88,Stramenopiles,18S_ASV_239
16S_ASV_179,18S_ASV_36,red,0.539057825833851,1.331487191862e-4,FukuN18-freshwater-group,16S_ASV_179,Chlorophyta,18S_ASV_36
16S_ASV_58,18S_ASV_386,red,0.538980233154447,1.3350351103986e-4,FukuN18-freshwater-group,16S_ASV_58,Opisthokonta_Chytridiomycota,18S_ASV_386
16S_ASV_142,18S_ASV_384,red,0.538799027549305,1.3433541868166e-4,FukuN18-freshwater-group,16S_ASV_142,Opisthokonta_Chytridiomycota,18S_ASV_384
16S_ASV_68,18S_ASV_343,red,0.537096199847688,1.4238617886559e-4,FukuN18-freshwater-group,16S_ASV_68,Stramenopiles,18S_ASV_343
16S_ASV_278,18S_ASV_377,red,0.536806453831409,1.4379886883869e-4,FukuN18-freshwater-group,16S_ASV_278,Chlorophyta,18S_ASV_377
16S_ASV_131,18S_ASV_340,red,0.536707869676915,1.442824206182e-4,FukuN18-freshwater-group,16S_ASV_131,Rhizaria,18S_ASV_340
16S_ASV_38,18S_ASV_386,red,0.53639036585327,1.4584981525483e-4,FukuN18-freshwater-group,16S_ASV_38,Opisthokonta_Chytridiomycota,18S_ASV_386
16S_ASV_242,18S_ASV_343,red,0.536167817186722,1.4695764918844e-4,FukuN18-freshwater-group,16S_ASV_242,Stramenopiles,18S_ASV_343
16S_ASV_191,18S_ASV_73,red,0.535719084825025,1.4921467092579e-4,FukuN18-freshwater-group,16S_ASV_191,Chlorophyta,18S_ASV_73
16S_ASV_121,18S_ASV_375,red,0.53564345711438,1.4959814413517e-4,FukuN18-freshwater-group,16S_ASV_121,Opisthokonta_Chytridiomycota,18S_ASV_375
16S_ASV_84,18S_ASV_384,red,0.535613099972825,1.4975232259069e-4,FukuN18-freshwater-group,16S_ASV_84,Opisthokonta_Chytridiomycota,18S_ASV_384
16S_ASV_21,18S_ASV_384,red,0.535597550179739,1.4983135303071e-4,FukuN18-freshwater-group,16S_ASV_21,Opisthokonta_Chytridiomycota,18S_ASV_384
16S_ASV_115,18S_ASV_73,red,0.535295062247621,1.5137627057901e-4,FukuN18-freshwater-group,16S_ASV_115,Chlorophyta,18S_ASV_73
16S_ASV_150,18S_ASV_384,red,0.535056238024944,1.5260623100851e-4,FukuN18-freshwater-group,16S_ASV_150,Opisthokonta_Chytridiomycota,18S_ASV_384
16S_ASV_87,18S_ASV_71,red,0.534519538404314,1.5540342398264e-4,FukuN18-freshwater-group,16S_ASV_87,Chlorophyta,18S_ASV_71
16S_ASV_84,18S_ASV_386,red,0.534096088105709,1.5764312163342e-4,FukuN18-freshwater-group,16S_ASV_84,Opisthokonta_Chytridiomycota,18S_ASV_386
16S_ASV_44,18S_ASV_384,red,0.533875199999959,1.5882302035596e-4,FukuN18-freshwater-group,16S_ASV_44,Opisthokonta_Chytridiomycota,18S_ASV_384
16S_ASV_268,18S_ASV_340,red,0.533782355148318,1.5932134861481e-4,FukuN18-freshwater-group,16S_ASV_268,Rhizaria,18S_ASV_340
16S_ASV_80,18S_ASV_384,red,0.533531746198641,1.6067353736413e-4,FukuN18-freshwater-group,16S_ASV_80,Opisthokonta_Chytridiomycota,18S_ASV_384
16S_ASV_115,18S_ASV_57,red,0.532825321015958,1.6454135474711e-4,FukuN18-freshwater-group,16S_ASV_115,Chlorophyta,18S_ASV_57
16S_ASV_163,18S_ASV_384,red,0.532755344030144,1.6492905278621e-4,FukuN18-freshwater-group,16S_ASV_163,Opisthokonta_Chytridiomycota,18S_ASV_384
16S_ASV_671,18S_ASV_71,red,0.532703762528878,1.6521536336864e-4,NA,16S_ASV_671,Chlorophyta,18S_ASV_71
16S_ASV_248,18S_ASV_375,red,0.53247268333715,1.6650354306515e-4,FukuN18-freshwater-group,16S_ASV_248,Opisthokonta_Chytridiomycota,18S_ASV_375
16S_ASV_154,18S_ASV_384,red,0.532181914937986,1.6813740731302e-4,FukuN18-freshwater-group,16S_ASV_154,Opisthokonta_Chytridiomycota,18S_ASV_384
16S_ASV_571,18S_ASV_239,red,0.53212584981858,1.6845411118459e-4,Chthoniobacter,16S_ASV_571,Stramenopiles,18S_ASV_239
16S_ASV_278,18S_ASV_529,red,0.531943183724911,1.6948972204209e-4,FukuN18-freshwater-group,16S_ASV_278,Stramenopiles,18S_ASV_529
16S_ASV_492,18S_ASV_301,red,0.531456542469161,1.7227693490699e-4,Cyanobium,16S_ASV_492,Stramenopiles,18S_ASV_301
16S_ASV_191,18S_ASV_71,red,0.531352576283448,1.7287775673951e-4,FukuN18-freshwater-group,16S_ASV_191,Chlorophyta,18S_ASV_71
16S_ASV_5,18S_ASV_384,red,0.530937074495683,1.7529796190864e-4,FukuN18-freshwater-group,16S_ASV_5,Opisthokonta_Chytridiomycota,18S_ASV_384
16S_ASV_194,18S_ASV_384,red,0.530536044574542,1.7766295998544e-4,FukuN18-freshwater-group,16S_ASV_194,Opisthokonta_Chytridiomycota,18S_ASV_384
16S_ASV_10,18S_ASV_384,red,0.530507671040895,1.7783137806684e-4,FukuN18-freshwater-group,16S_ASV_10,Opisthokonta_Chytridiomycota,18S_ASV_384
16S_ASV_163,18S_ASV_36,red,0.530310170687995,1.7900770541381e-4,FukuN18-freshwater-group,16S_ASV_163,Chlorophyta,18S_ASV_36
16S_ASV_163,18S_ASV_57,red,0.530173532419707,1.7982565648574e-4,FukuN18-freshwater-group,16S_ASV_163,Chlorophyta,18S_ASV_57
16S_ASV_149,18S_ASV_384,red,0.529419734882817,1.8439928632497e-4,FukuN18-freshwater-group,16S_ASV_149,Opisthokonta_Chytridiomycota,18S_ASV_384
16S_ASV_115,18S_ASV_36,red,0.529170100491146,1.8593700751088e-4,FukuN18-freshwater-group,16S_ASV_115,Chlorophyta,18S_ASV_36
16S_ASV_58,18S_ASV_340,red,0.528603325014741,1.8947151413941e-4,FukuN18-freshwater-group,16S_ASV_58,Rhizaria,18S_ASV_340
16S_ASV_131,18S_ASV_384,red,0.528523747359471,1.8997261763069e-4,FukuN18-freshwater-group,16S_ASV_131,Opisthokonta_Chytridiomycota,18S_ASV_384
16S_ASV_179,18S_ASV_384,red,0.527487694838803,1.966071759721e-4,FukuN18-freshwater-group,16S_ASV_179,Opisthokonta_Chytridiomycota,18S_ASV_384
16S_ASV_278,18S_ASV_820,red,0.527487420924783,1.9660895743949e-4,FukuN18-freshwater-group,16S_ASV_278,Rhizaria,18S_ASV_820
16S_ASV_278,18S_ASV_384,red,0.527233573224143,1.9826621845815e-4,FukuN18-freshwater-group,16S_ASV_278,Opisthokonta_Chytridiomycota,18S_ASV_384
16S_ASV_203,18S_ASV_375,red,0.527072017302317,1.9932752493309e-4,FukuN18-freshwater-group,16S_ASV_203,Opisthokonta_Chytridiomycota,18S_ASV_375
16S_ASV_120,18S_ASV_375,red,0.526273888654827,2.046465485532e-4,FukuN18-freshwater-group,16S_ASV_120,Opisthokonta_Chytridiomycota,18S_ASV_375
16S_ASV_56,18S_ASV_384,red,0.526250194874804,2.0480639879594e-4,FukuN18-freshwater-group,16S_ASV_56,Opisthokonta_Chytridiomycota,18S_ASV_384
16S_ASV_191,18S_ASV_377,red,0.525611986989514,2.0915484036679e-4,FukuN18-freshwater-group,16S_ASV_191,Chlorophyta,18S_ASV_377
16S_ASV_58,18S_ASV_73,red,0.525517820552891,2.0980347406627e-4,FukuN18-freshwater-group,16S_ASV_58,Chlorophyta,18S_ASV_73
16S_ASV_130,18S_ASV_340,red,0.52466036091567,2.1579413241388e-4,FukuN18-freshwater-group,16S_ASV_130,Rhizaria,18S_ASV_340
16S_ASV_192,18S_ASV_340,red,0.52446873228808,2.1715393778345e-4,FukuN18-freshwater-group,16S_ASV_192,Rhizaria,18S_ASV_340
16S_ASV_203,18S_ASV_343,red,0.524415995606141,2.1752951812247e-4,FukuN18-freshwater-group,16S_ASV_203,Stramenopiles,18S_ASV_343
16S_ASV_121,18S_ASV_73,red,0.524208752207326,2.1901116723765e-4,FukuN18-freshwater-group,16S_ASV_121,Chlorophyta,18S_ASV_73
16S_ASV_278,18S_ASV_386,red,0.524004082300642,2.2048337636129e-4,FukuN18-freshwater-group,16S_ASV_278,Opisthokonta_Chytridiomycota,18S_ASV_386
16S_ASV_108,18S_ASV_384,red,0.52387625418023,2.214073934717e-4,FukuN18-freshwater-group,16S_ASV_108,Opisthokonta_Chytridiomycota,18S_ASV_384
16S_ASV_68,18S_ASV_384,red,0.523842761084601,2.2165008006851e-4,FukuN18-freshwater-group,16S_ASV_68,Opisthokonta_Chytridiomycota,18S_ASV_384
16S_ASV_115,18S_ASV_384,red,0.523522388381892,2.2398365307423e-4,FukuN18-freshwater-group,16S_ASV_115,Opisthokonta_Chytridiomycota,18S_ASV_384
16S_ASV_5,18S_ASV_340,red,0.523407305264718,2.2482732317646e-4,FukuN18-freshwater-group,16S_ASV_5,Rhizaria,18S_ASV_340
16S_ASV_61,18S_ASV_340,red,0.522633701492248,2.3057362509835e-4,FukuN18-freshwater-group,16S_ASV_61,Rhizaria,18S_ASV_340
16S_ASV_87,18S_ASV_73,red,0.521810229178017,2.3683606165613e-4,FukuN18-freshwater-group,16S_ASV_87,Chlorophyta,18S_ASV_73
16S_ASV_268,18S_ASV_384,red,0.521307304250183,2.4073603386939e-4,FukuN18-freshwater-group,16S_ASV_268,Opisthokonta_Chytridiomycota,18S_ASV_384
16S_ASV_38,18S_ASV_384,red,0.521267048273974,2.4105069882974e-4,FukuN18-freshwater-group,16S_ASV_38,Opisthokonta_Chytridiomycota,18S_ASV_384
16S_ASV_191,18S_ASV_384,red,0.520324706708138,2.4852370418175e-4,FukuN18-freshwater-group,16S_ASV_191,Opisthokonta_Chytridiomycota,18S_ASV_384
16S_ASV_36,18S_ASV_375,red,0.520164568374944,2.4981426424491e-4,FukuN18-freshwater-group,16S_ASV_36,Opisthokonta_Chytridiomycota,18S_ASV_375
16S_ASV_191,18S_ASV_820,red,0.519447791921689,2.5566537252114e-4,FukuN18-freshwater-group,16S_ASV_191,Rhizaria,18S_ASV_820
16S_ASV_52,18S_ASV_340,red,0.519217275256872,2.57573259738e-4,FukuN18-freshwater-group,16S_ASV_52,Rhizaria,18S_ASV_340
16S_ASV_179,18S_ASV_340,red,0.518478250817208,2.6377693764406e-4,FukuN18-freshwater-group,16S_ASV_179,Rhizaria,18S_ASV_340
16S_ASV_115,18S_ASV_343,red,0.518150513751109,2.6657106989511e-4,FukuN18-freshwater-group,16S_ASV_115,Stramenopiles,18S_ASV_343
16S_ASV_44,18S_ASV_340,red,0.518143931477823,2.6662746023426e-4,FukuN18-freshwater-group,16S_ASV_44,Rhizaria,18S_ASV_340
16S_ASV_61,18S_ASV_384,red,0.517928914244724,2.6847545129416e-4,FukuN18-freshwater-group,16S_ASV_61,Opisthokonta_Chytridiomycota,18S_ASV_384
16S_ASV_10,18S_ASV_340,red,0.517862025824292,2.6905268758852e-4,FukuN18-freshwater-group,16S_ASV_10,Rhizaria,18S_ASV_340
16S_ASV_58,18S_ASV_384,red,0.517732953602162,2.7016973125785e-4,FukuN18-freshwater-group,16S_ASV_58,Opisthokonta_Chytridiomycota,18S_ASV_384
16S_ASV_44,18S_ASV_343,red,0.517454491843548,2.7259393896185e-4,FukuN18-freshwater-group,16S_ASV_44,Stramenopiles,18S_ASV_343
16S_ASV_10,18S_ASV_375,red,0.517450197850104,2.7263147461477e-4,FukuN18-freshwater-group,16S_ASV_10,Opisthokonta_Chytridiomycota,18S_ASV_375
16S_ASV_1241,18S_ASV_23,red,0.517398166542764,2.7308667406098e-4,Chthoniobacter,16S_ASV_1241,Stramenopiles,18S_ASV_23
16S_ASV_152,18S_ASV_375,red,0.517175169177694,2.7504537047184e-4,FukuN18-freshwater-group,16S_ASV_152,Opisthokonta_Chytridiomycota,18S_ASV_375
16S_ASV_492,18S_ASV_239,red,0.516289705042245,2.8294872989317e-4,Cyanobium,16S_ASV_492,Stramenopiles,18S_ASV_239
16S_ASV_626,18S_ASV_239,red,0.516186372070054,2.8388428688689e-4,Cyanobium,16S_ASV_626,Stramenopiles,18S_ASV_239
16S_ASV_84,18S_ASV_239,red,0.516160450675728,2.8411941219178e-4,FukuN18-freshwater-group,16S_ASV_84,Stramenopiles,18S_ASV_239
16S_ASV_271,18S_ASV_384,red,0.516004519680094,2.8553753173982e-4,FukuN18-freshwater-group,16S_ASV_271,Opisthokonta_Chytridiomycota,18S_ASV_384
16S_ASV_52,18S_ASV_343,red,0.515862358371865,2.8683599047419e-4,FukuN18-freshwater-group,16S_ASV_52,Stramenopiles,18S_ASV_343
16S_ASV_191,18S_ASV_529,red,0.515785464425472,2.8754053695267e-4,FukuN18-freshwater-group,16S_ASV_191,Stramenopiles,18S_ASV_529
16S_ASV_142,18S_ASV_340,red,0.515490564722183,2.9025709264545e-4,FukuN18-freshwater-group,16S_ASV_142,Rhizaria,18S_ASV_340
16S_ASV_36,18S_ASV_384,red,0.515467900031241,2.9046683119885e-4,FukuN18-freshwater-group,16S_ASV_36,Opisthokonta_Chytridiomycota,18S_ASV_384
16S_ASV_179,18S_ASV_375,red,0.514761345379916,2.9707430931888e-4,FukuN18-freshwater-group,16S_ASV_179,Opisthokonta_Chytridiomycota,18S_ASV_375
16S_ASV_108,18S_ASV_375,red,0.514012669120731,3.0422351880917e-4,FukuN18-freshwater-group,16S_ASV_108,Opisthokonta_Chytridiomycota,18S_ASV_375
16S_ASV_191,18S_ASV_375,red,0.513778035538297,3.0649581969716e-4,FukuN18-freshwater-group,16S_ASV_191,Opisthokonta_Chytridiomycota,18S_ASV_375
16S_ASV_142,18S_ASV_343,red,0.513631370864702,3.0792395895547e-4,FukuN18-freshwater-group,16S_ASV_142,Stramenopiles,18S_ASV_343
16S_ASV_5,18S_ASV_343,red,0.512694643945699,3.1718786959819e-4,FukuN18-freshwater-group,16S_ASV_5,Stramenopiles,18S_ASV_343
16S_ASV_10,18S_ASV_386,red,0.512348317763042,3.2067610380033e-4,FukuN18-freshwater-group,16S_ASV_10,Opisthokonta_Chytridiomycota,18S_ASV_386
16S_ASV_84,18S_ASV_340,red,0.512157872929502,3.2260900117961e-4,FukuN18-freshwater-group,16S_ASV_84,Rhizaria,18S_ASV_340
16S_ASV_194,18S_ASV_375,red,0.511740346795651,3.2688347108841e-4,FukuN18-freshwater-group,16S_ASV_194,Opisthokonta_Chytridiomycota,18S_ASV_375
16S_ASV_52,18S_ASV_375,red,0.511660844864595,3.2770314831529e-4,FukuN18-freshwater-group,16S_ASV_52,Opisthokonta_Chytridiomycota,18S_ASV_375
16S_ASV_192,18S_ASV_384,red,0.511341715508363,3.3101211638753e-4,FukuN18-freshwater-group,16S_ASV_192,Opisthokonta_Chytridiomycota,18S_ASV_384
16S_ASV_88,18S_ASV_384,red,0.511091948756673,3.3362287649092e-4,FukuN18-freshwater-group,16S_ASV_88,Opisthokonta_Chytridiomycota,18S_ASV_384
16S_ASV_38,18S_ASV_239,red,0.511069877684156,3.3385447170775e-4,FukuN18-freshwater-group,16S_ASV_38,Stramenopiles,18S_ASV_239
16S_ASV_179,18S_ASV_343,red,0.51088745788834,3.3577419112521e-4,FukuN18-freshwater-group,16S_ASV_179,Stramenopiles,18S_ASV_343
16S_ASV_115,18S_ASV_340,red,0.510769860680377,3.3701701398924e-4,FukuN18-freshwater-group,16S_ASV_115,Rhizaria,18S_ASV_340
16S_ASV_21,18S_ASV_340,red,0.510713246469635,3.3761681809697e-4,FukuN18-freshwater-group,16S_ASV_21,Rhizaria,18S_ASV_340
16S_ASV_229,18S_ASV_340,red,0.510442788468278,3.4049551725867e-4,FukuN18-freshwater-group,16S_ASV_229,Rhizaria,18S_ASV_340
16S_ASV_626,18S_ASV_301,red,0.51042216104914,3.4071597722255e-4,Cyanobium,16S_ASV_626,Stramenopiles,18S_ASV_301
16S_ASV_165,18S_ASV_375,red,0.510047761677271,3.4473989039048e-4,FukuN18-freshwater-group,16S_ASV_165,Opisthokonta_Chytridiomycota,18S_ASV_375
16S_ASV_38,18S_ASV_820,red,0.50983743697851,3.4701913996605e-4,FukuN18-freshwater-group,16S_ASV_38,Rhizaria,18S_ASV_820
16S_ASV_149,18S_ASV_375,red,0.509763529672495,3.4782328055821e-4,FukuN18-freshwater-group,16S_ASV_149,Opisthokonta_Chytridiomycota,18S_ASV_375
16S_ASV_108,18S_ASV_340,red,0.509073223205362,3.5541562980047e-4,FukuN18-freshwater-group,16S_ASV_108,Rhizaria,18S_ASV_340
16S_ASV_229,18S_ASV_375,red,0.508766384783156,3.5883811320285e-4,FukuN18-freshwater-group,16S_ASV_229,Opisthokonta_Chytridiomycota,18S_ASV_375
16S_ASV_281,18S_ASV_384,red,0.508469332329915,3.6217972022025e-4,FukuN18-freshwater-group,16S_ASV_281,Opisthokonta_Chytridiomycota,18S_ASV_384
16S_ASV_38,18S_ASV_340,red,0.508461461033603,3.6226864637589e-4,FukuN18-freshwater-group,16S_ASV_38,Rhizaria,18S_ASV_340
16S_ASV_80,18S_ASV_375,red,0.50794516857803,3.6814463828167e-4,FukuN18-freshwater-group,16S_ASV_80,Opisthokonta_Chytridiomycota,18S_ASV_375
16S_ASV_44,18S_ASV_375,red,0.507615278734166,3.7194399822394e-4,FukuN18-freshwater-group,16S_ASV_44,Opisthokonta_Chytridiomycota,18S_ASV_375
16S_ASV_626,18S_ASV_386,red,0.507579131698326,3.7236244654509e-4,Cyanobium,16S_ASV_626,Opisthokonta_Chytridiomycota,18S_ASV_386
16S_ASV_80,18S_ASV_343,red,0.507406798931792,3.7436325858609e-4,FukuN18-freshwater-group,16S_ASV_80,Stramenopiles,18S_ASV_343
16S_ASV_130,18S_ASV_384,red,0.507393975668197,3.745125253908e-4,FukuN18-freshwater-group,16S_ASV_130,Opisthokonta_Chytridiomycota,18S_ASV_384
16S_ASV_492,18S_ASV_99,red,0.506954511974963,3.7966054993135e-4,Cyanobium,16S_ASV_492,Chlorophyta,18S_ASV_99
16S_ASV_271,18S_ASV_340,red,0.506639222807221,3.8339314437524e-4,FukuN18-freshwater-group,16S_ASV_271,Rhizaria,18S_ASV_340
16S_ASV_58,18S_ASV_820,red,0.506287274058657,3.8759876719909e-4,FukuN18-freshwater-group,16S_ASV_58,Rhizaria,18S_ASV_820
16S_ASV_278,18S_ASV_375,red,0.50623811240221,3.8818952258137e-4,FukuN18-freshwater-group,16S_ASV_278,Opisthokonta_Chytridiomycota,18S_ASV_375
16S_ASV_194,18S_ASV_340,red,0.505206941471778,4.0076911445124e-4,FukuN18-freshwater-group,16S_ASV_194,Rhizaria,18S_ASV_340
16S_ASV_5,18S_ASV_375,red,0.505022958176343,4.0305179659448e-4,FukuN18-freshwater-group,16S_ASV_5,Opisthokonta_Chytridiomycota,18S_ASV_375
16S_ASV_120,18S_ASV_340,red,0.504819924431285,4.0558442346349e-4,FukuN18-freshwater-group,16S_ASV_120,Rhizaria,18S_ASV_340
16S_ASV_108,18S_ASV_529,red,0.504460853434526,4.1009855586946e-4,FukuN18-freshwater-group,16S_ASV_108,Stramenopiles,18S_ASV_529
16S_ASV_21,18S_ASV_375,red,0.504427444922253,4.1052084955923e-4,FukuN18-freshwater-group,16S_ASV_21,Opisthokonta_Chytridiomycota,18S_ASV_375
16S_ASV_242,18S_ASV_384,red,0.504189582983065,4.1353883294228e-4,FukuN18-freshwater-group,16S_ASV_242,Opisthokonta_Chytridiomycota,18S_ASV_384
16S_ASV_87,18S_ASV_375,red,0.504034344534294,4.1551925138666e-4,FukuN18-freshwater-group,16S_ASV_87,Opisthokonta_Chytridiomycota,18S_ASV_375
16S_ASV_21,18S_ASV_343,red,0.503741638468113,4.192766264636e-4,FukuN18-freshwater-group,16S_ASV_21,Stramenopiles,18S_ASV_343
16S_ASV_268,18S_ASV_375,red,0.503618516536704,4.2086622264588e-4,FukuN18-freshwater-group,16S_ASV_268,Opisthokonta_Chytridiomycota,18S_ASV_375
16S_ASV_80,18S_ASV_340,red,0.503600040706208,4.211052270418e-4,FukuN18-freshwater-group,16S_ASV_80,Rhizaria,18S_ASV_340
16S_ASV_163,18S_ASV_375,red,0.503284786240274,4.252022519495e-4,FukuN18-freshwater-group,16S_ASV_163,Opisthokonta_Chytridiomycota,18S_ASV_375
16S_ASV_278,18S_ASV_239,red,0.502606692059064,4.3413655629278e-4,FukuN18-freshwater-group,16S_ASV_278,Stramenopiles,18S_ASV_239
16S_ASV_165,18S_ASV_340,red,0.502269734698571,4.3863871167515e-4,FukuN18-freshwater-group,16S_ASV_165,Rhizaria,18S_ASV_340
16S_ASV_36,18S_ASV_529,red,0.502065549695563,4.413872711097e-4,FukuN18-freshwater-group,16S_ASV_36,Stramenopiles,18S_ASV_529
16S_ASV_191,18S_ASV_386,red,0.502053568606735,4.4154903037831e-4,FukuN18-freshwater-group,16S_ASV_191,Opisthokonta_Chytridiomycota,18S_ASV_386
16S_ASV_56,18S_ASV_340,red,0.501920650070705,4.4334717450514e-4,FukuN18-freshwater-group,16S_ASV_56,Rhizaria,18S_ASV_340
16S_ASV_150,18S_ASV_386,red,0.50132117697222,4.5153909974043e-4,FukuN18-freshwater-group,16S_ASV_150,Opisthokonta_Chytridiomycota,18S_ASV_386
16S_ASV_154,18S_ASV_340,red,0.501149144760292,4.5391497210282e-4,FukuN18-freshwater-group,16S_ASV_154,Rhizaria,18S_ASV_340
16S_ASV_108,18S_ASV_386,red,0.501093463793212,4.5468636682434e-4,FukuN18-freshwater-group,16S_ASV_108,Opisthokonta_Chytridiomycota,18S_ASV_386
16S_ASV_56,18S_ASV_375,red,0.501070394680192,4.5500630781758e-4,FukuN18-freshwater-group,16S_ASV_56,Opisthokonta_Chytridiomycota,18S_ASV_375
16S_ASV_192,18S_ASV_375,red,0.501020210311371,4.5570300461154e-4,FukuN18-freshwater-group,16S_ASV_192,Opisthokonta_Chytridiomycota,18S_ASV_375
16S_ASV_10,18S_ASV_343,red,0.500091407834694,4.6877178700804e-4,FukuN18-freshwater-group,16S_ASV_10,Stramenopiles,18S_ASV_343
16S_ASV_150,18S_ASV_529,red,0.499567655995623,4.7628900708542e-4,FukuN18-freshwater-group,16S_ASV_150,Stramenopiles,18S_ASV_529
16S_ASV_108,18S_ASV_820,red,0.498364673203789,4.939670083902e-4,FukuN18-freshwater-group,16S_ASV_108,Rhizaria,18S_ASV_820
16S_ASV_142,18S_ASV_375,red,0.498320983935631,4.9461998529797e-4,FukuN18-freshwater-group,16S_ASV_142,Opisthokonta_Chytridiomycota,18S_ASV_375
16S_ASV_671,18S_ASV_15,red,0.498216086354029,4.9619094695527e-4,NA,16S_ASV_671,Chlorophyta,18S_ASV_15
16S_ASV_58,18S_ASV_375,red,0.498114399940337,4.9771809773061e-4,FukuN18-freshwater-group,16S_ASV_58,Opisthokonta_Chytridiomycota,18S_ASV_375
16S_ASV_84,18S_ASV_375,red,0.497988038559097,4.9962170982042e-4,FukuN18-freshwater-group,16S_ASV_84,Opisthokonta_Chytridiomycota,18S_ASV_375
16S_ASV_271,18S_ASV_386,red,0.497518010216067,5.0676018828445e-4,FukuN18-freshwater-group,16S_ASV_271,Opisthokonta_Chytridiomycota,18S_ASV_386
16S_ASV_154,18S_ASV_375,red,0.497396378173219,5.0862232257369e-4,FukuN18-freshwater-group,16S_ASV_154,Opisthokonta_Chytridiomycota,18S_ASV_375
16S_ASV_80,18S_ASV_386,red,0.497277438873043,5.1044917687106e-4,FukuN18-freshwater-group,16S_ASV_80,Opisthokonta_Chytridiomycota,18S_ASV_386
16S_ASV_150,18S_ASV_375,red,0.496767999792345,5.1834083752167e-4,FukuN18-freshwater-group,16S_ASV_150,Opisthokonta_Chytridiomycota,18S_ASV_375
16S_ASV_492,18S_ASV_820,red,0.496564025557476,5.2153119235297e-4,Cyanobium,16S_ASV_492,Rhizaria,18S_ASV_820
16S_ASV_38,18S_ASV_375,red,0.495731500959125,5.3473645481554e-4,FukuN18-freshwater-group,16S_ASV_38,Opisthokonta_Chytridiomycota,18S_ASV_375
16S_ASV_58,18S_ASV_239,red,0.495470653382498,5.3893530609126e-4,FukuN18-freshwater-group,16S_ASV_58,Stramenopiles,18S_ASV_239
16S_ASV_626,18S_ASV_529,red,0.495440430224649,5.3942371638492e-4,Cyanobium,16S_ASV_626,Stramenopiles,18S_ASV_529
16S_ASV_281,18S_ASV_386,red,0.495188123719515,5.4351656290829e-4,FukuN18-freshwater-group,16S_ASV_281,Opisthokonta_Chytridiomycota,18S_ASV_386
16S_ASV_492,18S_ASV_15,red,0.494897540312671,5.4826487162815e-4,Cyanobium,16S_ASV_492,Chlorophyta,18S_ASV_15
16S_ASV_68,18S_ASV_375,red,0.494539735604587,5.5416277978512e-4,FukuN18-freshwater-group,16S_ASV_68,Opisthokonta_Chytridiomycota,18S_ASV_375
16S_ASV_36,18S_ASV_386,red,0.494415469784928,5.5622441855863e-4,FukuN18-freshwater-group,16S_ASV_36,Opisthokonta_Chytridiomycota,18S_ASV_386
16S_ASV_165,18S_ASV_386,red,0.493783111897128,5.6682267370317e-4,FukuN18-freshwater-group,16S_ASV_165,Opisthokonta_Chytridiomycota,18S_ASV_386
16S_ASV_130,18S_ASV_375,red,0.493756492962986,5.6727275457332e-4,FukuN18-freshwater-group,16S_ASV_130,Opisthokonta_Chytridiomycota,18S_ASV_375
16S_ASV_192,18S_ASV_343,red,0.493678129026549,5.6859961870184e-4,FukuN18-freshwater-group,16S_ASV_192,Stramenopiles,18S_ASV_343
16S_ASV_492,18S_ASV_73,red,0.493604666104067,5.6984602825296e-4,Cyanobium,16S_ASV_492,Chlorophyta,18S_ASV_73
16S_ASV_21,18S_ASV_386,red,0.493489064220876,5.7181235657431e-4,FukuN18-freshwater-group,16S_ASV_21,Opisthokonta_Chytridiomycota,18S_ASV_386
16S_ASV_36,18S_ASV_340,red,0.493346002366748,5.7425419730539e-4,FukuN18-freshwater-group,16S_ASV_36,Rhizaria,18S_ASV_340
16S_ASV_271,18S_ASV_529,red,0.492755336916429,5.8443534214646e-4,FukuN18-freshwater-group,16S_ASV_271,Stramenopiles,18S_ASV_529
16S_ASV_38,18S_ASV_343,red,0.492573957347259,5.875940862258e-4,FukuN18-freshwater-group,16S_ASV_38,Stramenopiles,18S_ASV_343
16S_ASV_154,18S_ASV_386,red,0.492252565727471,5.9322880532666e-4,FukuN18-freshwater-group,16S_ASV_154,Opisthokonta_Chytridiomycota,18S_ASV_386
16S_ASV_84,18S_ASV_99,red,0.492193892735521,5.9426269369295e-4,FukuN18-freshwater-group,16S_ASV_84,Chlorophyta,18S_ASV_99
16S_ASV_149,18S_ASV_340,red,0.492102834922324,5.9587044381087e-4,FukuN18-freshwater-group,16S_ASV_149,Rhizaria,18S_ASV_340
16S_ASV_58,18S_ASV_343,red,0.491967478791598,5.9826755554581e-4,FukuN18-freshwater-group,16S_ASV_58,Stramenopiles,18S_ASV_343
16S_ASV_194,18S_ASV_386,red,0.491889850373155,5.9964623010544e-4,FukuN18-freshwater-group,16S_ASV_194,Opisthokonta_Chytridiomycota,18S_ASV_386
16S_ASV_121,18S_ASV_15,red,0.49151403160295,6.0636113664063e-4,FukuN18-freshwater-group,16S_ASV_121,Chlorophyta,18S_ASV_15
16S_ASV_36,18S_ASV_820,red,0.490781088009324,6.196513515719e-4,FukuN18-freshwater-group,16S_ASV_36,Rhizaria,18S_ASV_820
16S_ASV_115,18S_ASV_375,red,0.49052999129665,6.242641388642e-4,FukuN18-freshwater-group,16S_ASV_115,Opisthokonta_Chytridiomycota,18S_ASV_375
16S_ASV_80,18S_ASV_529,red,0.49047629456634,6.2525456646424e-4,FukuN18-freshwater-group,16S_ASV_80,Stramenopiles,18S_ASV_529
16S_ASV_492,18S_ASV_529,red,0.490358198250581,6.2743779459746e-4,Cyanobium,16S_ASV_492,Stramenopiles,18S_ASV_529
16S_ASV_130,18S_ASV_343,red,0.489866020622074,6.3661042212722e-4,FukuN18-freshwater-group,16S_ASV_130,Stramenopiles,18S_ASV_343
16S_ASV_278,18S_ASV_15,red,0.489343250663102,6.4648473266195e-4,FukuN18-freshwater-group,16S_ASV_278,Chlorophyta,18S_ASV_15
16S_ASV_5,18S_ASV_386,red,0.488884379024031,6.5526504854361e-4,FukuN18-freshwater-group,16S_ASV_5,Opisthokonta_Chytridiomycota,18S_ASV_386
16S_ASV_44,18S_ASV_386,red,0.488674065558953,6.5932492132567e-4,FukuN18-freshwater-group,16S_ASV_44,Opisthokonta_Chytridiomycota,18S_ASV_386
16S_ASV_626,18S_ASV_99,red,0.488575267913584,6.6123987589307e-4,Cyanobium,16S_ASV_626,Chlorophyta,18S_ASV_99
16S_ASV_87,18S_ASV_343,red,0.488533690045369,6.6204725240745e-4,FukuN18-freshwater-group,16S_ASV_87,Stramenopiles,18S_ASV_343
16S_ASV_626,18S_ASV_15,red,0.488154539836751,6.694506257135e-4,Cyanobium,16S_ASV_626,Chlorophyta,18S_ASV_15
16S_ASV_150,18S_ASV_340,red,0.487939592479409,6.736806182031e-4,FukuN18-freshwater-group,16S_ASV_150,Rhizaria,18S_ASV_340
16S_ASV_492,18S_ASV_384,red,0.487883508646443,6.7478823676019e-4,Cyanobium,16S_ASV_492,Opisthokonta_Chytridiomycota,18S_ASV_384
16S_ASV_248,18S_ASV_340,red,0.487842617991657,6.7559682868502e-4,FukuN18-freshwater-group,16S_ASV_248,Rhizaria,18S_ASV_340
16S_ASV_194,18S_ASV_529,red,0.487756127144649,6.7731000304582e-4,FukuN18-freshwater-group,16S_ASV_194,Stramenopiles,18S_ASV_529
16S_ASV_88,18S_ASV_529,red,0.487752027314747,6.7739130732546e-4,FukuN18-freshwater-group,16S_ASV_88,Stramenopiles,18S_ASV_529
16S_ASV_61,18S_ASV_375,red,0.487512932201191,6.8214799192571e-4,FukuN18-freshwater-group,16S_ASV_61,Opisthokonta_Chytridiomycota,18S_ASV_375
16S_ASV_56,18S_ASV_386,red,0.487188124034419,6.8865784943862e-4,FukuN18-freshwater-group,16S_ASV_56,Opisthokonta_Chytridiomycota,18S_ASV_386
16S_ASV_150,18S_ASV_820,red,0.486900490296288,6.9446907062636e-4,FukuN18-freshwater-group,16S_ASV_150,Rhizaria,18S_ASV_820
16S_ASV_281,18S_ASV_340,red,0.48646706358585,7.0330883916142e-4,FukuN18-freshwater-group,16S_ASV_281,Rhizaria,18S_ASV_340
16S_ASV_281,18S_ASV_529,red,0.48632342426068,7.0626053548314e-4,FukuN18-freshwater-group,16S_ASV_281,Stramenopiles,18S_ASV_529
16S_ASV_191,18S_ASV_239,red,0.485921816010053,7.1457231273347e-4,FukuN18-freshwater-group,16S_ASV_191,Stramenopiles,18S_ASV_239
16S_ASV_163,18S_ASV_340,red,0.485822417211036,7.1664297328691e-4,FukuN18-freshwater-group,16S_ASV_163,Rhizaria,18S_ASV_340
16S_ASV_121,18S_ASV_343,red,0.48516232383822,7.3053084203681e-4,FukuN18-freshwater-group,16S_ASV_121,Stramenopiles,18S_ASV_343
16S_ASV_268,18S_ASV_386,red,0.485152767968162,7.3073364802939e-4,FukuN18-freshwater-group,16S_ASV_268,Opisthokonta_Chytridiomycota,18S_ASV_386
16S_ASV_626,18S_ASV_820,red,0.484816862814045,7.3789474207916e-4,Cyanobium,16S_ASV_626,Rhizaria,18S_ASV_820
16S_ASV_671,18S_ASV_36,red,0.484600568774836,7.4253906832903e-4,NA,16S_ASV_671,Chlorophyta,18S_ASV_36
16S_ASV_736,18S_ASV_23,red,0.484516318107935,7.4435519409842e-4,Chthoniobacter,16S_ASV_736,Stramenopiles,18S_ASV_23
16S_ASV_87,18S_ASV_386,red,0.484453963052274,7.457018934143e-4,FukuN18-freshwater-group,16S_ASV_87,Opisthokonta_Chytridiomycota,18S_ASV_386
16S_ASV_61,18S_ASV_529,red,0.484418902406588,7.4646006565432e-4,FukuN18-freshwater-group,16S_ASV_61,Stramenopiles,18S_ASV_529
16S_ASV_88,18S_ASV_375,red,0.484077966728631,7.5386872964219e-4,FukuN18-freshwater-group,16S_ASV_88,Opisthokonta_Chytridiomycota,18S_ASV_375
16S_ASV_152,18S_ASV_340,red,0.483961570518052,7.5641309744562e-4,FukuN18-freshwater-group,16S_ASV_152,Rhizaria,18S_ASV_340
16S_ASV_10,18S_ASV_239,red,0.483864904728881,7.585320080561e-4,FukuN18-freshwater-group,16S_ASV_10,Stramenopiles,18S_ASV_239
16S_ASV_61,18S_ASV_386,red,0.483455875621876,7.6755684562328e-4,FukuN18-freshwater-group,16S_ASV_61,Opisthokonta_Chytridiomycota,18S_ASV_386
16S_ASV_80,18S_ASV_820,red,0.483222456857387,7.7274997307223e-4,FukuN18-freshwater-group,16S_ASV_80,Rhizaria,18S_ASV_820
16S_ASV_150,18S_ASV_99,red,0.483167135950967,7.7398535949218e-4,FukuN18-freshwater-group,16S_ASV_150,Chlorophyta,18S_ASV_99
16S_ASV_492,18S_ASV_375,red,0.482921933366596,7.7948235476797e-4,Cyanobium,16S_ASV_492,Opisthokonta_Chytridiomycota,18S_ASV_375
16S_ASV_203,18S_ASV_15,red,0.482821880565905,7.8173537540293e-4,FukuN18-freshwater-group,16S_ASV_203,Chlorophyta,18S_ASV_15
16S_ASV_88,18S_ASV_340,red,0.482745598914444,7.8345702348296e-4,FukuN18-freshwater-group,16S_ASV_88,Rhizaria,18S_ASV_340
16S_ASV_492,18S_ASV_57,red,0.482108275565793,7.979743076518e-4,Cyanobium,16S_ASV_492,Chlorophyta,18S_ASV_57
16S_ASV_149,18S_ASV_386,red,0.481930030818798,8.0207730024034e-4,FukuN18-freshwater-group,16S_ASV_149,Opisthokonta_Chytridiomycota,18S_ASV_386
16S_ASV_203,18S_ASV_386,red,0.481505500788775,8.1192561578524e-4,FukuN18-freshwater-group,16S_ASV_203,Opisthokonta_Chytridiomycota,18S_ASV_386
16S_ASV_278,18S_ASV_99,red,0.481273801212663,8.1734612759662e-4,FukuN18-freshwater-group,16S_ASV_278,Chlorophyta,18S_ASV_99
16S_ASV_671,18S_ASV_239,red,0.480889185323841,8.2641555065868e-4,NA,16S_ASV_671,Stramenopiles,18S_ASV_239
16S_ASV_278,18S_ASV_57,red,0.479918842259164,8.4969798697351e-4,FukuN18-freshwater-group,16S_ASV_278,Chlorophyta,18S_ASV_57
16S_ASV_121,18S_ASV_57,red,0.479348597305154,8.6365245711489e-4,FukuN18-freshwater-group,16S_ASV_121,Chlorophyta,18S_ASV_57
16S_ASV_671,18S_ASV_553,red,0.478903482547368,8.7468686588797e-4,NA,16S_ASV_671,Stramenopiles,18S_ASV_553
16S_ASV_242,18S_ASV_375,red,0.478400803418557,8.8729967950696e-4,FukuN18-freshwater-group,16S_ASV_242,Opisthokonta_Chytridiomycota,18S_ASV_375
16S_ASV_61,18S_ASV_343,red,0.478335718761129,8.889445598284e-4,FukuN18-freshwater-group,16S_ASV_61,Stramenopiles,18S_ASV_343
16S_ASV_203,18S_ASV_340,red,0.478213817239523,8.9203270302177e-4,FukuN18-freshwater-group,16S_ASV_203,Rhizaria,18S_ASV_340
16S_ASV_108,18S_ASV_239,red,0.478191435825857,8.9260073418614e-4,FukuN18-freshwater-group,16S_ASV_108,Stramenopiles,18S_ASV_239
16S_ASV_626,18S_ASV_73,red,0.478148684755912,8.9368663745987e-4,Cyanobium,16S_ASV_626,Chlorophyta,18S_ASV_73
16S_ASV_271,18S_ASV_375,red,0.478030474293826,8.9669540360514e-4,FukuN18-freshwater-group,16S_ASV_271,Opisthokonta_Chytridiomycota,18S_ASV_375
16S_ASV_10,18S_ASV_820,red,0.477952185284701,8.9869304378566e-4,FukuN18-freshwater-group,16S_ASV_10,Rhizaria,18S_ASV_820
16S_ASV_229,18S_ASV_343,red,0.477941676816002,8.9896148277518e-4,FukuN18-freshwater-group,16S_ASV_229,Stramenopiles,18S_ASV_343
16S_ASV_120,18S_ASV_343,red,0.477831190765412,9.0178819077769e-4,FukuN18-freshwater-group,16S_ASV_120,Stramenopiles,18S_ASV_343
16S_ASV_21,18S_ASV_529,red,0.477800845718864,9.0256593649121e-4,FukuN18-freshwater-group,16S_ASV_21,Stramenopiles,18S_ASV_529
16S_ASV_38,18S_ASV_529,red,0.477413845006679,9.1253749268413e-4,FukuN18-freshwater-group,16S_ASV_38,Stramenopiles,18S_ASV_529
16S_ASV_626,18S_ASV_375,red,0.477340376115033,9.1444158869712e-4,Cyanobium,16S_ASV_626,Opisthokonta_Chytridiomycota,18S_ASV_375
16S_ASV_36,18S_ASV_239,red,0.477331301452579,9.1467702320252e-4,FukuN18-freshwater-group,16S_ASV_36,Stramenopiles,18S_ASV_239
16S_ASV_142,18S_ASV_386,red,0.477331042860981,9.1468373293817e-4,FukuN18-freshwater-group,16S_ASV_142,Opisthokonta_Chytridiomycota,18S_ASV_386
16S_ASV_121,18S_ASV_386,red,0.477153874088839,9.1929112163583e-4,FukuN18-freshwater-group,16S_ASV_121,Opisthokonta_Chytridiomycota,18S_ASV_386
16S_ASV_56,18S_ASV_529,red,0.477026928617915,9.2260516025059e-4,FukuN18-freshwater-group,16S_ASV_56,Stramenopiles,18S_ASV_529
16S_ASV_84,18S_ASV_343,red,0.476577687383457,9.3441894136421e-4,FukuN18-freshwater-group,16S_ASV_84,Stramenopiles,18S_ASV_343
16S_ASV_87,18S_ASV_15,red,0.476462189070363,9.3747797513215e-4,FukuN18-freshwater-group,16S_ASV_87,Chlorophyta,18S_ASV_15
16S_ASV_21,18S_ASV_820,red,0.47635941438835,9.4020753478046e-4,FukuN18-freshwater-group,16S_ASV_21,Rhizaria,18S_ASV_820
16S_ASV_165,18S_ASV_820,red,0.475854082286161,9.5373201795042e-4,FukuN18-freshwater-group,16S_ASV_165,Rhizaria,18S_ASV_820
16S_ASV_192,18S_ASV_386,red,0.47583989856638,9.5411411858389e-4,FukuN18-freshwater-group,16S_ASV_192,Opisthokonta_Chytridiomycota,18S_ASV_386
16S_ASV_281,18S_ASV_820,red,0.47565023881067803,9.5923658743194e-4,FukuN18-freshwater-group,16S_ASV_281,Rhizaria,18S_ASV_820
16S_ASV_1241,18S_ASV_225,red,0.475349108674528,9.6742019363342e-4,Chthoniobacter,16S_ASV_1241,Opisthokonta_Chytridiomycota,18S_ASV_225
16S_ASV_154,18S_ASV_343,red,0.475207578759719,9.7128794538374e-4,FukuN18-freshwater-group,16S_ASV_154,Stramenopiles,18S_ASV_343
16S_ASV_626,18S_ASV_57,red,0.475083294003971,9.7469579820661e-4,Cyanobium,16S_ASV_626,Chlorophyta,18S_ASV_57
16S_ASV_191,18S_ASV_15,red,0.474996558701214,9.7708037627659e-4,FukuN18-freshwater-group,16S_ASV_191,Chlorophyta,18S_ASV_15
16S_ASV_5,18S_ASV_529,red,0.474980918913586,9.775109083729e-4,FukuN18-freshwater-group,16S_ASV_5,Stramenopiles,18S_ASV_529
16S_ASV_154,18S_ASV_529,red,0.474903660263116,9.7964017048615e-4,FukuN18-freshwater-group,16S_ASV_154,Stramenopiles,18S_ASV_529
16S_ASV_131,18S_ASV_375,red,0.474520557386313,9.9025985101707e-4,FukuN18-freshwater-group,16S_ASV_131,Opisthokonta_Chytridiomycota,18S_ASV_375
16S_ASV_571,18S_ASV_386,red,0.474348458975784,9.9506381166547e-4,Chthoniobacter,16S_ASV_571,Opisthokonta_Chytridiomycota,18S_ASV_386
16S_ASV_203,18S_ASV_99,red,0.474236301249788,9.9820577181071e-4,FukuN18-freshwater-group,16S_ASV_203,Chlorophyta,18S_ASV_99
16S_ASV_192,18S_ASV_529,red,0.474002299793717,0.00100478956026015,FukuN18-freshwater-group,16S_ASV_192,Stramenopiles,18S_ASV_529
16S_ASV_149,18S_ASV_529,red,0.473838658176989,0.0010094167284169,FukuN18-freshwater-group,16S_ASV_149,Stramenopiles,18S_ASV_529
16S_ASV_120,18S_ASV_99,red,0.473729297824659,0.00101251961910846,FukuN18-freshwater-group,16S_ASV_120,Chlorophyta,18S_ASV_99
16S_ASV_130,18S_ASV_386,red,0.473648723410087,0.00101481120730285,FukuN18-freshwater-group,16S_ASV_130,Opisthokonta_Chytridiomycota,18S_ASV_386
16S_ASV_149,18S_ASV_820,red,0.473542676934413,0.00101783429161642,FukuN18-freshwater-group,16S_ASV_149,Rhizaria,18S_ASV_820
16S_ASV_571,18S_ASV_375,red,0.473500789499276,0.00101903059603458,Chthoniobacter,16S_ASV_571,Opisthokonta_Chytridiomycota,18S_ASV_375
16S_ASV_44,18S_ASV_529,red,0.473331125214752,0.00102388904964039,FukuN18-freshwater-group,16S_ASV_44,Stramenopiles,18S_ASV_529
16S_ASV_165,18S_ASV_529,red,0.473304234535749,0.00102466097748008,FukuN18-freshwater-group,16S_ASV_165,Stramenopiles,18S_ASV_529
16S_ASV_268,18S_ASV_529,red,0.473189491863353,0.0010279606366117,FukuN18-freshwater-group,16S_ASV_268,Stramenopiles,18S_ASV_529
16S_ASV_278,18S_ASV_36,red,0.472812166043807,0.00103887836773488,FukuN18-freshwater-group,16S_ASV_278,Chlorophyta,18S_ASV_36
16S_ASV_121,18S_ASV_36,red,0.472477045321624,0.00104866153488455,FukuN18-freshwater-group,16S_ASV_121,Chlorophyta,18S_ASV_36
16S_ASV_121,18S_ASV_99,red,0.472462787753866,0.0010490795722121,FukuN18-freshwater-group,16S_ASV_121,Chlorophyta,18S_ASV_99
16S_ASV_271,18S_ASV_820,red,0.47226981499737,0.00105475224836001,FukuN18-freshwater-group,16S_ASV_271,Rhizaria,18S_ASV_820
16S_ASV_121,18S_ASV_340,red,0.471780871120476,0.00106924805344912,FukuN18-freshwater-group,16S_ASV_121,Rhizaria,18S_ASV_340
16S_ASV_271,18S_ASV_99,red,0.471708045139898,0.0010714222740046,FukuN18-freshwater-group,16S_ASV_271,Chlorophyta,18S_ASV_99
16S_ASV_80,18S_ASV_99,red,0.471566783714499,0.00107565088089807,FukuN18-freshwater-group,16S_ASV_80,Chlorophyta,18S_ASV_99
16S_ASV_671,18S_ASV_57,red,0.471545582177663,0.00107628682377054,NA,16S_ASV_671,Chlorophyta,18S_ASV_57
16S_ASV_131,18S_ASV_386,red,0.471306940020239,0.00108346808972592,FukuN18-freshwater-group,16S_ASV_131,Opisthokonta_Chytridiomycota,18S_ASV_386
16S_ASV_671,18S_ASV_386,red,0.471163639893781,0.00108780080889395,NA,16S_ASV_671,Opisthokonta_Chytridiomycota,18S_ASV_386
16S_ASV_130,18S_ASV_529,red,0.470992230252723,0.00109300371616723,FukuN18-freshwater-group,16S_ASV_130,Stramenopiles,18S_ASV_529
16S_ASV_194,18S_ASV_343,red,0.47096131916689,0.00109394433829072,FukuN18-freshwater-group,16S_ASV_194,Stramenopiles,18S_ASV_343
16S_ASV_120,18S_ASV_386,red,0.47072931423348,0.00110102730229838,FukuN18-freshwater-group,16S_ASV_120,Opisthokonta_Chytridiomycota,18S_ASV_386
16S_ASV_52,18S_ASV_386,red,0.470664696452882,0.00110300730868236,FukuN18-freshwater-group,16S_ASV_52,Opisthokonta_Chytridiomycota,18S_ASV_386
16S_ASV_152,18S_ASV_99,red,0.470574544382324,0.00110577503643556,FukuN18-freshwater-group,16S_ASV_152,Chlorophyta,18S_ASV_99
16S_ASV_203,18S_ASV_57,red,0.470417021721379,0.00111062595028318,FukuN18-freshwater-group,16S_ASV_203,Chlorophyta,18S_ASV_57
16S_ASV_142,18S_ASV_99,red,0.470390051687613,0.00111145839260059,FukuN18-freshwater-group,16S_ASV_142,Chlorophyta,18S_ASV_99
16S_ASV_56,18S_ASV_820,red,0.469524897929383,0.00113845862259255,FukuN18-freshwater-group,16S_ASV_56,Rhizaria,18S_ASV_820
16S_ASV_165,18S_ASV_343,red,0.46936416059507,0.00114353891162626,FukuN18-freshwater-group,16S_ASV_165,Stramenopiles,18S_ASV_343
16S_ASV_87,18S_ASV_99,red,0.469275834851513,0.0011463391417107,FukuN18-freshwater-group,16S_ASV_87,Chlorophyta,18S_ASV_99
16S_ASV_150,18S_ASV_239,red,0.469214617836139,0.00114828351560105,FukuN18-freshwater-group,16S_ASV_150,Stramenopiles,18S_ASV_239
16S_ASV_671,18S_ASV_529,red,0.468761118317779,0.00116277933305401,NA,16S_ASV_671,Stramenopiles,18S_ASV_529
16S_ASV_165,18S_ASV_99,red,0.468682697728169,0.00116530246557598,FukuN18-freshwater-group,16S_ASV_165,Chlorophyta,18S_ASV_99
16S_ASV_268,18S_ASV_820,red,0.468631271848861,0.00116695970782241,FukuN18-freshwater-group,16S_ASV_268,Rhizaria,18S_ASV_820
16S_ASV_248,18S_ASV_386,red,0.468535761974681,0.00117004316662977,FukuN18-freshwater-group,16S_ASV_248,Opisthokonta_Chytridiomycota,18S_ASV_386
16S_ASV_671,18S_ASV_99,red,0.46847582960272,0.00117198173939334,NA,16S_ASV_671,Chlorophyta,18S_ASV_99
16S_ASV_229,18S_ASV_386,red,0.467962207180001,0.00118871308135643,FukuN18-freshwater-group,16S_ASV_229,Opisthokonta_Chytridiomycota,18S_ASV_386
16S_ASV_150,18S_ASV_343,red,0.467901611575397,0.00119070095956235,FukuN18-freshwater-group,16S_ASV_150,Stramenopiles,18S_ASV_343
16S_ASV_281,18S_ASV_375,red,0.467699517260476,0.00119735222010512,FukuN18-freshwater-group,16S_ASV_281,Opisthokonta_Chytridiomycota,18S_ASV_375
16S_ASV_194,18S_ASV_99,red,0.46713448654073,0.00121612427986009,FukuN18-freshwater-group,16S_ASV_194,Chlorophyta,18S_ASV_99
16S_ASV_21,18S_ASV_99,red,0.467061441451118,0.00121857009568128,FukuN18-freshwater-group,16S_ASV_21,Chlorophyta,18S_ASV_99
16S_ASV_152,18S_ASV_386,red,0.466961481288551,0.00122192422516176,FukuN18-freshwater-group,16S_ASV_152,Opisthokonta_Chytridiomycota,18S_ASV_386
16S_ASV_281,18S_ASV_99,red,0.466643452716083,0.0012326503235978,FukuN18-freshwater-group,16S_ASV_281,Chlorophyta,18S_ASV_99
16S_ASV_44,18S_ASV_820,red,0.466594257682837,0.00123431698261624,FukuN18-freshwater-group,16S_ASV_44,Rhizaria,18S_ASV_820
16S_ASV_191,18S_ASV_57,red,0.465664029155562,0.00126621181266419,FukuN18-freshwater-group,16S_ASV_191,Chlorophyta,18S_ASV_57
16S_ASV_194,18S_ASV_820,red,0.465393902224185,0.00127561010614918,FukuN18-freshwater-group,16S_ASV_194,Rhizaria,18S_ASV_820
16S_ASV_1241,18S_ASV_529,red,0.465241472233768,0.001280940830012,Chthoniobacter,16S_ASV_1241,Stramenopiles,18S_ASV_529
16S_ASV_154,18S_ASV_820,red,0.465062895700033,0.00128721115405904,FukuN18-freshwater-group,16S_ASV_154,Rhizaria,18S_ASV_820
16S_ASV_203,18S_ASV_36,red,0.465003306587104,0.00128930956546741,FukuN18-freshwater-group,16S_ASV_203,Chlorophyta,18S_ASV_36
16S_ASV_87,18S_ASV_57,red,0.464999668054784,0.00128943779377531,FukuN18-freshwater-group,16S_ASV_87,Chlorophyta,18S_ASV_57
16S_ASV_268,18S_ASV_343,red,0.464953069258921,0.00129108102142261,FukuN18-freshwater-group,16S_ASV_268,Stramenopiles,18S_ASV_343
16S_ASV_56,18S_ASV_343,red,0.464780298009186,0.00129718978309301,FukuN18-freshwater-group,16S_ASV_56,Stramenopiles,18S_ASV_343
16S_ASV_52,18S_ASV_99,red,0.464534116660466,0.00130593857916917,FukuN18-freshwater-group,16S_ASV_52,Chlorophyta,18S_ASV_99
16S_ASV_229,18S_ASV_99,red,0.464343031529962,0.00131276551757048,FukuN18-freshwater-group,16S_ASV_229,Chlorophyta,18S_ASV_99
16S_ASV_191,18S_ASV_99,red,0.464308809945731,0.00131399150636046,FukuN18-freshwater-group,16S_ASV_191,Chlorophyta,18S_ASV_99
16S_ASV_154,18S_ASV_99,red,0.464272036595324,0.00131531004761293,FukuN18-freshwater-group,16S_ASV_154,Chlorophyta,18S_ASV_99
16S_ASV_80,18S_ASV_239,red,0.46417911361731,0.00131864713110152,FukuN18-freshwater-group,16S_ASV_80,Stramenopiles,18S_ASV_239
16S_ASV_5,18S_ASV_820,red,0.463904016224711,0.00132857073265022,FukuN18-freshwater-group,16S_ASV_5,Rhizaria,18S_ASV_820
16S_ASV_131,18S_ASV_99,red,0.463736448851827,0.00133464790708787,FukuN18-freshwater-group,16S_ASV_131,Chlorophyta,18S_ASV_99
16S_ASV_271,18S_ASV_239,red,0.46343077218092,0.00134579762834351,FukuN18-freshwater-group,16S_ASV_271,Stramenopiles,18S_ASV_239
16S_ASV_108,18S_ASV_99,red,0.463312596347609,0.00135013031329776,FukuN18-freshwater-group,16S_ASV_108,Chlorophyta,18S_ASV_99
16S_ASV_163,18S_ASV_343,red,0.463090597530484,0.00135830302128772,FukuN18-freshwater-group,16S_ASV_163,Stramenopiles,18S_ASV_343
16S_ASV_130,18S_ASV_820,red,0.462940767829686,0.00136384372125596,FukuN18-freshwater-group,16S_ASV_130,Rhizaria,18S_ASV_820
16S_ASV_56,18S_ASV_99,red,0.462896681450307,0.00136547785767805,FukuN18-freshwater-group,16S_ASV_56,Chlorophyta,18S_ASV_99
16S_ASV_192,18S_ASV_820,red,0.462843430355541,0.00136745402158184,FukuN18-freshwater-group,16S_ASV_192,Rhizaria,18S_ASV_820
16S_ASV_194,18S_ASV_239,red,0.462625822502299,0.00137555597264574,FukuN18-freshwater-group,16S_ASV_194,Stramenopiles,18S_ASV_239
16S_ASV_5,18S_ASV_99,red,0.462136271120149,0.00139393912454653,FukuN18-freshwater-group,16S_ASV_5,Chlorophyta,18S_ASV_99
16S_ASV_87,18S_ASV_340,red,0.461958576718737,0.0014006655654971,FukuN18-freshwater-group,16S_ASV_87,Rhizaria,18S_ASV_340
16S_ASV_61,18S_ASV_820,red,0.460774139462925,0.00144624323636095,FukuN18-freshwater-group,16S_ASV_61,Rhizaria,18S_ASV_820
16S_ASV_149,18S_ASV_343,red,0.460733437175845,0.00144783263530421,FukuN18-freshwater-group,16S_ASV_149,Stramenopiles,18S_ASV_343
16S_ASV_44,18S_ASV_99,red,0.460702693180321,0.0014490341980502,FukuN18-freshwater-group,16S_ASV_44,Chlorophyta,18S_ASV_99
16S_ASV_152,18S_ASV_343,red,0.460329168699666,0.00146370354529288,FukuN18-freshwater-group,16S_ASV_152,Stramenopiles,18S_ASV_343
16S_ASV_61,18S_ASV_99,red,0.460264766198638,0.00146624610507565,FukuN18-freshwater-group,16S_ASV_61,Chlorophyta,18S_ASV_99
16S_ASV_248,18S_ASV_343,red,0.459594658875327,0.00149293518926708,FukuN18-freshwater-group,16S_ASV_248,Stramenopiles,18S_ASV_343
16S_ASV_10,18S_ASV_529,red,0.459563534688577,0.00149418522646593,FukuN18-freshwater-group,16S_ASV_10,Stramenopiles,18S_ASV_529
16S_ASV_203,18S_ASV_553,red,0.459368729294313,0.00150203031713638,FukuN18-freshwater-group,16S_ASV_203,Stramenopiles,18S_ASV_553
16S_ASV_281,18S_ASV_239,red,0.459207470465799,0.0015085520970281,FukuN18-freshwater-group,16S_ASV_281,Stramenopiles,18S_ASV_239
16S_ASV_87,18S_ASV_36,red,0.458884819042824,0.00152167662314393,FukuN18-freshwater-group,16S_ASV_87,Chlorophyta,18S_ASV_36
16S_ASV_248,18S_ASV_99,red,0.458147728822882,0.00155204049082967,FukuN18-freshwater-group,16S_ASV_248,Chlorophyta,18S_ASV_99
16S_ASV_108,18S_ASV_343,red,0.458142198753514,0.00155227031640969,FukuN18-freshwater-group,16S_ASV_108,Stramenopiles,18S_ASV_343
16S_ASV_149,18S_ASV_99,red,0.458081170126876,0.00155480862841076,FukuN18-freshwater-group,16S_ASV_149,Chlorophyta,18S_ASV_99
16S_ASV_278,18S_ASV_343,red,0.457678655663607,0.00157164258171206,FukuN18-freshwater-group,16S_ASV_278,Stramenopiles,18S_ASV_343
16S_ASV_191,18S_ASV_36,red,0.457359338675074,0.00158511194322771,FukuN18-freshwater-group,16S_ASV_191,Chlorophyta,18S_ASV_36
16S_ASV_38,18S_ASV_99,red,0.457279964919054,0.00158847593032037,FukuN18-freshwater-group,16S_ASV_38,Chlorophyta,18S_ASV_99
16S_ASV_131,18S_ASV_23,red,0.457266587879535,0.00158904349428296,FukuN18-freshwater-group,16S_ASV_131,Stramenopiles,18S_ASV_23
16S_ASV_281,18S_ASV_343,red,0.456679681213605,0.00161412278343925,FukuN18-freshwater-group,16S_ASV_281,Stramenopiles,18S_ASV_343
16S_ASV_36,18S_ASV_99,red,0.456521754760801,0.00162093088514798,FukuN18-freshwater-group,16S_ASV_36,Chlorophyta,18S_ASV_99
16S_ASV_120,18S_ASV_553,red,0.456003267654913,0.00164346202932567,FukuN18-freshwater-group,16S_ASV_120,Stramenopiles,18S_ASV_553
16S_ASV_152,18S_ASV_553,red,0.455745886011708,0.00165474955585649,FukuN18-freshwater-group,16S_ASV_152,Stramenopiles,18S_ASV_553
16S_ASV_61,18S_ASV_239,red,0.455667508586368,0.00165820044845065,FukuN18-freshwater-group,16S_ASV_61,Stramenopiles,18S_ASV_239
16S_ASV_163,18S_ASV_99,red,0.45522664872952,0.00167773035898763,FukuN18-freshwater-group,16S_ASV_163,Chlorophyta,18S_ASV_99
16S_ASV_271,18S_ASV_343,red,0.455076141757003,0.00168444432035827,FukuN18-freshwater-group,16S_ASV_271,Stramenopiles,18S_ASV_343
16S_ASV_492,18S_ASV_36,red,0.454713523551556,0.00170071831764193,Cyanobium,16S_ASV_492,Chlorophyta,18S_ASV_36
16S_ASV_121,18S_ASV_553,red,0.453261168675649,0.00176730519383957,FukuN18-freshwater-group,16S_ASV_121,Stramenopiles,18S_ASV_553
16S_ASV_571,18S_ASV_191,red,0.453135461859133,0.00177317576652535,Chthoniobacter,16S_ASV_571,Cryptophyta,18S_ASV_191
16S_ASV_56,18S_ASV_239,red,0.453112380415121,0.00177425555802354,FukuN18-freshwater-group,16S_ASV_56,Stramenopiles,18S_ASV_239
16S_ASV_179,18S_ASV_386,red,0.452398773809235,0.00180792822957736,FukuN18-freshwater-group,16S_ASV_179,Opisthokonta_Chytridiomycota,18S_ASV_386
16S_ASV_278,18S_ASV_340,red,0.452185839636953,0.00181808496859083,FukuN18-freshwater-group,16S_ASV_278,Rhizaria,18S_ASV_340
16S_ASV_163,18S_ASV_386,red,0.45184067257056,0.0018346565097407,FukuN18-freshwater-group,16S_ASV_163,Opisthokonta_Chytridiomycota,18S_ASV_386
16S_ASV_268,18S_ASV_239,red,0.451309166483248,0.00186043596934201,FukuN18-freshwater-group,16S_ASV_268,Stramenopiles,18S_ASV_239
16S_ASV_21,18S_ASV_239,red,0.451052053922003,0.00187302137226256,FukuN18-freshwater-group,16S_ASV_21,Stramenopiles,18S_ASV_239
16S_ASV_88,18S_ASV_99,red,0.451043956317951,0.00187341896379157,FukuN18-freshwater-group,16S_ASV_88,Chlorophyta,18S_ASV_99
16S_ASV_142,18S_ASV_553,red,0.451019542277984,0.00187461814313384,FukuN18-freshwater-group,16S_ASV_142,Stramenopiles,18S_ASV_553
16S_ASV_5,18S_ASV_239,red,0.450890075138722,0.00188098873520831,FukuN18-freshwater-group,16S_ASV_5,Stramenopiles,18S_ASV_239
16S_ASV_88,18S_ASV_343,red,0.450372613055069,0.0019066429935488,FukuN18-freshwater-group,16S_ASV_88,Stramenopiles,18S_ASV_343
16S_ASV_154,18S_ASV_239,red,0.450253630919043,0.00191258540778033,FukuN18-freshwater-group,16S_ASV_154,Stramenopiles,18S_ASV_239
16S_ASV_68,18S_ASV_386,red,0.450083478743794,0.00192111194070096,FukuN18-freshwater-group,16S_ASV_68,Opisthokonta_Chytridiomycota,18S_ASV_386
16S_ASV_150,18S_ASV_553,red,0.449616739911089,0.0019446738287318,FukuN18-freshwater-group,16S_ASV_150,Stramenopiles,18S_ASV_553
16S_ASV_179,18S_ASV_99,red,0.449399136572805,0.00195574604344727,FukuN18-freshwater-group,16S_ASV_179,Chlorophyta,18S_ASV_99
16S_ASV_149,18S_ASV_239,red,0.44922730795678,0.00196452851602485,FukuN18-freshwater-group,16S_ASV_149,Stramenopiles,18S_ASV_239
16S_ASV_44,18S_ASV_239,red,0.449200576147251,0.00196589796063709,FukuN18-freshwater-group,16S_ASV_44,Stramenopiles,18S_ASV_239
16S_ASV_626,18S_ASV_36,red,0.449188965905417,0.00196649300518353,Cyanobium,16S_ASV_626,Chlorophyta,18S_ASV_36
16S_ASV_165,18S_ASV_239,red,0.449116377823227,0.00197021688273257,FukuN18-freshwater-group,16S_ASV_165,Stramenopiles,18S_ASV_239
16S_ASV_192,18S_ASV_239,red,0.449011547746124,0.00197560583888965,FukuN18-freshwater-group,16S_ASV_192,Stramenopiles,18S_ASV_239
16S_ASV_626,18S_ASV_384,red,0.448927891202602,0.001979915691381,Cyanobium,16S_ASV_626,Opisthokonta_Chytridiomycota,18S_ASV_384
16S_ASV_191,18S_ASV_340,red,0.448709267214807,0.00199121816683474,FukuN18-freshwater-group,16S_ASV_191,Rhizaria,18S_ASV_340
16S_ASV_626,18S_ASV_553,red,0.448368602672916,0.00200894374914571,Cyanobium,16S_ASV_626,Stramenopiles,18S_ASV_553
16S_ASV_10,18S_ASV_99,red,0.448195950626941,0.00201798044419592,FukuN18-freshwater-group,16S_ASV_10,Chlorophyta,18S_ASV_99
16S_ASV_191,18S_ASV_343,red,0.447988206791299,0.0020289015233408,FukuN18-freshwater-group,16S_ASV_191,Stramenopiles,18S_ASV_343
16S_ASV_268,18S_ASV_99,red,0.447839890005426,0.00203673048803329,FukuN18-freshwater-group,16S_ASV_268,Chlorophyta,18S_ASV_99
16S_ASV_492,18S_ASV_553,red,0.447648513291603,0.00204687187540234,Cyanobium,16S_ASV_492,Stramenopiles,18S_ASV_553
16S_ASV_152,18S_ASV_23,red,0.447474813541005,0.0020561151757897,FukuN18-freshwater-group,16S_ASV_152,Stramenopiles,18S_ASV_23
16S_ASV_229,18S_ASV_553,red,0.447063056087882,0.00207817419680681,FukuN18-freshwater-group,16S_ASV_229,Stramenopiles,18S_ASV_553
16S_ASV_52,18S_ASV_553,red,0.446886106448554,0.00208771802004999,FukuN18-freshwater-group,16S_ASV_52,Stramenopiles,18S_ASV_553
16S_ASV_163,18S_ASV_553,red,0.446719107974036,0.00209676065770498,FukuN18-freshwater-group,16S_ASV_163,Stramenopiles,18S_ASV_553
16S_ASV_120,18S_ASV_529,red,0.446468355773889,0.00211040344761868,FukuN18-freshwater-group,16S_ASV_120,Stramenopiles,18S_ASV_529
16S_ASV_192,18S_ASV_99,red,0.445717075245747,0.00215174979345326,FukuN18-freshwater-group,16S_ASV_192,Chlorophyta,18S_ASV_99
16S_ASV_671,18S_ASV_820,red,0.445504291138094,0.00216358964444993,NA,16S_ASV_671,Rhizaria,18S_ASV_820
16S_ASV_130,18S_ASV_239,red,0.44519674538584,0.00218080404153808,FukuN18-freshwater-group,16S_ASV_130,Stramenopiles,18S_ASV_239
16S_ASV_52,18S_ASV_23,red,0.445166536625381,0.00218250144184975,FukuN18-freshwater-group,16S_ASV_52,Stramenopiles,18S_ASV_23
16S_ASV_115,18S_ASV_386,red,0.445065130388234,0.00218820789995469,FukuN18-freshwater-group,16S_ASV_115,Opisthokonta_Chytridiomycota,18S_ASV_386
16S_ASV_248,18S_ASV_553,red,0.444828757506752,0.00220156059170218,FukuN18-freshwater-group,16S_ASV_248,Stramenopiles,18S_ASV_553
16S_ASV_130,18S_ASV_99,red,0.444691265118764,0.00220936060896613,FukuN18-freshwater-group,16S_ASV_130,Chlorophyta,18S_ASV_99
16S_ASV_121,18S_ASV_529,red,0.444328035188621,0.00223008443948687,FukuN18-freshwater-group,16S_ASV_121,Stramenopiles,18S_ASV_529
16S_ASV_150,18S_ASV_23,red,0.443449041441596,0.00228094715139208,FukuN18-freshwater-group,16S_ASV_150,Stramenopiles,18S_ASV_23
16S_ASV_68,18S_ASV_99,red,0.443444604355093,0.00228120647990914,FukuN18-freshwater-group,16S_ASV_68,Chlorophyta,18S_ASV_99
16S_ASV_87,18S_ASV_553,red,0.443383997968713,0.00228475126927034,FukuN18-freshwater-group,16S_ASV_87,Stramenopiles,18S_ASV_553
16S_ASV_36,18S_ASV_343,red,0.442980664070319,0.00230846592805459,FukuN18-freshwater-group,16S_ASV_36,Stramenopiles,18S_ASV_343
16S_ASV_142,18S_ASV_23,red,0.442328166847977,0.00234729101861984,FukuN18-freshwater-group,16S_ASV_142,Stramenopiles,18S_ASV_23
16S_ASV_84,18S_ASV_23,red,0.441760902234118,0.00238151188802163,FukuN18-freshwater-group,16S_ASV_84,Stramenopiles,18S_ASV_23
16S_ASV_58,18S_ASV_99,red,0.441222980947854,0.002414368638758,FukuN18-freshwater-group,16S_ASV_58,Chlorophyta,18S_ASV_99
16S_ASV_80,18S_ASV_553,red,0.441147842610714,0.00241898986061498,FukuN18-freshwater-group,16S_ASV_80,Stramenopiles,18S_ASV_553
16S_ASV_131,18S_ASV_553,red,0.440972581261067,0.00242979928532429,FukuN18-freshwater-group,16S_ASV_131,Stramenopiles,18S_ASV_553
16S_ASV_115,18S_ASV_99,red,0.440553049340965,0.00245584767173393,FukuN18-freshwater-group,16S_ASV_115,Chlorophyta,18S_ASV_99
16S_ASV_229,18S_ASV_23,red,0.439863533550671,0.00249919463538608,FukuN18-freshwater-group,16S_ASV_229,Stramenopiles,18S_ASV_23
16S_ASV_203,18S_ASV_529,red,0.439756444157761,0.00250598709743239,FukuN18-freshwater-group,16S_ASV_203,Stramenopiles,18S_ASV_529
16S_ASV_179,18S_ASV_553,red,0.439591516242313,0.00251647999216067,FukuN18-freshwater-group,16S_ASV_179,Stramenopiles,18S_ASV_553
16S_ASV_1241,18S_ASV_99,red,0.439500490356344,0.00252228773876165,Chthoniobacter,16S_ASV_1241,Chlorophyta,18S_ASV_99
16S_ASV_142,18S_ASV_529,red,0.439397601482306,0.00252886661302702,FukuN18-freshwater-group,16S_ASV_142,Stramenopiles,18S_ASV_529
16S_ASV_120,18S_ASV_23,red,0.43932920863914,0.00253324812676523,FukuN18-freshwater-group,16S_ASV_120,Stramenopiles,18S_ASV_23
16S_ASV_21,18S_ASV_23,red,0.437657983493699,0.00264241478493851,FukuN18-freshwater-group,16S_ASV_21,Stramenopiles,18S_ASV_23
16S_ASV_84,18S_ASV_553,red,0.437331578079178,0.00266421349441565,FukuN18-freshwater-group,16S_ASV_84,Stramenopiles,18S_ASV_553
16S_ASV_165,18S_ASV_553,red,0.437160907535855,0.00267567455574849,FukuN18-freshwater-group,16S_ASV_165,Stramenopiles,18S_ASV_553
16S_ASV_152,18S_ASV_529,red,0.435863761604811,0.00276421126075509,FukuN18-freshwater-group,16S_ASV_152,Stramenopiles,18S_ASV_529
16S_ASV_80,18S_ASV_23,red,0.435523720497845,0.00278784343363082,FukuN18-freshwater-group,16S_ASV_80,Stramenopiles,18S_ASV_23
16S_ASV_21,18S_ASV_553,red,0.435302298377253,0.00280332730969936,FukuN18-freshwater-group,16S_ASV_21,Stramenopiles,18S_ASV_553
16S_ASV_121,18S_ASV_239,red,0.434584101154707,0.00285407272687619,FukuN18-freshwater-group,16S_ASV_121,Stramenopiles,18S_ASV_239
16S_ASV_87,18S_ASV_529,red,0.434258605317843,0.00287733625414754,FukuN18-freshwater-group,16S_ASV_87,Stramenopiles,18S_ASV_529
16S_ASV_56,18S_ASV_553,red,0.433946268843856,0.00289981602698089,FukuN18-freshwater-group,16S_ASV_56,Stramenopiles,18S_ASV_553
16S_ASV_271,18S_ASV_23,red,0.433679104831561,0.00291916711362033,FukuN18-freshwater-group,16S_ASV_271,Stramenopiles,18S_ASV_23
16S_ASV_149,18S_ASV_553,red,0.433059943370012,0.00296445136898832,FukuN18-freshwater-group,16S_ASV_149,Stramenopiles,18S_ASV_553
16S_ASV_271,18S_ASV_553,red,0.432993678053989,0.00296933430510807,FukuN18-freshwater-group,16S_ASV_271,Stramenopiles,18S_ASV_553
16S_ASV_165,18S_ASV_23,red,0.432329670552169,0.00301865554033558,FukuN18-freshwater-group,16S_ASV_165,Stramenopiles,18S_ASV_23
16S_ASV_58,18S_ASV_529,red,0.432117652855996,0.00303455486706568,FukuN18-freshwater-group,16S_ASV_58,Stramenopiles,18S_ASV_529
16S_ASV_242,18S_ASV_386,red,0.431741343436662,0.00306295596192054,FukuN18-freshwater-group,16S_ASV_242,Opisthokonta_Chytridiomycota,18S_ASV_386
16S_ASV_281,18S_ASV_553,red,0.431623544845875,0.00307189444989632,FukuN18-freshwater-group,16S_ASV_281,Stramenopiles,18S_ASV_553
16S_ASV_278,18S_ASV_553,red,0.431566117894623,0.00307626028377142,FukuN18-freshwater-group,16S_ASV_278,Stramenopiles,18S_ASV_553
16S_ASV_120,18S_ASV_239,red,0.431051127159904,0.00311565649565588,FukuN18-freshwater-group,16S_ASV_120,Stramenopiles,18S_ASV_239
16S_ASV_203,18S_ASV_239,red,0.430874893789195,0.00312923964536818,FukuN18-freshwater-group,16S_ASV_203,Stramenopiles,18S_ASV_239
16S_ASV_194,18S_ASV_553,red,0.430575081751642,0.00315246723113583,FukuN18-freshwater-group,16S_ASV_194,Stramenopiles,18S_ASV_553
16S_ASV_154,18S_ASV_23,red,0.430451140669706,0.00316211360694893,FukuN18-freshwater-group,16S_ASV_154,Stramenopiles,18S_ASV_23
16S_ASV_5,18S_ASV_553,red,0.43030605433153,0.00317343867734575,FukuN18-freshwater-group,16S_ASV_5,Stramenopiles,18S_ASV_553
16S_ASV_131,18S_ASV_529,red,0.430099442348254,0.00318962780725868,FukuN18-freshwater-group,16S_ASV_131,Stramenopiles,18S_ASV_529
16S_ASV_38,18S_ASV_553,red,0.430080142273001,0.00319114376911639,FukuN18-freshwater-group,16S_ASV_38,Stramenopiles,18S_ASV_553
16S_ASV_229,18S_ASV_529,red,0.430026914480422,0.0031953279309326,FukuN18-freshwater-group,16S_ASV_229,Stramenopiles,18S_ASV_529
16S_ASV_5,18S_ASV_23,red,0.429933055498986,0.00320271780030878,FukuN18-freshwater-group,16S_ASV_5,Stramenopiles,18S_ASV_23
16S_ASV_44,18S_ASV_23,red,0.429863409601826,0.0032082109851676,FukuN18-freshwater-group,16S_ASV_44,Stramenopiles,18S_ASV_23
16S_ASV_248,18S_ASV_529,red,0.429763645205574,0.00321609413133458,FukuN18-freshwater-group,16S_ASV_248,Stramenopiles,18S_ASV_529
16S_ASV_1241,18S_ASV_384,red,0.429618809979359,0.00322756895811748,Chthoniobacter,16S_ASV_1241,Opisthokonta_Chytridiomycota,18S_ASV_384
16S_ASV_115,18S_ASV_553,red,0.429340138837581,0.00324974840163677,FukuN18-freshwater-group,16S_ASV_115,Stramenopiles,18S_ASV_553
16S_ASV_44,18S_ASV_553,red,0.428593440953176,0.0033098395104507,FukuN18-freshwater-group,16S_ASV_44,Stramenopiles,18S_ASV_553
16S_ASV_68,18S_ASV_553,red,0.428209521139672,0.00334111395041605,FukuN18-freshwater-group,16S_ASV_68,Stramenopiles,18S_ASV_553
16S_ASV_68,18S_ASV_23,red,0.427674430998056,0.00338513563651237,FukuN18-freshwater-group,16S_ASV_68,Stramenopiles,18S_ASV_23
16S_ASV_242,18S_ASV_23,red,0.42749074035458,0.00340036477878356,FukuN18-freshwater-group,16S_ASV_242,Stramenopiles,18S_ASV_23
16S_ASV_248,18S_ASV_23,red,0.427274162662401,0.00341839770608147,FukuN18-freshwater-group,16S_ASV_248,Stramenopiles,18S_ASV_23
16S_ASV_52,18S_ASV_529,red,0.427003738549108,0.00344103186307043,FukuN18-freshwater-group,16S_ASV_52,Stramenopiles,18S_ASV_529
16S_ASV_154,18S_ASV_553,red,0.426875943840177,0.00345177381168835,FukuN18-freshwater-group,16S_ASV_154,Stramenopiles,18S_ASV_553
16S_ASV_179,18S_ASV_529,red,0.426025254372043,0.00352403261167897,FukuN18-freshwater-group,16S_ASV_179,Stramenopiles,18S_ASV_529
16S_ASV_87,18S_ASV_239,red,0.425790031632761,0.00354424553158278,FukuN18-freshwater-group,16S_ASV_87,Stramenopiles,18S_ASV_239
16S_ASV_191,18S_ASV_553,red,0.42545848855977,0.00357290803752857,FukuN18-freshwater-group,16S_ASV_191,Stramenopiles,18S_ASV_553
16S_ASV_709,18S_ASV_51,red,0.425165412163342,0.00359841412736186,Chthoniobacter,16S_ASV_709,Chlorophyta,18S_ASV_51
16S_ASV_38,18S_ASV_23,red,0.425045030084666,0.00360893701777488,FukuN18-freshwater-group,16S_ASV_38,Stramenopiles,18S_ASV_23
16S_ASV_61,18S_ASV_23,red,0.424860854769839,0.00362508846035183,FukuN18-freshwater-group,16S_ASV_61,Stramenopiles,18S_ASV_23
16S_ASV_179,18S_ASV_23,red,0.424254513721666,0.00367871091019909,FukuN18-freshwater-group,16S_ASV_179,Stramenopiles,18S_ASV_23
16S_ASV_108,18S_ASV_553,red,0.424045139453257,0.00369738800884308,FukuN18-freshwater-group,16S_ASV_108,Stramenopiles,18S_ASV_553
16S_ASV_203,18S_ASV_820,red,0.423935985254263,0.00370715796546974,FukuN18-freshwater-group,16S_ASV_203,Rhizaria,18S_ASV_820
16S_ASV_194,18S_ASV_23,red,0.423822537439036,0.00371733620293252,FukuN18-freshwater-group,16S_ASV_194,Stramenopiles,18S_ASV_23
16S_ASV_10,18S_ASV_553,red,0.423607782211515,0.00373667056517533,FukuN18-freshwater-group,16S_ASV_10,Stramenopiles,18S_ASV_553
16S_ASV_163,18S_ASV_23,red,0.423584873449204,0.0037387382290422,FukuN18-freshwater-group,16S_ASV_163,Stramenopiles,18S_ASV_23
16S_ASV_142,18S_ASV_239,red,0.423396597679916,0.00375576935666705,FukuN18-freshwater-group,16S_ASV_142,Stramenopiles,18S_ASV_239
16S_ASV_709,18S_ASV_99,red,0.423092240821849,0.00378344481476666,Chthoniobacter,16S_ASV_709,Chlorophyta,18S_ASV_99
16S_ASV_61,18S_ASV_553,red,0.422288535972205,0.00385738726002275,FukuN18-freshwater-group,16S_ASV_61,Stramenopiles,18S_ASV_553
16S_ASV_281,18S_ASV_23,red,0.422057522318149,0.00387887385663705,FukuN18-freshwater-group,16S_ASV_281,Stramenopiles,18S_ASV_23
16S_ASV_36,18S_ASV_553,red,0.421947398478433,0.00388915333072269,FukuN18-freshwater-group,16S_ASV_36,Stramenopiles,18S_ASV_553
16S_ASV_56,18S_ASV_23,red,0.421435190443933,0.00393727945562694,FukuN18-freshwater-group,16S_ASV_56,Stramenopiles,18S_ASV_23
16S_ASV_242,18S_ASV_99,red,0.421180195160212,0.00396143219280799,FukuN18-freshwater-group,16S_ASV_242,Chlorophyta,18S_ASV_99
16S_ASV_10,18S_ASV_23,red,0.420025486964114,0.00407243551929272,FukuN18-freshwater-group,16S_ASV_10,Stramenopiles,18S_ASV_23
16S_ASV_115,18S_ASV_23,red,0.419999589316449,0.00407495598589092,FukuN18-freshwater-group,16S_ASV_115,Stramenopiles,18S_ASV_23
16S_ASV_248,18S_ASV_239,red,0.419908382354057,0.00408384350022909,FukuN18-freshwater-group,16S_ASV_248,Stramenopiles,18S_ASV_239
16S_ASV_149,18S_ASV_23,red,0.419883304972742,0.00408629009627689,FukuN18-freshwater-group,16S_ASV_149,Stramenopiles,18S_ASV_23
16S_ASV_130,18S_ASV_553,red,0.419586989092752,0.00411529649752812,FukuN18-freshwater-group,16S_ASV_130,Stramenopiles,18S_ASV_553
16S_ASV_203,18S_ASV_23,red,0.419527024053624,0.0041211883534037,FukuN18-freshwater-group,16S_ASV_203,Stramenopiles,18S_ASV_23
16S_ASV_571,18S_ASV_820,red,0.419479970165193,0.00412581679310233,Chthoniobacter,16S_ASV_571,Rhizaria,18S_ASV_820
16S_ASV_121,18S_ASV_820,red,0.418436596928004,0.00422962309078376,FukuN18-freshwater-group,16S_ASV_121,Rhizaria,18S_ASV_820
16S_ASV_152,18S_ASV_239,red,0.417917485935783,0.00428211571473401,FukuN18-freshwater-group,16S_ASV_152,Stramenopiles,18S_ASV_239
16S_ASV_192,18S_ASV_553,red,0.41743776275857,0.00433113099475786,FukuN18-freshwater-group,16S_ASV_192,Stramenopiles,18S_ASV_553
16S_ASV_163,18S_ASV_529,red,0.417346720983705,0.00434048827791606,FukuN18-freshwater-group,16S_ASV_163,Stramenopiles,18S_ASV_529
16S_ASV_68,18S_ASV_529,red,0.416593240738569,0.00441861186873189,FukuN18-freshwater-group,16S_ASV_68,Stramenopiles,18S_ASV_529
16S_ASV_108,18S_ASV_23,red,0.41556944535789,0.00452673056093214,FukuN18-freshwater-group,16S_ASV_108,Stramenopiles,18S_ASV_23
16S_ASV_229,18S_ASV_239,red,0.415275728127589,0.00455817230712402,FukuN18-freshwater-group,16S_ASV_229,Stramenopiles,18S_ASV_239
16S_ASV_87,18S_ASV_820,red,0.415133670756549,0.00457344753645402,FukuN18-freshwater-group,16S_ASV_87,Rhizaria,18S_ASV_820
16S_ASV_709,18S_ASV_49,red,0.414750402847609,0.00461488303785876,Chthoniobacter,16S_ASV_709,Stramenopiles,18S_ASV_49
16S_ASV_1241,18S_ASV_239,red,0.414571660432512,0.00463431890204118,Chthoniobacter,16S_ASV_1241,Stramenopiles,18S_ASV_239
16S_ASV_88,18S_ASV_553,red,0.41382033951345,0.00471679883948137,FukuN18-freshwater-group,16S_ASV_88,Stramenopiles,18S_ASV_553
16S_ASV_131,18S_ASV_239,red,0.413073272877464,0.00480007933445134,FukuN18-freshwater-group,16S_ASV_131,Stramenopiles,18S_ASV_239
16S_ASV_271,18S_ASV_421,red,0.412602426372281,0.00485322439972438,FukuN18-freshwater-group,16S_ASV_271,Stramenopiles,18S_ASV_421
16S_ASV_192,18S_ASV_23,red,0.412119606786568,0.00490825325224102,FukuN18-freshwater-group,16S_ASV_192,Stramenopiles,18S_ASV_23
16S_ASV_268,18S_ASV_553,red,0.411963519737967,0.00492615913594823,FukuN18-freshwater-group,16S_ASV_268,Stramenopiles,18S_ASV_553
16S_ASV_179,18S_ASV_239,red,0.411782565996035,0.00494698894706722,FukuN18-freshwater-group,16S_ASV_179,Stramenopiles,18S_ASV_239
16S_ASV_52,18S_ASV_239,red,0.411697884647288,0.00495676307827197,FukuN18-freshwater-group,16S_ASV_52,Stramenopiles,18S_ASV_239
16S_ASV_130,18S_ASV_23,red,0.411692135481892,0.00495742727126661,FukuN18-freshwater-group,16S_ASV_130,Stramenopiles,18S_ASV_23
16S_ASV_121,18S_ASV_23,red,0.411639208636399,0.00496354548241803,FukuN18-freshwater-group,16S_ASV_121,Stramenopiles,18S_ASV_23
16S_ASV_163,18S_ASV_421,red,0.410870524385184,0.00505314862501199,FukuN18-freshwater-group,16S_ASV_163,Stramenopiles,18S_ASV_421
16S_ASV_203,18S_ASV_421,red,0.41043565699075,0.00510446168095363,FukuN18-freshwater-group,16S_ASV_203,Stramenopiles,18S_ASV_421
16S_ASV_120,18S_ASV_820,red,0.410043726589629,0.00515109680869227,FukuN18-freshwater-group,16S_ASV_120,Rhizaria,18S_ASV_820
16S_ASV_671,18S_ASV_225,red,0.409885738948672,0.00517000022677754,NA,16S_ASV_671,Opisthokonta_Chytridiomycota,18S_ASV_225
16S_ASV_671,18S_ASV_23,red,0.409780580777488,0.0051826160154980604,NA,16S_ASV_671,Stramenopiles,18S_ASV_23
16S_ASV_142,18S_ASV_820,red,0.409552740641234,0.00521004197035562,FukuN18-freshwater-group,16S_ASV_142,Rhizaria,18S_ASV_820
16S_ASV_52,18S_ASV_421,red,0.409406493947848,0.00522771277920933,FukuN18-freshwater-group,16S_ASV_52,Stramenopiles,18S_ASV_421
16S_ASV_36,18S_ASV_23,red,0.409167680239477,0.00525668060247475,FukuN18-freshwater-group,16S_ASV_36,Stramenopiles,18S_ASV_23
16S_ASV_242,18S_ASV_553,red,0.408878776266756,0.00529191112894454,FukuN18-freshwater-group,16S_ASV_242,Stramenopiles,18S_ASV_553
16S_ASV_268,18S_ASV_23,red,0.408612584263089,0.00532455389318821,FukuN18-freshwater-group,16S_ASV_268,Stramenopiles,18S_ASV_23
16S_ASV_248,18S_ASV_820,red,0.408427803039176,0.00534731634768035,FukuN18-freshwater-group,16S_ASV_248,Rhizaria,18S_ASV_820
16S_ASV_115,18S_ASV_529,red,0.407119974674577,0.00551085860576654,FukuN18-freshwater-group,16S_ASV_115,Stramenopiles,18S_ASV_529
16S_ASV_88,18S_ASV_23,red,0.405969618279889,0.00565829029201612,FukuN18-freshwater-group,16S_ASV_88,Stramenopiles,18S_ASV_23
16S_ASV_229,18S_ASV_820,red,0.405225878241718,0.00575542506179657,FukuN18-freshwater-group,16S_ASV_229,Rhizaria,18S_ASV_820
16S_ASV_278,18S_ASV_23,red,0.404657665611439,0.00583060933921819,FukuN18-freshwater-group,16S_ASV_278,Stramenopiles,18S_ASV_23
16S_ASV_87,18S_ASV_23,red,0.404369607846019,0.00586904940563556,FukuN18-freshwater-group,16S_ASV_87,Stramenopiles,18S_ASV_23
16S_ASV_736,18S_ASV_529,red,0.404112278122867,0.00590357504504133,Chthoniobacter,16S_ASV_736,Stramenopiles,18S_ASV_529
16S_ASV_52,18S_ASV_820,red,0.404002479855329,0.00591836019786498,FukuN18-freshwater-group,16S_ASV_52,Rhizaria,18S_ASV_820
16S_ASV_165,18S_ASV_421,red,0.403728219267235,0.00595543208714441,FukuN18-freshwater-group,16S_ASV_165,Stramenopiles,18S_ASV_421
16S_ASV_229,18S_ASV_421,red,0.403193029457387,0.00602835528185816,FukuN18-freshwater-group,16S_ASV_229,Stramenopiles,18S_ASV_421
16S_ASV_58,18S_ASV_23,red,0.402851300898277,0.00607532280365198,FukuN18-freshwater-group,16S_ASV_58,Stramenopiles,18S_ASV_23
16S_ASV_152,18S_ASV_820,red,0.402822030272225,0.00607936052684012,FukuN18-freshwater-group,16S_ASV_152,Rhizaria,18S_ASV_820
16S_ASV_736,18S_ASV_99,red,0.402519295686911,0.0061212580234871,Chthoniobacter,16S_ASV_736,Chlorophyta,18S_ASV_99
16S_ASV_152,18S_ASV_421,red,0.402253554084588,0.00615824225925177,FukuN18-freshwater-group,16S_ASV_152,Stramenopiles,18S_ASV_421
16S_ASV_1241,18S_ASV_386,red,0.401874410969723,0.00621134485786945,Chthoniobacter,16S_ASV_1241,Opisthokonta_Chytridiomycota,18S_ASV_386
16S_ASV_68,18S_ASV_239,red,0.401803523356088,0.0062213173331182,FukuN18-freshwater-group,16S_ASV_68,Stramenopiles,18S_ASV_239
16S_ASV_163,18S_ASV_239,red,0.401251037745606,0.0062995185505256,FukuN18-freshwater-group,16S_ASV_163,Stramenopiles,18S_ASV_239
16S_ASV_58,18S_ASV_553,red,0.40119132901827,0.00630802084970175,FukuN18-freshwater-group,16S_ASV_58,Stramenopiles,18S_ASV_553
16S_ASV_121,18S_ASV_421,red,0.401143415386447,0.00631485077267644,FukuN18-freshwater-group,16S_ASV_121,Stramenopiles,18S_ASV_421
16S_ASV_131,18S_ASV_820,red,0.400960285576124,0.00634101447594193,FukuN18-freshwater-group,16S_ASV_131,Rhizaria,18S_ASV_820
16S_ASV_120,18S_ASV_421,red,0.400571846984509,0.00639682216139522,FukuN18-freshwater-group,16S_ASV_120,Stramenopiles,18S_ASV_421
16S_ASV_142,18S_ASV_421,red,0.400383616360682,0.0064240185556510496,FukuN18-freshwater-group,16S_ASV_142,Stramenopiles,18S_ASV_421
16S_ASV_1241,18S_ASV_375,red,0.400379211932204,0.00642465612628147,Chthoniobacter,16S_ASV_1241,Opisthokonta_Chytridiomycota,18S_ASV_375
16S_ASV_87,18S_ASV_421,red,0.400252464332054,0.00644302723094914,FukuN18-freshwater-group,16S_ASV_87,Stramenopiles,18S_ASV_421
16S_ASV_820,18S_ASV_576,turquoise,0.772466047596535,5.12172000229511e-10,Pirellula,16S_ASV_820,Chlorophyta,18S_ASV_576
16S_ASV_538,18S_ASV_576,turquoise,0.763110628641868,1.09940293738679e-9,Sediminibacterium,16S_ASV_538,Chlorophyta,18S_ASV_576
16S_ASV_535,18S_ASV_576,turquoise,0.749279519968944,3.1977204674290302e-9,Pirellula,16S_ASV_535,Chlorophyta,18S_ASV_576
16S_ASV_524,18S_ASV_576,turquoise,0.746034563216798,4.06745695509935e-9,Sediminibacterium,16S_ASV_524,Chlorophyta,18S_ASV_576
16S_ASV_643,18S_ASV_576,turquoise,0.744304166549709,4.6174565715297e-9,Pirellula,16S_ASV_643,Chlorophyta,18S_ASV_576
16S_ASV_428,18S_ASV_576,turquoise,0.733465049568018,9.99421126534985e-9,Pirellula,16S_ASV_428,Chlorophyta,18S_ASV_576
16S_ASV_1196,18S_ASV_383,turquoise,0.728259611089824,1.42930393141897e-8,CL500-29-marine-group,16S_ASV_1196,Rhizaria,18S_ASV_383
16S_ASV_535,18S_ASV_292,turquoise,0.727877512830158,1.46686625820382e-8,Pirellula,16S_ASV_535,Stramenopiles,18S_ASV_292
16S_ASV_428,18S_ASV_292,turquoise,0.727424829303507,1.51256248106347e-8,Pirellula,16S_ASV_428,Stramenopiles,18S_ASV_292
16S_ASV_820,18S_ASV_292,turquoise,0.725394358733258,1.73440169817955e-8,Pirellula,16S_ASV_820,Stramenopiles,18S_ASV_292
16S_ASV_820,18S_ASV_511,turquoise,0.702767048534289,7.3771401689801e-8,Pirellula,16S_ASV_820,Stramenopiles,18S_ASV_511
16S_ASV_771,18S_ASV_186,turquoise,0.701509323572819,7.96397841900207e-8,Cyanobium,16S_ASV_771,Chlorophyta,18S_ASV_186
16S_ASV_643,18S_ASV_292,turquoise,0.700888925432485,8.26922407896532e-8,Pirellula,16S_ASV_643,Stramenopiles,18S_ASV_292
16S_ASV_555,18S_ASV_161,turquoise,0.693738631417821,1.26706503591992e-7,Alsobacter,16S_ASV_555,Stramenopiles,18S_ASV_161
16S_ASV_820,18S_ASV_161,turquoise,0.688488107632063,1.72009893881283e-7,Pirellula,16S_ASV_820,Stramenopiles,18S_ASV_161
16S_ASV_538,18S_ASV_511,turquoise,0.687408899072161,1.8302053888614e-7,Sediminibacterium,16S_ASV_538,Stramenopiles,18S_ASV_511
16S_ASV_555,18S_ASV_576,turquoise,0.684199225783817,2.19770135113763e-7,Alsobacter,16S_ASV_555,Chlorophyta,18S_ASV_576
16S_ASV_524,18S_ASV_511,turquoise,0.682162773566431,2.46532638517921e-7,Sediminibacterium,16S_ASV_524,Stramenopiles,18S_ASV_511
16S_ASV_701,18S_ASV_383,turquoise,0.679081702600623,2.92841343382355e-7,LD29,16S_ASV_701,Rhizaria,18S_ASV_383
16S_ASV_643,18S_ASV_161,turquoise,0.678533044137895,3.01891934320902e-7,Pirellula,16S_ASV_643,Stramenopiles,18S_ASV_161
16S_ASV_535,18S_ASV_511,turquoise,0.67833854649438,3.05162330903254e-7,Pirellula,16S_ASV_535,Stramenopiles,18S_ASV_511
16S_ASV_421,18S_ASV_186,turquoise,0.676600105144491,3.35892686648258e-7,Cyanobium,16S_ASV_421,Chlorophyta,18S_ASV_186
16S_ASV_428,18S_ASV_24,turquoise,0.674392745945789,3.79061966444587e-7,Pirellula,16S_ASV_428,Cryptophyta,18S_ASV_24
16S_ASV_535,18S_ASV_161,turquoise,0.672727203809547,4.14990493536788e-7,Pirellula,16S_ASV_535,Stramenopiles,18S_ASV_161
16S_ASV_535,18S_ASV_24,turquoise,0.672720064425541,4.15151097573052e-7,Pirellula,16S_ASV_535,Cryptophyta,18S_ASV_24
16S_ASV_538,18S_ASV_273,turquoise,0.672236928160617,4.26154739939641e-7,Sediminibacterium,16S_ASV_538,Stramenopiles,18S_ASV_273
16S_ASV_643,18S_ASV_24,turquoise,0.671885988084417,4.3431687923615e-7,Pirellula,16S_ASV_643,Cryptophyta,18S_ASV_24
16S_ASV_538,18S_ASV_161,turquoise,0.671549002802347,4.42291004960193e-7,Sediminibacterium,16S_ASV_538,Stramenopiles,18S_ASV_161
16S_ASV_567,18S_ASV_92,turquoise,0.671277501174898,4.48814340617703e-7,Cyanobium,16S_ASV_567,Stramenopiles,18S_ASV_92
16S_ASV_771,18S_ASV_92,turquoise,0.670777977208087,4.61050539974096e-7,Cyanobium,16S_ASV_771,Stramenopiles,18S_ASV_92
16S_ASV_820,18S_ASV_24,turquoise,0.670104115439792,4.780488889979e-7,Pirellula,16S_ASV_820,Cryptophyta,18S_ASV_24
16S_ASV_820,18S_ASV_92,turquoise,0.669357876061381,4.9755157442123e-7,Pirellula,16S_ASV_820,Stramenopiles,18S_ASV_92
16S_ASV_396,18S_ASV_574,turquoise,0.666960155558095,5.65333803034596e-7,hgcI-clade,16S_ASV_396,Streptophyta,18S_ASV_574
16S_ASV_535,18S_ASV_92,turquoise,0.66380238615155,6.67719268126392e-7,Pirellula,16S_ASV_535,Stramenopiles,18S_ASV_92
16S_ASV_421,18S_ASV_161,turquoise,0.663336566973226,6.84203560551933e-7,Cyanobium,16S_ASV_421,Stramenopiles,18S_ASV_161
16S_ASV_421,18S_ASV_92,turquoise,0.661087247928497,7.69254164215472e-7,Cyanobium,16S_ASV_421,Stramenopiles,18S_ASV_92
16S_ASV_643,18S_ASV_511,turquoise,0.659969179473781,8.15088382176615e-7,Pirellula,16S_ASV_643,Stramenopiles,18S_ASV_511
16S_ASV_428,18S_ASV_511,turquoise,0.656681106720641,9.6498591396979e-7,Pirellula,16S_ASV_428,Stramenopiles,18S_ASV_511
16S_ASV_428,18S_ASV_161,turquoise,0.656217171257423,9.88084353211839e-7,Pirellula,16S_ASV_428,Stramenopiles,18S_ASV_161
16S_ASV_311,18S_ASV_161,turquoise,0.655842163961481,1.00712891606031e-6,Alsobacter,16S_ASV_311,Stramenopiles,18S_ASV_161
16S_ASV_524,18S_ASV_273,turquoise,0.655464000150153,1.02667809019972e-6,Sediminibacterium,16S_ASV_524,Stramenopiles,18S_ASV_273
16S_ASV_643,18S_ASV_92,turquoise,0.654404574172246,1.08333513834346e-6,Pirellula,16S_ASV_643,Stramenopiles,18S_ASV_92
16S_ASV_428,18S_ASV_92,turquoise,0.651849417221583,1.23212607436567e-6,Pirellula,16S_ASV_428,Stramenopiles,18S_ASV_92
16S_ASV_567,18S_ASV_186,turquoise,0.649098405802279,1.41335182997544e-6,Cyanobium,16S_ASV_567,Chlorophyta,18S_ASV_186
16S_ASV_311,18S_ASV_576,turquoise,0.6467507723516,1.58721945957294e-6,Alsobacter,16S_ASV_311,Chlorophyta,18S_ASV_576
16S_ASV_524,18S_ASV_161,turquoise,0.639188060884742,2.29127343336965e-6,Sediminibacterium,16S_ASV_524,Stramenopiles,18S_ASV_161
16S_ASV_567,18S_ASV_161,turquoise,0.632446696196082,3.15215800375993e-6,Cyanobium,16S_ASV_567,Stramenopiles,18S_ASV_161
16S_ASV_555,18S_ASV_511,turquoise,0.630809201260148,3.40220517892395e-6,Alsobacter,16S_ASV_555,Stramenopiles,18S_ASV_511
16S_ASV_132,18S_ASV_574,turquoise,0.630348121746087,3.47584934763929e-6,NA,16S_ASV_132,Streptophyta,18S_ASV_574
16S_ASV_238,18S_ASV_574,turquoise,0.625257636860117,4.39284117604343e-6,NA,16S_ASV_238,Streptophyta,18S_ASV_574
16S_ASV_771,18S_ASV_161,turquoise,0.622890651423548,4.89117768283167e-6,Cyanobium,16S_ASV_771,Stramenopiles,18S_ASV_161
16S_ASV_113,18S_ASV_574,turquoise,0.616283765683408,6.57148518848919e-6,NA,16S_ASV_113,Streptophyta,18S_ASV_574
16S_ASV_118,18S_ASV_574,turquoise,0.607611847440376,9.58586653883641e-6,NA,16S_ASV_118,Streptophyta,18S_ASV_574
16S_ASV_820,18S_ASV_383,turquoise,0.606209115323716,1.01788998089175e-5,Pirellula,16S_ASV_820,Rhizaria,18S_ASV_383
16S_ASV_291,18S_ASV_574,turquoise,0.60261929536827,1.18537175693827e-5,NA,16S_ASV_291,Streptophyta,18S_ASV_574
16S_ASV_421,18S_ASV_383,turquoise,0.601238749149731,1.25626829230701e-5,Cyanobium,16S_ASV_421,Rhizaria,18S_ASV_383
16S_ASV_567,18S_ASV_383,turquoise,0.595273594320741,1.60972263758085e-5,Cyanobium,16S_ASV_567,Rhizaria,18S_ASV_383
16S_ASV_771,18S_ASV_383,turquoise,0.595043208429643,1.62504868194562e-5,Cyanobium,16S_ASV_771,Rhizaria,18S_ASV_383
16S_ASV_239,18S_ASV_574,turquoise,0.592888305697395,1.77503058252877e-5,NA,16S_ASV_239,Streptophyta,18S_ASV_574
16S_ASV_24,18S_ASV_574,turquoise,0.592669620311874,1.79094085434481e-5,NA,16S_ASV_24,Streptophyta,18S_ASV_574
16S_ASV_72,18S_ASV_574,turquoise,0.591876116151882,1.84977763397743e-5,NA,16S_ASV_72,Streptophyta,18S_ASV_574
16S_ASV_285,18S_ASV_574,turquoise,0.590724321482374,1.9383429439553e-5,NA,16S_ASV_285,Streptophyta,18S_ASV_574
16S_ASV_524,18S_ASV_48,turquoise,0.58918556477834,2.06273970454185e-5,Sediminibacterium,16S_ASV_524,Stramenopiles,18S_ASV_48
16S_ASV_535,18S_ASV_383,turquoise,0.587536872618135,2.20412155885794e-5,Pirellula,16S_ASV_535,Rhizaria,18S_ASV_383
16S_ASV_156,18S_ASV_574,turquoise,0.585616496062538,2.37998104124948e-5,NA,16S_ASV_156,Streptophyta,18S_ASV_574
16S_ASV_297,18S_ASV_574,turquoise,0.584497548981544,2.48829120086166e-5,NA,16S_ASV_297,Streptophyta,18S_ASV_574
16S_ASV_643,18S_ASV_186,turquoise,0.583794463846896,2.55864019021871e-5,Pirellula,16S_ASV_643,Chlorophyta,18S_ASV_186
16S_ASV_643,18S_ASV_383,turquoise,0.583160432349665,2.62363853468352e-5,Pirellula,16S_ASV_643,Rhizaria,18S_ASV_383
16S_ASV_311,18S_ASV_511,turquoise,0.582699650914815,2.6718218844425e-5,Alsobacter,16S_ASV_311,Stramenopiles,18S_ASV_511
16S_ASV_264,18S_ASV_574,turquoise,0.582380910588955,2.70562528580567e-5,NA,16S_ASV_264,Streptophyta,18S_ASV_574
16S_ASV_555,18S_ASV_186,turquoise,0.582168799461507,2.7283370636448e-5,Alsobacter,16S_ASV_555,Chlorophyta,18S_ASV_186
16S_ASV_181,18S_ASV_574,turquoise,0.581388152234757,2.81343796982994e-5,NA,16S_ASV_181,Streptophyta,18S_ASV_574
16S_ASV_538,18S_ASV_48,turquoise,0.579930904426621,2.97883684492472e-5,Sediminibacterium,16S_ASV_538,Stramenopiles,18S_ASV_48
16S_ASV_180,18S_ASV_574,turquoise,0.577329053700895,3.29646878274034e-5,NA,16S_ASV_180,Streptophyta,18S_ASV_574
16S_ASV_336,18S_ASV_574,turquoise,0.573908159162534,3.76128317200277e-5,NA,16S_ASV_336,Streptophyta,18S_ASV_574
16S_ASV_701,18S_ASV_186,turquoise,0.573574534769501,3.80968303464417e-5,LD29,16S_ASV_701,Chlorophyta,18S_ASV_186
16S_ASV_643,18S_ASV_2019,turquoise,0.573538643589674,3.81492367890506e-5,Pirellula,16S_ASV_643,Chlorophyta,18S_ASV_2019
16S_ASV_643,18S_ASV_447,turquoise,0.571551858350433,4.11552548142056e-5,Pirellula,16S_ASV_643,Stramenopiles,18S_ASV_447
16S_ASV_110,18S_ASV_574,turquoise,0.568304867461822,4.65374499305793e-5,NA,16S_ASV_110,Streptophyta,18S_ASV_574
16S_ASV_535,18S_ASV_186,turquoise,0.566459167233231,4.98763564785667e-5,Pirellula,16S_ASV_535,Chlorophyta,18S_ASV_186
16S_ASV_428,18S_ASV_383,turquoise,0.565130966205141,5.24129746581275e-5,Pirellula,16S_ASV_428,Rhizaria,18S_ASV_383
16S_ASV_222,18S_ASV_574,turquoise,0.56512534802621,5.24239501648915e-5,NA,16S_ASV_222,Streptophyta,18S_ASV_574
16S_ASV_168,18S_ASV_574,turquoise,0.564762547094679,5.31371684282293e-5,NA,16S_ASV_168,Streptophyta,18S_ASV_574
16S_ASV_820,18S_ASV_273,turquoise,0.56456285197749,5.35335132918512e-5,Pirellula,16S_ASV_820,Stramenopiles,18S_ASV_273
16S_ASV_220,18S_ASV_574,turquoise,0.563456125001217,5.57794607610257e-5,NA,16S_ASV_220,Streptophyta,18S_ASV_574
16S_ASV_167,18S_ASV_574,turquoise,0.562726501965366,5.73068371500178e-5,NA,16S_ASV_167,Streptophyta,18S_ASV_574
16S_ASV_820,18S_ASV_186,turquoise,0.561885061394756,5.91156411235486e-5,Pirellula,16S_ASV_820,Chlorophyta,18S_ASV_186
16S_ASV_362,18S_ASV_574,turquoise,0.559412744006228,6.47359785669098e-5,hgcI-clade,16S_ASV_362,Streptophyta,18S_ASV_574
16S_ASV_265,18S_ASV_574,turquoise,0.55867187362337,6.65127254627603e-5,NA,16S_ASV_265,Streptophyta,18S_ASV_574
16S_ASV_573,18S_ASV_574,turquoise,0.557413788581299,6.96320403200135e-5,hgcI-clade,16S_ASV_573,Streptophyta,18S_ASV_574
16S_ASV_155,18S_ASV_574,turquoise,0.557236630151653,7.0081847176048e-5,NA,16S_ASV_155,Streptophyta,18S_ASV_574
16S_ASV_428,18S_ASV_186,turquoise,0.556534998894935,7.18894446944444e-5,Pirellula,16S_ASV_428,Chlorophyta,18S_ASV_186
16S_ASV_140,18S_ASV_574,turquoise,0.555537646152828,7.45321145468118e-5,NA,16S_ASV_140,Streptophyta,18S_ASV_574
16S_ASV_538,18S_ASV_383,turquoise,0.55514602629792,7.55937746429543e-5,Sediminibacterium,16S_ASV_538,Rhizaria,18S_ASV_383
16S_ASV_538,18S_ASV_574,turquoise,0.552138016419342,8.42193551078027e-5,Sediminibacterium,16S_ASV_538,Streptophyta,18S_ASV_574
16S_ASV_538,18S_ASV_92,turquoise,0.55161257722781,8.58149355593779e-5,Sediminibacterium,16S_ASV_538,Stramenopiles,18S_ASV_92
16S_ASV_428,18S_ASV_447,turquoise,0.549780389185927,9.15964605153659e-5,Pirellula,16S_ASV_428,Stramenopiles,18S_ASV_447
16S_ASV_535,18S_ASV_447,turquoise,0.54896969130902,9.42660318662608e-5,Pirellula,16S_ASV_535,Stramenopiles,18S_ASV_447
16S_ASV_771,18S_ASV_574,turquoise,0.5484072140882,9.61596402228526e-5,Cyanobium,16S_ASV_771,Streptophyta,18S_ASV_574
16S_ASV_132,18S_ASV_576,turquoise,0.547504476948911,9.92712325411019e-5,NA,16S_ASV_132,Chlorophyta,18S_ASV_576
16S_ASV_820,18S_ASV_2019,turquoise,0.545930307476409,1.0491712392653e-4,Pirellula,16S_ASV_820,Chlorophyta,18S_ASV_2019
16S_ASV_535,18S_ASV_2019,turquoise,0.545857969582339,1.0518345453965e-4,Pirellula,16S_ASV_535,Chlorophyta,18S_ASV_2019
16S_ASV_103,18S_ASV_574,turquoise,0.545229973133334,1.0752156222733e-4,NA,16S_ASV_103,Streptophyta,18S_ASV_574
16S_ASV_524,18S_ASV_292,turquoise,0.542619554538885,1.1775576396793e-4,Sediminibacterium,16S_ASV_524,Stramenopiles,18S_ASV_292
16S_ASV_93,18S_ASV_574,turquoise,0.541519739750978,1.2232673594278e-4,NA,16S_ASV_93,Streptophyta,18S_ASV_574
16S_ASV_285,18S_ASV_576,turquoise,0.540155258717172,1.2822159251217e-4,NA,16S_ASV_285,Chlorophyta,18S_ASV_576
16S_ASV_187,18S_ASV_574,turquoise,0.539347971705285,1.318296053102e-4,NA,16S_ASV_187,Streptophyta,18S_ASV_574
16S_ASV_279,18S_ASV_574,turquoise,0.539286679920007,1.3210726806839e-4,NA,16S_ASV_279,Streptophyta,18S_ASV_574
16S_ASV_428,18S_ASV_2019,turquoise,0.538955433745517,1.3361708706741e-4,Pirellula,16S_ASV_428,Chlorophyta,18S_ASV_2019
16S_ASV_219,18S_ASV_574,turquoise,0.537274116526241,1.4152498161033e-4,NA,16S_ASV_219,Streptophyta,18S_ASV_574
16S_ASV_451,18S_ASV_574,turquoise,0.535982133567935,1.4788781001441e-4,NA,16S_ASV_451,Streptophyta,18S_ASV_574
16S_ASV_524,18S_ASV_92,turquoise,0.534505757369312,1.5547585718999e-4,Sediminibacterium,16S_ASV_524,Stramenopiles,18S_ASV_92
16S_ASV_113,18S_ASV_576,turquoise,0.53429967314447,1.5656269762058e-4,NA,16S_ASV_113,Chlorophyta,18S_ASV_576
16S_ASV_298,18S_ASV_574,turquoise,0.534153625419968,1.5733708795167e-4,NA,16S_ASV_298,Streptophyta,18S_ASV_574
16S_ASV_118,18S_ASV_383,turquoise,0.533455006968609,1.61089669551e-4,NA,16S_ASV_118,Rhizaria,18S_ASV_383
16S_ASV_538,18S_ASV_292,turquoise,0.53345345037035,1.6109812059037e-4,Sediminibacterium,16S_ASV_538,Stramenopiles,18S_ASV_292
16S_ASV_291,18S_ASV_576,turquoise,0.533000811729584,1.6357270523611e-4,NA,16S_ASV_291,Chlorophyta,18S_ASV_576
16S_ASV_771,18S_ASV_447,turquoise,0.531941130660278,1.6950139446471e-4,Cyanobium,16S_ASV_771,Stramenopiles,18S_ASV_447
16S_ASV_118,18S_ASV_576,turquoise,0.530332055229909,1.788770128175e-4,NA,16S_ASV_118,Chlorophyta,18S_ASV_576
16S_ASV_820,18S_ASV_447,turquoise,0.530190543589456,1.7972363904694e-4,Pirellula,16S_ASV_820,Stramenopiles,18S_ASV_447
16S_ASV_421,18S_ASV_447,turquoise,0.529897123465526,1.8149067681003e-4,Cyanobium,16S_ASV_421,Stramenopiles,18S_ASV_447
16S_ASV_701,18S_ASV_161,turquoise,0.52985212888127,1.8176303175028e-4,LD29,16S_ASV_701,Stramenopiles,18S_ASV_161
16S_ASV_310,18S_ASV_574,turquoise,0.529568338913496,1.8348938285148e-4,NA,16S_ASV_310,Streptophyta,18S_ASV_574
16S_ASV_180,18S_ASV_576,turquoise,0.528484727170668,1.902187677105e-4,NA,16S_ASV_180,Chlorophyta,18S_ASV_576
16S_ASV_113,18S_ASV_383,turquoise,0.527767771348886,1.9479326128946e-4,NA,16S_ASV_113,Rhizaria,18S_ASV_383
16S_ASV_701,18S_ASV_92,turquoise,0.527553571872853,1.9617915281051e-4,LD29,16S_ASV_701,Stramenopiles,18S_ASV_92
16S_ASV_156,18S_ASV_576,turquoise,0.527502133953393,1.9651328832641e-4,NA,16S_ASV_156,Chlorophyta,18S_ASV_576
16S_ASV_162,18S_ASV_574,turquoise,0.524887128906512,2.1419493685047e-4,NA,16S_ASV_162,Streptophyta,18S_ASV_574
16S_ASV_524,18S_ASV_574,turquoise,0.520937553502188,2.4364024485914e-4,Sediminibacterium,16S_ASV_524,Streptophyta,18S_ASV_574
16S_ASV_451,18S_ASV_186,turquoise,0.520384452285748,2.4804375889074e-4,NA,16S_ASV_451,Chlorophyta,18S_ASV_186
16S_ASV_132,18S_ASV_383,turquoise,0.520350048404533,2.4832002803391e-4,NA,16S_ASV_132,Rhizaria,18S_ASV_383
16S_ASV_311,18S_ASV_806,turquoise,0.520004192394746,2.5111280966109e-4,Alsobacter,16S_ASV_311,Chlorophyta,18S_ASV_806
16S_ASV_303,18S_ASV_574,turquoise,0.519183461743245,2.5785419944273e-4,hgcI-clade,16S_ASV_303,Streptophyta,18S_ASV_574
16S_ASV_555,18S_ASV_447,turquoise,0.51868608998341,2.6201874239724e-4,Alsobacter,16S_ASV_555,Stramenopiles,18S_ASV_447
16S_ASV_535,18S_ASV_273,turquoise,0.51851742102555,2.6344476789736e-4,Pirellula,16S_ASV_535,Stramenopiles,18S_ASV_273
16S_ASV_264,18S_ASV_186,turquoise,0.517877821597191,2.6891627155241e-4,NA,16S_ASV_264,Chlorophyta,18S_ASV_186
16S_ASV_421,18S_ASV_574,turquoise,0.517700173090895,2.7045409368368e-4,Cyanobium,16S_ASV_421,Streptophyta,18S_ASV_574
16S_ASV_524,18S_ASV_383,turquoise,0.517504819893473,2.7215434768596e-4,Sediminibacterium,16S_ASV_524,Rhizaria,18S_ASV_383
16S_ASV_24,18S_ASV_576,turquoise,0.517398311386301,2.730854059348e-4,NA,16S_ASV_24,Chlorophyta,18S_ASV_576
16S_ASV_181,18S_ASV_576,turquoise,0.516184024640314,2.8390557248811e-4,NA,16S_ASV_181,Chlorophyta,18S_ASV_576
16S_ASV_310,18S_ASV_576,turquoise,0.515342101091012,2.9163346202993e-4,NA,16S_ASV_310,Chlorophyta,18S_ASV_576
16S_ASV_220,18S_ASV_576,turquoise,0.515069873350492,2.9417253906662e-4,NA,16S_ASV_220,Chlorophyta,18S_ASV_576
16S_ASV_264,18S_ASV_161,turquoise,0.514534975214299,2.9921977943557e-4,NA,16S_ASV_264,Stramenopiles,18S_ASV_161
16S_ASV_555,18S_ASV_574,turquoise,0.514466325159977,2.9987318358684e-4,Alsobacter,16S_ASV_555,Streptophyta,18S_ASV_574
16S_ASV_311,18S_ASV_186,turquoise,0.513530038577324,3.0891418251478e-4,Alsobacter,16S_ASV_311,Chlorophyta,18S_ASV_186
16S_ASV_302,18S_ASV_574,turquoise,0.512829366665572,3.1584020565014e-4,NA,16S_ASV_302,Streptophyta,18S_ASV_574
16S_ASV_1196,18S_ASV_48,turquoise,0.511554634212631,3.2880109008564e-4,CL500-29-marine-group,16S_ASV_1196,Stramenopiles,18S_ASV_48
16S_ASV_260,18S_ASV_574,turquoise,0.511392399020642,3.3048458715823e-4,NA,16S_ASV_260,Streptophyta,18S_ASV_574
16S_ASV_264,18S_ASV_576,turquoise,0.510848993501112,3.3618024521646e-4,NA,16S_ASV_264,Chlorophyta,18S_ASV_576
16S_ASV_538,18S_ASV_186,turquoise,0.510619582882114,3.3861125954969e-4,Sediminibacterium,16S_ASV_538,Chlorophyta,18S_ASV_186
16S_ASV_180,18S_ASV_383,turquoise,0.510589964404217,3.3892627308857e-4,NA,16S_ASV_180,Rhizaria,18S_ASV_383
16S_ASV_238,18S_ASV_576,turquoise,0.510391112197515,3.4104806122456e-4,NA,16S_ASV_238,Chlorophyta,18S_ASV_576
16S_ASV_297,18S_ASV_576,turquoise,0.510276994198217,3.4227112376247e-4,NA,16S_ASV_297,Chlorophyta,18S_ASV_576
16S_ASV_24,18S_ASV_383,turquoise,0.510270889984247,3.4233665714961e-4,NA,16S_ASV_24,Rhizaria,18S_ASV_383
16S_ASV_132,18S_ASV_161,turquoise,0.510268955871142,3.4235742368792e-4,NA,16S_ASV_132,Stramenopiles,18S_ASV_161
16S_ASV_340,18S_ASV_574,turquoise,0.510197442456586,3.4312606004813e-4,hgcI-clade,16S_ASV_340,Streptophyta,18S_ASV_574
16S_ASV_285,18S_ASV_383,turquoise,0.509215357701439,3.5384025518021e-4,NA,16S_ASV_285,Rhizaria,18S_ASV_383
16S_ASV_239,18S_ASV_383,turquoise,0.50851060476995,3.6171376587036e-4,NA,16S_ASV_239,Rhizaria,18S_ASV_383
16S_ASV_567,18S_ASV_447,turquoise,0.508472096944126,3.6214849159579e-4,Cyanobium,16S_ASV_567,Stramenopiles,18S_ASV_447
16S_ASV_286,18S_ASV_574,turquoise,0.507973675643273,3.678179685783e-4,hgcI-clade,16S_ASV_286,Streptophyta,18S_ASV_574
16S_ASV_155,18S_ASV_576,turquoise,0.50747545248797,3.7356502122841e-4,NA,16S_ASV_155,Chlorophyta,18S_ASV_576
16S_ASV_279,18S_ASV_576,turquoise,0.506724066232749,3.8238547590659e-4,NA,16S_ASV_279,Chlorophyta,18S_ASV_576
16S_ASV_311,18S_ASV_273,turquoise,0.50609217275917,3.8994800057138e-4,Alsobacter,16S_ASV_311,Stramenopiles,18S_ASV_273
16S_ASV_103,18S_ASV_383,turquoise,0.505428768427287,3.9803239257774e-4,NA,16S_ASV_103,Rhizaria,18S_ASV_383
16S_ASV_72,18S_ASV_576,turquoise,0.504360963216011,4.113623635451e-4,NA,16S_ASV_72,Chlorophyta,18S_ASV_576
16S_ASV_310,18S_ASV_447,turquoise,0.503695092925833,4.1987692761814e-4,NA,16S_ASV_310,Stramenopiles,18S_ASV_447
16S_ASV_239,18S_ASV_576,turquoise,0.502535708387917,4.3508151056197e-4,NA,16S_ASV_239,Chlorophyta,18S_ASV_576
16S_ASV_30,18S_ASV_574,turquoise,0.502247320188002,4.3893968166461e-4,NA,16S_ASV_30,Streptophyta,18S_ASV_574
16S_ASV_433,18S_ASV_574,turquoise,0.500295498813738,4.658715560604e-4,hgcI-clade,16S_ASV_433,Streptophyta,18S_ASV_574
16S_ASV_220,18S_ASV_383,turquoise,0.499769578097282,4.7337814673762e-4,NA,16S_ASV_220,Rhizaria,18S_ASV_383
16S_ASV_265,18S_ASV_576,turquoise,0.499389048029775,4.7887718188661e-4,NA,16S_ASV_265,Chlorophyta,18S_ASV_576
16S_ASV_72,18S_ASV_383,turquoise,0.497679278644032,5.0430068650181e-4,NA,16S_ASV_72,Rhizaria,18S_ASV_383
16S_ASV_156,18S_ASV_161,turquoise,0.497129225527089,5.1273391916172e-4,NA,16S_ASV_156,Stramenopiles,18S_ASV_161
16S_ASV_555,18S_ASV_273,turquoise,0.496361925179949,5.2470962893899e-4,Alsobacter,16S_ASV_555,Stramenopiles,18S_ASV_273
16S_ASV_113,18S_ASV_161,turquoise,0.495837827966988,5.3303336179045e-4,NA,16S_ASV_113,Stramenopiles,18S_ASV_161
16S_ASV_643,18S_ASV_273,turquoise,0.495220916674959,5.4298303232095e-4,Pirellula,16S_ASV_643,Stramenopiles,18S_ASV_273
16S_ASV_265,18S_ASV_806,turquoise,0.495156112698655,5.4403782579415e-4,NA,16S_ASV_265,Chlorophyta,18S_ASV_806
16S_ASV_291,18S_ASV_383,turquoise,0.49499014610341,5.4674760803388e-4,NA,16S_ASV_291,Rhizaria,18S_ASV_383
16S_ASV_168,18S_ASV_576,turquoise,0.494818806300241,5.4955783159817e-4,NA,16S_ASV_168,Chlorophyta,18S_ASV_576
16S_ASV_701,18S_ASV_447,turquoise,0.494206627048481,5.5970475405073e-4,LD29,16S_ASV_701,Stramenopiles,18S_ASV_447
16S_ASV_303,18S_ASV_576,turquoise,0.494060981048653,5.6214348527584e-4,hgcI-clade,16S_ASV_303,Chlorophyta,18S_ASV_576
16S_ASV_567,18S_ASV_574,turquoise,0.493090245771693,5.7864289676467e-4,Cyanobium,16S_ASV_567,Streptophyta,18S_ASV_574
16S_ASV_291,18S_ASV_161,turquoise,0.491660624889862,6.0373391066364e-4,NA,16S_ASV_291,Stramenopiles,18S_ASV_161
16S_ASV_180,18S_ASV_186,turquoise,0.491508831341376,6.0645452316921e-4,NA,16S_ASV_180,Chlorophyta,18S_ASV_186
16S_ASV_181,18S_ASV_383,turquoise,0.491205912322781,6.1191667730908e-4,NA,16S_ASV_181,Rhizaria,18S_ASV_383
16S_ASV_132,18S_ASV_186,turquoise,0.491067352584925,6.1442982883312e-4,NA,16S_ASV_132,Chlorophyta,18S_ASV_186
16S_ASV_336,18S_ASV_576,turquoise,0.490725477334461,6.2067030657264e-4,NA,16S_ASV_336,Chlorophyta,18S_ASV_576
16S_ASV_156,18S_ASV_186,turquoise,0.490432658792009,6.2606045918693e-4,NA,16S_ASV_156,Chlorophyta,18S_ASV_186
16S_ASV_222,18S_ASV_383,turquoise,0.490355259482577,6.2749221022739e-4,NA,16S_ASV_222,Rhizaria,18S_ASV_383
16S_ASV_24,18S_ASV_161,turquoise,0.490158617286744,6.3114296315138e-4,NA,16S_ASV_24,Stramenopiles,18S_ASV_161
16S_ASV_156,18S_ASV_383,turquoise,0.489289448175829,6.4750873186159e-4,NA,16S_ASV_156,Rhizaria,18S_ASV_383
16S_ASV_396,18S_ASV_186,turquoise,0.488971808200525,6.5358392920462e-4,hgcI-clade,16S_ASV_396,Chlorophyta,18S_ASV_186
16S_ASV_297,18S_ASV_161,turquoise,0.488764325626125,6.5757979468184e-4,NA,16S_ASV_297,Stramenopiles,18S_ASV_161
16S_ASV_349,18S_ASV_574,turquoise,0.488620087852897,6.6037053219776e-4,NA,16S_ASV_349,Streptophyta,18S_ASV_574
16S_ASV_118,18S_ASV_161,turquoise,0.48786903371327,6.7507437197447e-4,NA,16S_ASV_118,Stramenopiles,18S_ASV_161
16S_ASV_260,18S_ASV_576,turquoise,0.487837125362851,6.7570550876493e-4,NA,16S_ASV_260,Chlorophyta,18S_ASV_576
16S_ASV_260,18S_ASV_383,turquoise,0.487823821743075,6.7596880621683e-4,NA,16S_ASV_260,Rhizaria,18S_ASV_383
16S_ASV_428,18S_ASV_273,turquoise,0.487736823382365,6.7769289493314e-4,Pirellula,16S_ASV_428,Stramenopiles,18S_ASV_273
16S_ASV_113,18S_ASV_186,turquoise,0.487613452334522,6.8014455625554e-4,NA,16S_ASV_113,Chlorophyta,18S_ASV_186
16S_ASV_110,18S_ASV_576,turquoise,0.48754884098036,6.8143169877566e-4,NA,16S_ASV_110,Chlorophyta,18S_ASV_576
16S_ASV_264,18S_ASV_383,turquoise,0.487378476118991,6.8483606263355e-4,NA,16S_ASV_264,Rhizaria,18S_ASV_383
16S_ASV_238,18S_ASV_383,turquoise,0.486743466467249,6.9766001546786e-4,NA,16S_ASV_238,Rhizaria,18S_ASV_383
16S_ASV_347,18S_ASV_574,turquoise,0.486303588314454,7.0666902243386e-4,NA,16S_ASV_347,Streptophyta,18S_ASV_574
16S_ASV_24,18S_ASV_186,turquoise,0.486130573796552,7.1024094121097e-4,NA,16S_ASV_24,Chlorophyta,18S_ASV_186
16S_ASV_472,18S_ASV_574,turquoise,0.486087469766539,7.1113334531287e-4,hgcI-clade,16S_ASV_472,Streptophyta,18S_ASV_574
16S_ASV_303,18S_ASV_447,turquoise,0.485797856136054,7.1715545325442e-4,hgcI-clade,16S_ASV_303,Stramenopiles,18S_ASV_447
16S_ASV_8,18S_ASV_574,turquoise,0.485714183441561,7.1890379383157e-4,NA,16S_ASV_8,Streptophyta,18S_ASV_574
16S_ASV_285,18S_ASV_161,turquoise,0.485588717405876,7.2153256107495e-4,NA,16S_ASV_285,Stramenopiles,18S_ASV_161
16S_ASV_310,18S_ASV_383,turquoise,0.485491311507574,7.2357934499632e-4,NA,16S_ASV_310,Rhizaria,18S_ASV_383
16S_ASV_155,18S_ASV_383,turquoise,0.48528198917913,7.2799542719077e-4,NA,16S_ASV_155,Rhizaria,18S_ASV_383
16S_ASV_297,18S_ASV_383,turquoise,0.48492042671333,7.3568021237861e-4,NA,16S_ASV_297,Rhizaria,18S_ASV_383
16S_ASV_110,18S_ASV_383,turquoise,0.4839761080661,7.5609489372757e-4,NA,16S_ASV_110,Rhizaria,18S_ASV_383
16S_ASV_187,18S_ASV_383,turquoise,0.483719402200102,7.6173143786013e-4,NA,16S_ASV_187,Rhizaria,18S_ASV_383
16S_ASV_222,18S_ASV_576,turquoise,0.483689398173912,7.6239269163838e-4,NA,16S_ASV_222,Chlorophyta,18S_ASV_576
16S_ASV_168,18S_ASV_161,turquoise,0.482830473973388,7.8154163780045e-4,NA,16S_ASV_168,Stramenopiles,18S_ASV_161
16S_ASV_701,18S_ASV_574,turquoise,0.482173598104435,7.9647536550819e-4,LD29,16S_ASV_701,Streptophyta,18S_ASV_574
16S_ASV_180,18S_ASV_161,turquoise,0.482147497109209,7.9707399690288e-4,NA,16S_ASV_180,Stramenopiles,18S_ASV_161
16S_ASV_187,18S_ASV_576,turquoise,0.481779204412069,8.0556388626213e-4,NA,16S_ASV_187,Chlorophyta,18S_ASV_576
16S_ASV_118,18S_ASV_186,turquoise,0.481745435757355,8.0634635636316e-4,NA,16S_ASV_118,Chlorophyta,18S_ASV_186
16S_ASV_238,18S_ASV_161,turquoise,0.481699500046626,8.0741184691575e-4,NA,16S_ASV_238,Stramenopiles,18S_ASV_161
16S_ASV_103,18S_ASV_576,turquoise,0.481604412841757,8.0962142221116e-4,NA,16S_ASV_103,Chlorophyta,18S_ASV_576
16S_ASV_421,18S_ASV_576,turquoise,0.481556412143327,8.1073888492713e-4,Cyanobium,16S_ASV_421,Chlorophyta,18S_ASV_576
16S_ASV_181,18S_ASV_161,turquoise,0.480654565684175,8.3199209265527e-4,NA,16S_ASV_181,Stramenopiles,18S_ASV_161
16S_ASV_168,18S_ASV_186,turquoise,0.47984227278978703,8.5155992482265e-4,NA,16S_ASV_168,Chlorophyta,18S_ASV_186
16S_ASV_238,18S_ASV_186,turquoise,0.479769371854457,8.5333604434501e-4,NA,16S_ASV_238,Chlorophyta,18S_ASV_186
16S_ASV_279,18S_ASV_186,turquoise,0.478708770129476,8.795532873907e-4,NA,16S_ASV_279,Chlorophyta,18S_ASV_186
16S_ASV_297,18S_ASV_186,turquoise,0.478668489688952,8.8056302691496e-4,NA,16S_ASV_297,Chlorophyta,18S_ASV_186
16S_ASV_279,18S_ASV_161,turquoise,0.478296041516436,8.8994865685663e-4,NA,16S_ASV_279,Stramenopiles,18S_ASV_161
16S_ASV_573,18S_ASV_186,turquoise,0.478171570285556,8.9310518428475e-4,hgcI-clade,16S_ASV_573,Chlorophyta,18S_ASV_186
16S_ASV_701,18S_ASV_576,turquoise,0.477650506501152,9.0642798932298e-4,LD29,16S_ASV_701,Chlorophyta,18S_ASV_576
16S_ASV_265,18S_ASV_383,turquoise,0.476850573766819,9.2722679291763e-4,NA,16S_ASV_265,Rhizaria,18S_ASV_383
16S_ASV_771,18S_ASV_576,turquoise,0.476641786080128,9.3272510359975e-4,Cyanobium,16S_ASV_771,Chlorophyta,18S_ASV_576
16S_ASV_643,18S_ASV_574,turquoise,0.476505221265262,9.3633720079424e-4,Pirellula,16S_ASV_643,Streptophyta,18S_ASV_574
16S_ASV_168,18S_ASV_383,turquoise,0.476016542584624,9.4936517489411e-4,NA,16S_ASV_168,Rhizaria,18S_ASV_383
16S_ASV_220,18S_ASV_161,turquoise,0.4758675091652,9.5337043205832e-4,NA,16S_ASV_220,Stramenopiles,18S_ASV_161
16S_ASV_153,18S_ASV_24,turquoise,0.475549800733839,9.6195922653483e-4,Candidatus-Methylopumilus,16S_ASV_153,Cryptophyta,18S_ASV_24
16S_ASV_72,18S_ASV_161,turquoise,0.475153589446783,9.727670079447e-4,NA,16S_ASV_72,Stramenopiles,18S_ASV_161
16S_ASV_93,18S_ASV_383,turquoise,0.474254311954139,9.9770062810223e-4,NA,16S_ASV_93,Rhizaria,18S_ASV_383
16S_ASV_573,18S_ASV_447,turquoise,0.472492606484434,0.00104820544526761,hgcI-clade,16S_ASV_573,Stramenopiles,18S_ASV_447
16S_ASV_820,18S_ASV_574,turquoise,0.472105349017703,0.00105960851297256,Pirellula,16S_ASV_820,Streptophyta,18S_ASV_574
16S_ASV_262,18S_ASV_574,turquoise,0.471973472896995,0.00106351687871267,NA,16S_ASV_262,Streptophyta,18S_ASV_574
16S_ASV_535,18S_ASV_574,turquoise,0.471751397113312,0.00107012752580856,Pirellula,16S_ASV_535,Streptophyta,18S_ASV_574
16S_ASV_279,18S_ASV_383,turquoise,0.471710662361101,0.00107134406857739,NA,16S_ASV_279,Rhizaria,18S_ASV_383
16S_ASV_246,18S_ASV_186,turquoise,0.470201962116798,0.00111727934579998,NA,16S_ASV_246,Chlorophyta,18S_ASV_186
16S_ASV_283,18S_ASV_383,turquoise,0.469774514467516,0.00113060907292628,hgcI-clade,16S_ASV_283,Rhizaria,18S_ASV_383
16S_ASV_296,18S_ASV_574,turquoise,0.469763133572718,0.00113096590913228,NA,16S_ASV_296,Streptophyta,18S_ASV_574
16S_ASV_140,18S_ASV_576,turquoise,0.469398685875602,0.00114244599966045,NA,16S_ASV_140,Chlorophyta,18S_ASV_576
16S_ASV_72,18S_ASV_186,turquoise,0.468861260952269,0.0011595643853863,NA,16S_ASV_72,Chlorophyta,18S_ASV_186
16S_ASV_701,18S_ASV_136,turquoise,0.468683955889317,0.00116526194656759,LD29,16S_ASV_701,Stramenopiles,18S_ASV_136
16S_ASV_181,18S_ASV_186,turquoise,0.46847462628707,0.00117202069113432,NA,16S_ASV_181,Chlorophyta,18S_ASV_186
16S_ASV_265,18S_ASV_161,turquoise,0.46835591887582,0.00117586896496804,NA,16S_ASV_265,Stramenopiles,18S_ASV_161
16S_ASV_167,18S_ASV_186,turquoise,0.46809484734604,0.00118437204958393,NA,16S_ASV_167,Chlorophyta,18S_ASV_186
16S_ASV_103,18S_ASV_186,turquoise,0.46803381112388,0.00118636787865909,NA,16S_ASV_103,Chlorophyta,18S_ASV_186
16S_ASV_433,18S_ASV_576,turquoise,0.467251822017192,0.00121220461147002,hgcI-clade,16S_ASV_433,Chlorophyta,18S_ASV_576
16S_ASV_291,18S_ASV_186,turquoise,0.463315772004859,0.00135001372203251,NA,16S_ASV_291,Chlorophyta,18S_ASV_186
16S_ASV_285,18S_ASV_186,turquoise,0.462528951676929,0.00137917636669073,NA,16S_ASV_285,Chlorophyta,18S_ASV_186
16S_ASV_187,18S_ASV_24,turquoise,0.462447536109729,0.00138222569550567,NA,16S_ASV_187,Cryptophyta,18S_ASV_24
16S_ASV_524,18S_ASV_186,turquoise,0.462067987627406,0.00139652052141482,Sediminibacterium,16S_ASV_524,Chlorophyta,18S_ASV_186
16S_ASV_220,18S_ASV_186,turquoise,0.461932306008304,0.00140166246120585,NA,16S_ASV_220,Chlorophyta,18S_ASV_186
16S_ASV_573,18S_ASV_576,turquoise,0.461907518020723,0.0014026036703195,hgcI-clade,16S_ASV_573,Chlorophyta,18S_ASV_576
16S_ASV_382,18S_ASV_574,turquoise,0.461809012601877,0.00140634951329275,NA,16S_ASV_382,Streptophyta,18S_ASV_574
16S_ASV_175,18S_ASV_574,turquoise,0.460688501905963,0.00144958913227121,hgcI-clade,16S_ASV_175,Streptophyta,18S_ASV_574
16S_ASV_336,18S_ASV_383,turquoise,0.460358031379371,0.00146256534139276,NA,16S_ASV_336,Rhizaria,18S_ASV_383
16S_ASV_291,18S_ASV_136,turquoise,0.459761138449739,0.00148626465028601,NA,16S_ASV_291,Stramenopiles,18S_ASV_136
16S_ASV_472,18S_ASV_576,turquoise,0.458942199030248,0.00151933518394549,hgcI-clade,16S_ASV_472,Chlorophyta,18S_ASV_576
16S_ASV_428,18S_ASV_574,turquoise,0.458442087603629,0.00153985067935059,Pirellula,16S_ASV_428,Streptophyta,18S_ASV_574
16S_ASV_155,18S_ASV_161,turquoise,0.457927738391029,0.00156120647175168,NA,16S_ASV_155,Stramenopiles,18S_ASV_161
16S_ASV_8,18S_ASV_383,turquoise,0.457710443781483,0.00157030727938603,NA,16S_ASV_8,Rhizaria,18S_ASV_383
16S_ASV_567,18S_ASV_576,turquoise,0.457530545144507,0.00157787746117989,Cyanobium,16S_ASV_567,Chlorophyta,18S_ASV_576
16S_ASV_93,18S_ASV_576,turquoise,0.457227997558306,0.00159068182168359,NA,16S_ASV_93,Chlorophyta,18S_ASV_576
16S_ASV_432,18S_ASV_806,turquoise,0.457211294539141,0.00159139140247673,Rhizorhapis,16S_ASV_432,Chlorophyta,18S_ASV_806
16S_ASV_555,18S_ASV_806,turquoise,0.45631512528809,0.00162987701756351,Alsobacter,16S_ASV_555,Chlorophyta,18S_ASV_806
16S_ASV_265,18S_ASV_186,turquoise,0.455259100428687,0.00167628583678961,NA,16S_ASV_265,Chlorophyta,18S_ASV_186
16S_ASV_573,18S_ASV_24,turquoise,0.455125859878442,0.00168222381488076,hgcI-clade,16S_ASV_573,Cryptophyta,18S_ASV_24
16S_ASV_246,18S_ASV_574,turquoise,0.4548525674004,0.00169446173826995,NA,16S_ASV_246,Streptophyta,18S_ASV_574
16S_ASV_225,18S_ASV_574,turquoise,0.454793430817103,0.00169712021789669,NA,16S_ASV_225,Streptophyta,18S_ASV_574
16S_ASV_139,18S_ASV_576,turquoise,0.45454581036359,0.00170829219005137,NA,16S_ASV_139,Chlorophyta,18S_ASV_576
16S_ASV_103,18S_ASV_161,turquoise,0.453881479204914,0.00173858790258571,NA,16S_ASV_103,Stramenopiles,18S_ASV_161
16S_ASV_167,18S_ASV_383,turquoise,0.453845848568038,0.00174022615425787,NA,16S_ASV_167,Rhizaria,18S_ASV_383
16S_ASV_167,18S_ASV_161,turquoise,0.452478920074857,0.00180411837985824,NA,16S_ASV_167,Stramenopiles,18S_ASV_161
16S_ASV_1196,18S_ASV_574,turquoise,0.452283261686932,0.00181343178058008,CL500-29-marine-group,16S_ASV_1196,Streptophyta,18S_ASV_574
16S_ASV_167,18S_ASV_576,turquoise,0.452057300094982,0.00182424061420269,NA,16S_ASV_167,Chlorophyta,18S_ASV_576
16S_ASV_222,18S_ASV_161,turquoise,0.451800080126582,0.00183661412872012,NA,16S_ASV_222,Stramenopiles,18S_ASV_161
16S_ASV_538,18S_ASV_1071,turquoise,0.451699425383665,0.00184147630964431,Sediminibacterium,16S_ASV_538,Opisthokonta_Unclassified,18S_ASV_1071
16S_ASV_340,18S_ASV_576,turquoise,0.451684990885278,0.00184217450988769,hgcI-clade,16S_ASV_340,Chlorophyta,18S_ASV_576
16S_ASV_155,18S_ASV_186,turquoise,0.451373515120889,0.00185729791166776,NA,16S_ASV_155,Chlorophyta,18S_ASV_186
16S_ASV_162,18S_ASV_186,turquoise,0.451242144164425,0.00186370940552644,NA,16S_ASV_162,Chlorophyta,18S_ASV_186
16S_ASV_239,18S_ASV_161,turquoise,0.451052930301632,0.00187297834659495,NA,16S_ASV_239,Stramenopiles,18S_ASV_161
16S_ASV_110,18S_ASV_161,turquoise,0.450752349389823,0.00188778674351242,NA,16S_ASV_110,Stramenopiles,18S_ASV_161
16S_ASV_298,18S_ASV_576,turquoise,0.450578046974925,0.00189642132868182,NA,16S_ASV_298,Chlorophyta,18S_ASV_576
16S_ASV_820,18S_ASV_806,turquoise,0.450115883751664,0.00191948549648226,Pirellula,16S_ASV_820,Chlorophyta,18S_ASV_806
16S_ASV_110,18S_ASV_186,turquoise,0.448859192277175,0.00198346117155307,NA,16S_ASV_110,Chlorophyta,18S_ASV_186
16S_ASV_8,18S_ASV_576,turquoise,0.448013747637453,0.00202755602956203,NA,16S_ASV_8,Chlorophyta,18S_ASV_576
16S_ASV_524,18S_ASV_1071,turquoise,0.447631699448232,0.00204776500153783,Sediminibacterium,16S_ASV_524,Opisthokonta_Unclassified,18S_ASV_1071
16S_ASV_219,18S_ASV_576,turquoise,0.447431195013042,0.00205844209494631,NA,16S_ASV_219,Chlorophyta,18S_ASV_576
16S_ASV_162,18S_ASV_383,turquoise,0.447337854786981,0.00206342934679183,NA,16S_ASV_162,Rhizaria,18S_ASV_383
16S_ASV_336,18S_ASV_161,turquoise,0.446350340055769,0.00211685150446261,NA,16S_ASV_336,Stramenopiles,18S_ASV_161
16S_ASV_302,18S_ASV_186,turquoise,0.446256427532603,0.002121995069066,NA,16S_ASV_302,Chlorophyta,18S_ASV_186
16S_ASV_354,18S_ASV_574,turquoise,0.445192380242723,0.00218104924246128,NA,16S_ASV_354,Streptophyta,18S_ASV_574
16S_ASV_227,18S_ASV_574,turquoise,0.445122638559356,0.00218497011199304,NA,16S_ASV_227,Streptophyta,18S_ASV_574
16S_ASV_347,18S_ASV_186,turquoise,0.445083077410039,0.00218719700342391,NA,16S_ASV_347,Chlorophyta,18S_ASV_186
16S_ASV_30,18S_ASV_576,turquoise,0.444840422110524,0.00220089997370866,NA,16S_ASV_30,Chlorophyta,18S_ASV_576
16S_ASV_239,18S_ASV_186,turquoise,0.444809075569107,0.00220267566400011,NA,16S_ASV_239,Chlorophyta,18S_ASV_186
16S_ASV_122,18S_ASV_574,turquoise,0.44474292679507,0.00220642695480183,hgcI-clade,16S_ASV_122,Streptophyta,18S_ASV_574
16S_ASV_222,18S_ASV_186,turquoise,0.444280694064637,0.00223279806662279,NA,16S_ASV_222,Chlorophyta,18S_ASV_186
16S_ASV_140,18S_ASV_383,turquoise,0.443774697942286,0.00226198488241855,NA,16S_ASV_140,Rhizaria,18S_ASV_383
16S_ASV_260,18S_ASV_161,turquoise,0.443608489590067,0.00227164536096415,NA,16S_ASV_260,Stramenopiles,18S_ASV_161
16S_ASV_140,18S_ASV_186,turquoise,0.443157239461268,0.00229805727622872,NA,16S_ASV_140,Chlorophyta,18S_ASV_186
16S_ASV_310,18S_ASV_161,turquoise,0.442953829179214,0.0023100514129442,NA,16S_ASV_310,Stramenopiles,18S_ASV_161
16S_ASV_535,18S_ASV_806,turquoise,0.441868958293254,0.00237495953456333,Pirellula,16S_ASV_535,Chlorophyta,18S_ASV_806
16S_ASV_140,18S_ASV_161,turquoise,0.441770113783755,0.00238095269226715,NA,16S_ASV_140,Stramenopiles,18S_ASV_161
16S_ASV_538,18S_ASV_24,turquoise,0.441559881622964,0.00239374393778042,Sediminibacterium,16S_ASV_538,Cryptophyta,18S_ASV_24
16S_ASV_219,18S_ASV_383,turquoise,0.441328052628192,0.00240791949730105,NA,16S_ASV_219,Rhizaria,18S_ASV_383
16S_ASV_311,18S_ASV_574,turquoise,0.440486099123679,0.00246002727267735,Alsobacter,16S_ASV_311,Streptophyta,18S_ASV_574
16S_ASV_298,18S_ASV_383,turquoise,0.440415308998499,0.00246445341853026,NA,16S_ASV_298,Rhizaria,18S_ASV_383
16S_ASV_538,18S_ASV_136,turquoise,0.437512951546263,0.00265208113790332,Sediminibacterium,16S_ASV_538,Stramenopiles,18S_ASV_136
16S_ASV_354,18S_ASV_186,turquoise,0.437090202859365,0.00268043530954897,NA,16S_ASV_354,Chlorophyta,18S_ASV_186
16S_ASV_403,18S_ASV_574,turquoise,0.437059837746858,0.00268248217198373,hgcI-clade,16S_ASV_403,Streptophyta,18S_ASV_574
16S_ASV_113,18S_ASV_806,turquoise,0.436531520632298,0.00271831628398682,NA,16S_ASV_113,Chlorophyta,18S_ASV_806
16S_ASV_538,18S_ASV_447,turquoise,0.435174977556325,0.00281226500479476,Sediminibacterium,16S_ASV_538,Stramenopiles,18S_ASV_447
16S_ASV_357,18S_ASV_186,turquoise,0.435084359932008,0.00281864147579024,Candidatus-Planktophila,16S_ASV_357,Chlorophyta,18S_ASV_186
16S_ASV_93,18S_ASV_186,turquoise,0.435078560094104,0.00281905002486547,NA,16S_ASV_93,Chlorophyta,18S_ASV_186
16S_ASV_175,18S_ASV_806,turquoise,0.434757450675706,0.00284175095888906,hgcI-clade,16S_ASV_175,Chlorophyta,18S_ASV_806
16S_ASV_451,18S_ASV_383,turquoise,0.434488459204229,0.00286089111663175,NA,16S_ASV_451,Rhizaria,18S_ASV_383
16S_ASV_227,18S_ASV_186,turquoise,0.433829693378378,0.00290824583342424,NA,16S_ASV_227,Chlorophyta,18S_ASV_186
16S_ASV_362,18S_ASV_576,turquoise,0.433687065212323,0.00291858889292035,hgcI-clade,16S_ASV_362,Chlorophyta,18S_ASV_576
16S_ASV_643,18S_ASV_806,turquoise,0.433211287805568,0.00295332563645913,Pirellula,16S_ASV_643,Chlorophyta,18S_ASV_806
16S_ASV_336,18S_ASV_186,turquoise,0.432890494944833,0.0029769517152993,NA,16S_ASV_336,Chlorophyta,18S_ASV_186
16S_ASV_311,18S_ASV_447,turquoise,0.432090126383361,0.0030366244850738,Alsobacter,16S_ASV_311,Stramenopiles,18S_ASV_447
16S_ASV_30,18S_ASV_383,turquoise,0.431127469181055,0.00310978855907046,NA,16S_ASV_30,Rhizaria,18S_ASV_383
16S_ASV_262,18S_ASV_186,turquoise,0.430565389790588,0.00315322062636305,NA,16S_ASV_262,Chlorophyta,18S_ASV_186
16S_ASV_538,18S_ASV_806,turquoise,0.429506707485545,0.00323647515716114,Sediminibacterium,16S_ASV_538,Chlorophyta,18S_ASV_806
16S_ASV_771,18S_ASV_511,turquoise,0.428782063380778,0.00329456857353301,Cyanobium,16S_ASV_771,Stramenopiles,18S_ASV_511
16S_ASV_113,18S_ASV_136,turquoise,0.428019305862175,0.0033567049637157,NA,16S_ASV_113,Stramenopiles,18S_ASV_136
16S_ASV_72,18S_ASV_511,turquoise,0.427404090513905,0.00340756946515292,NA,16S_ASV_72,Stramenopiles,18S_ASV_511
16S_ASV_524,18S_ASV_24,turquoise,0.427209283298527,0.00342381607729967,Sediminibacterium,16S_ASV_524,Cryptophyta,18S_ASV_24
16S_ASV_298,18S_ASV_161,turquoise,0.426302079980553,0.0035003743265472,NA,16S_ASV_298,Stramenopiles,18S_ASV_161
16S_ASV_24,18S_ASV_136,turquoise,0.425624574554364,0.00355852428452177,NA,16S_ASV_24,Stramenopiles,18S_ASV_136
16S_ASV_298,18S_ASV_186,turquoise,0.425166026386048,0.00359836050573684,NA,16S_ASV_298,Chlorophyta,18S_ASV_186
16S_ASV_260,18S_ASV_186,turquoise,0.425059637587785,0.00360765870336191,NA,16S_ASV_260,Chlorophyta,18S_ASV_186
16S_ASV_573,18S_ASV_383,turquoise,0.423324696870225,0.00376229130896699,hgcI-clade,16S_ASV_573,Rhizaria,18S_ASV_383
16S_ASV_93,18S_ASV_161,turquoise,0.423169480634688,0.00377640445705047,NA,16S_ASV_93,Stramenopiles,18S_ASV_161
16S_ASV_168,18S_ASV_24,turquoise,0.422610796129153,0.003827588020804,NA,16S_ASV_168,Cryptophyta,18S_ASV_24
16S_ASV_156,18S_ASV_447,turquoise,0.422279035767161,0.00385826881469049,NA,16S_ASV_156,Stramenopiles,18S_ASV_447
16S_ASV_421,18S_ASV_511,turquoise,0.421655883123561,0.00391648000670074,Cyanobium,16S_ASV_421,Stramenopiles,18S_ASV_511
16S_ASV_428,18S_ASV_806,turquoise,0.420852608172069,0.00399265102249438,Pirellula,16S_ASV_428,Chlorophyta,18S_ASV_806
16S_ASV_472,18S_ASV_161,turquoise,0.420321807806115,0.00404369331851715,hgcI-clade,16S_ASV_472,Stramenopiles,18S_ASV_161
16S_ASV_421,18S_ASV_2019,turquoise,0.419805744536711,0.00409386515755036,Cyanobium,16S_ASV_421,Chlorophyta,18S_ASV_2019
16S_ASV_396,18S_ASV_383,turquoise,0.419134979172962,0.0041598908596587,hgcI-clade,16S_ASV_396,Rhizaria,18S_ASV_383
16S_ASV_238,18S_ASV_806,turquoise,0.4190644389225,0.00416688821504265,NA,16S_ASV_238,Chlorophyta,18S_ASV_806
16S_ASV_573,18S_ASV_161,turquoise,0.419056476026437,0.00416767875395544,hgcI-clade,16S_ASV_573,Stramenopiles,18S_ASV_161
16S_ASV_180,18S_ASV_136,turquoise,0.418756515596812,0.00419755389452692,NA,16S_ASV_180,Stramenopiles,18S_ASV_136
16S_ASV_701,18S_ASV_2019,turquoise,0.4184469217497,0.00422858477627458,LD29,16S_ASV_701,Chlorophyta,18S_ASV_2019
16S_ASV_382,18S_ASV_186,turquoise,0.418039874955431,0.00426968865778682,NA,16S_ASV_382,Chlorophyta,18S_ASV_186
16S_ASV_140,18S_ASV_136,turquoise,0.417784925745516,0.00429561119342273,NA,16S_ASV_140,Stramenopiles,18S_ASV_136
16S_ASV_132,18S_ASV_136,turquoise,0.417674550743726,0.0043068764364441,NA,16S_ASV_132,Stramenopiles,18S_ASV_136
16S_ASV_285,18S_ASV_136,turquoise,0.417525480676844,0.00432213202441328,NA,16S_ASV_285,Stramenopiles,18S_ASV_136
16S_ASV_307,18S_ASV_574,turquoise,0.417293781949383,0.00434593747951083,hgcI-clade,16S_ASV_307,Streptophyta,18S_ASV_574
16S_ASV_410,18S_ASV_186,turquoise,0.416778174015007,0.00439932438804779,NA,16S_ASV_410,Chlorophyta,18S_ASV_186
16S_ASV_132,18S_ASV_806,turquoise,0.415939101732065,0.00448742908595849,NA,16S_ASV_132,Chlorophyta,18S_ASV_806
16S_ASV_132,18S_ASV_447,turquoise,0.415833786172732,0.00449859564062215,NA,16S_ASV_132,Stramenopiles,18S_ASV_447
16S_ASV_396,18S_ASV_447,turquoise,0.415815687521118,0.00450051707375897,hgcI-clade,16S_ASV_396,Stramenopiles,18S_ASV_447
16S_ASV_223,18S_ASV_574,turquoise,0.415730038862,0.00450961964333525,hgcI-clade,16S_ASV_223,Streptophyta,18S_ASV_574
16S_ASV_340,18S_ASV_161,turquoise,0.414993373976643,0.00458857731341553,hgcI-clade,16S_ASV_340,Stramenopiles,18S_ASV_161
16S_ASV_357,18S_ASV_574,turquoise,0.414672806434778,0.00462331185696579,Candidatus-Planktophila,16S_ASV_357,Streptophyta,18S_ASV_574
16S_ASV_362,18S_ASV_186,turquoise,0.413705761859062,0.00472948910647308,hgcI-clade,16S_ASV_362,Chlorophyta,18S_ASV_186
16S_ASV_354,18S_ASV_383,turquoise,0.413433937766003,0.00475971478275982,NA,16S_ASV_354,Rhizaria,18S_ASV_383
16S_ASV_223,18S_ASV_186,turquoise,0.413229316210741,0.00478257891095745,hgcI-clade,16S_ASV_223,Chlorophyta,18S_ASV_186
16S_ASV_238,18S_ASV_447,turquoise,0.412913217972249,0.0048180876867604,NA,16S_ASV_238,Stramenopiles,18S_ASV_447
16S_ASV_30,18S_ASV_161,turquoise,0.412011123256998,0.00492069216063286,NA,16S_ASV_30,Stramenopiles,18S_ASV_161
16S_ASV_771,18S_ASV_806,turquoise,0.4120006854075,0.00492189043115674,Cyanobium,16S_ASV_771,Chlorophyta,18S_ASV_806
16S_ASV_285,18S_ASV_24,turquoise,0.411518139104961,0.00497756558222716,NA,16S_ASV_285,Cryptophyta,18S_ASV_24
16S_ASV_285,18S_ASV_511,turquoise,0.411285193769174,0.00500463829731187,NA,16S_ASV_285,Stramenopiles,18S_ASV_511
16S_ASV_336,18S_ASV_136,turquoise,0.411122199581851,0.0050236576101776,NA,16S_ASV_336,Stramenopiles,18S_ASV_136
16S_ASV_246,18S_ASV_136,turquoise,0.410909377719104,0.00504858600755434,NA,16S_ASV_246,Stramenopiles,18S_ASV_136
16S_ASV_132,18S_ASV_511,turquoise,0.410765289388454,0.00506552461946435,NA,16S_ASV_132,Stramenopiles,18S_ASV_511
16S_ASV_285,18S_ASV_447,turquoise,0.410431154358999,0.0051049953447879,NA,16S_ASV_285,Stramenopiles,18S_ASV_447
16S_ASV_144,18S_ASV_186,turquoise,0.410041620344036,0.00515134842691499,hgcI-clade,16S_ASV_144,Chlorophyta,18S_ASV_186
16S_ASV_222,18S_ASV_511,turquoise,0.40971925438333,0.00518998569759419,NA,16S_ASV_222,Stramenopiles,18S_ASV_511
16S_ASV_264,18S_ASV_292,turquoise,0.409681815582344,0.00519448926015119,NA,16S_ASV_264,Stramenopiles,18S_ASV_292
16S_ASV_531,18S_ASV_574,turquoise,0.409562884445668,0.00520881823917811,hgcI-clade,16S_ASV_531,Streptophyta,18S_ASV_574
16S_ASV_310,18S_ASV_292,turquoise,0.409546835309844,0.00521075449476063,NA,16S_ASV_310,Stramenopiles,18S_ASV_292
16S_ASV_264,18S_ASV_24,turquoise,0.408681125305275,0.00531613207967827,NA,16S_ASV_264,Cryptophyta,18S_ASV_24
16S_ASV_291,18S_ASV_511,turquoise,0.408646659840807,0.0053203654883971,NA,16S_ASV_291,Stramenopiles,18S_ASV_511
16S_ASV_238,18S_ASV_136,turquoise,0.408396733265792,0.00535115201816456,NA,16S_ASV_238,Stramenopiles,18S_ASV_136
16S_ASV_524,18S_ASV_806,turquoise,0.408387141205292,0.00535233667496658,Sediminibacterium,16S_ASV_524,Chlorophyta,18S_ASV_806
16S_ASV_701,18S_ASV_273,turquoise,0.407713469417584,0.00543611112358806,LD29,16S_ASV_701,Stramenopiles,18S_ASV_273
16S_ASV_279,18S_ASV_447,turquoise,0.407281136272555,0.00549047322251473,NA,16S_ASV_279,Stramenopiles,18S_ASV_447
16S_ASV_215,18S_ASV_574,turquoise,0.406914065402146,0.00553699995988206,hgcI-clade,16S_ASV_215,Streptophyta,18S_ASV_574
16S_ASV_310,18S_ASV_24,turquoise,0.406594715979691,0.0055777566529946,NA,16S_ASV_310,Cryptophyta,18S_ASV_24
16S_ASV_180,18S_ASV_447,turquoise,0.40654999804616,0.00558348452399238,NA,16S_ASV_180,Stramenopiles,18S_ASV_447
16S_ASV_24,18S_ASV_447,turquoise,0.40631892918686,0.00561316350012256,NA,16S_ASV_24,Stramenopiles,18S_ASV_447
16S_ASV_239,18S_ASV_806,turquoise,0.406231803459631,0.00562438969247556,NA,16S_ASV_239,Chlorophyta,18S_ASV_806
16S_ASV_113,18S_ASV_511,turquoise,0.405492689967863,0.00572041312935882,NA,16S_ASV_113,Stramenopiles,18S_ASV_511
16S_ASV_524,18S_ASV_136,turquoise,0.40520426378337,0.00575826952537123,Sediminibacterium,16S_ASV_524,Stramenopiles,18S_ASV_136
16S_ASV_113,18S_ASV_447,turquoise,0.404877000054025,0.00580148705803004,NA,16S_ASV_113,Stramenopiles,18S_ASV_447
16S_ASV_303,18S_ASV_161,turquoise,0.40471338735428,0.00582319883065767,hgcI-clade,16S_ASV_303,Stramenopiles,18S_ASV_161
16S_ASV_310,18S_ASV_186,turquoise,0.404394104604539,0.00586577187081816,NA,16S_ASV_310,Chlorophyta,18S_ASV_186
16S_ASV_39,18S_ASV_383,turquoise,0.404162961592665,0.00589676097538714,hgcI-clade,16S_ASV_39,Rhizaria,18S_ASV_383
16S_ASV_567,18S_ASV_511,turquoise,0.403767827456094,0.00595006580099378,Cyanobium,16S_ASV_567,Stramenopiles,18S_ASV_511
16S_ASV_118,18S_ASV_806,turquoise,0.403394343335225,0.00600083441003592,NA,16S_ASV_118,Chlorophyta,18S_ASV_806
16S_ASV_118,18S_ASV_136,turquoise,0.403270527408051,0.00601774787197256,NA,16S_ASV_118,Stramenopiles,18S_ASV_136
16S_ASV_168,18S_ASV_292,turquoise,0.402952852561841,0.00606133236000913,NA,16S_ASV_168,Stramenopiles,18S_ASV_292
16S_ASV_118,18S_ASV_447,turquoise,0.402940708926148,0.00606300387480233,NA,16S_ASV_118,Stramenopiles,18S_ASV_447
16S_ASV_340,18S_ASV_511,turquoise,0.401971403830964,0.00619772238230572,hgcI-clade,16S_ASV_340,Stramenopiles,18S_ASV_511
16S_ASV_155,18S_ASV_511,turquoise,0.401821901482573,0.00621873056295778,NA,16S_ASV_155,Stramenopiles,18S_ASV_511
16S_ASV_181,18S_ASV_511,turquoise,0.401584333164853,0.00625224102145597,NA,16S_ASV_181,Stramenopiles,18S_ASV_511
16S_ASV_8,18S_ASV_161,turquoise,0.40058216373627,0.00639533444365142,NA,16S_ASV_8,Stramenopiles,18S_ASV_161
16S_ASV_1641,18S_ASV_716,yellow,0.827240774223959,2.4791164172064097e-12,Roseomonas,16S_ASV_1641,Chlorophyta,18S_ASV_716
16S_ASV_1743,18S_ASV_716,yellow,0.820373230690821,5.32748815028894e-12,Roseomonas,16S_ASV_1743,Chlorophyta,18S_ASV_716
16S_ASV_2408,18S_ASV_716,yellow,0.771892810278905,5.37266644088296e-10,Roseomonas,16S_ASV_2408,Chlorophyta,18S_ASV_716
16S_ASV_684,18S_ASV_716,yellow,0.771451062350826,5.57388477562254e-10,Roseomonas,16S_ASV_684,Chlorophyta,18S_ASV_716
16S_ASV_491,18S_ASV_448,yellow,0.758056658344202,1.6373690277352801e-9,Alsobacter,16S_ASV_491,Chlorophyta,18S_ASV_448
16S_ASV_922,18S_ASV_716,yellow,0.751034606953695,2.8033001166587703e-9,Roseomonas,16S_ASV_922,Chlorophyta,18S_ASV_716
16S_ASV_823,18S_ASV_716,yellow,0.719929429947089,2.49203495980247e-8,Roseomonas,16S_ASV_823,Chlorophyta,18S_ASV_716
16S_ASV_216,18S_ASV_448,yellow,0.715445736615376,3.33410460481736e-8,Woronichinia,16S_ASV_216,Chlorophyta,18S_ASV_448
16S_ASV_160,18S_ASV_448,yellow,0.713259380900084,3.83498288612752e-8,Woronichinia,16S_ASV_160,Chlorophyta,18S_ASV_448
16S_ASV_321,18S_ASV_448,yellow,0.711767613037212,4.21616919492881e-8,Woronichinia,16S_ASV_321,Chlorophyta,18S_ASV_448
16S_ASV_325,18S_ASV_448,yellow,0.697439512777288,1.01751259702732e-7,Woronichinia,16S_ASV_325,Chlorophyta,18S_ASV_448
16S_ASV_658,18S_ASV_716,yellow,0.696400744695505,1.0824811318514e-7,CL500-29-marine-group,16S_ASV_658,Chlorophyta,18S_ASV_716
16S_ASV_263,18S_ASV_448,yellow,0.68974547940779,1.5996072423435e-7,Woronichinia,16S_ASV_263,Chlorophyta,18S_ASV_448
16S_ASV_288,18S_ASV_448,yellow,0.688024177359074,1.76665278861217e-7,Woronichinia,16S_ASV_288,Chlorophyta,18S_ASV_448
16S_ASV_732,18S_ASV_716,yellow,0.684298969795322,2.18531535971763e-7,Microcystis,16S_ASV_732,Chlorophyta,18S_ASV_716
16S_ASV_241,18S_ASV_716,yellow,0.669041916267745,5.06029745904422e-7,Woronichinia,16S_ASV_241,Chlorophyta,18S_ASV_716
16S_ASV_658,18S_ASV_4,yellow,0.667629319150248,5.45601534168779e-7,CL500-29-marine-group,16S_ASV_658,Opisthokonta_Arthropoda,18S_ASV_4
16S_ASV_230,18S_ASV_448,yellow,0.667167734731038,5.59142909011313e-7,Woronichinia,16S_ASV_230,Chlorophyta,18S_ASV_448
16S_ASV_920,18S_ASV_716,yellow,0.659059332462292,8.54243436980884e-7,Microcystis,16S_ASV_920,Chlorophyta,18S_ASV_716
16S_ASV_241,18S_ASV_448,yellow,0.657251904918989,9.37254336509529e-7,Woronichinia,16S_ASV_241,Chlorophyta,18S_ASV_448
16S_ASV_922,18S_ASV_485,yellow,0.647700882192867,1.51459580816046e-6,Roseomonas,16S_ASV_922,Chlorophyta,18S_ASV_485
16S_ASV_419,18S_ASV_448,yellow,0.647476633522156,1.53145364873092e-6,Roseomonas,16S_ASV_419,Chlorophyta,18S_ASV_448
16S_ASV_25,18S_ASV_485,yellow,0.647357321077018,1.54049361757285e-6,Planktothrix,16S_ASV_25,Chlorophyta,18S_ASV_485
16S_ASV_288,18S_ASV_716,yellow,0.643729244239462,1.84017678896596e-6,Woronichinia,16S_ASV_288,Chlorophyta,18S_ASV_716
16S_ASV_920,18S_ASV_448,yellow,0.643707107086363,1.84216060933245e-6,Microcystis,16S_ASV_920,Chlorophyta,18S_ASV_448
16S_ASV_3009,18S_ASV_716,yellow,0.642379005763721,1.96486718628272e-6,Roseomonas,16S_ASV_3009,Chlorophyta,18S_ASV_716
16S_ASV_226,18S_ASV_448,yellow,0.634176590609983,2.90653507634514e-6,Woronichinia,16S_ASV_226,Chlorophyta,18S_ASV_448
16S_ASV_823,18S_ASV_448,yellow,0.6298198834879,3.56202932858741e-6,Roseomonas,16S_ASV_823,Chlorophyta,18S_ASV_448
16S_ASV_324,18S_ASV_485,yellow,0.629794289949035,3.56625453676101e-6,Woronichinia,16S_ASV_324,Chlorophyta,18S_ASV_485
16S_ASV_136,18S_ASV_448,yellow,0.626464033204493,4.15729748399635e-6,Woronichinia,16S_ASV_136,Chlorophyta,18S_ASV_448
16S_ASV_684,18S_ASV_4,yellow,0.623738143362486,4.70704541035378e-6,Roseomonas,16S_ASV_684,Opisthokonta_Arthropoda,18S_ASV_4
16S_ASV_920,18S_ASV_4,yellow,0.622254774987421,5.03367342193502e-6,Microcystis,16S_ASV_920,Opisthokonta_Arthropoda,18S_ASV_4
16S_ASV_206,18S_ASV_4,yellow,0.622239355834391,5.03717585123742e-6,Woronichinia,16S_ASV_206,Opisthokonta_Arthropoda,18S_ASV_4
16S_ASV_160,18S_ASV_408,yellow,0.620675578486238,5.40429671026666e-6,Woronichinia,16S_ASV_160,Opisthokonta_Blastocladiomycota,18S_ASV_408
16S_ASV_823,18S_ASV_4,yellow,0.619399444095215,5.72201380852784e-6,Roseomonas,16S_ASV_823,Opisthokonta_Arthropoda,18S_ASV_4
16S_ASV_206,18S_ASV_485,yellow,0.618758727568274,5.88794804704174e-6,Woronichinia,16S_ASV_206,Chlorophyta,18S_ASV_485
16S_ASV_206,18S_ASV_448,yellow,0.61786487637068,6.12686177487487e-6,Woronichinia,16S_ASV_206,Chlorophyta,18S_ASV_448
16S_ASV_1541,18S_ASV_448,yellow,0.617144322870474,6.32592948504858e-6,Microcystis,16S_ASV_1541,Chlorophyta,18S_ASV_448
16S_ASV_206,18S_ASV_716,yellow,0.614171718734673,7.21187344444072e-6,Woronichinia,16S_ASV_206,Chlorophyta,18S_ASV_716
16S_ASV_230,18S_ASV_716,yellow,0.613647717653232,7.37941992490466e-6,Woronichinia,16S_ASV_230,Chlorophyta,18S_ASV_716
16S_ASV_384,18S_ASV_448,yellow,0.613368417948874,7.47018303798478e-6,Woronichinia,16S_ASV_384,Chlorophyta,18S_ASV_448
16S_ASV_216,18S_ASV_716,yellow,0.613354450049768,7.47474903810268e-6,Woronichinia,16S_ASV_216,Chlorophyta,18S_ASV_716
16S_ASV_241,18S_ASV_4,yellow,0.611871562667216,7.97438968353299e-6,Woronichinia,16S_ASV_241,Opisthokonta_Arthropoda,18S_ASV_4
16S_ASV_25,18S_ASV_716,yellow,0.611806044385842,7.99715918463153e-6,Planktothrix,16S_ASV_25,Chlorophyta,18S_ASV_716
16S_ASV_384,18S_ASV_716,yellow,0.611524352462525,8.09573932388581e-6,Woronichinia,16S_ASV_384,Chlorophyta,18S_ASV_716
16S_ASV_732,18S_ASV_448,yellow,0.609908640130046,8.6831297273202e-6,Microcystis,16S_ASV_732,Chlorophyta,18S_ASV_448
16S_ASV_732,18S_ASV_4,yellow,0.609690494665895,8.76537630046342e-6,Microcystis,16S_ASV_732,Opisthokonta_Arthropoda,18S_ASV_4
16S_ASV_324,18S_ASV_408,yellow,0.608658243802335,9.16438138121759e-6,Woronichinia,16S_ASV_324,Opisthokonta_Blastocladiomycota,18S_ASV_408
16S_ASV_324,18S_ASV_448,yellow,0.60818206714886,9.35402146880742e-6,Woronichinia,16S_ASV_324,Chlorophyta,18S_ASV_448
16S_ASV_324,18S_ASV_716,yellow,0.607143109172479,9.7803998027771692e-06,Woronichinia,16S_ASV_324,Chlorophyta,18S_ASV_716
16S_ASV_321,18S_ASV_408,yellow,0.606899084977107,9.88310576368427e-6,Woronichinia,16S_ASV_321,Opisthokonta_Blastocladiomycota,18S_ASV_408
16S_ASV_288,18S_ASV_4,yellow,0.606823001268261,9.91533066746292e-6,Woronichinia,16S_ASV_288,Opisthokonta_Arthropoda,18S_ASV_4
16S_ASV_189,18S_ASV_448,yellow,0.606167658216505,1.01969296167572e-5,Woronichinia,16S_ASV_189,Chlorophyta,18S_ASV_448
16S_ASV_823,18S_ASV_408,yellow,0.604482305351213,1.09552721591826e-5,Roseomonas,16S_ASV_823,Opisthokonta_Blastocladiomycota,18S_ASV_408
16S_ASV_321,18S_ASV_716,yellow,0.60275737722987,1.17848706251452e-5,Woronichinia,16S_ASV_321,Chlorophyta,18S_ASV_716
16S_ASV_1541,18S_ASV_4,yellow,0.599419754949752,1.35563739168268e-5,Microcystis,16S_ASV_1541,Opisthokonta_Arthropoda,18S_ASV_4
16S_ASV_922,18S_ASV_4,yellow,0.597084458506426,1.49380287417246e-5,Roseomonas,16S_ASV_922,Opisthokonta_Arthropoda,18S_ASV_4
16S_ASV_136,18S_ASV_716,yellow,0.596523232702261,1.52888110208444e-5,Woronichinia,16S_ASV_136,Chlorophyta,18S_ASV_716
16S_ASV_325,18S_ASV_408,yellow,0.595900498592551,1.56868862496174e-5,Woronichinia,16S_ASV_325,Opisthokonta_Blastocladiomycota,18S_ASV_408
16S_ASV_249,18S_ASV_448,yellow,0.59246798163758,1.80572683962885e-5,Woronichinia,16S_ASV_249,Chlorophyta,18S_ASV_448
16S_ASV_263,18S_ASV_408,yellow,0.591685460737172,1.86417628613537e-5,Woronichinia,16S_ASV_263,Opisthokonta_Blastocladiomycota,18S_ASV_408
16S_ASV_40,18S_ASV_448,yellow,0.591311432676251,1.89272296029174e-5,Woronichinia,16S_ASV_40,Chlorophyta,18S_ASV_448
16S_ASV_684,18S_ASV_408,yellow,0.590565371702342,1.95086617789114e-5,Roseomonas,16S_ASV_684,Opisthokonta_Blastocladiomycota,18S_ASV_408
16S_ASV_40,18S_ASV_716,yellow,0.590357665188934,1.9673427631799e-5,Woronichinia,16S_ASV_40,Chlorophyta,18S_ASV_716
16S_ASV_216,18S_ASV_408,yellow,0.590057734071589,1.99136065318504e-5,Woronichinia,16S_ASV_216,Opisthokonta_Blastocladiomycota,18S_ASV_408
16S_ASV_684,18S_ASV_448,yellow,0.588783366137073,2.09644052500351e-5,Roseomonas,16S_ASV_684,Chlorophyta,18S_ASV_448
16S_ASV_189,18S_ASV_716,yellow,0.586529892458823,2.29479154050803e-5,Woronichinia,16S_ASV_189,Chlorophyta,18S_ASV_716
16S_ASV_263,18S_ASV_716,yellow,0.585994414964322,2.3443880844141e-5,Woronichinia,16S_ASV_263,Chlorophyta,18S_ASV_716
16S_ASV_226,18S_ASV_716,yellow,0.585906409756956,2.3526326595865e-5,Woronichinia,16S_ASV_226,Chlorophyta,18S_ASV_716
16S_ASV_1726,18S_ASV_716,yellow,0.583354938997712,2.60353934745607e-5,Roseomonas,16S_ASV_1726,Chlorophyta,18S_ASV_716
16S_ASV_419,18S_ASV_716,yellow,0.583024849361823,2.63773291269541e-5,Roseomonas,16S_ASV_419,Chlorophyta,18S_ASV_716
16S_ASV_230,18S_ASV_4,yellow,0.583013216960571,2.63894537286734e-5,Woronichinia,16S_ASV_230,Opisthokonta_Arthropoda,18S_ASV_4
16S_ASV_70,18S_ASV_448,yellow,0.582003321478242,2.74617678468209e-5,Woronichinia,16S_ASV_70,Chlorophyta,18S_ASV_448
16S_ASV_249,18S_ASV_716,yellow,0.580671214537092,2.89372937285982e-5,Woronichinia,16S_ASV_249,Chlorophyta,18S_ASV_716
16S_ASV_325,18S_ASV_716,yellow,0.579288534883978,3.05453645303184e-5,Woronichinia,16S_ASV_325,Chlorophyta,18S_ASV_716
16S_ASV_160,18S_ASV_716,yellow,0.578614702656094,3.13583404706291e-5,Woronichinia,16S_ASV_160,Chlorophyta,18S_ASV_716
16S_ASV_491,18S_ASV_4,yellow,0.575116276085494,3.59068785590029e-5,Alsobacter,16S_ASV_491,Opisthokonta_Arthropoda,18S_ASV_4
16S_ASV_206,18S_ASV_408,yellow,0.572895225178808,3.9099983926355e-5,Woronichinia,16S_ASV_206,Opisthokonta_Blastocladiomycota,18S_ASV_408
16S_ASV_508,18S_ASV_448,yellow,0.572241886304532,4.00875261646895e-5,Caulobacter,16S_ASV_508,Chlorophyta,18S_ASV_448
16S_ASV_216,18S_ASV_4,yellow,0.568691887490506,4.58637767255703e-5,Woronichinia,16S_ASV_216,Opisthokonta_Arthropoda,18S_ASV_4
16S_ASV_70,18S_ASV_716,yellow,0.566997232146891,4.88810691640373e-5,Woronichinia,16S_ASV_70,Chlorophyta,18S_ASV_716
16S_ASV_384,18S_ASV_4,yellow,0.565552289573239,5.15958454781956e-5,Woronichinia,16S_ASV_384,Opisthokonta_Arthropoda,18S_ASV_4
16S_ASV_136,18S_ASV_4,yellow,0.558860275947739,6.60567324336103e-5,Woronichinia,16S_ASV_136,Opisthokonta_Arthropoda,18S_ASV_4
16S_ASV_321,18S_ASV_4,yellow,0.558347506278672,6.73045292320049e-5,Woronichinia,16S_ASV_321,Opisthokonta_Arthropoda,18S_ASV_4
16S_ASV_119,18S_ASV_485,yellow,0.558292544083984,6.74395445579448e-5,Planktothrix,16S_ASV_119,Chlorophyta,18S_ASV_485
16S_ASV_15,18S_ASV_485,yellow,0.556025732707424,7.32279710224492e-5,Planktothrix,16S_ASV_15,Chlorophyta,18S_ASV_485
16S_ASV_3,18S_ASV_485,yellow,0.555272264263616,7.52500543653631e-5,Planktothrix,16S_ASV_3,Chlorophyta,18S_ASV_485
16S_ASV_226,18S_ASV_4,yellow,0.555005193446403,7.59789222509151e-5,Woronichinia,16S_ASV_226,Opisthokonta_Arthropoda,18S_ASV_4
16S_ASV_1541,18S_ASV_485,yellow,0.551202164717845,8.70803176589349e-5,Microcystis,16S_ASV_1541,Chlorophyta,18S_ASV_485
16S_ASV_13,18S_ASV_485,yellow,0.550344725896642,8.9778974202773e-5,Planktothrix,16S_ASV_13,Chlorophyta,18S_ASV_485
16S_ASV_34,18S_ASV_485,yellow,0.55018685055164,9.02840855326478e-5,Planktothrix,16S_ASV_34,Chlorophyta,18S_ASV_485
16S_ASV_241,18S_ASV_485,yellow,0.549126844743626,9.37430681704624e-5,Woronichinia,16S_ASV_241,Chlorophyta,18S_ASV_485
16S_ASV_55,18S_ASV_485,yellow,0.547493280537698,9.93103935116701e-5,Planktothrix,16S_ASV_55,Chlorophyta,18S_ASV_485
16S_ASV_160,18S_ASV_4,yellow,0.546798255875932,1.0176903888996e-4,Woronichinia,16S_ASV_160,Opisthokonta_Arthropoda,18S_ASV_4
16S_ASV_249,18S_ASV_4,yellow,0.54364877705108,1.1361939327368e-4,Woronichinia,16S_ASV_249,Opisthokonta_Arthropoda,18S_ASV_4
16S_ASV_288,18S_ASV_485,yellow,0.54098586164024,1.246032269695e-4,Woronichinia,16S_ASV_288,Chlorophyta,18S_ASV_485
16S_ASV_684,18S_ASV_485,yellow,0.540140083833121,1.2828857794744e-4,Roseomonas,16S_ASV_684,Chlorophyta,18S_ASV_485
16S_ASV_40,18S_ASV_4,yellow,0.539925129493381,1.2924085697406e-4,Woronichinia,16S_ASV_40,Opisthokonta_Arthropoda,18S_ASV_4
16S_ASV_17,18S_ASV_716,yellow,0.538905227050082,1.3384729179969e-4,Planktothrix,16S_ASV_17,Chlorophyta,18S_ASV_716
16S_ASV_325,18S_ASV_4,yellow,0.534290048998302,1.5661362119793e-4,Woronichinia,16S_ASV_325,Opisthokonta_Arthropoda,18S_ASV_4
16S_ASV_823,18S_ASV_485,yellow,0.532899207628765,1.6413289325861e-4,Roseomonas,16S_ASV_823,Chlorophyta,18S_ASV_485
16S_ASV_17,18S_ASV_4,yellow,0.531953018197885,1.6943381957704e-4,Planktothrix,16S_ASV_17,Opisthokonta_Arthropoda,18S_ASV_4
16S_ASV_705,18S_ASV_448,yellow,0.531684941055871,1.7096365963675e-4,Caulobacter,16S_ASV_705,Chlorophyta,18S_ASV_448
16S_ASV_384,18S_ASV_485,yellow,0.531621039104808,1.713301735746e-4,Woronichinia,16S_ASV_384,Chlorophyta,18S_ASV_485
16S_ASV_189,18S_ASV_4,yellow,0.52952594529113,1.8374854355568e-4,Woronichinia,16S_ASV_189,Opisthokonta_Arthropoda,18S_ASV_4
16S_ASV_1541,18S_ASV_716,yellow,0.52907066184796,1.8655276835726e-4,Microcystis,16S_ASV_1541,Chlorophyta,18S_ASV_716
16S_ASV_70,18S_ASV_4,yellow,0.52901513921881,1.868973883749e-4,Woronichinia,16S_ASV_70,Opisthokonta_Arthropoda,18S_ASV_4
16S_ASV_1641,18S_ASV_4,yellow,0.528889176471015,1.876813587658e-4,Roseomonas,16S_ASV_1641,Opisthokonta_Arthropoda,18S_ASV_4
16S_ASV_2408,18S_ASV_485,yellow,0.528685005203988,1.8895841671312e-4,Roseomonas,16S_ASV_2408,Chlorophyta,18S_ASV_485
16S_ASV_263,18S_ASV_4,yellow,0.527986135835555,1.9338955690933e-4,Woronichinia,16S_ASV_263,Opisthokonta_Arthropoda,18S_ASV_4
16S_ASV_255,18S_ASV_716,yellow,0.527696843618954,0.00019525118531113999,Planktothrix,16S_ASV_255,Chlorophyta,18S_ASV_716
16S_ASV_419,18S_ASV_408,yellow,0.526185227633764,2.0524528093025e-4,Roseomonas,16S_ASV_419,Opisthokonta_Blastocladiomycota,18S_ASV_408
16S_ASV_230,18S_ASV_485,yellow,0.524815187650239,2.1470110962478e-4,Woronichinia,16S_ASV_230,Chlorophyta,18S_ASV_485
16S_ASV_1200,18S_ASV_4,yellow,0.523604342120082,2.2338460091189e-4,CL500-29-marine-group,16S_ASV_1200,Opisthokonta_Arthropoda,18S_ASV_4
16S_ASV_20,18S_ASV_485,yellow,0.52349525489427,2.2418230915172e-4,Planktothrix,16S_ASV_20,Chlorophyta,18S_ASV_485
16S_ASV_1641,18S_ASV_485,yellow,0.523399739752667,2.2488288627304e-4,Roseomonas,16S_ASV_1641,Chlorophyta,18S_ASV_485
16S_ASV_288,18S_ASV_408,yellow,0.522743237977228,2.297519980959e-4,Woronichinia,16S_ASV_288,Opisthokonta_Blastocladiomycota,18S_ASV_408
16S_ASV_324,18S_ASV_4,yellow,0.522601790540941,2.3081348687716e-4,Woronichinia,16S_ASV_324,Opisthokonta_Arthropoda,18S_ASV_4
16S_ASV_508,18S_ASV_4,yellow,0.522272698214441,2.3330034336404e-4,Caulobacter,16S_ASV_508,Opisthokonta_Arthropoda,18S_ASV_4
16S_ASV_1258,18S_ASV_408,yellow,0.521133584837534,2.4209659232681e-4,Roseomonas,16S_ASV_1258,Opisthokonta_Blastocladiomycota,18S_ASV_408
16S_ASV_1743,18S_ASV_485,yellow,0.519781750142249,2.5292400152297e-4,Roseomonas,16S_ASV_1743,Chlorophyta,18S_ASV_485
16S_ASV_138,18S_ASV_716,yellow,0.51891460517483,2.60097871455e-4,Planktothrix,16S_ASV_138,Chlorophyta,18S_ASV_716
16S_ASV_15,18S_ASV_716,yellow,0.518186789178259,2.6626049162034e-4,Planktothrix,16S_ASV_15,Chlorophyta,18S_ASV_716
16S_ASV_55,18S_ASV_716,yellow,0.518032019721519,2.6758785954976e-4,Planktothrix,16S_ASV_55,Chlorophyta,18S_ASV_716
16S_ASV_184,18S_ASV_4,yellow,0.517749263752346,2.7002834561928e-4,Planktothrix,16S_ASV_184,Opisthokonta_Arthropoda,18S_ASV_4
16S_ASV_20,18S_ASV_4,yellow,0.517531724921185,2.7191960806737e-4,Planktothrix,16S_ASV_20,Opisthokonta_Arthropoda,18S_ASV_4
16S_ASV_384,18S_ASV_672,yellow,0.516759214264113,2.7873286079865e-4,Woronichinia,16S_ASV_384,Stramenopiles,18S_ASV_672
16S_ASV_230,18S_ASV_408,yellow,0.515443685164822,2.9069106626854e-4,Woronichinia,16S_ASV_230,Opisthokonta_Blastocladiomycota,18S_ASV_408
16S_ASV_86,18S_ASV_716,yellow,0.514668879561394,2.9794898942869e-4,Planktothrix,16S_ASV_86,Chlorophyta,18S_ASV_716
16S_ASV_184,18S_ASV_485,yellow,0.514455450396469,2.9997680658324e-4,Planktothrix,16S_ASV_184,Chlorophyta,18S_ASV_485
16S_ASV_255,18S_ASV_4,yellow,0.514328933742429,3.0118473145808e-4,Planktothrix,16S_ASV_255,Opisthokonta_Arthropoda,18S_ASV_4
16S_ASV_226,18S_ASV_485,yellow,0.514083696340387,3.0353866319601e-4,Woronichinia,16S_ASV_226,Chlorophyta,18S_ASV_485
16S_ASV_188,18S_ASV_716,yellow,0.513077695532808,3.1336964613812e-4,Planktothrix,16S_ASV_188,Chlorophyta,18S_ASV_716
16S_ASV_1550,18S_ASV_716,yellow,0.513049081735692,3.1365342553955e-4,Roseomonas,16S_ASV_1550,Chlorophyta,18S_ASV_716
16S_ASV_57,18S_ASV_716,yellow,0.513014566819257,3.139960383303e-4,Planktothrix,16S_ASV_57,Chlorophyta,18S_ASV_716
16S_ASV_35,18S_ASV_485,yellow,0.512693400665922,3.1720033055595e-4,Planktothrix,16S_ASV_35,Chlorophyta,18S_ASV_485
16S_ASV_92,18S_ASV_716,yellow,0.512326364762115,3.2089837904226e-4,Planktothrix,16S_ASV_92,Chlorophyta,18S_ASV_716
16S_ASV_188,18S_ASV_485,yellow,0.512144148900755,3.2274869684402e-4,Planktothrix,16S_ASV_188,Chlorophyta,18S_ASV_485
16S_ASV_136,18S_ASV_485,yellow,0.512057735967813,3.2362954092178e-4,Woronichinia,16S_ASV_136,Chlorophyta,18S_ASV_485
16S_ASV_99,18S_ASV_4,yellow,0.51205765045239,3.2363041369047e-4,Planktothrix,16S_ASV_99,Opisthokonta_Arthropoda,18S_ASV_4
16S_ASV_35,18S_ASV_716,yellow,0.512017032693712,3.2404519787239e-4,Planktothrix,16S_ASV_35,Chlorophyta,18S_ASV_716
16S_ASV_99,18S_ASV_716,yellow,0.511908393705658,3.2515696584224e-4,Planktothrix,16S_ASV_99,Chlorophyta,18S_ASV_716
16S_ASV_138,18S_ASV_4,yellow,0.511759974418552,3.2668139218531e-4,Planktothrix,16S_ASV_138,Opisthokonta_Arthropoda,18S_ASV_4
16S_ASV_26,18S_ASV_716,yellow,0.511713165110519,3.2716351012836e-4,Planktothrix,16S_ASV_26,Chlorophyta,18S_ASV_716
16S_ASV_20,18S_ASV_716,yellow,0.511683015524663,3.2747437911609e-4,Planktothrix,16S_ASV_20,Chlorophyta,18S_ASV_716
16S_ASV_202,18S_ASV_716,yellow,0.511599907175092,3.2833268027908e-4,Planktothrix,16S_ASV_202,Chlorophyta,18S_ASV_716
16S_ASV_73,18S_ASV_716,yellow,0.511425385969717,3.3014165666109e-4,Planktothrix,16S_ASV_73,Chlorophyta,18S_ASV_716
16S_ASV_188,18S_ASV_4,yellow,0.511379264899659,3.3062121817969e-4,Planktothrix,16S_ASV_188,Opisthokonta_Arthropoda,18S_ASV_4
16S_ASV_171,18S_ASV_716,yellow,0.51101159443424,3.3446674428236e-4,Planktothrix,16S_ASV_171,Chlorophyta,18S_ASV_716
16S_ASV_92,18S_ASV_485,yellow,0.51095722332528,3.3503883236397e-4,Planktothrix,16S_ASV_92,Chlorophyta,18S_ASV_485
16S_ASV_900,18S_ASV_408,yellow,0.510651098987479,3.3827635342801e-4,Roseomonas,16S_ASV_900,Opisthokonta_Blastocladiomycota,18S_ASV_408
16S_ASV_1743,18S_ASV_4,yellow,0.510422608201569,3.4071119682026e-4,Roseomonas,16S_ASV_1743,Opisthokonta_Arthropoda,18S_ASV_4
16S_ASV_658,18S_ASV_485,yellow,0.510379120312082,3.4117639895363e-4,CL500-29-marine-group,16S_ASV_658,Chlorophyta,18S_ASV_485
16S_ASV_119,18S_ASV_716,yellow,0.510373387220264,3.4123777016374e-4,Planktothrix,16S_ASV_119,Chlorophyta,18S_ASV_716
16S_ASV_241,18S_ASV_408,yellow,0.510368875373116,3.4128607527827e-4,Woronichinia,16S_ASV_241,Opisthokonta_Blastocladiomycota,18S_ASV_408
16S_ASV_2,18S_ASV_485,yellow,0.510279152171993,3.4224795897715e-4,Planktothrix,16S_ASV_2,Chlorophyta,18S_ASV_485
16S_ASV_34,18S_ASV_716,yellow,0.509873374933099,3.46628727016e-4,Planktothrix,16S_ASV_34,Chlorophyta,18S_ASV_716
16S_ASV_25,18S_ASV_4,yellow,0.509704432437832,3.4846749035219e-4,Planktothrix,16S_ASV_25,Opisthokonta_Arthropoda,18S_ASV_4
16S_ASV_13,18S_ASV_716,yellow,0.509264700533392,3.5329482857035e-4,Planktothrix,16S_ASV_13,Chlorophyta,18S_ASV_716
16S_ASV_63,18S_ASV_485,yellow,0.50917153781736,3.5432526852426e-4,Planktothrix,16S_ASV_63,Chlorophyta,18S_ASV_485
16S_ASV_23,18S_ASV_485,yellow,0.509155257433062,3.545056180072e-4,Planktothrix,16S_ASV_23,Chlorophyta,18S_ASV_485
16S_ASV_1306,18S_ASV_716,yellow,0.508604305181746,3.6065791982428e-4,Roseomonas,16S_ASV_1306,Chlorophyta,18S_ASV_716
16S_ASV_57,18S_ASV_485,yellow,0.507138763229222,3.7749445642547e-4,Planktothrix,16S_ASV_57,Chlorophyta,18S_ASV_485
16S_ASV_204,18S_ASV_716,yellow,0.506995867244467,3.7917339690546e-4,Planktothrix,16S_ASV_204,Chlorophyta,18S_ASV_716
16S_ASV_86,18S_ASV_4,yellow,0.506843175405562,3.8097486658333e-4,Planktothrix,16S_ASV_86,Opisthokonta_Arthropoda,18S_ASV_4
16S_ASV_83,18S_ASV_485,yellow,0.506382555368756,3.8645611657253e-4,Planktothrix,16S_ASV_83,Chlorophyta,18S_ASV_485
16S_ASV_3,18S_ASV_716,yellow,0.506270176970858,3.8780412393778e-4,Planktothrix,16S_ASV_3,Chlorophyta,18S_ASV_716
16S_ASV_35,18S_ASV_4,yellow,0.506098026786012,3.898773254222e-4,Planktothrix,16S_ASV_35,Opisthokonta_Arthropoda,18S_ASV_4
16S_ASV_100,18S_ASV_485,yellow,0.50594727381723,3.9170103534123e-4,Planktothrix,16S_ASV_100,Chlorophyta,18S_ASV_485
16S_ASV_321,18S_ASV_485,yellow,0.505003081986027,4.0329910015393e-4,Woronichinia,16S_ASV_321,Chlorophyta,18S_ASV_485
16S_ASV_92,18S_ASV_4,yellow,0.504796709688885,4.0587491345971e-4,Planktothrix,16S_ASV_92,Opisthokonta_Arthropoda,18S_ASV_4
16S_ASV_60,18S_ASV_716,yellow,0.504788355420799,4.0597949766739e-4,Planktothrix,16S_ASV_60,Chlorophyta,18S_ASV_716
16S_ASV_2,18S_ASV_716,yellow,0.504585109060505,4.08531358102e-4,Planktothrix,16S_ASV_2,Chlorophyta,18S_ASV_716
16S_ASV_129,18S_ASV_485,yellow,0.504072471315145,4.1503206835217e-4,Planktothrix,16S_ASV_129,Chlorophyta,18S_ASV_485
16S_ASV_114,18S_ASV_716,yellow,0.50395570269842,4.1652576150452e-4,Planktothrix,16S_ASV_114,Chlorophyta,18S_ASV_716
16S_ASV_26,18S_ASV_4,yellow,0.503841021584214,4.1799746096484e-4,Planktothrix,16S_ASV_26,Opisthokonta_Arthropoda,18S_ASV_4
16S_ASV_29,18S_ASV_716,yellow,0.503353204549266,4.243100560789e-4,Planktothrix,16S_ASV_29,Chlorophyta,18S_ASV_716
16S_ASV_33,18S_ASV_716,yellow,0.50288532029896,4.3044520991749e-4,Planktothrix,16S_ASV_33,Chlorophyta,18S_ASV_716
16S_ASV_184,18S_ASV_716,yellow,0.502632020017738,4.3379983090706e-4,Planktothrix,16S_ASV_184,Chlorophyta,18S_ASV_716
16S_ASV_216,18S_ASV_485,yellow,0.502553543970194,4.3484390438605e-4,Woronichinia,16S_ASV_216,Chlorophyta,18S_ASV_485
16S_ASV_42,18S_ASV_716,yellow,0.502474019889371,4.3590422793492e-4,Planktothrix,16S_ASV_42,Chlorophyta,18S_ASV_716
16S_ASV_59,18S_ASV_485,yellow,0.502208814347126,4.3945715128085e-4,Planktothrix,16S_ASV_59,Chlorophyta,18S_ASV_485
16S_ASV_82,18S_ASV_716,yellow,0.50215032921973,4.4024416740103e-4,Planktothrix,16S_ASV_82,Chlorophyta,18S_ASV_716
16S_ASV_202,18S_ASV_4,yellow,0.502146968812022,4.4028942586936e-4,Planktothrix,16S_ASV_202,Opisthokonta_Arthropoda,18S_ASV_4
16S_ASV_29,18S_ASV_485,yellow,0.50197708267243,4.4258294146805e-4,Planktothrix,16S_ASV_29,Chlorophyta,18S_ASV_485
16S_ASV_204,18S_ASV_485,yellow,0.50195927573375,4.4282396209097e-4,Planktothrix,16S_ASV_204,Chlorophyta,18S_ASV_485
16S_ASV_19,18S_ASV_716,yellow,0.501947067742744,4.4298926803024e-4,Planktothrix,16S_ASV_19,Chlorophyta,18S_ASV_716
16S_ASV_99,18S_ASV_485,yellow,0.501945103151081,4.4301587535558e-4,Planktothrix,16S_ASV_99,Chlorophyta,18S_ASV_485
16S_ASV_26,18S_ASV_485,yellow,0.501931181404332,4.432044648769e-4,Planktothrix,16S_ASV_26,Chlorophyta,18S_ASV_485
16S_ASV_63,18S_ASV_716,yellow,0.501814354165551,4.4478990224634e-4,Planktothrix,16S_ASV_63,Chlorophyta,18S_ASV_716
16S_ASV_9,18S_ASV_485,yellow,0.501179983357204,4.5348824621273e-4,Planktothrix,16S_ASV_9,Chlorophyta,18S_ASV_485
16S_ASV_23,18S_ASV_716,yellow,0.500970903393649,4.5638845452815e-4,Planktothrix,16S_ASV_23,Chlorophyta,18S_ASV_716
16S_ASV_43,18S_ASV_716,yellow,0.500783751058852,4.5899864001348e-4,Planktothrix,16S_ASV_43,Chlorophyta,18S_ASV_716
16S_ASV_102,18S_ASV_716,yellow,0.500580848393628,4.6184365846498e-4,Planktothrix,16S_ASV_102,Chlorophyta,18S_ASV_716
16S_ASV_73,18S_ASV_4,yellow,0.500446932955901,4.6373004561415e-4,Planktothrix,16S_ASV_73,Opisthokonta_Arthropoda,18S_ASV_4
16S_ASV_127,18S_ASV_716,yellow,0.500440781178934,4.6381686830262e-4,Planktothrix,16S_ASV_127,Chlorophyta,18S_ASV_716
16S_ASV_59,18S_ASV_716,yellow,0.50019103196783,4.6735405760734e-4,Planktothrix,16S_ASV_59,Chlorophyta,18S_ASV_716
16S_ASV_57,18S_ASV_4,yellow,0.500030914895969,4.6963453522712e-4,Planktothrix,16S_ASV_57,Opisthokonta_Arthropoda,18S_ASV_4
16S_ASV_63,18S_ASV_4,yellow,0.499698869565977,4.7439563844976e-4,Planktothrix,16S_ASV_63,Opisthokonta_Arthropoda,18S_ASV_4
16S_ASV_922,18S_ASV_408,yellow,0.499681029561962,4.7465266561078e-4,Roseomonas,16S_ASV_922,Opisthokonta_Blastocladiomycota,18S_ASV_408
16S_ASV_29,18S_ASV_4,yellow,0.499517215816691,4.7701864865733e-4,Planktothrix,16S_ASV_29,Opisthokonta_Arthropoda,18S_ASV_4
16S_ASV_129,18S_ASV_716,yellow,0.499507172027082,4.7716405687747e-4,Planktothrix,16S_ASV_129,Chlorophyta,18S_ASV_716
16S_ASV_204,18S_ASV_4,yellow,0.499159670584973,4.8221959591771e-4,Planktothrix,16S_ASV_204,Opisthokonta_Arthropoda,18S_ASV_4
16S_ASV_83,18S_ASV_4,yellow,0.499020405030545,4.8425914859713e-4,Planktothrix,16S_ASV_83,Opisthokonta_Arthropoda,18S_ASV_4
16S_ASV_2,18S_ASV_4,yellow,0.498441012008277,4.9282791351757e-4,Planktothrix,16S_ASV_2,Opisthokonta_Arthropoda,18S_ASV_4
16S_ASV_86,18S_ASV_485,yellow,0.498099855985684,4.9793686733225e-4,Planktothrix,16S_ASV_86,Chlorophyta,18S_ASV_485
16S_ASV_9,18S_ASV_716,yellow,0.497878861136296,5.0127171597607e-4,Planktothrix,16S_ASV_9,Chlorophyta,18S_ASV_716
16S_ASV_19,18S_ASV_485,yellow,0.497735453954087,5.0344648083107e-4,Planktothrix,16S_ASV_19,Chlorophyta,18S_ASV_485
16S_ASV_96,18S_ASV_485,yellow,0.4976469371525,5.0479306415457e-4,Planktothrix,16S_ASV_96,Chlorophyta,18S_ASV_485
16S_ASV_83,18S_ASV_716,yellow,0.497507688378337,5.0691797291634e-4,Planktothrix,16S_ASV_83,Chlorophyta,18S_ASV_716
16S_ASV_23,18S_ASV_4,yellow,0.497395465584579,5.0863631712623e-4,Planktothrix,16S_ASV_23,Opisthokonta_Arthropoda,18S_ASV_4
16S_ASV_100,18S_ASV_716,yellow,0.497092741949556,5.1329772944404e-4,Planktothrix,16S_ASV_100,Chlorophyta,18S_ASV_716
16S_ASV_40,18S_ASV_485,yellow,0.497083573330806,5.1343950711217e-4,Woronichinia,16S_ASV_40,Chlorophyta,18S_ASV_485
16S_ASV_171,18S_ASV_485,yellow,0.497045533480372,5.1402810705235e-4,Planktothrix,16S_ASV_171,Chlorophyta,18S_ASV_485
16S_ASV_171,18S_ASV_4,yellow,0.497030696601141,5.1425784605618e-4,Planktothrix,16S_ASV_171,Opisthokonta_Arthropoda,18S_ASV_4
16S_ASV_9,18S_ASV_4,yellow,0.496904563861554,5.1621465566423e-4,Planktothrix,16S_ASV_9,Opisthokonta_Arthropoda,18S_ASV_4
16S_ASV_217,18S_ASV_4,yellow,0.496386547427095,5.2432146557314e-4,Planktothrix,16S_ASV_217,Opisthokonta_Arthropoda,18S_ASV_4
16S_ASV_96,18S_ASV_716,yellow,0.496339948050535,5.2505631076423e-4,Planktothrix,16S_ASV_96,Chlorophyta,18S_ASV_716
16S_ASV_43,18S_ASV_4,yellow,0.496166014050651,5.2780732917912e-4,Planktothrix,16S_ASV_43,Opisthokonta_Arthropoda,18S_ASV_4
16S_ASV_100,18S_ASV_4,yellow,0.495667769207085,5.3575961985127e-4,Planktothrix,16S_ASV_100,Opisthokonta_Arthropoda,18S_ASV_4
16S_ASV_255,18S_ASV_485,yellow,0.495241701400374,5.4264511529636e-4,Planktothrix,16S_ASV_255,Chlorophyta,18S_ASV_485
16S_ASV_102,18S_ASV_485,yellow,0.495048974377672,5.4578571886808e-4,Planktothrix,16S_ASV_102,Chlorophyta,18S_ASV_485
16S_ASV_114,18S_ASV_4,yellow,0.4948642378068,5.4881142737968e-4,Planktothrix,16S_ASV_114,Opisthokonta_Arthropoda,18S_ASV_4
16S_ASV_1028,18S_ASV_408,yellow,0.494861501955213,5.4885634951104e-4,Roseomonas,16S_ASV_1028,Opisthokonta_Blastocladiomycota,18S_ASV_408
16S_ASV_15,18S_ASV_4,yellow,0.494761116909273,5.5050693710149e-4,Planktothrix,16S_ASV_15,Opisthokonta_Arthropoda,18S_ASV_4
16S_ASV_202,18S_ASV_485,yellow,0.494447855158956,5.55686464738e-4,Planktothrix,16S_ASV_202,Chlorophyta,18S_ASV_485
16S_ASV_658,18S_ASV_448,yellow,0.493244344713652,5.7599501841978e-4,CL500-29-marine-group,16S_ASV_658,Chlorophyta,18S_ASV_448
16S_ASV_59,18S_ASV_4,yellow,0.49323468273069,5.7616071985965e-4,Planktothrix,16S_ASV_59,Opisthokonta_Arthropoda,18S_ASV_4
16S_ASV_138,18S_ASV_485,yellow,0.493147743400579,5.7765364123334e-4,Planktothrix,16S_ASV_138,Chlorophyta,18S_ASV_485
16S_ASV_60,18S_ASV_485,yellow,0.493050714244094,5.7932392470876e-4,Planktothrix,16S_ASV_60,Chlorophyta,18S_ASV_485
16S_ASV_34,18S_ASV_4,yellow,0.492936922564368,5.8128828486e-4,Planktothrix,16S_ASV_34,Opisthokonta_Arthropoda,18S_ASV_4
16S_ASV_13,18S_ASV_4,yellow,0.492721668965442,5.8502051846878e-4,Planktothrix,16S_ASV_13,Opisthokonta_Arthropoda,18S_ASV_4
16S_ASV_19,18S_ASV_4,yellow,0.492708569107152,5.8524834672349e-4,Planktothrix,16S_ASV_19,Opisthokonta_Arthropoda,18S_ASV_4
16S_ASV_151,18S_ASV_4,yellow,0.492581229330668,5.874671496211e-4,Planktothrix,16S_ASV_151,Opisthokonta_Arthropoda,18S_ASV_4
16S_ASV_33,18S_ASV_485,yellow,0.492505353930976,5.8879280998284e-4,Planktothrix,16S_ASV_33,Chlorophyta,18S_ASV_485
16S_ASV_129,18S_ASV_4,yellow,0.492273489299766,5.9286049759716e-4,Planktothrix,16S_ASV_129,Opisthokonta_Arthropoda,18S_ASV_4
16S_ASV_160,18S_ASV_485,yellow,0.492221205678037,5.9378120594418e-4,Woronichinia,16S_ASV_160,Chlorophyta,18S_ASV_485
16S_ASV_3,18S_ASV_4,yellow,0.49102994462654,6.1510990776304e-4,Planktothrix,16S_ASV_3,Opisthokonta_Arthropoda,18S_ASV_4
16S_ASV_82,18S_ASV_485,yellow,0.490737341535799,6.204527926405e-4,Planktothrix,16S_ASV_82,Chlorophyta,18S_ASV_485
16S_ASV_17,18S_ASV_485,yellow,0.490617028317126,6.2266174388282e-4,Planktothrix,16S_ASV_17,Chlorophyta,18S_ASV_485
16S_ASV_102,18S_ASV_4,yellow,0.490407704919507,6.2652174152131e-4,Planktothrix,16S_ASV_102,Opisthokonta_Arthropoda,18S_ASV_4
16S_ASV_705,18S_ASV_4,yellow,0.490194776225779,6.3047022978096e-4,Caulobacter,16S_ASV_705,Opisthokonta_Arthropoda,18S_ASV_4
16S_ASV_151,18S_ASV_716,yellow,0.490035228134298,6.3344345548088e-4,Planktothrix,16S_ASV_151,Chlorophyta,18S_ASV_716
16S_ASV_33,18S_ASV_4,yellow,0.489210699417992,6.4901014481149e-4,Planktothrix,16S_ASV_33,Opisthokonta_Arthropoda,18S_ASV_4
16S_ASV_73,18S_ASV_485,yellow,0.488927203238023,6.5444112551303e-4,Planktothrix,16S_ASV_73,Chlorophyta,18S_ASV_485
16S_ASV_419,18S_ASV_4,yellow,0.4883931381564,6.6478309547458e-4,Roseomonas,16S_ASV_419,Opisthokonta_Arthropoda,18S_ASV_4
16S_ASV_217,18S_ASV_716,yellow,0.488347112052349,6.6568119404389e-4,Planktothrix,16S_ASV_217,Chlorophyta,18S_ASV_716
16S_ASV_111,18S_ASV_4,yellow,0.488006897391155,6.7235354222192e-4,Planktothrix,16S_ASV_111,Opisthokonta_Arthropoda,18S_ASV_4
16S_ASV_96,18S_ASV_4,yellow,0.487852229375636,6.7540669041519e-4,Planktothrix,16S_ASV_96,Opisthokonta_Arthropoda,18S_ASV_4
16S_ASV_151,18S_ASV_485,yellow,0.487683678910199,6.7874802284007e-4,Planktothrix,16S_ASV_151,Chlorophyta,18S_ASV_485
16S_ASV_249,18S_ASV_485,yellow,0.48739781609947,6.8444883059635e-4,Woronichinia,16S_ASV_249,Chlorophyta,18S_ASV_485
16S_ASV_325,18S_ASV_485,yellow,0.487118476316435,6.9006096755511e-4,Woronichinia,16S_ASV_325,Chlorophyta,18S_ASV_485
16S_ASV_60,18S_ASV_4,yellow,0.487012865539608,6.9219348279573e-4,Planktothrix,16S_ASV_60,Opisthokonta_Arthropoda,18S_ASV_4
16S_ASV_43,18S_ASV_485,yellow,0.486911470375008,6.9424642998008e-4,Planktothrix,16S_ASV_43,Chlorophyta,18S_ASV_485
16S_ASV_55,18S_ASV_4,yellow,0.486796772139604,6.9657529949232e-4,Planktothrix,16S_ASV_55,Opisthokonta_Arthropoda,18S_ASV_4
16S_ASV_76,18S_ASV_4,yellow,0.486794041057553,6.9663083747238e-4,Planktothrix,16S_ASV_76,Opisthokonta_Arthropoda,18S_ASV_4
16S_ASV_1200,18S_ASV_448,yellow,0.486399468730719,7.0469649065437e-4,CL500-29-marine-group,16S_ASV_1200,Chlorophyta,18S_ASV_448
16S_ASV_25,18S_ASV_408,yellow,0.485814431991057,7.168095531724e-4,Planktothrix,16S_ASV_25,Opisthokonta_Blastocladiomycota,18S_ASV_408
16S_ASV_384,18S_ASV_408,yellow,0.485626044118086,7.2074959268683e-4,Woronichinia,16S_ASV_384,Opisthokonta_Blastocladiomycota,18S_ASV_408
16S_ASV_226,18S_ASV_408,yellow,0.485506669584263,7.2325628177184e-4,Woronichinia,16S_ASV_226,Opisthokonta_Blastocladiomycota,18S_ASV_408
16S_ASV_900,18S_ASV_716,yellow,0.485249955782194,7.2867336260519e-4,Roseomonas,16S_ASV_900,Chlorophyta,18S_ASV_716
16S_ASV_1200,18S_ASV_485,yellow,0.485152342840668,7.3074267176e-4,CL500-29-marine-group,16S_ASV_1200,Chlorophyta,18S_ASV_485
16S_ASV_1463,18S_ASV_716,yellow,0.484664402480407,7.4116569810132e-4,Roseomonas,16S_ASV_1463,Chlorophyta,18S_ASV_716
16S_ASV_114,18S_ASV_485,yellow,0.484424564705403,7.463375740252e-4,Planktothrix,16S_ASV_114,Chlorophyta,18S_ASV_485
16S_ASV_42,18S_ASV_4,yellow,0.484202757535827,7.5114937360573e-4,Planktothrix,16S_ASV_42,Opisthokonta_Arthropoda,18S_ASV_4
16S_ASV_82,18S_ASV_4,yellow,0.483816762382688,7.595892674607e-4,Planktothrix,16S_ASV_82,Opisthokonta_Arthropoda,18S_ASV_4
16S_ASV_217,18S_ASV_485,yellow,0.483079767070964,7.7594001876828e-4,Planktothrix,16S_ASV_217,Chlorophyta,18S_ASV_485
16S_ASV_111,18S_ASV_485,yellow,0.482657074509697,0.00078545923921462995,Planktothrix,16S_ASV_111,Chlorophyta,18S_ASV_485
16S_ASV_127,18S_ASV_485,yellow,0.482506694818014,7.888709759812e-4,Planktothrix,16S_ASV_127,Chlorophyta,18S_ASV_485
16S_ASV_42,18S_ASV_485,yellow,0.481334944346498,8.1591257523571e-4,Planktothrix,16S_ASV_42,Chlorophyta,18S_ASV_485
16S_ASV_76,18S_ASV_716,yellow,0.48117683416771,8.1962422217694e-4,Planktothrix,16S_ASV_76,Chlorophyta,18S_ASV_716
16S_ASV_111,18S_ASV_716,yellow,0.48054171583297,8.3468632479471e-4,Planktothrix,16S_ASV_111,Chlorophyta,18S_ASV_716
16S_ASV_1463,18S_ASV_408,yellow,0.480480643333619,8.3614765098933e-4,Roseomonas,16S_ASV_1463,Opisthokonta_Blastocladiomycota,18S_ASV_408
16S_ASV_189,18S_ASV_485,yellow,0.478333674906046,8.8899625815073e-4,Woronichinia,16S_ASV_189,Chlorophyta,18S_ASV_485
16S_ASV_127,18S_ASV_4,yellow,0.477917426234483,8.9958123773718e-4,Planktothrix,16S_ASV_127,Opisthokonta_Arthropoda,18S_ASV_4
16S_ASV_119,18S_ASV_4,yellow,0.477469860669203,9.1108811362709e-4,Planktothrix,16S_ASV_119,Opisthokonta_Arthropoda,18S_ASV_4
16S_ASV_76,18S_ASV_485,yellow,0.476952581247762,9.2455102493538e-4,Planktothrix,16S_ASV_76,Chlorophyta,18S_ASV_485
16S_ASV_70,18S_ASV_485,yellow,0.476938011405585,9.2493278509079e-4,Woronichinia,16S_ASV_70,Chlorophyta,18S_ASV_485
16S_ASV_136,18S_ASV_408,yellow,0.471918793396408,0.0010651411631152,Woronichinia,16S_ASV_136,Opisthokonta_Blastocladiomycota,18S_ASV_408
16S_ASV_263,18S_ASV_485,yellow,0.466933767519217,0.00122285560584414,Woronichinia,16S_ASV_263,Chlorophyta,18S_ASV_485
16S_ASV_2408,18S_ASV_4,yellow,0.46396778649347,0.0013262644480097,Roseomonas,16S_ASV_2408,Opisthokonta_Arthropoda,18S_ASV_4
16S_ASV_189,18S_ASV_408,yellow,0.462959727452312,0.0013631414856782,Woronichinia,16S_ASV_189,Opisthokonta_Blastocladiomycota,18S_ASV_408
16S_ASV_111,18S_ASV_408,yellow,0.460390452621725,0.00146128774302395,Planktothrix,16S_ASV_111,Opisthokonta_Blastocladiomycota,18S_ASV_408
16S_ASV_1028,18S_ASV_716,yellow,0.460274218059184,0.00146587270755996,Roseomonas,16S_ASV_1028,Chlorophyta,18S_ASV_716
16S_ASV_217,18S_ASV_408,yellow,0.460228150661331,0.00146769340669472,Planktothrix,16S_ASV_217,Opisthokonta_Blastocladiomycota,18S_ASV_408
16S_ASV_922,18S_ASV_448,yellow,0.459647319482759,0.00149082230280575,Roseomonas,16S_ASV_922,Chlorophyta,18S_ASV_448
16S_ASV_76,18S_ASV_408,yellow,0.458787470487602,0.00152565634511562,Planktothrix,16S_ASV_76,Opisthokonta_Blastocladiomycota,18S_ASV_408
16S_ASV_867,18S_ASV_716,yellow,0.456783825769723,0.00160964707956951,Microcystis,16S_ASV_867,Chlorophyta,18S_ASV_716
16S_ASV_732,18S_ASV_485,yellow,0.456243765492194,0.00163297674028252,Microcystis,16S_ASV_732,Chlorophyta,18S_ASV_485
16S_ASV_397,18S_ASV_716,yellow,0.454610938026923,0.00170534750112756,NA,16S_ASV_397,Chlorophyta,18S_ASV_716
16S_ASV_1200,18S_ASV_716,yellow,0.453658857089651,0.00174884624557236,CL500-29-marine-group,16S_ASV_1200,Chlorophyta,18S_ASV_716
16S_ASV_1258,18S_ASV_716,yellow,0.452267715593234,0.00181417360325556,Roseomonas,16S_ASV_1258,Chlorophyta,18S_ASV_716
16S_ASV_17,18S_ASV_408,yellow,0.451621122455516,0.00184526665700297,Planktothrix,16S_ASV_17,Opisthokonta_Blastocladiomycota,18S_ASV_408
16S_ASV_40,18S_ASV_672,yellow,0.449508102743053,0.00195019460987894,Woronichinia,16S_ASV_40,Stramenopiles,18S_ASV_672
16S_ASV_160,18S_ASV_672,yellow,0.449401547953993,0.00195562304107197,Woronichinia,16S_ASV_160,Stramenopiles,18S_ASV_672
16S_ASV_920,18S_ASV_485,yellow,0.445751339392668,0.00214984861268249,Microcystis,16S_ASV_920,Chlorophyta,18S_ASV_485
16S_ASV_690,18S_ASV_716,yellow,0.44545898317111,0.00216611811920632,Candidatus-Planktoluna,16S_ASV_690,Chlorophyta,18S_ASV_716
16S_ASV_658,18S_ASV_408,yellow,0.444471119177781,0.00222190046785736,CL500-29-marine-group,16S_ASV_658,Opisthokonta_Blastocladiomycota,18S_ASV_408
16S_ASV_397,18S_ASV_485,yellow,0.443084168716584,0.00230235956513621,NA,16S_ASV_397,Chlorophyta,18S_ASV_485
16S_ASV_40,18S_ASV_408,yellow,0.440981818985805,0.00242922847675073,Woronichinia,16S_ASV_40,Opisthokonta_Blastocladiomycota,18S_ASV_408
16S_ASV_1726,18S_ASV_408,yellow,0.438958817460565,0.00255709334768824,Roseomonas,16S_ASV_1726,Opisthokonta_Blastocladiomycota,18S_ASV_408
16S_ASV_119,18S_ASV_408,yellow,0.438742636478897,0.00257110203257002,Planktothrix,16S_ASV_119,Opisthokonta_Blastocladiomycota,18S_ASV_408
16S_ASV_325,18S_ASV_672,yellow,0.438523904779421,0.00258534483383653,Woronichinia,16S_ASV_325,Stramenopiles,18S_ASV_672
16S_ASV_263,18S_ASV_672,yellow,0.43773501906353,0.00263729301665928,Woronichinia,16S_ASV_263,Stramenopiles,18S_ASV_672
16S_ASV_15,18S_ASV_408,yellow,0.435623499692835,0.00278089060455615,Planktothrix,16S_ASV_15,Opisthokonta_Blastocladiomycota,18S_ASV_408
16S_ASV_34,18S_ASV_408,yellow,0.432415938593981,0.00301220725268905,Planktothrix,16S_ASV_34,Opisthokonta_Blastocladiomycota,18S_ASV_408
16S_ASV_55,18S_ASV_408,yellow,0.429567526902936,0.00323164056535113,Planktothrix,16S_ASV_55,Opisthokonta_Blastocladiomycota,18S_ASV_408
16S_ASV_3,18S_ASV_408,yellow,0.429458845294326,0.0032402842339439,Planktothrix,16S_ASV_3,Opisthokonta_Blastocladiomycota,18S_ASV_408
16S_ASV_13,18S_ASV_408,yellow,0.427746110721811,0.0033792091863556,Planktothrix,16S_ASV_13,Opisthokonta_Blastocladiomycota,18S_ASV_408
16S_ASV_397,18S_ASV_4,yellow,0.424875057163767,0.00362384071517798,NA,16S_ASV_397,Opisthokonta_Arthropoda,18S_ASV_4
16S_ASV_2408,18S_ASV_408,yellow,0.424525300387089,0.00365467825636519,Roseomonas,16S_ASV_2408,Opisthokonta_Blastocladiomycota,18S_ASV_408
16S_ASV_70,18S_ASV_408,yellow,0.423302320152462,0.00376432307223605,Woronichinia,16S_ASV_70,Opisthokonta_Blastocladiomycota,18S_ASV_408
16S_ASV_249,18S_ASV_408,yellow,0.415506196797268,0.00453348511953075,Woronichinia,16S_ASV_249,Opisthokonta_Blastocladiomycota,18S_ASV_408
16S_ASV_151,18S_ASV_408,yellow,0.411582287237674,0.00497013280185289,Planktothrix,16S_ASV_151,Opisthokonta_Blastocladiomycota,18S_ASV_408
16S_ASV_508,18S_ASV_716,yellow,0.410024778400508,0.00515336079972945,Caulobacter,16S_ASV_508,Chlorophyta,18S_ASV_716
16S_ASV_1641,18S_ASV_408,yellow,0.408293353499701,0.00536393186013724,Roseomonas,16S_ASV_1641,Opisthokonta_Blastocladiomycota,18S_ASV_408
16S_ASV_491,18S_ASV_716,yellow,0.405898061419693,0.00566757342721554,Alsobacter,16S_ASV_491,Chlorophyta,18S_ASV_716
16S_ASV_20,18S_ASV_408,yellow,0.4045742297675,0.00584172091114827,Planktothrix,16S_ASV_20,Opisthokonta_Blastocladiomycota,18S_ASV_408
16S_ASV_23,18S_ASV_408,yellow,0.403681534029202,0.00596176260150356,Planktothrix,16S_ASV_23,Opisthokonta_Blastocladiomycota,18S_ASV_408
16S_ASV_35,18S_ASV_408,yellow,0.402465062313296,0.00612879017514078,Planktothrix,16S_ASV_35,Opisthokonta_Blastocladiomycota,18S_ASV_408
16S_ASV_92,18S_ASV_408,yellow,0.400685310745892,0.00638047672181247,Planktothrix,16S_ASV_92,Opisthokonta_Blastocladiomycota,18S_ASV_408
16S_ASV_2,18S_ASV_408,yellow,0.400613954567957,0.00639075196365623,Planktothrix,16S_ASV_2,Opisthokonta_Blastocladiomycota,18S_ASV_408
16S_ASV_419,18S_ASV_485,yellow,0.400534430652816,0.00640222026900432,Roseomonas,16S_ASV_419,Chlorophyta,18S_ASV_485
16S_ASV_100,18S_ASV_408,yellow,0.40016756539728,0.00645535816048917,Planktothrix,16S_ASV_100,Opisthokonta_Blastocladiomycota,18S_ASV_408
