asvID,Domain,Supergroup,Division,Subdivision,Class,Order,Family,Genus,Species
ASV_1,Eukaryota,Obazoa,Opisthokonta,Metazoa,Arthropoda,Crustacea,Maxillopoda,Occidodiaptomus,NA
ASV_2,Eukaryota,Obazoa,Opisthokonta,Metazoa,Arthropoda,Crustacea,Ostracoda,Cypridopsis,NA
ASV_3,Eukaryota,Obazoa,Opisthokonta,Metazoa,Arthropoda,Crustacea,Branchiopoda,Daphnia,Daphnia_magna
ASV_4,Eukaryota,Archaeplastida,Chlorophyta,Chlorophyta_X,Chlorophyceae,Chlamydomonadales,Chlamydomonadales_X,Gonium,Gonium_pectorale
ASV_5,Eukaryota,Obazoa,Opisthokonta,Metazoa,Arthropoda,Crustacea,Ostracoda,Cypridopsis,Cypridopsis_adusta
ASV_6,Eukaryota,Obazoa,Opisthokonta,Fungi,Chytridiomycota,Spizellomycetales,Spizellomycetales_X,Spizellomycetales_XX,Spizellomycetales_XX_sp.
ASV_7,Eukaryota,Cryptista,Kathablepharidacea,Kathablepharida,Kathablepharidea,Kathablepharidida,Kathablepharidida_X,Kathablepharidida_XX,Kathablepharidida_XX_sp.
ASV_8,Eukaryota,Obazoa,Opisthokonta,Metazoa,Arthropoda,Crustacea,Maxillopoda,Occidodiaptomus,NA
ASV_9,Eukaryota,Obazoa,Opisthokonta,Metazoa,Arthropoda,Crustacea,Branchiopoda,Bosmina,Bosmina_longirostris
ASV_10,Eukaryota,Archaeplastida,Chlorophyta,Chlorophyta_X,Chlorophyceae,Chlamydomonadales,Chlamydomonadales_X,Carteria,Carteria_lunzensis
ASV_11,Eukaryota,Obazoa,Opisthokonta,Fungi,NA,NA,NA,NA,NA
ASV_12,Eukaryota,Obazoa,Opisthokonta,Fungi,Chytridiomycota,Spizellomycetales,Spizellomycetaceae,NA,NA
ASV_13,Eukaryota,TSAR,Stramenopiles,Gyrista,Mediophyceae,Thalassiosirales,Stephanodiscaceae,Stephanodiscus,Stephanodiscus_hantzschii
ASV_14,Eukaryota,TSAR,Stramenopiles,Gyrista,Peronosporomycetes,Peronosporomycetes_X,Peronosporales,NA,NA
ASV_15,Eukaryota,Archaeplastida,Chlorophyta,Chlorophyta_X,Chlorophyceae,Sphaeropleales,Sphaeropleales_X,Desmodesmus,Desmodesmus_pannonicus
ASV_16,Eukaryota,TSAR,Rhizaria,Cercozoa,NA,NA,NA,NA,NA
ASV_17,Eukaryota,Archaeplastida,Chlorophyta,Chlorophyta_X,Chlorophyceae,Sphaeropleales,Sphaeropleales_X,Tetraedron,Tetraedron_minimum
ASV_18,Eukaryota,Obazoa,Opisthokonta,Metazoa,Arthropoda,Crustacea,Maxillopoda,Occidodiaptomus,NA
ASV_19,Eukaryota,Archaeplastida,Streptophyta,Streptophyta_X,Zygnemophyceae,Zygnemophyceae_X,Zygnemophyceae_XX,Closterium,NA
ASV_20,Eukaryota,TSAR,Stramenopiles,Gyrista,Chrysophyceae,Synurales,Synuraceae,Mallomonas,Mallomonas_acaroides
ASV_21,Eukaryota,Archaeplastida,Chlorophyta,Chlorophyta_X,Chlorophyceae,Chlamydomonadales,Chlamydomonadales_X,Carteria,Carteria_lunzensis
ASV_22,Eukaryota,TSAR,Alveolata,Chrompodellids,Colpodellidea,Colpodellida,Colpodellida_CHR1,Colpodellida_CHR1_X,Colpodellida_CHR1_X_sp.
ASV_23,Eukaryota,TSAR,Stramenopiles,Gyrista,Peronosporomycetes,Peronosporomycetes_X,Peronosporales,NA,NA
ASV_24,Eukaryota,Obazoa,Opisthokonta,Metazoa,Arthropoda,Crustacea,Ostracoda,Darwinula,Darwinula_stevensoni
ASV_25,Eukaryota,Obazoa,Opisthokonta,Fungi,Chytridiomycota,Zygophlyctidales,Zygophlyctidaceae,Zygophlyctis,NA
ASV_26,Eukaryota,Obazoa,Opisthokonta,Fungi,Chytridiomycota,NA,NA,NA,NA
ASV_27,Eukaryota,TSAR,Stramenopiles,Gyrista,Peronosporomycetes,Peronosporomycetes_X,Saprolegniales,Saprolegniales_X,Saprolegniales_X_sp.
ASV_28,Eukaryota,TSAR,Rhizaria,Cercozoa,NA,NA,NA,NA,NA
ASV_29,Eukaryota,Obazoa,Opisthokonta,Fungi,Zoopagomycota,Entomophthoromycotina,Entomophthorales,Entomophthora,Entomophthora_muscae
ASV_30,Eukaryota,Archaeplastida,Chlorophyta,Chlorophyta_X,Chlorophyceae,Sphaeropleales,Scenedesmaceae,Scenedesmaceae_X,Scenedesmaceae_X_sp.
ASV_31,Eukaryota,TSAR,Stramenopiles,Gyrista,Peronosporomycetes,Peronosporomycetes_X,Saprolegniales,Aphanomyces,NA
ASV_32,Eukaryota,TSAR,Stramenopiles,Gyrista,Chrysophyceae,NA,NA,NA,NA
ASV_33,Eukaryota,Obazoa,Opisthokonta,Metazoa,Gastrotricha,Gastrotricha_X,Gastrotricha_XX,Chaetonotus,NA
ASV_34,Eukaryota,Obazoa,Opisthokonta,Metazoa,Arthropoda,Crustacea,Maxillopoda,Occidodiaptomus,NA
ASV_35,Eukaryota,Archaeplastida,Chlorophyta,Chlorophyta_X,Chlorophyceae,Chlamydomonadales,Chlamydomonadales_X,Carteria,Carteria_lunzensis
ASV_36,Eukaryota,Obazoa,Opisthokonta,Fungi,Basidiomycota,Pucciniomycotina,Cystobasidiomycetes,Rhodotorula,Rhodotorula_phylloplana
ASV_37,Eukaryota,TSAR,Rhizaria,Cercozoa,Filosa-Imbricatea,Filosa-Imbricatea_X,Novel-clade-2,Novel-clade-2_X,Novel-clade-2_X_sp.
ASV_38,Eukaryota,Obazoa,Opisthokonta,Fungi,Rozellomycota,Rozellomycota_X,Rozellomycota_XX,Rozella,Rozella_allomycis
ASV_39,Eukaryota,TSAR,Stramenopiles,Gyrista,Chrysophyceae,NA,NA,NA,NA
ASV_40,Eukaryota,Obazoa,Opisthokonta,Metazoa,Arthropoda,Crustacea,Branchiopoda,Daphnia,Daphnia_magna
ASV_41,Eukaryota,Archaeplastida,Chlorophyta,Chlorophyta_X,Trebouxiophyceae,Chlorellales,Chlorellales_X,Crucigenia,Crucigenia_pulchra
ASV_42,Eukaryota,TSAR,Alveolata,Dinoflagellata,Dinophyceae,Gonyaulacales,Ceratiaceae,Ceratium,Ceratium_hirundinella
ASV_43,Eukaryota,TSAR,Stramenopiles,Bigyra,Bicoecea,Bicoecales,Bicoecaceae,Bicosoeca,Bicosoeca_petiolata
ASV_44,Eukaryota,Archaeplastida,Chlorophyta,Chlorophyta_X,Chlorophyceae,Chlamydomonadales,Chlamydomonadales_X,Carteria,Carteria_lunzensis
ASV_45,Eukaryota,Cryptista,Cryptophyta,Cryptophyta_X,Cryptophyceae,NA,NA,NA,NA
ASV_46,Eukaryota,Obazoa,Opisthokonta,Choanoflagellata,Choanoflagellatea,NA,NA,NA,NA
ASV_47,Eukaryota,TSAR,Stramenopiles,Bigyra,Opalozoa,Opalozoa_X,MAST-12,MAST-12C,MAST-12C_sp.
ASV_48,Eukaryota,TSAR,Stramenopiles,Gyrista,Chrysophyceae,Ochromonadales,Ochromonadaceae,Poterioochromonas,Poterioochromonas_stipitata
ASV_49,Eukaryota,Cryptista,Cryptophyta,Cryptophyta_X,Cryptophyceae,Cryptomonadales,Cryptomonadales_X,Plagioselmis,Plagioselmis_nannoplanctica
ASV_50,Eukaryota,Obazoa,Opisthokonta,Metazoa,Arthropoda,Crustacea,Branchiopoda,Daphnia,Daphnia_magna
ASV_51,Eukaryota,TSAR,Stramenopiles,Gyrista,Chrysophyceae,NA,NA,NA,NA
ASV_52,Eukaryota,Obazoa,Opisthokonta,Fungi,Chytridiomycota,Rhizophydiales,NA,NA,NA
ASV_53,Eukaryota,Obazoa,Opisthokonta,Fungi,Chytridiomycota,Rhizophydiales,Kappamycetaceae,Kappamyces,Kappamyces_sp.
ASV_54,Eukaryota,TSAR,Stramenopiles,Bigyra,Opalozoa,Opalozoa_X,MAST-12,MAST-12_X,MAST-12_X_sp.
ASV_55,Eukaryota,Obazoa,Opisthokonta,Fungi,Chytridiomycota,Rhizophydiales,Rhizophydiales_X,Rhizophydiales_XX,Rhizophydiales_XX_sp.
ASV_56,Eukaryota,Obazoa,Opisthokonta,Choanoflagellata,Choanoflagellatea,NA,NA,NA,NA
ASV_57,Eukaryota,Cryptista,Cryptophyta,Cryptophyta_X,Cryptophyceae,Cryptophyceae_X,Basal_Cryptophyceae-1,Basal_Cryptophyceae-1_X,Basal_Cryptophyceae-1_X_sp.
ASV_58,Eukaryota,Obazoa,Opisthokonta,Metazoa,Arthropoda,Crustacea,Ostracoda,Cypridopsis,NA
ASV_59,Eukaryota,Obazoa,Opisthokonta,Fungi,Chytridiomycota,Chytridiales,Chytridiaceae,Chytridium,Chytridium_polysiphoniae
ASV_60,Eukaryota,Obazoa,Opisthokonta,Ichthyosporea,Ichthyophonida,Pseudoperkinsidae,Pseudoperkinsidae_X,Pseudoperkinsidae_XX,Pseudoperkinsidae_XX_sp.
ASV_61,Eukaryota,Archaeplastida,Chlorophyta,Chlorophyta_X,Chlorophyceae,Chlamydomonadales,Chlamydomonadales_X,Carteria,Carteria_lunzensis
ASV_62,Eukaryota,Cryptista,Cryptophyta,Cryptophyta_X,Cryptophyceae,Cryptomonadales,Cryptomonadales_X,Plagioselmis,Plagioselmis_nannoplanctica
ASV_63,Eukaryota,Obazoa,Opisthokonta,Metazoa,Arthropoda,Crustacea,Maxillopoda,Occidodiaptomus,NA
ASV_64,Eukaryota,TSAR,Stramenopiles,Gyrista,Peronosporomycetes,Peronosporomycetes_X,Peronosporales,NA,NA
ASV_65,Eukaryota,TSAR,Stramenopiles,Gyrista,Peronosporomycetes,Peronosporomycetes_X,Saprolegniales,Aphanomyces,Aphanomyces_invadans
ASV_66,Eukaryota,Archaeplastida,Chlorophyta,Chlorophyta_X,Trebouxiophyceae,Chlorellales,Chlorellales_X,Micractinium,Micractinium_reisseri
ASV_67,Eukaryota,Obazoa,Opisthokonta,Metazoa,Arthropoda,Crustacea,Branchiopoda,Daphnia,Daphnia_magna
ASV_68,Eukaryota,TSAR,Stramenopiles,Gyrista,Chrysophyceae,Ochromonadales,Ochromonadaceae,Chlorochromonas,Chlorochromonas_sp.
ASV_69,Eukaryota,Obazoa,Opisthokonta,Fungi,Chytridiomycota,Rhizophydiales,NA,NA,NA
ASV_70,Eukaryota,Obazoa,Opisthokonta,Metazoa,Gastrotricha,Gastrotricha_X,Gastrotricha_XX,Chaetonotus,Chaetonotus_sp.
ASV_71,Eukaryota,Cryptista,Cryptophyta,Cryptophyta_X,Cryptophyceae,Cryptophyceae_X,Basal_Cryptophyceae-1,Basal_Cryptophyceae-1_X,Basal_Cryptophyceae-1_X_sp.
ASV_72,Eukaryota,TSAR,Stramenopiles,Gyrista,Chrysophyceae,Paraphysomonadales,Paraphysomonadaceae,Paraphysomonas,Paraphysomonas_vulgaris
ASV_73,Eukaryota,TSAR,Stramenopiles,Bigyra,Bicoecea,Pseudodendromonadales,Pseudodendromonadales_X,Pseudodendromonadales_XX,Pseudodendromonadales_XX_sp.
ASV_74,Eukaryota,TSAR,Stramenopiles,Bigyra,Bicoecea,Pseudodendromonadales,Pseudodendromonadales_X,Pseudodendromonadales_XX,Pseudodendromonadales_XX_sp.
ASV_75,Eukaryota,Obazoa,Opisthokonta,Fungi,Chytridiomycota,Rhizophydiales,Rhizophydiales_X,Rhizophydiales_XX,Rhizophydiales_XX_sp.
ASV_76,Eukaryota,TSAR,Rhizaria,Cercozoa,Novel-clade-10-12,Novel-clade-10,Novel-clade-10_X,Novel-clade-10_XX,Novel-clade-10_XX_sp.
ASV_77,Eukaryota,TSAR,Stramenopiles,Bigyra,Bicoecea,Bicoecales,Bicoecaceae,Bicoecaceae_X,Bicoecaceae_X_sp.
ASV_78,Eukaryota,Archaeplastida,Chlorophyta,Chlorophyta_X,Chlorophyceae,Sphaeropleales,Sphaeropleales_X,Pediastrum,Pediastrum_duplex
ASV_79,Eukaryota,Archaeplastida,Streptophyta,Streptophyta_X,Zygnemophyceae,Zygnemophyceae_X,Zygnemophyceae_XX,Actinotaenium,Actinotaenium_cruciferum
ASV_80,Eukaryota,Obazoa,Opisthokonta,Metazoa,Arthropoda,Crustacea,Branchiopoda,Daphnia,Daphnia_magna
ASV_81,Eukaryota,Cryptista,Cryptophyta,Cryptophyta_X,Cryptophyceae,Cryptophyceae_X,Basal_Cryptophyceae-1,Basal_Cryptophyceae-1_X,Basal_Cryptophyceae-1_X_sp.
ASV_82,Eukaryota,TSAR,Stramenopiles,Bigyra,Bicoecea,Bicoecales,Bicoecaceae,Bicoecaceae_X,Bicoecaceae_X_sp.
ASV_83,Eukaryota,Archaeplastida,Chlorophyta,Chlorophyta_X,Chlorophyceae,Sphaeropleales,Sphaeropleales_X,Tetraedron,Tetraedron_minimum
ASV_84,Eukaryota,TSAR,Stramenopiles,Gyrista,Chrysophyceae,Ochromonadales,NA,NA,NA
ASV_85,Eukaryota,TSAR,Stramenopiles,Gyrista,Chrysophyceae,Chromulinales,Chrysosphaerellaceae,Chrysosphaerella,Chrysosphaerella_brevispina
ASV_86,Eukaryota,Archaeplastida,Streptophyta,Streptophyta_X,Zygnemophyceae,Zygnemophyceae_X,Zygnemophyceae_XX,Closterium,NA
ASV_87,Eukaryota,Cryptista,Cryptophyta,Cryptophyta_X,Cryptophyceae,Cryptophyceae_X,Basal_Cryptophyceae-1,Basal_Cryptophyceae-1_X,Basal_Cryptophyceae-1_X_sp.
ASV_88,Eukaryota,Archaeplastida,Streptophyta,Streptophyta_X,Zygnemophyceae,Zygnemophyceae_X,Zygnemophyceae_XX,Closterium,Closterium_sp.
ASV_89,Eukaryota,Cryptista,Cryptophyta,Cryptophyta_X,Cryptophyceae,Cryptomonadales,Cryptomonadales_X,Cryptomonas,Cryptomonas_pyrenoidifera
ASV_90,Eukaryota,Obazoa,Opisthokonta,Fungi,NA,NA,NA,NA,NA
ASV_91,Eukaryota,Obazoa,Opisthokonta,Fungi,Chytridiomycota,NA,NA,NA,NA
ASV_92,Eukaryota,Archaeplastida,Chlorophyta,Chlorophyta_X,Chlorophyceae,Oedogoniales,Oedogoniales_X,Oedogonium,Oedogonium_sp.
ASV_93,Eukaryota,Archaeplastida,Chlorophyta,Chlorophyta_X,Chlorophyceae,Oedogoniales,Oedogoniales_X,Oedogonium,Oedogonium_sp.
ASV_94,Eukaryota,Haptista,Haptophyta,Haptophyta_X,Prymnesiophyceae,Prymnesiales,Chrysochromulinaceae,Chrysochromulina,NA
ASV_95,Eukaryota,Obazoa,Opisthokonta,Metazoa,Arthropoda,Crustacea,Maxillopoda,Occidodiaptomus,NA
ASV_96,Eukaryota,Obazoa,Opisthokonta,Metazoa,Arthropoda,Crustacea,Maxillopoda,Occidodiaptomus,NA
ASV_97,Eukaryota,Obazoa,Opisthokonta,Fungi,Chytridiomycota,Zygophlyctidales,Zygophlyctidaceae,Zygophlyctis,Zygophlyctis_melosirae
ASV_98,Eukaryota,Archaeplastida,Chlorophyta,Chlorophyta_X,Chlorophyceae,Chlamydomonadales,Chlamydomonadales_X,Gonium,Gonium_pectorale
ASV_99,Eukaryota,Archaeplastida,Chlorophyta,Chlorophyta_X,Chlorophyceae,Chlamydomonadales,Chlamydomonadales_X,Carteria,Carteria_sp.
ASV_100,Eukaryota,Obazoa,Opisthokonta,Metazoa,Gastrotricha,Gastrotricha_X,Gastrotricha_XX,Heterolepidoderma,Heterolepidoderma_sp.
ASV_101,Eukaryota,Obazoa,Opisthokonta,Fungi,Chytridiomycota,NA,NA,NA,NA
ASV_102,Eukaryota,Archaeplastida,Chlorophyta,Chlorophyta_X,Chlorophyceae,Chlamydomonadales,Chlamydomonadales_X,Tetrabaena,Tetrabaena_socialis
ASV_103,Eukaryota,Archaeplastida,Chlorophyta,Chlorophyta_X,Chlorophyceae,Chlamydomonadales,Chlamydomonadales_X,NA,NA
ASV_104,Eukaryota,TSAR,Stramenopiles,Gyrista,Bacillariophyceae,Rhabdonematales,Tabellariaceae,Diatoma,Diatoma_tenue
ASV_105,Eukaryota,Obazoa,Opisthokonta,Metazoa,Annelida,Annelida_X,Annelida_XX,NA,NA
ASV_106,Eukaryota,Obazoa,Opisthokonta,Fungi,Chytridiomycota,Spizellomycetales,Spizellomycetales_X,Spizellomycetales_XX,Spizellomycetales_XX_sp.
ASV_107,Eukaryota,TSAR,Stramenopiles,Gyrista,Peronosporomycetes,Peronosporomycetes_X,Saprolegniales,Aphanomyces,Aphanomyces_sp.
ASV_108,Eukaryota,TSAR,Stramenopiles,Gyrista,Peronosporomycetes,Peronosporomycetes_X,NA,NA,NA
ASV_109,Eukaryota,TSAR,Stramenopiles,Gyrista,Chrysophyceae,NA,NA,NA,NA
ASV_110,Eukaryota,TSAR,Stramenopiles,Gyrista,Chrysophyceae,NA,NA,NA,NA
ASV_111,Eukaryota,TSAR,Stramenopiles,Bigyra,Opalozoa,Opalozoa_X,MAST-12,MAST-12C,MAST-12C_sp.
ASV_112,Eukaryota,TSAR,Stramenopiles,Gyrista,Peronosporomycetes,Peronosporomycetes_X,Peronosporales,NA,NA
ASV_113,Eukaryota,Obazoa,Opisthokonta,Metazoa,Gastrotricha,Gastrotricha_X,Gastrotricha_XX,Chaetonotus,Chaetonotus_acanthodes
ASV_114,Eukaryota,Archaeplastida,Chlorophyta,Chlorophyta_X,Chlorophyceae,Chlamydomonadales,Chlamydomonadales_X,Lobochlamys,NA
ASV_115,Eukaryota,Obazoa,Opisthokonta,Metazoa,Arthropoda,Crustacea,Maxillopoda,Occidodiaptomus,Hemidiaptomus_gurneyi
ASV_116,Eukaryota,Obazoa,Opisthokonta,Fungi,Chytridiomycota,Rhizophydiales,Kappamycetaceae,Kappamyces,NA
ASV_117,Eukaryota,Cryptista,Cryptophyta,Cryptophyta_X,Cryptophyceae,Cryptophyceae_X,Basal_Cryptophyceae-1,Basal_Cryptophyceae-1_X,Basal_Cryptophyceae-1_X_sp.
ASV_118,Eukaryota,Archaeplastida,Chlorophyta,Chlorophyta_X,Chlorophyceae,Sphaeropleales,Sphaeropleales_X,Stauridium,NA
ASV_119,Eukaryota,Obazoa,Opisthokonta,Fungi,Chytridiomycota,Spizellomycetales,Spizellomycetales_X,Spizellomycetales_XX,Spizellomycetales_XX_sp.
ASV_120,Eukaryota,TSAR,Stramenopiles,Gyrista,Chrysophyceae,Paraphysomonadales,Paraphysomonadaceae,Paraphysomonas,Paraphysomonas_uniformis
ASV_121,Eukaryota,TSAR,Stramenopiles,Bigyra,Bicoecea,Pseudodendromonadales,Pseudodendromonadales_X,Pseudodendromonadales_XX,Pseudodendromonadales_XX_sp.
ASV_122,Eukaryota,Archaeplastida,Chlorophyta,Chlorophyta_X,Chlorophyceae,Chlamydomonadales,Chlamydomonadales_X,Chlamydomonas,NA
ASV_123,Eukaryota,TSAR,Stramenopiles,Bigyra,Bicoecea,Bicoecales,Bicoecaceae,Bicoecaceae_X,Bicoecaceae_X_sp.
ASV_124,Eukaryota,Obazoa,Opisthokonta,Fungi,NA,NA,NA,NA,NA
ASV_125,Eukaryota,Obazoa,Opisthokonta,Metazoa,Arthropoda,Crustacea,Branchiopoda,Daphnia,Daphnia_magna
ASV_126,Eukaryota,Archaeplastida,Chlorophyta,Chlorophyta_X,Trebouxiophyceae,Chlorellales,Chlorellales_X,NA,NA
ASV_127,Eukaryota,TSAR,Stramenopiles,Gyrista,Chrysophyceae,Paraphysomonadales,Paraphysomonadaceae,Paraphysomonas,Paraphysomonas_vulgaris
ASV_128,Eukaryota,Archaeplastida,Streptophyta,Streptophyta_X,Zygnemophyceae,Zygnemophyceae_X,Zygnemophyceae_XX,Closterium,NA
ASV_129,Eukaryota,Obazoa,Opisthokonta,Metazoa,Arthropoda,Crustacea,Maxillopoda,Occidodiaptomus,NA
ASV_130,Eukaryota,TSAR,Stramenopiles,Gyrista,Bacillariophyceae,Fragilariales,Fragilariaceae,Synedra,Synedra_ulna
ASV_131,Eukaryota,Obazoa,Opisthokonta,NA,NA,NA,NA,NA,NA
ASV_132,Eukaryota,Obazoa,Opisthokonta,Fungi,Chytridiomycota,Spizellomycetales,Spizellomycetales_X,Spizellomycetales_XX,Spizellomycetales_XX_sp.
ASV_133,Eukaryota,Obazoa,Opisthokonta,Metazoa,Arthropoda,Crustacea,Maxillopoda,Occidodiaptomus,NA
ASV_134,Eukaryota,Obazoa,Opisthokonta,Metazoa,Gastrotricha,Gastrotricha_X,Gastrotricha_XX,Chaetonotus,NA
ASV_135,Eukaryota,Cryptista,Cryptophyta,Cryptophyta_X,Cryptophyceae,Cryptophyceae_X,Basal_Cryptophyceae-1,Basal_Cryptophyceae-1_X,Basal_Cryptophyceae-1_X_sp.
ASV_136,Eukaryota,TSAR,Stramenopiles,Bigyra,Bicoecea,Bicoecales,Bicoecaceae,Bicosoeca,Bicosoeca_petiolata
ASV_137,Eukaryota,TSAR,Stramenopiles,Gyrista,Peronosporomycetes,Peronosporomycetes_X,Peronosporales,NA,NA
ASV_138,Eukaryota,TSAR,Rhizaria,Cercozoa,Novel-clade-10-12,Novel-clade-10,Novel-clade-10_X,Novel-clade-10_XX,Novel-clade-10_XX_sp.
ASV_139,Eukaryota,Cryptista,Cryptophyta,Cryptophyta_X,Cryptophyceae,Cryptophyceae_X,Basal_Cryptophyceae-1,Basal_Cryptophyceae-1_X,Basal_Cryptophyceae-1_X_sp.
ASV_140,Eukaryota,TSAR,Stramenopiles,Gyrista,Chrysophyceae,Chrysophyceae_Cluster-I,Chrysophyceae_Cluster-I_X,Chrysophyceae_Cluster-I_XX,Chrysophyceae_Cluster-I_XX_sp.
ASV_141,Eukaryota,TSAR,Stramenopiles,Bigyra,Bicoecea,Pseudodendromonadales,Pseudodendromonadales_X,Pseudodendromonadales_XX,Pseudodendromonadales_XX_sp.
ASV_142,Eukaryota,Obazoa,Opisthokonta,Fungi,Chytridiomycota,Rhizophydiales,Rhizophydiales_X,Rhizophydiales_XX,Rhizophydiales_XX_sp.
ASV_143,Eukaryota,TSAR,Stramenopiles,Gyrista,Dictyochophyceae,Dictyochophyceae_X,Pedinellales,Pseudopedinella,Pseudopedinella_sp.
ASV_144,Eukaryota,Obazoa,Opisthokonta,Metazoa,Arthropoda,Crustacea,Maxillopoda,Occidodiaptomus,NA
ASV_145,Eukaryota,Obazoa,Opisthokonta,Metazoa,Arthropoda,Crustacea,Ostracoda,Cypridopsis,Cypridopsis_sp.
ASV_146,Eukaryota,TSAR,Stramenopiles,Gyrista,Chrysophyceae,NA,NA,NA,NA
ASV_147,Eukaryota,TSAR,Stramenopiles,Gyrista,Chrysophyceae,Chromulinales,NA,NA,NA
ASV_148,Eukaryota,Obazoa,Opisthokonta,Fungi,Chytridiomycota,Cladochytriales,Cladochytriaceae,Cladochytrium,Cladochytrium_replicatum
ASV_149,Eukaryota,Obazoa,Opisthokonta,Metazoa,Arthropoda,Crustacea,Branchiopoda,Daphnia,Daphnia_magna
ASV_150,Eukaryota,Obazoa,Opisthokonta,Metazoa,Arthropoda,Crustacea,Ostracoda,Cypridopsis,Cypridopsis_adusta
ASV_151,Eukaryota,TSAR,Stramenopiles,Gyrista,Dictyochophyceae,Dictyochophyceae_X,Pedinellales,Pseudopedinella,Pseudopedinella_sp.
ASV_152,Eukaryota,Obazoa,Opisthokonta,Choanoflagellata,Choanoflagellatea,NA,NA,NA,NA
ASV_153,Eukaryota,Obazoa,Opisthokonta,Metazoa,Gastrotricha,Gastrotricha_X,Gastrotricha_XX,Heterolepidoderma,Heterolepidoderma_sp.
ASV_154,Eukaryota,Archaeplastida,Chlorophyta,Chlorophyta_X,Trebouxiophyceae,Trebouxiophyceae_X,Trebouxiophyceae_XX,Botryococcus,Botryococcus_braunii
ASV_155,Eukaryota,Obazoa,Opisthokonta,Fungi,Rozellomycota,Rozellomycota_X,Rozellomycota_XX,Rozella,Rozella_multimorpha
ASV_156,Eukaryota,Obazoa,Opisthokonta,Fungi,Ascomycota,Saccharomycotina,Saccharomycetales,Meyerozyma,Meyerozyma_caribbica
ASV_157,Eukaryota,Archaeplastida,Chlorophyta,Chlorophyta_X,Chlorophyceae,Chlamydomonadales,Chlamydomonadales_X,NA,NA
ASV_158,Eukaryota,Archaeplastida,Chlorophyta,Chlorophyta_X,Chlorophyceae,Chlamydomonadales,Chlamydomonadales_X,Vitreochlamys,Vitreochlamys_nekrassovii
ASV_159,Eukaryota,TSAR,Stramenopiles,Gyrista,Peronosporomycetes,Peronosporomycetes_X,Peronosporales,Peronosporales_X,Peronosporales_X_sp.
ASV_160,Eukaryota,Obazoa,Opisthokonta,Fungi,Chytridiomycota,Rhizophydiales,Rhizophydiaceae,Rhizophydium,Rhizophydium_sp.
ASV_161,Eukaryota,Obazoa,Opisthokonta,Fungi,Chytridiomycota,Rhizophydiales,Rhizophydiaceae,Rhizophydium,Rhizophydium_sp.
ASV_162,Eukaryota,TSAR,Rhizaria,Cercozoa,Filosa-Granofilosea,Filosa-Granofilosea_X,Novel-Gran-6,Novel-Gran-6_X,Novel-Gran-6_X_sp.
ASV_163,Eukaryota,TSAR,Stramenopiles,Gyrista,Chrysophyceae,NA,NA,NA,NA
ASV_164,Eukaryota,TSAR,Stramenopiles,Gyrista,Chrysophyceae,Paraphysomonadales,Paraphysomonadaceae,Paraphysomonas,Paraphysomonas_vulgaris
ASV_165,Eukaryota,Obazoa,Opisthokonta,Fungi,Chytridiomycota,Spizellomycetales,NA,NA,NA
ASV_166,Eukaryota,TSAR,Stramenopiles,Gyrista,Chrysophyceae,NA,NA,NA,NA
ASV_167,Eukaryota,Obazoa,Opisthokonta,Fungi,NA,NA,NA,NA,NA
ASV_168,Eukaryota,Obazoa,Opisthokonta,Ichthyosporea,Ichthyophonida,Pseudoperkinsidae,Pseudoperkinsidae_X,Anurofeca,NA
ASV_169,Eukaryota,Archaeplastida,Chlorophyta,Chlorophyta_X,Chlorophyceae,Chlamydomonadales,Chlamydomonadales_X,NA,NA
ASV_170,Eukaryota,Obazoa,Opisthokonta,NA,NA,NA,NA,NA,NA
ASV_171,Eukaryota,TSAR,Stramenopiles,Gyrista,Dictyochophyceae,Dictyochophyceae_X,Pedinellales,Pseudopedinella,NA
ASV_172,Eukaryota,Obazoa,Opisthokonta,Fungi,Chytridiomycota,NA,NA,NA,NA
ASV_173,Eukaryota,Obazoa,Opisthokonta,Fungi,Chytridiomycota,Rhizophydiales,NA,NA,NA
ASV_174,Eukaryota,Obazoa,Opisthokonta,Metazoa,Arthropoda,Crustacea,Branchiopoda,Daphnia,Daphnia_magna
ASV_175,Eukaryota,Obazoa,Opisthokonta,Fungi,Chytridiomycota,Spizellomycetales,Spizellomycetales_X,Spizellomycetales_XX,Spizellomycetales_XX_sp.
ASV_176,Eukaryota,TSAR,Stramenopiles,Gyrista,Peronosporomycetes,Peronosporomycetes_X,Leptomitales,Leptomitales_X,Leptomitales_X_sp.
ASV_177,Eukaryota,TSAR,Rhizaria,Cercozoa,NA,NA,NA,NA,NA
ASV_178,Eukaryota,TSAR,Stramenopiles,Gyrista,Chrysophyceae,Segregatospumellales,Segregatospumellaceae,Segregatospumellaceae_X,Segregatospumellaceae_X_sp.
ASV_179,Eukaryota,TSAR,Rhizaria,Cercozoa,Filosa-Sarcomonadea,Glissomonadida,NA,NA,NA
ASV_180,Eukaryota,Obazoa,Opisthokonta,Metazoa,Arthropoda,Crustacea,Ostracoda,Cypridopsis,NA
ASV_181,Eukaryota,Archaeplastida,Chlorophyta,Chlorophyta_X,Chlorophyceae,Sphaeropleales,Sphaeropleales_X,Desmodesmus,Desmodesmus_pannonicus
ASV_182,Eukaryota,TSAR,Stramenopiles,Gyrista,Chrysophyceae,Ochromonadales,Ochromonadaceae,Acrispumella,Acrispumella_sp.
ASV_183,Eukaryota,Archaeplastida,Chlorophyta,Chlorophyta_X,Chlorophyceae,Chlamydomonadales,Chlamydomonadales_X,Chlamydomonas,NA
ASV_184,Eukaryota,TSAR,Stramenopiles,Bigyra,Opalozoa,Nanomonadea,MAST-3,MAST-3J,MAST-3J_sp.
ASV_185,Eukaryota,Obazoa,Opisthokonta,Fungi,Ascomycota,Pezizomycotina,Dothideomycetes,Spencermartinsia,Rhizophlyctis_harderi
ASV_186,Eukaryota,Obazoa,Opisthokonta,Metazoa,Arthropoda,Crustacea,Branchiopoda,Daphnia,Daphnia_magna
ASV_187,Eukaryota,Cryptista,Cryptophyta,Cryptophyta_X,Cryptophyceae,Cryptophyceae_X,Basal_Cryptophyceae-1,Basal_Cryptophyceae-1_X,Basal_Cryptophyceae-1_X_sp.
ASV_188,Eukaryota,TSAR,Stramenopiles,Gyrista,Peronosporomycetes,Peronosporomycetes_X,Saprolegniales,Saprolegnia,Saprolegnia_parasitica
ASV_189,Eukaryota,TSAR,Stramenopiles,Bigyra,Bicoecea,Bicoecales,Bicoecaceae,Bicoecaceae_X,Bicoecaceae_X_sp.
ASV_190,Eukaryota,Archaeplastida,Chlorophyta,Chlorophyta_X,Chlorophyceae,Chlorophyceae_X,Chlorophyceae_XX,Treubaria,Treubaria_setigera
ASV_191,Eukaryota,TSAR,Stramenopiles,Gyrista,Chrysophyceae,Paraphysomonadales,Paraphysomonadales_X,Paraphysomonadales_XX,Paraphysomonadales_XX_sp.
ASV_192,Eukaryota,TSAR,Stramenopiles,Gyrista,Chrysophyceae,NA,NA,NA,NA
ASV_193,Eukaryota,TSAR,Stramenopiles,Gyrista,Chrysophyceae,Paraphysomonadales,Paraphysomonadaceae,Paraphysomonas,Paraphysomonas_imperforata
ASV_194,Eukaryota,Obazoa,Opisthokonta,Pluriformea,Pluriformea_X,Pluriformea_XX,Pluriformea_XXX,Syssomonas,Syssomonas_multiformis
ASV_195,Eukaryota,TSAR,Stramenopiles,Bigyra,Opalozoa,Opalozoa_X,MAST-12,MAST-12_X,MAST-12_X_sp.
ASV_196,Eukaryota,Archaeplastida,Chlorophyta,Chlorophyta_X,Chlorophyceae,Chlamydomonadales,Chlamydomonadales_X,Gonium,Gonium_pectorale
ASV_197,Eukaryota,TSAR,Stramenopiles,Bigyra,Bicoecea,NA,NA,NA,NA
ASV_198,Eukaryota,Obazoa,Opisthokonta,Fungi,Chytridiomycota,Chytridiales,Chytridiaceae,Diplochytridium,Diplochytridium_lagenarium
ASV_199,Eukaryota,Archaeplastida,Chlorophyta,Chlorophyta_X,Chlorophyceae,Chlamydomonadales,Chlamydomonadales_X,NA,NA
ASV_200,Eukaryota,CRuMs,Collodictyonidae,Collodictyonidae_X,Collodictyonidae_XX,Collodictyonidae_XXX,Collodictyonidae_XXXX,NA,NA
ASV_201,Eukaryota,Obazoa,Opisthokonta,Metazoa,Arthropoda,Crustacea,Branchiopoda,Daphnia,Daphnia_magna
ASV_202,Eukaryota,Obazoa,Opisthokonta,Fungi,Chytridiomycota,Rhizophydiales,Rhizophydiales_X,Rhizophydiales_XX,Rhizophydiales_XX_sp.
ASV_203,Eukaryota,TSAR,Stramenopiles,Gyrista,Chrysophyceae,Chromulinales,Chrysamoebaceae,Chrysamoeba,Chrysamoeba_tenera
ASV_204,Eukaryota,TSAR,Stramenopiles,Gyrista,Chrysophyceae,Ochromonadales,Ochromonadaceae,Poteriospumella,Poteriospumella_sp.
ASV_205,Eukaryota,Cryptista,Cryptophyta,Cryptophyta_X,Cryptophyceae,Cryptophyceae_X,Basal_Cryptophyceae-1,Basal_Cryptophyceae-1_X,Basal_Cryptophyceae-1_X_sp.
ASV_206,Eukaryota,TSAR,Stramenopiles,Gyrista,Peronosporomycetes,Peronosporomycetes_X,Peronosporales,Peronosporales_X,Peronosporales_X_sp.
ASV_207,Eukaryota,TSAR,Stramenopiles,Gyrista,Chrysophyceae,Ochromonadales,Ochromonadaceae,Poteriospumella,NA
ASV_208,Eukaryota,Obazoa,Opisthokonta,Fungi,NA,NA,NA,NA,NA
ASV_209,Eukaryota,TSAR,Rhizaria,Cercozoa,Filosa-Imbricatea,Spongomonadida,Spongomonadidae,Spongomonadidae_X,Spongomonadidae_X_sp.
ASV_210,Eukaryota,TSAR,Rhizaria,Cercozoa,Filosa-Sarcomonadea,Glissomonadida,Bodomorphidae,Bodomorpha,Bodomorpha_sp.
ASV_211,Eukaryota,Obazoa,Opisthokonta,Metazoa,Arthropoda,Crustacea,Maxillopoda,Acanthocyclops,Acanthocyclops_viridis
ASV_212,Eukaryota,Obazoa,Opisthokonta,Metazoa,Arthropoda,Crustacea,Branchiopoda,Bosmina,Bosmina_longirostris
ASV_213,Eukaryota,TSAR,Stramenopiles,Gyrista,Chrysophyceae,NA,NA,NA,NA
ASV_214,Eukaryota,NA,NA,NA,NA,NA,NA,NA,NA
ASV_215,Eukaryota,TSAR,Stramenopiles,Gyrista,Peronosporomycetes,Peronosporomycetes_X,Saprolegniales,Aphanomyces,Aphanomyces_sp.
ASV_216,Eukaryota,Archaeplastida,Chlorophyta,Chlorophyta_X,Chlorophyceae,Chlamydomonadales,Chlamydomonadales_X,Gonium,Gonium_pectorale
ASV_217,Eukaryota,Obazoa,Opisthokonta,Fungi,NA,NA,NA,NA,NA
ASV_218,Eukaryota,TSAR,Stramenopiles,Bigyra,Opalozoa,Opalozoa_X,MAST-12,MAST-12_X,MAST-12_X_sp.
ASV_219,Eukaryota,TSAR,Stramenopiles,Gyrista,Chrysophyceae,NA,NA,NA,NA
ASV_220,Eukaryota,Archaeplastida,Chlorophyta,Chlorophyta_X,Chlorophyceae,Sphaeropleales,Sphaeropleales_X,NA,NA
ASV_221,Eukaryota,Obazoa,Opisthokonta,Fungi,Chytridiomycota,Zygophlyctidales,Zygophlyctidaceae,Zygophlyctis,Zygophlyctis_melosirae
ASV_222,Eukaryota,TSAR,Stramenopiles,Gyrista,Chrysophyceae,Ochromonadales,Ochromonadaceae,Poteriospumella,Poteriospumella_lacustris
ASV_223,Eukaryota,TSAR,Rhizaria,Cercozoa,Novel-clade-10-12,Novel-clade-10,Novel-clade-10_X,Novel-clade-10_XX,Novel-clade-10_XX_sp.
ASV_224,Eukaryota,Obazoa,Opisthokonta,Fungi,Basidiomycota,Agaricomycotina,NA,NA,NA
ASV_225,Eukaryota,TSAR,Stramenopiles,Bigyra,Bicoecea,Bicoecales,Bicoecaceae,Bicosoeca,Bicosoeca_petiolata
ASV_226,Eukaryota,Archaeplastida,Chlorophyta,Chlorophyta_X,Chlorophyceae,Chlamydomonadales,Chlamydomonadales_X,Gonium,Gonium_pectorale
ASV_227,Eukaryota,Obazoa,Opisthokonta,Metazoa,Arthropoda,Crustacea,Maxillopoda,Occidodiaptomus,NA
ASV_228,Eukaryota,Obazoa,Opisthokonta,Fungi,Basidiomycota,Ustilaginomycotina,Ustilaginomycetes,Pseudozyma,Pseudozyma_aphidis
ASV_229,Eukaryota,Obazoa,Opisthokonta,Fungi,NA,NA,NA,NA,NA
ASV_230,Eukaryota,TSAR,Stramenopiles,Gyrista,Peronosporomycetes,Peronosporomycetes_X,NA,NA,NA
ASV_231,Eukaryota,TSAR,Stramenopiles,Gyrista,Chrysophyceae,NA,NA,NA,NA
ASV_232,Eukaryota,TSAR,Stramenopiles,Bigyra,Opalozoa,Opalozoa_X,MAST-12,MAST-12C,MAST-12C_sp.
ASV_233,Eukaryota,Cryptista,Cryptophyta,Cryptophyta_X,Cryptophyceae,Cryptomonadales,Cryptomonadales_X,Cryptomonas,Cryptomonas_vietnamica
ASV_234,Eukaryota,TSAR,Stramenopiles,Gyrista,Chrysophyceae,Chromulinales,Chromulinales_X,Chromulinales_XX,Chromulinales_XX_sp.
ASV_235,Eukaryota,Archaeplastida,Chlorophyta,Chlorophyta_X,Trebouxiophyceae,Trebouxiophyceae_X,Trebouxiophyceae_XX,Botryococcus,Botryococcus_braunii
ASV_236,Eukaryota,Obazoa,Opisthokonta,Fungi,Chytridiomycota,Rhizophydiales,Rhizophydiales_X,Rhizophydiales_XX,Rhizophydiales_XX_sp.
ASV_237,Eukaryota,TSAR,Stramenopiles,Gyrista,Chrysophyceae,Apoikiales,Apoikiaceae,NA,NA
ASV_238,Eukaryota,Obazoa,Opisthokonta,Fungi,NA,NA,NA,NA,NA
ASV_239,Eukaryota,TSAR,Stramenopiles,Gyrista,Coscinodiscophyceae,Rhizosoleniales,Rhizosoleniaceae,Urosolenia,Urosolenia_eriensis
ASV_240,Eukaryota,TSAR,Rhizaria,Cercozoa,Novel-clade-10-12,Novel-clade-10,Novel-clade-10_X,Novel-clade-10_XX,Novel-clade-10_XX_sp.
ASV_241,Eukaryota,Obazoa,Opisthokonta,Fungi,Chytridiomycota,Chytridiales,Chytridiaceae,Allochytridium,Allochytridium_luteum
ASV_242,Eukaryota,Archaeplastida,Chlorophyta,Chlorophyta_X,Chlorophyceae,Chlamydomonadales,Chlamydomonadales_X,Carteria,Carteria_lunzensis
ASV_243,Eukaryota,TSAR,Stramenopiles,Gyrista,Chrysophyceae,NA,NA,NA,NA
ASV_244,Eukaryota,Obazoa,Opisthokonta,Metazoa,Arthropoda,Crustacea,Maxillopoda,Occidodiaptomus,NA
ASV_245,Eukaryota,Obazoa,Opisthokonta,Metazoa,Arthropoda,Crustacea,Maxillopoda,Tropocyclops,Tropocyclops_ishidai
ASV_246,Eukaryota,Obazoa,Opisthokonta,Metazoa,Gastrotricha,Gastrotricha_X,Gastrotricha_XX,Chaetonotus,NA
ASV_247,Eukaryota,Obazoa,Opisthokonta,Fungi,NA,NA,NA,NA,NA
ASV_248,Eukaryota,TSAR,Stramenopiles,Gyrista,Raphidophyceae,Raphidophyceae_X,Raphidophyceae_XX,Vacuolaria,Vacuolaria_virescens
ASV_249,Eukaryota,Obazoa,Opisthokonta,Metazoa,Arthropoda,Crustacea,Maxillopoda,Occidodiaptomus,NA
ASV_250,Eukaryota,Archaeplastida,Chlorophyta,Chlorophyta_X,Chlorophyceae,Chlamydomonadales,Chlamydomonadales_X,NA,NA
ASV_251,Eukaryota,Obazoa,Opisthokonta,Metazoa,Arthropoda,Crustacea,Ostracoda,Cypridopsis,NA
ASV_252,Eukaryota,Cryptista,Cryptophyta,Cryptophyta_X,Cryptophyceae,Cryptomonadales,Cryptomonadales_X,Cryptomonas,Cryptomonas_vietnamica
ASV_253,Eukaryota,Archaeplastida,Chlorophyta,Chlorophyta_X,Chlorophyceae,Chlamydomonadales,Chlamydomonadales_X,Fasciculochloris,Fasciculochloris_boldii
ASV_254,Eukaryota,TSAR,Stramenopiles,Gyrista,Raphidophyceae,Raphidophyceae_X,Raphidophyceae_XX,NA,NA
ASV_255,Eukaryota,Archaeplastida,Chlorophyta,Chlorophyta_X,Trebouxiophyceae,Chlorellales,Chlorellales_X,Micractinium,Micractinium_reisseri
ASV_256,Eukaryota,Obazoa,Opisthokonta,Metazoa,Gastrotricha,Gastrotricha_X,Gastrotricha_XX,Chaetonotus,Chaetonotus_sp.
ASV_257,Eukaryota,Obazoa,Opisthokonta,Fungi,Chytridiomycota,Rhizophydiales,Rhizophydiales_X,Rhizophydiales_XX,Rhizophydiales_XX_sp.
ASV_258,Eukaryota,Obazoa,Opisthokonta,Fungi,Rozellomycota,Rozellomycota_X,Rozellomycota_XX,Rozella,Rozella_multimorpha
ASV_259,Eukaryota,TSAR,Stramenopiles,Gyrista,Peronosporomycetes,Peronosporomycetes_X,Saprolegniales,Aphanomyces,NA
ASV_260,Eukaryota,TSAR,Stramenopiles,Gyrista,Peronosporomycetes,Peronosporomycetes_X,Peronosporales,Peronosporales_X,Peronosporales_X_sp.
ASV_261,Eukaryota,Obazoa,Opisthokonta,Fungi,Chytridiomycota,Chytridiales,Chytridiaceae,Chytridium,Chytridium_polysiphoniae
ASV_262,Eukaryota,Obazoa,Opisthokonta,Fungi,NA,NA,NA,NA,NA
ASV_263,Eukaryota,TSAR,Alveolata,Dinoflagellata,Dinophyceae,Gonyaulacales,Ceratiaceae,Ceratium,Ceratium_hirundinella
ASV_264,Eukaryota,Obazoa,Opisthokonta,Metazoa,Arthropoda,Crustacea,Ostracoda,Spinileberis,Spinileberis_quadriaculeata
ASV_265,Eukaryota,Obazoa,Opisthokonta,Fungi,Chytridiomycota,Zygophlyctidales,Zygophlyctidaceae,Zygophlyctis,Zygophlyctis_melosirae
ASV_266,Eukaryota,TSAR,Stramenopiles,Bigyra,Bicoecea,Pseudodendromonadales,Pseudodendromonadales_X,Pseudodendromonadales_XX,Pseudodendromonadales_XX_sp.
ASV_267,Eukaryota,TSAR,Stramenopiles,Bigyra,Opalozoa,Opalozoa_X,MAST-12,MAST-12C,MAST-12C_sp.
ASV_268,Eukaryota,Archaeplastida,Chlorophyta,Chlorophyta_X,Chlorophyceae,Sphaeropleales,Scenedesmaceae,Scenedesmaceae_X,Scenedesmaceae_X_sp.
ASV_269,Eukaryota,TSAR,Stramenopiles,Gyrista,Chrysophyceae,Paraphysomonadales,Paraphysomonadaceae,Paraphysomonas,Paraphysomonas_vulgaris
ASV_270,Eukaryota,TSAR,Stramenopiles,Gyrista,Mediophyceae,Thalassiosirales,Stephanodiscaceae,Stephanodiscus,NA
ASV_271,Eukaryota,Obazoa,Opisthokonta,Fungi,NA,NA,NA,NA,NA
ASV_272,Eukaryota,TSAR,Stramenopiles,Bigyra,Opalozoa,Opalozoa_X,MAST-12,MAST-12_X,MAST-12_X_sp.
ASV_273,Eukaryota,Obazoa,Opisthokonta,Fungi,NA,NA,NA,NA,NA
ASV_274,Eukaryota,TSAR,Stramenopiles,Bigyra,Opalozoa,Opalozoa_X,MAST-12,MAST-12_X,MAST-12_X_sp.
ASV_275,Eukaryota,Archaeplastida,Streptophyta,Streptophyta_X,Zygnemophyceae,Zygnemophyceae_X,Zygnemophyceae_XX,Cosmarium,Cosmarium_tinctum
ASV_276,Eukaryota,TSAR,Stramenopiles,Gyrista,Chrysophyceae,Chrysophyceae_env_clade-I,Chrysophyceae_env_clade-I_X,Chrysophyceae_env_clade-I_XX,Chrysophyceae_env_clade-I_XX_sp.
ASV_277,Eukaryota,TSAR,Stramenopiles,Gyrista,Chrysophyceae,Synurales,Synuraceae,Mallomonas,Mallomonas_caudata
ASV_278,Eukaryota,Archaeplastida,Chlorophyta,Chlorophyta_X,Chlorophyceae,Chlamydomonadales,Chlamydomonadales_X,NA,NA
ASV_279,Eukaryota,Archaeplastida,Chlorophyta,Chlorophyta_X,Chlorophyceae,Sphaeropleales,Sphaeropleales_X,Tetraedron,Tetraedron_minimum
ASV_280,Eukaryota,Obazoa,Opisthokonta,Metazoa,Gastrotricha,Gastrotricha_X,Gastrotricha_XX,Chaetonotus,NA
ASV_281,Eukaryota,TSAR,Stramenopiles,Bigyra,Bicoecea,Pseudodendromonadales,Pseudodendromonadales_X,Pseudodendromonadales_XX,Pseudodendromonadales_XX_sp.
ASV_282,Eukaryota,TSAR,Stramenopiles,Bigyra,Bicoecea,Pseudodendromonadales,Pseudodendromonadales_X,Pseudodendromonadales_XX,Pseudodendromonadales_XX_sp.
ASV_283,Eukaryota,TSAR,Stramenopiles,Gyrista,Chrysophyceae,NA,NA,NA,NA
ASV_284,Eukaryota,TSAR,Stramenopiles,Bigyra,Opalozoa,Opalozoa_X,MAST-12,MAST-12C,MAST-12C_sp.
ASV_285,Eukaryota,TSAR,Rhizaria,Cercozoa,Novel-clade-10-12,Novel-clade-10,Novel-clade-10_X,Novel-clade-10_XX,Novel-clade-10_XX_sp.
ASV_286,Eukaryota,TSAR,Stramenopiles,Gyrista,Chrysophyceae,NA,NA,NA,NA
ASV_287,Eukaryota,Obazoa,Opisthokonta,Metazoa,Arthropoda,Crustacea,Ostracoda,Cypridopsis,NA
ASV_288,Eukaryota,TSAR,Stramenopiles,Gyrista,Chrysophyceae,NA,NA,NA,NA
ASV_289,Eukaryota,Obazoa,Opisthokonta,Fungi,Chytridiomycota,Zygophlyctidales,Zygophlyctidaceae,Zygophlyctis,NA
ASV_290,Eukaryota,TSAR,Stramenopiles,Gyrista,Mediophyceae,Thalassiosirales,Stephanodiscaceae,Stephanodiscus,Stephanodiscus_hantzschii
ASV_291,Eukaryota,TSAR,Stramenopiles,Gyrista,Chrysophyceae,Hibberdiales,Hibberdiales_X,Hibberdiales_XX,Hibberdiales_XX_sp.
ASV_292,Eukaryota,TSAR,Stramenopiles,Gyrista,Chrysophyceae,NA,NA,NA,NA
ASV_293,Eukaryota,Obazoa,Opisthokonta,Metazoa,Arthropoda,Crustacea,Branchiopoda,Scapholeberis,Scapholeberis_mucronata
ASV_294,Eukaryota,Obazoa,Opisthokonta,Fungi,Blastocladiomycota,Blastocladiomycotina,Blastocladiomycetes,Hyaloraphidium,Hyaloraphidium_curvatum
ASV_295,Eukaryota,Obazoa,Opisthokonta,Fungi,NA,NA,NA,NA,NA
ASV_296,Eukaryota,TSAR,Stramenopiles,Bigyra,Bicoecea,Pseudodendromonadales,Pseudodendromonadales_X,Pseudodendromonadales_XX,Pseudodendromonadales_XX_sp.
ASV_297,Eukaryota,TSAR,Stramenopiles,Gyrista,Peronosporomycetes,Peronosporomycetes_X,Peronosporales,NA,NA
ASV_298,Eukaryota,Obazoa,Opisthokonta,Fungi,NA,NA,NA,NA,NA
ASV_299,Eukaryota,Archaeplastida,Chlorophyta,Chlorophyta_X,Chlorophyceae,Sphaeropleales,Sphaeropleales_X,Ankyra,Ankyra_judayi
ASV_300,Eukaryota,TSAR,Stramenopiles,Bigyra,Bicoecea,Bicoecales,Bicoecaceae,Bicosoeca,Bicosoeca_petiolata
ASV_301,Eukaryota,TSAR,Stramenopiles,Bigyra,Sagenista,NA,NA,NA,NA
ASV_302,Eukaryota,Obazoa,Opisthokonta,Fungi,Chytridiomycota,NA,NA,NA,NA
ASV_303,Eukaryota,TSAR,Stramenopiles,Gyrista,Mediophyceae,Thalassiosirales,Stephanodiscaceae,Stephanodiscus,Stephanodiscus_hantzschii
ASV_304,Eukaryota,Archaeplastida,Chlorophyta,Chlorophyta_X,Chlorophyceae,Chlamydomonadales,Chlamydomonadales_X,NA,NA
ASV_305,Eukaryota,Obazoa,Opisthokonta,Fungi,Zoopagomycota,Entomophthoromycotina,Entomophthoromycotina_X,Furia,Furia_ithacensis
ASV_306,Eukaryota,Obazoa,Opisthokonta,Fungi,Chytridiomycota,Rhizophydiales,Kappamycetaceae,Kappamyces,NA
ASV_307,Eukaryota,Cryptista,Cryptophyta,Cryptophyta_X,Cryptophyceae,Cryptophyceae_X,Basal_Cryptophyceae-1,Basal_Cryptophyceae-1_X,Basal_Cryptophyceae-1_X_sp.
ASV_308,Eukaryota,Obazoa,Opisthokonta,Metazoa,Gastrotricha,Gastrotricha_X,Gastrotricha_XX,Chaetonotus,Chaetonotus_sp.
ASV_309,Eukaryota,Archaeplastida,Chlorophyta,Chlorophyta_X,Chlorophyceae,Chlamydomonadales,Chlamydomonadales_X,Carteria,Carteria_lunzensis
ASV_310,Eukaryota,TSAR,Stramenopiles,Gyrista,Peronosporomycetes,Peronosporomycetes_X,Peronosporales,Peronosporales_X,Peronosporales_X_sp.
ASV_311,Eukaryota,TSAR,Rhizaria,Cercozoa,Novel-clade-10-12,Novel-clade-10,Novel-clade-10_X,Novel-clade-10_XX,Novel-clade-10_XX_sp.
ASV_312,Eukaryota,Obazoa,Opisthokonta,Metazoa,Arthropoda,Crustacea,Branchiopoda,NA,NA
ASV_313,Eukaryota,Obazoa,Opisthokonta,Metazoa,Arthropoda,Crustacea,Branchiopoda,Scapholeberis,Scapholeberis_mucronata
ASV_314,Eukaryota,TSAR,Stramenopiles,Gyrista,Chrysophyceae,Ochromonadales,Ochromonadaceae,Poteriospumella,NA
ASV_315,Eukaryota,TSAR,Stramenopiles,Gyrista,Pirsoniales,Pirsoniales_X,Pirsoniales_XX,Pirsonia,Pirsonia_sp.
ASV_316,Eukaryota,Archaeplastida,Streptophyta,Streptophyta_X,Zygnemophyceae,Zygnemophyceae_X,Zygnemophyceae_XX,Mougeotia,Mougeotia_sp.
ASV_317,Eukaryota,Archaeplastida,Chlorophyta,Chlorophyta_X,Chlorophyceae,Sphaeropleales,NA,NA,NA
ASV_318,Eukaryota,Obazoa,Opisthokonta,Metazoa,Gastrotricha,Gastrotricha_X,Gastrotricha_XX,Chaetonotus,Chaetonotus_gelidus
ASV_319,Eukaryota,TSAR,Rhizaria,Cercozoa,Filosa-Sarcomonadea,Pansomonadida,Pansomonadida_X,Pansomonadida_XX,Pansomonadida_XX_sp.
ASV_320,Eukaryota,Obazoa,Opisthokonta,Fungi,Chytridiomycota,Rhizophydiales,Rhizophydiaceae,Rhizophydium,Rhizophydium_sp.
ASV_321,Eukaryota,TSAR,Stramenopiles,Gyrista,Chrysophyceae,Ochromonadales,Ochromonadaceae,Dinobryon,Dinobryon_sp.
ASV_322,Eukaryota,TSAR,Stramenopiles,Gyrista,Peronosporomycetes,Peronosporomycetes_X,Peronosporales,Lagenidium,Lagenidium_caudatum
ASV_323,Eukaryota,Cryptista,Cryptophyta,Cryptophyta_X,Cryptophyceae,Cryptomonadales,Cryptomonadales_X,Komma,Komma_caudata
ASV_324,Eukaryota,Obazoa,Opisthokonta,Metazoa,Arthropoda,Crustacea,Maxillopoda,Occidodiaptomus,NA
ASV_325,Eukaryota,TSAR,Stramenopiles,Bigyra,Bicoecea,Bicoecales,Bicoecaceae,Bicoecaceae_X,Bicoecaceae_X_sp.
ASV_326,Eukaryota,Obazoa,Opisthokonta,Metazoa,Arthropoda,Crustacea,Ostracoda,Cypridopsis,Cypridopsis_adusta
ASV_327,Eukaryota,Cryptista,Cryptophyta,Cryptophyta_X,Cryptophyceae,Cryptomonadales,Cryptomonadales_X,Cryptomonas,Cryptomonas_curvata
ASV_328,Eukaryota,TSAR,Stramenopiles,Gyrista,Chrysophyceae,NA,NA,NA,NA
ASV_329,Eukaryota,Obazoa,Opisthokonta,Fungi,Chytridiomycota,Rhizophydiales,Kappamycetaceae,Kappamyces,Kappamyces_sp.
ASV_330,Eukaryota,Archaeplastida,Chlorophyta,Chlorophyta_X,Chlorophyceae,Sphaeropleales,Sphaeropleales_X,Mychonastes,Mychonastes_homosphaera
ASV_331,Eukaryota,TSAR,Rhizaria,Cercozoa,Novel-clade-10-12,Tremulida,Tremulidae,Tremula,Tremula_longifila
ASV_332,Eukaryota,TSAR,Stramenopiles,Bigyra,Bicoecea,Pseudodendromonadales,Pseudodendromonadales_X,Pseudodendromonadales_XX,Pseudodendromonadales_XX_sp.
ASV_333,Eukaryota,TSAR,Stramenopiles,Gyrista,Peronosporomycetes,Peronosporomycetes_X,Haliphthorales,NA,NA
ASV_334,Eukaryota,TSAR,Stramenopiles,Gyrista,Chrysophyceae,NA,NA,NA,NA
ASV_335,Eukaryota,Obazoa,Opisthokonta,Metazoa,Arthropoda,Crustacea,Maxillopoda,NA,NA
ASV_336,Eukaryota,Obazoa,Opisthokonta,Ichthyosporea,Ichthyophonida,Ichthyosphonida_X,Ichthyophonidae_Freshwater,Ichthyophonidae_Freshwater_X,Ichthyophonidae_Freshwater_X_sp.
ASV_337,Eukaryota,Archaeplastida,Chlorophyta,Chlorophyta_X,Mamiellophyceae,Monomastigales,Monomastigaceae,Monomastigaceae_X,Monomastigaceae_X_sp.
ASV_338,Eukaryota,Obazoa,Opisthokonta,Fungi,Basidiomycota,Agaricomycotina,Agaricomycetes,NA,NA
ASV_339,Eukaryota,Obazoa,Opisthokonta,Metazoa,Gastrotricha,Gastrotricha_X,Gastrotricha_XX,Chaetonotus,Chaetonotus_sp.
ASV_340,Eukaryota,TSAR,Rhizaria,Cercozoa,Novel-clade-10-12,Novel-clade-10,Novel-clade-10_X,Novel-clade-10_XX,Novel-clade-10_XX_sp.
ASV_341,Eukaryota,Obazoa,Opisthokonta,Fungi,Chytridiomycota,NA,NA,NA,NA
ASV_342,Eukaryota,TSAR,Stramenopiles,Gyrista,Peronosporomycetes,Peronosporomycetes_X,Saprolegniales,Achlya,Achlya_bisexualis
ASV_343,Eukaryota,Obazoa,Opisthokonta,Metazoa,Arthropoda,Crustacea,Maxillopoda,Occidodiaptomus,NA
ASV_344,Eukaryota,TSAR,Stramenopiles,Bigyra,Bicoecea,Pseudodendromonadales,Pseudodendromonadales_X,Pseudodendromonadales_XX,Pseudodendromonadales_XX_sp.
ASV_345,Eukaryota,Obazoa,Opisthokonta,Metazoa,Arthropoda,Crustacea,Ostracoda,Cypridopsis,NA
ASV_346,Eukaryota,Obazoa,Opisthokonta,Metazoa,Arthropoda,Crustacea,Branchiopoda,Bosmina,Bosmina_longirostris
ASV_347,Eukaryota,Archaeplastida,Chlorophyta,Chlorophyta_X,Trebouxiophyceae,Chlorellales,Chlorellales_X,Micractinium,NA
ASV_348,Eukaryota,TSAR,Stramenopiles,Gyrista,Chrysophyceae,Ochromonadales,Ochromonadaceae,Chlorochromonas,Chlorochromonas_sp.
ASV_349,Eukaryota,Obazoa,Opisthokonta,Metazoa,Arthropoda,Crustacea,Maxillopoda,Occidodiaptomus,NA
ASV_350,Eukaryota,Archaeplastida,Chlorophyta,Chlorophyta_X,Chlorophyceae,Chlamydomonadales,Chlamydomonadales_X,NA,NA
ASV_351,Eukaryota,Obazoa,Opisthokonta,Metazoa,Arthropoda,Crustacea,Branchiopoda,Daphnia,Daphnia_pulex
ASV_352,Eukaryota,Cryptista,Cryptophyta,Cryptophyta_X,Cryptophyceae,Cryptophyceae_X,Basal_Cryptophyceae-1,Basal_Cryptophyceae-1_X,Basal_Cryptophyceae-1_X_sp.
ASV_353,Eukaryota,Obazoa,Opisthokonta,Fungi,NA,NA,NA,NA,NA
ASV_354,Eukaryota,Obazoa,Opisthokonta,Metazoa,Arthropoda,Crustacea,Branchiopoda,Pleuroxus,Pleuroxus_aduncus
ASV_355,Eukaryota,TSAR,Stramenopiles,Gyrista,Mediophyceae,Thalassiosirales,Stephanodiscaceae,Stephanodiscus,NA
ASV_356,Eukaryota,TSAR,Stramenopiles,Gyrista,Eustigmatophyceae,Eustigmatophyceae_X,Eustigmatophyceae_XX,Trachydiscus,Trachydiscus_sp.
ASV_357,Eukaryota,Archaeplastida,Chlorophyta,Chlorophyta_X,Chlorophyceae,Chlamydomonadales,Chlamydomonadales_X,NA,NA
ASV_358,Eukaryota,Archaeplastida,Chlorophyta,Chlorophyta_X,Trebouxiophyceae,Chlorellales,Chlorellales_X,Lagerheimia,Lagerheimia_ciliata
ASV_359,Eukaryota,TSAR,Stramenopiles,Gyrista,Chrysophyceae,Ochromonadales,Ochromonadaceae,Poterioochromonas,Poterioochromonas_stipitata
ASV_360,Eukaryota,Obazoa,Opisthokonta,Fungi,Chytridiomycota,Rhizophydiales,Rhizophydiaceae,Rhizophydium,Rhizophydium_sp.
ASV_361,Eukaryota,TSAR,Stramenopiles,Bigyra,Opalozoa,Opalozoa_X,MAST-12,MAST-12_X,MAST-12_X_sp.
ASV_362,Eukaryota,TSAR,Stramenopiles,Gyrista,Chrysophyceae,Chrysophyceae_env_clade-I,Chrysophyceae_env_clade-I_X,Chrysophyceae_env_clade-I_XX,Chrysophyceae_env_clade-I_XX_sp.
ASV_363,Eukaryota,TSAR,Stramenopiles,Gyrista,Peronosporomycetes,Peronosporomycetes_X,NA,NA,NA
ASV_364,Eukaryota,TSAR,Alveolata,Dinoflagellata,Dinophyceae,Gonyaulacales,Ceratiaceae,Ceratium,Ceratium_hirundinella
ASV_365,Eukaryota,Archaeplastida,Chlorophyta,Chlorophyta_X,Trebouxiophyceae,Prasiolales,Prasiolales_X,Stichococcus,Stichococcus_bacillaris
ASV_366,Eukaryota,Archaeplastida,Chlorophyta,Chlorophyta_X,Chlorophyceae,Sphaeropleales,Sphaeropleales_X,Ankyra,Ankyra_judayi
ASV_367,Eukaryota,Obazoa,Opisthokonta,Fungi,NA,NA,NA,NA,NA
ASV_368,Eukaryota,TSAR,Stramenopiles,Gyrista,Peronosporomycetes,Peronosporomycetes_X,Saprolegniales,Saprolegnia,Saprolegnia_parasitica
ASV_369,Eukaryota,TSAR,Stramenopiles,Gyrista,Peronosporomycetes,Peronosporomycetes_X,Peronosporales,Peronosporales_X,Peronosporales_X_sp.
ASV_370,Eukaryota,Archaeplastida,Chlorophyta,Chlorophyta_X,Chlorophyceae,Chlamydomonadales,Chlamydomonadales_X,Fasciculochloris,Fasciculochloris_boldii
ASV_371,Eukaryota,Archaeplastida,Chlorophyta,Chlorophyta_X,Trebouxiophyceae,Chlorellales,Chlorellales_X,NA,NA
ASV_372,Eukaryota,Archaeplastida,Streptophyta,Streptophyta_X,Zygnemophyceae,Zygnemophyceae_X,Zygnemophyceae_XX,NA,NA
ASV_373,Eukaryota,Obazoa,Opisthokonta,Metazoa,Arthropoda,Crustacea,Ostracoda,Cypridopsis,NA
ASV_374,Eukaryota,Obazoa,Opisthokonta,Metazoa,Arthropoda,Crustacea,Branchiopoda,Acroperus,Acroperus_harpae
ASV_375,Eukaryota,Obazoa,Opisthokonta,Fungi,Chytridiomycota,Rhizophydiales,Rhizophydiaceae,Rhizophydium,Rhizophydium_sp.
ASV_376,Eukaryota,TSAR,Stramenopiles,Gyrista,Chrysophyceae,Chrysophyceae_Cluster-I,Chrysophyceae_Cluster-I_X,Chrysophyceae_Cluster-I_XX,Chrysophyceae_Cluster-I_XX_sp.
ASV_377,Eukaryota,Obazoa,Opisthokonta,Fungi,Chytridiomycota,Zygophlyctidales,Zygophlyctidaceae,Zygophlyctis,NA
ASV_378,Eukaryota,TSAR,Stramenopiles,Bigyra,Bicoecea,Bicoecales,Bicoecaceae,Bicoecaceae_X,Bicoecaceae_X_sp.
ASV_379,Eukaryota,TSAR,Stramenopiles,Gyrista,Chrysophyceae,Ochromonadales,Ochromonadaceae,Poteriospumella,NA
ASV_380,Eukaryota,TSAR,Stramenopiles,Gyrista,Chrysophyceae,NA,NA,NA,NA
ASV_381,Eukaryota,Obazoa,Opisthokonta,Ichthyosporea,Ichthyophonida,Ichthyosphonida_X,Ichthyophonidae_Freshwater,Ichthyophonidae_Freshwater_X,Ichthyophonidae_Freshwater_X_sp.
ASV_382,Eukaryota,Archaeplastida,Chlorophyta,Chlorophyta_X,Chlorophyceae,Sphaeropleales,Sphaeropleales_X,Mychonastes,Mychonastes_sp.
ASV_383,Eukaryota,TSAR,Stramenopiles,Gyrista,Chrysophyceae,Ochromonadales,Ochromonadales_clade-XI,Ochromonadales_clade-XI_X,Ochromonadales_clade-XI_X_sp.
ASV_384,Eukaryota,Archaeplastida,Chlorophyta,Chlorophyta_X,Chlorophyceae,Chlamydomonadales,Chlamydomonadales_X,Chlamydomonas,Chlamydomonas_acidophila
ASV_385,Eukaryota,TSAR,Stramenopiles,Gyrista,Hyphochytriomyceta,Hyphochytriales,Hyphochytrydiales_X,Hyphochytrydiales_XX,Hyphochytrydiales_XX_sp.
ASV_386,Eukaryota,TSAR,Stramenopiles,Bigyra,Bicoecea,Pseudodendromonadales,Pseudodendromonadales_X,Pseudodendromonadales_XX,Pseudodendromonadales_XX_sp.
ASV_387,Eukaryota,Obazoa,Opisthokonta,Metazoa,Arthropoda,Hexapoda,Insecta,Corethrella,Corethrella_wirthi
ASV_388,Eukaryota,TSAR,Rhizaria,Cercozoa,Novel-clade-10-12,Novel-clade-10,Novel-clade-10_X,Novel-clade-10_XX,Novel-clade-10_XX_sp.
ASV_389,Eukaryota,Archaeplastida,Chlorophyta,Chlorophyta_X,Chlorophyceae,Oedogoniales,Oedogoniales_X,Oedogonium,Oedogonium_sp.
ASV_390,Eukaryota,Obazoa,Opisthokonta,Fungi,Chytridiomycota,Zygophlyctidales,Zygophlyctidaceae,Zygophlyctis,Zygophlyctis_melosirae
ASV_391,Eukaryota,Obazoa,Opisthokonta,Fungi,NA,NA,NA,NA,NA
ASV_392,Eukaryota,TSAR,Stramenopiles,Bigyra,Bicoecea,Pseudodendromonadales,Pseudodendromonadales_X,Pseudodendromonadales_XX,Pseudodendromonadales_XX_sp.
ASV_393,Eukaryota,Obazoa,Opisthokonta,Metazoa,Arthropoda,Crustacea,Branchiopoda,Scapholeberis,Scapholeberis_mucronata
ASV_394,Eukaryota,Obazoa,Opisthokonta,Metazoa,Arthropoda,Crustacea,Maxillopoda,Occidodiaptomus,NA
ASV_395,Eukaryota,Obazoa,Opisthokonta,Choanoflagellata,Choanoflagellatea,Choanoflagellatea_X,Choanoflagellatea_XX_Group_P,Choanoflagellatea_XXX_Group_P_X,Choanoflagellatea_XXX_Group_P_X_sp.
ASV_396,Eukaryota,TSAR,Stramenopiles,Bigyra,Bicoecea,NA,NA,NA,NA
ASV_397,Eukaryota,TSAR,Stramenopiles,Gyrista,Eustigmatophyceae,Eustigmatophyceae_X,Eustigmatophyceae_XX,Trachydiscus,Trachydiscus_sp.
ASV_398,Eukaryota,Obazoa,Opisthokonta,Metazoa,Arthropoda,Crustacea,Ostracoda,NA,NA
ASV_399,Eukaryota,Obazoa,Opisthokonta,Fungi,Chytridiomycota,Zygophlyctidales,Zygophlyctidaceae,Zygophlyctis,NA
ASV_400,Eukaryota,Archaeplastida,Chlorophyta,Chlorophyta_X,Chlorophyceae,Sphaeropleales,Sphaeropleales_X,NA,NA
ASV_401,Eukaryota,Obazoa,Opisthokonta,NA,NA,NA,NA,NA,NA
ASV_402,Eukaryota,Obazoa,Opisthokonta,Metazoa,Arthropoda,Crustacea,Maxillopoda,Occidodiaptomus,NA
ASV_403,Eukaryota,TSAR,Stramenopiles,Gyrista,Chrysophyceae,NA,NA,NA,NA
ASV_404,Eukaryota,Archaeplastida,Chlorophyta,Chlorophyta_X,Chlorophyceae,Sphaeropleales,Sphaeropleales_X,Protodesmus,Protodesmus_globulifer
ASV_405,Eukaryota,Archaeplastida,Chlorophyta,Chlorophyta_X,Trebouxiophyceae,Microthamniales,Microthamniales_X,Microthamniales_XX,Microthamniales_XX_sp.
ASV_406,Eukaryota,Obazoa,Opisthokonta,Metazoa,Nematoda,Chromadorea,Haliplectoidea,Rhabdolaimus,Rhabdolaimus_aquaticus
ASV_407,Eukaryota,Cryptista,Cryptophyta,Cryptophyta_X,Cryptophyceae,Cryptomonadales,Cryptomonadales_X,Cryptomonas,Cryptomonas_curvata
ASV_408,Eukaryota,TSAR,Alveolata,Dinoflagellata,Dinophyceae,Gonyaulacales,Ceratiaceae,Ceratium,Ceratium_hirundinella
ASV_409,Eukaryota,Obazoa,Opisthokonta,Fungi,Chytridiomycota,NA,NA,NA,NA
ASV_410,Eukaryota,TSAR,Stramenopiles,Gyrista,Peronosporomycetes,Peronosporomycetes_X,Peronosporales,Peronosporales_X,Peronosporales_X_sp.
ASV_411,Eukaryota,Obazoa,Opisthokonta,NA,NA,NA,NA,NA,NA
ASV_412,Eukaryota,TSAR,Stramenopiles,Gyrista,Chrysophyceae,NA,NA,NA,NA
ASV_413,Eukaryota,Obazoa,Opisthokonta,Metazoa,Arthropoda,Crustacea,Maxillopoda,Occidodiaptomus,NA
ASV_414,Eukaryota,Obazoa,Opisthokonta,Metazoa,Arthropoda,Crustacea,Ostracoda,Cypridopsis,NA
ASV_415,Eukaryota,Obazoa,Opisthokonta,Metazoa,Annelida,Annelida_X,Annelida_XX,NA,NA
ASV_416,Eukaryota,TSAR,Stramenopiles,Bigyra,Bicoecea,Pseudodendromonadales,Pseudodendromonadales_X,Pseudodendromonadales_XX,Pseudodendromonadales_XX_sp.
ASV_417,Eukaryota,TSAR,Alveolata,Ciliophora,Spirotrichea,Oligotrichida,Pelagostrombidiidae,Pelagostrombidiidae_X,Pelagostrombidiidae_X_sp.
ASV_418,Eukaryota,Haptista,Haptophyta,Haptophyta_X,Prymnesiophyceae,Prymnesiales,Chrysochromulinaceae,Chrysochromulina,Chrysochromulina_tobinii
ASV_419,Eukaryota,TSAR,Stramenopiles,Gyrista,Peronosporomycetes,Peronosporomycetes_X,NA,NA,NA
ASV_420,Eukaryota,Obazoa,Opisthokonta,Fungi,Chytridiomycota,Spizellomycetales,Spizellomycetales_X,Spizellomycetales_XX,Spizellomycetales_XX_sp.
ASV_421,Eukaryota,Archaeplastida,Streptophyta,Streptophyta_X,Zygnemophyceae,Zygnemophyceae_X,Zygnemophyceae_XX,Closterium,Closterium_incurvum
ASV_422,Eukaryota,Obazoa,Opisthokonta,Fungi,Basidiomycota,Agaricomycotina,Tremellomycetes,NA,NA
ASV_423,Eukaryota,TSAR,Rhizaria,Cercozoa,Novel-clade-10-12,Novel-clade-10,Novel-clade-10_X,Novel-clade-10_XX,Novel-clade-10_XX_sp.
ASV_424,Eukaryota,TSAR,Rhizaria,Cercozoa,Filosa-Sarcomonadea,Pansomonadida,Agitatidae,Agitatidae_X,Agitatidae_X_sp.
ASV_425,Eukaryota,TSAR,Stramenopiles,Bigyra,Bicoecea,Pseudodendromonadales,Pseudodendromonadales_X,Pseudodendromonadales_XX,Pseudodendromonadales_XX_sp.
ASV_426,Eukaryota,TSAR,Rhizaria,Cercozoa,Novel-clade-10-12,Novel-clade-10,Novel-clade-10_X,Novel-clade-10_XX,Novel-clade-10_XX_sp.
ASV_427,Eukaryota,TSAR,Stramenopiles,Gyrista,Chrysophyceae,Paraphysomonadales,Paraphysomonadaceae,Paraphysomonas,Paraphysomonas_vulgaris
ASV_428,Eukaryota,Obazoa,Opisthokonta,Fungi,Chytridiomycota,NA,NA,NA,NA
ASV_429,Eukaryota,Obazoa,Opisthokonta,Fungi,Chytridiomycota,Zygophlyctidales,Zygophlyctidaceae,Zygophlyctis,Zygophlyctis_melosirae
ASV_430,Eukaryota,Obazoa,Opisthokonta,Metazoa,Arthropoda,Crustacea,Branchiopoda,Daphnia,Daphnia_magna
ASV_431,Eukaryota,Obazoa,Opisthokonta,Fungi,Chytridiomycota,Zygophlyctidales,Zygophlyctidaceae,Zygophlyctis,NA
ASV_432,Eukaryota,TSAR,Stramenopiles,Gyrista,Chrysophyceae,Chrysophyceae_env_clade-I,Chrysophyceae_env_clade-I_X,Chrysophyceae_env_clade-I_XX,Chrysophyceae_env_clade-I_XX_sp.
ASV_433,Eukaryota,Archaeplastida,Chlorophyta,Chlorophyta_X,Chlorophyceae,Chlamydomonadales,Chlamydomonadales_X,NA,NA
ASV_434,Eukaryota,Obazoa,Opisthokonta,Metazoa,Arthropoda,Crustacea,Maxillopoda,NA,NA
ASV_435,Eukaryota,Obazoa,Opisthokonta,Metazoa,Arthropoda,Crustacea,Branchiopoda,Simocephalus,Simocephalus_vetulus
ASV_436,Eukaryota,Obazoa,Opisthokonta,Metazoa,Arthropoda,Crustacea,Branchiopoda,Bosmina,Bosmina_longirostris
ASV_437,Eukaryota,TSAR,Stramenopiles,Gyrista,Chrysophyceae,Ochromonadales,Ochromonadaceae,Poterioochromonas,Poterioochromonas_malhamensis
ASV_438,Eukaryota,Archaeplastida,Chlorophyta,Chlorophyta_X,Chlorophyceae,Chlamydomonadales,Chlamydomonadales_X,Oophila,Oophila_sp.
ASV_439,Eukaryota,TSAR,Stramenopiles,Gyrista,Peronosporomycetes,Peronosporomycetes_X,Peronosporales,NA,NA
ASV_440,Eukaryota,Obazoa,Opisthokonta,Fungi,Chytridiomycota,Rhizophydiales,Kappamycetaceae,Kappamyces,Kappamyces_sp.
ASV_441,Eukaryota,Obazoa,Opisthokonta,Metazoa,Arthropoda,Crustacea,Branchiopoda,Bosmina,Bosmina_longirostris
ASV_442,Eukaryota,Obazoa,Opisthokonta,Metazoa,Arthropoda,Crustacea,Branchiopoda,Bosmina,Bosmina_longirostris
ASV_443,Eukaryota,Obazoa,Opisthokonta,Fungi,Ascomycota,Pezizomycotina,Eurotiomycetes,Knufia,Knufia_cryptophialidica
ASV_444,Eukaryota,TSAR,Stramenopiles,Gyrista,Chrysophyceae,Ochromonadales,Ochromonadales_clade-X,Ochromonadales_clade-X_X,Ochromonadales_clade-X_X_sp.
ASV_445,Eukaryota,Obazoa,Opisthokonta,NA,NA,NA,NA,NA,NA
ASV_446,Eukaryota,TSAR,Stramenopiles,Bigyra,Bicoecea,Pseudodendromonadales,Pseudodendromonadales_X,Pseudodendromonadales_XX,Pseudodendromonadales_XX_sp.
ASV_447,Eukaryota,TSAR,Stramenopiles,Gyrista,Chrysophyceae,Synurales,Synuraceae,Synura,Synura_uvella
ASV_448,Eukaryota,Obazoa,Opisthokonta,Metazoa,Mollusca,Bivalvia,Palaeoheterodonta,Elliptio,Elliptio_complanata
ASV_449,Eukaryota,TSAR,Stramenopiles,Gyrista,Chrysophyceae,Chrysophyceae_env_clade-I,Chrysophyceae_env_clade-I_X,Chrysophyceae_env_clade-I_XX,Chrysophyceae_env_clade-I_XX_sp.
ASV_450,Eukaryota,Obazoa,Opisthokonta,Metazoa,Arthropoda,Crustacea,Branchiopoda,Daphnia,Daphnia_magna
ASV_451,Eukaryota,TSAR,Stramenopiles,Gyrista,Chrysophyceae,NA,NA,NA,NA
ASV_452,Eukaryota,TSAR,Stramenopiles,Bigyra,Bicoecea,Pseudodendromonadales,Pseudodendromonadales_X,Adriamonas,Adriamonas_peritocrescens
ASV_453,Eukaryota,TSAR,Rhizaria,Cercozoa,Novel-clade-10-12,Novel-clade-10,Novel-clade-10_X,Novel-clade-10_XX,Novel-clade-10_XX_sp.
ASV_454,Eukaryota,Obazoa,Opisthokonta,Metazoa,Arthropoda,Crustacea,Maxillopoda,NA,NA
ASV_455,Eukaryota,Obazoa,Opisthokonta,Fungi,NA,NA,NA,NA,NA
ASV_456,Eukaryota,Obazoa,Opisthokonta,Fungi,Chytridiomycota,Spizellomycetales,Spizellomycetales_X,Spizellomycetales_XX,Spizellomycetales_XX_sp.
ASV_457,Eukaryota,Obazoa,Opisthokonta,Fungi,Basidiomycota,Pucciniomycotina,Cystobasidiomycetes,Rhodotorula,Rhodotorula_phylloplana
ASV_458,Eukaryota,Archaeplastida,Chlorophyta,Chlorophyta_X,Chlorophyceae,Sphaeropleales,Sphaeropleales_X,NA,NA
ASV_459,Eukaryota,Obazoa,Opisthokonta,Fungi,Chytridiomycota,Rhizophydiales,Rhizophydiaceae,Rhizophydium,Rhizophydium_sp.
ASV_460,Eukaryota,Obazoa,Opisthokonta,Fungi,Aphelidiomycota,Aphelidiales,Aphelidiaceae,Aphelidium,Aphelidium_desmodesmi
ASV_461,Eukaryota,Obazoa,Opisthokonta,Metazoa,Arthropoda,Crustacea,Branchiopoda,Simocephalus,Simocephalus_vetulus
ASV_462,Eukaryota,TSAR,Stramenopiles,Bigyra,Bicoecea,Pseudodendromonadales,Pseudodendromonadales_X,Pseudodendromonadales_XX,Pseudodendromonadales_XX_sp.
ASV_463,Eukaryota,Archaeplastida,Chlorophyta,Chlorophyta_X,Chlorophyceae,Chlamydomonadales,Chlamydomonadales_X,Carteria,Carteria_lunzensis
ASV_464,Eukaryota,TSAR,Stramenopiles,NA,NA,NA,NA,NA,NA
ASV_465,Eukaryota,TSAR,Rhizaria,Cercozoa,Novel-clade-10-12,Tremulida,Tremulidae,Tremula,Tremula_sp.
ASV_466,Eukaryota,Obazoa,Opisthokonta,Fungi,Basidiomycota,Agaricomycotina,Agaricomycetes,NA,NA
ASV_467,Eukaryota,TSAR,NA,NA,NA,NA,NA,NA,NA
ASV_468,Eukaryota,TSAR,Stramenopiles,Gyrista,Chrysophyceae,NA,NA,NA,NA
ASV_469,Eukaryota,Archaeplastida,Chlorophyta,Chlorophyta_X,Chlorophyceae,Sphaeropleales,Sphaeropleales_X,Coelastrum,Coelastrum_astroideum
ASV_470,Eukaryota,Obazoa,Opisthokonta,Fungi,NA,NA,NA,NA,NA
ASV_471,Eukaryota,TSAR,Stramenopiles,Gyrista,Peronosporomycetes,Peronosporomycetes_X,Saprolegniales,Achlya,Achlya_apiculata
ASV_472,Eukaryota,Obazoa,Opisthokonta,Fungi,Chytridiomycota,Rhizophydiales,Kappamycetaceae,Kappamyces,Kappamyces_sp.
ASV_473,Eukaryota,Obazoa,Opisthokonta,Metazoa,Arthropoda,Crustacea,Maxillopoda,Occidodiaptomus,NA
ASV_474,Eukaryota,TSAR,Stramenopiles,Bigyra,Bicoecea,Pseudodendromonadales,Pseudodendromonadales_X,Pseudodendromonadales_XX,Pseudodendromonadales_XX_sp.
ASV_475,Eukaryota,TSAR,Stramenopiles,Gyrista,Peronosporomycetes,Peronosporomycetes_X,Peronosporales,Peronosporales_X,Peronosporales_X_sp.
ASV_476,Eukaryota,Obazoa,Opisthokonta,Fungi,Chytridiomycota,NA,NA,NA,NA
ASV_477,Eukaryota,TSAR,Stramenopiles,Gyrista,Peronosporomycetes,Peronosporomycetes_X,Peronosporales,Peronosporales_X,Peronosporales_X_sp.
ASV_478,Eukaryota,TSAR,Stramenopiles,Gyrista,Dictyochophyceae,Dictyochophyceae_X,Pedinellales,Pseudopedinella,Pseudopedinella_sp.
ASV_479,Eukaryota,Obazoa,Opisthokonta,Metazoa,Arthropoda,Crustacea,Maxillopoda,Occidodiaptomus,NA
ASV_480,Eukaryota,Obazoa,Opisthokonta,Metazoa,Arthropoda,Crustacea,Ostracoda,Cypridopsis,NA
ASV_481,Eukaryota,Haptista,Centroplasthelida,Centroplasthelida_X,Pterocystida,Pterista,Pterocystidae,Pterocystis,Pterocystis_sp.
ASV_482,Eukaryota,Obazoa,Opisthokonta,NA,NA,NA,NA,NA,NA
ASV_483,Eukaryota,TSAR,Stramenopiles,Bigyra,Bicoecea,Bicoecales,Bicoecaceae,Bicosoeca,Bicosoeca_petiolata
ASV_484,Eukaryota,TSAR,Stramenopiles,Gyrista,Peronosporomycetes,Peronosporomycetes_X,Peronosporales,Pythium,NA
ASV_485,Eukaryota,Obazoa,Opisthokonta,Fungi,NA,NA,NA,NA,NA
ASV_486,Eukaryota,Obazoa,Opisthokonta,Fungi,Rozellomycota,Rozellomycota_X,Rozellomycota_XX,Rozella,Rozella_multimorpha
ASV_487,Eukaryota,Cryptista,Cryptophyta,Cryptophyta_X,Cryptophyceae,Cryptomonadales,Cryptomonadales_X,Cryptomonas,Cryptomonas_curvata
ASV_488,Eukaryota,Obazoa,Opisthokonta,Fungi,Chytridiomycota,Chytridiales,Chytridiaceae,Chytriomyces,Chytriomyces_confervae
ASV_489,Eukaryota,TSAR,Stramenopiles,Gyrista,Peronosporomycetes,Peronosporomycetes_X,Saprolegniales,Saprolegniales_X,Saprolegniales_X_sp.
ASV_490,Eukaryota,Archaeplastida,Chlorophyta,Chlorophyta_X,Chlorophyceae,Chlamydomonadales,Chlamydomonadales_X,Pandorina,Pandorina_colemaniae
ASV_491,Eukaryota,TSAR,Rhizaria,Cercozoa,Novel-clade-10-12,Novel-clade-10,Novel-clade-10_X,Novel-clade-10_XX,Novel-clade-10_XX_sp.
ASV_492,Eukaryota,Archaeplastida,Chlorophyta,Chlorophyta_X,Chlorophyceae,Chlamydomonadales,Chlamydomonadales_X,NA,NA
ASV_493,Eukaryota,Obazoa,Opisthokonta,Fungi,Chytridiomycota,Rhizophydiales,Rhizophydiaceae,Rhizophydium,NA
ASV_494,Eukaryota,Obazoa,Opisthokonta,Fungi,Chytridiomycota,Zygophlyctidales,Zygophlyctidaceae,Zygophlyctis,Zygophlyctis_melosirae
ASV_495,Eukaryota,Obazoa,Opisthokonta,Fungi,Chytridiomycota,Spizellomycetales,Spizellomycetales_X,Spizellomycetales_XX,Spizellomycetales_XX_sp.
ASV_496,Eukaryota,TSAR,Stramenopiles,Gyrista,Peronosporomycetes,Peronosporomycetes_X,Peronosporales,Lagenidium,Lagenidium_caudatum
ASV_497,Eukaryota,Obazoa,Opisthokonta,Metazoa,Arthropoda,Crustacea,Maxillopoda,Occidodiaptomus,NA
ASV_498,Eukaryota,Haptista,Haptophyta,Haptophyta_X,Prymnesiophyceae,Prymnesiales,Chrysochromulinaceae,Chrysochromulina,Chrysochromulina_tobinii
ASV_499,Eukaryota,TSAR,Stramenopiles,Bigyra,Opalozoa,Opalozoa_X,MAST-12,MAST-12C,MAST-12C_sp.
ASV_500,Eukaryota,Obazoa,Opisthokonta,Metazoa,Arthropoda,Crustacea,Ostracoda,Cypridopsis,NA
ASV_501,Eukaryota,Obazoa,Opisthokonta,Metazoa,Arthropoda,Crustacea,Ostracoda,Cypridopsis,NA
ASV_502,Eukaryota,TSAR,Stramenopiles,Gyrista,Dictyochophyceae,Dictyochophyceae_X,Pedinellales,Pseudopedinella,Pseudopedinella_sp.
ASV_503,Eukaryota,Obazoa,Opisthokonta,Metazoa,Arthropoda,Crustacea,Maxillopoda,Occidodiaptomus,NA
ASV_504,Eukaryota,TSAR,Stramenopiles,Bigyra,Bicoecea,Pseudodendromonadales,Pseudodendromonadales_X,Pseudodendromonadales_XX,Pseudodendromonadales_XX_sp.
ASV_505,Eukaryota,Obazoa,Opisthokonta,Fungi,Zoopagomycota,Entomophthoromycotina,Entomophthoromycotina_X,Conidiobolus,Conidiobolus_coronatus
ASV_506,Eukaryota,TSAR,Rhizaria,Cercozoa,Endomyxa,Vampyrellida,Leptophryidae,Leptophryidae_X,Leptophryidae_X_sp.
ASV_507,Eukaryota,TSAR,Rhizaria,Rhizaria_X,Rhizaria_XX,Aquavolonida,Aquavolonida_X,Aquavolon,Aquavolon_dientrani
ASV_508,Eukaryota,Obazoa,Opisthokonta,Fungi,Chytridiomycota,Rhizophydiales,Kappamycetaceae,Kappamyces,NA
ASV_509,Eukaryota,Archaeplastida,Chlorophyta,Chlorophyta_X,Chlorophyceae,Sphaeropleales,Sphaeropleales_X,Desmodesmus,Desmodesmus_pannonicus
ASV_510,Eukaryota,Obazoa,Opisthokonta,Fungi,Basidiomycota,NA,NA,NA,NA
ASV_511,Eukaryota,Obazoa,Opisthokonta,Fungi,Basidiomycota,Agaricomycotina,Agaricomycetes,Xylobolus,Xylobolus_sp.
ASV_512,Eukaryota,Obazoa,Opisthokonta,Fungi,NA,NA,NA,NA,NA
ASV_513,Eukaryota,Archaeplastida,Streptophyta,Streptophyta_X,Zygnemophyceae,Zygnemophyceae_X,Zygnemophyceae_XX,Closterium,Closterium_gracile
ASV_514,Eukaryota,TSAR,Rhizaria,Cercozoa,NA,NA,NA,NA,NA
ASV_515,Eukaryota,Obazoa,Opisthokonta,Fungi,Chytridiomycota,Rhizophydiales,Rhizophydiaceae,Rhizophydium,NA
ASV_516,Eukaryota,Archaeplastida,Chlorophyta,Chlorophyta_X,Chlorophyceae,Chlamydomonadales,Chlamydomonadales_X,Chlamydomonas,NA
ASV_517,Eukaryota,Archaeplastida,Streptophyta,Streptophyta_X,Zygnemophyceae,Zygnemophyceae_X,Zygnemophyceae_XX,Cosmarium,Cosmarium_punctulatum
ASV_518,Eukaryota,TSAR,Rhizaria,Cercozoa,Novel-clade-10-12,Tremulida,Tremulidae,Tremula,Tremula_longifila
ASV_519,Eukaryota,Obazoa,Opisthokonta,Metazoa,Arthropoda,Crustacea,Branchiopoda,Bosmina,Bosmina_longirostris
ASV_520,Eukaryota,TSAR,Stramenopiles,Gyrista,Chrysophyceae,Hydrurales,Hydrurales_Clade-II,Hydrurales_Clade-II_X,Hydrurales_Clade-II_X_sp.
ASV_521,Eukaryota,TSAR,Stramenopiles,Bigyra,Bicoecea,Pseudodendromonadales,Pseudodendromonadales_X,Pseudodendromonadales_XX,Pseudodendromonadales_XX_sp.
ASV_522,Eukaryota,TSAR,Stramenopiles,Bigyra,Bicoecea,Pseudodendromonadales,Pseudodendromonadales_X,Pseudodendromonadales_XX,Pseudodendromonadales_XX_sp.
ASV_523,Eukaryota,Obazoa,Opisthokonta,Metazoa,Arthropoda,Crustacea,Maxillopoda,Occidodiaptomus,NA
ASV_524,Eukaryota,TSAR,Stramenopiles,Gyrista,Peronosporomycetes,Peronosporomycetes_X,Peronosporomycetes_XX,Chlamydomyzium,Chlamydomyzium_sp.
ASV_525,Eukaryota,TSAR,Stramenopiles,Bigyra,Bicoecea,Bicoecales,Bicoecaceae,Bicoecaceae_X,Bicoecaceae_X_sp.
ASV_526,Eukaryota,Obazoa,Opisthokonta,Fungi,Chytridiomycota,Chytridiales,Chytridiaceae,Chytridium,Chytridium_polysiphoniae
ASV_527,Eukaryota,Obazoa,Opisthokonta,Fungi,Chytridiomycota,NA,NA,NA,NA
ASV_528,Eukaryota,TSAR,Stramenopiles,Bigyra,Opalozoa,Opalozoa_X,MAST-12,MAST-12C,MAST-12C_sp.
ASV_529,Eukaryota,TSAR,Stramenopiles,Gyrista,Bacillariophyceae,Cymbellales,Gomphonemataceae,Gomphonema,Gomphonema_affine
ASV_530,Eukaryota,Obazoa,Opisthokonta,Metazoa,Arthropoda,Crustacea,Ostracoda,Cypridopsis,NA
ASV_531,Eukaryota,TSAR,Stramenopiles,Gyrista,Chrysophyceae,Chrysophyceae_env_clade-I,Chrysophyceae_env_clade-I_X,Chrysophyceae_env_clade-I_XX,Chrysophyceae_env_clade-I_XX_sp.
ASV_532,Eukaryota,Obazoa,Opisthokonta,Metazoa,Arthropoda,Hexapoda,Collembola,NA,NA
ASV_533,Eukaryota,Archaeplastida,Chlorophyta,Chlorophyta_X,Trebouxiophyceae,Watanabea-Clade,Watanabea-Clade_X,Chloroidium,Chloroidium_saccharophila
ASV_534,Eukaryota,TSAR,Stramenopiles,Bigyra,Bicoecea,Pseudodendromonadales,Pseudodendromonadales_X,Pseudodendromonadales_XX,Pseudodendromonadales_XX_sp.
ASV_535,Eukaryota,TSAR,Rhizaria,Cercozoa,Filosa-Sarcomonadea,Pansomonadida,Agitatidae,Agitatidae_X,Agitatidae_X_sp.
ASV_536,Eukaryota,TSAR,Stramenopiles,Gyrista,Chrysophyceae,Synurales,Synuraceae,Mallomonas,NA
ASV_537,Eukaryota,Obazoa,Opisthokonta,Metazoa,Gastrotricha,Gastrotricha_X,Gastrotricha_XX,Chaetonotus,NA
ASV_538,Eukaryota,Obazoa,Opisthokonta,Fungi,Ascomycota,Pezizomycotina,Leotiomycetes,Fabrella,Fabrella_tsugae
ASV_539,Eukaryota,TSAR,Stramenopiles,Gyrista,Raphidophyceae,Raphidophyceae_X,Raphidophyceae_XX,NA,NA
ASV_540,Eukaryota,TSAR,Stramenopiles,Gyrista,Peronosporomycetes,Peronosporomycetes_X,Peronosporales,NA,NA
ASV_541,Eukaryota,TSAR,Stramenopiles,Gyrista,NA,NA,NA,NA,NA
ASV_542,Eukaryota,TSAR,Stramenopiles,Bigyra,Bicoecea,Pseudodendromonadales,Pseudodendromonadales_X,Pseudodendromonadales_XX,Pseudodendromonadales_XX_sp.
ASV_543,Eukaryota,TSAR,Stramenopiles,Gyrista,Chrysophyceae,Ochromonadales,Ochromonadaceae,Poterioochromonas,Poterioochromonas_stipitata
ASV_544,Eukaryota,TSAR,Rhizaria,Cercozoa,Filosa-Sarcomonadea,Glissomonadida,Allapsidae,NA,NA
ASV_545,Eukaryota,TSAR,Stramenopiles,Gyrista,Chrysophyceae,NA,NA,NA,NA
ASV_546,Eukaryota,TSAR,Stramenopiles,Bigyra,Opalozoa,Opalozoa_X,MAST-12,MAST-12_X,MAST-12_X_sp.
ASV_547,Eukaryota,TSAR,Stramenopiles,Gyrista,Chrysophyceae,Chrysophyceae_env_clade-I,Chrysophyceae_env_clade-I_X,Chrysophyceae_env_clade-I_XX,Chrysophyceae_env_clade-I_XX_sp.
ASV_548,Eukaryota,Obazoa,Opisthokonta,Metazoa,Arthropoda,Crustacea,Branchiopoda,Chydorus,Chydorus_sphaericus
ASV_549,Eukaryota,Archaeplastida,Chlorophyta,Chlorophyta_X,Chlorophyceae,Chlamydomonadales,Chlamydomonadales_X,Chlorococcum,Chlorococcum_sp.
ASV_550,Eukaryota,TSAR,Stramenopiles,Gyrista,Peronosporomycetes,Peronosporomycetes_X,Peronosporales,NA,NA
ASV_551,Eukaryota,TSAR,Stramenopiles,Bigyra,Bicoecea,Pseudodendromonadales,Pseudodendromonadales_X,Pseudodendromonadales_XX,Pseudodendromonadales_XX_sp.
ASV_552,Eukaryota,Archaeplastida,Chlorophyta,Chlorophyta_X,Chlorophyceae,Chlamydomonadales,Chlamydomonadales_X,NA,NA
ASV_553,Eukaryota,Obazoa,Opisthokonta,Fungi,Basidiomycota,Agaricomycotina,Agaricomycetes,NA,NA
ASV_554,Eukaryota,TSAR,Stramenopiles,Bigyra,Opalozoa,Nanomonadea,MAST-3,MAST-3J,MAST-3J_sp.
ASV_555,Eukaryota,Obazoa,Opisthokonta,Fungi,Ascomycota,Pezizomycotina,Eurotiomycetes,Penicillium,NA
ASV_556,Eukaryota,Obazoa,Opisthokonta,Fungi,Chytridiomycota,Monoblepharidales,NA,NA,NA
ASV_557,Eukaryota,TSAR,Stramenopiles,Gyrista,Chrysophyceae,NA,NA,NA,NA
ASV_558,Eukaryota,Obazoa,Opisthokonta,Choanoflagellata,Choanoflagellatea,Craspedida,Monosigidae_Group_O,Monosigidae_Group_O_X,Monosigidae_Group_O_X_sp.
ASV_559,Eukaryota,Obazoa,Opisthokonta,Choanoflagellata,Choanoflagellatea,Craspedida,Salpingoecidae_Group_C1,Salpingoeca_C1,Salpingoeca_fusiformis
ASV_560,Eukaryota,Archaeplastida,Chlorophyta,Chlorophyta_X,Chlorophyceae,Chlamydomonadales,Chlamydomonadales_X,Carteria,Carteria_lunzensis
ASV_561,Eukaryota,Obazoa,Opisthokonta,Metazoa,Arthropoda,Crustacea,Branchiopoda,NA,NA
ASV_562,Eukaryota,Obazoa,Opisthokonta,Fungi,Chytridiomycota,Spizellomycetales,Spizellomycetales_X,Spizellomycetales_XX,Spizellomycetales_XX_sp.
ASV_563,Eukaryota,TSAR,Rhizaria,Cercozoa,Novel-clade-10-12,Novel-clade-10,Novel-clade-10_X,Novel-clade-10_XX,Novel-clade-10_XX_sp.
ASV_564,Eukaryota,TSAR,Stramenopiles,Bigyra,Bicoecea,Pseudodendromonadales,Pseudodendromonadales_X,Pseudodendromonadales_XX,Pseudodendromonadales_XX_sp.
ASV_565,Eukaryota,TSAR,Stramenopiles,Gyrista,Chrysophyceae,Paraphysomonadales,Paraphysomonadaceae,Paraphysomonas,Paraphysomonas_vulgaris
ASV_566,Eukaryota,Obazoa,Opisthokonta,Fungi,Monoblepharomycota,Sanchytriales,Sanchytriaceae,Sanchytrium,Sanchytrium_tribonematis
ASV_567,Eukaryota,TSAR,Stramenopiles,Gyrista,Mediophyceae,Thalassiosirales,Stephanodiscaceae,Stephanodiscus,Stephanodiscus_hantzschii
ASV_568,Eukaryota,Obazoa,Opisthokonta,Fungi,NA,NA,NA,NA,NA
ASV_569,Eukaryota,Obazoa,Opisthokonta,Fungi,Basidiomycota,Ustilaginomycotina,Ustilaginomycetes,Urocystis,Urocystis_colchici
ASV_570,Eukaryota,TSAR,Stramenopiles,Gyrista,Mediophyceae,Thalassiosirales,Stephanodiscaceae,Cyclotella,Cyclotella_bodanica
ASV_571,Eukaryota,Obazoa,Opisthokonta,Metazoa,Arthropoda,Crustacea,Ostracoda,Darwinula,Darwinula_stevensoni
ASV_572,Eukaryota,TSAR,Stramenopiles,Gyrista,Peronosporomycetes,Peronosporomycetes_X,NA,NA,NA
ASV_573,Eukaryota,Obazoa,Opisthokonta,Metazoa,Gastrotricha,Gastrotricha_X,Gastrotricha_XX,Chaetonotus,NA
ASV_574,Eukaryota,Obazoa,Opisthokonta,Metazoa,Arthropoda,Crustacea,Branchiopoda,NA,NA
ASV_575,Eukaryota,Obazoa,Opisthokonta,Choanoflagellata,Choanoflagellatea,Craspedida,Monosigidae_Group_O,Monosigidae_Group_O_X,Monosigidae_Group_O_X_sp.
ASV_576,Eukaryota,Archaeplastida,Chlorophyta,Chlorophyta_X,Chlorophyceae,Chlamydomonadales,Chlamydomonadales_X,Pandorina,Pandorina_colemaniae
ASV_577,Eukaryota,Obazoa,Opisthokonta,NA,NA,NA,NA,NA,NA
ASV_578,Eukaryota,Obazoa,Opisthokonta,Fungi,Chytridiomycota,NA,NA,NA,NA
ASV_579,Eukaryota,Obazoa,Opisthokonta,Metazoa,Arthropoda,Crustacea,Ostracoda,Cypridopsis,NA
ASV_580,Eukaryota,Archaeplastida,Chlorophyta,Chlorophyta_X,Chlorophyceae,Chlamydomonadales,Chlamydomonadales_X,NA,NA
ASV_581,Eukaryota,Archaeplastida,Chlorophyta,Chlorophyta_X,Chlorophyceae,NA,NA,NA,NA
ASV_582,Eukaryota,Obazoa,Opisthokonta,Fungi,NA,NA,NA,NA,NA
ASV_583,Eukaryota,TSAR,Stramenopiles,Gyrista,Chrysophyceae,Paraphysomonadales,Paraphysomonadaceae,Paraphysomonas,Paraphysomonas_imperforata
ASV_584,Eukaryota,Archaeplastida,Chlorophyta,Chlorophyta_X,Chlorophyceae,Sphaeropleales,Sphaeropleales_X,Pseudomuriella,Pseudomuriella_engadinensis
ASV_585,Eukaryota,Obazoa,Opisthokonta,Metazoa,Annelida,Annelida_X,Annelida_XX,Nais,Nais_communis
ASV_586,Eukaryota,Obazoa,Opisthokonta,NA,NA,NA,NA,NA,NA
ASV_587,Eukaryota,Obazoa,Opisthokonta,Metazoa,Arthropoda,Crustacea,Branchiopoda,Daphnia,Daphnia_magna
ASV_588,Eukaryota,TSAR,Stramenopiles,Bigyra,Bicoecea,Pseudodendromonadales,Pseudodendromonadales_X,Pseudodendromonadales_XX,Pseudodendromonadales_XX_sp.
ASV_589,Eukaryota,Archaeplastida,Chlorophyta,Chlorophyta_X,Chlorophyceae,Sphaeropleales,Sphaeropleales_X,Scenedesmus,NA
ASV_590,Eukaryota,Obazoa,Opisthokonta,Fungi,Chytridiomycota,Chytridiales,NA,NA,NA
ASV_591,Eukaryota,Obazoa,Opisthokonta,Metazoa,Arthropoda,Crustacea,Branchiopoda,Bosmina,Bosmina_longirostris
ASV_592,Eukaryota,Obazoa,Opisthokonta,Fungi,Chytridiomycota,NA,NA,NA,NA
ASV_593,Eukaryota,TSAR,Stramenopiles,Gyrista,Eustigmatophyceae,Eustigmatophyceae_X,Eustigmatophyceae_XX,Characiopsis,NA
ASV_594,Eukaryota,Obazoa,Opisthokonta,Fungi,Rozellomycota,Rozellomycota_X,Rozellomycota_XX,Rozella,Rozella_multimorpha
ASV_595,Eukaryota,Archaeplastida,Chlorophyta,Chlorophyta_X,Chlorophyceae,Chlamydomonadales,Chlamydomonadales_X,Protosiphon,Protosiphon_sp.
ASV_596,Eukaryota,TSAR,Stramenopiles,Gyrista,Dictyochophyceae,Dictyochophyceae_X,Pedinellales,Pseudopedinella,Pseudopedinella_sp.
ASV_597,Eukaryota,Archaeplastida,Chlorophyta,Chlorophyta_X,Chlorophyceae,Sphaeropleales,Sphaeropleales_X,NA,NA
ASV_598,Eukaryota,Obazoa,Opisthokonta,Fungi,Monoblepharomycota,Sanchytriales,Sanchytriaceae,Sanchytrium,Sanchytrium_tribonematis
ASV_599,Eukaryota,Obazoa,Opisthokonta,Fungi,Chytridiomycota,NA,NA,NA,NA
ASV_600,Eukaryota,Obazoa,Opisthokonta,Choanoflagellata,Choanoflagellatea,Choanoflagellatea_X,Choanoflagellatea_XX_Group_P,Choanoflagellatea_XXX_Group_P_X,Choanoflagellatea_XXX_Group_P_X_sp.
ASV_601,Eukaryota,Archaeplastida,Chlorophyta,Chlorophyta_X,Chlorophyceae,Chlamydomonadales,Chlamydomonadales_X,Lobochlamys,Lobochlamys_segnis
ASV_602,Eukaryota,TSAR,Rhizaria,Cercozoa,Novel-clade-10-12,Novel-clade-10,Novel-clade-10_X,Novel-clade-10_XX,Novel-clade-10_XX_sp.
ASV_603,Eukaryota,Archaeplastida,Chlorophyta,Chlorophyta_X,Chlorophyceae,Chlamydomonadales,Chlamydomonadales_X,NA,NA
ASV_604,Eukaryota,TSAR,Stramenopiles,Gyrista,Peronosporomycetes,Peronosporomycetes_X,Peronosporales,NA,NA
ASV_605,Eukaryota,Archaeplastida,Streptophyta,Streptophyta_X,Zygnemophyceae,Zygnemophyceae_X,Zygnemophyceae_XX,Cosmarium,Cosmarium_punctulatum
ASV_606,Eukaryota,Archaeplastida,Chlorophyta,Chlorophyta_X,Chlorophyceae,Chlamydomonadales,Chlamydomonadales_X,NA,NA
ASV_607,Eukaryota,TSAR,Rhizaria,Cercozoa,Filosa-Sarcomonadea,Cercomonadida,Paracercomonadidae,Paracercomonas,NA
ASV_608,Eukaryota,TSAR,Stramenopiles,Gyrista,Peronosporomycetes,Peronosporomycetes_X,Peronosporales,Lagenidium,Lagenidium_caudatum
ASV_609,Eukaryota,Obazoa,Opisthokonta,NA,NA,NA,NA,NA,NA
ASV_610,Eukaryota,TSAR,Rhizaria,Cercozoa,Filosa-Thecofilosea,Cryomonadida,NA,NA,NA
ASV_611,Eukaryota,Obazoa,Opisthokonta,Fungi,Chytridiomycota,Rhizophydiales,Rhizophydiales_X,Rhizophydiales_XX,Rhizophydiales_XX_sp.
ASV_612,Eukaryota,Archaeplastida,Chlorophyta,Chlorophyta_X,Trebouxiophyceae,Trebouxiophyceae_X,Trebouxiophyceae_XX,Botryococcus,Botryococcus_braunii
ASV_613,Eukaryota,Obazoa,Opisthokonta,Metazoa,Arthropoda,Crustacea,Branchiopoda,Chydorus,Chydorus_sphaericus
ASV_614,Eukaryota,Archaeplastida,Chlorophyta,Chlorophyta_X,Chlorophyceae,Chlamydomonadales,Chlamydomonadales_X,Hafniomonas,Hafniomonas_reticulata
ASV_615,Eukaryota,Obazoa,Opisthokonta,Fungi,Chytridiomycota,Zygophlyctidales,Zygophlyctidaceae,Zygophlyctis,Zygophlyctis_melosirae
ASV_616,Eukaryota,Archaeplastida,Chlorophyta,Chlorophyta_X,Trebouxiophyceae,Prasiolales,Prasiolales_X,Koliella,Koliella_spiculiformis
ASV_617,Eukaryota,TSAR,Rhizaria,Cercozoa,Filosa-Sarcomonadea,Glissomonadida,NA,NA,NA
ASV_618,Eukaryota,Obazoa,Opisthokonta,Metazoa,Gastrotricha,Gastrotricha_X,Gastrotricha_XX,Ichthydium,Ichthydium_squamigerum
ASV_619,Eukaryota,TSAR,Stramenopiles,Gyrista,Dictyochophyceae,Dictyochophyceae_X,Pedinellales,Pedinellales_X,Pedinellales_X_sp.
ASV_620,Eukaryota,TSAR,Alveolata,Ciliophora,Oligohymenophorea,OLIGO4,OLIGO4_X,OLIGO4_XX,OLIGO4_XX_sp.
ASV_621,Eukaryota,TSAR,Rhizaria,Cercozoa,Filosa-Sarcomonadea,Pansomonadida,Agitatidae,Agitatidae_X,Agitatidae_X_sp.
ASV_622,Eukaryota,Archaeplastida,Chlorophyta,Chlorophyta_X,Trebouxiophyceae,Microthamniales,Microthamniales_X,Microthamniales_XX,Microthamniales_XX_sp.
ASV_623,Eukaryota,TSAR,Stramenopiles,Bigyra,Bicoecea,Pseudodendromonadales,Pseudodendromonadales_X,Pseudodendromonadales_XX,Pseudodendromonadales_XX_sp.
ASV_624,Eukaryota,Obazoa,Opisthokonta,Fungi,Chytridiomycota,Spizellomycetales,Spizellomycetaceae,NA,NA
ASV_625,Eukaryota,Obazoa,Opisthokonta,Fungi,NA,NA,NA,NA,NA
ASV_626,Eukaryota,TSAR,Stramenopiles,Gyrista,Chrysophyceae,Chromulinales,NA,NA,NA
ASV_627,Eukaryota,Archaeplastida,Streptophyta,Streptophyta_X,Zygnemophyceae,Zygnemophyceae_X,Zygnemophyceae_XX,Staurastrum,Staurastrum_paradoxum
ASV_628,Eukaryota,TSAR,Stramenopiles,Bigyra,Opalozoa,Opalozoa_X,MAST-12,MAST-12C,MAST-12C_sp.
ASV_629,Eukaryota,TSAR,Stramenopiles,Bigyra,Bicoecea,Pseudodendromonadales,Pseudodendromonadales_X,Pseudodendromonadales_XX,Pseudodendromonadales_XX_sp.
ASV_630,Eukaryota,TSAR,Stramenopiles,Gyrista,Chrysophyceae,Synurales,Synuraceae,Synura,NA
ASV_631,Eukaryota,Obazoa,Opisthokonta,Fungi,Zoopagomycota,Entomophthoromycotina,Entomophthoromycotina_X,Pandora,Pandora_nouryi
ASV_632,Eukaryota,Archaeplastida,Chlorophyta,Chlorophyta_X,Chlorophyceae,Chaetopeltidales,Chaetopeltidales_X,Floydiella,Floydiella_terrestris
ASV_633,Eukaryota,TSAR,Rhizaria,Cercozoa,Novel-clade-10-12,Novel-clade-10,Novel-clade-10_X,Novel-clade-10_XX,Novel-clade-10_XX_sp.
ASV_634,Eukaryota,Archaeplastida,Chlorophyta,Chlorophyta_X,Chlorophyceae,Sphaeropleales,NA,NA,NA
ASV_635,Eukaryota,TSAR,Stramenopiles,Gyrista,Dictyochophyceae,Dictyochophyceae_X,Pedinellales,Pseudopedinella,NA
ASV_636,Eukaryota,TSAR,Stramenopiles,Bigyra,Bicoecea,Pseudodendromonadales,Pseudodendromonadales_X,Pseudodendromonadales_XX,Pseudodendromonadales_XX_sp.
ASV_637,Eukaryota,TSAR,Stramenopiles,Gyrista,Chrysophyceae,NA,NA,NA,NA
ASV_638,Eukaryota,Obazoa,Opisthokonta,NA,NA,NA,NA,NA,NA
ASV_639,Eukaryota,Obazoa,Opisthokonta,Metazoa,Arthropoda,Crustacea,Branchiopoda,Bosmina,Bosmina_longirostris
ASV_640,Eukaryota,TSAR,Stramenopiles,Gyrista,Chrysophyceae,NA,NA,NA,NA
ASV_641,Eukaryota,Obazoa,Opisthokonta,Fungi,NA,NA,NA,NA,NA
ASV_642,Eukaryota,CRuMs,Rigifilida,Rigifilida_X,Rigifilida_XX,Rigifilida_XXX,Rigifilida_XXXX,Micronuclearia,Micronuclearia_podoventralis
ASV_643,Eukaryota,Obazoa,Opisthokonta,Fungi,Chytridiomycota,Chytridiales,Chytridiaceae,Chytriomyces,NA
ASV_644,Eukaryota,Archaeplastida,Chlorophyta,Chlorophyta_X,Chlorophyceae,Chlamydomonadales,Chlamydomonadales_X,Carteria,Carteria_lunzensis
ASV_645,Eukaryota,TSAR,Stramenopiles,Gyrista,Chrysophyceae,Ochromonadales,Ochromonadales_clade-XII,Ochromonadales_clade-XII_X,Ochromonadales_clade-XII_X_sp.
ASV_646,Eukaryota,Archaeplastida,Chlorophyta,Chlorophyta_X,Chlorophyceae,Chlamydomonadales,Chlamydomonadales_X,Carteria,Carteria_lunzensis
ASV_647,Eukaryota,Obazoa,Opisthokonta,Metazoa,Gastrotricha,Gastrotricha_X,Gastrotricha_XX,Chaetonotus,Chaetonotus_sp.
ASV_648,Eukaryota,TSAR,Stramenopiles,Gyrista,Peronosporomycetes,Peronosporomycetes_X,Haliphthorales,NA,NA
ASV_649,Eukaryota,Obazoa,Opisthokonta,Fungi,Chytridiomycota,NA,NA,NA,NA
ASV_650,Eukaryota,Archaeplastida,Chlorophyta,Chlorophyta_X,Chlorophyceae,Chlamydomonadales,Chlamydomonadales_X,Carteria,Carteria_lunzensis
ASV_651,Eukaryota,Archaeplastida,Chlorophyta,Chlorophyta_X,Chlorophyceae,Sphaeropleales,Sphaeropleales_X,Ankyra,Ankyra_judayi
ASV_652,Eukaryota,TSAR,Stramenopiles,Bigyra,Bicoecea,Bicoecales,Bicoecaceae,Bicosoeca,Bicosoeca_petiolata
ASV_653,Eukaryota,Obazoa,Opisthokonta,Metazoa,Arthropoda,Crustacea,Branchiopoda,Bosmina,Bosmina_longirostris
ASV_654,Eukaryota,Obazoa,Opisthokonta,Fungi,NA,NA,NA,NA,NA
ASV_655,Eukaryota,Haptista,Centroplasthelida,Centroplasthelida_X,Pterocystida,Pterista,Heterophryidae,NA,NA
ASV_656,Eukaryota,Obazoa,Opisthokonta,Metazoa,Gastrotricha,Gastrotricha_X,Gastrotricha_XX,Chaetonotus,NA
ASV_657,Eukaryota,Obazoa,Opisthokonta,Metazoa,Arthropoda,Crustacea,Branchiopoda,Chydorus,Chydorus_sphaericus
ASV_658,Eukaryota,Obazoa,Opisthokonta,Fungi,NA,NA,NA,NA,NA
ASV_659,Eukaryota,TSAR,Stramenopiles,Bigyra,Bicoecea,Pseudodendromonadales,Pseudodendromonadales_X,Pseudodendromonadales_XX,Pseudodendromonadales_XX_sp.
ASV_660,Eukaryota,Obazoa,Opisthokonta,Choanoflagellata,Choanoflagellatea,Craspedida,Monosigidae_Group_O,Monosigidae_Group_O_X,Monosigidae_Group_O_X_sp.
ASV_661,Eukaryota,TSAR,Stramenopiles,Gyrista,Chrysophyceae,NA,NA,NA,NA
ASV_662,Eukaryota,Archaeplastida,Chlorophyta,Chlorophyta_X,Chlorophyceae,Sphaeropleales,Sphaeropleales_X,Desmodesmus,Desmodesmus_pannonicus
ASV_663,Eukaryota,Obazoa,Opisthokonta,Fungi,Chytridiomycota,Rhizophydiales,Rhizophydiaceae,Rhizophydium,NA
ASV_664,Eukaryota,TSAR,Stramenopiles,Gyrista,Peronosporomycetes,Peronosporomycetes_X,NA,NA,NA
ASV_665,Eukaryota,Obazoa,Opisthokonta,Fungi,Chytridiomycota,Rhizophydiales,Rhizophydiaceae,Rhizophydium,Rhizophydium_sp.
ASV_666,Eukaryota,Obazoa,Opisthokonta,Fungi,Chytridiomycota,NA,NA,NA,NA
ASV_667,Eukaryota,TSAR,Stramenopiles,Bigyra,Bicoecea,Pseudodendromonadales,Pseudodendromonadales_X,Pseudodendromonadales_XX,Pseudodendromonadales_XX_sp.
ASV_668,Eukaryota,Obazoa,Opisthokonta,Fungi,Chytridiomycota,Zygophlyctidales,Zygophlyctidaceae,Zygophlyctis,Zygophlyctis_melosirae
ASV_669,Eukaryota,Obazoa,Opisthokonta,Fungi,Chytridiomycota,Zygophlyctidales,Zygophlyctidaceae,Zygophlyctis,Zygophlyctis_melosirae
ASV_670,Eukaryota,Obazoa,Opisthokonta,Fungi,Chytridiomycota,NA,NA,NA,NA
ASV_671,Eukaryota,TSAR,Stramenopiles,Gyrista,Peronosporomycetes,Peronosporomycetes_X,Saprolegniales,Saprolegnia,Saprolegnia_parasitica
ASV_672,Eukaryota,TSAR,Stramenopiles,Bigyra,Bicoecea,Pseudodendromonadales,Pseudodendromonadales_X,Pseudodendromonadales_XX,Pseudodendromonadales_XX_sp.
ASV_673,Eukaryota,Archaeplastida,Chlorophyta,Chlorophyta_X,Chlorophyceae,Chlamydomonadales,Chlamydomonadales_X,NA,NA
ASV_674,Eukaryota,TSAR,Stramenopiles,NA,NA,NA,NA,NA,NA
ASV_675,Eukaryota,TSAR,Stramenopiles,Gyrista,Chrysophyceae,NA,NA,NA,NA
ASV_676,Eukaryota,Obazoa,Opisthokonta,Fungi,Chytridiomycota,NA,NA,NA,NA
ASV_677,Eukaryota,Haptista,Haptophyta,Haptophyta_X,Prymnesiophyceae,Prymnesiales,Chrysochromulinaceae,Chrysochromulina,Chrysochromulina_tobin
ASV_678,Eukaryota,Obazoa,Opisthokonta,Metazoa,Arthropoda,Crustacea,Maxillopoda,Occidodiaptomus,NA
ASV_679,Eukaryota,Archaeplastida,Streptophyta,Streptophyta_X,Zygnemophyceae,Zygnemophyceae_X,Zygnemophyceae_XX,Closterium,Closterium_sp.
ASV_680,Eukaryota,Archaeplastida,Chlorophyta,Chlorophyta_X,Chlorophyceae,Chlamydomonadales,Chlamydomonadales_X,NA,NA
ASV_681,Eukaryota,Obazoa,Opisthokonta,Fungi,Chytridiomycota,Rhizophydiales,Rhizophydiaceae,Rhizophydium,NA
ASV_682,Eukaryota,Archaeplastida,Chlorophyta,Chlorophyta_X,Chlorophyceae,Chlamydomonadales,Chlamydomonadales_X,Gonium,Gonium_pectorale
ASV_683,Eukaryota,TSAR,Rhizaria,Cercozoa,Filosa-Sarcomonadea,Pansomonadida,Pansomonadida_X,Pansomonadida_XX,Pansomonadida_XX_sp.
ASV_684,Eukaryota,Obazoa,Opisthokonta,Fungi,Basidiomycota,Pucciniomycotina,Cystobasidiomycetes,Rhodotorula,Rhodotorula_phylloplana
ASV_685,Eukaryota,TSAR,Rhizaria,Cercozoa,Filosa-Imbricatea,Spongomonadida,Spongomonadidae,Spongomonas,Spongomonas_minima
ASV_686,Eukaryota,Obazoa,Opisthokonta,Fungi,Chytridiomycota,NA,NA,NA,NA
ASV_687,Eukaryota,TSAR,Stramenopiles,Gyrista,Peronosporomycetes,Peronosporomycetes_X,Peronosporales,Peronosporales_X,Peronosporales_X_sp.
ASV_688,Eukaryota,Obazoa,Opisthokonta,Fungi,Chytridiomycota,Rhizophydiales,Kappamycetaceae,Kappamyces,Kappamyces_sp.
ASV_689,Eukaryota,TSAR,Rhizaria,Cercozoa,Filosa-Granofilosea,Limnofilida,Limnofilidae,Limnofilidae_X,Limnofilidae_X_sp.
ASV_690,Eukaryota,TSAR,Stramenopiles,Gyrista,Chrysophyceae,NA,NA,NA,NA
ASV_691,Eukaryota,TSAR,Stramenopiles,Gyrista,Chrysophyceae,NA,NA,NA,NA
ASV_692,Eukaryota,Archaeplastida,Chlorophyta,Chlorophyta_X,Chlorophyceae,Chlamydomonadales,Chlamydomonadales_X,NA,NA
ASV_693,Eukaryota,Obazoa,Opisthokonta,Fungi,Chytridiomycota,NA,NA,NA,NA
ASV_694,Eukaryota,Archaeplastida,Chlorophyta,Chlorophyta_X,Trebouxiophyceae,Chlorellales,Chlorellales_X,Ooplanctella,Ooplanctella_planoconvexa
ASV_695,Eukaryota,TSAR,Rhizaria,Cercozoa,Filosa-Sarcomonadea,Glissomonadida,Bodomorphidae,Bodomorpha,Bodomorpha_minima
ASV_696,Eukaryota,Cryptista,Cryptophyta,Cryptophyta_X,Cryptophyceae,Cryptomonadales,Cryptomonadales_X,Komma,Komma_caudata
ASV_697,Eukaryota,TSAR,Stramenopiles,Gyrista,Chrysophyceae,Chromulinales,Chromulinaceae,Chromulinospumella,Chromulinospumella_sphaerica
ASV_698,Eukaryota,TSAR,Rhizaria,Cercozoa,Filosa-Granofilosea,Limnofilida,Limnofilidae,Limnofilidae_X,Limnofilidae_X_sp.
ASV_699,Eukaryota,TSAR,Stramenopiles,Gyrista,Chrysophyceae,NA,NA,NA,NA
ASV_700,Eukaryota,TSAR,Stramenopiles,Bigyra,Opalozoa,Opalozoa_X,MAST-12,MAST-12_X,MAST-12_X_sp.
ASV_701,Eukaryota,Obazoa,Opisthokonta,Metazoa,Arthropoda,Crustacea,Maxillopoda,NA,NA
ASV_702,Eukaryota,Obazoa,Opisthokonta,Choanoflagellata,Choanoflagellatea,Craspedida,Monosigidae_Group_O,Monosigidae_Group_O_X,Monosigidae_Group_O_X_sp.
ASV_703,Eukaryota,TSAR,Stramenopiles,Gyrista,Bacillariophyceae,Achnanthales,Cocconeidaceae,Cocconeis,Cocconeis_placentula
ASV_704,Eukaryota,TSAR,Stramenopiles,Gyrista,Mediophyceae,Thalassiosirales,Stephanodiscaceae,Stephanodiscus,Stephanodiscus_hantzschii
ASV_705,Eukaryota,Obazoa,Opisthokonta,Metazoa,Mollusca,Gastropoda,Heterobranchia,Planorbarius,Planorbarius_corneus
ASV_706,Eukaryota,Obazoa,Opisthokonta,Fungi,Basidiomycota,Agaricomycotina,Agaricomycetes,Trichaptum,Trichaptum_abietinum
ASV_707,Eukaryota,Obazoa,Opisthokonta,Fungi,Chytridiomycota,Zygophlyctidales,Zygophlyctidaceae,Zygophlyctis,Zygophlyctis_melosirae
ASV_708,Eukaryota,Obazoa,Opisthokonta,Fungi,Chytridiomycota,NA,NA,NA,NA
ASV_709,Eukaryota,TSAR,Stramenopiles,Bigyra,Bicoecea,Pseudodendromonadales,Pseudodendromonadales_X,Pseudodendromonadales_XX,Pseudodendromonadales_XX_sp.
ASV_710,Eukaryota,Archaeplastida,Chlorophyta,Chlorophyta_X,Chlorophyceae,Chlamydomonadales,Chlamydomonadales_X,Chlamydomonas,Chlamydomonas_debaryana
ASV_711,Eukaryota,Obazoa,Opisthokonta,Fungi,Ascomycota,Pezizomycotina,Sordariomycetes,NA,NA
ASV_712,Eukaryota,Archaeplastida,Chlorophyta,Chlorophyta_X,Trebouxiophyceae,Chlorellales,Chlorellales_X,Ooplanctella,Ooplanctella_planoconvexa
ASV_713,Eukaryota,TSAR,Stramenopiles,Gyrista,Peronosporomycetes,Peronosporomycetes_X,Peronosporales,Peronosporales_X,Peronosporales_X_sp.
ASV_714,Eukaryota,Archaeplastida,Chlorophyta,Chlorophyta_X,Chlorophyceae,Chlamydomonadales,Chlamydomonadales_X,Gonium,Gonium_pectorale
ASV_715,Eukaryota,TSAR,Stramenopiles,Gyrista,Chrysophyceae,Synurales,Synuraceae,Mallomonas,Mallomonas_acaroides
ASV_716,Eukaryota,Archaeplastida,Chlorophyta,Chlorophyta_X,Chlorophyceae,Chlamydomonadales,Chlamydomonadales_X,Carteria,Carteria_lunzensis
ASV_717,Eukaryota,TSAR,Stramenopiles,Bigyra,Bicoecea,Pseudodendromonadales,Pseudodendromonadales_X,Pseudodendromonadales_XX,Pseudodendromonadales_XX_sp.
ASV_718,Eukaryota,Archaeplastida,Chlorophyta,Chlorophyta_X,Chlorophyceae,Sphaeropleales,NA,NA,NA
ASV_719,Eukaryota,Obazoa,Opisthokonta,NA,NA,NA,NA,NA,NA
ASV_720,Eukaryota,Obazoa,Opisthokonta,Fungi,Chytridiomycota,Rhizophydiales,Rhizophydiales_X,Rhizophydiales_XX,Rhizophydiales_XX_sp.
ASV_721,Eukaryota,Cryptista,Cryptophyta,Cryptophyta_X,Cryptophyceae,Cryptomonadales,Cryptomonadales_X,Cryptomonas,NA
ASV_722,Eukaryota,Obazoa,Opisthokonta,Metazoa,NA,NA,NA,NA,NA
ASV_723,Eukaryota,TSAR,Rhizaria,Cercozoa,Endomyxa,Vampyrellida,Leptophryidae,Vernalophrys,Vernalophrys_algivore
ASV_724,Eukaryota,TSAR,Stramenopiles,Gyrista,Chrysophyceae,NA,NA,NA,NA
ASV_725,Eukaryota,TSAR,Stramenopiles,Bigyra,Opalozoa,Opalozoa_X,MAST-12,MAST-12C,MAST-12C_sp.
ASV_726,Eukaryota,TSAR,Stramenopiles,Gyrista,Raphidophyceae,Raphidophyceae_X,Raphidophyceae_XX,Vacuolaria,Vacuolaria_virescens
ASV_727,Eukaryota,TSAR,Stramenopiles,Bigyra,Bicoecea,Pseudodendromonadales,Pseudodendromonadales_X,Pseudodendromonadales_XX,Pseudodendromonadales_XX_sp.
ASV_728,Eukaryota,TSAR,Stramenopiles,Bigyra,Bicoecea,Pseudodendromonadales,Pseudodendromonadales_X,Pseudodendromonadales_XX,Pseudodendromonadales_XX_sp.
ASV_729,Eukaryota,Obazoa,Opisthokonta,Metazoa,Arthropoda,Crustacea,Maxillopoda,NA,NA
ASV_730,Eukaryota,Archaeplastida,Chlorophyta,Chlorophyta_X,Chlorophyceae,Chlamydomonadales,Chlamydomonadales_X,NA,NA
ASV_731,Eukaryota,TSAR,Stramenopiles,Gyrista,Bacillariophyceae,Bacillariales,Bacillariaceae,Nitzschia,NA
ASV_732,Eukaryota,Obazoa,Opisthokonta,Ichthyosporea,Ichthyophonida,Ichthyosphonida_X,Ichthyophonidae_Freshwater,Ichthyophonidae_Freshwater_X,Ichthyophonidae_Freshwater_X_sp.
ASV_733,Eukaryota,TSAR,Rhizaria,Cercozoa,Filosa-Sarcomonadea,Glissomonadida,Allapsidae,Group-Te,Group_Te_sp.
ASV_734,Eukaryota,Obazoa,Opisthokonta,Metazoa,Arthropoda,Crustacea,Maxillopoda,Eucyclops,Eucyclops_serrulatus
ASV_735,Eukaryota,Obazoa,Opisthokonta,Metazoa,Arthropoda,Crustacea,Maxillopoda,Occidodiaptomus,NA
ASV_736,Eukaryota,Archaeplastida,Chlorophyta,Chlorophyta_X,Chlorophyceae,Chlamydomonadales,Chlamydomonadales_X,Carteria,Carteria_lunzensis
ASV_737,Eukaryota,TSAR,Stramenopiles,Gyrista,Chrysophyceae,Paraphysomonadales,Paraphysomonadaceae,Paraphysomonas,NA
ASV_738,Eukaryota,Archaeplastida,Chlorophyta,Chlorophyta_X,Chlorophyceae,Chlamydomonadales,Chlamydomonadales_X,Carteria,Carteria_lunzensis
ASV_739,Eukaryota,Cryptista,Cryptophyta,Cryptophyta_X,Cryptophyceae,Cryptomonadales,Cryptomonadales_X,Komma,Komma_caudata
ASV_740,Eukaryota,Archaeplastida,Chlorophyta,Chlorophyta_X,Chlorophyceae,Chlamydomonadales,Chlamydomonadales_X,Carteria,Carteria_lunzensis
ASV_741,Eukaryota,Obazoa,Opisthokonta,Fungi,Chytridiomycota,NA,NA,NA,NA
ASV_742,Eukaryota,CRuMs,Rigifilida,Rigifilida_X,Rigifilida_XX,Rigifilida_XXX,Rigifilida_XXXX,Micronuclearia,Micronuclearia_podoventralis
ASV_743,Eukaryota,Archaeplastida,Chlorophyta,Chlorophyta_X,Chlorophyceae,Chlamydomonadales,Chlamydomonadales_X,Chlamydopodium,Chlamydopodium_sp.
ASV_744,Eukaryota,Obazoa,Opisthokonta,Fungi,Chytridiomycota,Rhizophydiales,NA,NA,NA
ASV_745,Eukaryota,Obazoa,Opisthokonta,Metazoa,NA,NA,NA,NA,NA
ASV_746,Eukaryota,TSAR,Rhizaria,Cercozoa,Novel-clade-10-12,Tremulida,Tremulidae,Tremula,Tremula_longifila
ASV_747,Eukaryota,Obazoa,Opisthokonta,Metazoa,Arthropoda,Crustacea,Branchiopoda,Chydorus,Chydorus_sphaericus
ASV_748,Eukaryota,Obazoa,Opisthokonta,Metazoa,Arthropoda,Crustacea,Branchiopoda,Chydorus,Chydorus_sphaericus
ASV_749,Eukaryota,Archaeplastida,Chlorophyta,Chlorophyta_X,Chlorophyceae,Oedogoniales,Oedogoniales_X,Oedogonium,NA
ASV_750,Eukaryota,Archaeplastida,Chlorophyta,Chlorophyta_X,Mamiellophyceae,Monomastigales,Monomastigaceae,Monomastix,Monomastix_minuta
ASV_751,Eukaryota,TSAR,Stramenopiles,Bigyra,Bicoecea,Pseudodendromonadales,Pseudodendromonadales_X,Pseudodendromonadales_XX,Pseudodendromonadales_XX_sp.
ASV_752,Eukaryota,Archaeplastida,Chlorophyta,Chlorophyta_X,Chlorophyceae,Sphaeropleales,NA,NA,NA
ASV_753,Eukaryota,Obazoa,Opisthokonta,Fungi,Chytridiomycota,Lobulomycetales,Lobulomycetaceae,Lobulomyces,NA
ASV_754,Eukaryota,Obazoa,Opisthokonta,Fungi,Chytridiomycota,Zygophlyctidales,Zygophlyctidaceae,Zygophlyctis,NA
ASV_755,Eukaryota,Archaeplastida,Chlorophyta,Chlorophyta_X,Chlorophyceae,Chlamydomonadales,Chlamydomonadales_X,Chlamydomonas,NA
ASV_756,Eukaryota,TSAR,Stramenopiles,Gyrista,Chrysophyceae,Ochromonadales,Ochromonadales_clade-X,Ochromonadales_clade-X_X,Ochromonadales_clade-X_X_sp.
ASV_757,Eukaryota,Obazoa,Opisthokonta,Fungi,Basidiomycota,Agaricomycotina,Agaricomycetes,NA,NA
ASV_758,Eukaryota,Obazoa,Opisthokonta,Fungi,Chytridiomycota,NA,NA,NA,NA
ASV_759,Eukaryota,Obazoa,Opisthokonta,Metazoa,Arthropoda,Crustacea,Maxillopoda,Eucyclops,Eucyclops_serrulatus
ASV_760,Eukaryota,TSAR,Stramenopiles,Gyrista,Chrysophyceae,Chromulinales,NA,NA,NA
ASV_761,Eukaryota,Obazoa,Opisthokonta,Fungi,NA,NA,NA,NA,NA
ASV_762,Eukaryota,Obazoa,Opisthokonta,Metazoa,Annelida,Annelida_X,Annelida_XX,NA,NA
ASV_763,Eukaryota,TSAR,Stramenopiles,Gyrista,Chrysophyceae,Chromulinales,NA,NA,NA
ASV_764,Eukaryota,Archaeplastida,Streptophyta,Streptophyta_X,Zygnemophyceae,Zygnemophyceae_X,Zygnemophyceae_XX,Chlorokybus,Chlorokybus_atmophyticus
ASV_765,Eukaryota,Obazoa,Opisthokonta,Fungi,Rozellomycota,Rozellomycota_X,Rozellomycota_XX,Rozellomycota_XXX,Rozellomycota_XXX_sp.
ASV_766,Eukaryota,Obazoa,Opisthokonta,Choanoflagellata,Choanoflagellatea,Craspedida,Monosigidae_Group_A,Monosiga,Monosiga_ovata
ASV_767,Eukaryota,Obazoa,Opisthokonta,Fungi,Chytridiomycota,Spizellomycetales,Spizellomycetales_X,Spizellomycetales_XX,Spizellomycetales_XX_sp.
ASV_768,Eukaryota,TSAR,Stramenopiles,Gyrista,Chrysophyceae,Chrysophyceae_env_clade-I,Chrysophyceae_env_clade-I_X,Chrysophyceae_env_clade-I_XX,Chrysophyceae_env_clade-I_XX_sp.
ASV_769,Eukaryota,TSAR,Stramenopiles,Gyrista,Peronosporomycetes,Peronosporomycetes_X,Saprolegniales,Leptolegnia,Leptolegnia_chapmanii
ASV_770,Eukaryota,Obazoa,Opisthokonta,Metazoa,Arthropoda,Crustacea,Branchiopoda,Daphnia,Daphnia_magna
ASV_771,Eukaryota,Obazoa,Opisthokonta,Fungi,Chytridiomycota,Zygophlyctidales,Zygophlyctidaceae,Zygophlyctis,Zygophlyctis_melosirae
ASV_772,Eukaryota,Obazoa,Opisthokonta,Metazoa,Arthropoda,Crustacea,Ostracoda,Cypridopsis,Cypridopsis_adusta
ASV_773,Eukaryota,TSAR,Rhizaria,Cercozoa,Novel-clade-10-12,Tremulida,Tremulidae,Tremula,Tremula_sp.
ASV_774,Eukaryota,TSAR,Stramenopiles,Bigyra,Bicoecea,Pseudodendromonadales,Pseudodendromonadales_X,Pseudodendromonadales_XX,Pseudodendromonadales_XX_sp.
ASV_775,Eukaryota,TSAR,Stramenopiles,Bigyra,Bicoecea,Pseudodendromonadales,Pseudodendromonadales_X,Pseudodendromonadales_XX,Pseudodendromonadales_XX_sp.
ASV_776,Eukaryota,Obazoa,Opisthokonta,Fungi,NA,NA,NA,NA,NA
ASV_777,Eukaryota,Archaeplastida,Chlorophyta,Chlorophyta_X,Chlorophyta_XX,Chlorophyta_XXX,Chlorophyta_XXXX,Scotinosphaera,NA
ASV_778,Eukaryota,Obazoa,Opisthokonta,Metazoa,Porifera,Porifera_X,Demospongiae,Spongilla,NA
ASV_779,Eukaryota,TSAR,Stramenopiles,Bigyra,Bicoecea,Pseudodendromonadales,Pseudodendromonadales_X,Paramonas,Paramonas_globosa
ASV_780,Eukaryota,TSAR,Stramenopiles,Gyrista,NA,NA,NA,NA,NA
ASV_781,Eukaryota,Archaeplastida,Chlorophyta,Chlorophyta_X,Chlorophyceae,Chlamydomonadales,Chlamydomonadales_X,NA,NA
ASV_782,Eukaryota,Obazoa,Opisthokonta,Fungi,Chytridiomycota,Zygophlyctidales,Zygophlyctidaceae,Zygophlyctis,Zygophlyctis_melosirae
ASV_783,Eukaryota,Obazoa,Opisthokonta,Fungi,Chytridiomycota,Spizellomycetales,NA,NA,NA
ASV_784,Eukaryota,Obazoa,Opisthokonta,Fungi,NA,NA,NA,NA,NA
ASV_785,Eukaryota,Obazoa,Opisthokonta,NA,NA,NA,NA,NA,NA
ASV_786,Eukaryota,Obazoa,Opisthokonta,Metazoa,Gastrotricha,Gastrotricha_X,Gastrotricha_XX,Chaetonotus,Chaetonotus_sp.
ASV_787,Eukaryota,TSAR,Stramenopiles,Gyrista,Chrysophyceae,Synurales,Synuraceae,Mallomonas,NA
ASV_788,Eukaryota,Obazoa,Opisthokonta,Fungi,Chytridiomycota,Zygophlyctidales,Zygophlyctidaceae,Zygophlyctis,NA
ASV_789,Eukaryota,TSAR,Stramenopiles,Gyrista,Chrysophyceae,Ochromonadales,NA,NA,NA
ASV_790,Eukaryota,TSAR,Stramenopiles,Gyrista,Dictyochophyceae,Dictyochophyceae_X,Pedinellales,Pseudopedinella,Pseudopedinella_sp.
ASV_791,Eukaryota,Obazoa,Opisthokonta,Metazoa,Arthropoda,Crustacea,Maxillopoda,Occidodiaptomus,NA
ASV_792,Eukaryota,Obazoa,Opisthokonta,Fungi,NA,NA,NA,NA,NA
ASV_793,Eukaryota,Obazoa,Opisthokonta,Metazoa,Arthropoda,Crustacea,Ostracoda,Cypridopsis,Cypridopsis_adusta
ASV_794,Eukaryota,Archaeplastida,Streptophyta,Streptophyta_X,Zygnemophyceae,Zygnemophyceae_X,Zygnemophyceae_XX,Mougeotia,Mougeotia_sp.
ASV_795,Eukaryota,TSAR,Rhizaria,Rhizaria_X,Rhizaria_XX,Aquavolonida,Aquavolonida_X,Aquavolon,Aquavolon_hoantrani
ASV_796,Eukaryota,Archaeplastida,Chlorophyta,Chlorophyta_X,Trebouxiophyceae,Watanabea-Clade,Watanabea-Clade_X,Chloroidium,Chloroidium_orientale
ASV_797,Eukaryota,Cryptista,Kathablepharidacea,Kathablepharida,Kathablepharidea,Kathablepharidida,Kathablepharidida_X,Kathablepharidida_XX,Kathablepharidida_XX_sp.
ASV_798,Eukaryota,TSAR,Stramenopiles,Bigyra,Bicoecea,Pseudodendromonadales,Pseudodendromonadales_X,Pseudodendromonadales_XX,Pseudodendromonadales_XX_sp.
ASV_799,Eukaryota,Obazoa,Opisthokonta,Fungi,NA,NA,NA,NA,NA
ASV_800,Eukaryota,TSAR,Rhizaria,Cercozoa,Endomyxa,Vampyrellida,Vampyrellidae,Vampyrella,Vampyrella_pendula
ASV_801,Eukaryota,Obazoa,Opisthokonta,Fungi,Chytridiomycota,Rhizophydiales,Rhizophydiaceae,Rhizophydium,NA
ASV_802,Eukaryota,Obazoa,Opisthokonta,Fungi,Chytridiomycota,Rhizophydiales,Rhizophydiaceae,Rhizophydium,NA
ASV_803,Eukaryota,Archaeplastida,Chlorophyta,Chlorophyta_X,Chlorophyceae,Chlamydomonadales,Chlamydomonadales_X,NA,NA
ASV_804,Eukaryota,TSAR,Alveolata,Chrompodellids,Colpodellidea,Colpodellida,Colpodellida_CHR1,Colpodellida_CHR1_X,Colpodellida_CHR1_X_sp.
ASV_805,Eukaryota,TSAR,Stramenopiles,Gyrista,Peronosporomycetes,Peronosporomycetes_X,NA,NA,NA
ASV_806,Eukaryota,Archaeplastida,Chlorophyta,Chlorophyta_X,Chlorophyceae,Sphaeropleales,Sphaeropleales_X,NA,NA
ASV_807,Eukaryota,Archaeplastida,Streptophyta,Streptophyta_X,Zygnemophyceae,Zygnemophyceae_X,Zygnemophyceae_XX,Mougeotia,Mougeotia_sp.
ASV_808,Eukaryota,Archaeplastida,Chlorophyta,Chlorophyta_X,Chlorophyceae,Chlamydomonadales,Chlamydomonadales_X,Carteria,Carteria_lunzensis
ASV_809,Eukaryota,Obazoa,Opisthokonta,Metazoa,Arthropoda,Crustacea,Ostracoda,Cypridopsis,Cypridopsis_adusta
ASV_810,Eukaryota,Obazoa,Opisthokonta,Fungi,Chytridiomycota,Rhizophydiales,Kappamycetaceae,Kappamyces,NA
ASV_811,Eukaryota,TSAR,Rhizaria,Cercozoa,Filosa-Thecofilosea,Tectofilosida,Pseudodifflugiidae,Pseudodifflugia,Pseudodifflugia_gracilis
ASV_812,Eukaryota,TSAR,Stramenopiles,Gyrista,Peronosporomycetes,Peronosporomycetes_X,Peronosporales,NA,NA
ASV_813,Eukaryota,Obazoa,Opisthokonta,Fungi,Ascomycota,Pezizomycotina,Sordariomycetes,Myrothecium,Myrothecium_roridum
ASV_814,Eukaryota,TSAR,Rhizaria,Cercozoa,Novel-clade-10-12,Tremulida,Tremulidae,Tremula,Tremula_longifila
ASV_815,Eukaryota,TSAR,Rhizaria,Cercozoa,Novel-clade-10-12,Tremulida,Tremulidae,Tremula,Tremula_longifila
ASV_816,Eukaryota,Cryptista,Kathablepharidacea,Kathablepharida,Kathablepharidea,Kathablepharidida,Kathablepharidida_X,Kathablepharidida_XX,Kathablepharidida_XX_sp.
ASV_817,Eukaryota,TSAR,Stramenopiles,Bigyra,Opalozoa,Opalozoa_X,MAST-12,MAST-12C,MAST-12C_sp.
ASV_818,Eukaryota,Obazoa,Opisthokonta,Metazoa,Gastrotricha,Gastrotricha_X,Gastrotricha_XX,Chaetonotus,Chaetonotus_sp.
ASV_819,Eukaryota,Obazoa,Opisthokonta,Fungi,Chytridiomycota,Zygophlyctidales,Zygophlyctidaceae,Zygophlyctis,Zygophlyctis_melosirae
ASV_820,Eukaryota,Cryptista,Cryptophyta,Cryptophyta_X,Cryptophyceae,Cryptomonadales,Cryptomonadales_X,Cryptomonas,NA
ASV_821,Eukaryota,TSAR,Stramenopiles,Bigyra,Opalozoa,Nanomonadea,MAST-3,MAST-3J,MAST-3J_sp.
ASV_822,Eukaryota,TSAR,Stramenopiles,Bigyra,Bicoecea,Pseudodendromonadales,Pseudodendromonadales_X,Pseudodendromonadales_XX,Pseudodendromonadales_XX_sp.
ASV_823,Eukaryota,TSAR,Stramenopiles,Gyrista,Chrysophyceae,Chrysophyceae_env_clade-I,Chrysophyceae_env_clade-I_X,Chrysophyceae_env_clade-I_XX,Chrysophyceae_env_clade-I_XX_sp.
ASV_824,Eukaryota,Archaeplastida,Chlorophyta,Chlorophyta_X,Chlorophyceae,Sphaeropleales,Sphaeropleales_X,NA,NA
ASV_825,Eukaryota,NA,NA,NA,NA,NA,NA,NA,NA
ASV_826,Eukaryota,Archaeplastida,Chlorophyta,Chlorophyta_X,Chlorophyceae,NA,NA,NA,NA
ASV_827,Eukaryota,Archaeplastida,Chlorophyta,Chlorophyta_X,Chlorophyceae,Sphaeropleales,Sphaeropleales_X,Tetraedron,Tetraedron_minimum
ASV_828,Eukaryota,TSAR,Rhizaria,Cercozoa,Filosa-Sarcomonadea,Cercomonadida,Paracercomonadidae,Paracercomonas,Paracercomonas_ambulans
ASV_829,Eukaryota,Archaeplastida,Chlorophyta,Chlorophyta_X,Chlorophyceae,NA,NA,NA,NA
ASV_830,Eukaryota,TSAR,Stramenopiles,Bigyra,Opalozoa,Opalozoa_X,MAST-12,MAST-12C,MAST-12C_sp.
ASV_831,Eukaryota,TSAR,Stramenopiles,Gyrista,Chrysophyceae,Paraphysomonadales,Paraphysomonadaceae,Paraphysomonas,NA
ASV_832,Eukaryota,TSAR,Stramenopiles,Bigyra,Bicoecea,Bicoecales,Bicoecaceae,Bicoecaceae_X,Bicoecaceae_X_sp.
ASV_833,Eukaryota,TSAR,Stramenopiles,Bigyra,Bicoecea,Pseudodendromonadales,Pseudodendromonadales_X,Pseudodendromonadales_XX,Pseudodendromonadales_XX_sp.
ASV_834,Eukaryota,Obazoa,Opisthokonta,Fungi,Chytridiomycota,Rhizophydiales,Rhizophydiales_X,Rhizophydiales_XX,Rhizophydiales_XX_sp.
ASV_835,Eukaryota,TSAR,Stramenopiles,Gyrista,NA,NA,NA,NA,NA
ASV_836,Eukaryota,TSAR,Rhizaria,Cercozoa,Filosa-Sarcomonadea,Glissomonadida,Bodomorphidae,Bodomorpha,Bodomorpha_minima
ASV_837,Eukaryota,Obazoa,Opisthokonta,Fungi,NA,NA,NA,NA,NA
ASV_838,Eukaryota,Obazoa,Opisthokonta,NA,NA,NA,NA,NA,NA
ASV_839,Eukaryota,Archaeplastida,Chlorophyta,Chlorophyta_X,Trebouxiophyceae,Chlorellales,Chlorellales_X,Amphikrikos,Amphikrikos_sp.
ASV_840,Eukaryota,TSAR,Stramenopiles,Gyrista,Chrysophyceae,Ochromonadales,Ochromonadaceae,Poteriospumella,Poteriospumella_sp.
ASV_841,Eukaryota,TSAR,Stramenopiles,Gyrista,Peronosporomycetes,Peronosporomycetes_X,Saprolegniales,Saprolegniales_X,Saprolegniales_X_sp.
ASV_842,Eukaryota,Obazoa,Opisthokonta,Fungi,Chytridiomycota,Rhizophydiales,Rhizophydiaceae,Rhizophydium,NA
ASV_843,Eukaryota,TSAR,Stramenopiles,Gyrista,Dictyochophyceae,Dictyochophyceae_X,Pedinellales,Pseudopedinella,NA
ASV_844,Eukaryota,Cryptista,Cryptophyta,Cryptophyta_X,Cryptophyceae,Cryptomonadales,Cryptomonadales_X,Cryptomonas,Cryptomonas_obovoidea
ASV_845,Eukaryota,Cryptista,Cryptophyta,Cryptophyta_X,Cryptophyceae,Cryptomonadales,Cryptomonadales_X,Cryptomonas,NA
ASV_846,Eukaryota,TSAR,Rhizaria,Cercozoa,Filosa-Imbricatea,Filosa-Imbricatea_X,Novel-clade-2,Novel-clade-2_X,Novel-clade-2_X_sp.
ASV_847,Eukaryota,Obazoa,Opisthokonta,Metazoa,Arthropoda,Crustacea,Branchiopoda,Bosmina,Bosmina_longirostris
ASV_848,Eukaryota,Obazoa,Opisthokonta,Ichthyosporea,Ichthyophonida,Pseudoperkinsidae,Pseudoperkinsidae_X,Pseudoperkinsidae_XX,Pseudoperkinsidae_XX_sp.
ASV_849,Eukaryota,NA,NA,NA,NA,NA,NA,NA,NA
ASV_850,Eukaryota,Archaeplastida,Chlorophyta,Chlorophyta_X,Chlorophyceae,Chlamydomonadales,Chlamydomonadales_X,Eudorina,Eudorina_elegans
ASV_851,Eukaryota,Archaeplastida,Chlorophyta,Chlorophyta_X,Trebouxiophyceae,Chlorellales,Chlorellales_X,Crucigenia,Crucigenia_pulchra
ASV_852,Eukaryota,Obazoa,Opisthokonta,Fungi,Chytridiomycota,NA,NA,NA,NA
ASV_853,Eukaryota,TSAR,Stramenopiles,Gyrista,Mediophyceae,Thalassiosirales,Stephanodiscaceae,Stephanodiscus,Stephanodiscus_hantzschii
ASV_854,Eukaryota,Archaeplastida,Chlorophyta,Chlorophyta_X,Trebouxiophyceae,Chlorellales,Chlorellales_X,Oocystella,Oocystella_heteromucosa
ASV_855,Eukaryota,Archaeplastida,Chlorophyta,Chlorophyta_X,Chlorophyceae,Sphaeropleales,Sphaeropleales_X,NA,NA
ASV_856,Eukaryota,TSAR,Stramenopiles,Bigyra,Bicoecea,Pseudodendromonadales,Pseudodendromonadales_X,Pseudodendromonadales_XX,Pseudodendromonadales_XX_sp.
ASV_857,Eukaryota,TSAR,Rhizaria,Cercozoa,Filosa-Sarcomonadea,Glissomonadida,Sandonidae,Sandonidae_Clade-N/F-A,Sandonidae_Clade_N/F-A_sp.
ASV_858,Eukaryota,TSAR,Stramenopiles,Bigyra,Bicoecea,Pseudodendromonadales,Pseudodendromonadales_X,Pseudodendromonadales_XX,Pseudodendromonadales_XX_sp.
ASV_859,Eukaryota,TSAR,Rhizaria,Cercozoa,NA,NA,NA,NA,NA
ASV_860,Eukaryota,Archaeplastida,Chlorophyta,Chlorophyta_X,Chlorophyceae,Chlamydomonadales,Chlamydomonadales_X,Carteria,Carteria_lunzensis
ASV_861,Eukaryota,TSAR,Stramenopiles,Bigyra,Opalozoa,Opalozoa_X,MAST-12,MAST-12C,MAST-12C_sp.
ASV_862,Eukaryota,Obazoa,Opisthokonta,Fungi,Chytridiomycota,NA,NA,NA,NA
ASV_863,Eukaryota,Obazoa,Opisthokonta,Fungi,Basidiomycota,Agaricomycotina,Agaricomycetes,NA,NA
ASV_864,Eukaryota,Obazoa,Opisthokonta,Fungi,Chytridiomycota,Rhizophydiales,Rhizophydiaceae,Rhizophydium,NA
ASV_865,Eukaryota,Obazoa,Opisthokonta,Metazoa,Arthropoda,Crustacea,Branchiopoda,Chydorus,Chydorus_sphaericus
ASV_866,Eukaryota,Eukaryota_X,Ancyromonadida,Ancyromonadida_X,Ancyromonadida_XX,Ancyromonadida_XXX,Ancyromonadida_Group-1,Ancyromonadida_Group-1_X,Fabomonas_tropica
ASV_867,Eukaryota,Obazoa,Opisthokonta,Fungi,NA,NA,NA,NA,NA
ASV_868,Eukaryota,TSAR,Stramenopiles,Gyrista,Chrysophyceae,NA,NA,NA,NA
ASV_869,Eukaryota,Obazoa,Opisthokonta,Metazoa,Arthropoda,Crustacea,Branchiopoda,Daphnia,Daphnia_magna
ASV_870,Eukaryota,TSAR,Stramenopiles,Gyrista,Chrysophyceae,NA,NA,NA,NA
ASV_871,Eukaryota,Obazoa,Opisthokonta,Fungi,NA,NA,NA,NA,NA
ASV_872,Eukaryota,Obazoa,Opisthokonta,Fungi,Ascomycota,Pezizomycotina,Sordariomycetes,NA,NA
ASV_873,Eukaryota,Archaeplastida,Chlorophyta,Chlorophyta_X,Chlorophyceae,Chlamydomonadales,Chlamydomonadales_X,Chlamydomonas,Chlamydomonas_incerta
ASV_874,Eukaryota,Obazoa,Opisthokonta,Metazoa,Arthropoda,Crustacea,Branchiopoda,Bosmina,Bosmina_longirostris
ASV_875,Eukaryota,TSAR,Stramenopiles,Bigyra,Bicoecea,Pseudodendromonadales,Pseudodendromonadales_X,Pseudodendromonadales_XX,Pseudodendromonadales_XX_sp.
ASV_876,Eukaryota,Obazoa,Opisthokonta,Metazoa,Arthropoda,Crustacea,Maxillopoda,Occidodiaptomus,NA
ASV_877,Eukaryota,TSAR,Rhizaria,Cercozoa,Novel-clade-10-12,Tremulida,Tremulidae,Tremula,Tremula_longifila
ASV_878,Eukaryota,TSAR,Stramenopiles,Gyrista,Mediophyceae,Thalassiosirales,Stephanodiscaceae,NA,NA
ASV_879,Eukaryota,Obazoa,Opisthokonta,Fungi,NA,NA,NA,NA,NA
ASV_880,Eukaryota,TSAR,Stramenopiles,Gyrista,Peronosporomycetes,Peronosporomycetes_X,Peronosporales,NA,NA
ASV_881,Eukaryota,TSAR,Stramenopiles,Bigyra,Bicoecea,Pseudodendromonadales,Pseudodendromonadales_X,Pseudodendromonadales_XX,Pseudodendromonadales_XX_sp.
ASV_882,Eukaryota,TSAR,Stramenopiles,Gyrista,Bacillariophyceae,Cymbellales,Gomphonemataceae,Gomphonema,NA
ASV_883,Eukaryota,TSAR,Stramenopiles,Gyrista,Eustigmatophyceae,Eustigmatophyceae_X,Eustigmatophyceae_XX,NA,NA
ASV_884,Eukaryota,TSAR,Rhizaria,Cercozoa,Filosa-Sarcomonadea,Glissomonadida,Bodomorphidae,Bodomorpha,Bodomorpha_sp.
ASV_885,Eukaryota,TSAR,Rhizaria,Cercozoa,Filosa-Thecofilosea,Cryomonadida,Protaspa-lineage,NA,NA
ASV_886,Eukaryota,Obazoa,Opisthokonta,Fungi,Chytridiomycota,NA,NA,NA,NA
ASV_887,Eukaryota,Archaeplastida,Chlorophyta,Chlorophyta_X,Chlorophyceae,Sphaeropleales,Sphaeropleales_X,Pseudomuriella,Pseudomuriella_engadinensis
ASV_888,Eukaryota,TSAR,Stramenopiles,Gyrista,Dictyochophyceae,Dictyochophyceae_X,Pedinellales,Pseudopedinella,Pseudopedinella_elastica
ASV_889,Eukaryota,TSAR,Stramenopiles,Bigyra,Opalozoa,Opalozoa_X,MAST-12,MAST-12C,MAST-12C_sp.
ASV_890,Eukaryota,TSAR,Stramenopiles,Gyrista,Peronosporomycetes,Peronosporomycetes_X,Peronosporales,NA,NA
ASV_891,Eukaryota,Obazoa,Opisthokonta,Fungi,Chytridiomycota,NA,NA,NA,NA
ASV_892,Eukaryota,Obazoa,Opisthokonta,Fungi,Chytridiomycota,Spizellomycetales,Spizellomycetales_X,Spizellomycetales_XX,Spizellomycetales_XX_sp.
ASV_893,Eukaryota,Archaeplastida,Chlorophyta,Chlorophyta_X,Chlorophyceae,Chlamydomonadales,Chlamydomonadales_X,NA,NA
ASV_894,Eukaryota,Archaeplastida,Chlorophyta,Chlorophyta_X,Chlorophyceae,Chlamydomonadales,Chlamydomonadales_X,Carteria,Carteria_lunzensis
ASV_895,Eukaryota,Archaeplastida,Chlorophyta,Chlorophyta_X,Chlorophyceae,Chlamydomonadales,Chlamydomonadales_X,NA,NA
ASV_896,Eukaryota,TSAR,Stramenopiles,Gyrista,Chrysophyceae,NA,NA,NA,NA
ASV_897,Eukaryota,Obazoa,Opisthokonta,Fungi,Blastocladiomycota,Blastocladiomycotina,Blastocladiomycetes,Hyaloraphidium,Hyaloraphidium_curvatum
ASV_898,Eukaryota,Obazoa,Opisthokonta,Metazoa,Arthropoda,Crustacea,Maxillopoda,Occidodiaptomus,NA
ASV_899,Eukaryota,TSAR,Rhizaria,Cercozoa,Filosa-Imbricatea,Filosa-Imbricatea_X,Filosa-Imbricatea_XX,Quadricilia,Quadricilia_rotundata
ASV_900,Eukaryota,Obazoa,Opisthokonta,Metazoa,Arthropoda,Crustacea,Branchiopoda,Bosmina,Bosmina_longirostris
ASV_901,Eukaryota,TSAR,Stramenopiles,Bigyra,Bicoecea,Pseudodendromonadales,Pseudodendromonadales_X,Pseudodendromonadales_XX,Pseudodendromonadales_XX_sp.
ASV_902,Eukaryota,Obazoa,Opisthokonta,Ichthyosporea,Ichthyophonida,Pseudoperkinsidae,Pseudoperkinsidae_X,Anurofeca,Anurofeca_sp.
ASV_903,Eukaryota,TSAR,Stramenopiles,Gyrista,Peronosporomycetes,Peronosporomycetes_X,Peronosporales,Phytophthora,NA
ASV_904,Eukaryota,Archaeplastida,Chlorophyta,Chlorophyta_X,Trebouxiophyceae,Chlorellales,Chlorellales_X,NA,NA
ASV_905,Eukaryota,Obazoa,Opisthokonta,Fungi,NA,NA,NA,NA,NA
ASV_906,Eukaryota,Obazoa,Opisthokonta,Fungi,Basidiomycota,Agaricomycotina,Tremellomycetes,Cryptococcus,NA
ASV_907,Eukaryota,TSAR,Stramenopiles,Bigyra,Bicoecea,Bicoecales,Bicoecaceae,Bicosoeca,Bicosoeca_petiolata
ASV_908,Eukaryota,TSAR,Stramenopiles,Bigyra,Bicoecea,Pseudodendromonadales,Pseudodendromonadales_X,Pseudodendromonadales_XX,Pseudodendromonadales_XX_sp.
ASV_909,Eukaryota,TSAR,Stramenopiles,Gyrista,Chrysophyceae,Ochromonadales,Ochromonadaceae,Poteriospumella,NA
ASV_910,Eukaryota,TSAR,Stramenopiles,Bigyra,Opalozoa,Opalozoa_X,MAST-12,MAST-12C,MAST-12C_sp.
ASV_911,Eukaryota,Cryptista,Kathablepharidacea,Kathablepharida,Kathablepharidea,Kathablepharidida,Kathablepharidida_X,Kathablepharidida_XX,Kathablepharidida_XX_sp.
ASV_912,Eukaryota,Obazoa,Opisthokonta,Metazoa,Arthropoda,Crustacea,Branchiopoda,Scapholeberis,Scapholeberis_mucronata
ASV_913,Eukaryota,TSAR,Stramenopiles,Bigyra,Bicoecea,Pseudodendromonadales,Pseudodendromonadales_X,Pseudodendromonadales_XX,Pseudodendromonadales_XX_sp.
ASV_914,Eukaryota,TSAR,Rhizaria,Cercozoa,Filosa-Sarcomonadea,Cercomonadida,Paracercomonadidae,Paracercomonas,Paracercomonas_sp.
ASV_915,Eukaryota,TSAR,Stramenopiles,Gyrista,Chrysophyceae,Chromulinales,Chromulinaceae,Chromulinospumella,Chromulinospumella_sphaerica
ASV_916,Eukaryota,Obazoa,Opisthokonta,Metazoa,Arthropoda,Crustacea,Branchiopoda,Bosmina,Bosmina_longirostris
ASV_917,Eukaryota,TSAR,Stramenopiles,Gyrista,Bacillariophyceae,Achnanthales,Cocconeidaceae,Cocconeis,Cocconeis_placentula
ASV_918,Eukaryota,TSAR,Stramenopiles,Gyrista,Bacillariophyceae,Cymbellales,Cymbellaceae,Cymbella,Cymbella_cistula
ASV_919,Eukaryota,TSAR,Stramenopiles,Bigyra,Bicoecea,Bicoecales,Bicoecaceae,Bicoecaceae_X,Bicoecaceae_X_sp.
ASV_920,Eukaryota,Archaeplastida,Chlorophyta,Chlorophyta_X,Chlorophyceae,Chlamydomonadales,Chlamydomonadales_X,Carteria,Carteria_lunzensis
ASV_921,Eukaryota,Obazoa,Opisthokonta,Metazoa,Arthropoda,Crustacea,Maxillopoda,Occidodiaptomus,NA
ASV_922,Eukaryota,TSAR,Stramenopiles,Gyrista,Peronosporomycetes,Peronosporomycetes_X,Peronosporales,Peronosporales_X,Peronosporales_X_sp.
ASV_923,Eukaryota,Obazoa,Opisthokonta,Fungi,NA,NA,NA,NA,NA
ASV_924,Eukaryota,Archaeplastida,Chlorophyta,Chlorophyta_X,Trebouxiophyceae,Watanabea-Clade,Watanabea-Clade_X,Apatococcus,Apatococcus_lobatus
ASV_925,Eukaryota,Haptista,Haptophyta,Haptophyta_X,Prymnesiophyceae,Prymnesiales,Chrysochromulinaceae,Chrysochromulina,NA
ASV_926,Eukaryota,Obazoa,Opisthokonta,Fungi,NA,NA,NA,NA,NA
ASV_927,Eukaryota,Archaeplastida,Chlorophyta,Chlorophyta_X,Chlorophyceae,Chlamydomonadales,Chlamydomonadales_X,Lobochlamys,Lobochlamys_segnis
ASV_928,Eukaryota,TSAR,Stramenopiles,Bigyra,Bicoecea,Bicoecales,Bicoecaceae,Bicoecaceae_X,Bicoecaceae_X_sp.
ASV_929,Eukaryota,TSAR,Stramenopiles,Bigyra,Bicoecea,Pseudodendromonadales,Pseudodendromonadales_X,Pseudodendromonadales_XX,Pseudodendromonadales_XX_sp.
ASV_930,Eukaryota,TSAR,Stramenopiles,Gyrista,Mediophyceae,Thalassiosirales,Stephanodiscaceae,Stephanodiscus,Stephanodiscus_hantzschii
ASV_931,Eukaryota,TSAR,Stramenopiles,Bigyra,Bicoecea,Pseudodendromonadales,Pseudodendromonadales_X,NA,NA
ASV_932,Eukaryota,Archaeplastida,Chlorophyta,Chlorophyta_X,Trebouxiophyceae,Chlorellales,Chlorellales_X,NA,NA
ASV_933,Eukaryota,TSAR,Stramenopiles,Gyrista,Chrysophyceae,NA,NA,NA,NA
ASV_934,Eukaryota,Obazoa,Opisthokonta,Choanoflagellata,Choanoflagellatea,Choanoflagellatea_X,Choanoflagellatea_XX_Group_P,Choanoflagellatea_XXX_Group_P_X,Choanoflagellatea_XXX_Group_P_X_sp.
ASV_935,Eukaryota,Archaeplastida,Chlorophyta,Chlorophyta_X,Chlorophyceae,Chlamydomonadales,Chlamydomonadales_X,Gonium,Gonium_pectorale
ASV_936,Eukaryota,Archaeplastida,Chlorophyta,Chlorophyta_X,Chlorophyceae,Chlamydomonadales,Chlamydomonadales_X,Carteria,Carteria_lunzensis
ASV_937,Eukaryota,Obazoa,Opisthokonta,Fungi,Basidiomycota,Agaricomycotina,Agaricomycetes,Udeniomyces,Udeniomyces_puniceus
ASV_938,Eukaryota,Obazoa,Opisthokonta,Metazoa,Gastrotricha,Gastrotricha_X,Gastrotricha_XX,Chaetonotus,Chaetonotus_sp.
ASV_939,Eukaryota,Archaeplastida,Chlorophyta,Chlorophyta_X,Chlorophyceae,Chlamydomonadales,Chlamydomonadales_X,Carteria,Carteria_lunzensis
ASV_940,Eukaryota,Obazoa,Opisthokonta,Fungi,Chytridiomycota,Rhizophydiales,Rhizophydiaceae,Rhizophydium,Rhizophydium_sp.
ASV_941,Eukaryota,Archaeplastida,Chlorophyta,Chlorophyta_X,Chlorophyceae,Sphaeropleales,Sphaeropleales_X,Atractomorpha,Atractomorpha_echinata
ASV_942,Eukaryota,Archaeplastida,Chlorophyta,Chlorophyta_X,Chlorophyceae,Chlamydomonadales,Chlamydomonadales_X,Carteria,Carteria_lunzensis
ASV_943,Eukaryota,TSAR,Stramenopiles,Gyrista,Chrysophyceae,Chrysophyceae_env_clade-I,Chrysophyceae_env_clade-I_X,Chrysophyceae_env_clade-I_XX,Chrysophyceae_env_clade-I_XX_sp.
ASV_944,Eukaryota,Archaeplastida,Chlorophyta,Chlorophyta_X,Chlorophyceae,Sphaeropleales,Sphaeropleales_X,NA,NA
ASV_945,Eukaryota,TSAR,Stramenopiles,Bigyra,Bicoecea,Pseudodendromonadales,Pseudodendromonadales_X,Pseudodendromonadales_XX,Pseudodendromonadales_XX_sp.
ASV_946,Eukaryota,Archaeplastida,Chlorophyta,Chlorophyta_X,Chlorophyceae,Sphaeropleales,Sphaeropleales_X,NA,NA
ASV_947,Eukaryota,TSAR,Stramenopiles,Bigyra,Bicoecea,Bicoecales,Bicoecaceae,Bicoecaceae_X,Bicoecaceae_X_sp.
ASV_948,Eukaryota,Archaeplastida,Chlorophyta,Chlorophyta_X,Chlorophyceae,NA,NA,NA,NA
ASV_949,Eukaryota,TSAR,Stramenopiles,Gyrista,Peronosporomycetes,Peronosporomycetes_X,NA,NA,NA
ASV_950,Eukaryota,Obazoa,Opisthokonta,Fungi,Chytridiomycota,NA,NA,NA,NA
ASV_951,Eukaryota,Obazoa,Opisthokonta,Fungi,NA,NA,NA,NA,NA
ASV_952,Eukaryota,TSAR,Rhizaria,Cercozoa,Filosa-Sarcomonadea,NA,NA,NA,NA
ASV_953,Eukaryota,Obazoa,Opisthokonta,Fungi,Basidiomycota,Agaricomycotina,Agaricomycetes,Trametes,Trametes_sp.
ASV_954,Eukaryota,TSAR,Stramenopiles,Gyrista,Chrysophyceae,Ochromonadales,Ochromonadales_clade-VIII,Ochromonadales_clade-VIII_X,Ochromonadales_clade-VIII_X_sp.
ASV_955,Eukaryota,Obazoa,Opisthokonta,Metazoa,Arthropoda,Chelicerata,Arachnida,Oripoda,Oripoda_sp.
ASV_956,Eukaryota,Obazoa,Opisthokonta,Fungi,NA,NA,NA,NA,NA
ASV_957,Eukaryota,TSAR,Stramenopiles,Gyrista,Bacillariophyceae,Cymbellales,Cymbellaceae,Cymbella,Cymbella_stuxbergii
ASV_958,Eukaryota,TSAR,Stramenopiles,Bigyra,Bicoecea,Pseudodendromonadales,Pseudodendromonadales_X,Adriamonas,Adriamonas_peritocrescens
ASV_959,Eukaryota,NA,NA,NA,NA,NA,NA,NA,NA
ASV_960,Eukaryota,Obazoa,Opisthokonta,Ichthyosporea,Ichthyophonida,Psorospermidae,Psorospermidae_X,Psorospermium,Psorospermium_haeckeli
ASV_961,Eukaryota,TSAR,Stramenopiles,Bigyra,Bicoecea,Pseudodendromonadales,Pseudodendromonadales_X,Pseudodendromonadales_XX,Pseudodendromonadales_XX_sp.
ASV_962,Eukaryota,TSAR,Stramenopiles,Gyrista,Dictyochophyceae,Dictyochophyceae_X,Pedinellales,Pseudopedinella,NA
ASV_963,Eukaryota,TSAR,Stramenopiles,Gyrista,Dictyochophyceae,Dictyochophyceae_X,Pedinellales,Pseudopedinella,NA
ASV_964,Eukaryota,Archaeplastida,Streptophyta,Streptophyta_X,Zygnemophyceae,Zygnemophyceae_X,Zygnemophyceae_XX,NA,NA
ASV_965,Eukaryota,TSAR,Stramenopiles,Gyrista,Chrysophyceae,Ochromonadales,Ochromonadaceae,Dinobryon,Dinobryon_sp.
ASV_966,Eukaryota,Obazoa,Opisthokonta,Fungi,Chytridiomycota,NA,NA,NA,NA
ASV_967,Eukaryota,TSAR,Stramenopiles,Bigyra,Bicoecea,Bicoecales,Bicoecaceae,Bicosoeca,Bicosoeca_petiolata
ASV_968,Eukaryota,TSAR,Stramenopiles,Bigyra,Bicoecea,Pseudodendromonadales,Pseudodendromonadales_X,Pseudodendromonadales_XX,Pseudodendromonadales_XX_sp.
ASV_969,Eukaryota,TSAR,Stramenopiles,Bigyra,Opalozoa,Opalozoa_X,MAST-12,MAST-12C,MAST-12C_sp.
ASV_970,Eukaryota,TSAR,Rhizaria,Cercozoa,Filosa-Imbricatea,Filosa-Imbricatea_X,Filosa-Imbricatea_XX,Quadricilia,Quadricilia_rotundata
ASV_971,Eukaryota,TSAR,Stramenopiles,Gyrista,Bacillariophyceae,Cymbellales,Cymbellaceae,Cymbella,Cymbella_cistula
ASV_972,Eukaryota,TSAR,Stramenopiles,Bigyra,Bicoecea,Pseudodendromonadales,Pseudodendromonadales_X,Pseudodendromonadales_XX,Pseudodendromonadales_XX_sp.
ASV_973,Eukaryota,Obazoa,Opisthokonta,Choanoflagellata,Choanoflagellatea,NA,NA,NA,NA
ASV_974,Eukaryota,TSAR,Stramenopiles,Bigyra,Opalozoa,Opalozoa_X,MAST-12,MAST-12_X,MAST-12_X_sp.
ASV_975,Eukaryota,Archaeplastida,Chlorophyta,Chlorophyta_X,Chlorophyceae,Chlamydomonadales,Chlamydomonadales_X,Chlamydomonas,Chlamydomonas_raudensis
ASV_976,Eukaryota,Obazoa,Opisthokonta,Fungi,Rozellomycota,Rozellomycota_X,Rozellomycota_XX,Rozella,Rozella_allomycis
ASV_977,Eukaryota,TSAR,Rhizaria,Rhizaria_X,Rhizaria_XX,Aquavolonida,Aquavolonida_X,Aquavolon,Aquavolon_hoantrani
ASV_978,Eukaryota,TSAR,Stramenopiles,Bigyra,Opalozoa,Opalozoa_X,MAST-12,MAST-12C,MAST-12C_sp.
ASV_979,Eukaryota,Obazoa,Opisthokonta,Choanoflagellata,Choanoflagellatea,Craspedida,Monosigidae_Group_O,Monosigidae_Group_O_X,Monosigidae_Group_O_X_sp.
ASV_980,Eukaryota,TSAR,Stramenopiles,Gyrista,Chrysophyceae,NA,NA,NA,NA
ASV_981,Eukaryota,TSAR,Stramenopiles,Gyrista,Bacillariophyceae,Naviculales,Naviculaceae,Navicula,Navicula_radiosa
ASV_982,Eukaryota,Archaeplastida,Chlorophyta,Chlorophyta_X,Chlorophyceae,Chlamydomonadales,Chlamydomonadales_X,Carteria,Carteria_lunzensis
ASV_983,Eukaryota,Archaeplastida,Chlorophyta,Chlorophyta_X,Chlorophyceae,Chlamydomonadales,Chlamydomonadales_X,NA,NA
ASV_984,Eukaryota,Obazoa,Opisthokonta,Metazoa,Arthropoda,Crustacea,Branchiopoda,Bosmina,Bosmina_longirostris
ASV_985,Eukaryota,TSAR,Stramenopiles,Gyrista,Bacillariophyceae,Fragilariales,Fragilariaceae,Synedra,Synedra_ulna
ASV_986,NA,NA,NA,NA,NA,NA,NA,NA,NA
ASV_987,Eukaryota,Obazoa,Opisthokonta,Metazoa,Arthropoda,Crustacea,Ostracoda,Cypridopsis,Cypridopsis_adusta
ASV_988,Eukaryota,TSAR,Stramenopiles,Gyrista,Chrysophyceae,Paraphysomonadales,Paraphysomonadales_X,Paraphysomonadales_XX,Paraphysomonadales_XX_sp.
ASV_989,Eukaryota,Obazoa,Opisthokonta,Fungi,Ascomycota,Pezizomycotina,Eurotiomycetes,Penicillium,Penicillium_purpurogenum
ASV_990,Eukaryota,TSAR,Rhizaria,Cercozoa,Filosa-Sarcomonadea,Cercomonadida,Paracercomonadidae,Paracercomonas,NA
ASV_991,Eukaryota,Obazoa,Opisthokonta,Metazoa,Arthropoda,Crustacea,Maxillopoda,Occidodiaptomus,NA
ASV_992,Eukaryota,TSAR,Stramenopiles,Gyrista,Bacillariophyceae,Cymbellales,Gomphonemataceae,Gomphonema,Gomphonema_subclavatum
ASV_993,Eukaryota,TSAR,Stramenopiles,Bigyra,Opalozoa,Opalozoa_X,MAST-12,MAST-12C,MAST-12C_sp.
ASV_994,Eukaryota,TSAR,Stramenopiles,Bigyra,Bicoecea,Pseudodendromonadales,Pseudodendromonadales_X,Pseudodendromonadales_XX,Pseudodendromonadales_XX_sp.
ASV_995,Eukaryota,TSAR,Stramenopiles,Gyrista,Mediophyceae,Thalassiosirales,Stephanodiscaceae,Stephanodiscus,Stephanodiscus_niagarae
ASV_996,Eukaryota,Obazoa,Opisthokonta,Fungi,Chytridiomycota,NA,NA,NA,NA
ASV_997,Eukaryota,TSAR,Stramenopiles,Gyrista,Peronosporomycetes,Peronosporomycetes_X,Peronosporales,Peronosporales_X,Peronosporales_X_sp.
ASV_998,Eukaryota,TSAR,Stramenopiles,Gyrista,Peronosporomycetes,Peronosporomycetes_X,Peronosporales,NA,NA
ASV_999,Eukaryota,Obazoa,Opisthokonta,NA,NA,NA,NA,NA,NA
ASV_1000,Eukaryota,Obazoa,Opisthokonta,Fungi,Ascomycota,Saccharomycotina,Saccharomycetales,Lachancea,Lachancea_waltii
ASV_1001,Eukaryota,TSAR,Stramenopiles,Bigyra,Bicoecea,Pseudodendromonadales,Pseudodendromonadales_X,Pseudodendromonadales_XX,Pseudodendromonadales_XX_sp.
ASV_1002,Eukaryota,Archaeplastida,Chlorophyta,Chlorophyta_X,Chlorophyceae,Chlamydomonadales,Chlamydomonadales_X,Chlamydopodium,Chlamydopodium_starrii
ASV_1003,Eukaryota,Archaeplastida,Chlorophyta,Chlorophyta_X,Chlorophyceae,Chlamydomonadales,Chlamydomonadales_X,Eudorina,Eudorina_elegans
ASV_1004,Eukaryota,TSAR,Stramenopiles,Gyrista,Peronosporomycetes,Peronosporomycetes_X,NA,NA,NA
ASV_1005,Eukaryota,Archaeplastida,Chlorophyta,Chlorophyta_X,Chlorophyceae,Chlamydomonadales,Chlamydomonadales_X,Carteria,Carteria_lunzensis
ASV_1006,Eukaryota,Archaeplastida,Chlorophyta,Chlorophyta_X,Chlorophyceae,Sphaeropleales,Scenedesmaceae,Scenedesmaceae_X,Scenedesmaceae_X_sp.
ASV_1007,Eukaryota,TSAR,Rhizaria,Rhizaria_X,Rhizaria_XX,Aquavolonida,Aquavolonida_X,Aquavolon,Aquavolon_hoantrani
ASV_1008,Eukaryota,Obazoa,Opisthokonta,Metazoa,Arthropoda,Crustacea,Branchiopoda,Diaphanosoma,Diaphanosoma_sp.
ASV_1009,Eukaryota,Obazoa,Opisthokonta,Fungi,NA,NA,NA,NA,NA
ASV_1010,Eukaryota,TSAR,Rhizaria,Cercozoa,Novel-clade-10-12,Tremulida,Tremulidae,Tremula,Tremula_longifila
ASV_1011,Eukaryota,Cryptista,Cryptophyta,Cryptophyta_X,Cryptophyceae,Cryptomonadales,Cryptomonadales_X,Komma,Komma_caudata
ASV_1012,Eukaryota,TSAR,Rhizaria,Cercozoa,Endomyxa,Vampyrellida,Leptophryidae,Vernalophrys,Vernalophrys_algivore
ASV_1013,Eukaryota,Obazoa,Opisthokonta,Fungi,Chytridiomycota,Rhizophydiales,Rhizophydiales_X,Rhizophydiales_XX,Rhizophydiales_XX_sp.
ASV_1014,Eukaryota,TSAR,Rhizaria,Cercozoa,Filosa-Sarcomonadea,Pansomonadida,Agitatidae,Agitatidae_X,Agitatidae_X_sp.
ASV_1015,Eukaryota,Archaeplastida,Chlorophyta,Chlorophyta_X,Chlorophyceae,Sphaeropleales,Sphaeropleales_X,Desmodesmus,Desmodesmus_pannonicus
ASV_1016,Eukaryota,TSAR,Stramenopiles,Gyrista,Peronosporomycetes,Peronosporomycetes_X,Peronosporales,NA,NA
ASV_1017,Eukaryota,Obazoa,Opisthokonta,Metazoa,Arthropoda,Crustacea,Ostracoda,Cypridopsis,Cypridopsis_adusta
ASV_1018,Eukaryota,TSAR,Stramenopiles,Gyrista,Chrysophyceae,Ochromonadales,Ochromonadaceae,Chlorochromonas,Chlorochromonas_sp.
ASV_1019,Eukaryota,TSAR,Stramenopiles,Gyrista,Peronosporomycetes,Peronosporomycetes_X,Peronosporales,Peronosporales_X,Peronosporales_X_sp.
ASV_1020,Eukaryota,TSAR,Stramenopiles,Gyrista,Peronosporomycetes,Peronosporomycetes_X,Saprolegniales,Aphanomyces,NA
ASV_1021,Eukaryota,TSAR,Rhizaria,Cercozoa,NA,NA,NA,NA,NA
ASV_1022,Eukaryota,Obazoa,Opisthokonta,Metazoa,Arthropoda,Hexapoda,Insecta,Corethrella,Corethrella_wirthi
ASV_1023,Eukaryota,Archaeplastida,Chlorophyta,Chlorophyta_X,Chlorophyceae,Sphaeropleales,Scenedesmaceae,Scenedesmaceae_X,Scenedesmaceae_X_sp.
ASV_1024,Eukaryota,Obazoa,Opisthokonta,Choanoflagellata,Choanoflagellatea,NA,NA,NA,NA
ASV_1025,Eukaryota,TSAR,Stramenopiles,Bigyra,Bicoecea,Pseudodendromonadales,Pseudodendromonadales_X,Adriamonas,Adriamonas_peritocrescens
ASV_1026,Eukaryota,TSAR,Stramenopiles,Gyrista,Peronosporomycetes,Peronosporomycetes_X,Saprolegniales,Saprolegnia,Saprolegnia_parasitica
ASV_1027,Eukaryota,Archaeplastida,Chlorophyta,Chlorophyta_X,Trebouxiophyceae,Chlorellales,Chlorellales_X,NA,NA
ASV_1028,Eukaryota,Cryptista,Cryptophyta,Cryptophyta_X,Cryptophyceae,Cryptomonadales,Cryptomonadales_X,Cryptomonas,Cryptomonas_vietnamica
ASV_1029,Eukaryota,TSAR,Stramenopiles,Gyrista,Peronosporomycetes,Peronosporomycetes_X,NA,NA,NA
ASV_1030,Eukaryota,Obazoa,Opisthokonta,Metazoa,Arthropoda,Crustacea,Branchiopoda,Chydorus,Chydorus_sphaericus
ASV_1031,Eukaryota,Obazoa,Opisthokonta,Fungi,Basidiomycota,Agaricomycotina,Agaricomycetes,Trametes,Trametes_sp.
ASV_1032,Eukaryota,TSAR,Stramenopiles,Bigyra,Bicoecea,Pseudodendromonadales,Pseudodendromonadales_X,Pseudodendromonadales_XX,Pseudodendromonadales_XX_sp.
ASV_1033,Eukaryota,Obazoa,Opisthokonta,Fungi,Basidiomycota,Agaricomycotina,Tremellomycetes,Filobasidium,Filobasidium_uniguttulatum
ASV_1034,Eukaryota,Obazoa,Opisthokonta,Fungi,Chytridiomycota,NA,NA,NA,NA
ASV_1035,Eukaryota,Archaeplastida,Chlorophyta,Chlorophyta_X,Chlorophyceae,Oedogoniales,Oedogoniales_X,Oedogonium,Oedogonium_sp.
ASV_1036,Eukaryota,TSAR,Stramenopiles,Bigyra,Bicoecea,Pseudodendromonadales,Pseudodendromonadales_X,NA,NA
ASV_1037,Eukaryota,TSAR,Stramenopiles,Gyrista,Chrysophyceae,Ochromonadales,Ochromonadales_clade-X,Ochromonadales_clade-X_X,Ochromonadales_clade-X_X_sp.
ASV_1038,Eukaryota,TSAR,Stramenopiles,Gyrista,Chrysophyceae,Paraphysomonadales,Paraphysomonadaceae,Paraphysomonas,Paraphysomonas_longispina
ASV_1039,Eukaryota,TSAR,Rhizaria,Cercozoa,NA,NA,NA,NA,NA
ASV_1040,Eukaryota,Obazoa,Opisthokonta,Fungi,NA,NA,NA,NA,NA
ASV_1041,Eukaryota,Cryptista,Cryptophyta,Cryptophyta_X,Cryptophyceae,Cryptophyceae_X,Basal_Cryptophyceae-1,Basal_Cryptophyceae-1_X,Basal_Cryptophyceae-1_X_sp.
ASV_1042,Eukaryota,TSAR,Rhizaria,Cercozoa,Endomyxa,Vampyrellida,Leptophryidae,Leptophryidae_X,Leptophryidae_X_sp.
ASV_1043,Eukaryota,Cryptista,Cryptophyta,Cryptophyta_X,Cryptophyceae,Cryptomonadales,Cryptomonadales_X,Cryptomonas,NA
ASV_1044,Eukaryota,Obazoa,Opisthokonta,Fungi,NA,NA,NA,NA,NA
ASV_1045,Eukaryota,Obazoa,Opisthokonta,Metazoa,Arthropoda,Crustacea,Branchiopoda,NA,NA
ASV_1046,Eukaryota,Obazoa,Opisthokonta,Fungi,Chytridiomycota,Spizellomycetales,NA,NA,NA
ASV_1047,Eukaryota,TSAR,Rhizaria,Cercozoa,Filosa-Sarcomonadea,Glissomonadida,Bodomorphidae,Bodomorpha,NA
ASV_1048,Eukaryota,Obazoa,Opisthokonta,Fungi,NA,NA,NA,NA,NA
ASV_1049,Eukaryota,Obazoa,Opisthokonta,Metazoa,Craniata,Craniata_X,Teleostei,Macquaria,Macquaria_ambigua
ASV_1050,Eukaryota,TSAR,Rhizaria,Cercozoa,Filosa-Sarcomonadea,Glissomonadida,Sandonidae,Sandona,Sandona_sp.
ASV_1051,Eukaryota,Obazoa,Opisthokonta,Metazoa,Arthropoda,Crustacea,Branchiopoda,Acroperus,Acroperus_harpae
ASV_1052,Eukaryota,TSAR,Stramenopiles,Bigyra,Opalozoa,Opalozoa_X,MAST-12,MAST-12C,MAST-12C_sp.
ASV_1053,Eukaryota,TSAR,Rhizaria,Cercozoa,Filosa-Sarcomonadea,Glissomonadida,Bodomorphidae,Bodomorpha,Bodomorpha_sp.
ASV_1054,Eukaryota,Obazoa,Opisthokonta,Fungi,Chytridiomycota,Rhizophydiales,Rhizophydiaceae,Rhizophydium,NA
ASV_1055,Eukaryota,TSAR,Stramenopiles,Bigyra,Opalozoa,Opalozoa_X,MAST-12,MAST-12C,MAST-12C_sp.
ASV_1056,Eukaryota,Obazoa,Opisthokonta,Metazoa,Arthropoda,Crustacea,Ostracoda,Cypridopsis,Cypridopsis_sp.
ASV_1057,Eukaryota,Obazoa,Opisthokonta,Metazoa,Arthropoda,Crustacea,Branchiopoda,Daphnia,Daphnia_magna
ASV_1058,Eukaryota,Obazoa,Opisthokonta,Fungi,Chytridiomycota,Rhizophydiales,Rhizophydiales_X,Rhizophydiales_XX,Rhizophydiales_XX_sp.
ASV_1059,Eukaryota,Obazoa,Opisthokonta,Fungi,NA,NA,NA,NA,NA
ASV_1060,Eukaryota,Archaeplastida,Chlorophyta,Chlorophyta_X,Chlorophyceae,Chlamydomonadales,Coccomyxaceae,Coccomyxa,Coccomyxa_simplex
ASV_1061,Eukaryota,Obazoa,Opisthokonta,Fungi,NA,NA,NA,NA,NA
ASV_1062,Eukaryota,Archaeplastida,Chlorophyta,Chlorophyta_X,Chlorophyceae,Chlamydomonadales,Chlamydomonadales_X,Carteria,Carteria_lunzensis
ASV_1063,Eukaryota,TSAR,Rhizaria,Cercozoa,NA,NA,NA,NA,NA
ASV_1064,Eukaryota,Obazoa,Opisthokonta,Fungi,Chytridiomycota,Zygophlyctidales,Zygophlyctidaceae,Zygophlyctis,NA
ASV_1065,Eukaryota,Obazoa,Opisthokonta,Fungi,Chytridiomycota,NA,NA,NA,NA
ASV_1066,Eukaryota,Obazoa,Opisthokonta,Fungi,Mucoromycota,Mucoromycotina,Mucoromycotina_X,Modicella,NA
ASV_1067,Eukaryota,TSAR,Stramenopiles,Gyrista,Chrysophyceae,NA,NA,NA,NA
ASV_1068,Eukaryota,TSAR,Stramenopiles,Gyrista,Chrysophyceae,Ochromonadales,Ochromonadaceae,Poteriospumella,Poteriospumella_lacustris
ASV_1069,Eukaryota,Obazoa,Opisthokonta,Fungi,Chytridiomycota,Chytridiales,Chytridiaceae,Diplochytridium,Diplochytridium_lagenarium
ASV_1070,Eukaryota,Obazoa,Opisthokonta,Fungi,Chytridiomycota,Rhizophydiales,Rhizophydiaceae,Rhizophydium,Rhizophydium_chlorogonii
ASV_1071,Eukaryota,Obazoa,Opisthokonta,Fungi,Ascomycota,Pezizomycotina,Sordariomycetes,Ophiocordyceps,NA
ASV_1072,Eukaryota,TSAR,Stramenopiles,Gyrista,Peronosporomycetes,Peronosporomycetes_X,Peronosporales,NA,NA
ASV_1073,Eukaryota,Obazoa,Opisthokonta,Metazoa,Arthropoda,Crustacea,Maxillopoda,Occidodiaptomus,NA
ASV_1074,Eukaryota,TSAR,Stramenopiles,Gyrista,Chrysophyceae,Ochromonadales,Ochromonadaceae,Chlorochromonas,Chlorochromonas_sp.
ASV_1075,Eukaryota,Obazoa,Opisthokonta,Fungi,Chytridiomycota,Rhizophydiales,Rhizophydiaceae,Rhizophydium,Rhizophydium_sp.
ASV_1076,Eukaryota,TSAR,Stramenopiles,Gyrista,Chrysophyceae,Chrysosaccales,Chrysosaccaceae,NA,NA
ASV_1077,Eukaryota,Archaeplastida,Chlorophyta,Chlorophyta_X,Chlorophyceae,Sphaeropleales,Scenedesmaceae,Scenedesmaceae_X,Scenedesmaceae_X_sp.
ASV_1078,Eukaryota,TSAR,Stramenopiles,Gyrista,Chrysophyceae,NA,NA,NA,NA
ASV_1079,Eukaryota,Obazoa,Opisthokonta,NA,NA,NA,NA,NA,NA
ASV_1080,Eukaryota,CRuMs,Rigifilida,Rigifilida_X,Rigifilida_XX,Rigifilida_XXX,Rigifilida_XXXX,Rigifila,Rigifila_ramosa
ASV_1081,Eukaryota,TSAR,Rhizaria,Cercozoa,Filosa-Sarcomonadea,Pansomonadida,Agitatidae,Agitatidae_X,Agitatidae_X_sp.
ASV_1082,Eukaryota,Cryptista,Cryptophyta,Cryptophyta_X,Cryptophyceae,NA,NA,NA,NA
ASV_1083,Eukaryota,TSAR,Stramenopiles,Gyrista,Peronosporomycetes,Peronosporomycetes_X,Peronosporales,NA,NA
ASV_1084,Eukaryota,Obazoa,Opisthokonta,Choanoflagellata,Choanoflagellatea,Acanthoecida,NA,NA,NA
ASV_1085,Eukaryota,Obazoa,Opisthokonta,Metazoa,Arthropoda,Crustacea,Branchiopoda,Bosmina,Bosmina_longirostris
ASV_1086,Eukaryota,Obazoa,Opisthokonta,NA,NA,NA,NA,NA,NA
ASV_1087,Eukaryota,Obazoa,Opisthokonta,Metazoa,Arthropoda,Crustacea,Maxillopoda,Occidodiaptomus,NA
ASV_1088,Eukaryota,TSAR,Stramenopiles,Gyrista,Chrysophyceae,NA,NA,NA,NA
ASV_1089,Eukaryota,Obazoa,Opisthokonta,Metazoa,Arthropoda,Chelicerata,Arachnida,Horreolanus,Horreolanus_orphanus
ASV_1090,Eukaryota,Obazoa,Opisthokonta,Fungi,Rozellomycota,Rozellomycota_X,Rozellomycota_XX,Rozellomycota_XXX,Rozellomycota_XXX_sp.
ASV_1091,Eukaryota,Archaeplastida,Chlorophyta,Chlorophyta_X,Chlorophyceae,Chlamydomonadales,Chlamydomonadales_X,Carteria,Carteria_lunzensis
ASV_1092,Eukaryota,TSAR,Rhizaria,Cercozoa,Novel-clade-10-12,Novel-clade-10,Novel-clade-10_X,Novel-clade-10_XX,Novel-clade-10_XX_sp.
ASV_1093,Eukaryota,Archaeplastida,Chlorophyta,Chlorophyta_X,Chlorophyceae,Sphaeropleales,Sphaeropleales_X,Scenedesmus,NA
ASV_1094,Eukaryota,TSAR,Stramenopiles,Gyrista,Chrysophyceae,Chromulinales,Chromulinaceae,Chromulinospumella,Chromulinospumella_sphaerica
ASV_1095,Eukaryota,Obazoa,Opisthokonta,Fungi,Chytridiomycota,Cladochytriales,Nowakowskiellaceae,Nowakowskiella,Nowakowskiella_hemisphaerospora
ASV_1096,Eukaryota,TSAR,Stramenopiles,Gyrista,Chrysophyceae,Chrysosaccales,Chrysosaccaceae,Chrysosaccus,Chrysosaccus_sp.
ASV_1097,Eukaryota,Archaeplastida,Chlorophyta,Chlorophyta_X,Chlorophyceae,Chlamydomonadales,Chlamydomonadales_X,NA,NA
ASV_1098,Eukaryota,Obazoa,Opisthokonta,Metazoa,Arthropoda,Hexapoda,Insecta,Anopheles,Anopheles_punctipennis
ASV_1099,Eukaryota,Archaeplastida,Chlorophyta,Chlorophyta_X,Chlorophyceae,Chlamydomonadales,Chlamydomonadales_X,Carteria,Carteria_lunzensis
ASV_1100,Eukaryota,Obazoa,Opisthokonta,Fungi,Chytridiomycota,NA,NA,NA,NA
ASV_1101,Eukaryota,Obazoa,Opisthokonta,Fungi,Chytridiomycota,Chytridiales,Chytridiaceae,Chytridium,Chytridium_polysiphoniae
ASV_1102,Eukaryota,TSAR,Stramenopiles,Gyrista,Peronosporomycetes,Peronosporomycetes_X,Haliphthorales,NA,NA
ASV_1103,Eukaryota,TSAR,Stramenopiles,Bigyra,Opalozoa,Opalozoa_X,MAST-12,MAST-12_X,MAST-12_X_sp.
ASV_1104,Eukaryota,TSAR,Stramenopiles,Gyrista,Bacillariophyceae,Naviculales,Naviculaceae,Navicula,Navicula_cryptotenella
ASV_1105,Eukaryota,TSAR,Alveolata,Chrompodellids,Colpodellidea,Colpodellida,Colpodellida_CHR1,Colpodellida_CHR1_X,Colpodellida_CHR1_X_sp.
ASV_1106,Eukaryota,Archaeplastida,Chlorophyta,Chlorophyta_X,Chlorophyceae,Chlamydomonadales,Chlamydomonadales_X,Asterococcus,Asterococcus_superbus
ASV_1107,Eukaryota,TSAR,Stramenopiles,Bigyra,Opalozoa,Opalozoa_X,MAST-12,MAST-12_X,MAST-12_X_sp.
ASV_1108,Eukaryota,Obazoa,Opisthokonta,Fungi,Chytridiomycota,Zygophlyctidales,Zygophlyctidaceae,Zygophlyctis,NA
ASV_1109,Eukaryota,Obazoa,Opisthokonta,Fungi,Chytridiomycota,Chytridiales,Chytridiaceae,Chytridium,Chytridium_polysiphoniae
ASV_1110,Eukaryota,Cryptista,Cryptophyta,Cryptophyta_X,Cryptophyceae,Cryptomonadales,Cryptomonadales_X,Cryptomonas,Cryptomonas_curvata
ASV_1111,Eukaryota,Cryptista,Cryptophyta,Cryptophyta_X,Cryptophyceae,Cryptomonadales,Cryptomonadales_X,Plagioselmis,Plagioselmis_nannoplanctica
ASV_1112,Eukaryota,TSAR,Stramenopiles,Bigyra,Bicoecea,Pseudodendromonadales,Pseudodendromonadales_X,Pseudodendromonadales_XX,Pseudodendromonadales_XX_sp.
ASV_1113,Eukaryota,TSAR,Stramenopiles,Gyrista,Chrysophyceae,Chromulinales,NA,NA,NA
ASV_1114,Eukaryota,TSAR,Rhizaria,Cercozoa,Novel-clade-10-12,Tremulida,Tremulidae,Tremula,Tremula_longifila
ASV_1115,Eukaryota,Obazoa,Opisthokonta,Fungi,Basidiomycota,Agaricomycotina,Agaricomycetes,Lachnella,Lachnella_villosa
ASV_1116,Eukaryota,TSAR,Rhizaria,Cercozoa,Endomyxa,Vampyrellida,Leptophryidae,Vernalophrys,Vernalophrys_algivore
ASV_1117,Eukaryota,TSAR,Alveolata,Chrompodellids,Colpodellidea,Colpodellida,Colpodellida_CHR1,Colpodellida_CHR1_X,Colpodellida_CHR1_X_sp.
ASV_1118,Eukaryota,Obazoa,Opisthokonta,Metazoa,Gastrotricha,Gastrotricha_X,Gastrotricha_XX,Chaetonotus,Chaetonotus_daphnes
ASV_1119,Eukaryota,TSAR,Stramenopiles,Gyrista,Peronosporomycetes,Peronosporomycetes_X,Peronosporales,NA,NA
ASV_1120,Eukaryota,Obazoa,Opisthokonta,Choanoflagellata,Choanoflagellatea,Craspedida,Salpingoecidae_Group_C1,Salpingoecidae_Group_C1_X,Salpingoecidae_Group_C1_X_sp.
ASV_1121,Eukaryota,Obazoa,Opisthokonta,Fungi,NA,NA,NA,NA,NA
ASV_1122,Eukaryota,Obazoa,Opisthokonta,Fungi,Chytridiomycota,Spizellomycetales,Spizellomycetales_X,Spizellomycetales_XX,Spizellomycetales_XX_sp.
ASV_1123,Eukaryota,Obazoa,Opisthokonta,Fungi,Chytridiomycota,Rhizophydiales,Rhizophydiaceae,Rhizophydium,Rhizophydium_sp.
ASV_1124,Eukaryota,Obazoa,Opisthokonta,Fungi,Zoopagomycota,Entomophthoromycotina,Entomophthorales,Entomophthora,Entomophthora_muscae
ASV_1125,Eukaryota,TSAR,Stramenopiles,Gyrista,Peronosporomycetes,Peronosporomycetes_X,Peronosporales,NA,NA
ASV_1126,Eukaryota,Obazoa,Opisthokonta,Metazoa,Arthropoda,Crustacea,Ostracoda,Cypridopsis,Cypridopsis_sp.
ASV_1127,Eukaryota,Archaeplastida,Chlorophyta,Chlorophyta_X,Trebouxiophyceae,Chlorellales,Chlorellales_X,NA,NA
ASV_1128,Eukaryota,TSAR,Stramenopiles,Gyrista,Peronosporomycetes,Peronosporomycetes_X,Haliphthorales,NA,NA
ASV_1129,Eukaryota,TSAR,Stramenopiles,Bigyra,Opalozoa,Opalozoa_X,MAST-12,MAST-12C,MAST-12C_sp.
ASV_1130,Eukaryota,TSAR,Rhizaria,Cercozoa,NA,NA,NA,NA,NA
ASV_1131,Eukaryota,TSAR,Stramenopiles,Gyrista,Peronosporomycetes,Peronosporomycetes_X,Peronosporales,Peronosporales_X,Peronosporales_X_sp.
ASV_1132,Eukaryota,Obazoa,Opisthokonta,Fungi,Ascomycota,Pezizomycotina,Dothideomycetes,NA,NA
ASV_1133,Eukaryota,Obazoa,Opisthokonta,Fungi,NA,NA,NA,NA,NA
ASV_1134,Eukaryota,Obazoa,Opisthokonta,Fungi,Chytridiomycota,Spizellomycetales,NA,NA,NA
ASV_1135,Eukaryota,TSAR,Rhizaria,Cercozoa,Novel-clade-10-12,Novel-clade-10,Novel-clade-10_X,Novel-clade-10_XX,Novel-clade-10_XX_sp.
ASV_1136,Eukaryota,TSAR,Stramenopiles,Bigyra,Bicoecea,Pseudodendromonadales,Pseudodendromonadales_X,Pseudodendromonadales_XX,Pseudodendromonadales_XX_sp.
ASV_1137,Eukaryota,TSAR,Stramenopiles,Gyrista,NA,NA,NA,NA,NA
ASV_1138,Eukaryota,Archaeplastida,Chlorophyta,Chlorophyta_X,Chlorophyceae,Chlamydomonadales,Chlamydomonadales_X,Gonium,Gonium_pectorale
ASV_1139,Eukaryota,Archaeplastida,Chlorophyta,Chlorophyta_X,Chlorophyceae,Chlamydomonadales,Chlamydomonadales_X,NA,NA
ASV_1140,Eukaryota,Obazoa,Opisthokonta,Fungi,NA,NA,NA,NA,NA
ASV_1141,Eukaryota,Obazoa,Opisthokonta,Fungi,Chytridiomycota,Rhizophydiales,Rhizophydiaceae,Rhizophydium,NA
ASV_1142,Eukaryota,Obazoa,Opisthokonta,Choanoflagellata,Choanoflagellatea,NA,NA,NA,NA
ASV_1143,Eukaryota,Obazoa,Opisthokonta,Fungi,Chytridiomycota,Rhizophydiales,Rhizophydiaceae,Rhizophydium,Rhizophydium_sp.
ASV_1144,Eukaryota,TSAR,Stramenopiles,Bigyra,Bicoecea,Pseudodendromonadales,Pseudodendromonadales_X,Pseudodendromonadales_XX,Pseudodendromonadales_XX_sp.
ASV_1145,Eukaryota,Archaeplastida,Streptophyta,Streptophyta_X,Zygnemophyceae,Zygnemophyceae_X,Zygnemophyceae_XX,Mougeotia,Mougeotia_sp.
ASV_1146,Eukaryota,TSAR,Stramenopiles,Gyrista,Chrysophyceae,Chrysosaccales,Chrysosaccaceae,Chrysosphaera,Chrysosphaera_parvula
ASV_1147,Eukaryota,Archaeplastida,Chlorophyta,Chlorophyta_X,Trebouxiophyceae,Chlorellales,Chlorellales_X,Micractinium,Micractinium_reisseri
ASV_1148,Eukaryota,Archaeplastida,Streptophyta,Streptophyta_X,Zygnemophyceae,Zygnemophyceae_X,Zygnemophyceae_XX,Cosmarium,Cosmarium_trilobulatum
ASV_1149,Eukaryota,Obazoa,Opisthokonta,Fungi,Chytridiomycota,NA,NA,NA,NA
ASV_1150,Eukaryota,Obazoa,Opisthokonta,Fungi,Basidiomycota,Agaricomycotina,Agaricomycetes,NA,NA
ASV_1151,Eukaryota,Archaeplastida,Chlorophyta,Chlorophyta_X,Trebouxiophyceae,Trebouxiophyceae_X,Trebouxiophyceae_XX,Botryococcus,Botryococcus_terribilis
ASV_1152,Eukaryota,TSAR,Stramenopiles,Bigyra,Bicoecea,Pseudodendromonadales,Pseudodendromonadales_X,Pseudodendromonadales_XX,Pseudodendromonadales_XX_sp.
ASV_1153,Eukaryota,Archaeplastida,Chlorophyta,Chlorophyta_X,Trebouxiophyceae,Chlorellales,Chlorellales_X,NA,NA
ASV_1154,Eukaryota,TSAR,Stramenopiles,Gyrista,Bacillariophyceae,Fragilariales,Fragilariaceae,Synedra,Synedra_ulna
ASV_1155,Eukaryota,TSAR,Rhizaria,Cercozoa,Filosa-Sarcomonadea,Pansomonadida,Agitatidae,Agitatidae_X,Agitatidae_X_sp.
ASV_1156,Eukaryota,Obazoa,Opisthokonta,Fungi,Rozellomycota,Rozellomycota_X,Rozellomycota_XX,Rozella,Rozella_multimorpha
ASV_1157,Eukaryota,TSAR,Stramenopiles,Gyrista,Chrysophyceae,NA,NA,NA,NA
ASV_1158,Eukaryota,Obazoa,Opisthokonta,Fungi,NA,NA,NA,NA,NA
ASV_1159,Eukaryota,Archaeplastida,Chlorophyta,Chlorophyta_X,Chlorophyceae,Chlamydomonadales,Chlamydomonadales_X,Carteria,Carteria_lunzensis
ASV_1160,Eukaryota,TSAR,Stramenopiles,Gyrista,Chrysophyceae,Ochromonadales,Ochromonadaceae,Poteriospumella,NA
ASV_1161,Eukaryota,TSAR,Stramenopiles,Bigyra,Bicoecea,Pseudodendromonadales,Pseudodendromonadales_X,Pseudodendromonadales_XX,Pseudodendromonadales_XX_sp.
ASV_1162,Eukaryota,TSAR,Stramenopiles,Gyrista,Chrysophyceae,Chromulinales,Chromulinales_X,Chromulinales_XX,Chromulinales_XX_sp.
ASV_1163,Eukaryota,Obazoa,Opisthokonta,Fungi,Chytridiomycota,Zygophlyctidales,Zygophlyctidaceae,Zygophlyctis,NA
ASV_1164,Eukaryota,TSAR,Rhizaria,Cercozoa,Filosa-Thecofilosea,Cryomonadida,Rhogostoma-lineage,Rhogostoma-lineage_X,Rhogostoma-lineage_X_sp.
ASV_1165,Eukaryota,Obazoa,Opisthokonta,Choanoflagellata,Choanoflagellatea,NA,NA,NA,NA
ASV_1166,Eukaryota,Obazoa,Opisthokonta,NA,NA,NA,NA,NA,NA
ASV_1167,Eukaryota,Archaeplastida,Chlorophyta,Chlorophyta_X,Chlorophyceae,Sphaeropleales,Sphaeropleales_X,Desmodesmus,Desmodesmus_pannonicus
ASV_1168,Eukaryota,TSAR,Stramenopiles,Bigyra,Bicoecea,Pseudodendromonadales,Pseudodendromonadales_X,Pseudodendromonadales_XX,Pseudodendromonadales_XX_sp.
ASV_1169,Eukaryota,Obazoa,Opisthokonta,Metazoa,Arthropoda,Crustacea,Maxillopoda,Occidodiaptomus,NA
ASV_1170,Eukaryota,Archaeplastida,Chlorophyta,Chlorophyta_X,Chlorophyceae,NA,NA,NA,NA
ASV_1171,Eukaryota,Obazoa,Opisthokonta,Fungi,NA,NA,NA,NA,NA
ASV_1172,Eukaryota,NA,NA,NA,NA,NA,NA,NA,NA
ASV_1173,Eukaryota,Obazoa,Opisthokonta,Fungi,Chytridiomycota,NA,NA,NA,NA
ASV_1174,Eukaryota,Obazoa,Opisthokonta,Fungi,NA,NA,NA,NA,NA
ASV_1175,Eukaryota,Archaeplastida,Chlorophyta,Chlorophyta_X,Chlorophyceae,Chlamydomonadales,Chlamydomonadales_X,Chlamydomonas,Chlamydomonas_monadina
ASV_1176,Eukaryota,Archaeplastida,Chlorophyta,Chlorophyta_X,Chlorophyceae,Chlamydomonadales,Chlamydomonadales_X,Carteria,Carteria_lunzensis
ASV_1177,Eukaryota,TSAR,Stramenopiles,Bigyra,Bicoecea,Pseudodendromonadales,Pseudodendromonadales_X,Pseudodendromonadales_XX,Pseudodendromonadales_XX_sp.
ASV_1178,Eukaryota,Obazoa,Opisthokonta,Metazoa,Arthropoda,Crustacea,Maxillopoda,Occidodiaptomus,NA
ASV_1179,Eukaryota,Cryptista,Cryptophyta,Cryptophyta_X,Cryptophyceae,Cryptophyceae_X,Basal_Cryptophyceae-1,Basal_Cryptophyceae-1_X,Basal_Cryptophyceae-1_X_sp.
ASV_1180,Eukaryota,TSAR,Stramenopiles,Gyrista,Peronosporomycetes,Peronosporomycetes_X,Peronosporales,NA,NA
ASV_1181,Eukaryota,Obazoa,Opisthokonta,Fungi,Blastocladiomycota,Blastocladiomycotina,Blastocladiomycetes,Hyaloraphidium,Hyaloraphidium_curvatum
ASV_1182,Eukaryota,Obazoa,Opisthokonta,Fungi,NA,NA,NA,NA,NA
ASV_1183,Eukaryota,Obazoa,Opisthokonta,Fungi,Chytridiomycota,Zygophlyctidales,Zygophlyctidaceae,Zygophlyctis,Zygophlyctis_melosirae
ASV_1184,Eukaryota,TSAR,Stramenopiles,Bigyra,Bicoecea,Pseudodendromonadales,Pseudodendromonadales_X,Pseudodendromonadales_XX,Pseudodendromonadales_XX_sp.
ASV_1185,Eukaryota,Archaeplastida,Chlorophyta,Chlorophyta_X,Chlorophyceae,Chlamydomonadales,Chlamydomonadales_X,Chlamydopodium,Chlamydopodium_starrii
ASV_1186,Eukaryota,Obazoa,Opisthokonta,Metazoa,Gastrotricha,Gastrotricha_X,Gastrotricha_XX,Chaetonotus,NA
ASV_1187,Eukaryota,Obazoa,Opisthokonta,Metazoa,Arthropoda,Crustacea,Maxillopoda,NA,NA
ASV_1188,Eukaryota,TSAR,Stramenopiles,Gyrista,Chrysophyceae,NA,NA,NA,NA
ASV_1189,Eukaryota,Archaeplastida,Chlorophyta,Chlorophyta_X,Chlorophyceae,Sphaeropleales,NA,NA,NA
ASV_1190,Eukaryota,Obazoa,Opisthokonta,Fungi,Chytridiomycota,Spizellomycetales,Spizellomycetales_X,Spizellomycetales_XX,Spizellomycetales_XX_sp.
ASV_1191,Eukaryota,TSAR,Stramenopiles,Bigyra,Bicoecea,Pseudodendromonadales,Pseudodendromonadales_X,Pseudodendromonadales_XX,Pseudodendromonadales_XX_sp.
ASV_1192,Eukaryota,TSAR,Stramenopiles,Bigyra,Bicoecea,Pseudodendromonadales,Pseudodendromonadales_X,Pseudodendromonadales_XX,Pseudodendromonadales_XX_sp.
ASV_1193,Eukaryota,Obazoa,Opisthokonta,Fungi,NA,NA,NA,NA,NA
ASV_1194,Eukaryota,Haptista,Haptophyta,Haptophyta_X,Prymnesiophyceae,Prymnesiales,Chrysochromulinaceae,Chrysochromulina,Chrysochromulina_tobin
ASV_1195,Eukaryota,TSAR,Stramenopiles,Gyrista,Chrysophyceae,Paraphysomonadales,Paraphysomonadaceae,Paraphysomonas,Paraphysomonas_uniformis
ASV_1196,Eukaryota,TSAR,Rhizaria,Cercozoa,Filosa-Sarcomonadea,Cercomonadida,Cercomonadidae,Cercomonadidae_X,Cercomonadidae_X_sp.
ASV_1197,Eukaryota,Archaeplastida,Chlorophyta,Chlorophyta_X,Chlorophyceae,Chlamydomonadales,Chlamydomonadales_X,NA,NA
ASV_1198,Eukaryota,TSAR,Stramenopiles,Bigyra,Bicoecea,Pseudodendromonadales,Pseudodendromonadales_X,Pseudodendromonadales_XX,Pseudodendromonadales_XX_sp.
ASV_1199,Eukaryota,TSAR,Stramenopiles,Bigyra,Bicoecea,NA,NA,NA,NA
ASV_1200,Eukaryota,TSAR,Stramenopiles,Gyrista,Chrysophyceae,NA,NA,NA,NA
ASV_1201,Eukaryota,Obazoa,Opisthokonta,Fungi,Basidiomycota,Agaricomycotina,Agaricomycetes,Resinicium,Resinicium_bicolor
ASV_1202,Eukaryota,Archaeplastida,Chlorophyta,Chlorophyta_X,Chlorophyceae,Chlamydomonadales,Chlamydomonadales_X,Carteria,Carteria_lunzensis
ASV_1203,Eukaryota,Cryptista,Cryptophyta,Cryptophyta_X,Cryptophyceae,Cryptophyceae_X,Basal_Cryptophyceae-1,Basal_Cryptophyceae-1_X,Basal_Cryptophyceae-1_X_sp.
ASV_1204,Eukaryota,TSAR,Stramenopiles,Gyrista,Chrysophyceae,NA,NA,NA,NA
ASV_1205,Eukaryota,Archaeplastida,Chlorophyta,Chlorophyta_X,Chlorophyceae,Chlamydomonadales,Chlamydomonadales_X,NA,NA
ASV_1206,Eukaryota,TSAR,Stramenopiles,Gyrista,Peronosporomycetes,Peronosporomycetes_X,Haliphthorales,Haliphthoros,Haliphthoros_sp.
ASV_1207,Eukaryota,Obazoa,Opisthokonta,Metazoa,Arthropoda,Crustacea,Branchiopoda,Simocephalus,Simocephalus_vetulus
ASV_1208,Eukaryota,TSAR,Stramenopiles,Gyrista,Mediophyceae,Thalassiosirales,Stephanodiscaceae,Stephanodiscus,Stephanodiscus_hantzschii
ASV_1209,Eukaryota,Obazoa,Opisthokonta,Fungi,NA,NA,NA,NA,NA
ASV_1210,Eukaryota,TSAR,Stramenopiles,Bigyra,Bicoecea,Pseudodendromonadales,Pseudodendromonadales_X,Pseudodendromonadales_XX,Pseudodendromonadales_XX_sp.
ASV_1211,Eukaryota,NA,NA,NA,NA,NA,NA,NA,NA
ASV_1212,Eukaryota,Obazoa,Opisthokonta,Fungi,Chytridiomycota,Spizellomycetales,NA,NA,NA
ASV_1213,Eukaryota,Obazoa,Opisthokonta,Ichthyosporea,Ichthyophonida,Ichthyosphonida_X,Ichthyophonidae_Freshwater,Ichthyophonidae_Freshwater_X,Ichthyophonidae_Freshwater_X_sp.
ASV_1214,Eukaryota,TSAR,Stramenopiles,Bigyra,Bicoecea,Pseudodendromonadales,Pseudodendromonadales_X,Pseudodendromonadales_XX,Pseudodendromonadales_XX_sp.
ASV_1215,Eukaryota,TSAR,Stramenopiles,Bigyra,Bicoecea,Pseudodendromonadales,Pseudodendromonadales_X,Pseudodendromonadales_XX,Pseudodendromonadales_XX_sp.
ASV_1216,Eukaryota,Obazoa,Opisthokonta,Choanoflagellata,Choanoflagellatea,Craspedida,Salpingoecidae_Group_C1,Salpingoecidae_Group_C1_X,Salpingoecidae_Group_C1_X_sp.
ASV_1217,Eukaryota,Haptista,Centroplasthelida,Centroplasthelida_X,Pterocystida,Pterista,Pterocystidae,NA,NA
ASV_1218,Eukaryota,TSAR,Stramenopiles,Gyrista,Hyphochytriomyceta,Hyphochytriales,Hyphochytrydiales_X,Hyphochytrydiales_XX,Hyphochytrydiales_XX_sp.
ASV_1219,Eukaryota,Obazoa,Opisthokonta,Fungi,Chytridiomycota,NA,NA,NA,NA
ASV_1220,Eukaryota,TSAR,Stramenopiles,Gyrista,Chrysophyceae,NA,NA,NA,NA
ASV_1221,Eukaryota,TSAR,Rhizaria,Cercozoa,Filosa-Imbricatea,NA,NA,NA,NA
ASV_1222,Eukaryota,Archaeplastida,Chlorophyta,Chlorophyta_X,Chlorophyceae,Sphaeropleales,Sphaeropleales_X,NA,NA
ASV_1223,Eukaryota,Cryptista,Cryptophyta,Cryptophyta_X,Cryptophyceae,Cryptomonadales,Cryptomonadales_X,Plagioselmis,Plagioselmis_nannoplanctica
ASV_1224,Eukaryota,TSAR,Stramenopiles,Bigyra,Bicoecea,Pseudodendromonadales,Pseudodendromonadales_X,Pseudodendromonadales_XX,Pseudodendromonadales_XX_sp.
ASV_1225,Eukaryota,Obazoa,Opisthokonta,Metazoa,Gastrotricha,Gastrotricha_X,Gastrotricha_XX,NA,NA
ASV_1226,Eukaryota,Obazoa,Opisthokonta,Metazoa,Arthropoda,Crustacea,Branchiopoda,Diaphanosoma,Diaphanosoma_sp.
ASV_1227,Eukaryota,TSAR,Stramenopiles,Gyrista,Bacillariophyceae,Achnanthales,Achnanthidiaceae,Lemnicola,Lemnicola_hungarica
ASV_1228,Eukaryota,TSAR,Stramenopiles,Bigyra,Bicoecea,Pseudodendromonadales,Pseudodendromonadales_X,Pseudodendromonadales_XX,Pseudodendromonadales_XX_sp.
ASV_1229,Eukaryota,Archaeplastida,Chlorophyta,Chlorophyta_X,Trebouxiophyceae,Watanabea-Clade,Watanabea-Clade_X,Chloroidium,Chloroidium_lichenum
ASV_1230,Eukaryota,TSAR,Stramenopiles,Bigyra,Sagenista,Pseudophyllomitidae,Pseudophyllomitidae_X,Pseudophyllomitus,Pseudophyllomitus_granulatus
ASV_1231,Eukaryota,TSAR,Stramenopiles,Bigyra,Bicoecea,Pseudodendromonadales,Pseudodendromonadales_X,Pseudodendromonadales_XX,Pseudodendromonadales_XX_sp.
ASV_1232,Eukaryota,Archaeplastida,Chlorophyta,Chlorophyta_X,Chlorophyceae,Chlamydomonadales,Chlamydomonadales_X,Gloeomonas,Gloeomonas_anomalipyrenoides
ASV_1233,Eukaryota,TSAR,Rhizaria,Cercozoa,Endomyxa,Vampyrellida,Leptophryidae,Leptophryidae_X,Leptophryidae_X_sp.
ASV_1234,Eukaryota,TSAR,Stramenopiles,Bigyra,NA,NA,NA,NA,NA
ASV_1235,Eukaryota,TSAR,Stramenopiles,Gyrista,NA,NA,NA,NA,NA
ASV_1236,Eukaryota,Archaeplastida,Chlorophyta,Chlorophyta_X,Chlorophyceae,Chlamydomonadales,Chlamydomonadales_X,Carteria,Carteria_sp.
ASV_1237,Eukaryota,TSAR,Stramenopiles,Gyrista,Chrysophyceae,Ochromonadales,Ochromonadaceae,Poteriospumella,NA
ASV_1238,Eukaryota,Obazoa,Opisthokonta,Metazoa,Arthropoda,Crustacea,Branchiopoda,NA,NA
ASV_1239,Eukaryota,TSAR,Stramenopiles,Gyrista,Chrysophyceae,Ochromonadales,Ochromonadaceae,Poterioochromonas,Poterioochromonas_stipitata
ASV_1240,Eukaryota,TSAR,Stramenopiles,Bigyra,Bicoecea,Pseudodendromonadales,Pseudodendromonadales_X,Pseudodendromonadales_XX,Pseudodendromonadales_XX_sp.
ASV_1241,Eukaryota,Obazoa,Opisthokonta,Choanoflagellata,Choanoflagellatea,Craspedida,Salpingoecidae_Group_C1,Salpingoecidae_Group_C1_X,Salpingoecidae_Group_C1_X_sp.
ASV_1242,Eukaryota,TSAR,Stramenopiles,Bigyra,Bicoecea,Pseudodendromonadales,Pseudodendromonadales_X,Pseudodendromonadales_XX,Pseudodendromonadales_XX_sp.
ASV_1243,Eukaryota,TSAR,Stramenopiles,Bigyra,Bicoecea,Pseudodendromonadales,Pseudodendromonadales_X,Pseudodendromonadales_XX,Pseudodendromonadales_XX_sp.
ASV_1244,Eukaryota,TSAR,Rhizaria,Cercozoa,NA,NA,NA,NA,NA
ASV_1245,Eukaryota,Obazoa,Opisthokonta,Fungi,Chytridiomycota,Rhizophydiales,Rhizophydiaceae,Rhizophydium,Rhizophydium_sphaerotheca
ASV_1246,Eukaryota,TSAR,Stramenopiles,Gyrista,Peronosporomycetes,Peronosporomycetes_X,Peronosporales,NA,NA
ASV_1247,Eukaryota,Obazoa,Opisthokonta,Fungi,Basidiomycota,Ustilaginomycotina,Exobasidiomycetes,Malassezia,Malassezia_globosa
ASV_1248,Eukaryota,TSAR,Stramenopiles,Gyrista,Peronosporomycetes,Peronosporomycetes_X,Peronosporales,NA,NA
ASV_1249,Eukaryota,Obazoa,Opisthokonta,Metazoa,Nematoda,Chromadorea,Chromadorea_X,NA,NA
ASV_1250,Eukaryota,TSAR,Stramenopiles,Gyrista,Peronosporomycetes,Peronosporomycetes_X,Peronosporales,NA,NA
ASV_1251,Eukaryota,TSAR,Stramenopiles,Gyrista,Eustigmatophyceae,Eustigmatophyceae_X,Eustigmatophyceae_XX,NA,NA
ASV_1252,Eukaryota,Cryptista,Cryptophyta,Cryptophyta_X,Cryptophyceae,Cryptomonadales,Cryptomonadales_X,Cryptomonas,Cryptomonas_pyrenoidifera
ASV_1253,Eukaryota,Obazoa,Opisthokonta,Metazoa,Arthropoda,Crustacea,Branchiopoda,Daphnia,NA
ASV_1254,Eukaryota,Obazoa,Opisthokonta,Fungi,NA,NA,NA,NA,NA
ASV_1255,Eukaryota,TSAR,Stramenopiles,Gyrista,Chrysophyceae,Paraphysomonadales,Paraphysomonadaceae,Paraphysomonas,Paraphysomonas_vulgaris
ASV_1256,Eukaryota,Obazoa,Opisthokonta,Fungi,Chytridiomycota,NA,NA,NA,NA
ASV_1257,Eukaryota,Obazoa,Opisthokonta,Metazoa,Arthropoda,Crustacea,Branchiopoda,Bosmina,Bosmina_longirostris
ASV_1258,Eukaryota,Obazoa,Opisthokonta,Fungi,Rozellomycota,Rozellomycota_X,Rozellomycota_XX,Rozella,Rozella_multimorpha
ASV_1259,Eukaryota,Obazoa,Opisthokonta,Fungi,Chytridiomycota,Neocallimastigales,Neocallimastigaceae,NA,NA
ASV_1260,Eukaryota,TSAR,Stramenopiles,Bigyra,Opalozoa,Opalozoa_X,MAST-12,MAST-12_X,MAST-12_X_sp.
ASV_1261,Eukaryota,TSAR,Stramenopiles,Bigyra,Bicoecea,Pseudodendromonadales,Pseudodendromonadales_X,Pseudodendromonadales_XX,Pseudodendromonadales_XX_sp.
ASV_1262,Eukaryota,TSAR,Stramenopiles,Gyrista,Chrysophyceae,Ochromonadales,Ochromonadaceae,Poterioochromonas,Poterioochromonas_malhamensis
ASV_1263,Eukaryota,TSAR,Stramenopiles,Bigyra,Bicoecea,Pseudodendromonadales,Pseudodendromonadales_X,Pseudodendromonadales_XX,Pseudodendromonadales_XX_sp.
ASV_1264,Eukaryota,Obazoa,Opisthokonta,Metazoa,Arthropoda,Crustacea,Maxillopoda,NA,NA
ASV_1265,Eukaryota,TSAR,Stramenopiles,Gyrista,Chrysophyceae,Ochromonadales,Ochromonadaceae,Spumella,NA
ASV_1266,Eukaryota,TSAR,Stramenopiles,Gyrista,Chrysophyceae,NA,NA,NA,NA
ASV_1267,Eukaryota,Archaeplastida,Chlorophyta,Chlorophyta_X,Trebouxiophyceae,Chlorellales,Chlorellales_X,Crucigenia,Crucigenia_pulchra
ASV_1268,Eukaryota,TSAR,Rhizaria,Cercozoa,Novel-clade-10-12,Novel-clade-10,Novel-clade-10_X,Novel-clade-10_XX,Novel-clade-10_XX_sp.
ASV_1269,Eukaryota,Obazoa,Opisthokonta,Fungi,Opisthosporidia,Microsporida,Microsporida_X,Paramicrosporidium,Paramicrosporidium_saccamoebae
ASV_1270,Eukaryota,TSAR,Stramenopiles,Gyrista,Chrysophyceae,NA,NA,NA,NA
ASV_1271,Eukaryota,Obazoa,Opisthokonta,Fungi,Chytridiomycota,NA,NA,NA,NA
ASV_1272,Eukaryota,Obazoa,Opisthokonta,Choanoflagellata,Choanoflagellatea,NA,NA,NA,NA
ASV_1273,Eukaryota,TSAR,Stramenopiles,Bigyra,Bicoecea,Pseudodendromonadales,Pseudodendromonadales_X,Pseudodendromonadales_XX,Pseudodendromonadales_XX_sp.
ASV_1274,Eukaryota,TSAR,Rhizaria,Cercozoa,Novel-clade-10-12,Novel-clade-10,Novel-clade-10_X,Novel-clade-10_XX,Novel-clade-10_XX_sp.
ASV_1275,Eukaryota,Obazoa,Opisthokonta,Metazoa,Arthropoda,Crustacea,Ostracoda,Cypridopsis,NA
ASV_1276,Eukaryota,TSAR,Stramenopiles,Gyrista,Chrysophyceae,Ochromonadales,Ochromonadaceae,Acrispumella,Acrispumella_sp.
ASV_1277,Eukaryota,Archaeplastida,Chlorophyta,Chlorophyta_X,Chlorophyceae,Chlamydomonadales,Chlamydomonadales_X,Vitreochlamys,NA
ASV_1278,Eukaryota,TSAR,Stramenopiles,Gyrista,Mediophyceae,Thalassiosirales,NA,NA,NA
ASV_1279,Eukaryota,Archaeplastida,Chlorophyta,Chlorophyta_X,Chlorophyceae,Chlamydomonadales,Chlamydomonadales_X,Carteria,Carteria_lunzensis
ASV_1280,Eukaryota,Obazoa,Opisthokonta,Choanoflagellata,Choanoflagellatea,Craspedida,Monosigidae_Group_O,Monosigidae_Group_O_X,Monosigidae_Group_O_X_sp.
ASV_1281,Eukaryota,TSAR,Stramenopiles,Gyrista,Peronosporomycetes,Peronosporomycetes_X,Peronosporales,NA,NA
ASV_1282,Eukaryota,TSAR,Stramenopiles,Gyrista,Peronosporomycetes,Peronosporomycetes_X,Peronosporales,Peronosporales_X,Peronosporales_X_sp.
ASV_1283,Eukaryota,Obazoa,Opisthokonta,Metazoa,Arthropoda,Crustacea,Maxillopoda,Occidodiaptomus,NA
ASV_1284,Eukaryota,Archaeplastida,Chlorophyta,Chlorophyta_X,Chlorophyceae,Sphaeropleales,Sphaeropleales_X,Pediastrum,Pediastrum_duplex
ASV_1285,Eukaryota,Obazoa,Opisthokonta,Metazoa,Arthropoda,Crustacea,Ostracoda,Darwinula,Darwinula_stevensoni
ASV_1286,Eukaryota,TSAR,Rhizaria,Cercozoa,Novel-clade-10-12,Novel-clade-10,Novel-clade-10_X,Novel-clade-10_XX,Novel-clade-10_XX_sp.
ASV_1287,Eukaryota,Obazoa,Opisthokonta,Fungi,Basidiomycota,Agaricomycotina,Agaricomycetes,Baeospora,Baeospora_myosura
ASV_1288,Eukaryota,TSAR,Rhizaria,Cercozoa,Endomyxa,Vampyrellida,Leptophryidae,Vernalophrys,Vernalophrys_algivore
ASV_1289,Eukaryota,Obazoa,Opisthokonta,Metazoa,Porifera,Porifera_X,Demospongiae,Spongilla,NA
ASV_1290,Eukaryota,Obazoa,Opisthokonta,Fungi,Blastocladiomycota,Blastocladiomycotina,Blastocladiomycetes,Catenaria,Catenaria_anguillulae
ASV_1291,Eukaryota,Obazoa,Opisthokonta,Metazoa,Arthropoda,Hexapoda,Insecta,NA,NA
ASV_1292,Eukaryota,TSAR,Stramenopiles,Gyrista,Chrysophyceae,Paraphysomonadales,Paraphysomonadaceae,Paraphysomonas,Paraphysomonas_mantoni
ASV_1293,Eukaryota,Obazoa,Opisthokonta,Fungi,Chytridiomycota,Spizellomycetales,Spizellomycetales_X,Spizellomycetales_XX,Spizellomycetales_XX_sp.
ASV_1294,Eukaryota,TSAR,Stramenopiles,Gyrista,Chrysophyceae,NA,NA,NA,NA
ASV_1295,Eukaryota,TSAR,Stramenopiles,Bigyra,Bicoecea,Pseudodendromonadales,Pseudodendromonadales_X,Pseudodendromonadales_XX,Pseudodendromonadales_XX_sp.
ASV_1296,Eukaryota,Obazoa,Opisthokonta,Fungi,NA,NA,NA,NA,NA
ASV_1297,Eukaryota,TSAR,Rhizaria,Cercozoa,Filosa-Sarcomonadea,Glissomonadida,NA,NA,NA
ASV_1298,Eukaryota,TSAR,Stramenopiles,Bigyra,Bicoecea,Pseudodendromonadales,Pseudodendromonadales_X,Pseudodendromonadales_XX,Pseudodendromonadales_XX_sp.
ASV_1299,Eukaryota,TSAR,Stramenopiles,Gyrista,Peronosporomycetes,Peronosporomycetes_X,Saprolegniales,Saprolegniales_X,Saprolegniales_X_sp.
ASV_1300,Eukaryota,TSAR,Stramenopiles,Bigyra,Opalozoa,Opalozoa_X,MAST-12,MAST-12C,MAST-12C_sp.
ASV_1301,Eukaryota,Archaeplastida,Chlorophyta,Chlorophyta_X,Chlorophyceae,Sphaeropleales,NA,NA,NA
ASV_1302,Eukaryota,TSAR,Stramenopiles,Gyrista,Peronosporomycetes,Peronosporomycetes_X,Haptoglossales,Haptoglossa,Haptoglossa_sp.
ASV_1303,Eukaryota,TSAR,Stramenopiles,Bigyra,Opalozoa,Opalozoa_X,MAST-12,MAST-12_X,MAST-12_X_sp.
ASV_1304,Eukaryota,Obazoa,Opisthokonta,Metazoa,Arthropoda,Crustacea,Maxillopoda,Tropocyclops,Tropocyclops_ishidai
ASV_1305,Eukaryota,TSAR,Rhizaria,Cercozoa,Filosa-Sarcomonadea,Glissomonadida,Sandonidae,Sandona,Sandona_aporians
ASV_1306,Eukaryota,Obazoa,Opisthokonta,Fungi,Chytridiomycota,Rhizophydiales,Rhizophydiales_X,Rhizophydiales_XX,Rhizophydiales_XX_sp.
ASV_1307,Eukaryota,TSAR,Stramenopiles,Bigyra,Bicoecea,Pseudodendromonadales,Pseudodendromonadales_X,Pseudodendromonadales_XX,Pseudodendromonadales_XX_sp.
ASV_1308,Eukaryota,TSAR,Stramenopiles,Bigyra,Bicoecea,Pseudodendromonadales,Pseudodendromonadales_X,Pseudodendromonadales_XX,Pseudodendromonadales_XX_sp.
ASV_1309,Eukaryota,TSAR,Stramenopiles,Gyrista,Peronosporomycetes,Peronosporomycetes_X,NA,NA,NA
ASV_1310,Eukaryota,Obazoa,Opisthokonta,Fungi,Chytridiomycota,Rhizophydiales,Rhizophydiales_X,Rhizophydiales_XX,Rhizophydiales_XX_sp.
ASV_1311,Eukaryota,Obazoa,Opisthokonta,Fungi,Chytridiomycota,NA,NA,NA,NA
ASV_1312,Eukaryota,Archaeplastida,Chlorophyta,Chlorophyta_X,Chlorophyceae,Chlamydomonadales,Chlamydomonadales_X,Pachycladella,Pachycladella_umbrina
ASV_1313,Eukaryota,TSAR,Rhizaria,Cercozoa,Novel-clade-10-12,Tremulida,Tremulidae,Tremula,Tremula_longifila
ASV_1314,Eukaryota,Obazoa,Opisthokonta,NA,NA,NA,NA,NA,NA
ASV_1315,Eukaryota,TSAR,Rhizaria,Cercozoa,Filosa-Thecofilosea,Tectofilosida,Pseudodifflugiidae,Pseudodifflugia,Pseudodifflugia_gracilis
ASV_1316,Eukaryota,TSAR,Rhizaria,Cercozoa,Endomyxa,Vampyrellida,Leptophryidae,Leptophryidae_X,Leptophryidae_X_sp.
ASV_1317,Eukaryota,Archaeplastida,Chlorophyta,Chlorophyta_X,Trebouxiophyceae,Prasiolales,Prasiolales_X,Pseudostichococcus,Pseudostichococcus_monallantoides
ASV_1318,Eukaryota,TSAR,Stramenopiles,Gyrista,Bolidophyceae,Parmales,Triparmaceae,Triparma,NA
ASV_1319,Eukaryota,Obazoa,Opisthokonta,Fungi,Ascomycota,Pezizomycotina,Sordariomycetes,NA,NA
ASV_1320,Eukaryota,TSAR,Stramenopiles,Bigyra,Bicoecea,Pseudodendromonadales,Pseudodendromonadales_X,Pseudodendromonadales_XX,Pseudodendromonadales_XX_sp.
ASV_1321,Eukaryota,Archaeplastida,Chlorophyta,Chlorophyta_X,Chlorophyceae,Sphaeropleales,Sphaeropleales_X,Desmodesmus,Desmodesmus_pannonicus
ASV_1322,Eukaryota,Obazoa,Opisthokonta,Metazoa,Arthropoda,Crustacea,Maxillopoda,Occidodiaptomus,NA
ASV_1323,Eukaryota,Archaeplastida,Chlorophyta,Chlorophyta_X,Chlorophyceae,Chlamydomonadales,Chlamydomonadales_X,Chlamydomonas,Chlamydomonas_noctigama
ASV_1324,Eukaryota,TSAR,Rhizaria,Cercozoa,Novel-clade-10-12,Tremulida,Tremulidae,Tremula,Tremula_longifila
ASV_1325,Eukaryota,Obazoa,Opisthokonta,Fungi,Chytridiomycota,Chytridiales,Chytridiaceae,Diplochytridium,Diplochytridium_lagenarium
ASV_1326,Eukaryota,TSAR,Stramenopiles,Bigyra,Bicoecea,Pseudodendromonadales,Pseudodendromonadales_X,Pseudodendromonadales_XX,Pseudodendromonadales_XX_sp.
ASV_1327,Eukaryota,TSAR,Stramenopiles,Gyrista,Peronosporomycetes,Peronosporomycetes_X,Saprolegniales,Saprolegniales_X,Saprolegniales_X_sp.
ASV_1328,Eukaryota,TSAR,Stramenopiles,Bigyra,Opalozoa,Opalozoa_X,MAST-12,MAST-12C,MAST-12C_sp.
ASV_1329,Eukaryota,Obazoa,Opisthokonta,Fungi,NA,NA,NA,NA,NA
ASV_1330,Eukaryota,Archaeplastida,Chlorophyta,Chlorophyta_X,Chlorophyceae,Chlamydomonadales,Chlamydomonadales_X,NA,NA
ASV_1331,Eukaryota,TSAR,Stramenopiles,Bigyra,Opalozoa,Opalozoa_X,MAST-12,MAST-12C,MAST-12C_sp.
ASV_1332,Eukaryota,TSAR,Stramenopiles,Gyrista,Coscinodiscophyceae,Rhizosoleniales,Rhizosoleniaceae,Urosolenia,Urosolenia_eriensis
ASV_1333,Eukaryota,Obazoa,Opisthokonta,Metazoa,Arthropoda,Hexapoda,Insecta,NA,NA
ASV_1334,Eukaryota,Cryptista,Cryptophyta,Cryptophyta_X,Cryptophyceae,Cryptomonadales,Cryptomonadales_X,Cryptomonas,Cryptomonas_uralensis
ASV_1335,Eukaryota,TSAR,Stramenopiles,Gyrista,Peronosporomycetes,Peronosporomycetes_X,NA,NA,NA
ASV_1336,Eukaryota,Archaeplastida,Chlorophyta,Chlorophyta_X,Chlorophyceae,Chlamydomonadales,Chlamydomonadales_X,Carteria,Carteria_lunzensis
ASV_1337,Eukaryota,TSAR,Stramenopiles,Gyrista,Chrysophyceae,Paraphysomonadales,Paraphysomonadales_X,Paraphysomonadales_XX,Paraphysomonadales_XX_sp.
ASV_1338,Eukaryota,Archaeplastida,Chlorophyta,Chlorophyta_X,Chlorophyceae,Chaetophorales,Chaetophorales_X,Stigeoclonium,Stigeoclonium_tenue
ASV_1339,Eukaryota,TSAR,Stramenopiles,Gyrista,Chrysophyceae,Synurales,Synuraceae,Mallomonas,Mallomonas_caudata
ASV_1340,Eukaryota,TSAR,Stramenopiles,Bigyra,Bicoecea,Pseudodendromonadales,Pseudodendromonadales_X,Pseudodendromonadales_XX,Pseudodendromonadales_XX_sp.
ASV_1341,Eukaryota,TSAR,Rhizaria,Cercozoa,Filosa-Imbricatea,Paracercomonadida,Paracercomonadida_X,Phytocercomonas,Phytocercomonas_venanatans
ASV_1342,Eukaryota,Obazoa,Opisthokonta,Ichthyosporea,Ichthyophonida,Ichthyophonidae,Amoebidianae,Amoebidium,NA
ASV_1343,Eukaryota,Obazoa,Opisthokonta,Fungi,NA,NA,NA,NA,NA
ASV_1344,Eukaryota,Archaeplastida,Chlorophyta,Chlorophyta_X,Chlorophyceae,Sphaeropleales,Sphaeropleales_X,Tetraedron,Tetraedron_minimum
ASV_1345,Eukaryota,Obazoa,Opisthokonta,Fungi,Chytridiomycota,Spizellomycetales,NA,NA,NA
ASV_1346,Eukaryota,Archaeplastida,Streptophyta,Streptophyta_X,Zygnemophyceae,Zygnemophyceae_X,Zygnemophyceae_XX,Actinotaenium,Actinotaenium_cruciferum
ASV_1347,Eukaryota,TSAR,Stramenopiles,Gyrista,Bacillariophyceae,Achnanthales,Cocconeidaceae,Cocconeis,Cocconeis_placentula
ASV_1348,Eukaryota,TSAR,Stramenopiles,Gyrista,Peronosporomycetes,Peronosporomycetes_X,Saprolegniales,Aphanomyces,Aphanomyces_sp.
ASV_1349,Eukaryota,TSAR,Stramenopiles,Gyrista,Peronosporomycetes,Peronosporomycetes_X,Peronosporales,NA,NA
ASV_1350,Eukaryota,Obazoa,Opisthokonta,Metazoa,Arthropoda,Crustacea,Maxillopoda,Occidodiaptomus,NA
ASV_1351,Eukaryota,Archaeplastida,Chlorophyta,Chlorophyta_X,Trebouxiophyceae,Chlorellales,Chlorellales_X,NA,NA
ASV_1352,Eukaryota,Archaeplastida,Streptophyta,Streptophyta_X,Embryophyceae,Embryophyceae_X,Embryophyceae_XX,Lemna,Lemna_minor
ASV_1353,Eukaryota,Obazoa,Opisthokonta,Fungi,Zoopagomycota,Entomophthoromycotina,Entomophthorales,Entomophthora,Entomophthora_muscae
ASV_1354,Eukaryota,Obazoa,Opisthokonta,Choanoflagellata,Choanoflagellatea,NA,NA,NA,NA
ASV_1355,Eukaryota,Obazoa,Opisthokonta,Fungi,NA,NA,NA,NA,NA
ASV_1356,Eukaryota,Obazoa,Opisthokonta,Fungi,NA,NA,NA,NA,NA
ASV_1357,Eukaryota,Cryptista,Kathablepharidacea,Kathablepharida,Kathablepharidea,Kathablepharidida,Kathablepharidida_X,Kathablepharidida_XX,Kathablepharidida_XX_sp.
ASV_1358,Eukaryota,Obazoa,Opisthokonta,Fungi,Ascomycota,Pezizomycotina,Sordariomycetes,Phomopsis,Phomopsis_amygdali
ASV_1359,Eukaryota,Obazoa,Opisthokonta,Fungi,Chytridiomycota,Rhizophydiales,Rhizophydiaceae,Rhizophydium,NA
ASV_1360,Eukaryota,TSAR,Rhizaria,Cercozoa,Filosa-Thecofilosea,Cryomonadida,Rhogostoma-lineage,Rhogostoma,Rhogostoma_sp.
ASV_1361,Eukaryota,TSAR,Stramenopiles,Gyrista,Chrysophyceae,Paraphysomonadales,Paraphysomonadaceae,Paraphysomonas,Paraphysomonas_vulgaris
ASV_1362,Eukaryota,Cryptista,Cryptophyta,Cryptophyta_X,Cryptophyceae,Cryptomonadales,Cryptomonadales_X,Cryptomonas,Cryptomonas_uralensis
ASV_1363,Eukaryota,NA,NA,NA,NA,NA,NA,NA,NA
ASV_1364,Eukaryota,Obazoa,Opisthokonta,Fungi,Chytridiomycota,Zygophlyctidales,Zygophlyctidaceae,Zygophlyctis,Zygophlyctis_melosirae
ASV_1365,Eukaryota,TSAR,Stramenopiles,Bigyra,Bicoecea,Pseudodendromonadales,Pseudodendromonadales_X,Pseudodendromonadales_XX,Pseudodendromonadales_XX_sp.
ASV_1366,Eukaryota,TSAR,Rhizaria,Cercozoa,Filosa-Sarcomonadea,Glissomonadida,Sandonidae,Flectomonas,Flectomonas_ekelundi
ASV_1367,Eukaryota,Obazoa,Opisthokonta,Fungi,Chytridiomycota,NA,NA,NA,NA
ASV_1368,Eukaryota,TSAR,Rhizaria,Cercozoa,Endomyxa,Vampyrellida,Leptophryidae,Leptophryidae_X,Leptophryidae_X_sp.
ASV_1369,Eukaryota,Obazoa,Opisthokonta,Fungi,NA,NA,NA,NA,NA
ASV_1370,Eukaryota,TSAR,Stramenopiles,Gyrista,Peronosporomycetes,Peronosporomycetes_X,Peronosporales,Peronosporales_X,Peronosporales_X_sp.
ASV_1371,Eukaryota,Archaeplastida,Chlorophyta,Chlorophyta_X,Trebouxiophyceae,Chlorellales,Chlorellales_X,Chlorella,Chlorella_variabilis
ASV_1372,Eukaryota,TSAR,Stramenopiles,Gyrista,Peronosporomycetes,Peronosporomycetes_X,Haptoglossales,Haptoglossa,Haptoglossa_sp.
ASV_1373,Eukaryota,TSAR,Rhizaria,Cercozoa,Filosa-Imbricatea,Spongomonadida,Spongomonadidae,Spongomonas,Spongomonas_sp.
ASV_1374,Eukaryota,TSAR,Stramenopiles,Gyrista,Peronosporomycetes,Peronosporomycetes_X,NA,NA,NA
ASV_1375,Eukaryota,Obazoa,Opisthokonta,Metazoa,Gastrotricha,Gastrotricha_X,Gastrotricha_XX,Chaetonotus,Chaetonotus_microchaetus
ASV_1376,Eukaryota,TSAR,Alveolata,Ciliophora,Colpodea,Colpodea_X,Bursariomorphida,Bursariomorphida_X,Bursariomorphida_X_sp.
ASV_1377,Eukaryota,TSAR,Rhizaria,Cercozoa,NA,NA,NA,NA,NA
ASV_1378,Eukaryota,Archaeplastida,Chlorophyta,Chlorophyta_X,Chlorophyceae,Chlamydomonadales,Chlamydomonadales_X,NA,NA
ASV_1379,Eukaryota,Obazoa,Opisthokonta,Metazoa,Mollusca,Bivalvia,Palaeoheterodonta,NA,NA
ASV_1380,Eukaryota,Obazoa,Opisthokonta,Fungi,Chytridiomycota,Cladochytriales,Cladochytriaceae,Cladochytrium,Cladochytrium_replicatum
ASV_1381,Eukaryota,Archaeplastida,Streptophyta,Streptophyta_X,Zygnemophyceae,Zygnemophyceae_X,Zygnemophyceae_XX,NA,NA
ASV_1382,Eukaryota,Obazoa,Opisthokonta,Fungi,Chytridiomycota,Rhizophydiales,Rhizophydiaceae,Rhizophydium,NA
ASV_1383,Eukaryota,TSAR,Stramenopiles,Bigyra,Bicoecea,Pseudodendromonadales,Pseudodendromonadales_X,Pseudodendromonadales_XX,Pseudodendromonadales_XX_sp.
ASV_1384,Eukaryota,TSAR,Rhizaria,Rhizaria_X,Rhizaria_XX,Aquavolonida,Aquavolonida_X,Aquavolon,NA
ASV_1385,Eukaryota,TSAR,Stramenopiles,Gyrista,Peronosporomycetes,Peronosporomycetes_X,Peronosporales,Peronosporales_X,Peronosporales_X_sp.
ASV_1386,Eukaryota,Obazoa,Opisthokonta,Metazoa,Arthropoda,Crustacea,Maxillopoda,NA,NA
ASV_1387,Eukaryota,TSAR,Stramenopiles,Gyrista,Chrysophyceae,Ochromonadales,Ochromonadales_clade-XII,Ochromonadales_clade-XII_X,Ochromonadales_clade-XII_X_sp.
ASV_1388,Eukaryota,Obazoa,Opisthokonta,Metazoa,Arthropoda,Crustacea,Ostracoda,Cypridopsis,Cypridopsis_adusta
ASV_1389,Eukaryota,TSAR,Stramenopiles,Gyrista,Peronosporomycetes,Peronosporomycetes_X,Peronosporales,NA,NA
ASV_1390,Eukaryota,Amoebozoa,Tubulinea,Tubulinea_X,Elardia,Euamoebida,Hartmannellidae,Copromyxa,NA
ASV_1391,Eukaryota,TSAR,Stramenopiles,Gyrista,Peronosporomycetes,Peronosporomycetes_X,Saprolegniales,Aphanomyces,NA
ASV_1392,Eukaryota,TSAR,Stramenopiles,Bigyra,Opalozoa,Opalozoa_X,MAST-12,MAST-12C,MAST-12C_sp.
ASV_1393,Eukaryota,TSAR,Stramenopiles,Bigyra,Bicoecea,Pseudodendromonadales,Pseudodendromonadales_X,Pseudodendromonadales_XX,Pseudodendromonadales_XX_sp.
ASV_1394,Eukaryota,Archaeplastida,Chlorophyta,Chlorophyta_X,Chlorophyceae,Chlamydomonadales,Chlamydomonadales_X,NA,NA
ASV_1395,Eukaryota,Obazoa,Opisthokonta,Metazoa,Arthropoda,Chelicerata,Arachnida,NA,NA
ASV_1396,Eukaryota,Obazoa,Opisthokonta,Fungi,Chytridiomycota,Spizellomycetales,Spizellomycetaceae,NA,NA
ASV_1397,Eukaryota,Obazoa,Opisthokonta,Fungi,Chytridiomycota,NA,NA,NA,NA
ASV_1398,Eukaryota,TSAR,Stramenopiles,Bigyra,Bicoecea,Pseudodendromonadales,Pseudodendromonadales_X,Pseudodendromonadales_XX,Pseudodendromonadales_XX_sp.
ASV_1399,Eukaryota,TSAR,Rhizaria,Cercozoa,Novel-clade-10-12,Novel-clade-12,NC12B-lineage,NC12B-lineage_X,NC12B-lineage_X_sp.
ASV_1400,Eukaryota,TSAR,Stramenopiles,Bigyra,Bicoecea,Bicoecales,Bicoecaceae,Bicoecaceae_X,Bicoecaceae_X_sp.
ASV_1401,Eukaryota,TSAR,Stramenopiles,Gyrista,Chrysophyceae,Ochromonadales,Ochromonadales_clade-X,Ochromonadales_clade-X_X,Ochromonadales_clade-X_X_sp.
ASV_1402,Eukaryota,TSAR,Stramenopiles,Gyrista,Peronosporomycetes,Peronosporomycetes_X,Peronosporales,NA,NA
ASV_1403,Eukaryota,Obazoa,Opisthokonta,Fungi,Chytridiomycota,Spizellomycetales,Spizellomycetales_X,Spizellomycetales_XX,Spizellomycetales_XX_sp.
ASV_1404,Eukaryota,Obazoa,Opisthokonta,Fungi,NA,NA,NA,NA,NA
ASV_1405,Eukaryota,TSAR,Stramenopiles,Gyrista,Chrysophyceae,Paraphysomonadales,Paraphysomonadaceae,Paraphysomonas,Paraphysomonas_vulgaris
ASV_1406,Eukaryota,TSAR,Stramenopiles,Gyrista,Chrysophyceae,NA,NA,NA,NA
ASV_1407,Eukaryota,Obazoa,Opisthokonta,Fungi,NA,NA,NA,NA,NA
ASV_1408,Eukaryota,Obazoa,Opisthokonta,Fungi,Chytridiomycota,Monoblepharidales,Monoblepharidaceae,Monoblepharis,NA
ASV_1409,Eukaryota,Obazoa,Opisthokonta,Metazoa,Annelida,Annelida_X,Annelida_XX,Chaetogaster,Chaetogaster_diaphanus
ASV_1410,Eukaryota,Obazoa,Opisthokonta,Metazoa,Gastrotricha,Gastrotricha_X,Gastrotricha_XX,Chaetonotus,NA
ASV_1411,Eukaryota,Obazoa,Opisthokonta,Fungi,Chytridiomycota,Chytridiales,Chytridiaceae,Chytridium,Chytridium_polysiphoniae
ASV_1412,Eukaryota,Obazoa,Opisthokonta,NA,NA,NA,NA,NA,NA
ASV_1413,Eukaryota,Cryptista,Cryptophyta,Cryptophyta_X,Cryptophyceae,Cryptophyceae_X,Basal_Cryptophyceae-1,Basal_Cryptophyceae-1_X,Basal_Cryptophyceae-1_X_sp.
ASV_1414,Eukaryota,TSAR,Stramenopiles,Bigyra,Bicoecea,Pseudodendromonadales,Pseudodendromonadales_X,Pseudodendromonadales_XX,Pseudodendromonadales_XX_sp.
ASV_1415,Eukaryota,TSAR,Stramenopiles,Bigyra,Bicoecea,Pseudodendromonadales,Pseudodendromonadales_X,Pseudodendromonadales_XX,Pseudodendromonadales_XX_sp.
ASV_1416,Eukaryota,TSAR,Stramenopiles,Gyrista,Chrysophyceae,Synurales,Synuraceae,NA,NA
ASV_1417,Eukaryota,Obazoa,Opisthokonta,Fungi,Basidiomycota,Ustilaginomycotina,Exobasidiomycetes,Tilletiopsis,Tilletiopsis_pallescens
ASV_1418,Eukaryota,Archaeplastida,Chlorophyta,Chlorophyta_X,Chlorophyceae,Chlamydomonadales,Chlamydomonadales_X,NA,NA
ASV_1419,Eukaryota,Archaeplastida,Chlorophyta,Chlorophyta_X,Chlorophyceae,Chlamydomonadales,Chlamydomonadales_X,Carteria,Carteria_lunzensis
ASV_1420,Eukaryota,TSAR,Stramenopiles,Bigyra,Opalozoa,Opalozoa_X,MAST-12,MAST-12C,MAST-12C_sp.
ASV_1421,Eukaryota,Obazoa,Opisthokonta,Fungi,NA,NA,NA,NA,NA
ASV_1422,Eukaryota,TSAR,Stramenopiles,Bigyra,Bicoecea,Pseudodendromonadales,Pseudodendromonadales_X,Pseudodendromonadales_XX,Pseudodendromonadales_XX_sp.
ASV_1423,Eukaryota,TSAR,NA,NA,NA,NA,NA,NA,NA
ASV_1424,Eukaryota,Obazoa,Opisthokonta,Fungi,Chytridiomycota,Chytridiales,Chytridiomycetaceae,Podochytrium,Podochytrium_dentatum
ASV_1425,Eukaryota,TSAR,Stramenopiles,Gyrista,Peronosporomycetes,Peronosporomycetes_X,Peronosporales,NA,NA
ASV_1426,Eukaryota,TSAR,Stramenopiles,Bigyra,Sagenista,NA,NA,NA,NA
ASV_1427,Eukaryota,Archaeplastida,Chlorophyta,Chlorophyta_X,Chlorophyceae,Chlamydomonadales,Chlamydomonadales_X,Chloromonas,Chloromonas_oogama
ASV_1428,Eukaryota,Obazoa,Opisthokonta,Fungi,NA,NA,NA,NA,NA
ASV_1429,Eukaryota,TSAR,Stramenopiles,Gyrista,Chrysophyceae,Paraphysomonadales,Paraphysomonadaceae,Paraphysomonas,Paraphysomonas_vulgaris
ASV_1430,Eukaryota,Cryptista,Cryptophyta,Cryptophyta_X,Cryptophyceae,Cryptophyceae_X,Basal_Cryptophyceae-1,Basal_Cryptophyceae-1_X,Basal_Cryptophyceae-1_X_sp.
ASV_1431,Eukaryota,TSAR,Rhizaria,Cercozoa,Filosa-Sarcomonadea,Pansomonadida,Pansomonadida_X,Pansomonadida_XX,Pansomonadida_XX_sp.
ASV_1432,Eukaryota,TSAR,Stramenopiles,Bigyra,Bicoecea,Pseudodendromonadales,Pseudodendromonadales_X,Pseudodendromonadales_XX,Pseudodendromonadales_XX_sp.
ASV_1433,Eukaryota,Archaeplastida,Chlorophyta,Chlorophyta_X,Chlorophyceae,Sphaeropleales,NA,NA,NA
ASV_1434,Eukaryota,Obazoa,Opisthokonta,Ichthyosporea,Ichthyophonida,NA,NA,NA,NA
ASV_1435,Eukaryota,TSAR,Stramenopiles,Gyrista,Dictyochophyceae,Dictyochophyceae_X,Pedinellales,Pseudopedinella,Pseudopedinella_sp.
ASV_1436,Eukaryota,Obazoa,Opisthokonta,Fungi,Chytridiomycota,NA,NA,NA,NA
ASV_1437,Eukaryota,Obazoa,Opisthokonta,Fungi,Chytridiomycota,Spizellomycetales,NA,NA,NA
ASV_1438,Eukaryota,Archaeplastida,Chlorophyta,Chlorophyta_X,Chlorophyceae,Chlamydomonadales,Chlamydomonadales_X,Carteria,Carteria_lunzensis
ASV_1439,Eukaryota,Obazoa,Opisthokonta,Fungi,Ascomycota,Pezizomycotina,Dothideomycetes,NA,NA
ASV_1440,Eukaryota,Archaeplastida,Chlorophyta,Chlorophyta_X,Chlorophyceae,Chlamydomonadales,Chlamydomonadales_X,Carteria,Carteria_lunzensis
ASV_1441,Eukaryota,TSAR,Stramenopiles,Gyrista,Chrysophyceae,NA,NA,NA,NA
ASV_1442,Eukaryota,TSAR,Stramenopiles,Gyrista,Bolidophyceae,Parmales,Triparmaceae,Triparma,NA
ASV_1443,Eukaryota,Obazoa,Opisthokonta,Metazoa,Gastrotricha,Gastrotricha_X,Gastrotricha_XX,Chaetonotus,NA
ASV_1444,Eukaryota,Obazoa,Opisthokonta,Fungi,Chytridiomycota,NA,NA,NA,NA
ASV_1445,Eukaryota,TSAR,Rhizaria,Cercozoa,Novel-clade-10-12,Tremulida,Tremulidae,Tremula,Tremula_longifila
ASV_1446,Eukaryota,Obazoa,Opisthokonta,Metazoa,Arthropoda,Crustacea,Maxillopoda,Occidodiaptomus,NA
ASV_1447,Eukaryota,Archaeplastida,Streptophyta,Streptophyta_X,Zygnemophyceae,Zygnemophyceae_X,Zygnemophyceae_XX,Pleurotaenium,Pleurotaenium_ehrenbergii
ASV_1448,Eukaryota,TSAR,Alveolata,Ciliophora,Spirotrichea,Oligotrichida,Oligotrichida_X,Oligotrichida_XX,Oligotrichida_XX_sp.
ASV_1449,Eukaryota,Archaeplastida,Chlorophyta,Chlorophyta_X,Chlorophyceae,Chlamydomonadales,Chlamydomonadales_X,Chlamydomonas,Chlamydomonas_noctigama
ASV_1450,Eukaryota,Obazoa,Opisthokonta,Fungi,Chytridiomycota,Spizellomycetales,Spizellomycetaceae,NA,NA
ASV_1451,Eukaryota,Archaeplastida,Chlorophyta,Chlorophyta_X,Chlorophyceae,Chlamydomonadales,Chlamydomonadales_X,Carteria,Carteria_lunzensis
ASV_1452,Eukaryota,Obazoa,Opisthokonta,Fungi,Chytridiomycota,Rhizophydiales,Rhizophydiales_X,Rhizophydiales_XX,Rhizophydiales_XX_sp.
ASV_1453,Eukaryota,TSAR,Stramenopiles,Bigyra,Bicoecea,Pseudodendromonadales,Pseudodendromonadales_X,Pseudodendromonadales_XX,Pseudodendromonadales_XX_sp.
ASV_1454,Eukaryota,TSAR,Stramenopiles,Gyrista,Peronosporomycetes,Peronosporomycetes_X,Peronosporales,Halophytophthora,NA
ASV_1455,Eukaryota,Obazoa,Opisthokonta,Metazoa,Gastrotricha,Gastrotricha_X,Gastrotricha_XX,Chaetonotus,NA
ASV_1456,Eukaryota,TSAR,Stramenopiles,Bigyra,Bicoecea,Bicoecales,Bicoecaceae,Bicoecaceae_X,Bicoecaceae_X_sp.
ASV_1457,Eukaryota,Obazoa,Opisthokonta,Choanoflagellata,Choanoflagellatea,Craspedida,Monosigidae_Group_A,Monosiga,Monosiga_ovata
ASV_1458,Eukaryota,Obazoa,Opisthokonta,Fungi,NA,NA,NA,NA,NA
ASV_1459,Eukaryota,TSAR,Stramenopiles,Bigyra,Opalozoa,Opalozoa_X,MAST-12,MAST-12_X,MAST-12_X_sp.
ASV_1460,Eukaryota,Obazoa,Opisthokonta,Fungi,Chytridiomycota,NA,NA,NA,NA
ASV_1461,Eukaryota,Archaeplastida,Streptophyta,Streptophyta_X,Zygnemophyceae,Zygnemophyceae_X,Zygnemophyceae_XX,Spirotaenia,Spirotaenia_condensata
ASV_1462,Eukaryota,TSAR,Stramenopiles,Bigyra,Bicoecea,Pseudodendromonadales,Pseudodendromonadales_X,Pseudodendromonadales_XX,Pseudodendromonadales_XX_sp.
ASV_1463,Eukaryota,Obazoa,Opisthokonta,Fungi,Basidiomycota,NA,NA,NA,NA
ASV_1464,Eukaryota,Obazoa,Opisthokonta,Fungi,Chytridiomycota,Zygophlyctidales,Zygophlyctidaceae,Zygophlyctis,NA
ASV_1465,Eukaryota,TSAR,Stramenopiles,Gyrista,Chrysophyceae,Synurales,Synuraceae,NA,NA
ASV_1466,Eukaryota,Obazoa,Opisthokonta,Metazoa,Arthropoda,Crustacea,Branchiopoda,Bosmina,Bosmina_longirostris
ASV_1467,Eukaryota,Obazoa,Opisthokonta,Metazoa,Arthropoda,Crustacea,Maxillopoda,Eudiaptomus,Eudiaptomus_graciloides
ASV_1468,Eukaryota,Archaeplastida,Streptophyta,Streptophyta_X,Embryophyceae,Embryophyceae_X,Embryophyceae_XX,Lemna,Lemna_minor
ASV_1469,Eukaryota,Obazoa,Opisthokonta,Choanoflagellata,Choanoflagellatea,Craspedida,Salpingoecidae_Group_C1,NA,NA
ASV_1470,Eukaryota,Obazoa,Opisthokonta,Fungi,Chytridiomycota,Rhizophydiales,NA,NA,NA
ASV_1471,Eukaryota,Cryptista,Kathablepharidacea,Kathablepharida,Kathablepharidea,Kathablepharidida,Kathablepharidida_X,Kathablepharidida_XX,Kathablepharidida_XX_sp.
ASV_1472,Eukaryota,TSAR,Stramenopiles,Gyrista,Raphidophyceae,Raphidophyceae_X,Raphidophyceae_XX,Vacuolaria,Vacuolaria_virescens
ASV_1473,Eukaryota,CRuMs,Collodictyonidae,Collodictyonidae_X,Collodictyonidae_XX,Collodictyonidae_XXX,Collodictyonidae_XXXX,NA,NA
ASV_1474,Eukaryota,Archaeplastida,Chlorophyta,Chlorophyta_X,Chlorophyceae,Sphaeropleales,Sphaeropleales_X,Desmodesmus,Desmodesmus_pannonicus
ASV_1475,Eukaryota,Obazoa,Opisthokonta,Fungi,Basidiomycota,Agaricomycotina,Agaricomycetes,Tyromyces,Tyromyces_fumidiceps
ASV_1476,Eukaryota,Obazoa,Opisthokonta,Fungi,Chytridiomycota,Spizellomycetales,Spizellomycetales_X,Spizellomycetales_XX,Spizellomycetales_XX_sp.
ASV_1477,Eukaryota,TSAR,Rhizaria,Cercozoa,Filosa-Granofilosea,Filosa-Granofilosea_X,Novel-Gran-5,Novel-Gran-5_X,Novel-Gran-5_X_sp.
ASV_1478,Eukaryota,TSAR,Alveolata,Alveolata_X,Alveolata_XX,Alveolata_XXX,Alveolata_XXXX,Alveolata_XXXXX,Alveolata_XXXXX_sp.
ASV_1479,Eukaryota,TSAR,Stramenopiles,Gyrista,Chrysophyceae,NA,NA,NA,NA
ASV_1480,Eukaryota,TSAR,Alveolata,Chrompodellids,Colpodellidea,Colpodellida,Colpodellida_CHR1,Colpodellida_CHR1_X,Colpodellida_CHR1_X_sp.
ASV_1481,Eukaryota,Obazoa,Opisthokonta,Fungi,Chytridiomycota,Rhizophydiales,Rhizophydiales_X,Rhizophydiales_XX,Rhizophydiales_XX_sp.
ASV_1482,Eukaryota,TSAR,Stramenopiles,Gyrista,Peronosporomycetes,Peronosporomycetes_X,Peronosporales,Peronosporales_X,Peronosporales_X_sp.
ASV_1483,Eukaryota,TSAR,Stramenopiles,Gyrista,Chrysophyceae,Ochromonadales,Ochromonadales_clade-X,Ochromonadales_clade-X_X,Ochromonadales_clade-X_X_sp.
ASV_1484,Eukaryota,Obazoa,Opisthokonta,Fungi,Chytridiomycota,Zygorhizidiales,Zygorhizidiaceae,Zygorhizidium,Zygorhizidium_sp.
ASV_1485,Eukaryota,Archaeplastida,Chlorophyta,Chlorophyta_X,Chlorophyceae,Sphaeropleales,Sphaeropleales_X,Protodesmus,Protodesmus_globulifer
ASV_1486,Eukaryota,Archaeplastida,Chlorophyta,Chlorophyta_X,Chlorophyceae,Sphaeropleales,Sphaeropleales_X,Raphidocelis,Raphidocelis_subcapitata
ASV_1487,Eukaryota,Obazoa,Opisthokonta,Fungi,Basidiomycota,Pucciniomycotina,Cystobasidiomycetes,Rhodotorula,Rhodotorula_phylloplana
ASV_1488,Eukaryota,Obazoa,Opisthokonta,Metazoa,Arthropoda,Crustacea,Maxillopoda,Occidodiaptomus,NA
ASV_1489,Eukaryota,TSAR,Stramenopiles,Bigyra,Bicoecea,Pseudodendromonadales,Pseudodendromonadales_X,Pseudodendromonadales_XX,Pseudodendromonadales_XX_sp.
ASV_1490,Eukaryota,TSAR,Rhizaria,Cercozoa,Filosa-Sarcomonadea,Glissomonadida,Allapsidae,Viridiraptor,Viridiraptor_invadens
ASV_1491,Eukaryota,Archaeplastida,Streptophyta,Streptophyta_X,Zygnemophyceae,Zygnemophyceae_X,Zygnemophyceae_XX,Staurastrum,NA
ASV_1492,Eukaryota,TSAR,Stramenopiles,Bigyra,Bicoecea,Pseudodendromonadales,Pseudodendromonadales_X,Pseudodendromonadales_XX,Pseudodendromonadales_XX_sp.
ASV_1493,Eukaryota,Archaeplastida,Chlorophyta,Chlorophyta_X,Chlorophyceae,Chlamydomonadales,Chlamydomonadales_X,Gonium,Gonium_pectorale
ASV_1494,Eukaryota,Obazoa,Opisthokonta,Metazoa,Arthropoda,Crustacea,Branchiopoda,Acroperus,Acroperus_harpae
ASV_1495,Eukaryota,TSAR,Rhizaria,Cercozoa,Endomyxa,Vampyrellida,Leptophryidae,Leptophryidae_X,Leptophryidae_X_sp.
ASV_1496,Eukaryota,Obazoa,Opisthokonta,Fungi,NA,NA,NA,NA,NA
ASV_1497,Eukaryota,TSAR,Stramenopiles,Gyrista,Chrysophyceae,NA,NA,NA,NA
ASV_1498,Eukaryota,Archaeplastida,Chlorophyta,Chlorophyta_X,Chlorophyceae,Chaetopeltidales,Chaetopeltidales_X,Floydiella,Floydiella_terrestris
ASV_1499,Eukaryota,Obazoa,Opisthokonta,Metazoa,Arthropoda,Crustacea,Branchiopoda,NA,NA
ASV_1500,Eukaryota,Obazoa,Opisthokonta,Metazoa,Gastrotricha,Gastrotricha_X,Gastrotricha_XX,Chaetonotus,NA
ASV_1501,Eukaryota,Obazoa,Opisthokonta,Fungi,Chytridiomycota,NA,NA,NA,NA
ASV_1502,Eukaryota,Archaeplastida,Streptophyta,Streptophyta_X,Coleochaetophyceae,Coleochaetophyceae_X,Coleochaetophyceae_XX,Coleochaete,Coleochaete_sp.
ASV_1503,Eukaryota,Obazoa,Opisthokonta,Fungi,Chytridiomycota,Cladochytriales,Cladochytriaceae,Cladochytrium,Cladochytrium_replicatum
ASV_1504,Eukaryota,Archaeplastida,Streptophyta,Streptophyta_X,Zygnemophyceae,Zygnemophyceae_X,Zygnemophyceae_XX,Closterium,NA
ASV_1505,Eukaryota,TSAR,Stramenopiles,Gyrista,Peronosporomycetes,Peronosporomycetes_X,Peronosporales,Phytophthora,NA
ASV_1506,Eukaryota,Obazoa,Opisthokonta,NA,NA,NA,NA,NA,NA
ASV_1507,Eukaryota,Obazoa,Opisthokonta,Fungi,Chytridiomycota,Monoblepharidales,Monoblepharidaceae,Monoblepharis,NA
ASV_1508,Eukaryota,TSAR,Stramenopiles,Gyrista,Chrysophyceae,Ochromonadales,Ochromonadaceae,Chlorochromonas,Chlorochromonas_sp.
ASV_1509,Eukaryota,TSAR,Alveolata,Ciliophora,Oligohymenophorea,Scuticociliatia_2,Scuticociliatia_2_X,Scuticociliatia_2_XX,Scuticociliatia_2_XX_sp.
ASV_1510,Eukaryota,TSAR,Stramenopiles,Gyrista,Chrysophyceae,NA,NA,NA,NA
ASV_1511,Eukaryota,Obazoa,Opisthokonta,Choanoflagellata,Choanoflagellatea,Craspedida,Salpingoecidae_Group_C1,Salpingoecidae_Group_C1_X,Salpingoecidae_Group_C1_X_sp.
ASV_1512,Eukaryota,TSAR,Stramenopiles,Gyrista,Peronosporomycetes,Peronosporomycetes_X,Saprolegniales,Aphanomyces,Aphanomyces_sp.
ASV_1513,Eukaryota,TSAR,Rhizaria,Cercozoa,Filosa-Sarcomonadea,Glissomonadida,Bodomorphidae,Bodomorpha,Bodomorpha_sp.
ASV_1514,Eukaryota,TSAR,Stramenopiles,Bigyra,Bicoecea,Pseudodendromonadales,Pseudodendromonadales_X,Pseudodendromonadales_XX,Pseudodendromonadales_XX_sp.
ASV_1515,Eukaryota,Obazoa,Opisthokonta,Fungi,NA,NA,NA,NA,NA
ASV_1516,Eukaryota,Cryptista,Cryptophyta,Cryptophyta_X,Cryptophyceae,Cryptophyceae_X,Basal_Cryptophyceae-1,Basal_Cryptophyceae-1_X,Basal_Cryptophyceae-1_X_sp.
ASV_1517,Eukaryota,Obazoa,Opisthokonta,Fungi,Monoblepharomycota,Sanchytriales,Sanchytriaceae,Sanchytrium,Sanchytrium_tribonematis
ASV_1518,Eukaryota,TSAR,Rhizaria,Cercozoa,Filosa-Granofilosea,Limnofilida,Limnofilidae,Limnofila,Limnofila_borokensis
ASV_1519,Eukaryota,Obazoa,Opisthokonta,Fungi,Ascomycota,Saccharomycotina,Saccharomycetales,NA,NA
ASV_1520,Eukaryota,TSAR,Stramenopiles,Bigyra,Opalozoa,Opalozoa_X,MAST-12,MAST-12_X,MAST-12_X_sp.
ASV_1521,Eukaryota,Obazoa,Opisthokonta,Metazoa,Arthropoda,Crustacea,Branchiopoda,Acroperus,Acroperus_harpae
ASV_1522,Eukaryota,Obazoa,Opisthokonta,Fungi,Chytridiomycota,Spizellomycetales,NA,NA,NA
ASV_1523,Eukaryota,TSAR,Stramenopiles,Bigyra,Bicoecea,Pseudodendromonadales,Pseudodendromonadales_X,Pseudodendromonadales_XX,Pseudodendromonadales_XX_sp.
ASV_1524,Eukaryota,Archaeplastida,Chlorophyta,Chlorophyta_X,Chlorophyceae,Chlamydomonadales,Chlamydomonadales_X,NA,NA
ASV_1525,Eukaryota,Obazoa,Opisthokonta,Fungi,Chytridiomycota,Spizellomycetales,NA,NA,NA
ASV_1526,Eukaryota,TSAR,Stramenopiles,Gyrista,Chrysophyceae,Paraphysomonadales,Lepidochromonadaceae,Lepidochromonas,Lepidochromonas_caroni
ASV_1527,Eukaryota,Cryptista,Cryptophyta,Cryptophyta_X,Cryptophyceae,Cryptomonadales,Cryptomonadales_X,Cryptomonas,Cryptomonas_obovoidea
ASV_1528,Eukaryota,Obazoa,Opisthokonta,Metazoa,Gastrotricha,Gastrotricha_X,Gastrotricha_XX,NA,NA
ASV_1529,Eukaryota,Archaeplastida,Chlorophyta,Chlorophyta_X,Chlorophyceae,Chlamydomonadales,Chlamydomonadales_X,NA,NA
ASV_1530,Eukaryota,Obazoa,Opisthokonta,Metazoa,Gastrotricha,Gastrotricha_X,Gastrotricha_XX,Chaetonotus,NA
ASV_1531,Eukaryota,TSAR,Alveolata,Ciliophora,Oligohymenophorea,Scuticociliatia_2,Scuticociliatia_2_X,Scuticociliatia_2_XX,Scuticociliatia_2_XX_sp.
ASV_1532,Eukaryota,TSAR,Stramenopiles,Bigyra,Bicoecea,Bicoecales,Bicoecaceae,Bicoecaceae_X,Bicoecaceae_X_sp.
ASV_1533,Eukaryota,TSAR,Rhizaria,Cercozoa,Novel-clade-10-12,Tremulida,Tremulidae,Tremula,Tremula_longifila
ASV_1534,Eukaryota,Obazoa,Opisthokonta,Fungi,Chytridiomycota,NA,NA,NA,NA
ASV_1535,Eukaryota,Archaeplastida,Streptophyta,Streptophyta_X,Zygnemophyceae,Zygnemophyceae_X,Zygnemophyceae_XX,Mougeotia,Mougeotia_sp.
ASV_1536,Eukaryota,Obazoa,Opisthokonta,Choanoflagellata,Choanoflagellatea,NA,NA,NA,NA
ASV_1537,Eukaryota,TSAR,Rhizaria,Cercozoa,Novel-clade-10-12,Novel-clade-10,Novel-clade-10_X,Novel-clade-10_XX,Novel-clade-10_XX_sp.
ASV_1538,Eukaryota,TSAR,Stramenopiles,Bigyra,Opalozoa,Opalozoa_X,MAST-12,MAST-12_X,MAST-12_X_sp.
ASV_1539,Eukaryota,Obazoa,Opisthokonta,Pluriformea,Pluriformea_X,Pluriformea_XX,Pluriformea_XXX,Syssomonas,Syssomonas_multiformis
ASV_1540,Eukaryota,TSAR,Rhizaria,Cercozoa,Filosa-Sarcomonadea,Cercomonadida,Paracercomonadidae,Paracercomonas,NA
ASV_1541,Eukaryota,Obazoa,Opisthokonta,Metazoa,Gastrotricha,Gastrotricha_X,Gastrotricha_XX,Chaetonotus,NA
ASV_1542,Eukaryota,Archaeplastida,Chlorophyta,Chlorophyta_X,Chlorophyceae,Chaetophorales,Chaetophorales_X,Aphanochaete,Aphanochaete_sp.
ASV_1543,Eukaryota,Obazoa,Opisthokonta,Metazoa,Gastrotricha,Gastrotricha_X,Gastrotricha_XX,NA,NA
ASV_1544,Eukaryota,Obazoa,Opisthokonta,Fungi,Chytridiomycota,Rhizophydiales,NA,NA,NA
ASV_1545,Eukaryota,TSAR,Stramenopiles,Bigyra,Bicoecea,Pseudodendromonadales,Pseudodendromonadales_X,Pseudodendromonadales_XX,Pseudodendromonadales_XX_sp.
ASV_1546,Eukaryota,TSAR,Stramenopiles,Bigyra,Bicoecea,Bicoecales,Bicoecaceae,Bicosoeca,Bicosoeca_petiolata
ASV_1547,Eukaryota,Archaeplastida,Chlorophyta,Chlorophyta_X,Chlorophyceae,NA,NA,NA,NA
ASV_1548,Eukaryota,Cryptista,Cryptophyta,Cryptophyta_X,Cryptophyceae,Cryptomonadales,Cryptomonadales_X,Komma,Komma_caudata
ASV_1549,Eukaryota,Obazoa,Opisthokonta,Fungi,NA,NA,NA,NA,NA
ASV_1550,Eukaryota,TSAR,Stramenopiles,Gyrista,Chrysophyceae,Paraphysomonadales,Paraphysomonadaceae,Paraphysomonas,Paraphysomonas_solis
ASV_1551,Eukaryota,TSAR,Stramenopiles,Gyrista,Chrysophyceae,NA,NA,NA,NA
ASV_1552,Eukaryota,TSAR,Stramenopiles,Gyrista,Chrysophyceae,NA,NA,NA,NA
ASV_1553,Eukaryota,TSAR,Stramenopiles,Gyrista,Mediophyceae,Thalassiosirales,Stephanodiscaceae,Stephanodiscus,Stephanodiscus_hantzschii
ASV_1554,Eukaryota,Obazoa,Opisthokonta,Metazoa,Arthropoda,Crustacea,Ostracoda,Cypridopsis,NA
ASV_1555,Eukaryota,Obazoa,Opisthokonta,Choanoflagellata,Choanoflagellatea,Craspedida,Monosigidae_Group_A,Monosiga,Monosiga_ovata
ASV_1556,Eukaryota,Obazoa,Opisthokonta,Metazoa,Arthropoda,Crustacea,Branchiopoda,Bosmina,Bosmina_longirostris
ASV_1557,Eukaryota,Obazoa,Opisthokonta,Choanoflagellata,Choanoflagellatea,Craspedida,Monosigidae_Group_A,Codosiga,Codosiga_sp.
ASV_1558,Eukaryota,Obazoa,Opisthokonta,Metazoa,Arthropoda,Crustacea,Branchiopoda,Bosmina,Bosmina_longirostris
ASV_1559,Eukaryota,Archaeplastida,Chlorophyta,Chlorophyta_X,Chlorophyceae,Chlamydomonadales,Chlamydomonadales_X,Carteria,Carteria_lunzensis
ASV_1560,Eukaryota,TSAR,Stramenopiles,Bigyra,Bicoecea,Pseudodendromonadales,Pseudodendromonadales_X,NA,NA
ASV_1561,Eukaryota,NA,NA,NA,NA,NA,NA,NA,NA
ASV_1562,Eukaryota,Cryptista,Kathablepharidacea,Kathablepharida,Kathablepharidea,Kathablepharidida,Kathablepharidida_X,Kathablepharidida_XX,Kathablepharidida_XX_sp.
ASV_1563,Eukaryota,TSAR,Stramenopiles,Gyrista,Peronosporomycetes,Peronosporomycetes_X,Peronosporales,Halophytophthora,NA
ASV_1564,Eukaryota,TSAR,Stramenopiles,Gyrista,Peronosporomycetes,Peronosporomycetes_X,Peronosporales,Phytophthora,NA
ASV_1565,Eukaryota,Obazoa,Opisthokonta,Metazoa,Arthropoda,Crustacea,Maxillopoda,NA,NA
ASV_1566,Eukaryota,Archaeplastida,Chlorophyta,Chlorophyta_X,Trebouxiophyceae,Trebouxiophyceae_X,Trebouxiophyceae_XX,Botryococcus,Botryococcus_sp.
ASV_1567,Eukaryota,Obazoa,Opisthokonta,Metazoa,Arthropoda,Crustacea,Maxillopoda,NA,NA
ASV_1568,Eukaryota,Cryptista,Cryptophyta,Cryptophyta_X,Cryptophyceae,Cryptomonadales,Cryptomonadales_X,Cryptomonas,Cryptomonas_uralensis
ASV_1569,Eukaryota,Obazoa,Opisthokonta,NA,NA,NA,NA,NA,NA
ASV_1570,Eukaryota,Archaeplastida,Chlorophyta,Chlorophyta_X,Chlorophyceae,Chlamydomonadales,Chlamydomonadales_X,Vitreochlamys,Vitreochlamys_nekrassovii
ASV_1571,Eukaryota,Obazoa,Opisthokonta,Fungi,NA,NA,NA,NA,NA
ASV_1572,Eukaryota,TSAR,Rhizaria,Cercozoa,Filosa-Sarcomonadea,Pansomonadida,Pansomonadida_X,Pansomonadida_XX,Pansomonadida_XX_sp.
ASV_1573,Eukaryota,TSAR,Alveolata,Chrompodellids,Colpodellidea,Colpodellida,Colpodellida_CHR1,Colpodellida_CHR1_X,Colpodellida_CHR1_X_sp.
ASV_1574,Eukaryota,TSAR,Rhizaria,Cercozoa,Filosa-Sarcomonadea,Pansomonadida,Pansomonadida_X,Pansomonadida_XX,Pansomonadida_XX_sp.
ASV_1575,Eukaryota,Obazoa,Opisthokonta,Fungi,Chytridiomycota,NA,NA,NA,NA
ASV_1576,Eukaryota,Obazoa,Opisthokonta,Fungi,Ascomycota,Pezizomycotina,Eurotiomycetes,Eupenicillium,Eupenicillium_javanicum
ASV_1577,Eukaryota,Cryptista,Cryptophyta,Cryptophyta_X,Cryptophyceae,Cryptomonadales,Cryptomonadales_X,Cryptomonas,NA
ASV_1578,Eukaryota,TSAR,Rhizaria,Cercozoa,Filosa-Sarcomonadea,Pansomonadida,Agitatidae,Agitatidae_X,Agitatidae_X_sp.
ASV_1579,Eukaryota,Obazoa,Opisthokonta,Fungi,Rozellomycota,Rozellomycota_X,Rozellomycota_XX,Rozellomycota_XXX,Rozellomycota_XXX_sp.
ASV_1580,Eukaryota,Obazoa,Opisthokonta,Metazoa,Gastrotricha,Gastrotricha_X,Gastrotricha_XX,Chaetonotus,Chaetonotus_sp.
ASV_1581,Eukaryota,Obazoa,Opisthokonta,Metazoa,Gastrotricha,Gastrotricha_X,Gastrotricha_XX,Chaetonotus,NA
ASV_1582,Eukaryota,TSAR,Stramenopiles,Bigyra,Bicoecea,Pseudodendromonadales,Pseudodendromonadales_X,Pseudodendromonadales_XX,Pseudodendromonadales_XX_sp.
ASV_1583,Eukaryota,TSAR,Stramenopiles,Gyrista,Chrysophyceae,NA,NA,NA,NA
ASV_1584,Eukaryota,Obazoa,Opisthokonta,Fungi,Chytridiomycota,Spizellomycetales,Spizellomycetales_X,Spizellomycetales_XX,Spizellomycetales_XX_sp.
ASV_1585,Eukaryota,Archaeplastida,Chlorophyta,Chlorophyta_X,Chlorophyceae,Chlamydomonadales,Chlamydomonadales_X,NA,NA
ASV_1586,Eukaryota,TSAR,Stramenopiles,Gyrista,Chrysophyceae,Chrysosaccales,Chrysosaccaceae,Chrysosphaera,Chrysosphaera_parvula
ASV_1587,Eukaryota,TSAR,Stramenopiles,Bigyra,Bicoecea,Pseudodendromonadales,Pseudodendromonadales_X,Pseudodendromonadales_XX,Pseudodendromonadales_XX_sp.
ASV_1588,Eukaryota,Obazoa,Opisthokonta,Fungi,NA,NA,NA,NA,NA
ASV_1589,Eukaryota,Archaeplastida,Chlorophyta,Chlorophyta_X,Chlorophyceae,Chlamydomonadales,Chlamydomonadales_X,Chlamydomonas,NA
ASV_1590,Eukaryota,NA,NA,NA,NA,NA,NA,NA,NA
ASV_1591,Eukaryota,TSAR,Stramenopiles,Gyrista,Chrysophyceae,Synurales,Synuraceae,NA,NA
ASV_1592,Eukaryota,Archaeplastida,Chlorophyta,Chlorophyta_X,Trebouxiophyceae,Trebouxiophyceae_X,Trebouxiophyceae_XX,Botryococcus,Botryococcus_braunii
ASV_1593,Eukaryota,Cryptista,Cryptophyta,Cryptophyta_X,Cryptophyceae,Cryptomonadales,Cryptomonadales_X,Cryptomonas,Cryptomonas_uralensis
ASV_1594,Eukaryota,TSAR,Rhizaria,Cercozoa,Endomyxa,Vampyrellida,Leptophryidae,NA,NA
ASV_1595,Eukaryota,Archaeplastida,Streptophyta,Streptophyta_X,Zygnemophyceae,Zygnemophyceae_X,Zygnemophyceae_XX,Staurastrum,NA
ASV_1596,Eukaryota,Archaeplastida,Chlorophyta,Chlorophyta_X,Chlorophyceae,Oedogoniales,Oedogoniales_X,Oedogonium,Oedogonium_sp.
ASV_1597,Eukaryota,TSAR,Alveolata,Dinoflagellata,Dinophyceae,Gymnodiniales,Gymnodiniaceae,NA,NA
ASV_1598,Eukaryota,Obazoa,Opisthokonta,Fungi,Chytridiomycota,Chytridiales,Chytridiaceae,Diplochytridium,Diplochytridium_lagenarium
ASV_1599,Eukaryota,TSAR,Alveolata,Ciliophora,Oligohymenophorea,Scuticociliatia_2,Scuticociliatia_2_X,Scuticociliatia_2_XX,Tardigrada_environmental
ASV_1600,Eukaryota,Obazoa,Opisthokonta,Fungi,Chytridiomycota,Cladochytriales,Endochytriaceae,Diplophlyctis,Diplophlyctis_sp.
ASV_1601,Eukaryota,TSAR,Stramenopiles,Gyrista,Chrysophyceae,Paraphysomonadales,Lepidochromonadaceae,Lepidochromonas,Lepidochromonas_caroni
ASV_1602,Eukaryota,Obazoa,Opisthokonta,Fungi,NA,NA,NA,NA,NA
ASV_1603,Eukaryota,Obazoa,Opisthokonta,Fungi,Chytridiomycota,Rhizophydiales,Rhizophydiales_X,Rhizophydiales_XX,Rhizophydiales_XX_sp.
ASV_1604,Eukaryota,Obazoa,Opisthokonta,Fungi,Chytridiomycota,NA,NA,NA,NA
ASV_1605,Eukaryota,Obazoa,Opisthokonta,Fungi,Chytridiomycota,NA,NA,NA,NA
ASV_1606,Eukaryota,Obazoa,Opisthokonta,Metazoa,Mollusca,Gastropoda,Heterobranchia,Ferrissia,Ferrissia_rivularis
ASV_1607,Eukaryota,Obazoa,Opisthokonta,Fungi,Rozellomycota,Rozellomycota_X,Rozellomycota_XX,Rozella,Rozella_multimorpha
ASV_1608,Eukaryota,TSAR,Alveolata,Ciliophora,Litostomatea,Haptoria_5,Pleurostomatida,Acineria,Acineria_incurvata
ASV_1609,Eukaryota,TSAR,Stramenopiles,Gyrista,Raphidophyceae,Raphidophyceae_X,Raphidophyceae_XX,NA,NA
ASV_1610,Eukaryota,Obazoa,Opisthokonta,Metazoa,Arthropoda,Crustacea,Branchiopoda,NA,NA
ASV_1611,Eukaryota,Obazoa,Opisthokonta,Metazoa,Gastrotricha,Gastrotricha_X,Gastrotricha_XX,NA,NA
ASV_1612,Eukaryota,Obazoa,Opisthokonta,Metazoa,Gastrotricha,Gastrotricha_X,Gastrotricha_XX,NA,NA
ASV_1613,Eukaryota,Obazoa,Opisthokonta,Metazoa,Gastrotricha,Gastrotricha_X,Gastrotricha_XX,Chaetonotus,Chaetonotus_sp.
ASV_1614,Eukaryota,TSAR,Stramenopiles,Bigyra,Bicoecea,Pseudodendromonadales,Pseudodendromonadales_X,Pseudodendromonadales_XX,Pseudodendromonadales_XX_sp.
ASV_1615,Eukaryota,Obazoa,Opisthokonta,Metazoa,Gastrotricha,Gastrotricha_X,Gastrotricha_XX,Chaetonotus,NA
ASV_1616,Eukaryota,Obazoa,Opisthokonta,Fungi,Chytridiomycota,NA,NA,NA,NA
ASV_1617,Eukaryota,Archaeplastida,Chlorophyta,Chlorophyta_X,Chlorophyceae,Chlamydomonadales,Chlamydomonadales_X,Eudorina,Eudorina_elegans
ASV_1618,Eukaryota,Obazoa,Opisthokonta,Fungi,Chytridiomycota,Chytridiales,Chytridiaceae,Chytriomyces,NA
ASV_1619,Eukaryota,TSAR,Stramenopiles,Bigyra,Bicoecea,Pseudodendromonadales,Pseudodendromonadales_X,Pseudodendromonadales_XX,Pseudodendromonadales_XX_sp.
ASV_1620,Eukaryota,Obazoa,Opisthokonta,Choanoflagellata,Choanoflagellatea,Choanoflagellatea_X,Choanoflagellata_XX_Clade-2,Sphaeroeca,Sphaeroeca_volvox
ASV_1621,Eukaryota,TSAR,Rhizaria,Cercozoa,Filosa-Imbricatea,Thaumatomonadida,Thaumatomonadidae,Thaumatomonas,Thaumatomonas_seravini
ASV_1622,Eukaryota,Archaeplastida,Chlorophyta,Chlorophyta_X,Trebouxiophyceae,Chlorellales,Chlorellales_X,Micractinium,NA
ASV_1623,Eukaryota,TSAR,Stramenopiles,Gyrista,Chrysophyceae,Synurales,Synuraceae,Mallomonas,NA
ASV_1624,Eukaryota,Obazoa,Opisthokonta,Fungi,Zoopagomycota,Entomophthoromycotina,Entomophthoromycotina_X,Zoophthora,Zoophthora_radicans
ASV_1625,Eukaryota,Archaeplastida,Chlorophyta,Chlorophyta_X,Trebouxiophyceae,Prasiolales,Prasiolales_X,Koliella,Koliella_spiculiformis
ASV_1626,Eukaryota,Obazoa,Opisthokonta,Fungi,Chytridiomycota,Zygophlyctidales,Zygophlyctidaceae,Zygophlyctis,Zygophlyctis_melosirae
ASV_1627,Eukaryota,Archaeplastida,Chlorophyta,Chlorophyta_X,Chlorophyceae,Sphaeropleales,Sphaeropleales_X,Protodesmus,Protodesmus_globulifer
ASV_1628,Eukaryota,Obazoa,Opisthokonta,Metazoa,Arthropoda,Crustacea,Maxillopoda,Occidodiaptomus,NA
ASV_1629,Eukaryota,Obazoa,Opisthokonta,Fungi,Chytridiomycota,NA,NA,NA,NA
ASV_1630,Eukaryota,Obazoa,Opisthokonta,Metazoa,Gastrotricha,Gastrotricha_X,Gastrotricha_XX,Chaetonotus,Chaetonotus_aemilianus
ASV_1631,Eukaryota,TSAR,Stramenopiles,Gyrista,Bacillariophyceae,Rhabdonematales,Tabellariaceae,Asterionella,Asterionella_formosa
ASV_1632,Eukaryota,Obazoa,Opisthokonta,Metazoa,Arthropoda,Crustacea,Branchiopoda,Simocephalus,Simocephalus_vetulus
ASV_1633,Eukaryota,Obazoa,Opisthokonta,Fungi,NA,NA,NA,NA,NA
ASV_1634,Eukaryota,Obazoa,Opisthokonta,Fungi,Basidiomycota,Agaricomycotina,Agaricomycetes,Trametes,Trametes_sp.
ASV_1635,Eukaryota,Obazoa,Opisthokonta,Fungi,Chytridiomycota,Rhizophydiales,Kappamycetaceae,Kappamyces,Kappamyces_sp.
ASV_1636,Eukaryota,Obazoa,Opisthokonta,Metazoa,Arthropoda,Crustacea,Maxillopoda,Occidodiaptomus,NA
ASV_1637,Eukaryota,TSAR,Stramenopiles,Gyrista,Chrysophyceae,Ochromonadales,Ochromonadaceae,NA,NA
ASV_1638,Eukaryota,Archaeplastida,Chlorophyta,Chlorophyta_X,Chlorophyceae,Chlamydomonadales,Chlamydomonadales_X,Chlamydopodium,Chlamydopodium_starrii
ASV_1639,Eukaryota,TSAR,Rhizaria,Cercozoa,Filosa-Thecofilosea,Cryomonadida,Rhogostoma-lineage,Rhogostoma,Rhogostoma_sp.
ASV_1640,Eukaryota,TSAR,Stramenopiles,Gyrista,Peronosporomycetes,Peronosporomycetes_X,Saprolegniales,Aphanomyces,Aphanomyces_invadans
ASV_1641,Eukaryota,Obazoa,Opisthokonta,Choanoflagellata,Choanoflagellatea,Craspedida,Salpingoecidae_Group_C1,Salpingoecidae_Group_C1_X,Salpingoecidae_Group_C1_X_sp.
ASV_1642,Eukaryota,Archaeplastida,Chlorophyta,Chlorophyta_X,Chlorophyceae,Sphaeropleales,Sphaeropleales_X,Desmodesmus,NA
ASV_1643,Eukaryota,TSAR,Stramenopiles,Bigyra,Bicoecea,Bicoecales,Bicoecaceae,Bicosoeca,Bicosoeca_petiolata
ASV_1644,Eukaryota,Obazoa,Opisthokonta,Metazoa,Arthropoda,Hexapoda,Insecta,Zatania,Zatania_albimaculata
ASV_1645,Eukaryota,TSAR,Stramenopiles,Gyrista,Chrysophyceae,Chrysophyceae_Cluster-I,Chrysophyceae_Cluster-I_X,Chrysophyceae_Cluster-I_XX,Chrysophyceae_Cluster-I_XX_sp.
ASV_1646,Eukaryota,Archaeplastida,Chlorophyta,Chlorophyta_X,Chlorophyceae,Sphaeropleales,NA,NA,NA
ASV_1647,Eukaryota,Obazoa,Opisthokonta,Fungi,Chytridiomycota,NA,NA,NA,NA
ASV_1648,Eukaryota,TSAR,Stramenopiles,Gyrista,Peronosporomycetes,Peronosporomycetes_X,NA,NA,NA
ASV_1649,Eukaryota,Obazoa,Opisthokonta,Metazoa,Gastrotricha,Gastrotricha_X,Gastrotricha_XX,Lepidodermella,Lepidodermella_squamata
ASV_1650,Eukaryota,TSAR,Stramenopiles,Gyrista,Peronosporomycetes,Peronosporomycetes_X,Haptoglossales,Haptoglossa,Haptoglossa_sp.
ASV_1651,Eukaryota,Obazoa,Opisthokonta,Metazoa,Arthropoda,Crustacea,Maxillopoda,NA,NA
ASV_1652,Eukaryota,TSAR,Stramenopiles,Gyrista,Chrysophyceae,Ochromonadales,Ochromonadaceae,Acrispumella,Acrispumella_sp.
ASV_1653,Eukaryota,Obazoa,Opisthokonta,Metazoa,Arthropoda,Crustacea,Maxillopoda,NA,NA
ASV_1654,Eukaryota,Obazoa,Opisthokonta,Metazoa,Annelida,Annelida_X,Annelida_XX,Pristina,Pristina_longiseta
ASV_1655,Eukaryota,TSAR,Alveolata,Ciliophora,Litostomatea,Haptoria_5,Pleurostomatida,Hemiophrys,Hemiophrys_procera
ASV_1656,Eukaryota,Archaeplastida,Chlorophyta,Chlorophyta_X,Chlorophyceae,Chlamydomonadales,Chlamydomonadales_X,Chlamydomonas,NA
ASV_1657,Eukaryota,TSAR,Rhizaria,Cercozoa,Filosa-Sarcomonadea,Glissomonadida,Sandonidae,NA,NA
ASV_1658,Eukaryota,Obazoa,Opisthokonta,Metazoa,Arthropoda,Crustacea,Maxillopoda,NA,NA
ASV_1659,Eukaryota,TSAR,Stramenopiles,Gyrista,Peronosporomycetes,Peronosporomycetes_X,Peronosporomycetes_XX,Chlamydomyzium,Chlamydomyzium_sp.
ASV_1660,Eukaryota,TSAR,Rhizaria,Cercozoa,Filosa-Sarcomonadea,Glissomonadida,Bodomorphidae,Bodomorpha,Bodomorpha_minima
ASV_1661,Eukaryota,Obazoa,Opisthokonta,Fungi,Chytridiomycota,Spizellomycetales,Spizellomycetales_X,Spizellomycetales_XX,Spizellomycetales_XX_sp.
ASV_1662,Eukaryota,Obazoa,Opisthokonta,Fungi,NA,NA,NA,NA,NA
ASV_1663,Eukaryota,TSAR,Alveolata,Chrompodellids,Colpodellidea,Colpodellida,Colpodellida_CHR1,Colpodellida_CHR1_X,Colpodellida_CHR1_X_sp.
ASV_1664,Eukaryota,TSAR,Stramenopiles,Bigyra,Bicoecea,Pseudodendromonadales,Pseudodendromonadales_X,Pseudodendromonadales_XX,Pseudodendromonadales_XX_sp.
ASV_1665,Eukaryota,Cryptista,Kathablepharidacea,Kathablepharida,Kathablepharidea,Kathablepharidida,Kathablepharidida_X,Kathablepharidida_XX,Kathablepharidida_XX_sp.
ASV_1666,Eukaryota,Obazoa,Opisthokonta,Fungi,Chytridiomycota,Zygophlyctidales,Zygophlyctidaceae,Zygophlyctis,Zygophlyctis_melosirae
ASV_1667,Eukaryota,TSAR,Stramenopiles,Bigyra,Bicoecea,Pseudodendromonadales,Pseudodendromonadales_X,NA,NA
ASV_1668,Eukaryota,TSAR,Stramenopiles,Bigyra,Bicoecea,Bicoecales,Bicoecaceae,Bicoecaceae_X,Bicoecaceae_X_sp.
ASV_1669,Eukaryota,Obazoa,Opisthokonta,Fungi,Chytridiomycota,Zygophlyctidales,Zygophlyctidaceae,Zygophlyctis,Zygophlyctis_melosirae
ASV_1670,Eukaryota,TSAR,Stramenopiles,Gyrista,Chrysophyceae,Synurales,Synuraceae,Mallomonas,NA
ASV_1671,Eukaryota,Obazoa,Opisthokonta,Fungi,Chytridiomycota,NA,NA,NA,NA
ASV_1672,Eukaryota,Archaeplastida,Chlorophyta,Chlorophyta_X,Chlorophyceae,Sphaeropleales,Sphaeropleales_X,NA,NA
ASV_1673,Eukaryota,TSAR,Stramenopiles,Bigyra,Bicoecea,Bicoecales,Bicoecaceae,Bicosoeca,Bicosoeca_petiolata
ASV_1674,Eukaryota,Amoebozoa,Evosea,Evosea_X,Variosea,Variosea_X,Ischnamoebidae,Darbyshirella,Darbyshirella_terrestris
ASV_1675,Eukaryota,TSAR,Stramenopiles,Bigyra,Opalozoa,Opalozoa_X,MAST-12,MAST-12_X,MAST-12_X_sp.
ASV_1676,Eukaryota,Obazoa,Opisthokonta,Fungi,Basidiomycota,Agaricomycotina,Agaricomycetes,Sistotrema,Sistotrema_oblongisporum
ASV_1677,Eukaryota,Archaeplastida,Chlorophyta,Chlorophyta_X,Chlorophyceae,Chlamydomonadales,Chlamydomonadales_X,NA,NA
ASV_1678,Eukaryota,Obazoa,Opisthokonta,Fungi,Basidiomycota,Agaricomycotina,Agaricomycetes,Trichaptum,Trichaptum_abietinum
ASV_1679,Eukaryota,Obazoa,Opisthokonta,Metazoa,Gastrotricha,Gastrotricha_X,Gastrotricha_XX,Chaetonotus,Chaetonotus_sp.
ASV_1680,Eukaryota,Amoebozoa,Evosea,Evosea_X,Variosea,Variosea_X,Ischnamoebidae,Darbyshirella,Darbyshirella_terrestris
ASV_1681,Eukaryota,TSAR,Rhizaria,Cercozoa,Novel-clade-10-12,Novel-clade-10,Novel-clade-10_X,Novel-clade-10_XX,Novel-clade-10_XX_sp.
ASV_1682,Eukaryota,TSAR,Stramenopiles,Gyrista,Bacillariophyceae,Bacillariales,Bacillariaceae,NA,NA
ASV_1683,Eukaryota,Obazoa,Opisthokonta,Fungi,Ascomycota,Pezizomycotina,Dothideomycetes,NA,NA
ASV_1684,Eukaryota,TSAR,Stramenopiles,Gyrista,Peronosporomycetes,Peronosporomycetes_X,Peronosporales,NA,NA
ASV_1685,Eukaryota,Archaeplastida,Chlorophyta,Chlorophyta_X,Trebouxiophyceae,Trebouxiophyceae_X,Trebouxiophyceae_XX,Botryococcus,Botryococcus_terribilis
ASV_1686,Eukaryota,Obazoa,Opisthokonta,Fungi,Zoopagomycota,Entomophthoromycotina,Entomophthoromycotina_X,Conidiobolus,Conidiobolus_osmodes
ASV_1687,Eukaryota,TSAR,Stramenopiles,Bigyra,Bicoecea,Pseudodendromonadales,Pseudodendromonadales_X,Pseudodendromonadales_XX,Pseudodendromonadales_XX_sp.
ASV_1688,Eukaryota,TSAR,Stramenopiles,Gyrista,Bacillariophyceae,Cymbellales,Gomphonemataceae,Gomphonema,NA
ASV_1689,Eukaryota,Obazoa,Opisthokonta,Fungi,Ascomycota,Pezizomycotina,Eurotiomycetes,Ceramothyrium,Ceramothyrium_linnaeae
ASV_1690,Eukaryota,Archaeplastida,Chlorophyta,Chlorophyta_X,Chlorophyceae,NA,NA,NA,NA
ASV_1691,Eukaryota,TSAR,Stramenopiles,Gyrista,Peronosporomycetes,Peronosporomycetes_X,Peronosporales,Pythium,NA
ASV_1692,Eukaryota,TSAR,Stramenopiles,Gyrista,Chrysophyceae,Ochromonadales,Ochromonadaceae,Dinobryon,Dinobryon_cylindricum
ASV_1693,Eukaryota,Obazoa,Opisthokonta,Metazoa,Arthropoda,Crustacea,Maxillopoda,Occidodiaptomus,NA
ASV_1694,Eukaryota,Obazoa,Opisthokonta,Fungi,Chytridiomycota,NA,NA,NA,NA
ASV_1695,Eukaryota,Archaeplastida,Chlorophyta,Chlorophyta_X,Chlorophyceae,Chlamydomonadales,Chlamydomonadales_X,NA,NA
ASV_1696,Eukaryota,Archaeplastida,Streptophyta,Streptophyta_X,Embryophyceae,Embryophyceae_X,Embryophyceae_XX,Lemna,NA
ASV_1697,Eukaryota,TSAR,Stramenopiles,Gyrista,Bacillariophyceae,Naviculales,Naviculaceae,Navicula,NA
ASV_1698,Eukaryota,Obazoa,Opisthokonta,Fungi,Blastocladiomycota,Blastocladiomycotina,Blastocladiomycetes,Paraphysoderma,Paraphysoderma_sedebokerense
ASV_1699,Eukaryota,Archaeplastida,Chlorophyta,Chlorophyta_X,Trebouxiophyceae,Chlorellales,Chlorellales_X,Oocystella,Oocystella_oogama
ASV_1700,Eukaryota,NA,NA,NA,NA,NA,NA,NA,NA
ASV_1701,Eukaryota,Obazoa,Opisthokonta,Fungi,NA,NA,NA,NA,NA
ASV_1702,Eukaryota,TSAR,Stramenopiles,Bigyra,Bicoecea,Pseudodendromonadales,Pseudodendromonadales_X,Pseudodendromonadales_XX,Pseudodendromonadales_XX_sp.
ASV_1703,Eukaryota,TSAR,Alveolata,Dinoflagellata,Dinophyceae,Dinophyceae_X,Tovelliaceae,Esoptrodinium,Esoptrodinium_sp.
ASV_1704,Eukaryota,TSAR,Stramenopiles,Bigyra,Opalozoa,Opalozoa_X,MAST-12,MAST-12C,MAST-12C_sp.
ASV_1705,Eukaryota,Archaeplastida,Chlorophyta,Chlorophyta_X,Chlorophyceae,Chlamydomonadales,Chlamydomonadales_X,Hafniomonas,Hafniomonas_reticulata
ASV_1706,Eukaryota,TSAR,Stramenopiles,Gyrista,Chrysophyceae,Paraphysomonadales,Paraphysomonadaceae,Paraphysomonas,Paraphysomonas_vulgaris
ASV_1707,Eukaryota,Obazoa,Opisthokonta,Fungi,Chytridiomycota,Lobulomycetales,Lobulomycetaceae,NA,NA
ASV_1708,Eukaryota,Obazoa,Opisthokonta,Metazoa,Arthropoda,Hexapoda,Insecta,Corethrella,Corethrella_wirthi
ASV_1709,Eukaryota,TSAR,Stramenopiles,Bigyra,Bicoecea,Pseudodendromonadales,Pseudodendromonadales_X,Pseudodendromonadales_XX,Pseudodendromonadales_XX_sp.
ASV_1710,Eukaryota,Obazoa,Opisthokonta,Fungi,Chytridiomycota,Chytridiales,Chytridiaceae,Allochytridium,Allochytridium_luteum
ASV_1711,Eukaryota,Obazoa,Opisthokonta,Metazoa,Arthropoda,Chelicerata,Arachnida,Ummeliata,Ummeliata_insecticeps
ASV_1712,Eukaryota,TSAR,Stramenopiles,Gyrista,Peronosporomycetes,Peronosporomycetes_X,Peronosporales,NA,NA
ASV_1713,Eukaryota,TSAR,Rhizaria,Cercozoa,Filosa-Granofilosea,Filosa-Granofilosea_X,Novel-Gran-234,Novel-Gran-234_X,Novel-Gran-234_X_sp.
ASV_1714,Eukaryota,TSAR,Alveolata,Apicomplexa,Gregarinomorphea,Neogregarinorida,Actinocephalidae,Hoplorhynchus,Hoplorhynchus_acanthatholius
ASV_1715,Eukaryota,Obazoa,Opisthokonta,Fungi,Basidiomycota,Agaricomycotina,Agaricomycetes,Schizophyllum,Schizophyllum_sp.
ASV_1716,Eukaryota,TSAR,Rhizaria,Cercozoa,Novel-clade-10-12,Novel-clade-10,Novel-clade-10_X,Novel-clade-10_XX,Novel-clade-10_XX_sp.
ASV_1717,Eukaryota,Obazoa,Opisthokonta,Ichthyosporea,Ichthyophonida,Ichthyophonidae,Amoebidianae,NA,NA
ASV_1718,Eukaryota,TSAR,Stramenopiles,Bigyra,Bicoecea,Pseudodendromonadales,Pseudodendromonadales_X,Pseudodendromonadales_XX,Pseudodendromonadales_XX_sp.
ASV_1719,Eukaryota,Archaeplastida,Chlorophyta,Chlorophyta_X,Trebouxiophyceae,Chlorellales,Chlorellales_X,Meyerella,Meyerella_planktonica
ASV_1720,Eukaryota,Obazoa,Opisthokonta,Fungi,Chytridiomycota,Rhizophydiales,Rhizophydiales_X,Rhizophydiales_XX,Rhizophydiales_XX_sp.
ASV_1721,Eukaryota,Obazoa,Opisthokonta,Fungi,NA,NA,NA,NA,NA
ASV_1722,Eukaryota,TSAR,Rhizaria,Cercozoa,Novel-clade-10-12,Tremulida,Tremulidae,Tremula,Tremula_longifila
ASV_1723,Eukaryota,TSAR,Stramenopiles,Bigyra,Bicoecea,Pseudodendromonadales,Pseudodendromonadales_X,Pseudodendromonadales_XX,Pseudodendromonadales_XX_sp.
ASV_1724,Eukaryota,TSAR,Alveolata,Ciliophora,Oligohymenophorea,Scuticociliatia_2,Scuticociliatia_2_X,Scuticociliatia_2_XX,Tardigrada_environmental
ASV_1725,Eukaryota,TSAR,Stramenopiles,Bigyra,Bicoecea,Pseudodendromonadales,Pseudodendromonadales_X,Pseudodendromonadales_XX,Pseudodendromonadales_XX_sp.
ASV_1726,Eukaryota,Obazoa,Opisthokonta,Choanoflagellata,Choanoflagellatea,Craspedida,Monosigidae_Group_A,Codosiga,Codosiga_sp.
ASV_1727,Eukaryota,TSAR,Stramenopiles,Bigyra,Opalozoa,Opalozoa_X,MAST-12,MAST-12_X,MAST-12_X_sp.
ASV_1728,Eukaryota,Archaeplastida,Streptophyta,Streptophyta_X,Zygnemophyceae,Zygnemophyceae_X,Zygnemophyceae_XX,Closterium,NA
ASV_1729,Eukaryota,Obazoa,Opisthokonta,Fungi,Rozellomycota,Rozellomycota_X,Rozellomycota_XX,Rozella,Rozella_rhizoclosmatii
ASV_1730,Eukaryota,Archaeplastida,Chlorophyta,Chlorophyta_X,Chlorophyceae,Chlamydomonadales,Chlamydomonadales_X,NA,NA
ASV_1731,Eukaryota,Cryptista,Cryptophyta,Cryptophyta_X,Cryptophyceae,Cryptomonadales,Cryptomonadales_X,Cryptomonas,Cryptomonas_uralensis
ASV_1732,Eukaryota,TSAR,Stramenopiles,Gyrista,Chrysophyceae,NA,NA,NA,NA
ASV_1733,Eukaryota,Obazoa,Opisthokonta,Metazoa,Arthropoda,Crustacea,Maxillopoda,Occidodiaptomus,NA
ASV_1734,Eukaryota,TSAR,Stramenopiles,Bigyra,Bicoecea,Pseudodendromonadales,Pseudodendromonadales_X,Pseudodendromonadales_XX,Pseudodendromonadales_XX_sp.
ASV_1735,Eukaryota,TSAR,Stramenopiles,Bigyra,Bicoecea,Pseudodendromonadales,Pseudodendromonadales_X,Pseudodendromonadales_XX,Pseudodendromonadales_XX_sp.
ASV_1736,Eukaryota,Obazoa,Opisthokonta,Metazoa,Gastrotricha,Gastrotricha_X,Gastrotricha_XX,Chaetonotus,Chaetonotus_sp.
ASV_1737,Eukaryota,TSAR,Stramenopiles,Bigyra,Bicoecea,Pseudodendromonadales,Pseudodendromonadales_X,Pseudodendromonadales_XX,Pseudodendromonadales_XX_sp.
ASV_1738,Eukaryota,Obazoa,Opisthokonta,Fungi,Basidiomycota,NA,NA,NA,NA
ASV_1739,Eukaryota,TSAR,Rhizaria,Cercozoa,Novel-clade-10-12,Tremulida,Tremulidae,Tremula,Tremula_longifila
ASV_1740,Eukaryota,TSAR,Stramenopiles,Bigyra,Bicoecea,Pseudodendromonadales,Pseudodendromonadales_X,Pseudodendromonadales_XX,Pseudodendromonadales_XX_sp.
ASV_1741,Eukaryota,Obazoa,Opisthokonta,Metazoa,Arthropoda,Crustacea,Maxillopoda,NA,NA
ASV_1742,Eukaryota,Archaeplastida,Chlorophyta,Chlorophyta_X,Chlorophyceae,Chlamydomonadales,Chlamydomonadales_X,NA,NA
ASV_1743,Eukaryota,Obazoa,Opisthokonta,Metazoa,Arthropoda,Crustacea,Branchiopoda,NA,NA
ASV_1744,Eukaryota,TSAR,Stramenopiles,Gyrista,Dictyochophyceae,Dictyochophyceae_X,Pedinellales,Pseudopedinella,NA
ASV_1745,Eukaryota,TSAR,Stramenopiles,Gyrista,Peronosporomycetes,Peronosporomycetes_X,Peronosporales,Peronosporales_X,Peronosporales_X_sp.
ASV_1746,Eukaryota,TSAR,Stramenopiles,Gyrista,Bolidophyceae,Parmales,Triparmaceae,Triparma,NA
ASV_1747,Eukaryota,TSAR,Stramenopiles,Gyrista,Eustigmatophyceae,Eustigmatophyceae_X,Eustigmatophyceae_XX,Pseudocharaciopsis,Pseudocharaciopsis_ovalis
ASV_1748,Eukaryota,Amoebozoa,Tubulinea,Tubulinea_X,Elardia,Euamoebida,Vermamoebidae,Hartmannella,Hartmannella_cantabrigiensis
ASV_1749,Eukaryota,TSAR,Stramenopiles,Gyrista,Chrysophyceae,NA,NA,NA,NA
ASV_1750,Eukaryota,Obazoa,Opisthokonta,Fungi,NA,NA,NA,NA,NA
ASV_1751,Eukaryota,TSAR,Stramenopiles,Gyrista,Eustigmatophyceae,Eustigmatophyceae_X,Eustigmatophyceae_XX,Trachydiscus,Trachydiscus_sp.
ASV_1752,Eukaryota,Archaeplastida,Chlorophyta,Chlorophyta_X,Trebouxiophyceae,Prasiolales,Prasiolales_X,NA,NA
ASV_1753,Eukaryota,CRuMs,Collodictyonidae,Collodictyonidae_X,Collodictyonidae_XX,Collodictyonidae_XXX,Collodictyonidae_XXXX,Diphylleia,Diphylleia_rotans
ASV_1754,Eukaryota,Obazoa,Opisthokonta,Ichthyosporea,Ichthyophonida,Pseudoperkinsidae,Pseudoperkinsidae_X,Anurofeca,Anurofeca_sp.
ASV_1755,Eukaryota,TSAR,Stramenopiles,Gyrista,Chrysophyceae,NA,NA,NA,NA
ASV_1756,Eukaryota,Obazoa,Opisthokonta,Choanoflagellata,Choanoflagellatea,Craspedida,Salpingoecidae_Group_C1,Salpingoecidae_Group_C1_X,Salpingoecidae_Group_C1_X_sp.
ASV_1757,Eukaryota,Obazoa,Opisthokonta,Fungi,NA,NA,NA,NA,NA
ASV_1758,Eukaryota,Obazoa,Opisthokonta,Fungi,Chytridiomycota,Rhizophydiales,Rhizophydiaceae,Rhizophydium,Rhizophydium_sp.
ASV_1759,Eukaryota,TSAR,Stramenopiles,Bigyra,Bicoecea,Pseudodendromonadales,Pseudodendromonadales_X,Pseudodendromonadales_XX,Pseudodendromonadales_XX_sp.
ASV_1760,Eukaryota,Obazoa,Opisthokonta,Metazoa,Gastrotricha,Gastrotricha_X,Gastrotricha_XX,Chaetonotus,Chaetonotus_sp.
ASV_1761,Eukaryota,Obazoa,Opisthokonta,Metazoa,Arthropoda,Crustacea,Branchiopoda,NA,NA
ASV_1762,Eukaryota,TSAR,Stramenopiles,Gyrista,Chrysophyceae,NA,NA,NA,NA
ASV_1763,Eukaryota,TSAR,Stramenopiles,Gyrista,Peronosporomycetes,Peronosporomycetes_X,Saprolegniales,Aphanomyces,Aphanomyces_sp.
ASV_1764,Eukaryota,Obazoa,Opisthokonta,Metazoa,Arthropoda,Crustacea,Branchiopoda,NA,NA
ASV_1765,Eukaryota,Obazoa,Opisthokonta,Fungi,Basidiomycota,Agaricomycotina,Agaricomycetes,Schizophyllum,Schizophyllum_sp.
ASV_1766,Eukaryota,Archaeplastida,NA,NA,NA,NA,NA,NA,NA
ASV_1767,Eukaryota,TSAR,Stramenopiles,Gyrista,Peronosporomycetes,Peronosporomycetes_X,Haptoglossales,Haptoglossa,Haptoglossa_sp.
ASV_1768,Eukaryota,Obazoa,Opisthokonta,Metazoa,Nematoda,Chromadorea,Chromadorea_X,Eumonhystera,Eumonhystera_sp.
ASV_1769,Eukaryota,Obazoa,Opisthokonta,Choanoflagellata,Choanoflagellatea,Craspedida,Salpingoecidae_Group_C1,Salpingoecidae_Group_C1_X,Salpingoecidae_Group_C1_X_sp.
ASV_1770,Eukaryota,Obazoa,Opisthokonta,Fungi,Chytridiomycota,NA,NA,NA,NA
ASV_1771,Eukaryota,Archaeplastida,Chlorophyta,Chlorophyta_X,Chlorophyceae,Chlamydomonadales,Chlamydomonadales_X,Carteria,Carteria_lunzensis
ASV_1772,Eukaryota,TSAR,Rhizaria,Cercozoa,Filosa-Granofilosea,Filosa-Granofilosea_X,Novel-Gran-6,Novel-Gran-6_X,Novel-Gran-6_X_sp.
ASV_1773,Eukaryota,Archaeplastida,Streptophyta,Streptophyta_X,Zygnemophyceae,Zygnemophyceae_X,Zygnemophyceae_XX,Staurastrum,Staurastrum_paradoxum
ASV_1774,Eukaryota,TSAR,Stramenopiles,Gyrista,Peronosporomycetes,Peronosporomycetes_X,Peronosporales,NA,NA
ASV_1775,Eukaryota,TSAR,Stramenopiles,Gyrista,Dictyochophyceae,Dictyochophyceae_X,Pedinellales,NA,NA
ASV_1776,Eukaryota,TSAR,Stramenopiles,Bigyra,Bicoecea,Pseudodendromonadales,Pseudodendromonadales_X,Pseudodendromonadales_XX,Pseudodendromonadales_XX_sp.
ASV_1777,Eukaryota,TSAR,Stramenopiles,Bigyra,Bicoecea,Pseudodendromonadales,Pseudodendromonadales_X,Pseudodendromonadales_XX,Pseudodendromonadales_XX_sp.
ASV_1778,Eukaryota,Archaeplastida,Chlorophyta,Chlorophyta_X,Chlorophyceae,Chlamydomonadales,Chlamydomonadales_X,Gonium,Gonium_pectorale
ASV_1779,Eukaryota,Obazoa,Opisthokonta,Metazoa,Arthropoda,Crustacea,Maxillopoda,Mesocyclops,Mesocyclops_dissimilis
ASV_1780,Eukaryota,Cryptista,Cryptophyta,Cryptophyta_X,Cryptophyceae,Cryptomonadales,Cryptomonadales_X,Komma,Komma_caudata
ASV_1781,Eukaryota,Obazoa,Opisthokonta,Fungi,Basidiomycota,Agaricomycotina,Agaricomycetes,Cystofilobasidium,Cystofilobasidium_sp.
ASV_1782,Eukaryota,Obazoa,Opisthokonta,Metazoa,Arthropoda,Crustacea,Maxillopoda,Occidodiaptomus,NA
ASV_1783,Eukaryota,TSAR,Stramenopiles,Bigyra,Opalozoa,Opalozoa_X,MAST-12,MAST-12C,MAST-12C_sp.
ASV_1784,Eukaryota,Archaeplastida,Chlorophyta,Chlorophyta_X,Chlorophyceae,Sphaeropleales,Sphaeropleales_X,NA,NA
ASV_1785,Eukaryota,Archaeplastida,Chlorophyta,Chlorophyta_X,Chlorophyceae,Chlamydomonadales,Chlamydomonadales_X,Gonium,Gonium_pectorale
ASV_1786,Eukaryota,Archaeplastida,Chlorophyta,Chlorophyta_X,Chlorophyceae,Oedogoniales,Oedogoniales_X,Oedogonium,Oedogonium_sp.
ASV_1787,Eukaryota,Obazoa,Opisthokonta,Metazoa,Arthropoda,Crustacea,Ostracoda,NA,NA
ASV_1788,Eukaryota,Cryptista,Cryptophyta,Cryptophyta_X,Cryptophyceae,Cryptomonadales,Cryptomonadales_X,Cryptomonas,Cryptomonas_parapyrenoidifera
ASV_1789,Eukaryota,TSAR,Stramenopiles,Gyrista,Bacillariophyceae,Naviculales,Naviculaceae,Navicula,Navicula_cryptocephala
ASV_1790,Eukaryota,TSAR,Stramenopiles,NA,NA,NA,NA,NA,NA
ASV_1791,Eukaryota,TSAR,Stramenopiles,Gyrista,Chrysophyceae,NA,NA,NA,NA
ASV_1792,Eukaryota,Obazoa,Opisthokonta,Metazoa,Arthropoda,Crustacea,Branchiopoda,NA,NA
ASV_1793,Eukaryota,TSAR,Stramenopiles,Gyrista,Chrysophyceae,Synurales,Synuraceae,Synura,Synura_petersenii
ASV_1794,Eukaryota,TSAR,Stramenopiles,Bigyra,Bicoecea,Pseudodendromonadales,Pseudodendromonadales_X,Pseudodendromonadales_XX,Pseudodendromonadales_XX_sp.
ASV_1795,Eukaryota,TSAR,Stramenopiles,Gyrista,Peronosporomycetes,Peronosporomycetes_X,Peronosporales,Halophytophthora,NA
ASV_1796,Eukaryota,TSAR,Rhizaria,Cercozoa,Filosa-Granofilosea,Filosa-Granofilosea_X,NA,NA,NA
ASV_1797,Eukaryota,Obazoa,Opisthokonta,Fungi,Ascomycota,Pezizomycotina,Sordariomycetes,Melanconis,Melanconis_stilbostoma
ASV_1798,Eukaryota,Archaeplastida,Streptophyta,Streptophyta_X,Zygnemophyceae,Zygnemophyceae_X,Zygnemophyceae_XX,Chlorokybus,Chlorokybus_atmophyticus
ASV_1799,Eukaryota,TSAR,Stramenopiles,Gyrista,Peronosporomycetes,Peronosporomycetes_X,Saprolegniales,Saprolegniales_X,Saprolegniales_X_sp.
ASV_1800,Eukaryota,Obazoa,Opisthokonta,Metazoa,Arthropoda,Crustacea,Ostracoda,Cypridopsis,Cypridopsis_adusta
ASV_1801,Eukaryota,Obazoa,Opisthokonta,Fungi,NA,NA,NA,NA,NA
ASV_1802,Eukaryota,Obazoa,Opisthokonta,Fungi,Basidiomycota,NA,NA,NA,NA
ASV_1803,Eukaryota,TSAR,Stramenopiles,Bigyra,Bicoecea,Pseudodendromonadales,Pseudodendromonadales_X,Pseudodendromonadales_XX,Pseudodendromonadales_XX_sp.
ASV_1804,Eukaryota,TSAR,Stramenopiles,Bigyra,Bicoecea,Pseudodendromonadales,Pseudodendromonadales_X,Pseudodendromonadales_XX,Pseudodendromonadales_XX_sp.
ASV_1805,Eukaryota,TSAR,Stramenopiles,Gyrista,Chrysophyceae,NA,NA,NA,NA
ASV_1806,Eukaryota,Obazoa,Opisthokonta,Metazoa,Arthropoda,Crustacea,Ostracoda,Cypridopsis,Cypridopsis_adusta
ASV_1807,Eukaryota,TSAR,Stramenopiles,Gyrista,Peronosporomycetes,Peronosporomycetes_X,Peronosporales,Halophytophthora,Halophytophthora_epistomium
ASV_1808,Eukaryota,TSAR,Rhizaria,Cercozoa,Filosa-Sarcomonadea,Glissomonadida,Allapsidae,Orciraptor,Orciraptor_agilis
ASV_1809,Eukaryota,TSAR,Stramenopiles,Gyrista,Peronosporomycetes,Peronosporomycetes_X,Peronosporales,Peronosporales_X,Peronosporales_X_sp.
ASV_1810,Eukaryota,TSAR,Rhizaria,Cercozoa,Filosa-Sarcomonadea,Pansomonadida,Pansomonadida_X,Pansomonadida_XX,Pansomonadida_XX_sp.
ASV_1811,Eukaryota,TSAR,Stramenopiles,Bigyra,Opalozoa,Opalozoa_X,MAST-12,MAST-12C,MAST-12C_sp.
ASV_1812,Eukaryota,Obazoa,Opisthokonta,Fungi,Ascomycota,Pezizomycotina,Dothideomycetes,Phaeosphaeria,Phaeosphaeria_avenaria
ASV_1813,Eukaryota,Obazoa,Opisthokonta,Metazoa,Arthropoda,Crustacea,Maxillopoda,Occidodiaptomus,Hemidiaptomus_ingens
ASV_1814,Eukaryota,TSAR,Stramenopiles,Bigyra,Bicoecea,Pseudodendromonadales,Pseudodendromonadales_X,Pseudodendromonadales_XX,Pseudodendromonadales_XX_sp.
ASV_1815,Eukaryota,Archaeplastida,Chlorophyta,Chlorophyta_X,Chlorophyceae,Chlamydomonadales,Chlamydomonadales_X,Carteria,Carteria_sp.
ASV_1816,Eukaryota,TSAR,Stramenopiles,Gyrista,Bacillariophyceae,Achnanthales,Achnanthidiaceae,Lemnicola,Lemnicola_hungarica
ASV_1817,Eukaryota,Obazoa,Opisthokonta,Metazoa,Arthropoda,Crustacea,Maxillopoda,NA,NA
ASV_1818,Eukaryota,Archaeplastida,Chlorophyta,Chlorophyta_X,Chlorophyceae,Chlamydomonadales,Chlamydomonadales_X,NA,NA
ASV_1819,Eukaryota,TSAR,Rhizaria,Cercozoa,Filosa-Sarcomonadea,Glissomonadida,Bodomorphidae,Bodomorpha,Bodomorpha_minima
ASV_1820,Eukaryota,TSAR,Stramenopiles,Gyrista,Chrysophyceae,NA,NA,NA,NA
ASV_1821,Eukaryota,NA,NA,NA,NA,NA,NA,NA,NA
ASV_1822,Eukaryota,TSAR,Stramenopiles,Gyrista,Peronosporomycetes,Peronosporomycetes_X,Leptomitales,NA,NA
ASV_1823,Eukaryota,TSAR,Stramenopiles,Bigyra,Bicoecea,Pseudodendromonadales,Pseudodendromonadales_X,Pseudodendromonadales_XX,Pseudodendromonadales_XX_sp.
ASV_1824,Eukaryota,TSAR,Stramenopiles,Gyrista,Chrysophyceae,NA,NA,NA,NA
ASV_1825,Eukaryota,Obazoa,Opisthokonta,Fungi,NA,NA,NA,NA,NA
ASV_1826,Eukaryota,Obazoa,Opisthokonta,Fungi,Chytridiomycota,Rhizophydiales,Rhizophydiales_X,Rhizophydiales_XX,Rhizophydiales_XX_sp.
ASV_1827,Eukaryota,Obazoa,Opisthokonta,Ichthyosporea,Ichthyophonida,Ichthyosphonida_X,Ichthyophonidae_Freshwater,Ichthyophonidae_Freshwater_X,Ichthyophonidae_Freshwater_X_sp.
ASV_1828,Eukaryota,Obazoa,Opisthokonta,Fungi,NA,NA,NA,NA,NA
ASV_1829,Eukaryota,TSAR,Stramenopiles,Gyrista,Chrysophyceae,Paraphysomonadales,Paraphysomonadaceae,Paraphysomonas,Paraphysomonas_mantoni
ASV_1830,Eukaryota,Obazoa,Opisthokonta,Metazoa,Arthropoda,Crustacea,Maxillopoda,Occidodiaptomus,NA
ASV_1831,Eukaryota,TSAR,Stramenopiles,Bigyra,Opalozoa,Opalozoa_X,MAST-12,MAST-12C,MAST-12C_sp.
ASV_1832,Eukaryota,Obazoa,Opisthokonta,Fungi,Chytridiomycota,NA,NA,NA,NA
ASV_1833,Eukaryota,Obazoa,Opisthokonta,Choanoflagellata,Choanoflagellatea,Craspedida,Monosigidae_Group_A,Codosiga,Codosiga_botrytis
ASV_1834,Eukaryota,Obazoa,Opisthokonta,Fungi,Opisthosporidia,Microsporida,Microsporida_X,Paramicrosporidium,Paramicrosporidium_saccamoebae
ASV_1835,Eukaryota,Obazoa,Opisthokonta,Metazoa,Gastrotricha,Gastrotricha_X,Gastrotricha_XX,NA,NA
ASV_1836,Eukaryota,TSAR,Stramenopiles,Gyrista,Chrysophyceae,NA,NA,NA,NA
ASV_1837,Eukaryota,TSAR,Stramenopiles,Gyrista,Mediophyceae,Thalassiosirales,Stephanodiscaceae,Stephanodiscus,Stephanodiscus_hantzschii
ASV_1838,Eukaryota,Obazoa,Opisthokonta,Metazoa,Arthropoda,Crustacea,Maxillopoda,Occidodiaptomus,NA
ASV_1839,Eukaryota,Obazoa,Opisthokonta,Metazoa,Arthropoda,Crustacea,Maxillopoda,NA,NA
ASV_1840,Eukaryota,TSAR,Stramenopiles,Gyrista,Peronosporomycetes,Peronosporomycetes_X,Peronosporales,NA,NA
ASV_1841,Eukaryota,Obazoa,Opisthokonta,Fungi,NA,NA,NA,NA,NA
ASV_1842,Eukaryota,CRuMs,Collodictyonidae,Collodictyonidae_X,Collodictyonidae_XX,Collodictyonidae_XXX,Collodictyonidae_XXXX,NA,NA
ASV_1843,Eukaryota,Archaeplastida,Chlorophyta,Chlorophyta_X,Chlorophyceae,Chlamydomonadales,Chlamydomonadales_X,NA,NA
ASV_1844,Eukaryota,Obazoa,Opisthokonta,Fungi,Chytridiomycota,Zygophlyctidales,Zygophlyctidaceae,Zygophlyctis,Zygophlyctis_melosirae
ASV_1845,Eukaryota,Obazoa,Opisthokonta,Metazoa,Arthropoda,Crustacea,Maxillopoda,Occidodiaptomus,NA
ASV_1846,Eukaryota,TSAR,Rhizaria,Cercozoa,Novel-clade-10-12,Novel-clade-12,NC12B-lineage,NC12B-lineage_X,NC12B-lineage_X_sp.
ASV_1847,Eukaryota,Obazoa,Opisthokonta,Fungi,Ascomycota,Pezizomycotina,NA,NA,NA
ASV_1848,Eukaryota,Archaeplastida,Chlorophyta,Chlorophyta_X,Chlorophyceae,NA,NA,NA,NA
ASV_1849,Eukaryota,Obazoa,Opisthokonta,Fungi,Chytridiomycota,Spizellomycetales,Spizellomycetales_X,Spizellomycetales_XX,Spizellomycetales_XX_sp.
ASV_1850,Eukaryota,Obazoa,Opisthokonta,Metazoa,Gastrotricha,Gastrotricha_X,Gastrotricha_XX,Chaetonotus,Chaetonotus_sp.
ASV_1851,Eukaryota,Cryptista,Cryptophyta,Cryptophyta_X,Cryptophyceae,Goniomonadales,Goniomonadales_X,Goniomonas,Goniomonas_truncata
ASV_1852,Eukaryota,Archaeplastida,Chlorophyta,Chlorophyta_X,Trebouxiophyceae,Trebouxiophyceae_X,Trebouxiophyceae_XX,Botryococcus,Botryococcus_terribilis
ASV_1853,Eukaryota,TSAR,Stramenopiles,Bigyra,Opalozoa,Opalozoa_X,MAST-12,MAST-12C,MAST-12C_sp.
ASV_1854,Eukaryota,TSAR,Stramenopiles,Gyrista,Peronosporomycetes,Peronosporomycetes_X,Peronosporales,Pythium,Pythium_monospermum
ASV_1855,Eukaryota,TSAR,Alveolata,Ciliophora,Spirotrichea,Hypotrichia,Halteriidae,Halteria,Halteria_grandinella
ASV_1856,Eukaryota,TSAR,NA,NA,NA,NA,NA,NA,NA
ASV_1857,Eukaryota,TSAR,Stramenopiles,Gyrista,Chrysophyceae,Ochromonadales,Ochromonadaceae,Poterioochromonas,Poterioochromonas_malhamensis
ASV_1858,Eukaryota,TSAR,Stramenopiles,Bigyra,Bicoecea,Pseudodendromonadales,Pseudodendromonadales_X,Pseudodendromonadales_XX,Pseudodendromonadales_XX_sp.
ASV_1859,Eukaryota,Obazoa,Opisthokonta,Metazoa,Arthropoda,Crustacea,Maxillopoda,NA,NA
ASV_1860,Eukaryota,Obazoa,Opisthokonta,Fungi,Chytridiomycota,NA,NA,NA,NA
ASV_1861,Eukaryota,Obazoa,Opisthokonta,Fungi,Chytridiomycota,Rhizophydiales,Rhizophydiales_X,Rhizophydiales_XX,Rhizophydiales_XX_sp.
ASV_1862,Eukaryota,Obazoa,Opisthokonta,Fungi,NA,NA,NA,NA,NA
ASV_1863,Eukaryota,Archaeplastida,Chlorophyta,Chlorophyta_X,Chlorophyceae,Chlamydomonadales,Chlamydomonadales_X,NA,NA
ASV_1864,Eukaryota,TSAR,Stramenopiles,Bigyra,Bicoecea,Pseudodendromonadales,Pseudodendromonadales_X,Pseudodendromonadales_XX,Pseudodendromonadales_XX_sp.
ASV_1865,Eukaryota,NA,NA,NA,NA,NA,NA,NA,NA
ASV_1866,Eukaryota,Archaeplastida,Chlorophyta,Chlorophyta_X,Chlorophyceae,Sphaeropleales,Sphaeropleales_X,NA,NA
ASV_1867,Eukaryota,TSAR,Stramenopiles,Bigyra,Bicoecea,Pseudodendromonadales,Pseudodendromonadales_X,Pseudodendromonadales_XX,Pseudodendromonadales_XX_sp.
ASV_1868,Eukaryota,TSAR,Rhizaria,Cercozoa,Endomyxa,Vampyrellida,Leptophryidae,Leptophrys,Leptophrys_sp.
ASV_1869,Eukaryota,Obazoa,Opisthokonta,Choanoflagellata,Choanoflagellatea,Craspedida,Monosigidae_Group_A,Codosiga,Codosiga_botrytis
ASV_1870,Eukaryota,Obazoa,Opisthokonta,Choanoflagellata,Choanoflagellatea,NA,NA,NA,NA
ASV_1871,Eukaryota,Archaeplastida,Chlorophyta,Chlorophyta_X,Chlorophyceae,Chlamydomonadales,Chlamydomonadales_X,Carteria,Carteria_lunzensis
ASV_1872,Eukaryota,Archaeplastida,Chlorophyta,Chlorophyta_X,Chlorophyceae,Sphaeropleales,Sphaeropleales_X,Scenedesmus,NA
ASV_1873,Eukaryota,TSAR,Stramenopiles,Gyrista,Chrysophyceae,NA,NA,NA,NA
ASV_1874,Eukaryota,Obazoa,Opisthokonta,Ichthyosporea,Ichthyophonida,Pseudoperkinsidae,Pseudoperkinsidae_X,Pseudoperkinsidae_XX,Pseudoperkinsidae_XX_sp.
ASV_1875,Eukaryota,TSAR,Alveolata,Dinoflagellata,Dinophyceae,Suessiales,Borghiellaceae,Phytodinium,Phytodinium_sp.
ASV_1876,Eukaryota,Obazoa,Opisthokonta,Metazoa,Arthropoda,Crustacea,Maxillopoda,Eucyclops,Eucyclops_serrulatus
ASV_1877,Eukaryota,Obazoa,Opisthokonta,Choanoflagellata,Choanoflagellatea,NA,NA,NA,NA
ASV_1878,Eukaryota,Obazoa,Opisthokonta,Choanoflagellata,Choanoflagellatea,Choanoflagellatea_X,Choanoflagellatea_XX,Salpingoeca,Salpingoeca_macrocollata
ASV_1879,Eukaryota,TSAR,Stramenopiles,Bigyra,Bicoecea,Pseudodendromonadales,Pseudodendromonadales_X,Pseudodendromonadales_XX,Pseudodendromonadales_XX_sp.
ASV_1880,Eukaryota,TSAR,Stramenopiles,Bigyra,Bicoecea,Pseudodendromonadales,Pseudodendromonadales_X,Pseudodendromonadales_XX,Pseudodendromonadales_XX_sp.
ASV_1881,Eukaryota,TSAR,Stramenopiles,Bigyra,Bicoecea,Pseudodendromonadales,Pseudodendromonadales_X,Pseudodendromonadales_XX,Pseudodendromonadales_XX_sp.
ASV_1882,Eukaryota,TSAR,Rhizaria,Cercozoa,Novel-clade-10-12,Novel-clade-10,Novel-clade-10_X,Novel-clade-10_XX,Novel-clade-10_XX_sp.
ASV_1883,Eukaryota,TSAR,Rhizaria,Cercozoa,Filosa-Imbricatea,NA,NA,NA,NA
ASV_1884,Eukaryota,Obazoa,Opisthokonta,Fungi,NA,NA,NA,NA,NA
ASV_1885,Eukaryota,TSAR,Stramenopiles,Bigyra,Bicoecea,Bicoecales,Bicoecaceae,Bicoecaceae_X,Bicoecaceae_X_sp.
ASV_1886,Eukaryota,Obazoa,Opisthokonta,Metazoa,Gastrotricha,Gastrotricha_X,Gastrotricha_XX,Chaetonotus,Chaetonotus_sp.
ASV_1887,Eukaryota,Obazoa,Opisthokonta,Fungi,Blastocladiomycota,Blastocladiomycotina,Blastocladiomycetes,Hyaloraphidium,Hyaloraphidium_curvatum
ASV_1888,Eukaryota,Obazoa,Opisthokonta,Fungi,NA,NA,NA,NA,NA
ASV_1889,Eukaryota,Obazoa,Opisthokonta,Metazoa,Arthropoda,Crustacea,Maxillopoda,Eudiaptomus,Eudiaptomus_graciloides
ASV_1890,Eukaryota,Archaeplastida,Chlorophyta,Chlorophyta_X,Chlorophyceae,Chlamydomonadales,Chlamydomonadales_X,Gonium,Gonium_pectorale
ASV_1891,Eukaryota,Archaeplastida,Streptophyta,Streptophyta_X,Zygnemophyceae,Zygnemophyceae_X,Zygnemophyceae_XX,Closterium,Closterium_sp.
ASV_1892,Eukaryota,Archaeplastida,Chlorophyta,Chlorophyta_X,Chlorophyceae,Chlamydomonadales,Chlamydomonadales_X,NA,NA
ASV_1893,Eukaryota,TSAR,Rhizaria,Cercozoa,Filosa-Sarcomonadea,Glissomonadida,NA,NA,NA
ASV_1894,Eukaryota,Obazoa,Opisthokonta,Fungi,Chytridiomycota,Rhizophydiales,Rhizophydiaceae,Rhizophydium,NA
ASV_1895,Eukaryota,Obazoa,Opisthokonta,Ichthyosporea,Ichthyophonida,Ichthyophonidae,Eccrinales,Enterobryus,NA
ASV_1896,Eukaryota,TSAR,Stramenopiles,Gyrista,Chrysophyceae,Synurales,Synuraceae,Mallomonas,NA
ASV_1897,Eukaryota,Cryptista,Cryptophyta,Cryptophyta_X,Cryptophyceae,Cryptomonadales,Cryptomonadales_X,Cryptomonas,NA
ASV_1898,Eukaryota,Obazoa,Opisthokonta,Metazoa,Gastrotricha,Gastrotricha_X,Gastrotricha_XX,Chaetonotus,Chaetonotus_sp.
ASV_1899,Eukaryota,Obazoa,Opisthokonta,Fungi,Opisthosporidia,Microsporida,Microsporida_X,Paramicrosporidium,Paramicrosporidium_saccamoebae
ASV_1900,Eukaryota,Obazoa,Opisthokonta,Fungi,Chytridiomycota,NA,NA,NA,NA
ASV_1901,Eukaryota,Archaeplastida,Streptophyta,Streptophyta_X,Zygnemophyceae,Zygnemophyceae_X,Zygnemophyceae_XX,Cosmarium,NA
ASV_1902,Eukaryota,Archaeplastida,Chlorophyta,Chlorophyta_X,Chlorophyceae,Sphaeropleales,Sphaeropleales_X,NA,NA
ASV_1903,Eukaryota,TSAR,Stramenopiles,Gyrista,Eustigmatophyceae,Eustigmatophyceae_X,Eustigmatophyceae_XX,NA,NA
ASV_1904,Eukaryota,TSAR,Rhizaria,Cercozoa,Filosa-Granofilosea,Limnofilida,Limnofilidae,Limnofila,Limnofila_borokensis
ASV_1905,Eukaryota,TSAR,Stramenopiles,Gyrista,Chrysophyceae,Ochromonadales,Ochromonadaceae,Dinobryon,Dinobryon_sp.
ASV_1906,Eukaryota,TSAR,Alveolata,Chrompodellids,Colpodellidea,Colpodellida,Alphamonaceae,Alphamonas,Alphamonas_sp.
ASV_1907,Eukaryota,Obazoa,Opisthokonta,Metazoa,Arthropoda,Crustacea,Branchiopoda,Bosmina,Bosmina_longirostris
ASV_1908,Eukaryota,TSAR,Stramenopiles,Bigyra,Opalozoa,Opalozoa_X,MAST-12,MAST-12C,MAST-12C_sp.
ASV_1909,NA,NA,NA,NA,NA,NA,NA,NA,NA
ASV_1910,Eukaryota,TSAR,Stramenopiles,Gyrista,Chrysophyceae,NA,NA,NA,NA
ASV_1911,Eukaryota,TSAR,Stramenopiles,Gyrista,Chrysophyceae,Paraphysomonadales,Paraphysomonadaceae,Paraphysomonas,Paraphysomonas_vulgaris
ASV_1912,Eukaryota,Obazoa,Opisthokonta,Fungi,Chytridiomycota,Rhizophydiales,Rhizophydiaceae,Rhizophydium,NA
ASV_1913,Eukaryota,Obazoa,Opisthokonta,Metazoa,Gastrotricha,Gastrotricha_X,Gastrotricha_XX,Chaetonotus,Chaetonotus_sp.
ASV_1914,Eukaryota,TSAR,Stramenopiles,Bigyra,Bicoecea,Pseudodendromonadales,Pseudodendromonadales_X,Pseudodendromonadales_XX,Pseudodendromonadales_XX_sp.
ASV_1915,Eukaryota,TSAR,Rhizaria,Cercozoa,Filosa-Granofilosea,Filosa-Granofilosea_X,Novel-Gran-6,Novel-Gran-6_X,Novel-Gran-6_X_sp.
ASV_1916,Eukaryota,Obazoa,Opisthokonta,NA,NA,NA,NA,NA,NA
ASV_1917,Eukaryota,TSAR,Rhizaria,Cercozoa,Filosa-Sarcomonadea,NA,NA,NA,NA
ASV_1918,Eukaryota,Obazoa,Opisthokonta,Fungi,Chytridiomycota,Spizellomycetales,Spizellomycetales_X,Spizellomycetales_XX,Spizellomycetales_XX_sp.
ASV_1919,Eukaryota,TSAR,Stramenopiles,Bigyra,Bicoecea,Pseudodendromonadales,Pseudodendromonadales_X,Adriamonas,Adriamonas_peritocrescens
ASV_1920,Eukaryota,Obazoa,Opisthokonta,Metazoa,Arthropoda,Crustacea,Maxillopoda,Occidodiaptomus,NA
ASV_1921,Eukaryota,Archaeplastida,Chlorophyta,Chlorophyta_X,Chlorophyceae,Chlamydomonadales,Chlamydomonadales_X,Neochlorosarcina,Neochlorosarcina_negevensis
ASV_1922,Eukaryota,Cryptista,Cryptophyta,Cryptophyta_X,Cryptophyceae,NA,NA,NA,NA
ASV_1923,Eukaryota,Archaeplastida,Streptophyta,Streptophyta_X,Zygnemophyceae,Zygnemophyceae_X,Zygnemophyceae_XX,NA,NA
ASV_1924,Eukaryota,Obazoa,Opisthokonta,Metazoa,Arthropoda,Crustacea,Ostracoda,Cypridopsis,Cypridopsis_japonica
ASV_1925,Eukaryota,Obazoa,Opisthokonta,Choanoflagellata,Choanoflagellatea,Craspedida,Salpingoecidae_Group_C1,Salpingoecidae_Group_C1_X,Salpingoecidae_Group_C1_X_sp.
ASV_1926,Eukaryota,Obazoa,Opisthokonta,Fungi,Chytridiomycota,NA,NA,NA,NA
ASV_1927,Eukaryota,Obazoa,Opisthokonta,Fungi,Chytridiomycota,Rhizophydiales,NA,NA,NA
ASV_1928,Eukaryota,Obazoa,Opisthokonta,Metazoa,Arthropoda,Crustacea,Ostracoda,Cypridopsis,NA
ASV_1929,Eukaryota,TSAR,Stramenopiles,Bigyra,Bicoecea,Pseudodendromonadales,Pseudodendromonadales_X,Pseudodendromonadales_XX,Pseudodendromonadales_XX_sp.
ASV_1930,Eukaryota,TSAR,Rhizaria,Cercozoa,NA,NA,NA,NA,NA
ASV_1931,Eukaryota,Obazoa,Opisthokonta,Fungi,Ascomycota,Pezizomycotina,Sordariomycetes,Phomopsis,Phomopsis_amygdali
ASV_1932,Eukaryota,Cryptista,Cryptophyta,Cryptophyta_X,Cryptophyceae,Cryptomonadales,NA,NA,NA
ASV_1933,Eukaryota,Cryptista,Cryptophyta,Cryptophyta_X,Cryptophyceae,Cryptomonadales,Cryptomonadales_X,Komma,Komma_caudata
ASV_1934,Eukaryota,Archaeplastida,Chlorophyta,Chlorophyta_X,Chlorophyceae,Chlamydomonadales,Chlamydomonadales_X,Gonium,Gonium_pectorale
ASV_1935,Eukaryota,Archaeplastida,Chlorophyta,Chlorophyta_X,Chlorophyceae,Chlamydomonadales,Chlamydomonadales_X,Chlamydomonas,Chlamydomonas_debaryana
ASV_1936,Eukaryota,Obazoa,Opisthokonta,Fungi,Ascomycota,Pezizomycotina,Sordariomycetes,Verticillium,Verticillium_zaregamsianum
ASV_1937,Eukaryota,Obazoa,Opisthokonta,Choanoflagellata,Choanoflagellatea,Acanthoecida,Stephanoecidae_Group_F,Stephanoecidae_Group_F_X,Stephanoecidae_Group_F_X_sp.
ASV_1938,Eukaryota,Obazoa,Opisthokonta,Metazoa,Gastrotricha,Gastrotricha_X,Gastrotricha_XX,NA,NA
ASV_1939,Eukaryota,TSAR,Rhizaria,Cercozoa,Filosa-Sarcomonadea,Glissomonadida,Sandonidae,Sandona,Sandona_aporians
ASV_1940,Eukaryota,TSAR,Stramenopiles,Gyrista,Chrysophyceae,Ochromonadales,Ochromonadales_clade-XII,Ochromonadales_clade-XII_X,Ochromonadales_clade-XII_X_sp.
ASV_1941,Eukaryota,NA,NA,NA,NA,NA,NA,NA,NA
ASV_1942,Eukaryota,Obazoa,Opisthokonta,Metazoa,Arthropoda,Crustacea,Ostracoda,Cypridopsis,NA
ASV_1943,Eukaryota,TSAR,Alveolata,Ciliophora,Spirotrichea,Hypotrichia,NA,NA,NA
ASV_1944,Eukaryota,TSAR,Rhizaria,Cercozoa,Filosa-Sarcomonadea,Glissomonadida,Glissomonadida_Clade-Y,Glissomonadida_Clade-Y_X,Glissomonadida_Clade-Y_X_sp.
ASV_1945,Eukaryota,TSAR,Stramenopiles,Gyrista,Dictyochophyceae,Dictyochophyceae_X,Pedinellales,Pteridomonas,NA
ASV_1946,Eukaryota,Obazoa,Opisthokonta,Fungi,Ascomycota,Pezizomycotina,NA,NA,NA
ASV_1947,Eukaryota,Archaeplastida,Chlorophyta,Chlorophyta_X,Chlorophyceae,Sphaeropleales,Sphaeropleales_X,Tetraedron,Tetraedron_minimum
ASV_1948,Eukaryota,TSAR,Rhizaria,Cercozoa,Filosa-Sarcomonadea,Glissomonadida,Sandonidae,Sandona,Sandona_sp.
ASV_1949,Eukaryota,Cryptista,Cryptophyta,Cryptophyta_X,Cryptophyceae,Cryptomonadales,Cryptomonadales_X,Cryptomonas,Cryptomonas_curvata
ASV_1950,Eukaryota,TSAR,Stramenopiles,Bigyra,Bicoecea,Pseudodendromonadales,Pseudodendromonadales_X,Pseudodendromonadales_XX,Pseudodendromonadales_XX_sp.
ASV_1951,Eukaryota,TSAR,Rhizaria,Cercozoa,Filosa-Granofilosea,Limnofilida,Limnofilidae,Limnofilidae_X,Limnofilidae_X_sp.
ASV_1952,Eukaryota,Obazoa,Opisthokonta,Metazoa,Arthropoda,Crustacea,Branchiopoda,NA,NA
ASV_1953,Eukaryota,Obazoa,Opisthokonta,Metazoa,Arthropoda,Crustacea,Ostracoda,Cypridopsis,NA
ASV_1954,Eukaryota,NA,NA,NA,NA,NA,NA,NA,NA
ASV_1955,Eukaryota,NA,NA,NA,NA,NA,NA,NA,NA
ASV_1956,Eukaryota,TSAR,Stramenopiles,Bigyra,Bicoecea,Pseudodendromonadales,Pseudodendromonadales_X,Pseudodendromonadales_XX,Pseudodendromonadales_XX_sp.
ASV_1957,Eukaryota,Obazoa,Opisthokonta,Metazoa,Arthropoda,Crustacea,Branchiopoda,Daphnia,Daphnia_magna
ASV_1958,Eukaryota,TSAR,Stramenopiles,Bigyra,Bicoecea,Pseudodendromonadales,Pseudodendromonadales_X,Pseudodendromonadales_XX,Pseudodendromonadales_XX_sp.
ASV_1959,Eukaryota,TSAR,Stramenopiles,Bigyra,Bicoecea,Pseudodendromonadales,Pseudodendromonadales_X,Pseudodendromonadales_XX,Pseudodendromonadales_XX_sp.
ASV_1960,Eukaryota,Obazoa,Opisthokonta,Metazoa,Gastrotricha,Gastrotricha_X,Gastrotricha_XX,Chaetonotus,NA
ASV_1961,Eukaryota,TSAR,Alveolata,Chrompodellids,Colpodellidea,Colpodellida,Colpodellida_CHR1,Colpodellida_CHR1_X,Colpodellida_CHR1_X_sp.
ASV_1962,Eukaryota,NA,NA,NA,NA,NA,NA,NA,NA
ASV_1963,Eukaryota,TSAR,Rhizaria,Cercozoa,Filosa-Sarcomonadea,Glissomonadida,Sandonidae,Sandonidae_Clade-N/F-A,Sandonidae_Clade_N/F-A_sp.
ASV_1964,Eukaryota,TSAR,Stramenopiles,Gyrista,Peronosporomycetes,Peronosporomycetes_X,Haptoglossales,Haptoglossa,Haptoglossa_sp.
ASV_1965,Eukaryota,TSAR,Stramenopiles,Bigyra,Sagenista,Labyrinthulomycetes,Amphitraemidae,Amphitrema,Amphitrema_sp.
ASV_1966,Eukaryota,Obazoa,Opisthokonta,Fungi,NA,NA,NA,NA,NA
ASV_1967,Eukaryota,Haptista,Centroplasthelida,Centroplasthelida_X,Pterocystida,Pterista,Pterocystidae,Pterocystis,Pterocystis_sp.
ASV_1968,Eukaryota,TSAR,Stramenopiles,Gyrista,Peronosporomycetes,Peronosporomycetes_X,Peronosporales,NA,NA
ASV_1969,Eukaryota,Obazoa,Opisthokonta,Fungi,Ascomycota,Pezizomycotina,Dothideomycetes,NA,NA
ASV_1970,Eukaryota,Obazoa,Opisthokonta,Fungi,Chytridiomycota,NA,NA,NA,NA
ASV_1971,Eukaryota,Obazoa,Opisthokonta,Fungi,Chytridiomycota,NA,NA,NA,NA
ASV_1972,Eukaryota,TSAR,Stramenopiles,NA,NA,NA,NA,NA,NA
ASV_1973,Eukaryota,Obazoa,Opisthokonta,NA,NA,NA,NA,NA,NA
ASV_1974,Eukaryota,TSAR,Alveolata,Ciliophora,Spirotrichea,Oligotrichida,Pelagostrombidiidae,Pelagostrombidiidae_X,Pelagostrombidiidae_X_sp.
ASV_1975,Eukaryota,Cryptista,Cryptophyta,Cryptophyta_X,Cryptophyceae,Goniomonadales,Goniomonadales_X,Goniomonas,NA
ASV_1976,Eukaryota,Obazoa,Opisthokonta,Fungi,Basidiomycota,Agaricomycotina,Agaricomycetes,Trichaptum,Trichaptum_abietinum
ASV_1977,Eukaryota,Obazoa,Opisthokonta,Fungi,Basidiomycota,Ustilaginomycotina,Exobasidiomycetes,Malassezia,Malassezia_globosa
ASV_1978,Eukaryota,Obazoa,Opisthokonta,Metazoa,Gastrotricha,Gastrotricha_X,Gastrotricha_XX,NA,NA
ASV_1979,Eukaryota,Obazoa,Opisthokonta,Fungi,Chytridiomycota,Chytridiales,Chytridiaceae,Diplochytridium,Diplochytridium_lagenarium
ASV_1980,Eukaryota,Obazoa,Opisthokonta,Fungi,Monoblepharomycota,Sanchytriales,Sanchytriaceae,Sanchytrium,Sanchytrium_tribonematis
ASV_1981,Eukaryota,Obazoa,Opisthokonta,Choanoflagellata,Choanoflagellatea,Craspedida,Monosigidae_Group_O,Monosigidae_Group_O_X,Monosigidae_Group_O_X_sp.
ASV_1982,Eukaryota,TSAR,Stramenopiles,Bigyra,Bicoecea,Bicoecales,Bicoecaceae,Bicoecaceae_X,Bicoecaceae_X_sp.
ASV_1983,Eukaryota,Obazoa,Opisthokonta,Fungi,Chytridiomycota,Zygophlyctidales,Zygophlyctidaceae,Zygophlyctis,NA
ASV_1984,Eukaryota,Archaeplastida,Chlorophyta,Chlorophyta_X,Chlorophyceae,Chlamydomonadales,Chlamydomonadales_X,NA,NA
ASV_1985,Eukaryota,Archaeplastida,Chlorophyta,Chlorophyta_X,Trebouxiophyceae,Trebouxiophyceae_X,Trebouxiophyceae_XX,Botryococcus,Botryococcus_terribilis
ASV_1986,Eukaryota,TSAR,Rhizaria,Cercozoa,Novel-clade-10-12,Novel-clade-12,NC12B-lineage,NC12B-lineage_X,NC12B-lineage_X_sp.
ASV_1987,Eukaryota,Obazoa,Opisthokonta,Ichthyosporea,Ichthyophonida,Ichthyophonidae,Amoebidianae,Amoebidium,Amoebidium_parasiticum
ASV_1988,Eukaryota,Obazoa,Opisthokonta,Fungi,Ascomycota,Pezizomycotina,Dothideomycetes,NA,NA
ASV_1989,Eukaryota,Obazoa,Opisthokonta,Fungi,Basidiomycota,NA,NA,NA,NA
ASV_1990,Eukaryota,Obazoa,Opisthokonta,Fungi,NA,NA,NA,NA,NA
ASV_1991,Eukaryota,Obazoa,Opisthokonta,Metazoa,Arthropoda,Crustacea,Branchiopoda,NA,NA
ASV_1992,Eukaryota,TSAR,Rhizaria,Cercozoa,Filosa-Granofilosea,Filosa-Granofilosea_X,Novel-Gran-6,Novel-Gran-6_X,Novel-Gran-6_X_sp.
ASV_1993,Eukaryota,Obazoa,Opisthokonta,Fungi,NA,NA,NA,NA,NA
ASV_1994,Eukaryota,Obazoa,Opisthokonta,Metazoa,Gastrotricha,Gastrotricha_X,Gastrotricha_XX,Chaetonotus,NA
ASV_1995,Eukaryota,Obazoa,Opisthokonta,Fungi,Basidiomycota,Agaricomycotina,Agaricomycetes,NA,NA
ASV_1996,Eukaryota,TSAR,Rhizaria,Cercozoa,Filosa-Sarcomonadea,Cercomonadida,Cercomonadidae,Cercomonas,NA
ASV_1997,Eukaryota,Obazoa,Opisthokonta,Fungi,Chytridiomycota,Spizellomycetales,NA,NA,NA
ASV_1998,Eukaryota,Haptista,Haptophyta,Haptophyta_X,Prymnesiophyceae,Prymnesiales,Chrysochromulinaceae,Chrysochromulina,Chrysochromulina_tobinii
ASV_1999,Eukaryota,TSAR,Rhizaria,Cercozoa,NA,NA,NA,NA,NA
ASV_2000,Eukaryota,Cryptista,Cryptophyta,Cryptophyta_X,Cryptophyceae,Cryptomonadales,Cryptomonadales_X,Cryptomonas,Cryptomonas_vietnamica
ASV_2001,Eukaryota,Archaeplastida,Streptophyta,Streptophyta_X,Zygnemophyceae,Zygnemophyceae_X,Zygnemophyceae_XX,Spirotaenia,Spirotaenia_condensata
ASV_2002,Eukaryota,Archaeplastida,Chlorophyta,Chlorophyta_X,NA,NA,NA,NA,NA
ASV_2003,Eukaryota,TSAR,Stramenopiles,Gyrista,Chrysophyceae,Ochromonadales,Ochromonadaceae,NA,NA
ASV_2004,Eukaryota,Obazoa,Opisthokonta,Fungi,NA,NA,NA,NA,NA
ASV_2005,Eukaryota,Obazoa,Opisthokonta,Ichthyosporea,Ichthyophonida,Ichthyophonidae,NA,NA,NA
ASV_2006,Eukaryota,Obazoa,Opisthokonta,Fungi,Chytridiomycota,NA,NA,NA,NA
ASV_2007,Eukaryota,Obazoa,Opisthokonta,Fungi,Ascomycota,Pezizomycotina,Sordariomycetes,Phomopsis,Phomopsis_amygdali
ASV_2008,Eukaryota,NA,NA,NA,NA,NA,NA,NA,NA
ASV_2009,Eukaryota,Archaeplastida,Chlorophyta,Chlorophyta_X,Chlorophyceae,Chlamydomonadales,Chlamydomonadales_X,Chlamydomonas,NA
ASV_2010,Eukaryota,Obazoa,Opisthokonta,Metazoa,Arthropoda,Crustacea,Maxillopoda,Occidodiaptomus,NA
ASV_2011,Eukaryota,Obazoa,Opisthokonta,Metazoa,Arthropoda,Crustacea,Maxillopoda,NA,NA
ASV_2012,Eukaryota,Obazoa,Opisthokonta,Fungi,Basidiomycota,Agaricomycotina,Agaricomycetes,NA,NA
ASV_2013,Eukaryota,Archaeplastida,Chlorophyta,Chlorophyta_X,Chlorophyceae,Chlamydomonadales,Chlamydomonadales_X,Chlamydomonas,NA
ASV_2014,Eukaryota,TSAR,Stramenopiles,Bigyra,Bicoecea,Pseudodendromonadales,Pseudodendromonadales_X,Pseudodendromonadales_XX,Pseudodendromonadales_XX_sp.
ASV_2015,Eukaryota,Obazoa,Opisthokonta,Fungi,Chytridiomycota,NA,NA,NA,NA
ASV_2016,Eukaryota,Obazoa,Opisthokonta,Fungi,NA,NA,NA,NA,NA
ASV_2017,Eukaryota,Obazoa,Opisthokonta,Metazoa,Arthropoda,Crustacea,Ostracoda,Cypridopsis,Cypridopsis_adusta
ASV_2018,Eukaryota,Obazoa,Opisthokonta,Choanoflagellata,Choanoflagellatea,NA,NA,NA,NA
ASV_2019,Eukaryota,TSAR,Rhizaria,Cercozoa,Filosa-Sarcomonadea,Pansomonadida,Agitatidae,Agitatidae_X,Agitatidae_X_sp.
ASV_2020,Eukaryota,Obazoa,Opisthokonta,Metazoa,Arthropoda,Crustacea,Branchiopoda,Ceriodaphnia,NA
ASV_2021,Eukaryota,Cryptista,Cryptophyta,Cryptophyta_X,Cryptophyceae,Cryptomonadales,Cryptomonadales_X,Cryptomonas,Cryptomonas_pyrenoidifera
ASV_2022,Eukaryota,Obazoa,Opisthokonta,Ichthyosporea,Ichthyophonida,Abeoformidae,Abeoformidae_Group_MAIP_3,Abeoformidae_Group_MAIP_3_X,Abeoformidae_Group_MAIP_3_X_sp.
ASV_2023,Eukaryota,Obazoa,Opisthokonta,Ichthyosporea,Ichthyophonida,Ichthyophonidae,NA,NA,NA
ASV_2024,Eukaryota,TSAR,Stramenopiles,Gyrista,Eustigmatophyceae,Eustigmatophyceae_X,Eustigmatophyceae_XX,Pseudocharaciopsis,Pseudocharaciopsis_ovalis
ASV_2025,Eukaryota,TSAR,Stramenopiles,Gyrista,Peronosporomycetes,Peronosporomycetes_X,Saprolegniales,Saprolegnia,Saprolegnia_parasitica
ASV_2026,Eukaryota,Obazoa,Opisthokonta,Fungi,NA,NA,NA,NA,NA
ASV_2027,Eukaryota,TSAR,Alveolata,Dinoflagellata,Dinophyceae,Peridiniales,NA,NA,NA
ASV_2028,Eukaryota,Obazoa,Opisthokonta,Fungi,Chytridiomycota,Rhizophydiales,Rhizophydiales_X,Rhizophydiales_XX,Rhizophydiales_XX_sp.
ASV_2029,Eukaryota,Obazoa,Opisthokonta,Fungi,Ascomycota,Pezizomycotina,Eurotiomycetes,Nadsoniella,Nadsoniella_nigra_var._hesuelica
ASV_2030,Eukaryota,Obazoa,Opisthokonta,Choanoflagellata,Choanoflagellatea,Craspedida,Salpingoecidae_Group_C1,NA,NA
ASV_2031,Eukaryota,TSAR,Stramenopiles,Gyrista,Chrysophyceae,Hibberdiales,Hibberdiales_X,Hibberdiales_XX,Hibberdiales_XX_sp.
ASV_2032,Eukaryota,TSAR,Rhizaria,Cercozoa,Filosa-Thecofilosea,Tectofilosida,Tectofilosida_X,Fisculla,Fisculla_margaritae
ASV_2033,Eukaryota,TSAR,Rhizaria,Cercozoa,Filosa-Granofilosea,NA,NA,NA,NA
ASV_2034,Eukaryota,TSAR,Stramenopiles,Gyrista,Chrysophyceae,Chrysosaccales,Stylococcaceae,Lagynion,Lagynion_scherffelii
ASV_2035,Eukaryota,Archaeplastida,Chlorophyta,Chlorophyta_X,Chlorophyceae,Chlamydomonadales,Chlamydomonadales_X,NA,NA
ASV_2036,Eukaryota,Obazoa,Opisthokonta,Fungi,NA,NA,NA,NA,NA
ASV_2037,NA,NA,NA,NA,NA,NA,NA,NA,NA
ASV_2038,Eukaryota,TSAR,Stramenopiles,Bigyra,Bicoecea,Pseudodendromonadales,Pseudodendromonadales_X,Pseudodendromonadales_XX,Pseudodendromonadales_XX_sp.
ASV_2039,Eukaryota,TSAR,Rhizaria,Cercozoa,Filosa-Granofilosea,Cryptofilida,Mesofilidae,Mesofila,Mesofila_limnetica
ASV_2040,Eukaryota,TSAR,Stramenopiles,Bigyra,Bicoecea,Pseudodendromonadales,Pseudodendromonadales_X,Pseudodendromonadales_XX,Pseudodendromonadales_XX_sp.
ASV_2041,Eukaryota,Obazoa,Opisthokonta,Fungi,Chytridiomycota,Chytridiomycota_X,Chytridiomycota_XX,Catenomyces,Catenomyces_sp.
ASV_2042,Eukaryota,Archaeplastida,Chlorophyta,Chlorophyta_X,Chlorophyceae,Sphaeropleales,Sphaeropleales_X,Pseudomuriella,Pseudomuriella_engadinensis
ASV_2043,Eukaryota,Obazoa,Opisthokonta,Fungi,Ascomycota,Pezizomycotina,Dothideomycetes,Trematosphaeria,Trematosphaeria_biappendiculata
ASV_2044,Eukaryota,TSAR,Stramenopiles,Bigyra,Bicoecea,Pseudodendromonadales,Pseudodendromonadales_X,NA,NA
ASV_2045,Eukaryota,NA,NA,NA,NA,NA,NA,NA,NA
ASV_2046,Eukaryota,Cryptista,Cryptophyta,Cryptophyta_X,Cryptophyceae,Goniomonadales,Goniomonadales_X,Goniomonas,Goniomonas_amphinema
ASV_2047,Eukaryota,Obazoa,Opisthokonta,Fungi,Chytridiomycota,Spizellomycetales,Spizellomycetales_X,Spizellomycetales_XX,Spizellomycetales_XX_sp.
ASV_2048,Eukaryota,Obazoa,Opisthokonta,Metazoa,Arthropoda,Crustacea,Branchiopoda,NA,NA
ASV_2049,Eukaryota,Obazoa,Opisthokonta,Fungi,Chytridiomycota,Rhizophydiales,Rhizophydiales_X,Rhizophydiales_XX,Rhizophydiales_XX_sp.
ASV_2050,Eukaryota,Obazoa,Opisthokonta,Metazoa,Arthropoda,Crustacea,Branchiopoda,NA,NA
ASV_2051,Eukaryota,Obazoa,Opisthokonta,Metazoa,Arthropoda,Crustacea,Maxillopoda,Macrocyclops,NA
ASV_2052,Eukaryota,Archaeplastida,Chlorophyta,Chlorophyta_X,Chlorophyceae,Chlamydomonadales,Chlamydomonadales_X,NA,NA
ASV_2053,Eukaryota,Archaeplastida,Chlorophyta,Chlorophyta_X,Chlorophyceae,Chlamydomonadales,Chlamydomonadales_X,Gonium,Gonium_pectorale
ASV_2054,Eukaryota,Archaeplastida,Chlorophyta,Chlorophyta_X,Chlorophyceae,Sphaeropleales,Sphaeropleales_X,Coelastrum,Coelastrum_astroideum
ASV_2055,Eukaryota,Archaeplastida,Chlorophyta,Chlorophyta_X,Chlorophyceae,Chlamydomonadales,Chlamydomonadales_X,NA,NA
ASV_2056,Eukaryota,TSAR,Stramenopiles,Bigyra,Opalozoa,Opalozoa_X,MAST-12,MAST-12C,MAST-12C_sp.
ASV_2057,Eukaryota,TSAR,Stramenopiles,Bigyra,Bicoecea,Pseudodendromonadales,Pseudodendromonadales_X,Pseudodendromonadales_XX,Pseudodendromonadales_XX_sp.
ASV_2058,Eukaryota,Archaeplastida,Chlorophyta,Chlorophyta_X,Chlorophyceae,Sphaeropleales,Sphaeropleales_X,Stauridium,Stauridium_privum
ASV_2059,Eukaryota,TSAR,Rhizaria,Cercozoa,Filosa-Sarcomonadea,Pansomonadida,Pansomonadida_X,Pansomonadida_XX,Pansomonadida_XX_sp.
ASV_2060,Eukaryota,Archaeplastida,Chlorophyta,Chlorophyta_X,Mamiellophyceae,Monomastigales,Monomastigaceae,Monomastix,Monomastix_minuta
ASV_2061,Eukaryota,Obazoa,Opisthokonta,Fungi,NA,NA,NA,NA,NA
ASV_2062,Eukaryota,TSAR,Stramenopiles,Gyrista,Peronosporomycetes,Peronosporomycetes_X,NA,NA,NA
ASV_2063,Eukaryota,Cryptista,Kathablepharidacea,Kathablepharida,Kathablepharidea,Kathablepharidida,Kathablepharidida_X,Kathablepharidida_XX,Kathablepharidida_XX_sp.
ASV_2064,Eukaryota,Obazoa,Opisthokonta,Metazoa,Gastrotricha,Gastrotricha_X,Gastrotricha_XX,Chaetonotus,Chaetonotus_sp.
ASV_2065,Eukaryota,TSAR,Stramenopiles,Gyrista,Synchromophyceae,Synchromophyceae_X,Synchromophyceae_XX,Synchromophyceae_XXX,Synchromophyceae_XXX_sp.
ASV_2066,Eukaryota,Archaeplastida,Chlorophyta,Chlorophyta_X,Chlorophyceae,Sphaeropleales,Sphaeropleales_X,NA,NA
ASV_2067,Eukaryota,TSAR,Stramenopiles,Bigyra,Opalozoa,Opalozoa_X,MAST-12,MAST-12C,MAST-12C_sp.
ASV_2068,Eukaryota,Obazoa,Opisthokonta,Choanoflagellata,Choanoflagellatea,NA,NA,NA,NA
ASV_2069,Eukaryota,Obazoa,Opisthokonta,Ichthyosporea,Ichthyophonida,Ichthyosphonida_X,Ichthyophonidae_Freshwater,Ichthyophonidae_Freshwater_X,Ichthyophonidae_Freshwater_X_sp.
ASV_2070,Eukaryota,TSAR,Stramenopiles,Bigyra,Bicoecea,Pseudodendromonadales,Pseudodendromonadales_X,Adriamonas,Adriamonas_peritocrescens
ASV_2071,Eukaryota,TSAR,Stramenopiles,Bigyra,Bicoecea,Pseudodendromonadales,Pseudodendromonadales_X,Pseudodendromonadales_XX,Pseudodendromonadales_XX_sp.
ASV_2072,Eukaryota,Obazoa,Opisthokonta,Fungi,Ascomycota,Pezizomycotina,Sordariomycetes,NA,NA
ASV_2073,Eukaryota,TSAR,Rhizaria,Cercozoa,Novel-clade-10-12,Tremulida,Tremulidae,Tremula,Tremula_longifila
ASV_2074,Eukaryota,Obazoa,Opisthokonta,Choanoflagellata,Choanoflagellatea,Choanoflagellatea_X,Choanoflagellatea_XX_Group_P,Choanoflagellatea_XXX_Group_P_X,Choanoflagellatea_XXX_Group_P_X_sp.
ASV_2075,Eukaryota,Obazoa,Opisthokonta,Metazoa,Arthropoda,Crustacea,Maxillopoda,Eudiaptomus,Eudiaptomus_graciloides
ASV_2076,Eukaryota,TSAR,Stramenopiles,Bigyra,Bicoecea,Pseudodendromonadales,Pseudodendromonadales_X,Pseudodendromonadales_XX,Pseudodendromonadales_XX_sp.
ASV_2077,Eukaryota,TSAR,Stramenopiles,Gyrista,Bacillariophyceae,Achnanthales,Cocconeidaceae,Cocconeis,Cocconeis_pediculus
ASV_2078,Eukaryota,TSAR,Stramenopiles,Gyrista,Peronosporomycetes,Peronosporomycetes_X,NA,NA,NA
ASV_2079,Eukaryota,Obazoa,Opisthokonta,NA,NA,NA,NA,NA,NA
ASV_2080,Eukaryota,Archaeplastida,Streptophyta,Streptophyta_X,Zygnemophyceae,Zygnemophyceae_X,Zygnemophyceae_XX,Chlorokybus,Chlorokybus_atmophyticus
ASV_2081,Eukaryota,Obazoa,Opisthokonta,Metazoa,Arthropoda,Crustacea,Branchiopoda,Ceriodaphnia,Ceriodaphnia_dubia
ASV_2082,Eukaryota,Obazoa,Opisthokonta,Fungi,Chytridiomycota,NA,NA,NA,NA
ASV_2083,Eukaryota,Obazoa,Opisthokonta,Metazoa,Arthropoda,Crustacea,Maxillopoda,Occidodiaptomus,NA
ASV_2084,Eukaryota,TSAR,Alveolata,Dinoflagellata,Dinophyceae,Peridiniales,Thoracosphaeraceae,NA,NA
ASV_2085,Eukaryota,Obazoa,Opisthokonta,Choanoflagellata,Choanoflagellatea,Choanoflagellatea_X,Choanoflagellata_XX_Clade-2,Sphaeroeca,Sphaeroeca_volvox
ASV_2086,Eukaryota,TSAR,Stramenopiles,Bigyra,Bicoecea,Pseudodendromonadales,Pseudodendromonadales_X,Pseudodendromonadales_XX,Pseudodendromonadales_XX_sp.
ASV_2087,Eukaryota,TSAR,Stramenopiles,Gyrista,Peronosporomycetes,Peronosporomycetes_X,Saprolegniales,Leptolegnia,Leptolegnia_sp.
ASV_2088,Eukaryota,TSAR,Stramenopiles,Bigyra,Bicoecea,Pseudodendromonadales,Pseudodendromonadales_X,NA,NA
ASV_2089,Eukaryota,Obazoa,Opisthokonta,Fungi,NA,NA,NA,NA,NA
ASV_2090,Eukaryota,Obazoa,Opisthokonta,Choanoflagellata,Choanoflagellatea,NA,NA,NA,NA
ASV_2091,Eukaryota,TSAR,Stramenopiles,Gyrista,Chrysophyceae,Ochromonadales,Ochromonadaceae,Poterioochromonas,Poterioochromonas_stipitata
ASV_2092,Eukaryota,TSAR,Stramenopiles,Gyrista,Peronosporomycetes,Peronosporomycetes_X,Peronosporales,NA,NA
ASV_2093,Eukaryota,Obazoa,Opisthokonta,Fungi,Basidiomycota,Agaricomycotina,Agaricomycetes,Sistotrema,NA
ASV_2094,Eukaryota,Obazoa,Opisthokonta,Choanoflagellata,Choanoflagellatea,NA,NA,NA,NA
ASV_2095,Eukaryota,TSAR,Rhizaria,Cercozoa,NA,NA,NA,NA,NA
ASV_2096,Eukaryota,NA,NA,NA,NA,NA,NA,NA,NA
ASV_2097,Eukaryota,TSAR,Rhizaria,Cercozoa,Filosa-Sarcomonadea,Glissomonadida,Allapsidae,NA,NA
ASV_2098,Eukaryota,Obazoa,Opisthokonta,Fungi,Chytridiomycota,Cladochytriales,Endochytriaceae,Endochytrium,Endochytrium_sp.
ASV_2099,Eukaryota,Archaeplastida,NA,NA,NA,NA,NA,NA,NA
ASV_2100,Eukaryota,TSAR,Stramenopiles,Gyrista,Xanthophyceae,Xanthophyceae_X,Xanthophyceae_XX,NA,NA
ASV_2101,Eukaryota,Obazoa,Opisthokonta,Fungi,NA,NA,NA,NA,NA
ASV_2102,Eukaryota,TSAR,Stramenopiles,Bigyra,Bicoecea,Pseudodendromonadales,Pseudodendromonadales_X,Pseudodendromonadales_XX,Pseudodendromonadales_XX_sp.
ASV_2103,Eukaryota,TSAR,Rhizaria,Cercozoa,Filosa-Granofilosea,Filosa-Granofilosea_X,Novel-Gran-6,Novel-Gran-6_X,Novel-Gran-6_X_sp.
ASV_2104,Eukaryota,Obazoa,Opisthokonta,Fungi,Chytridiomycota,NA,NA,NA,NA
ASV_2105,Eukaryota,Obazoa,Opisthokonta,Fungi,Chytridiomycota,Rhizophydiales,NA,NA,NA
ASV_2106,Eukaryota,Obazoa,Opisthokonta,Metazoa,Arthropoda,Crustacea,Branchiopoda,Bosmina,Bosmina_longirostris
ASV_2107,Eukaryota,Obazoa,Opisthokonta,NA,NA,NA,NA,NA,NA
ASV_2108,Eukaryota,Obazoa,Opisthokonta,Fungi,Chytridiomycota,NA,NA,NA,NA
ASV_2109,Eukaryota,Archaeplastida,Chlorophyta,Chlorophyta_X,Trebouxiophyceae,Chlorellales,Chlorellales_X,Lagerheimia,Lagerheimia_ciliata
ASV_2110,Eukaryota,Archaeplastida,Chlorophyta,Chlorophyta_X,Chlorophyceae,Chlamydomonadales,Chlamydomonadales_X,Protosiphon,Protosiphon_sp.
ASV_2111,Eukaryota,NA,NA,NA,NA,NA,NA,NA,NA
ASV_2112,Eukaryota,Amoebozoa,Tubulinea,Tubulinea_X,Elardia,Euamoebida,Amoebidae,Chaos,NA
ASV_2113,Eukaryota,Obazoa,Opisthokonta,Fungi,Rozellomycota,Rozellomycota_X,Rozellomycota_XX,Rozella,Rozella_multimorpha
ASV_2114,Eukaryota,TSAR,Stramenopiles,Gyrista,Eustigmatophyceae,Eustigmatophyceae_X,Eustigmatophyceae_XX,Trachydiscus,Trachydiscus_minutus
ASV_2115,Eukaryota,TSAR,Rhizaria,Cercozoa,Filosa-Sarcomonadea,Glissomonadida,Glissomonadida_Clade-Y,Glissomonadida_Clade-Y_X,Glissomonadida_Clade-Y_X_sp.
ASV_2116,Eukaryota,TSAR,Stramenopiles,Gyrista,Peronosporomycetes,Peronosporomycetes_X,Haliphthorales,Haliphthoros,Haliphthoros_sp.
ASV_2117,Eukaryota,Obazoa,Opisthokonta,Ichthyosporea,Ichthyophonida,Ichthyophonidae,Amoebidianae,Ichthyophonidae_Amoebidianae_X,Ichthyophonidae_Amoebidianae_X_sp.
ASV_2118,Eukaryota,Obazoa,Opisthokonta,Fungi,Ascomycota,Pezizomycotina,Sordariomycetes,Sirococcus,Sirococcus_conigenus
ASV_2119,Eukaryota,Obazoa,Opisthokonta,Fungi,NA,NA,NA,NA,NA
ASV_2120,Eukaryota,Obazoa,Opisthokonta,Metazoa,Gastrotricha,Gastrotricha_X,Gastrotricha_XX,Chaetonotus,NA
ASV_2121,Eukaryota,Archaeplastida,Chlorophyta,Chlorophyta_X,Chlorophyceae,Chlamydomonadales,Chlamydomonadales_X,NA,NA
ASV_2122,Eukaryota,Archaeplastida,Chlorophyta,Chlorophyta_X,Chlorophyceae,Chlamydomonadales,Chlamydomonadales_X,NA,NA
ASV_2123,Eukaryota,Obazoa,Opisthokonta,Fungi,Basidiomycota,Agaricomycotina,Agaricomycetes,Geastrum,NA
ASV_2124,Eukaryota,TSAR,Rhizaria,Cercozoa,Filosa-Sarcomonadea,Pansomonadida,Agitatidae,Agitatidae_X,Agitatidae_X_sp.
ASV_2125,Eukaryota,TSAR,Rhizaria,Cercozoa,Filosa-Granofilosea,Desmothoracida,Desmothoracida_X,Desmothoracida_XX,Desmothoracida_XX_sp.
ASV_2126,Eukaryota,Obazoa,Opisthokonta,Metazoa,Arthropoda,Hexapoda,Insecta,Chironomus,Chironomus_tentans
ASV_2127,Eukaryota,Obazoa,Opisthokonta,Fungi,NA,NA,NA,NA,NA
ASV_2128,Eukaryota,Obazoa,Opisthokonta,Fungi,NA,NA,NA,NA,NA
ASV_2129,Eukaryota,Obazoa,Opisthokonta,Fungi,Basidiomycota,Agaricomycotina,Agaricomycetes,NA,NA
ASV_2130,Eukaryota,Obazoa,Opisthokonta,Metazoa,Annelida,Annelida_X,Annelida_XX,Dero,Dero_vaga
ASV_2131,Eukaryota,Archaeplastida,Chlorophyta,Chlorophyta_X,Chlorophyceae,Chlamydomonadales,Chlamydomonadales_X,NA,NA
ASV_2132,Eukaryota,TSAR,Stramenopiles,Gyrista,Chrysophyceae,Ochromonadales,Ochromonadaceae,Acrispumella,Acrispumella_sp.
ASV_2133,Eukaryota,TSAR,Rhizaria,Cercozoa,Endomyxa,Vampyrellida,Leptophryidae,Leptophrys,Leptophrys_vorax
ASV_2134,Eukaryota,Haptista,Centroplasthelida,Centroplasthelida_X,Pterocystida,Raphidista,Choanocystidae,Choanocystis,Choanocystis_sp.
ASV_2135,Eukaryota,Obazoa,Opisthokonta,Fungi,NA,NA,NA,NA,NA
ASV_2136,Eukaryota,Obazoa,Opisthokonta,Fungi,Chytridiomycota,Rhizophydiales,Rhizophydiales_X,Rhizophydiales_XX,Rhizophydiales_XX_sp.
ASV_2137,Eukaryota,Obazoa,Opisthokonta,Fungi,Zoopagomycota,Entomophthoromycotina,Entomophthoromycotina_X,Conidiobolus,Conidiobolus_coronatus
ASV_2138,Eukaryota,Obazoa,Opisthokonta,Fungi,Chytridiomycota,NA,NA,NA,NA
ASV_2139,Eukaryota,Haptista,Haptophyta,Haptophyta_X,Prymnesiophyceae,Prymnesiales,Chrysochromulinaceae,Chrysochromulina,NA
ASV_2140,Eukaryota,TSAR,Rhizaria,Cercozoa,Filosa-Imbricatea,NA,NA,NA,NA
ASV_2141,Eukaryota,Obazoa,Opisthokonta,Choanoflagellata,Choanoflagellatea,Craspedida,Monosigidae_Group_A,Monosiga,Monosiga_ovata
ASV_2142,Eukaryota,Archaeplastida,Chlorophyta,Chlorophyta_X,Trebouxiophyceae,Chlorellales,Chlorellales_X,Oocystella,Oocystella_oogama
ASV_2143,Eukaryota,Obazoa,Opisthokonta,Choanoflagellata,Choanoflagellatea,Choanoflagellatea_X,Choanoflagellata_XX_Clade-2,Sphaeroeca,Sphaeroeca_volvox
ASV_2144,Eukaryota,Obazoa,Opisthokonta,Metazoa,Arthropoda,Crustacea,Maxillopoda,NA,NA
ASV_2145,Eukaryota,Archaeplastida,Chlorophyta,Chlorophyta_X,Chlorophyceae,Chlamydomonadales,Chlamydomonadales_X,Fasciculochloris,Fasciculochloris_boldii
ASV_2146,Eukaryota,TSAR,Stramenopiles,Bigyra,Bicoecea,Pseudodendromonadales,Pseudodendromonadales_X,Paramonas,Paramonas_globosa
ASV_2147,Eukaryota,Obazoa,Opisthokonta,Fungi,Ascomycota,Pezizomycotina,Sordariomycetes,Jattaea,Jattaea_prunicola
ASV_2148,Eukaryota,TSAR,Stramenopiles,Bigyra,Opalozoa,Opalozoa_X,MAST-12,MAST-12C,MAST-12C_sp.
ASV_2149,Eukaryota,TSAR,Stramenopiles,Gyrista,Chrysophyceae,Chrysophyceae_env_clade-I,Chrysophyceae_env_clade-I_X,Chrysophyceae_env_clade-I_XX,Chrysophyceae_env_clade-I_XX_sp.
ASV_2150,Eukaryota,Obazoa,Opisthokonta,Metazoa,Arthropoda,Crustacea,Maxillopoda,Occidodiaptomus,NA
ASV_2151,Eukaryota,Obazoa,Opisthokonta,Fungi,Chytridiomycota,NA,NA,NA,NA
ASV_2152,Eukaryota,Obazoa,Opisthokonta,Metazoa,Arthropoda,Crustacea,Branchiopoda,Daphnia,NA
ASV_2153,Eukaryota,Obazoa,Opisthokonta,Metazoa,Arthropoda,Crustacea,Maxillopoda,Eudiaptomus,Eudiaptomus_graciloides
ASV_2154,Eukaryota,Obazoa,Opisthokonta,Metazoa,Arthropoda,Crustacea,Branchiopoda,Daphnia,Daphnia_pulex
ASV_2155,Eukaryota,Obazoa,Opisthokonta,Fungi,Ascomycota,Pezizomycotina,Dothideomycetes,Spencermartinsia,Rhizophlyctis_harderi
ASV_2156,Eukaryota,TSAR,Stramenopiles,Gyrista,Peronosporomycetes,Peronosporomycetes_X,Peronosporales,NA,NA
ASV_2157,Eukaryota,Obazoa,Opisthokonta,Choanoflagellata,Choanoflagellatea,NA,NA,NA,NA
ASV_2158,Eukaryota,TSAR,Stramenopiles,Gyrista,Peronosporomycetes,Peronosporomycetes_X,Peronosporales,Peronosporales_X,Peronosporales_X_sp.
ASV_2159,Eukaryota,Archaeplastida,Chlorophyta,Chlorophyta_X,Ulvophyceae,Ulotrichales,Ulotrichales_X,Trichosarcina,Trichosarcina_polymorpha
ASV_2160,Eukaryota,Archaeplastida,Chlorophyta,Chlorophyta_X,Ulvophyceae,Ulotrichales,Ulotrichales_X,Trichosarcina,Trichosarcina_polymorpha
ASV_2161,Eukaryota,Archaeplastida,Chlorophyta,Chlorophyta_X,Chlorophyceae,Chlamydomonadales,Chlamydomonadales_X,NA,NA
ASV_2162,Eukaryota,Obazoa,Opisthokonta,Metazoa,Arthropoda,Crustacea,Branchiopoda,Daphnia,NA
ASV_2163,Eukaryota,TSAR,Stramenopiles,Gyrista,Peronosporomycetes,Peronosporomycetes_X,Peronosporales,Peronosporales_X,Peronosporales_X_sp.
ASV_2164,Eukaryota,Obazoa,Opisthokonta,Fungi,NA,NA,NA,NA,NA
ASV_2165,Eukaryota,TSAR,Telonemia,Telonemia_X,Telonemia_XX,Telonemia_XXX,Telonemia-Group-2,Telonemia-Group-2_X,Telonemia-Group-2_X_sp.
ASV_2166,Eukaryota,NA,NA,NA,NA,NA,NA,NA,NA
ASV_2167,Eukaryota,NA,NA,NA,NA,NA,NA,NA,NA
ASV_2168,Eukaryota,Obazoa,Opisthokonta,Fungi,NA,NA,NA,NA,NA
ASV_2169,Eukaryota,TSAR,NA,NA,NA,NA,NA,NA,NA
ASV_2170,Eukaryota,Obazoa,Opisthokonta,Fungi,Chytridiomycota,Rhizophydiales,Kappamycetaceae,Kappamyces,NA
ASV_2171,Eukaryota,Archaeplastida,Chlorophyta,Chlorophyta_X,Chlorophyceae,Chlamydomonadales,Chlamydomonadales_X,Chloromonas,NA
ASV_2172,Eukaryota,Archaeplastida,Chlorophyta,Chlorophyta_X,Chlorophyceae,Chlamydomonadales,Chlamydomonadales_X,Carteria,Carteria_lunzensis
ASV_2173,Eukaryota,Archaeplastida,Streptophyta,Streptophyta_X,Embryophyceae,Embryophyceae_X,Embryophyceae_XX,Sanionia,Sanionia_uncinata
ASV_2174,Eukaryota,Obazoa,Opisthokonta,Rotosphaerida,Nucleariidea,Nucleariida,Nucleariida_X,Nuclearia,NA
ASV_2175,Eukaryota,TSAR,Rhizaria,Cercozoa,Filosa-Sarcomonadea,Pansomonadida,Agitatidae,Agitatidae_X,Agitatidae_X_sp.
ASV_2176,Eukaryota,NA,NA,NA,NA,NA,NA,NA,NA
ASV_2177,Eukaryota,TSAR,Alveolata,Dinoflagellata,Dinophyceae,Gonyaulacales,Ceratiaceae,Ceratium,Ceratium_hirundinella
ASV_2178,Eukaryota,Obazoa,Opisthokonta,Metazoa,Arthropoda,Crustacea,Maxillopoda,Occidodiaptomus,NA
ASV_2179,Eukaryota,Archaeplastida,Chlorophyta,Chlorophyta_X,Chlorophyceae,Sphaeropleales,Sphaeropleales_X,Coelastrum,NA
ASV_2180,Eukaryota,Archaeplastida,Chlorophyta,Chlorophyta_X,Trebouxiophyceae,Chlorellales,Chlorellales_X,Ooplanctella,Ooplanctella_planoconvexa
ASV_2181,Eukaryota,Obazoa,Opisthokonta,Metazoa,Arthropoda,Crustacea,Maxillopoda,Eudiaptomus,Eudiaptomus_graciloides
ASV_2182,Eukaryota,Archaeplastida,Streptophyta,Streptophyta_X,Embryophyceae,Embryophyceae_X,Embryophyceae_XX,Wolffiella,Wolffiella_neotropica
ASV_2183,Eukaryota,Archaeplastida,Chlorophyta,Chlorophyta_X,Chlorophyceae,Chlamydomonadales,Chlamydomonadales_X,NA,NA
ASV_2184,Eukaryota,Obazoa,Opisthokonta,Fungi,Chytridiomycota,NA,NA,NA,NA
ASV_2185,Eukaryota,TSAR,Stramenopiles,Gyrista,Peronosporomycetes,Peronosporomycetes_X,Haliphthorales,Haliphthoros,Haliphthoros_sp.
ASV_2186,Eukaryota,TSAR,Stramenopiles,Gyrista,Peronosporomycetes,Peronosporomycetes_X,NA,NA,NA
ASV_2187,Eukaryota,Obazoa,Opisthokonta,Fungi,Basidiomycota,Agaricomycotina,Tremellomycetes,Papiliotrema,Papiliotrema_laurentii
ASV_2188,Eukaryota,Archaeplastida,Chlorophyta,Chlorophyta_X,Chlorophyceae,Chlamydomonadales,Chlamydomonadales_X,NA,NA
ASV_2189,Eukaryota,TSAR,Stramenopiles,Gyrista,Peronosporomycetes,Peronosporomycetes_X,Peronosporales,Peronosporales_X,Peronosporales_X_sp.
ASV_2190,Eukaryota,TSAR,Stramenopiles,Bigyra,Bicoecea,Pseudodendromonadales,Pseudodendromonadales_X,Pseudodendromonadales_XX,Pseudodendromonadales_XX_sp.
ASV_2191,Eukaryota,Archaeplastida,Chlorophyta,Chlorophyta_X,Chlorophyceae,Chlamydomonadales,Chlamydomonadales_X,NA,NA
ASV_2192,Eukaryota,Obazoa,Opisthokonta,Fungi,Basidiomycota,Agaricomycotina,Tremellomycetes,Trimorphomyces,Trimorphomyces_papilionaceus
ASV_2193,Eukaryota,Archaeplastida,Streptophyta,Streptophyta_X,Zygnemophyceae,Zygnemophyceae_X,Zygnemophyceae_XX,Cosmarium,Cosmarium_lundellii
ASV_2194,Eukaryota,Obazoa,Opisthokonta,Fungi,Zoopagomycota,Entomophthoromycotina,Entomophthoromycotina_X,Pandora,NA
ASV_2195,Eukaryota,NA,NA,NA,NA,NA,NA,NA,NA
ASV_2196,Eukaryota,Obazoa,Opisthokonta,Fungi,Rozellomycota,Rozellomycota_X,Rozellomycota_XX,Rozella,Rozella_rhizoclosmatii
ASV_2197,Eukaryota,TSAR,Stramenopiles,Gyrista,Chrysophyceae,Chrysophyceae_env_clade-I,Chrysophyceae_env_clade-I_X,Chrysophyceae_env_clade-I_XX,Chrysophyceae_env_clade-I_XX_sp.
ASV_2198,Eukaryota,Obazoa,Opisthokonta,Fungi,Rozellomycota,Rozellomycota_X,Rozellomycota_XX,Rozella,Rozella_multimorpha
ASV_2199,Eukaryota,TSAR,Stramenopiles,Gyrista,Eustigmatophyceae,Eustigmatophyceae_X,Eustigmatophyceae_XX,Trachydiscus,Trachydiscus_sp.
ASV_2200,Eukaryota,TSAR,Stramenopiles,Gyrista,Chrysophyceae,NA,NA,NA,NA
ASV_2201,Eukaryota,Obazoa,Opisthokonta,Fungi,Rozellomycota,Rozellomycota_X,Rozellomycota_XX,Rozellomycota_XXX,Rozellomycota_XXX_sp.
ASV_2202,Eukaryota,Obazoa,Opisthokonta,Fungi,Ascomycota,Pezizomycotina,Dothideomycetes,NA,NA
ASV_2203,Eukaryota,Obazoa,Opisthokonta,Fungi,Chytridiomycota,Rhizophydiales,Rhizophydiales_X,Rhizophydiales_XX,Rhizophydiales_XX_sp.
ASV_2204,Eukaryota,TSAR,Stramenopiles,Gyrista,Eustigmatophyceae,Eustigmatophyceae_X,Eustigmatophyceae_XX,Trachydiscus,Trachydiscus_sp.
ASV_2205,Eukaryota,TSAR,Stramenopiles,Gyrista,Chrysophyceae,NA,NA,NA,NA
ASV_2206,Eukaryota,Obazoa,Opisthokonta,Fungi,NA,NA,NA,NA,NA
ASV_2207,Eukaryota,TSAR,Stramenopiles,Gyrista,Chrysophyceae,Synurales,Synuraceae,Mallomonas,NA
ASV_2208,Eukaryota,TSAR,Stramenopiles,Gyrista,Chrysophyceae,Apoikiales,Apoikiaceae,NA,NA
ASV_2209,Eukaryota,TSAR,Stramenopiles,Bigyra,Opalozoa,Opalozoa_X,MAST-12,MAST-12C,MAST-12C_sp.
ASV_2210,Eukaryota,TSAR,Rhizaria,Cercozoa,Filosa-Thecofilosea,Tectofilosida,NA,NA,NA
ASV_2211,Eukaryota,TSAR,Stramenopiles,Gyrista,Eustigmatophyceae,Eustigmatophyceae_X,Eustigmatophyceae_XX,Vacuoliviride,Vacuoliviride_crystalliferum
ASV_2212,Eukaryota,TSAR,Alveolata,Dinoflagellata,Dinophyceae,Suessiales,Borghiellaceae,Phytodinium,Phytodinium_sp.
ASV_2213,Eukaryota,TSAR,Stramenopiles,Bigyra,Bicoecea,Pseudodendromonadales,Pseudodendromonadales_X,Pseudodendromonadales_XX,Pseudodendromonadales_XX_sp.
ASV_2214,Eukaryota,TSAR,Stramenopiles,Bigyra,Bicoecea,Pseudodendromonadales,Pseudodendromonadales_X,Pseudodendromonadales_XX,Pseudodendromonadales_XX_sp.
ASV_2215,Eukaryota,TSAR,Stramenopiles,Gyrista,Chrysophyceae,Paraphysomonadales,Paraphysomonadaceae,Paraphysomonas,Paraphysomonas_vulgaris
ASV_2216,Eukaryota,Obazoa,Opisthokonta,Fungi,Chytridiomycota,NA,NA,NA,NA
ASV_2217,Eukaryota,Obazoa,Opisthokonta,Metazoa,Gastrotricha,Gastrotricha_X,Gastrotricha_XX,Chaetonotus,NA
ASV_2218,Eukaryota,TSAR,Stramenopiles,Gyrista,Bacillariophyceae,Naviculales,Stauroneidaceae,Stauroneis,Stauroneis_latistauros
ASV_2219,Eukaryota,Obazoa,Opisthokonta,Metazoa,Arthropoda,Crustacea,Branchiopoda,Bosmina,Bosmina_longirostris
ASV_2220,Eukaryota,Cryptista,Cryptophyta,Cryptophyta_X,Cryptophyceae,Cryptomonadales,Cryptomonadales_X,Plagioselmis,Plagioselmis_nannoplanctica
ASV_2221,Eukaryota,Obazoa,Opisthokonta,Choanoflagellata,Choanoflagellatea,Craspedida,Monosigidae_Group_A,Codosiga,Codosiga_botrytis
ASV_2222,Eukaryota,NA,NA,NA,NA,NA,NA,NA,NA
ASV_2223,Eukaryota,Archaeplastida,Chlorophyta,Chlorophyta_X,Chlorophyceae,Sphaeropleales,Sphaeropleales_X,Ankyra,Ankyra_judayi
ASV_2224,Eukaryota,Archaeplastida,Chlorophyta,Chlorophyta_X,Trebouxiophyceae,Trebouxiophyceae_X,Trebouxiophyceae_XX,Botryococcus,Botryococcus_terribilis
ASV_2225,Eukaryota,Archaeplastida,Chlorophyta,Chlorophyta_X,Trebouxiophyceae,Chlorellales,Chlorellales_X,Oocystella,Oocystella_heteromucosa
ASV_2226,Eukaryota,Cryptista,Cryptophyta,Cryptophyta_X,Cryptophyceae,Cryptophyceae_X,Basal_Cryptophyceae-1,Basal_Cryptophyceae-1_X,Basal_Cryptophyceae-1_X_sp.
ASV_2227,Eukaryota,TSAR,Stramenopiles,Gyrista,Chrysophyceae,Synurales,Synuraceae,Mallomonas,Mallomonas_caudata
ASV_2228,Eukaryota,TSAR,Stramenopiles,Gyrista,Chrysophyceae,Synurales,Synuraceae,Mallomonas,Mallomonas_caudata
ASV_2229,Eukaryota,Obazoa,Opisthokonta,Fungi,Blastocladiomycota,Blastocladiomycotina,Blastocladiomycetes,Catenaria,Catenaria_sp.
ASV_2230,Eukaryota,Archaeplastida,Streptophyta,Streptophyta_X,Embryophyceae,Embryophyceae_X,Embryophyceae_XX,NA,NA
ASV_2231,Eukaryota,Obazoa,Opisthokonta,Fungi,NA,NA,NA,NA,NA
ASV_2232,Eukaryota,Obazoa,Opisthokonta,Metazoa,Arthropoda,Crustacea,Maxillopoda,Tropocyclops,Tropocyclops_ishidai
ASV_2233,Eukaryota,TSAR,Stramenopiles,Gyrista,Peronosporomycetes,Peronosporomycetes_X,Peronosporales,NA,NA
ASV_2234,Eukaryota,Cryptista,Cryptophyta,Cryptophyta_X,Cryptophyceae,Cryptophyceae_X,Basal_Cryptophyceae-1,Basal_Cryptophyceae-1_X,Basal_Cryptophyceae-1_X_sp.
ASV_2235,Eukaryota,TSAR,Stramenopiles,Gyrista,Bacillariophyceae,Achnanthales,Cocconeidaceae,Cocconeis,Cocconeis_placentula
ASV_2236,Eukaryota,Obazoa,Opisthokonta,Metazoa,Arthropoda,Crustacea,Maxillopoda,Occidodiaptomus,NA
ASV_2237,Eukaryota,Obazoa,Opisthokonta,Fungi,Ascomycota,Pezizomycotina,Sordariomycetes,Myrothecium,Myrothecium_cinctum
ASV_2238,Eukaryota,TSAR,Rhizaria,Cercozoa,Filosa-Thecofilosea,NA,NA,NA,NA
ASV_2239,Eukaryota,Obazoa,Opisthokonta,Metazoa,Arthropoda,Crustacea,Branchiopoda,Ceriodaphnia,Ceriodaphnia_dubia
ASV_2240,Eukaryota,TSAR,Stramenopiles,NA,NA,NA,NA,NA,NA
ASV_2241,Eukaryota,Obazoa,Opisthokonta,Fungi,NA,NA,NA,NA,NA
ASV_2242,Eukaryota,Archaeplastida,Streptophyta,Streptophyta_X,Zygnemophyceae,Zygnemophyceae_X,Zygnemophyceae_XX,Closterium,Closterium_sp.
ASV_2243,Eukaryota,Obazoa,Opisthokonta,Metazoa,Arthropoda,Crustacea,Maxillopoda,Eucyclops,NA
ASV_2244,Eukaryota,TSAR,Stramenopiles,Gyrista,Chrysophyceae,Chromulinales,Chrysamoebaceae,Chrysamoeba,Chrysamoeba_tenera
ASV_2245,Eukaryota,Cryptista,Cryptophyta,Cryptophyta_X,Cryptophyceae,Cryptomonadales,Cryptomonadales_X,Cryptomonas,NA
ASV_2246,Eukaryota,Obazoa,Opisthokonta,Fungi,NA,NA,NA,NA,NA
ASV_2247,Eukaryota,TSAR,Stramenopiles,Gyrista,Bacillariophyceae,Rhabdonematales,Tabellariaceae,Diatoma,NA
ASV_2248,Eukaryota,Obazoa,Opisthokonta,Fungi,NA,NA,NA,NA,NA
ASV_2249,Eukaryota,Archaeplastida,Chlorophyta,Chlorophyta_X,Trebouxiophyceae,Watanabea-Clade,Watanabea-Clade_X,Dictyochloropsis,Dictyochloropsis_symbiontica
ASV_2250,Eukaryota,Haptista,Haptophyta,Haptophyta_X,Prymnesiophyceae,Prymnesiales,Chrysochromulinaceae,Chrysochromulina,Chrysochromulina_tobin
ASV_2251,Eukaryota,TSAR,Stramenopiles,Gyrista,Chrysophyceae,NA,NA,NA,NA
ASV_2252,Eukaryota,Obazoa,Opisthokonta,Fungi,Ascomycota,Pezizomycotina,Eurotiomycetes,Knufia,Knufia_cryptophialidica
ASV_2253,Eukaryota,TSAR,Rhizaria,Cercozoa,Endomyxa,Vampyrellida,Leptophryidae,NA,NA
ASV_2254,Eukaryota,Amoebozoa,Evosea,Evosea_X,Variosea,Variosea_X,Filamoebidae,Filamoeba,Filamoeba_nolandi
ASV_2255,Eukaryota,CRuMs,Rigifilida,Rigifilida_X,Rigifilida_XX,Rigifilida_XXX,Rigifilida_XXXX,Micronuclearia,Micronuclearia_podoventralis
ASV_2256,Eukaryota,TSAR,Rhizaria,Cercozoa,Filosa-Sarcomonadea,Cercomonadida,Paracercomonadidae,Paracercomonas,NA
ASV_2257,Eukaryota,TSAR,Stramenopiles,Gyrista,Raphidophyceae,Raphidophyceae_X,Raphidophyceae_XX,NA,NA
ASV_2258,Eukaryota,Cryptista,Cryptophyta,Cryptophyta_X,Cryptophyceae,Cryptomonadales,Cryptomonadales_X,Komma,Komma_caudata
ASV_2259,Eukaryota,Obazoa,Opisthokonta,Metazoa,Arthropoda,Crustacea,Branchiopoda,NA,NA
ASV_2260,Eukaryota,Archaeplastida,Streptophyta,Streptophyta_X,Embryophyceae,Embryophyceae_X,Embryophyceae_XX,Nymphaea,Nymphaea_odorata
ASV_2261,Eukaryota,TSAR,Rhizaria,Cercozoa,Novel-clade-10-12,Novel-clade-10,Novel-clade-10_X,Novel-clade-10_XX,Novel-clade-10_XX_sp.
ASV_2262,Eukaryota,TSAR,Rhizaria,Cercozoa,Filosa-Sarcomonadea,Glissomonadida,Glissomonadida_Clade-Y,Glissomonadida_Clade-Y_X,Glissomonadida_Clade-Y_X_sp.
ASV_2263,Eukaryota,TSAR,Stramenopiles,Gyrista,Chrysophyceae,Chrysophyceae_Cluster-I,Chrysophyceae_Cluster-I_X,Chrysophyceae_Cluster-I_XX,Chrysophyceae_Cluster-I_XX_sp.
ASV_2264,Eukaryota,TSAR,Stramenopiles,Gyrista,Peronosporomycetes,Peronosporomycetes_X,Peronosporales,NA,NA
ASV_2265,Eukaryota,Obazoa,Opisthokonta,Fungi,NA,NA,NA,NA,NA
ASV_2266,Eukaryota,Obazoa,Opisthokonta,Metazoa,Gastrotricha,Gastrotricha_X,Gastrotricha_XX,NA,NA
ASV_2267,Eukaryota,TSAR,Rhizaria,Cercozoa,Novel-clade-10-12,Novel-clade-12,NC12B-lineage,NC12B-lineage_X,NC12B-lineage_X_sp.
ASV_2268,Eukaryota,Obazoa,Opisthokonta,Metazoa,Platyhelminthes,Turbellaria,Catenulida,Stenostomum,Stenostomum_sp.
ASV_2269,Eukaryota,Obazoa,Opisthokonta,Ichthyosporea,Ichthyophonida,Ichthyophonidae,Amoebidianae,Amoebidium,Amoebidium_parasiticum
ASV_2270,Eukaryota,TSAR,Stramenopiles,Bigyra,Opalozoa,Opalozoa_X,MAST-12,MAST-12C,MAST-12C_sp.
ASV_2271,Eukaryota,Cryptista,Cryptophyta,Cryptophyta_X,Cryptophyceae,Cryptomonadales,Cryptomonadales_X,Cryptomonas,Cryptomonas_pyrenoidifera
ASV_2272,Eukaryota,Archaeplastida,Chlorophyta,Chlorophyta_X,Chlorophyta_XX,Chlorophyta_XXX,Chlorophyta_XXXX,Scotinosphaera,NA
ASV_2273,Eukaryota,Archaeplastida,Chlorophyta,Chlorophyta_X,Mamiellophyceae,Monomastigales,Monomastigaceae,Monomastix,Monomastix_minuta
ASV_2274,Eukaryota,Cryptista,Cryptophyta,Cryptophyta_X,Cryptophyceae,Cryptomonadales,Cryptomonadales_X,Cryptomonas,NA
ASV_2275,Eukaryota,TSAR,Rhizaria,Cercozoa,Novel-clade-10-12,Tremulida,Tremulidae,Tremula,Tremula_longifila
ASV_2276,Eukaryota,TSAR,Stramenopiles,Bigyra,Bicoecea,Bicoecales,Bicoecaceae,Bicoecaceae_X,Bicoecaceae_X_sp.
ASV_2277,Eukaryota,TSAR,Stramenopiles,Gyrista,Bacillariophyceae,Naviculales,Sellaphoraceae,Eolimna,Eolimna_minima
ASV_2278,Eukaryota,TSAR,Stramenopiles,Gyrista,Chrysophyceae,NA,NA,NA,NA
ASV_2279,Eukaryota,TSAR,Rhizaria,Cercozoa,Novel-clade-10-12,Novel-clade-10,Novel-clade-10_X,Novel-clade-10_XX,Novel-clade-10_XX_sp.
ASV_2280,Eukaryota,Obazoa,Opisthokonta,NA,NA,NA,NA,NA,NA
ASV_2281,Eukaryota,Cryptista,Cryptophyta,Cryptophyta_X,Cryptophyceae,Cryptomonadales,Cryptomonadales_X,Komma,Komma_caudata
ASV_2282,Eukaryota,Obazoa,Opisthokonta,Metazoa,Arthropoda,Crustacea,Ostracoda,Cypridopsis,Cypridopsis_japonica
ASV_2283,Eukaryota,CRuMs,Collodictyonidae,Collodictyonidae_X,Collodictyonidae_XX,Collodictyonidae_XXX,Collodictyonidae_XXXX,NA,NA
ASV_2284,Eukaryota,Obazoa,Opisthokonta,Metazoa,Arthropoda,Crustacea,Ostracoda,Cypridopsis,Cypridopsis_adusta
ASV_2285,Eukaryota,TSAR,Rhizaria,Cercozoa,Novel-clade-10-12,Novel-clade-10,Novel-clade-10_X,Novel-clade-10_XX,Novel-clade-10_XX_sp.
ASV_2286,Eukaryota,TSAR,Stramenopiles,Bigyra,Bicoecea,Pseudodendromonadales,Pseudodendromonadales_X,Pseudodendromonadales_XX,Pseudodendromonadales_XX_sp.
ASV_2287,Eukaryota,Archaeplastida,Chlorophyta,Chlorophyta_X,Ulvophyceae,Ulotrichales,Ulotrichales_X,Hazenia,Hazenia_mirabilis
ASV_2288,Eukaryota,Haptista,Centroplasthelida,Centroplasthelida_X,Centroplasthelida_XX,Centroplasthelida_XXX,Centroplasthelida_XXXX,Centroplasthelida_XXXXX,Centroplasthelida_XXXXX_sp.
ASV_2289,Eukaryota,Haptista,Centroplasthelida,Centroplasthelida_X,Pterocystida,Pterista,Pterocystidae,Pterocystis,Pterocystis_foliacea
ASV_2290,Eukaryota,TSAR,Stramenopiles,Gyrista,Bacillariophyceae,Cymbellales,Gomphonemataceae,Encyonema,Encyonema_silesacum
ASV_2291,Eukaryota,Obazoa,Opisthokonta,Metazoa,Arthropoda,Hexapoda,Insecta,Corethrella,Corethrella_wirthi
ASV_2292,Eukaryota,TSAR,Stramenopiles,Gyrista,Dictyochophyceae,Dictyochophyceae_X,Pedinellales,Pseudopedinella,Pseudopedinella_sp.
ASV_2293,Eukaryota,Archaeplastida,Chlorophyta,Chlorophyta_X,Mamiellophyceae,Dolichomastigales,Crustomastigaceae,Crustomastigaceae-AB,Crustomastigaceae-AB_sp.
ASV_2294,Eukaryota,Haptista,Haptophyta,Haptophyta_X,Prymnesiophyceae,Prymnesiales,Chrysochromulinaceae,Chrysochromulina,NA
ASV_2295,Eukaryota,TSAR,Stramenopiles,Gyrista,Bacillariophyceae,Bacillariales,Bacillariaceae,Nitzschia,Nitzschia_inconspicua
ASV_2296,Eukaryota,TSAR,Stramenopiles,Gyrista,Chrysophyceae,Chrysophyceae_Cluster-I,Chrysophyceae_Cluster-I_X,Chrysophyceae_Cluster-I_XX,Chrysophyceae_Cluster-I_XX_sp.
ASV_2297,Eukaryota,Amoebozoa,Tubulinea,Tubulinea_X,Elardia,Euamoebida,Hartmannellidae,NA,NA
ASV_2298,Eukaryota,TSAR,Rhizaria,Cercozoa,Novel-clade-10-12,Novel-clade-10,Novel-clade-10_X,Novel-clade-10_XX,Novel-clade-10_XX_sp.
ASV_2299,Eukaryota,TSAR,Stramenopiles,Bigyra,Opalozoa,NA,NA,NA,NA
ASV_2300,Eukaryota,TSAR,Rhizaria,Cercozoa,Filosa-Sarcomonadea,Glissomonadida,Allapsidae,Group-Te,Group_Te_sp.
ASV_2301,Eukaryota,Cryptista,Cryptophyta,Cryptophyta_X,Cryptophyceae,Cryptomonadales,Cryptomonadales_X,Cryptomonas,NA
ASV_2302,Eukaryota,Cryptista,Cryptophyta,Cryptophyta_X,Cryptophyceae,Cryptomonadales,Cryptomonadales_X,Cryptomonas,Cryptomonas_meshchyorana
ASV_2303,Eukaryota,Obazoa,Opisthokonta,Fungi,Chytridiomycota,Chytridiales,Chytriomycetaceae,Entophlyctis,Entophlyctis_luteolus
ASV_2304,Eukaryota,TSAR,Rhizaria,Cercozoa,Filosa-Sarcomonadea,Pansomonadida,Agitatidae,Agitatidae_X,Agitatidae_X_sp.
ASV_2305,Eukaryota,Obazoa,Opisthokonta,Fungi,Aphelidiomycota,Aphelidiales,Aphelidiaceae,Aphelidium,Aphelidium_desmodesmi
ASV_2306,Eukaryota,Obazoa,Opisthokonta,Fungi,NA,NA,NA,NA,NA
ASV_2307,Eukaryota,TSAR,Rhizaria,Cercozoa,Filosa-Granofilosea,Filosa-Granofilosea_X,Novel-Gran-234,Novel-Gran-234_X,Novel-Gran-234_X_sp.
ASV_2308,Eukaryota,TSAR,Rhizaria,Cercozoa,NA,NA,NA,NA,NA
ASV_2309,Eukaryota,TSAR,Stramenopiles,Bigyra,Opalozoa,Opalozoa_X,MAST-12,MAST-12C,MAST-12C_sp.
ASV_2310,Eukaryota,TSAR,Rhizaria,Cercozoa,Filosa-Imbricatea,Filosa-Imbricatea_X,Novel-clade-2,Novel-clade-2_X,Novel-clade-2_X_sp.
ASV_2311,Eukaryota,TSAR,Stramenopiles,Gyrista,Eustigmatophyceae,Eustigmatophyceae_X,Eustigmatophyceae_XX,Vacuoliviride,Vacuoliviride_crystalliferum
ASV_2312,Eukaryota,Obazoa,Opisthokonta,Fungi,Opisthosporidia,Microsporida,Microsporida_X,Paramicrosporidium,Paramicrosporidium_saccamoebae
ASV_2313,Eukaryota,Obazoa,Opisthokonta,NA,NA,NA,NA,NA,NA
ASV_2314,Eukaryota,TSAR,Stramenopiles,Gyrista,Bacillariophyceae,NA,NA,NA,NA
ASV_2315,Eukaryota,Obazoa,Opisthokonta,Metazoa,Arthropoda,Crustacea,Maxillopoda,Occidodiaptomus,NA
ASV_2316,Eukaryota,Cryptista,Cryptophyta,Cryptophyta_X,Cryptophyceae,Cryptomonadales,Cryptomonadales_X,Cryptomonas,NA
ASV_2317,Eukaryota,Obazoa,Opisthokonta,Fungi,Chytridiomycota,NA,NA,NA,NA
ASV_2318,Eukaryota,TSAR,Stramenopiles,Gyrista,Peronosporomycetes,Peronosporomycetes_X,Peronosporales,NA,NA
ASV_2319,Eukaryota,Obazoa,Opisthokonta,Fungi,Basidiomycota,NA,NA,NA,NA
ASV_2320,Eukaryota,TSAR,Stramenopiles,Gyrista,Bacillariophyceae,Bacillariales,Bacillariaceae,Nitzschia,NA
ASV_2321,Eukaryota,TSAR,Alveolata,Ciliophora,Litostomatea,Litostomatea_X,Litostomatea_XX,Spathidium,Spathidium_simplinucleatum
ASV_2322,Eukaryota,Obazoa,Opisthokonta,Metazoa,Craniata,Craniata_X,Teleostei,Rutilus,Rutilus_rutilus
ASV_2323,Eukaryota,TSAR,Rhizaria,Cercozoa,Filosa-Sarcomonadea,Pansomonadida,Agitatidae,Agitatidae_X,Agitatidae_X_sp.
ASV_2324,Eukaryota,TSAR,Rhizaria,Cercozoa,Novel-clade-10-12,Novel-clade-10,Novel-clade-10_X,Novel-clade-10_XX,Novel-clade-10_XX_sp.
ASV_2325,Eukaryota,TSAR,Rhizaria,Cercozoa,Filosa-Sarcomonadea,Pansomonadida,Pansomonadida_X,Pansomonadida_XX,Pansomonadida_XX_sp.
ASV_2326,Eukaryota,Obazoa,Opisthokonta,Fungi,Chytridiomycota,Rhizophydiales,Rhizophydiales_X,Rhizophydiales_XX,Rhizophydiales_XX_sp.
ASV_2327,Eukaryota,Obazoa,Opisthokonta,Metazoa,Arthropoda,Crustacea,Maxillopoda,Occidodiaptomus,NA
ASV_2328,Eukaryota,TSAR,Stramenopiles,Bigyra,Bicoecea,Pseudodendromonadales,Pseudodendromonadales_X,Pseudodendromonadales_XX,Pseudodendromonadales_XX_sp.
ASV_2329,Eukaryota,TSAR,Rhizaria,Cercozoa,NA,NA,NA,NA,NA
ASV_2330,Eukaryota,Obazoa,Opisthokonta,Fungi,NA,NA,NA,NA,NA
ASV_2331,Eukaryota,Obazoa,Opisthokonta,Metazoa,Arthropoda,Crustacea,Branchiopoda,NA,NA
ASV_2332,Eukaryota,Obazoa,Opisthokonta,Metazoa,Gastrotricha,Gastrotricha_X,Gastrotricha_XX,Chaetonotus,NA
ASV_2333,Eukaryota,Obazoa,Opisthokonta,Fungi,Chytridiomycota,NA,NA,NA,NA
ASV_2334,Eukaryota,TSAR,Rhizaria,Cercozoa,Filosa-Sarcomonadea,Cercomonadida,Paracercomonadidae,Paracercomonas,NA
ASV_2335,Eukaryota,TSAR,Alveolata,Chrompodellids,Colpodellidea,Colpodellida,Colpodellida_CHR1,Colpodellida_CHR1_X,Colpodellida_CHR1_X_sp.
ASV_2336,Eukaryota,TSAR,Stramenopiles,Gyrista,Chrysophyceae,Paraphysomonadales,Paraphysomonadaceae,Paraphysomonas,Paraphysomonas_vulgaris
ASV_2337,Eukaryota,Obazoa,Opisthokonta,Ichthyosporea,Ichthyophonida,Ichthyophonidae,NA,NA,NA
ASV_2338,Eukaryota,Obazoa,Opisthokonta,Metazoa,Arthropoda,Hexapoda,Collembola,NA,NA
ASV_2339,Eukaryota,Archaeplastida,Chlorophyta,Chlorophyta_X,Chlorophyceae,NA,NA,NA,NA
ASV_2340,Eukaryota,Archaeplastida,Chlorophyta,Chlorophyta_X,Chlorophyceae,Chlamydomonadales,Chlamydomonadales_X,Gonium,Gonium_pectorale
ASV_2341,Eukaryota,TSAR,Rhizaria,Cercozoa,Novel-clade-10-12,Tremulida,Tremulidae,Tremula,Tremula_longifila
ASV_2342,Eukaryota,Obazoa,Opisthokonta,Fungi,Chytridiomycota,Zygophlyctidales,Zygophlyctidaceae,Zygophlyctis,Zygophlyctis_melosirae
ASV_2343,Eukaryota,TSAR,Rhizaria,Cercozoa,Filosa-Sarcomonadea,Pansomonadida,Agitatidae,Agitatidae_X,Agitatidae_X_sp.
ASV_2344,Eukaryota,TSAR,Stramenopiles,Gyrista,Chrysophyceae,Synurales,Synuraceae,Mallomonas,Mallomonas_caudata
ASV_2345,Eukaryota,Obazoa,Opisthokonta,Fungi,Basidiomycota,Agaricomycotina,Agaricomycetes,Xylobolus,Xylobolus_sp.
ASV_2346,Eukaryota,Obazoa,Opisthokonta,Metazoa,Bryozoa,Bryozoa_X,Bryozoa_XX,Pectinatella,Pectinatella_magnifica
ASV_2347,Eukaryota,Obazoa,Opisthokonta,Fungi,Chytridiomycota,Lobulomycetales,Lobulomycetaceae,Algomyces,Algomyces_stechlinensis
ASV_2348,Eukaryota,TSAR,Stramenopiles,Gyrista,Chrysophyceae,Ochromonadales,Ochromonadales_clade-X,Ochromonadales_clade-X_X,Ochromonadales_clade-X_X_sp.
ASV_2349,Eukaryota,Obazoa,Opisthokonta,Fungi,NA,NA,NA,NA,NA
ASV_2350,Eukaryota,Obazoa,Opisthokonta,Ichthyosporea,Ichthyophonida,Ichthyophonidae,Amoebidianae,Amoebidium,NA
ASV_2351,Eukaryota,CRuMs,Rigifilida,Rigifilida_X,Rigifilida_XX,Rigifilida_XXX,Rigifilida_XXXX,Rigifila,Rigifila_ramosa
ASV_2352,Eukaryota,TSAR,Rhizaria,Cercozoa,Filosa-Sarcomonadea,Glissomonadida,Glissomonadida_Clade-Y,Glissomonadida_Clade-Y_X,Glissomonadida_Clade-Y_X_sp.
ASV_2353,Eukaryota,Obazoa,Opisthokonta,Choanoflagellata,Choanoflagellatea,NA,NA,NA,NA
ASV_2354,Eukaryota,TSAR,Rhizaria,Cercozoa,Filosa-Imbricatea,Spongomonadida,Spongomonadidae,Spongomonas,Spongomonas_minima
ASV_2355,Eukaryota,Haptista,Haptophyta,Haptophyta_X,Prymnesiophyceae,Prymnesiales,Chrysochromulinaceae,Chrysochromulina,Chrysochromulina_tobin
ASV_2356,Eukaryota,TSAR,Stramenopiles,Bigyra,Bicoecea,Pseudodendromonadales,Pseudodendromonadales_X,Pseudodendromonadales_XX,Pseudodendromonadales_XX_sp.
ASV_2357,Eukaryota,Obazoa,Opisthokonta,Metazoa,Gastrotricha,Gastrotricha_X,Gastrotricha_XX,NA,NA
ASV_2358,Eukaryota,TSAR,Stramenopiles,Gyrista,Peronosporomycetes,Peronosporomycetes_X,Haptoglossales,Haptoglossa,Haptoglossa_sp.
ASV_2359,Eukaryota,NA,NA,NA,NA,NA,NA,NA,NA
ASV_2360,Eukaryota,TSAR,Stramenopiles,Bigyra,Opalozoa,Opalozoa_X,MAST-12,MAST-12C,MAST-12C_sp.
ASV_2361,Eukaryota,Obazoa,Opisthokonta,Fungi,Chytridiomycota,Rhizophydiales,Rhizophydiaceae,Rhizophydium,Rhizophydium_sp.
ASV_2362,Eukaryota,Obazoa,Opisthokonta,Fungi,Ascomycota,Pezizomycotina,Leotiomycetes,Erysiphe,Erysiphe_pisi
ASV_2363,Eukaryota,TSAR,Stramenopiles,Gyrista,Chrysophyceae,NA,NA,NA,NA
ASV_2364,Eukaryota,Obazoa,Opisthokonta,Fungi,Zoopagomycota,Zoopagomycota_X,Zoopagomycota_XX,Syncephalis,Syncephalis_depressa
ASV_2365,Eukaryota,NA,NA,NA,NA,NA,NA,NA,NA
ASV_2366,Eukaryota,Obazoa,Opisthokonta,Ichthyosporea,Ichthyophonida,Ichthyophonidae,NA,NA,NA
ASV_2367,Eukaryota,TSAR,Rhizaria,Cercozoa,Filosa-Sarcomonadea,Cercomonadida,Paracercomonadidae,Paracercomonas,Paracercomonas_metabolicus
ASV_2368,Eukaryota,TSAR,Stramenopiles,Gyrista,Peronosporomycetes,Peronosporomycetes_X,Saprolegniales,Aphanomyces,Aphanomyces_sp.
ASV_2369,Eukaryota,Obazoa,Opisthokonta,Choanoflagellata,Choanoflagellatea,Choanoflagellatea_X,Choanoflagellata_XX_Clade-2,Sphaeroeca,Sphaeroeca_volvox
ASV_2370,Eukaryota,Archaeplastida,Streptophyta,Streptophyta_X,Embryophyceae,Embryophyceae_X,Embryophyceae_XX,Pilea,Pilea_cadierei
ASV_2371,Eukaryota,Obazoa,Opisthokonta,Fungi,NA,NA,NA,NA,NA
ASV_2372,Eukaryota,Cryptista,Cryptophyta,Cryptophyta_X,Cryptophyceae,Cryptomonadales,Cryptomonadales_X,Cryptomonas,Cryptomonas_vietnamica
ASV_2373,Eukaryota,Obazoa,Opisthokonta,Fungi,Chytridiomycota,NA,NA,NA,NA
ASV_2374,Eukaryota,TSAR,Stramenopiles,Bigyra,Bicoecea,Pseudodendromonadales,Pseudodendromonadales_X,Pseudodendromonadales_XX,Pseudodendromonadales_XX_sp.
ASV_2375,Eukaryota,TSAR,Rhizaria,Cercozoa,Filosa-Sarcomonadea,Glissomonadida,Sandonidae,Sandona,NA
ASV_2376,Eukaryota,Amoebozoa,Tubulinea,Tubulinea_X,Elardia,Euamoebida,Hartmannellidae,Copromyxa,NA
ASV_2377,Eukaryota,Obazoa,Opisthokonta,Metazoa,Arthropoda,Crustacea,Branchiopoda,Pleuroxus,Pleuroxus_aduncus
ASV_2378,Eukaryota,Obazoa,Opisthokonta,Fungi,Chytridiomycota,Rhizophydiales,Alphamycetaceae,Alphamyces,Alphamyces_chaetifer
ASV_2379,Eukaryota,Obazoa,Opisthokonta,Metazoa,Gastrotricha,Gastrotricha_X,Gastrotricha_XX,NA,NA
ASV_2380,Eukaryota,Obazoa,Opisthokonta,Fungi,NA,NA,NA,NA,NA
ASV_2381,Eukaryota,TSAR,Rhizaria,Cercozoa,Filosa-Granofilosea,Filosa-Granofilosea_X,Novel-Gran-234,Novel-Gran-234_X,Novel-Gran-234_X_sp.
ASV_2382,Eukaryota,Archaeplastida,Chlorophyta,Chlorophyta_X,Chlorophyceae,Chlamydomonadales,Chlamydomonadales_X,Volvox,Volvox_globator
ASV_2383,Eukaryota,TSAR,Rhizaria,Rhizaria_X,Rhizaria_XX,Aquavolonida,Aquavolonida_X,Aquavolon,NA
ASV_2384,Eukaryota,Obazoa,Opisthokonta,Fungi,Chytridiomycota,Rhizophydiales,Rhizophydiales_X,Rhizophydiales_XX,Rhizophydiales_XX_sp.
ASV_2385,Eukaryota,Obazoa,Opisthokonta,Metazoa,Arthropoda,Crustacea,Maxillopoda,Acanthocyclops,Acanthocyclops_viridis
ASV_2386,Eukaryota,Obazoa,Opisthokonta,Metazoa,Arthropoda,Crustacea,Maxillopoda,Skistodiaptomus,NA
ASV_2387,Eukaryota,TSAR,Rhizaria,Cercozoa,Filosa-Sarcomonadea,Glissomonadida,Bodomorphidae,Bodomorpha,Bodomorpha_minima
ASV_2388,Eukaryota,Obazoa,Opisthokonta,Metazoa,Arthropoda,Crustacea,Maxillopoda,Occidodiaptomus,NA
ASV_2389,Eukaryota,Obazoa,Opisthokonta,Fungi,NA,NA,NA,NA,NA
ASV_2390,Eukaryota,TSAR,Stramenopiles,Bigyra,Opalozoa,Opalozoa_X,MAST-12,MAST-12C,MAST-12C_sp.
ASV_2391,Eukaryota,Obazoa,Opisthokonta,Fungi,Basidiomycota,Agaricomycotina,Agaricomycetes,NA,NA
ASV_2392,Eukaryota,Obazoa,Opisthokonta,Fungi,Rozellomycota,Rozellomycota_X,Rozellomycota_XX,Rozellomycota_XXX,Rozellomycota_XXX_sp.
ASV_2393,Eukaryota,TSAR,Alveolata,Ciliophora,Spirotrichea,Hypotrichia,NA,NA,NA
ASV_2394,Eukaryota,Obazoa,Opisthokonta,Metazoa,Arthropoda,Crustacea,Maxillopoda,Occidodiaptomus,NA
ASV_2395,Eukaryota,Obazoa,Opisthokonta,NA,NA,NA,NA,NA,NA
ASV_2396,Eukaryota,Obazoa,Opisthokonta,Fungi,Monoblepharomycota,Sanchytriales,Sanchytriaceae,Sanchytrium,Sanchytrium_tribonematis
ASV_2397,Eukaryota,Archaeplastida,Chlorophyta,Chlorophyta_X,Chlorophyceae,Sphaeropleales,Sphaeropleales_X,NA,NA
ASV_2398,Eukaryota,NA,NA,NA,NA,NA,NA,NA,NA
ASV_2399,Eukaryota,TSAR,Stramenopiles,Bigyra,Bicoecea,Pseudodendromonadales,Pseudodendromonadales_X,Pseudodendromonadales_XX,Pseudodendromonadales_XX_sp.
ASV_2400,Eukaryota,TSAR,Stramenopiles,Bigyra,Bicoecea,Bicoecales,Bicoecaceae,Bicosoeca,Bicosoeca_petiolata
ASV_2401,Eukaryota,Archaeplastida,Chlorophyta,Chlorophyta_X,Chlorophyceae,Chlamydomonadales,Chlamydomonadales_X,Gonium,Gonium_pectorale
ASV_2402,Eukaryota,Archaeplastida,Chlorophyta,Chlorophyta_X,Chlorophyceae,Chlamydomonadales,Chlamydomonadales_X,Gonium,Gonium_pectorale
ASV_2403,Eukaryota,Obazoa,Opisthokonta,Metazoa,Arthropoda,Crustacea,Maxillopoda,Occidodiaptomus,NA
ASV_2404,Eukaryota,TSAR,Alveolata,Ciliophora,Litostomatea,Haptoria_5,Pleurostomatida,Acineria,Acineria_incurvata
ASV_2405,Eukaryota,Archaeplastida,Chlorophyta,Chlorophyta_X,Chlorophyceae,Sphaeropleales,Scenedesmaceae,Scenedesmaceae_X,Scenedesmaceae_X_sp.
ASV_2406,Eukaryota,TSAR,Alveolata,Dinoflagellata,Dinophyceae,Gymnodiniales,Gymnodiniaceae,NA,NA
ASV_2407,Eukaryota,TSAR,Stramenopiles,Gyrista,Chrysophyceae,NA,NA,NA,NA
ASV_2408,Eukaryota,Obazoa,Opisthokonta,Metazoa,Gastrotricha,Gastrotricha_X,Gastrotricha_XX,NA,NA
ASV_2409,Eukaryota,Cryptista,Cryptophyta,Cryptophyta_X,Cryptophyceae,Cryptomonadales,Cryptomonadales_X,Cryptomonas,NA
ASV_2410,Eukaryota,Obazoa,Opisthokonta,Fungi,Ascomycota,Pezizomycotina,Sordariomycetes,NA,NA
ASV_2411,Eukaryota,Obazoa,Opisthokonta,Fungi,Chytridiomycota,Rhizophydiales,NA,NA,NA
ASV_2412,Eukaryota,TSAR,Rhizaria,Cercozoa,Filosa-Sarcomonadea,Glissomonadida,Allapsidae,Allapsidae_X,Allapsidae_X_sp.
ASV_2413,Eukaryota,Obazoa,Opisthokonta,NA,NA,NA,NA,NA,NA
ASV_2414,Eukaryota,Obazoa,Opisthokonta,Fungi,Chytridiomycota,Rhizophydiales,Alphamycetaceae,Alphamyces,Alphamyces_chaetifer
ASV_2415,Eukaryota,TSAR,Alveolata,Ciliophora,Oligohymenophorea,Scuticociliatia_2,Scuticociliatia_2_X,Scuticociliatia_2_XX,Tardigrada_environmental
ASV_2416,Eukaryota,Cryptista,Kathablepharidacea,Kathablepharida,Kathablepharidea,Kathablepharidida,Kathablepharidida_X,NA,NA
ASV_2417,Eukaryota,TSAR,Stramenopiles,Gyrista,Peronosporomycetes,Peronosporomycetes_X,NA,NA,NA
ASV_2418,Eukaryota,Obazoa,Opisthokonta,Fungi,Ascomycota,Pezizomycotina,Leotiomycetes,NA,NA
ASV_2419,Eukaryota,Obazoa,Opisthokonta,Metazoa,Arthropoda,Crustacea,Ostracoda,Cypridopsis,Cypridopsis_adusta
ASV_2420,Eukaryota,Archaeplastida,Chlorophyta,Chlorophyta_X,Chlorophyceae,Chlamydomonadales,Chlamydomonadales_X,Carteria,Carteria_sp.
ASV_2421,Eukaryota,Obazoa,Opisthokonta,Fungi,NA,NA,NA,NA,NA
ASV_2422,Eukaryota,Obazoa,Opisthokonta,Fungi,Chytridiomycota,NA,NA,NA,NA
ASV_2423,Eukaryota,Archaeplastida,Chlorophyta,Chlorophyta_X,Chlorophyceae,Sphaeropleales,Sphaeropleales_X,Pediastrum,Pediastrum_duplex
ASV_2424,Eukaryota,Obazoa,Opisthokonta,NA,NA,NA,NA,NA,NA
ASV_2425,Eukaryota,Cryptista,Cryptophyta,Cryptophyta_X,Cryptophyceae,Cryptomonadales,Cryptomonadales_X,Cryptomonas,Cryptomonas_curvata
ASV_2426,Eukaryota,Obazoa,Opisthokonta,Fungi,Zoopagomycota,Entomophthoromycotina,Entomophthoromycotina_X,Zoophthora,Zoophthora_radicans
ASV_2427,Eukaryota,TSAR,Stramenopiles,NA,NA,NA,NA,NA,NA
ASV_2428,Eukaryota,Obazoa,Opisthokonta,Fungi,Ascomycota,Pezizomycotina,Dothideomycetes,NA,NA
ASV_2429,Eukaryota,TSAR,Rhizaria,Cercozoa,Filosa-Sarcomonadea,Glissomonadida,NA,NA,NA
ASV_2430,Eukaryota,Cryptista,Cryptophyta,Cryptophyta_X,Cryptophyceae,Goniomonadales,Goniomonadales_X,Goniomonas,Goniomonas_truncata
ASV_2431,Eukaryota,Obazoa,Opisthokonta,Fungi,NA,NA,NA,NA,NA
ASV_2432,Eukaryota,TSAR,Stramenopiles,Bigyra,Bicoecea,Bicoecales,Bicoecaceae,Bicosoeca,Bicosoeca_petiolata
ASV_2433,Eukaryota,Obazoa,Opisthokonta,Fungi,NA,NA,NA,NA,NA
ASV_2434,Eukaryota,Obazoa,Opisthokonta,Choanoflagellata,Choanoflagellatea,Craspedida,Salpingoecidae_Group_C1,Salpingoeca_C1,Salpingoeca_fusiformis
ASV_2435,Eukaryota,Cryptista,Kathablepharidacea,Kathablepharida,Kathablepharidea,Kathablepharidida,Kathablepharidida_X,Kathablepharidida_XX,Kathablepharidida_XX_sp.
ASV_2436,Eukaryota,TSAR,Stramenopiles,Gyrista,Bacillariophyceae,Bacillariales,Bacillariaceae,Nitzschia,Nitzschia_inconspicua
ASV_2437,Eukaryota,Obazoa,Opisthokonta,Fungi,Ascomycota,Pezizomycotina,Sordariomycetes,NA,NA
ASV_2438,Eukaryota,Obazoa,Opisthokonta,Fungi,Opisthosporidia,Microsporida,Microsporida_X,Paramicrosporidium,Paramicrosporidium_saccamoebae
ASV_2439,Eukaryota,Cryptista,Cryptophyta,Cryptophyta_X,Cryptophyceae,Cryptomonadales,Cryptomonadales_X,Cryptomonas,Cryptomonas_furtiva
ASV_2440,Eukaryota,TSAR,Stramenopiles,Bigyra,Bicoecea,Pseudodendromonadales,Pseudodendromonadales_X,NA,NA
ASV_2441,Eukaryota,Obazoa,Opisthokonta,Fungi,NA,NA,NA,NA,NA
ASV_2442,Eukaryota,Archaeplastida,Chlorophyta,Chlorophyta_X,Chlorophyceae,NA,NA,NA,NA
ASV_2443,Eukaryota,NA,NA,NA,NA,NA,NA,NA,NA
ASV_2444,Eukaryota,Obazoa,Opisthokonta,Metazoa,Arthropoda,Crustacea,Maxillopoda,Acanthocyclops,Acanthocyclops_viridis
ASV_2445,Eukaryota,NA,NA,NA,NA,NA,NA,NA,NA
ASV_2446,Eukaryota,Obazoa,Opisthokonta,Metazoa,Arthropoda,Crustacea,Maxillopoda,Occidodiaptomus,NA
ASV_2447,Eukaryota,Obazoa,Opisthokonta,Fungi,Chytridiomycota,Spizellomycetales,NA,NA,NA
ASV_2448,Eukaryota,Cryptista,Cryptophyta,Cryptophyta_X,Cryptophyceae,Cryptophyceae_X,Basal_Cryptophyceae-1,Basal_Cryptophyceae-1_X,Basal_Cryptophyceae-1_X_sp.
ASV_2449,Eukaryota,TSAR,Alveolata,Chrompodellids,Colpodellidea,Colpodellida,Colpodellida_CHR1,Colpodellida_CHR1_X,Colpodellida_CHR1_X_sp.
ASV_2450,Eukaryota,Obazoa,Opisthokonta,Metazoa,Arthropoda,Crustacea,Maxillopoda,NA,NA
ASV_2451,Eukaryota,Archaeplastida,Chlorophyta,Chlorophyta_X,Chlorophyta_XX,Chlorophyta_XXX,Chlorophyta_XXXX,Scotinosphaera,NA
ASV_2452,Eukaryota,TSAR,Rhizaria,Cercozoa,Filosa-Sarcomonadea,Glissomonadida,Bodomorphidae,Bodomorpha,Bodomorpha_minima
ASV_2453,Eukaryota,TSAR,Stramenopiles,Gyrista,Mediophyceae,Thalassiosirales,Stephanodiscaceae,Stephanodiscus,NA
ASV_2454,Eukaryota,Obazoa,Opisthokonta,Metazoa,Gastrotricha,Gastrotricha_X,Gastrotricha_XX,Chaetonotus,NA
ASV_2455,Eukaryota,TSAR,Stramenopiles,Gyrista,Bolidophyceae,Parmales,NA,NA,NA
ASV_2456,Eukaryota,TSAR,Rhizaria,Cercozoa,Filosa-Sarcomonadea,Pansomonadida,Agitatidae,Agitatidae_X,Agitatidae_X_sp.
ASV_2457,Eukaryota,TSAR,Stramenopiles,Gyrista,Chrysophyceae,Synurales,Synuraceae,Mallomonas,Mallomonas_caudata
ASV_2458,Eukaryota,TSAR,Rhizaria,Cercozoa,Novel-clade-10-12,Tremulida,Tremulidae,Tremula,Tremula_sp.
ASV_2459,Eukaryota,Obazoa,Opisthokonta,Fungi,Chytridiomycota,Rhizophydiales,Rhizophydiales_X,Rhizophydiales_XX,Rhizophydiales_XX_sp.
ASV_2460,Bacteria,PVC,Verrucomicrobia,Verrucomicrobia_X,Verrucomicrobiae,Chthoniobacterales,Terrimicrobiaceae,FukuN18_freshwater_group,FukuN18_freshwater_group_sp.
ASV_2461,Eukaryota,Obazoa,Opisthokonta,Metazoa,Arthropoda,Crustacea,Ostracoda,Cypridopsis,NA
ASV_2462,Eukaryota,Obazoa,Opisthokonta,Metazoa,Arthropoda,Crustacea,Branchiopoda,NA,NA
ASV_2463,Eukaryota,Obazoa,Opisthokonta,Metazoa,Gastrotricha,Gastrotricha_X,Gastrotricha_XX,Ichthydium,Ichthydium_squamigerum
ASV_2464,Eukaryota,Archaeplastida,Chlorophyta,Chlorophyta_X,Chlorophyceae,Chlamydomonadales,Chlamydomonadales_X,Eudorina,Eudorina_elegans
ASV_2465,Eukaryota,Archaeplastida,Chlorophyta,Chlorophyta_X,Chlorophyceae,Chlamydomonadales,Chlamydomonadales_X,Gonium,Gonium_pectorale
ASV_2466,Eukaryota,Archaeplastida,Chlorophyta,Chlorophyta_X,Chlorophyceae,Chlamydomonadales,Chlamydomonadales_X,Eudorina,Eudorina_elegans
ASV_2467,Eukaryota,TSAR,Alveolata,Ciliophora,Spirotrichea,Hypotrichia,Halteriidae,Halteria,Halteria_grandinella
ASV_2468,Eukaryota,NA,NA,NA,NA,NA,NA,NA,NA
ASV_2469,Eukaryota,Obazoa,Opisthokonta,Metazoa,Arthropoda,Hexapoda,Collembola,NA,NA
ASV_2470,Eukaryota,Obazoa,Opisthokonta,Fungi,NA,NA,NA,NA,NA
ASV_2471,Eukaryota,Obazoa,Opisthokonta,Fungi,Chytridiomycota,Rhizophydiales,Rhizophydiales_X,Rhizophydiales_XX,Rhizophydiales_XX_sp.
ASV_2472,Eukaryota,TSAR,Rhizaria,Cercozoa,Endomyxa,Vampyrellida,NA,NA,NA
ASV_2473,Eukaryota,Obazoa,Opisthokonta,Ichthyosporea,Ichthyophonida,Ichthyophonidae,NA,NA,NA
ASV_2474,Eukaryota,Obazoa,Opisthokonta,Fungi,Chytridiomycota,NA,NA,NA,NA
ASV_2475,Eukaryota,TSAR,Rhizaria,Cercozoa,Filosa-Thecofilosea,Cryomonadida,Rhogostoma-lineage,Rhogostoma,Rhogostoma_sp.
ASV_2476,Eukaryota,TSAR,Stramenopiles,NA,NA,NA,NA,NA,NA
ASV_2477,Eukaryota,Amoebozoa,Tubulinea,Tubulinea_X,Elardia,Euamoebida,Amoebidae,NA,NA
ASV_2478,Eukaryota,TSAR,Stramenopiles,Gyrista,Peronosporomycetes,Peronosporomycetes_X,Saprolegniales,Aphanomyces,NA
ASV_2479,Eukaryota,TSAR,Stramenopiles,Gyrista,Peronosporomycetes,Peronosporomycetes_X,Peronosporales,NA,NA
ASV_2480,Eukaryota,Archaeplastida,Chlorophyta,Chlorophyta_X,Chlorophyceae,Chlamydomonadales,Chlamydomonadales_X,Vitreochlamys,Vitreochlamys_nekrassovii
ASV_2481,Eukaryota,Archaeplastida,Chlorophyta,Chlorophyta_X,Chlorophyceae,Sphaeropleales,NA,NA,NA
ASV_2482,Eukaryota,Haptista,Haptophyta,Haptophyta_X,Prymnesiophyceae,Prymnesiales,Chrysochromulinaceae,Chrysochromulina,NA
ASV_2483,Eukaryota,Obazoa,Opisthokonta,Fungi,NA,NA,NA,NA,NA
ASV_2484,Eukaryota,Obazoa,Opisthokonta,Fungi,Chytridiomycota,Rhizophydiales,Kappamycetaceae,Kappamyces,Kappamyces_sp.
ASV_2485,Eukaryota,Obazoa,Opisthokonta,Fungi,Basidiomycota,Ustilaginomycotina,Exobasidiomycetes,Exobasidium,Exobasidium_rhododendri
ASV_2486,Eukaryota,TSAR,Alveolata,Ciliophora,Litostomatea,Haptoria_5,Pleurostomatida,Hemiophrys,Hemiophrys_procera
ASV_2487,Eukaryota,Obazoa,Opisthokonta,Fungi,Basidiomycota,Agaricomycotina,Agaricomycetes,NA,NA
ASV_2488,Eukaryota,TSAR,Rhizaria,Cercozoa,Filosa-Thecofilosea,Cryomonadida,Rhogostoma-lineage,Rhogostoma-lineage_X,Rhogostoma-lineage_X_sp.
ASV_2489,Eukaryota,Amoebozoa,Tubulinea,Tubulinea_X,Elardia,Euamoebida,Vermamoebidae,Hartmannella,Hartmannella_cantabrigiensis
ASV_2490,Eukaryota,Archaeplastida,Chlorophyta,Chlorophyta_X,NA,NA,NA,NA,NA
ASV_2491,Eukaryota,Obazoa,Opisthokonta,Fungi,Rozellomycota,Rozellomycota_X,Rozellomycota_XX,Rozellomycota_XXX,Rozellomycota_XXX_sp.
ASV_2492,Eukaryota,TSAR,Rhizaria,Cercozoa,Filosa-Sarcomonadea,Glissomonadida,Allapsidae,Allapsidae_X,Allapsidae_X_sp.
ASV_2493,Eukaryota,TSAR,Stramenopiles,Bigyra,Bicoecea,Pseudodendromonadales,Pseudodendromonadales_X,Pseudodendromonadales_XX,Pseudodendromonadales_XX_sp.
ASV_2494,Eukaryota,TSAR,Rhizaria,Cercozoa,Novel-clade-10-12,Novel-clade-12,NC12B-lineage,NC12B-lineage_X,NC12B-lineage_X_sp.
ASV_2495,Eukaryota,TSAR,Stramenopiles,Gyrista,Dictyochophyceae,Dictyochophyceae_X,Pedinellales,NA,NA
ASV_2496,Eukaryota,TSAR,Stramenopiles,Gyrista,Eustigmatophyceae,Eustigmatophyceae_X,Eustigmatophyceae_XX,Vacuoliviride,Vacuoliviride_crystalliferum
ASV_2497,Eukaryota,TSAR,Stramenopiles,Bigyra,Bicoecea,Pseudodendromonadales,Pseudodendromonadales_X,NA,NA
ASV_2498,Eukaryota,Obazoa,Opisthokonta,Metazoa,Bryozoa,Bryozoa_X,Bryozoa_XX,Plumatella,NA
ASV_2499,Eukaryota,TSAR,Stramenopiles,Gyrista,Peronosporomycetes,Peronosporomycetes_X,Peronosporales,Pythium,NA
ASV_2500,Eukaryota,TSAR,Stramenopiles,Gyrista,Chrysophyceae,NA,NA,NA,NA
ASV_2501,Eukaryota,TSAR,Alveolata,Chrompodellids,Colpodellidea,Colpodellida,Colpodellida_CHR1,Colpodellida_CHR1_X,Colpodellida_CHR1_X_sp.
ASV_2502,Eukaryota,TSAR,Stramenopiles,Bigyra,Bicoecea,Pseudodendromonadales,Pseudodendromonadales_X,NA,NA
ASV_2503,Eukaryota,Archaeplastida,Chlorophyta,Chlorophyta_X,Chlorophyceae,Chlamydomonadales,Chlamydomonadales_X,Chlamydomonas,NA
ASV_2504,Eukaryota,NA,NA,NA,NA,NA,NA,NA,NA
ASV_2505,Eukaryota,NA,NA,NA,NA,NA,NA,NA,NA
ASV_2506,Eukaryota,Obazoa,Opisthokonta,Fungi,Basidiomycota,Ustilaginomycotina,Exobasidiomycetes,NA,NA
ASV_2507,Eukaryota,Obazoa,Opisthokonta,Metazoa,Arthropoda,Crustacea,Ostracoda,Cypria,NA
ASV_2508,Eukaryota,Cryptista,Cryptophyta,Cryptophyta_X,Cryptophyceae,Cryptomonadales,Cryptomonadales_X,Komma,Komma_caudata
ASV_2509,Eukaryota,TSAR,Rhizaria,Cercozoa,Novel-clade-10-12,Novel-clade-10,Novel-clade-10_X,Novel-clade-10_XX,Novel-clade-10_XX_sp.
ASV_2510,Eukaryota,Obazoa,Opisthokonta,Metazoa,Arthropoda,Crustacea,Ostracoda,Cypridopsis,NA
ASV_2511,Eukaryota,TSAR,Stramenopiles,Gyrista,Bolidophyceae,Parmales,NA,NA,NA
ASV_2512,Eukaryota,Obazoa,Opisthokonta,Fungi,Chytridiomycota,Cladochytriales,Cladochytriaceae,Cladochytrium,Cladochytrium_replicatum
ASV_2513,Eukaryota,Obazoa,Opisthokonta,Metazoa,Arthropoda,Crustacea,Branchiopoda,Scapholeberis,Scapholeberis_mucronata
ASV_2514,Eukaryota,Obazoa,Opisthokonta,Fungi,NA,NA,NA,NA,NA
ASV_2515,Eukaryota,Obazoa,Opisthokonta,Metazoa,Arthropoda,Crustacea,Maxillopoda,Occidodiaptomus,NA
ASV_2516,Eukaryota,Obazoa,Opisthokonta,Metazoa,Arthropoda,Chelicerata,Arachnida,Horreolanus,Horreolanus_orphanus
ASV_2517,Eukaryota,TSAR,Rhizaria,Cercozoa,Filosa-Imbricatea,Filosa-Imbricatea_X,Filosa-Imbricatea_XX,Filosa-Imbricatea_XXX,Filosa-Imbricatea_XXX_sp.
ASV_2518,Eukaryota,TSAR,Rhizaria,Cercozoa,Filosa-Sarcomonadea,Pansomonadida,Pansomonadida_X,Pansomonadida_XX,Pansomonadida_XX_sp.
ASV_2519,Eukaryota,Obazoa,Opisthokonta,Fungi,Rozellomycota,Rozellomycota_X,Rozellomycota_XX,Rozellomycota_XXX,Rozellomycota_XXX_sp.
ASV_2520,Eukaryota,TSAR,Rhizaria,Cercozoa,Filosa-Sarcomonadea,Cercomonadida,Cercomonadidae,Cercomonas,Cercomonas_sp.
ASV_2521,Eukaryota,Archaeplastida,Chlorophyta,Chlorophyta_X,Chlorophyceae,Chlamydomonadales,Chlamydomonadales_X,Eudorina,Eudorina_elegans
ASV_2522,Eukaryota,Archaeplastida,Streptophyta,Streptophyta_X,Embryophyceae,Embryophyceae_X,Embryophyceae_XX,Wolffiella,NA
ASV_2523,Eukaryota,Obazoa,Opisthokonta,Fungi,Ascomycota,Pezizomycotina,Dothideomycetes,NA,NA
ASV_2524,Eukaryota,TSAR,Rhizaria,Cercozoa,Filosa-Sarcomonadea,NA,NA,NA,NA
ASV_2525,Eukaryota,TSAR,Rhizaria,Cercozoa,Filosa-Imbricatea,Spongomonadida,Spongomonadidae,Spongomonas,Spongomonas_minima
ASV_2526,Eukaryota,Obazoa,Opisthokonta,Metazoa,Arthropoda,Hexapoda,Collembola,Isotomurus,Isotomurus_palustris
ASV_2527,Eukaryota,Amoebozoa,Evosea,Evosea_X,Variosea,Variosea_X,Ischnamoebidae,Darbyshirella,Darbyshirella_terrestris
ASV_2528,Eukaryota,TSAR,Stramenopiles,Gyrista,Raphidophyceae,Raphidophyceae_X,Raphidophyceae_XX,Vacuolaria,Vacuolaria_virescens
ASV_2529,Eukaryota,TSAR,Rhizaria,Cercozoa,Filosa-Thecofilosea,NA,NA,NA,NA
ASV_2530,Eukaryota,Obazoa,Opisthokonta,Choanoflagellata,Choanoflagellatea,NA,NA,NA,NA
ASV_2531,Eukaryota,TSAR,Stramenopiles,Gyrista,Peronosporomycetes,Peronosporomycetes_X,Saprolegniales,Aphanomyces,Aphanomyces_invadans
ASV_2532,Eukaryota,TSAR,Stramenopiles,Bigyra,Bicoecea,Pseudodendromonadales,Pseudodendromonadales_X,Pseudodendromonadales_XX,Pseudodendromonadales_XX_sp.
ASV_2533,Eukaryota,NA,NA,NA,NA,NA,NA,NA,NA
ASV_2534,Eukaryota,TSAR,Stramenopiles,Bigyra,Bicoecea,Bicoecales,Bicoecaceae,Bicosoeca,Bicosoeca_petiolata
ASV_2535,Eukaryota,TSAR,Stramenopiles,Gyrista,Chrysophyceae,NA,NA,NA,NA
ASV_2536,Eukaryota,Obazoa,Opisthokonta,Metazoa,Porifera,Porifera_X,Demospongiae,NA,NA
ASV_2537,Eukaryota,NA,NA,NA,NA,NA,NA,NA,NA
ASV_2538,Eukaryota,TSAR,Rhizaria,Cercozoa,Filosa-Sarcomonadea,Cercomonadida,Paracercomonadidae,Paracercomonas,Paracercomonas_ambulans
ASV_2539,Eukaryota,TSAR,Rhizaria,Cercozoa,Filosa-Sarcomonadea,Pansomonadida,Pansomonadida_X,Pansomonadida_XX,Pansomonadida_XX_sp.
ASV_2540,Eukaryota,TSAR,Stramenopiles,Bigyra,Bicoecea,Pseudodendromonadales,Pseudodendromonadales_X,Pseudodendromonadales_XX,Pseudodendromonadales_XX_sp.
ASV_2541,Eukaryota,Obazoa,Opisthokonta,Fungi,Basidiomycota,Pucciniomycotina,Cystobasidiomycetes,Rhodotorula,Rhodotorula_phylloplana
ASV_2542,Eukaryota,TSAR,Stramenopiles,Gyrista,Chrysophyceae,NA,NA,NA,NA
ASV_2543,Eukaryota,TSAR,Stramenopiles,Gyrista,Chrysophyceae,Paraphysomonadales,Paraphysomonadaceae,Paraphysomonas,NA
ASV_2544,Eukaryota,Haptista,Haptophyta,Haptophyta_X,Prymnesiophyceae,Prymnesiales,Chrysochromulinaceae,Chrysochromulina,NA
ASV_2545,Eukaryota,Obazoa,Opisthokonta,Fungi,Ascomycota,Pezizomycotina,Sordariomycetes,NA,NA
ASV_2546,Eukaryota,Obazoa,Opisthokonta,Fungi,Chytridiomycota,NA,NA,NA,NA
ASV_2547,Eukaryota,TSAR,Rhizaria,Cercozoa,NA,NA,NA,NA,NA
ASV_2548,Eukaryota,TSAR,Stramenopiles,Gyrista,Chrysophyceae,NA,NA,NA,NA
ASV_2549,Eukaryota,TSAR,Rhizaria,Cercozoa,Filosa-Imbricatea,Filosa-Imbricatea_X,Filosa-Imbricatea_XX,Filosa-Imbricatea_XXX,Filosa-Imbricatea_XXX_sp.
ASV_2550,Eukaryota,Cryptista,Cryptophyta,Cryptophyta_X,Cryptophyceae,Cryptomonadales,Cryptomonadales_X,Cryptomonas,Cryptomonas_furtiva
ASV_2551,Eukaryota,Obazoa,Opisthokonta,Fungi,NA,NA,NA,NA,NA
ASV_2552,Eukaryota,TSAR,Stramenopiles,Bigyra,NA,NA,NA,NA,NA
ASV_2553,Eukaryota,TSAR,Stramenopiles,Bigyra,Bicoecea,Pseudodendromonadales,Pseudodendromonadales_X,NA,NA
ASV_2554,Eukaryota,TSAR,Alveolata,NA,NA,NA,NA,NA,NA
ASV_2555,Eukaryota,TSAR,Rhizaria,Cercozoa,NA,NA,NA,NA,NA
ASV_2556,Eukaryota,TSAR,Stramenopiles,Gyrista,Peronosporomycetes,Peronosporomycetes_X,Peronosporales,NA,NA
ASV_2557,Eukaryota,Obazoa,Opisthokonta,Fungi,Chytridiomycota,Zygophlyctidales,Zygophlyctidaceae,Zygophlyctis,Zygophlyctis_asterionellae
ASV_2558,Eukaryota,TSAR,Stramenopiles,Gyrista,Chrysophyceae,NA,NA,NA,NA
ASV_2559,Eukaryota,TSAR,Stramenopiles,Gyrista,Chrysophyceae,Paraphysomonadales,Paraphysomonadaceae,Paraphysomonas,Paraphysomonas_vulgaris
ASV_2560,Eukaryota,NA,NA,NA,NA,NA,NA,NA,NA
ASV_2561,Eukaryota,Obazoa,Opisthokonta,Fungi,NA,NA,NA,NA,NA
ASV_2562,Eukaryota,Obazoa,Opisthokonta,Metazoa,Arthropoda,Crustacea,Maxillopoda,NA,NA
ASV_2563,Eukaryota,Archaeplastida,Streptophyta,Streptophyta_X,Embryophyceae,Embryophyceae_X,Embryophyceae_XX,Pinus,Pinus_taeda
ASV_2564,Eukaryota,Cryptista,Cryptophyta,Cryptophyta_X,Cryptophyceae,Cryptophyceae_X,Basal_Cryptophyceae-1,Basal_Cryptophyceae-1_X,Basal_Cryptophyceae-1_X_sp.
ASV_2565,Eukaryota,Obazoa,Opisthokonta,Fungi,Chytridiomycota,NA,NA,NA,NA
ASV_2566,Eukaryota,Archaeplastida,Chlorophyta,Chlorophyta_X,Chlorophyceae,Chaetophorales,Chaetophorales_X,Chaetophora,Chaetophora_elegans
ASV_2567,Eukaryota,TSAR,Rhizaria,Cercozoa,NA,NA,NA,NA,NA
ASV_2568,Eukaryota,TSAR,Rhizaria,Cercozoa,Filosa-Granofilosea,Filosa-Granofilosea_X,Novel-Gran-6,Novel-Gran-6_X,Novel-Gran-6_X_sp.
ASV_2569,Eukaryota,NA,NA,NA,NA,NA,NA,NA,NA
ASV_2570,Eukaryota,Obazoa,Opisthokonta,Fungi,Chytridiomycota,Zygophlyctidales,Zygophlyctidaceae,Zygophlyctis,Zygophlyctis_melosirae
ASV_2571,Eukaryota,Obazoa,Opisthokonta,NA,NA,NA,NA,NA,NA
ASV_2572,Eukaryota,NA,NA,NA,NA,NA,NA,NA,NA
ASV_2573,Eukaryota,Obazoa,Opisthokonta,Fungi,NA,NA,NA,NA,NA
ASV_2574,Eukaryota,Obazoa,Opisthokonta,Choanoflagellata,Choanoflagellatea,NA,NA,NA,NA
ASV_2575,Eukaryota,Archaeplastida,Chlorophyta,Chlorophyta_X,Trebouxiophyceae,Prasiolales,Prasiolales_X,Pseudochlorella,Pseudochlorella_subsphaerica
ASV_2576,Eukaryota,Archaeplastida,Chlorophyta,Chlorophyta_X,Pedinophyceae,Pedinomonadales,Pedinomonadaceae,Pedinomonas,NA
ASV_2577,Eukaryota,Obazoa,Opisthokonta,Fungi,Chytridiomycota,Monoblepharidales,NA,NA,NA
ASV_2578,Eukaryota,TSAR,Stramenopiles,Gyrista,Chrysophyceae,Ochromonadales,Ochromonadaceae,NA,NA
ASV_2579,Eukaryota,Cryptista,Cryptophyta,Cryptophyta_X,Cryptophyceae,Cryptomonadales,Cryptomonadales_X,Cryptomonas,NA
ASV_2580,Eukaryota,Obazoa,Opisthokonta,Choanoflagellata,Choanoflagellatea,Craspedida,Monosigidae_Group_O,Monosigidae_Group_O_X,Monosigidae_Group_O_X_sp.
ASV_2581,Eukaryota,Cryptista,Cryptophyta,Cryptophyta_X,Cryptophyceae,Cryptomonadales,Cryptomonadales_X,Cryptomonas,Cryptomonas_pyrenoidifera
ASV_2582,Eukaryota,TSAR,Rhizaria,Cercozoa,Novel-clade-10-12,Tremulida,Tremulidae,Tremula,Tremula_longifila
ASV_2583,Eukaryota,TSAR,Stramenopiles,Gyrista,Peronosporomycetes,Peronosporomycetes_X,Peronosporomycetes_XX,Chlamydomyzium,Chlamydomyzium_sp.
ASV_2584,Eukaryota,Cryptista,Cryptophyta,Cryptophyta_X,Cryptophyceae,Cryptomonadales,Cryptomonadales_X,Cryptomonas,Cryptomonas_uralensis
ASV_2585,Eukaryota,TSAR,Rhizaria,Cercozoa,Filosa-Granofilosea,Cryptofilida,Mesofilidae,Mesofila,Mesofila_limnetica
ASV_2586,Eukaryota,Obazoa,Opisthokonta,Metazoa,Arthropoda,Crustacea,Maxillopoda,Occidodiaptomus,NA
ASV_2587,Eukaryota,TSAR,Rhizaria,Cercozoa,Filosa-Imbricatea,NA,NA,NA,NA
ASV_2588,Eukaryota,TSAR,Stramenopiles,Bigyra,Sagenista,NA,NA,NA,NA
ASV_2589,Eukaryota,TSAR,Stramenopiles,Gyrista,Peronosporomycetes,Peronosporomycetes_X,NA,NA,NA
ASV_2590,Eukaryota,Obazoa,Opisthokonta,Fungi,Chytridiomycota,NA,NA,NA,NA
ASV_2591,Eukaryota,TSAR,Stramenopiles,Gyrista,Chrysophyceae,Synurales,Synuraceae,Mallomonas,Mallomonas_caudata
ASV_2592,Eukaryota,TSAR,Stramenopiles,Gyrista,NA,NA,NA,NA,NA
ASV_2593,Eukaryota,Archaeplastida,Chlorophyta,Chlorophyta_X,Ulvophyceae,Ulotrichales,Ulotrichales_X,Trichosarcina,Trichosarcina_polymorpha
ASV_2594,Eukaryota,Obazoa,Opisthokonta,Metazoa,Arthropoda,Crustacea,Ostracoda,Cypridopsis,Cypridopsis_adusta
ASV_2595,Eukaryota,TSAR,Rhizaria,Cercozoa,Endomyxa,Vampyrellida,sm27-lineage,sm27-lineage_X,sm27-lineage_X_sp.
ASV_2596,Eukaryota,Obazoa,Opisthokonta,NA,NA,NA,NA,NA,NA
ASV_2597,Eukaryota,Archaeplastida,Streptophyta,Streptophyta_X,Zygnemophyceae,Zygnemophyceae_X,Zygnemophyceae_XX,Staurastrum,NA
ASV_2598,Eukaryota,Obazoa,Opisthokonta,Fungi,Chytridiomycota,Chytridiales,NA,NA,NA
ASV_2599,Eukaryota,TSAR,Stramenopiles,Bigyra,Opalozoa,Opalozoa_X,MAST-12,MAST-12_X,MAST-12_X_sp.
ASV_2600,Eukaryota,TSAR,Stramenopiles,Gyrista,Peronosporomycetes,Peronosporomycetes_X,NA,NA,NA
ASV_2601,Eukaryota,Obazoa,Opisthokonta,Metazoa,Arthropoda,Crustacea,Ostracoda,Cypridopsis,NA
ASV_2602,Eukaryota,Cryptista,Kathablepharidacea,Kathablepharida,Kathablepharidea,Kathablepharidida,Kathablepharidida_X,Kathablepharidida_XX,Kathablepharidida_XX_sp.
ASV_2603,Eukaryota,Obazoa,Opisthokonta,Metazoa,Arthropoda,Crustacea,Branchiopoda,NA,NA
ASV_2604,Eukaryota,TSAR,Alveolata,Chrompodellids,Colpodellidea,Colpodellida,Colpodellida_CHR1,Colpodellida_CHR1_X,Colpodellida_CHR1_X_sp.
ASV_2605,Eukaryota,Cryptista,Cryptophyta,Cryptophyta_X,Cryptophyceae,Cryptomonadales,Cryptomonadales_X,Cryptomonas,Cryptomonas_uralensis
ASV_2606,Eukaryota,TSAR,Stramenopiles,Gyrista,Bacillariophyceae,Bacillariales,Bacillariaceae,Nitzschia,Nitzschia_inconspicua
ASV_2607,Eukaryota,Archaeplastida,Chlorophyta,Chlorophyta_X,NA,NA,NA,NA,NA
ASV_2608,Eukaryota,Obazoa,Opisthokonta,Fungi,Ascomycota,Pezizomycotina,Sordariomycetes,Verticillium,Verticillium_albo-atrum
ASV_2609,Eukaryota,TSAR,Rhizaria,Cercozoa,Filosa-Thecofilosea,Cryomonadida,Rhogostoma-lineage,Rhogostoma,Rhogostoma_kyoshii
ASV_2610,Eukaryota,TSAR,Rhizaria,Cercozoa,Novel-clade-10-12,Tremulida,Tremulidae,Tremula,NA
ASV_2611,Eukaryota,Obazoa,Opisthokonta,Metazoa,Arthropoda,Crustacea,Ostracoda,Darwinula,Darwinula_stevensoni
ASV_2612,Eukaryota,TSAR,Rhizaria,Cercozoa,Filosa-Sarcomonadea,Glissomonadida,Glissomonadida_Clade-Y,Glissomonadida_Clade-Y_X,Glissomonadida_Clade-Y_X_sp.
ASV_2613,Eukaryota,TSAR,Rhizaria,Cercozoa,Filosa-Granofilosea,Limnofilida,Limnofilidae,NA,NA
ASV_2614,Eukaryota,TSAR,Rhizaria,Cercozoa,Filosa-Sarcomonadea,Glissomonadida,Allapsidae,NA,NA
ASV_2615,Eukaryota,TSAR,Stramenopiles,Gyrista,Mediophyceae,Thalassiosirales,Stephanodiscaceae,Stephanodiscus,Stephanodiscus_hantzschii
ASV_2616,Eukaryota,TSAR,Rhizaria,Cercozoa,NA,NA,NA,NA,NA
ASV_2617,Eukaryota,NA,NA,NA,NA,NA,NA,NA,NA
ASV_2618,Eukaryota,TSAR,Stramenopiles,Gyrista,Chrysophyceae,Chromulinales,Chrysamoebaceae,Chrysamoeba,Chrysamoeba_tenera
ASV_2619,Eukaryota,Obazoa,Opisthokonta,Metazoa,NA,NA,NA,NA,NA
ASV_2620,Eukaryota,TSAR,Alveolata,Dinoflagellata,Dinophyceae,Peridiniales,NA,NA,NA
ASV_2621,Eukaryota,Obazoa,Opisthokonta,Metazoa,Platyhelminthes,Monogenea,Monopisthocotylea,NA,NA
ASV_2622,Eukaryota,Obazoa,Opisthokonta,Choanoflagellata,Choanoflagellatea,Craspedida,Monosigidae_Group_O,Monosigidae_Group_O_X,Monosigidae_Group_O_X_sp.
ASV_2623,Eukaryota,Obazoa,Opisthokonta,Fungi,NA,NA,NA,NA,NA
ASV_2624,Eukaryota,Obazoa,Opisthokonta,Fungi,Chytridiomycota,Rhizophydiales,Rhizophydiales_X,Rhizophydiales_XX,Rhizophydiales_XX_sp.
ASV_2625,Eukaryota,Obazoa,Opisthokonta,Metazoa,Arthropoda,Crustacea,Branchiopoda,Daphnia,NA
ASV_2626,Eukaryota,Obazoa,Opisthokonta,Fungi,Chytridiomycota,Rhizophydiales,Rhizophydiaceae,Rhizophydium,NA
ASV_2627,Eukaryota,Archaeplastida,Chlorophyta,Chlorophyta_X,Chlorophyceae,Chlamydomonadales,Chlamydomonadales_X,Carteria,Carteria_lunzensis
ASV_2628,Eukaryota,TSAR,Stramenopiles,NA,NA,NA,NA,NA,NA
ASV_2629,Eukaryota,Haptista,Haptophyta,Haptophyta_X,Prymnesiophyceae,Prymnesiales,Chrysochromulinaceae,Chrysochromulina,Chrysochromulina_tobin
ASV_2630,Eukaryota,TSAR,Rhizaria,Cercozoa,Filosa-Sarcomonadea,Cercomonadida,Cercomonadidae,Cercomonas,NA
ASV_2631,Eukaryota,Obazoa,Opisthokonta,Choanoflagellata,Choanoflagellatea,Craspedida,Salpingoecidae_Group_C1,Salpingoecidae_Group_C1_X,Salpingoecidae_Group_C1_X_sp.
ASV_2632,Eukaryota,TSAR,NA,NA,NA,NA,NA,NA,NA
ASV_2633,Eukaryota,TSAR,Stramenopiles,Bigyra,Opalozoa,Opalozoa_X,MAST-12,MAST-12C,MAST-12C_sp.
ASV_2634,Eukaryota,Obazoa,Opisthokonta,Fungi,NA,NA,NA,NA,NA
ASV_2635,Eukaryota,TSAR,Stramenopiles,Gyrista,Chrysophyceae,NA,NA,NA,NA
ASV_2636,Eukaryota,Obazoa,Opisthokonta,Metazoa,Arthropoda,Chelicerata,Arachnida,NA,NA
ASV_2637,Eukaryota,Cryptista,Kathablepharidacea,Kathablepharida,Kathablepharidea,Kathablepharidida,Kathablepharidida_X,Kathablepharidida_XX,Kathablepharidida_XX_sp.
ASV_2638,Eukaryota,Obazoa,Opisthokonta,Metazoa,Arthropoda,Crustacea,Maxillopoda,NA,NA
ASV_2639,Eukaryota,TSAR,Stramenopiles,Gyrista,Peronosporomycetes,Peronosporomycetes_X,NA,NA,NA
ASV_2640,Eukaryota,TSAR,Stramenopiles,Bigyra,Opalozoa,Opalozoa_X,MAST-12,MAST-12_X,MAST-12_X_sp.
ASV_2641,Eukaryota,Obazoa,Opisthokonta,Fungi,Chytridiomycota,NA,NA,NA,NA
ASV_2642,Eukaryota,Haptista,Haptophyta,Haptophyta_X,Prymnesiophyceae,Prymnesiales,Chrysochromulinaceae,Chrysochromulina,Chrysochromulina_tobin
ASV_2643,Eukaryota,Obazoa,Opisthokonta,Fungi,Ascomycota,Pezizomycotina,Dothideomycetes,Scolecobasidium,Scolecobasidium_sp.
ASV_2644,Eukaryota,Obazoa,Opisthokonta,Fungi,Basidiomycota,Agaricomycotina,Agaricomycetes,NA,NA
ASV_2645,Eukaryota,NA,NA,NA,NA,NA,NA,NA,NA
ASV_2646,Eukaryota,NA,NA,NA,NA,NA,NA,NA,NA
ASV_2647,Eukaryota,Archaeplastida,Chlorophyta,Chlorophyta_X,Chlorophyceae,Sphaeropleales,Sphaeropleales_X,Desmodesmus,Desmodesmus_pannonicus
ASV_2648,Eukaryota,TSAR,Alveolata,Ciliophora,Oligohymenophorea,Scuticociliatia_2,Scuticociliatia_2_X,Scuticociliatia_2_XX,Tardigrada_environmental
ASV_2649,Eukaryota,NA,NA,NA,NA,NA,NA,NA,NA
ASV_2650,Eukaryota,TSAR,Stramenopiles,Gyrista,Peronosporomycetes,Peronosporomycetes_X,Peronosporales,Halophytophthora,NA
ASV_2651,Eukaryota,Obazoa,Opisthokonta,Fungi,Basidiomycota,Agaricomycotina,Agaricomycetes,NA,NA
ASV_2652,Eukaryota,Obazoa,Opisthokonta,Metazoa,Arthropoda,Hexapoda,Insecta,NA,NA
ASV_2653,Eukaryota,TSAR,Stramenopiles,Gyrista,Chrysophyceae,Ochromonadales,Ochromonadaceae,Acrispumella,Acrispumella_sp.
ASV_2654,Eukaryota,Obazoa,Opisthokonta,Fungi,Basidiomycota,Agaricomycotina,Tremellomycetes,NA,NA
ASV_2655,Eukaryota,TSAR,Alveolata,Dinoflagellata,Dinophyceae,NA,NA,NA,NA
ASV_2656,Eukaryota,Obazoa,Opisthokonta,Metazoa,Arthropoda,Crustacea,Maxillopoda,Eucyclops,Eucyclops_serrulatus
ASV_2657,Eukaryota,Obazoa,Opisthokonta,Metazoa,Gastrotricha,Gastrotricha_X,Gastrotricha_XX,Chaetonotus,NA
ASV_2658,Eukaryota,Obazoa,Opisthokonta,Metazoa,Arthropoda,Crustacea,Branchiopoda,Chydorus,Chydorus_sphaericus
ASV_2659,Eukaryota,TSAR,Alveolata,Chrompodellids,Colpodellidea,Colpodellida,Alphamonaceae,Alphamonadea_ALPH2,Alphamonadea_ALPH2_sp.
ASV_2660,Eukaryota,Archaeplastida,Streptophyta,Streptophyta_X,Zygnemophyceae,Zygnemophyceae_X,Zygnemophyceae_XX,NA,NA
ASV_2661,Eukaryota,TSAR,Rhizaria,Cercozoa,Filosa-Sarcomonadea,Glissomonadida,Allapsidae,NA,NA
ASV_2662,Eukaryota,TSAR,Rhizaria,Cercozoa,Filosa-Granofilosea,Cryptofilida,Mesofilidae,Mesofila,Mesofila_limnetica
ASV_2663,Eukaryota,Obazoa,Opisthokonta,Fungi,Basidiomycota,Agaricomycotina,NA,NA,NA
ASV_2664,Eukaryota,Archaeplastida,Streptophyta,Streptophyta_X,Zygnemophyceae,Zygnemophyceae_X,Zygnemophyceae_XX,Closterium,Closterium_sp.
ASV_2665,Eukaryota,NA,NA,NA,NA,NA,NA,NA,NA
ASV_2666,Eukaryota,TSAR,Alveolata,Ciliophora,Spirotrichea,Oligotrichida,Pelagostrombidiidae,Pelagostrombidiidae_X,Pelagostrombidiidae_X_sp.
ASV_2667,Eukaryota,TSAR,Rhizaria,Cercozoa,NA,NA,NA,NA,NA
ASV_2668,Eukaryota,Archaeplastida,Chlorophyta,Chlorophyta_X,Chlorophyceae,Sphaeropleales,Sphaeropleales_X,Atractomorpha,Atractomorpha_echinata
ASV_2669,Eukaryota,NA,NA,NA,NA,NA,NA,NA,NA
ASV_2670,Eukaryota,Obazoa,Opisthokonta,NA,NA,NA,NA,NA,NA
ASV_2671,Eukaryota,Obazoa,Opisthokonta,Metazoa,Arthropoda,Crustacea,Maxillopoda,Occidodiaptomus,NA
ASV_2672,Eukaryota,TSAR,Stramenopiles,Bigyra,Bicoecea,Pseudodendromonadales,Pseudodendromonadales_X,Pseudodendromonadales_XX,Pseudodendromonadales_XX_sp.
ASV_2673,Eukaryota,Obazoa,Opisthokonta,Fungi,NA,NA,NA,NA,NA
ASV_2674,Eukaryota,Obazoa,Opisthokonta,Metazoa,Arthropoda,Crustacea,Branchiopoda,NA,NA
ASV_2675,Eukaryota,Archaeplastida,Streptophyta,Streptophyta_X,Embryophyceae,Embryophyceae_X,Embryophyceae_XX,Brachythecium,Brachythecium_rutabulum
ASV_2676,Eukaryota,Amoebozoa,Evosea,Evosea_X,Variosea,Variosea_X,Filamoebidae,Filamoeba,Filamoeba_sp.
ASV_2677,Eukaryota,Obazoa,Opisthokonta,Fungi,Ascomycota,Pezizomycotina,Dothideomycetes,NA,NA
ASV_2678,Eukaryota,Obazoa,Opisthokonta,Fungi,Chytridiomycota,Spizellomycetales,Spizellomycetaceae,Triparticalcar,NA
ASV_2679,Eukaryota,TSAR,Alveolata,Dinoflagellata,Dinophyceae,Gonyaulacales,Ceratiaceae,Ceratium,Ceratium_hirundinella
ASV_2680,Eukaryota,TSAR,Rhizaria,Cercozoa,Filosa-Sarcomonadea,Glissomonadida,Allapsidae,NA,NA
ASV_2681,Eukaryota,Obazoa,Opisthokonta,Metazoa,Arthropoda,Crustacea,Ostracoda,Cypridopsis,Cypridopsis_adusta
ASV_2682,Eukaryota,TSAR,Stramenopiles,Gyrista,Peronosporomycetes,Peronosporomycetes_X,NA,NA,NA
ASV_2683,Eukaryota,TSAR,NA,NA,NA,NA,NA,NA,NA
ASV_2684,Eukaryota,TSAR,Alveolata,Chrompodellids,Colpodellidea,Colpodellida,Alphamonaceae,Alphamonadea_ALPH2,Alphamonadea_ALPH2_sp.
ASV_2685,Eukaryota,Obazoa,Opisthokonta,Metazoa,Arthropoda,Crustacea,Branchiopoda,NA,NA
ASV_2686,Eukaryota,Obazoa,Opisthokonta,Metazoa,Arthropoda,Crustacea,Branchiopoda,Daphnia,Daphnia_magna
ASV_2687,Eukaryota,Obazoa,Opisthokonta,Fungi,NA,NA,NA,NA,NA
ASV_2688,Eukaryota,Obazoa,Opisthokonta,Fungi,Chytridiomycota,Chytridiales,Chytridiaceae,Allochytridium,Allochytridium_luteum
ASV_2689,Eukaryota,TSAR,Rhizaria,Cercozoa,Filosa-Sarcomonadea,Glissomonadida,Bodomorphidae,Bodomorpha,Bodomorpha_sp.
ASV_2690,Eukaryota,TSAR,Stramenopiles,Bigyra,Opalozoa,Opalozoa_X,MAST-12,MAST-12C,MAST-12C_sp.
ASV_2691,Eukaryota,Obazoa,Opisthokonta,Fungi,Ascomycota,Pezizomycotina,Sordariomycetes,NA,NA
ASV_2692,Eukaryota,Cryptista,Cryptophyta,Cryptophyta_X,Cryptophyceae,Cryptomonadales,Cryptomonadales_X,Cryptomonas,NA
ASV_2693,Eukaryota,Obazoa,Opisthokonta,Metazoa,Arthropoda,Crustacea,Ostracoda,Cypridopsis,Cypridopsis_adusta
ASV_2694,Eukaryota,Obazoa,Opisthokonta,Metazoa,Arthropoda,Crustacea,Maxillopoda,Occidodiaptomus,NA
ASV_2695,Eukaryota,Obazoa,Opisthokonta,NA,NA,NA,NA,NA,NA
ASV_2696,Eukaryota,TSAR,Stramenopiles,Bigyra,Opalozoa,Opalozoa_X,MAST-12,MAST-12_X,MAST-12_X_sp.
ASV_2697,Eukaryota,Obazoa,Opisthokonta,Fungi,NA,NA,NA,NA,NA
ASV_2698,Eukaryota,Obazoa,Opisthokonta,Metazoa,Gastrotricha,Gastrotricha_X,Gastrotricha_XX,Chaetonotus,Chaetonotus_sp.
ASV_2699,Eukaryota,Obazoa,Opisthokonta,Metazoa,Arthropoda,Crustacea,Maxillopoda,NA,NA
ASV_2700,Eukaryota,Obazoa,Opisthokonta,Metazoa,Arthropoda,Crustacea,Maxillopoda,NA,NA
ASV_2701,Eukaryota,Obazoa,Opisthokonta,Fungi,NA,NA,NA,NA,NA
ASV_2702,Eukaryota,Cryptista,Cryptophyta,Cryptophyta_X,Cryptophyceae,Goniomonadales,Goniomonadales_X,Goniomonas,Goniomonas_truncata
ASV_2703,Eukaryota,Obazoa,Opisthokonta,Choanoflagellata,Choanoflagellatea,Choanoflagellatea_X,Choanoflagellatea_XX,Salpingoeca,Salpingoeca_macrocollata
ASV_2704,Eukaryota,Obazoa,Opisthokonta,Fungi,Ascomycota,Pezizomycotina,Eurotiomycetes,Rhinocladiella,Rhinocladiella_sp.
ASV_2705,Eukaryota,Obazoa,Opisthokonta,Fungi,NA,NA,NA,NA,NA
ASV_2706,Eukaryota,Obazoa,Opisthokonta,Metazoa,Arthropoda,Crustacea,Branchiopoda,Ceriodaphnia,Ceriodaphnia_dubia
ASV_2707,Eukaryota,TSAR,Stramenopiles,Gyrista,Chrysophyceae,Chromulinales,Chrysamoebaceae,Chrysamoeba,Chrysamoeba_tenera
ASV_2708,Eukaryota,Obazoa,Opisthokonta,Fungi,Chytridiomycota,Rhizophydiales,NA,NA,NA
ASV_2709,Eukaryota,Obazoa,Opisthokonta,Ichthyosporea,Ichthyophonida,Ichthyophonidae,Amoebidianae,NA,NA
ASV_2710,Eukaryota,Archaeplastida,Chlorophyta,Chlorophyta_X,Chlorophyceae,Chlamydomonadales,Chlamydomonadales_X,Chlamydomonas,NA
ASV_2711,Eukaryota,TSAR,Rhizaria,Cercozoa,Filosa-Sarcomonadea,NA,NA,NA,NA
ASV_2712,Eukaryota,TSAR,Stramenopiles,Gyrista,Gyrista_X,Gyrista_XX,MAST-2,MAST-2A,MAST-2A_sp.
ASV_2713,Eukaryota,Archaeplastida,Chlorophyta,Chlorophyta_X,Chlorophyceae,Chlamydomonadales,Chlamydomonadales_X,NA,NA
ASV_2714,Eukaryota,TSAR,Stramenopiles,Gyrista,Pirsoniales,Pirsoniales_X,Pirsoniales_XX,Pirsonia,NA
ASV_2715,Eukaryota,TSAR,Alveolata,Dinoflagellata,Dinophyceae,Suessiales,Suessiaceae,Asulcocephalium,Asulcocephalium_miricentonis
ASV_2716,Eukaryota,Cryptista,Cryptophyta,Cryptophyta_X,Cryptophyceae,Cryptomonadales,Cryptomonadales_X,Cryptomonas,Cryptomonas_ovata
ASV_2717,Eukaryota,TSAR,Rhizaria,Cercozoa,Filosa-Imbricatea,Spongomonadida,Spongomonadidae,Spongomonas,Spongomonas_minima
ASV_2718,Eukaryota,Obazoa,Opisthokonta,Metazoa,Arthropoda,Crustacea,Branchiopoda,NA,NA
ASV_2719,Eukaryota,TSAR,Stramenopiles,Gyrista,Chrysophyceae,NA,NA,NA,NA
ASV_2720,Eukaryota,NA,NA,NA,NA,NA,NA,NA,NA
ASV_2721,Eukaryota,Obazoa,Opisthokonta,Choanoflagellata,Choanoflagellatea,Choanoflagellatea_X,Choanoflagellatea_XX,Salpingoeca,Salpingoeca_macrocollata
ASV_2722,Eukaryota,Obazoa,Opisthokonta,NA,NA,NA,NA,NA,NA
ASV_2723,Eukaryota,TSAR,Rhizaria,Cercozoa,Filosa-Sarcomonadea,Cercomonadida,Cercomonadidae,Cercomonas,NA
ASV_2724,Eukaryota,TSAR,Stramenopiles,Gyrista,Peronosporomycetes,Peronosporomycetes_X,Peronosporales,NA,NA
ASV_2725,Eukaryota,Obazoa,Opisthokonta,Metazoa,Arthropoda,NA,NA,NA,NA
ASV_2726,Eukaryota,Archaeplastida,Streptophyta,Streptophyta_X,Zygnemophyceae,Zygnemophyceae_X,Zygnemophyceae_XX,Closterium,Closterium_sp.
ASV_2727,Eukaryota,Obazoa,Opisthokonta,Fungi,Chytridiomycota,NA,NA,NA,NA
ASV_2728,Eukaryota,Obazoa,Opisthokonta,Metazoa,Gastrotricha,Gastrotricha_X,Gastrotricha_XX,Chaetonotus,NA
ASV_2729,Eukaryota,Obazoa,Opisthokonta,Fungi,Chytridiomycota,NA,NA,NA,NA
ASV_2730,Eukaryota,Obazoa,Opisthokonta,Fungi,Chytridiomycota,Spizellomycetales,NA,NA,NA
ASV_2731,Eukaryota,TSAR,Rhizaria,Cercozoa,Filosa-Sarcomonadea,Glissomonadida,Allapsidae,NA,NA
ASV_2732,Eukaryota,Cryptista,Kathablepharidacea,Kathablepharida,Kathablepharidea,Kathablepharidida,Kathablepharidida_X,Kathablepharidida_XX,Kathablepharidida_XX_sp.
ASV_2733,Eukaryota,Obazoa,Opisthokonta,Fungi,NA,NA,NA,NA,NA
ASV_2734,Eukaryota,TSAR,Stramenopiles,Gyrista,Dictyochophyceae,Dictyochophyceae_X,Pedinellales,Pseudopedinella,NA
ASV_2735,Eukaryota,TSAR,Stramenopiles,Gyrista,Raphidophyceae,Raphidophyceae_X,Raphidophyceae_XX,NA,NA
ASV_2736,Eukaryota,TSAR,Stramenopiles,Bigyra,Opalozoa,Opalozoa_X,MAST-12,MAST-12C,MAST-12C_sp.
ASV_2737,Eukaryota,Obazoa,Opisthokonta,Metazoa,NA,NA,NA,NA,NA
ASV_2738,Eukaryota,TSAR,Stramenopiles,Bigyra,Sagenista,Labyrinthulomycetes,Amphitraemidae,Amphitrema,Amphitrema_wrightianum
ASV_2739,Eukaryota,Obazoa,Opisthokonta,Fungi,Opisthosporidia,Microsporida,Microsporida_X,Paramicrosporidium,Paramicrosporidium_saccamoebae
ASV_2740,Eukaryota,TSAR,Rhizaria,Cercozoa,Endomyxa,Vampyrellida,Leptophryidae,Vernalophrys,Vernalophrys_algivore
ASV_2741,Eukaryota,TSAR,Rhizaria,Cercozoa,Filosa-Imbricatea,Euglyphida,Euglyphidae,Tracheleuglypha,Tracheleuglypha_dentata
ASV_2742,Eukaryota,TSAR,Stramenopiles,Bigyra,Opalozoa,Opalozoa_X,MAST-12,MAST-12_X,MAST-12_X_sp.
ASV_2743,Eukaryota,TSAR,Stramenopiles,Gyrista,Mediophyceae,Thalassiosirales,Stephanodiscaceae,Stephanodiscus,Stephanodiscus_hantzschii
ASV_2744,Eukaryota,Obazoa,Opisthokonta,Fungi,NA,NA,NA,NA,NA
ASV_2745,Eukaryota,TSAR,Stramenopiles,Bigyra,Opalozoa,Opalozoa_X,MAST-12,MAST-12C,MAST-12C_sp.
ASV_2746,Eukaryota,Archaeplastida,Chlorophyta,Chlorophyta_X,Chlorophyceae,Chlamydomonadales,Chlamydomonadales_X,Carteria,Carteria_lunzensis
ASV_2747,Eukaryota,Archaeplastida,Rhodophyta,Rhodophyta_X,Bangiophyceae,Cyanidiales,Cyanidiales_X,Cyanidiales_XX,Cyanidiales_XX_sp.
ASV_2748,Eukaryota,NA,NA,NA,NA,NA,NA,NA,NA
ASV_2749,Eukaryota,TSAR,Rhizaria,Cercozoa,Filosa-Imbricatea,Filosa-Imbricatea_X,Filosa-Imbricatea_XX,Quadricilia,Quadricilia_rotundata
ASV_2750,Eukaryota,Obazoa,Opisthokonta,Fungi,Chytridiomycota,Rhizophydiales,Rhizophydiaceae,Rhizophydium,NA
ASV_2751,Eukaryota,TSAR,Stramenopiles,Gyrista,Chrysophyceae,NA,NA,NA,NA
ASV_2752,Eukaryota,TSAR,Stramenopiles,NA,NA,NA,NA,NA,NA
ASV_2753,Eukaryota,Obazoa,Opisthokonta,NA,NA,NA,NA,NA,NA
ASV_2754,Eukaryota,Obazoa,Opisthokonta,Metazoa,Arthropoda,Crustacea,Maxillopoda,NA,NA
ASV_2755,Eukaryota,TSAR,Rhizaria,Cercozoa,Filosa-Sarcomonadea,Glissomonadida,NA,NA,NA
ASV_2756,Eukaryota,Obazoa,Opisthokonta,NA,NA,NA,NA,NA,NA
ASV_2757,Eukaryota,TSAR,Alveolata,Ciliophora,Oligohymenophorea,OLIGO4,OLIGO4_X,OLIGO4_XX,OLIGO4_XX_sp.
ASV_2758,Eukaryota,Obazoa,Opisthokonta,Fungi,Blastocladiomycota,Blastocladiomycotina,Blastocladiomycetes,Catenaria,Catenaria_sp.
ASV_2759,Eukaryota,Obazoa,Opisthokonta,Fungi,Chytridiomycota,Chytridiales,Chytridiaceae,Chytriomyces,NA
ASV_2760,Eukaryota,Obazoa,Opisthokonta,Metazoa,Gastrotricha,Gastrotricha_X,Gastrotricha_XX,Chaetonotus,NA
ASV_2761,Eukaryota,TSAR,Stramenopiles,Bigyra,Bicoecea,Pseudodendromonadales,Pseudodendromonadales_X,NA,NA
ASV_2762,Eukaryota,Obazoa,Opisthokonta,Metazoa,Gastrotricha,Gastrotricha_X,Gastrotricha_XX,NA,NA
ASV_2763,Eukaryota,Obazoa,Opisthokonta,Metazoa,Platyhelminthes,Turbellaria,Rhabdocoela,NA,NA
ASV_2764,Eukaryota,Archaeplastida,Chlorophyta,Chlorophyta_X,Chlorophyceae,Sphaeropleales,Sphaeropleales_X,NA,NA
ASV_2765,Eukaryota,Obazoa,Opisthokonta,Fungi,Chytridiomycota,Rhizophydiales,Rhizophydiaceae,Rhizophydium,Rhizophydium_chlorogonii
ASV_2766,Eukaryota,Cryptista,Cryptophyta,Cryptophyta_X,Cryptophyceae,Cryptomonadales,Cryptomonadales_X,Cryptomonas,Cryptomonas_pyrenoidifera
ASV_2767,Eukaryota,TSAR,Alveolata,Dinoflagellata,Dinophyceae,Gonyaulacales,Ceratiaceae,Ceratium,Ceratium_hirundinella
ASV_2768,Eukaryota,TSAR,Alveolata,Dinoflagellata,Dinophyceae,Gonyaulacales,Ceratiaceae,Ceratium,Ceratium_hirundinella
ASV_2769,Eukaryota,Obazoa,Opisthokonta,Fungi,NA,NA,NA,NA,NA
ASV_2770,Eukaryota,Cryptista,Cryptophyta,Cryptophyta_X,Cryptophyceae,Cryptomonadales,Cryptomonadales_X,Cryptomonas,Cryptomonas_uralensis
ASV_2771,Eukaryota,Obazoa,Opisthokonta,Choanoflagellata,Choanoflagellatea,Craspedida,Salpingoecidae_Group_C1,Salpingoecidae_Group_C1_X,Salpingoecidae_Group_C1_X_sp.
ASV_2772,Eukaryota,TSAR,Rhizaria,Cercozoa,Novel-clade-10-12,Novel-clade-10,Novel-clade-10_X,Novel-clade-10_XX,Novel-clade-10_XX_sp.
ASV_2773,Eukaryota,Archaeplastida,Chlorophyta,Chlorophyta_X,Trebouxiophyceae,Trebouxiophyceae_X,Trebouxiophyceae_XX,Botryococcus,Botryococcus_terribilis
ASV_2774,Eukaryota,TSAR,Rhizaria,Cercozoa,Novel-clade-10-12,Tremulida,Tremulidae,Tremula,Tremula_longifila
ASV_2775,Eukaryota,Obazoa,Opisthokonta,Metazoa,Arthropoda,Crustacea,Maxillopoda,Occidodiaptomus,NA
ASV_2776,Eukaryota,Excavata,Discoba,Discoba_X,Discoba_XX,Jakobida,Jakobida_X,Ophirina,Ophirina_amphinema
ASV_2777,Eukaryota,TSAR,Stramenopiles,Gyrista,Peronosporomycetes,Peronosporomycetes_X,Saprolegniales,Saprolegniales_X,Saprolegniales_X_sp.
ASV_2778,Eukaryota,TSAR,Alveolata,Dinoflagellata,Dinophyceae,Gonyaulacales,Ceratiaceae,Ceratium,Ceratium_hirundinella
ASV_2779,Eukaryota,TSAR,Rhizaria,Cercozoa,Filosa-Thecofilosea,Cryomonadida,Cryomonadida_X,Cryomonadida_XX,Cryomonadida_XX_sp.
ASV_2780,Eukaryota,Obazoa,Opisthokonta,Choanoflagellata,Choanoflagellatea,Craspedida,Monosigidae_Group_A,Codosiga,Codosiga_botrytis
ASV_2781,Eukaryota,TSAR,Rhizaria,Cercozoa,Filosa-Sarcomonadea,Cercomonadida,Paracercomonadidae,Paracercomonas,Paracercomonas_crassicauda
ASV_2782,Eukaryota,TSAR,Stramenopiles,Bigyra,Opalozoa,Opalozoa_X,MAST-12,MAST-12_X,MAST-12_X_sp.
ASV_2783,Eukaryota,TSAR,NA,NA,NA,NA,NA,NA,NA
ASV_2784,Eukaryota,TSAR,Rhizaria,Cercozoa,Novel-clade-10-12,Novel-clade-10,Novel-clade-10_X,Novel-clade-10_XX,Novel-clade-10_XX_sp.
ASV_2785,Eukaryota,TSAR,Stramenopiles,Gyrista,Peronosporomycetes,Peronosporomycetes_X,NA,NA,NA
ASV_2786,Eukaryota,Obazoa,Opisthokonta,Fungi,NA,NA,NA,NA,NA
ASV_2787,Eukaryota,Obazoa,Opisthokonta,Fungi,Zoopagomycota,Entomophthoromycotina,Entomophthorales,Entomophthora,Entomophthora_planchoniana
ASV_2788,Eukaryota,Obazoa,Opisthokonta,Metazoa,Arthropoda,Crustacea,Branchiopoda,NA,NA
ASV_2789,Eukaryota,Obazoa,Opisthokonta,Fungi,Chytridiomycota,Spizellomycetales,Spizellomycetaceae,Triparticalcar,NA
ASV_2790,Eukaryota,Obazoa,Opisthokonta,Fungi,NA,NA,NA,NA,NA
ASV_2791,Eukaryota,TSAR,Stramenopiles,Gyrista,Peronosporomycetes,Peronosporomycetes_X,Peronosporales,Peronosporales_X,Peronosporales_X_sp.
ASV_2792,Eukaryota,Archaeplastida,Chlorophyta,Chlorophyta_X,Chlorophyceae,Sphaeropleales,Sphaeropleales_X,Coelastrum,NA
ASV_2793,Eukaryota,TSAR,Rhizaria,NA,NA,NA,NA,NA,NA
ASV_2794,Eukaryota,Obazoa,Opisthokonta,Choanoflagellata,Choanoflagellatea,Choanoflagellatea_X,Choanoflagellatea_XX_Group_P,Choanoflagellatea_XXX_Group_P_X,Choanoflagellatea_XXX_Group_P_X_sp.
ASV_2795,Eukaryota,TSAR,Stramenopiles,Gyrista,Peronosporomycetes,Peronosporomycetes_X,NA,NA,NA
ASV_2796,Eukaryota,Archaeplastida,Streptophyta,Streptophyta_X,Zygnemophyceae,Zygnemophyceae_X,Zygnemophyceae_XX,Closterium,Closterium_sp.
ASV_2797,Eukaryota,TSAR,Rhizaria,Cercozoa,Filosa-Imbricatea,Filosa-Imbricatea_X,Filosa-Imbricatea_XX,Filosa-Imbricatea_XXX,Filosa-Imbricatea_XXX_sp.
ASV_2798,Eukaryota,Obazoa,Opisthokonta,Choanoflagellata,Choanoflagellatea,Craspedida,Monosigidae_Group_A,Codosiga,Codosiga_botrytis
ASV_2799,Eukaryota,Obazoa,Opisthokonta,Metazoa,Arthropoda,Crustacea,Ostracoda,Cypridopsis,Cypridopsis_adusta
ASV_2800,Eukaryota,TSAR,Rhizaria,Cercozoa,Endomyxa,Vampyrellida,Leptophryidae,Leptophryidae_X,Leptophryidae_X_sp.
ASV_2801,Eukaryota,TSAR,Stramenopiles,Bigyra,Bicoecea,Bicoecales,Bicoecaceae,Bicosoeca,Bicosoeca_petiolata
ASV_2802,Eukaryota,Obazoa,Opisthokonta,Metazoa,Platyhelminthes,Turbellaria,Catenulida,Stenostomum,Stenostomum_leucops_aquariorum
ASV_2803,Eukaryota,Obazoa,Opisthokonta,Metazoa,Gastrotricha,Gastrotricha_X,Gastrotricha_XX,Chaetonotus,Chaetonotus_hystrix
ASV_2804,Eukaryota,Obazoa,Opisthokonta,Metazoa,Arthropoda,Crustacea,Maxillopoda,Occidodiaptomus,NA
ASV_2805,Eukaryota,Obazoa,Opisthokonta,NA,NA,NA,NA,NA,NA
ASV_2806,Eukaryota,TSAR,Rhizaria,Rhizaria_X,Rhizaria_XX,Aquavolonida,Aquavolonida_X,Aquavolon,Aquavolon_hoantrani
ASV_2807,Eukaryota,Obazoa,Opisthokonta,Metazoa,Bryozoa,Bryozoa_X,Bryozoa_XX,NA,NA
ASV_2808,Eukaryota,Obazoa,Opisthokonta,NA,NA,NA,NA,NA,NA
ASV_2809,Eukaryota,Obazoa,Opisthokonta,Metazoa,Arthropoda,Crustacea,Maxillopoda,Occidodiaptomus,NA
ASV_2810,Eukaryota,TSAR,Stramenopiles,Bigyra,Opalozoa,Opalozoa_X,MAST-12,NA,NA
ASV_2811,Eukaryota,TSAR,Rhizaria,Cercozoa,Novel-clade-10-12,Tremulida,Tremulidae,Tremula,Tremula_longifila
ASV_2812,Eukaryota,Archaeplastida,Streptophyta,Streptophyta_X,Zygnemophyceae,Zygnemophyceae_X,Zygnemophyceae_XX,Closterium,NA
ASV_2813,Eukaryota,TSAR,Rhizaria,Cercozoa,Endomyxa,Vampyrellida,Leptophryidae,NA,NA
ASV_2814,Eukaryota,Obazoa,Opisthokonta,Metazoa,Arthropoda,Crustacea,Maxillopoda,Acanthocyclops,Acanthocyclops_viridis
ASV_2815,Eukaryota,NA,NA,NA,NA,NA,NA,NA,NA
ASV_2816,Eukaryota,TSAR,Stramenopiles,Bigyra,Bicoecea,Pseudodendromonadales,Pseudodendromonadales_X,NA,NA
ASV_2817,Eukaryota,Archaeplastida,Chlorophyta,Chlorophyta_X,Trebouxiophyceae,Trebouxiophyceae_X,Trebouxiophyceae_XX,Botryococcus,Botryococcus_terribilis
ASV_2818,Eukaryota,Archaeplastida,Chlorophyta,Chlorophyta_X,Chlorophyceae,Chlorophyceae_X,Chlorophyceae_XX,Cylindrocapsa,Cylindrocapsa_geminella
ASV_2819,Eukaryota,Cryptista,Cryptophyta,Cryptophyta_X,Cryptophyceae,Cryptomonadales,Cryptomonadales_X,Cryptomonas,NA
ASV_2820,Eukaryota,TSAR,Stramenopiles,Gyrista,Chrysophyceae,Paraphysomonadales,Paraphysomonadaceae,Paraphysomonas,NA
ASV_2821,Eukaryota,Obazoa,Opisthokonta,Metazoa,Arthropoda,Crustacea,Branchiopoda,NA,NA
ASV_2822,Eukaryota,Obazoa,Opisthokonta,Fungi,Ascomycota,Pezizomycotina,NA,NA,NA
ASV_2823,Eukaryota,Obazoa,Opisthokonta,Fungi,Zoopagomycota,Entomophthoromycotina,Entomophthorales,Entomophthora,Entomophthora_culicis
ASV_2824,Eukaryota,NA,NA,NA,NA,NA,NA,NA,NA
ASV_2825,Eukaryota,Obazoa,Opisthokonta,Metazoa,Arthropoda,Crustacea,Maxillopoda,NA,NA
ASV_2826,Eukaryota,TSAR,Stramenopiles,Gyrista,NA,NA,NA,NA,NA
ASV_2827,Eukaryota,NA,NA,NA,NA,NA,NA,NA,NA
ASV_2828,Eukaryota,TSAR,Stramenopiles,Gyrista,Peronosporomycetes,Peronosporomycetes_X,Haptoglossales,Haptoglossa,Haptoglossa_sp.
ASV_2829,Eukaryota,Obazoa,Opisthokonta,Fungi,Ascomycota,Pezizomycotina,Sordariomycetes,NA,NA
ASV_2830,Eukaryota,TSAR,Stramenopiles,Gyrista,Chrysophyceae,Synurales,Synuraceae,Mallomonas,Mallomonas_acaroides
ASV_2831,Eukaryota,TSAR,Rhizaria,Cercozoa,Endomyxa,Vampyrellida,Leptophryidae,Arachnomyxa,Arachnomyxa_cryptophaga
ASV_2832,Eukaryota,Amoebozoa,Tubulinea,Tubulinea_X,Elardia,Euamoebida,Hartmannellidae,Copromyxa,Copromyxa_laresi
ASV_2833,Eukaryota,Archaeplastida,Chlorophyta,Chlorophyta_X,Chlorophyceae,Oedogoniales,Oedogoniales_X,Oedogonium,Oedogonium_brevicingulatum
ASV_2834,Eukaryota,Amoebozoa,Discosea,Discosea_X,Flabellinia,Dactylopodida,Vexilliferidae,Vexillifera,Vexillifera_fluvialis
ASV_2835,Eukaryota,Obazoa,Opisthokonta,Metazoa,Gastrotricha,Gastrotricha_X,Gastrotricha_XX,Chaetonotus,NA
ASV_2836,Eukaryota,TSAR,Stramenopiles,Bigyra,Bicoecea,Pseudodendromonadales,Pseudodendromonadales_X,NA,NA
ASV_2837,Eukaryota,Obazoa,Opisthokonta,Fungi,Chytridiomycota,Rhizophydiales,Rhizophydiales_X,Rhizophydiales_XX,Rhizophydiales_XX_sp.
ASV_2838,Eukaryota,TSAR,Stramenopiles,Bigyra,Opalozoa,Opalozoa_X,MAST-12,MAST-12C,MAST-12C_sp.
ASV_2839,Eukaryota,Archaeplastida,NA,NA,NA,NA,NA,NA,NA
ASV_2840,Eukaryota,TSAR,Rhizaria,Cercozoa,Cercozoa_X,Cercozoa_XX,Cercozoa_XXX,Kraken,Kraken_carinae
ASV_2841,Eukaryota,Obazoa,Opisthokonta,Fungi,Monoblepharomycota,Sanchytriales,Sanchytriaceae,Sanchytrium,Sanchytrium_tribonematis
ASV_2842,Eukaryota,TSAR,Rhizaria,Cercozoa,Filosa-Sarcomonadea,Pansomonadida,Pansomonadida_X,Pansomonadida_XX,Pansomonadida_XX_sp.
ASV_2843,Eukaryota,TSAR,Stramenopiles,Gyrista,Peronosporomycetes,Peronosporomycetes_X,Peronosporales,NA,NA
ASV_2844,Eukaryota,TSAR,Stramenopiles,Gyrista,Chrysophyceae,NA,NA,NA,NA
ASV_2845,Eukaryota,TSAR,Rhizaria,Cercozoa,Endomyxa,Vampyrellida,Vampyrellidae,Vampyrella,Vampyrella_pendula
ASV_2846,Eukaryota,Obazoa,Opisthokonta,Choanoflagellata,Choanoflagellatea,Choanoflagellatea_X,Choanoflagellatea_XX,Salpingoeca,Salpingoeca_punica
ASV_2847,Eukaryota,Obazoa,Opisthokonta,NA,NA,NA,NA,NA,NA
ASV_2848,Eukaryota,Archaeplastida,Chlorophyta,Chlorophyta_X,Chlorophyceae,Chlamydomonadales,Chlamydomonadales_X,Carteria,Carteria_lunzensis
ASV_2849,Eukaryota,CRuMs,Rigifilida,Rigifilida_X,Rigifilida_XX,Rigifilida_XXX,Rigifilida_XXXX,Micronuclearia,Micronuclearia_podoventralis
ASV_2850,Eukaryota,Obazoa,Opisthokonta,Fungi,Chytridiomycota,NA,NA,NA,NA
ASV_2851,Eukaryota,TSAR,Rhizaria,Cercozoa,NA,NA,NA,NA,NA
ASV_2852,Eukaryota,TSAR,Stramenopiles,Bigyra,Bicoecea,Bicoecales,Bicoecaceae,Bicosoeca,Bicosoeca_petiolata
ASV_2853,Eukaryota,Cryptista,Cryptophyta,Cryptophyta_X,Cryptophyceae,Cryptomonadales,Cryptomonadales_X,Cryptomonas,NA
ASV_2854,Eukaryota,TSAR,Alveolata,Dinoflagellata,Dinophyceae,Peridiniales,NA,NA,NA
ASV_2855,Eukaryota,Obazoa,Opisthokonta,Metazoa,Arthropoda,Crustacea,Maxillopoda,Eucyclops,NA
ASV_2856,Eukaryota,Obazoa,Opisthokonta,Fungi,Basidiomycota,Agaricomycotina,Agaricomycetes,Sclerotium,Sclerotium_sp.
ASV_2857,Eukaryota,TSAR,Stramenopiles,Gyrista,Peronosporomycetes,Peronosporomycetes_X,Saprolegniales,Aphanomyces,Aphanomyces_laevis
ASV_2858,Eukaryota,Cryptista,Kathablepharidacea,Kathablepharida,Kathablepharidea,Kathablepharidida,Kathablepharidida_X,NA,NA
ASV_2859,Eukaryota,TSAR,Stramenopiles,Gyrista,Chrysophyceae,Paraphysomonadales,Paraphysomonadaceae,Paraphysomonas,Paraphysomonas_vulgaris
ASV_2860,Eukaryota,Cryptista,Cryptophyta,Cryptophyta_X,Cryptophyceae,Cryptomonadales,Cryptomonadales_X,Cryptomonas,NA
ASV_2861,Eukaryota,NA,NA,NA,NA,NA,NA,NA,NA
ASV_2862,Eukaryota,Amoebozoa,Tubulinea,Tubulinea_X,Elardia,Euamoebida,NA,NA,NA
ASV_2863,Eukaryota,Obazoa,Opisthokonta,Fungi,Chytridiomycota,Spizellomycetales,Spizellomycetaceae,NA,NA
ASV_2864,Eukaryota,Obazoa,Opisthokonta,Metazoa,Arthropoda,Hexapoda,Insecta,Aaroniella,Aaroniella_sp.
ASV_2865,Eukaryota,TSAR,Rhizaria,Cercozoa,Endomyxa,Vampyrellida,Leptophryidae,Vernalophrys,Vernalophrys_algivore
ASV_2866,Eukaryota,TSAR,Stramenopiles,Bigyra,Opalozoa,Opalozoa_X,MAST-12,MAST-12C,MAST-12C_sp.
ASV_2867,Eukaryota,TSAR,Stramenopiles,Gyrista,Chrysophyceae,NA,NA,NA,NA
ASV_2868,Eukaryota,TSAR,Alveolata,Ciliophora,Oligohymenophorea,OLIGO4,OLIGO4_X,OLIGO4_XX,OLIGO4_XX_sp.
ASV_2869,Eukaryota,Obazoa,Opisthokonta,Fungi,Chytridiomycota,Monoblepharidales,Gonapodyaceae,Gonapodya,Gonapodya_polymorpha
ASV_2870,Eukaryota,Archaeplastida,Chlorophyta,Chlorophyta_X,Chlorophyceae,Chlamydomonadales,Chlamydomonadales_X,NA,NA
ASV_2871,Eukaryota,TSAR,Stramenopiles,Bigyra,Opalozoa,Opalozoa_X,MAST-12,MAST-12C,MAST-12C_sp.
ASV_2872,Eukaryota,Obazoa,Opisthokonta,Choanoflagellata,Choanoflagellatea,NA,NA,NA,NA
ASV_2873,Eukaryota,Obazoa,Opisthokonta,NA,NA,NA,NA,NA,NA
ASV_2874,Eukaryota,TSAR,Stramenopiles,Bigyra,Opalozoa,Opalinata,Blastocystis-Group,Blastocystis,NA
ASV_2875,Eukaryota,TSAR,Rhizaria,Cercozoa,Novel-clade-10-12,Novel-clade-10,Novel-clade-10_X,Novel-clade-10_XX,Novel-clade-10_XX_sp.
ASV_2876,Eukaryota,Obazoa,Opisthokonta,Metazoa,Arthropoda,Crustacea,Maxillopoda,NA,NA
ASV_2877,Eukaryota,Obazoa,Opisthokonta,Choanoflagellata,Choanoflagellatea,Craspedida,Monosigidae_Group_A,Codosiga,Codosiga_botrytis
ASV_2878,Eukaryota,TSAR,Alveolata,Chrompodellids,Colpodellidea,Colpodellida,Colpodellida_CHR1,Colpodellida_CHR1_X,Colpodellida_CHR1_X_sp.
ASV_2879,Eukaryota,Obazoa,Opisthokonta,Metazoa,Arthropoda,Crustacea,Ostracoda,Cypridopsis,Cypridopsis_japonica
ASV_2880,Eukaryota,TSAR,Rhizaria,Cercozoa,Filosa-Sarcomonadea,Pansomonadida,Agitatidae,Agitatidae_X,Agitatidae_X_sp.
ASV_2881,Eukaryota,Obazoa,Opisthokonta,Metazoa,Arthropoda,Crustacea,Maxillopoda,Occidodiaptomus,NA
ASV_2882,Eukaryota,TSAR,Stramenopiles,Gyrista,Chrysophyceae,Chrysophyceae_Cluster-I,Chrysophyceae_Cluster-I_X,Chrysophyceae_Cluster-I_XX,Chrysophyceae_Cluster-I_XX_sp.
ASV_2883,Eukaryota,Obazoa,Opisthokonta,Fungi,NA,NA,NA,NA,NA
ASV_2884,Eukaryota,Obazoa,Opisthokonta,Choanoflagellata,Choanoflagellatea,NA,NA,NA,NA
ASV_2885,Eukaryota,TSAR,Stramenopiles,Gyrista,Chrysophyceae,Chrysophyceae_env_clade-I,Chrysophyceae_env_clade-I_X,Chrysophyceae_env_clade-I_XX,Chrysophyceae_env_clade-I_XX_sp.
ASV_2886,Eukaryota,TSAR,Rhizaria,Cercozoa,Endomyxa,Vampyrellida,sm27-lineage,sm27-lineage_X,sm27-lineage_X_sp.
ASV_2887,Eukaryota,TSAR,Rhizaria,Cercozoa,NA,NA,NA,NA,NA
ASV_2888,Eukaryota,Obazoa,Opisthokonta,Fungi,NA,NA,NA,NA,NA
ASV_2889,Eukaryota,TSAR,Alveolata,Dinoflagellata,Dinophyceae,Suessiales,Suessiaceae,Asulcocephalium,Asulcocephalium_miricentonis
ASV_2890,Eukaryota,Obazoa,Opisthokonta,Fungi,NA,NA,NA,NA,NA
ASV_2891,Eukaryota,Obazoa,Opisthokonta,Fungi,Opisthosporidia,Microsporida,Microsporida_X,Paramicrosporidium,Paramicrosporidium_saccamoebae
ASV_2892,Eukaryota,TSAR,Rhizaria,Cercozoa,Filosa-Sarcomonadea,Cercomonadida,Paracercomonadidae,Paracercomonas,NA
ASV_2893,Eukaryota,Obazoa,Opisthokonta,NA,NA,NA,NA,NA,NA
ASV_2894,Eukaryota,TSAR,Rhizaria,Cercozoa,Filosa-Thecofilosea,Cryomonadida,Protaspa-lineage,NA,NA
ASV_2895,Eukaryota,TSAR,NA,NA,NA,NA,NA,NA,NA
ASV_2896,Eukaryota,TSAR,Alveolata,Dinoflagellata,Dinophyceae,Gonyaulacales,Ceratiaceae,Ceratium,Ceratium_hirundinella
ASV_2897,Eukaryota,Obazoa,Opisthokonta,Fungi,Basidiomycota,Agaricomycotina,Agaricomycetes,Hexagonia,Hexagonia_hirta
ASV_2898,Eukaryota,Obazoa,Opisthokonta,Metazoa,Arthropoda,Crustacea,Ostracoda,Cypridopsis,NA
ASV_2899,Eukaryota,TSAR,Stramenopiles,Gyrista,Bacillariophyceae,Naviculales,Pinnulariaceae,Pinnularia,Pinnularia_kuetzingii
ASV_2900,Eukaryota,Obazoa,Opisthokonta,Metazoa,Arthropoda,Crustacea,Ostracoda,Cypridopsis,Cypridopsis_japonica
ASV_2901,Eukaryota,Obazoa,Opisthokonta,Fungi,Ascomycota,Saccharomycotina,Saccharomycetales,Issatchenkia,Issatchenkia_sp.
ASV_2902,Eukaryota,Archaeplastida,Chlorophyta,Chlorophyta_X,Trebouxiophyceae,Trebouxiophyceae_X,Trebouxiophyceae_XX,Botryococcus,Botryococcus_terribilis
ASV_2903,Eukaryota,Obazoa,Opisthokonta,Metazoa,Arthropoda,Crustacea,Maxillopoda,Occidodiaptomus,NA
ASV_2904,Eukaryota,Obazoa,Opisthokonta,Metazoa,Arthropoda,Crustacea,Maxillopoda,NA,NA
ASV_2905,Eukaryota,TSAR,Stramenopiles,Bigyra,Bicoecea,Pseudodendromonadales,Pseudodendromonadales_X,Adriamonas,Adriamonas_peritocrescens
ASV_2906,Eukaryota,Obazoa,Opisthokonta,Metazoa,Arthropoda,Crustacea,Maxillopoda,Eucyclops,Eucyclops_serrulatus
ASV_2907,Eukaryota,Obazoa,Opisthokonta,Metazoa,Arthropoda,Crustacea,Branchiopoda,NA,NA
ASV_2908,Eukaryota,Obazoa,Opisthokonta,Fungi,Rozellomycota,Rozellomycota_X,Rozellomycota_XX,Rozella,Rozella_allomycis
ASV_2909,Eukaryota,Obazoa,Opisthokonta,Metazoa,Arthropoda,Crustacea,Branchiopoda,Bosmina,Bosmina_longirostris
ASV_2910,Eukaryota,Obazoa,Opisthokonta,Fungi,Chytridiomycota,Zygophlyctidales,Zygophlyctidaceae,Zygophlyctis,Zygophlyctis_melosirae
ASV_2911,Eukaryota,Obazoa,Opisthokonta,Fungi,Basidiomycota,Agaricomycotina,NA,NA,NA
ASV_2912,Eukaryota,Obazoa,Opisthokonta,Fungi,NA,NA,NA,NA,NA
ASV_2913,Eukaryota,Obazoa,Opisthokonta,Fungi,Ascomycota,Pezizomycotina,Dothideomycetes,Cladosporium,NA
ASV_2914,Eukaryota,Obazoa,Opisthokonta,Metazoa,Arthropoda,Crustacea,Ostracoda,Cypridopsis,NA
ASV_2915,Eukaryota,Obazoa,Opisthokonta,Metazoa,Arthropoda,Hexapoda,Insecta,Chironomus,Chironomus_tentans
ASV_2916,Eukaryota,Obazoa,Opisthokonta,NA,NA,NA,NA,NA,NA
ASV_2917,Eukaryota,Cryptista,Cryptophyta,Cryptophyta_X,Cryptophyceae,Cryptophyceae_X,Basal_Cryptophyceae-1,Basal_Cryptophyceae-1_X,Basal_Cryptophyceae-1_X_sp.
ASV_2918,Eukaryota,Archaeplastida,Chlorophyta,Chlorophyta_X,Chlorophyceae,Chlamydomonadales,Chlamydomonadales_X,Chlamydopodium,Chlamydopodium_sp.
ASV_2919,Eukaryota,Archaeplastida,Chlorophyta,Chlorophyta_X,Chlorophyceae,Sphaeropleales,Sphaeropleales_X,NA,NA
ASV_2920,Eukaryota,Archaeplastida,Chlorophyta,Chlorophyta_X,Trebouxiophyceae,Chlorellales,Chlorellales_X,Ooplanctella,Ooplanctella_planoconvexa
ASV_2921,Eukaryota,TSAR,Stramenopiles,Gyrista,Chrysophyceae,Chrysosaccales,Chrysosaccaceae,Chrysosphaera,Chrysosphaera_parvula
ASV_2922,Eukaryota,TSAR,Stramenopiles,Gyrista,Peronosporomycetes,Peronosporomycetes_X,Peronosporales,NA,NA
ASV_2923,Eukaryota,TSAR,Stramenopiles,Gyrista,Peronosporomycetes,Peronosporomycetes_X,NA,NA,NA
ASV_2924,Eukaryota,TSAR,Stramenopiles,Gyrista,Chrysophyceae,Synurales,Synuraceae,Mallomonas,NA
ASV_2925,Eukaryota,Archaeplastida,Chlorophyta,Chlorophyta_X,Chlorophyceae,Chlamydomonadales,Chlamydomonadales_X,NA,NA
ASV_2926,Eukaryota,Archaeplastida,Streptophyta,Streptophyta_X,Zygnemophyceae,Zygnemophyceae_X,Zygnemophyceae_XX,Closterium,NA
ASV_2927,Eukaryota,Archaeplastida,Chlorophyta,Chlorophyta_X,Chlorophyceae,Chlamydomonadales,Chlamydomonadales_X,Chlorochytrium,Chlorochytrium_sp.
ASV_2928,Eukaryota,TSAR,Stramenopiles,Bigyra,Bicoecea,Pseudodendromonadales,Pseudodendromonadales_X,NA,NA
ASV_2929,Eukaryota,Obazoa,Opisthokonta,Fungi,Chytridiomycota,Rhizophydiales,Rhizophydiales_X,Collimyces,Collimyces_mutans
ASV_2930,Eukaryota,Obazoa,Opisthokonta,NA,NA,NA,NA,NA,NA
ASV_2931,Eukaryota,TSAR,Stramenopiles,Gyrista,Eustigmatophyceae,Eustigmatophyceae_X,Eustigmatophyceae_XX,Characiopsis,NA
ASV_2932,Eukaryota,Obazoa,Opisthokonta,Ichthyosporea,Ichthyophonida,Ichthyophonidae,Amoebidianae,NA,NA
ASV_2933,Eukaryota,Obazoa,Opisthokonta,NA,NA,NA,NA,NA,NA
ASV_2934,Eukaryota,TSAR,Rhizaria,Cercozoa,NA,NA,NA,NA,NA
ASV_2935,Eukaryota,TSAR,Alveolata,Dinoflagellata,Dinophyceae,Gonyaulacales,Ceratiaceae,Ceratium,Ceratium_hirundinella
ASV_2936,Eukaryota,Obazoa,Opisthokonta,Metazoa,Arthropoda,Crustacea,Branchiopoda,Ceriodaphnia,Ceriodaphnia_dubia
ASV_2937,Eukaryota,Obazoa,Opisthokonta,Metazoa,Arthropoda,Crustacea,Branchiopoda,NA,NA
ASV_2938,Eukaryota,TSAR,Rhizaria,Cercozoa,Filosa-Sarcomonadea,Glissomonadida,Sandonidae,Sandona,NA
ASV_2939,Eukaryota,TSAR,Rhizaria,Cercozoa,Novel-clade-10-12,Novel-clade-10,Novel-clade-10_X,Novel-clade-10_XX,Novel-clade-10_XX_sp.
ASV_2940,Eukaryota,TSAR,Stramenopiles,Gyrista,Peronosporomycetes,Peronosporomycetes_X,Peronosporales,NA,NA
ASV_2941,Eukaryota,TSAR,Rhizaria,Cercozoa,Filosa-Sarcomonadea,NA,NA,NA,NA
ASV_2942,Eukaryota,Obazoa,Opisthokonta,NA,NA,NA,NA,NA,NA
ASV_2943,Eukaryota,Obazoa,Opisthokonta,Fungi,Basidiomycota,NA,NA,NA,NA
ASV_2944,Eukaryota,Archaeplastida,Streptophyta,Streptophyta_X,Zygnemophyceae,Zygnemophyceae_X,Zygnemophyceae_XX,Closterium,NA
ASV_2945,Eukaryota,Archaeplastida,Chlorophyta,Chlorophyta_X,Chlorophyceae,Chlamydomonadales,Chlamydomonadales_X,NA,NA
ASV_2946,Eukaryota,Obazoa,Opisthokonta,Fungi,NA,NA,NA,NA,NA
ASV_2947,Eukaryota,TSAR,Rhizaria,Cercozoa,Endomyxa,Vampyrellida,Vampyrellidae,Vampyrella,Vampyrella_pendula
ASV_2948,Eukaryota,Archaeplastida,Chlorophyta,Chlorophyta_X,Chlorophyceae,Chlamydomonadales,Chlamydomonadales_X,Gonium,Gonium_pectorale
ASV_2949,Eukaryota,Obazoa,Opisthokonta,Fungi,Ascomycota,Pezizomycotina,Sordariomycetes,Myrothecium,Myrothecium_cinctum
ASV_2950,Eukaryota,TSAR,Rhizaria,Cercozoa,Filosa-Granofilosea,Cryptofilida,Mesofilidae,Mesofila,Mesofila_limnetica
ASV_2951,Eukaryota,TSAR,Stramenopiles,Gyrista,Bacillariophyceae,Bacillariales,Bacillariaceae,Nitzschia,Nitzschia_inconspicua
ASV_2952,Eukaryota,TSAR,Stramenopiles,Gyrista,Chrysophyceae,Paraphysomonadales,Paraphysomonadaceae,Paraphysomonas,Paraphysomonas_uniformis
ASV_2953,Eukaryota,Haptista,Centroplasthelida,Centroplasthelida_X,Pterocystida,Pterista,Pterocystidae,Pterocystis,Pterocystis_sp.
ASV_2954,Eukaryota,Obazoa,Opisthokonta,Fungi,Monoblepharomycota,Sanchytriales,Sanchytriaceae,Sanchytrium,Sanchytrium_tribonematis
ASV_2955,Eukaryota,Archaeplastida,Streptophyta,Streptophyta_X,NA,NA,NA,NA,NA
ASV_2956,Eukaryota,TSAR,Stramenopiles,Gyrista,Mediophyceae,Thalassiosirales,Stephanodiscaceae,NA,NA
ASV_2957,Eukaryota,Obazoa,Opisthokonta,Metazoa,Nematoda,Chromadorea,Chromadorea_X,Eumonhystera,Eumonhystera_sp.
ASV_2958,Eukaryota,Archaeplastida,Chlorophyta,Chlorophyta_X,Chlorophyceae,NA,NA,NA,NA
ASV_2959,Eukaryota,NA,NA,NA,NA,NA,NA,NA,NA
ASV_2960,Eukaryota,TSAR,Stramenopiles,Bigyra,Bicoecea,Pseudodendromonadales,Pseudodendromonadales_X,Adriamonas,Adriamonas_peritocrescens
ASV_2961,Eukaryota,TSAR,Stramenopiles,Gyrista,Bacillariophyceae,NA,NA,NA,NA
ASV_2962,Eukaryota,TSAR,Stramenopiles,Gyrista,Chrysophyceae,NA,NA,NA,NA
ASV_2963,Eukaryota,TSAR,Stramenopiles,Gyrista,Peronosporomycetes,Peronosporomycetes_X,Peronosporomycetes_XX,Chlamydomyzium,Chlamydomyzium_sp.
ASV_2964,Eukaryota,Archaeplastida,NA,NA,NA,NA,NA,NA,NA
ASV_2965,Eukaryota,Obazoa,Opisthokonta,Fungi,Chytridiomycota,NA,NA,NA,NA
ASV_2966,Eukaryota,TSAR,Stramenopiles,Gyrista,Chrysophyceae,Synurales,Synuraceae,Mallomonas,NA
ASV_2967,Eukaryota,Obazoa,Opisthokonta,Metazoa,Arthropoda,Crustacea,Branchiopoda,Ceriodaphnia,Ceriodaphnia_dubia
ASV_2968,Eukaryota,Cryptista,Cryptophyta,Cryptophyta_X,Cryptophyceae,Cryptomonadales,Cryptomonadales_X,NA,NA
ASV_2969,Eukaryota,Obazoa,Opisthokonta,Fungi,Ascomycota,Saccharomycotina,Saccharomycetales,Candida,Candida_intermedia
ASV_2970,Eukaryota,Obazoa,Opisthokonta,Choanoflagellata,Choanoflagellatea,NA,NA,NA,NA
ASV_2971,Eukaryota,Archaeplastida,Chlorophyta,Chlorophyta_X,NA,NA,NA,NA,NA
ASV_2972,Eukaryota,Obazoa,Opisthokonta,NA,NA,NA,NA,NA,NA
ASV_2973,Eukaryota,TSAR,Stramenopiles,Gyrista,Bacillariophyceae,Naviculales,Naviculaceae,Navicula,NA
ASV_2974,Eukaryota,TSAR,Stramenopiles,Gyrista,NA,NA,NA,NA,NA
ASV_2975,Eukaryota,TSAR,Stramenopiles,Bigyra,Bicoecea,Pseudodendromonadales,Pseudodendromonadales_X,NA,NA
ASV_2976,Eukaryota,Obazoa,Opisthokonta,Fungi,NA,NA,NA,NA,NA
ASV_2977,Eukaryota,TSAR,Stramenopiles,Gyrista,NA,NA,NA,NA,NA
ASV_2978,Eukaryota,Obazoa,Opisthokonta,Fungi,Monoblepharomycota,Sanchytriales,Sanchytriaceae,Sanchytrium,Sanchytrium_tribonematis
ASV_2979,Eukaryota,Archaeplastida,Chlorophyta,Chlorophyta_X,Chlorophyceae,Oedogoniales,Oedogoniales_X,Oedogonium,NA
ASV_2980,Eukaryota,TSAR,Stramenopiles,Bigyra,Bicoecea,Bicoecales,Bicoecaceae,Bicoecaceae_X,Bicoecaceae_X_sp.
ASV_2981,Eukaryota,TSAR,Stramenopiles,Gyrista,Chrysophyceae,Ochromonadales,Ochromonadaceae,Poteriospumella,Poteriospumella_sp.
ASV_2982,Eukaryota,Cryptista,Cryptophyta,Cryptophyta_X,Cryptophyceae,Goniomonadales,Goniomonadales_X,Goniomonas,Goniomonas_truncata
ASV_2983,Eukaryota,Archaeplastida,Streptophyta,Streptophyta_X,Embryophyceae,Embryophyceae_X,Embryophyceae_XX,Pinus,NA
ASV_2984,Eukaryota,Amoebozoa,Evosea,Evosea_X,Variosea,Variosea_X,Filamoebidae,Filamoeba,Filamoeba_nolandi
ASV_2985,Eukaryota,TSAR,Stramenopiles,Bigyra,Opalozoa,Opalozoa_X,MAST-12,MAST-12C,MAST-12C_sp.
ASV_2986,Eukaryota,NA,NA,NA,NA,NA,NA,NA,NA
ASV_2987,Eukaryota,Obazoa,Opisthokonta,Fungi,Chytridiomycota,Zygophlyctidales,Zygophlyctidaceae,Zygophlyctis,NA
ASV_2988,Eukaryota,TSAR,Stramenopiles,NA,NA,NA,NA,NA,NA
ASV_2989,Eukaryota,Obazoa,Opisthokonta,Choanoflagellata,Choanoflagellatea,NA,NA,NA,NA
ASV_2990,Eukaryota,Archaeplastida,Chlorophyta,Chlorophyta_X,Chlorophyceae,Sphaeropleales,Sphaeropleales_X,Desmodesmus,Desmodesmus_pannonicus
ASV_2991,Eukaryota,TSAR,Rhizaria,Cercozoa,Filosa-Granofilosea,Limnofilida,Limnofilidae,Limnofila,Limnofila_borokensis
ASV_2992,Eukaryota,Archaeplastida,Chlorophyta,Chlorophyta_X,Chlorophyceae,Chlamydomonadales,Chlamydomonadales_X,Chlamydomonas,NA
ASV_2993,Eukaryota,Obazoa,Opisthokonta,Fungi,NA,NA,NA,NA,NA
ASV_2994,Eukaryota,Obazoa,Opisthokonta,Fungi,Chytridiomycota,NA,NA,NA,NA
ASV_2995,Eukaryota,TSAR,Stramenopiles,Gyrista,Peronosporomycetes,Peronosporomycetes_X,Peronosporales,NA,NA
ASV_2996,Eukaryota,TSAR,Rhizaria,Cercozoa,NA,NA,NA,NA,NA
ASV_2997,Eukaryota,Obazoa,Opisthokonta,Choanoflagellata,Choanoflagellatea,Choanoflagellatea_X,Choanoflagellata_XX_Clade-2,Sphaeroeca,Sphaeroeca_volvox
ASV_2998,Eukaryota,TSAR,Stramenopiles,Gyrista,Chrysophyceae,Chromulinales,Chrysosphaerellaceae,Chrysosphaerella,Chrysosphaerella_brevispina
ASV_2999,Eukaryota,Archaeplastida,Chlorophyta,Chlorophyta_X,Chlorophyceae,Chlamydomonadales,Chlamydomonadales_X,NA,NA
ASV_3000,Eukaryota,Archaeplastida,Chlorophyta,Chlorophyta_X,Chlorophyceae,Chlamydomonadales,Chlamydomonadales_X,Chlamydomonas,NA
ASV_3001,Eukaryota,Archaeplastida,Chlorophyta,Chlorophyta_X,Chlorophyceae,Sphaeropleales,Sphaeropleales_X,Schizochlamys,Schizochlamys_gelatinosa
ASV_3002,Eukaryota,Obazoa,Opisthokonta,Fungi,Opisthosporidia,Microsporida,Microsporida_X,Paramicrosporidium,Paramicrosporidium_saccamoebae
ASV_3003,Eukaryota,Archaeplastida,Streptophyta,Streptophyta_X,Zygnemophyceae,Zygnemophyceae_X,Zygnemophyceae_XX,NA,NA
ASV_3004,Eukaryota,Cryptista,Cryptophyta,Cryptophyta_X,Cryptophyceae,NA,NA,NA,NA
ASV_3005,Eukaryota,TSAR,Stramenopiles,Gyrista,Chrysophyceae,NA,NA,NA,NA
ASV_3006,Eukaryota,Obazoa,Opisthokonta,Choanoflagellata,Choanoflagellatea,Choanoflagellatea_X,Choanoflagellata_XX_Clade-2,Sphaeroeca,Sphaeroeca_volvox
ASV_3007,Eukaryota,Cryptista,Kathablepharidacea,Kathablepharida,Kathablepharidea,Kathablepharidida,Kathablepharidida_X,NA,NA
ASV_3008,Eukaryota,TSAR,Rhizaria,Cercozoa,Filosa-Sarcomonadea,Glissomonadida,Allapsidae,Allapsa,Allapsa_sp.
ASV_3009,Eukaryota,TSAR,Stramenopiles,Gyrista,Chrysophyceae,Synurales,Synuraceae,Mallomonas,NA
ASV_3010,Eukaryota,Obazoa,Opisthokonta,Fungi,NA,NA,NA,NA,NA
ASV_3011,Eukaryota,TSAR,Stramenopiles,Bigyra,Sagenista,Labyrinthulomycetes,Amphitraemidae,Amphitrema,Amphitrema_wrightianum
ASV_3012,Eukaryota,TSAR,Alveolata,Ciliophora,Oligohymenophorea,Scuticociliatia_2,Scuticociliatia_2_X,Scuticociliatia_2_XX,Tardigrada_environmental
ASV_3013,Eukaryota,Obazoa,Opisthokonta,Ichthyosporea,Ichthyophonida,Ichthyophonidae,Amoebidianae,Ichthyophonidae_Amoebidianae_X,Ichthyophonidae_Amoebidianae_X_sp.
ASV_3014,Eukaryota,Archaeplastida,Chlorophyta,Chlorophyta_X,Chlorophyceae,Chlamydomonadales,Chlamydomonadales_X,NA,NA
ASV_3015,Eukaryota,Obazoa,Opisthokonta,Fungi,Ascomycota,Pezizomycotina,Sordariomycetes,Colletotrichum,Colletotrichum_fioriniae
ASV_3016,Eukaryota,Obazoa,Opisthokonta,Fungi,Basidiomycota,Ustilaginomycotina,Ustilaginomycetes,Pseudozyma,Pseudozyma_aphidis
ASV_3017,Eukaryota,NA,NA,NA,NA,NA,NA,NA,NA
ASV_3018,Eukaryota,TSAR,Stramenopiles,Gyrista,Peronosporomycetes,Peronosporomycetes_X,Peronosporales,NA,NA
ASV_3019,Eukaryota,TSAR,Alveolata,Dinoflagellata,Dinophyceae,NA,NA,NA,NA
ASV_3020,Eukaryota,TSAR,Stramenopiles,Gyrista,Dictyochophyceae,Dictyochophyceae_X,Pedinellales,Pseudopedinella,NA
ASV_3021,Eukaryota,Obazoa,Opisthokonta,Fungi,Basidiomycota,Agaricomycotina,Agaricomycetes,Tulasnella,Tulasnella_violea
ASV_3022,Eukaryota,Archaeplastida,Chlorophyta,Chlorophyta_X,Chlorophyceae,Sphaeropleales,Sphaeropleales_X,NA,NA
ASV_3023,Eukaryota,Archaeplastida,Chlorophyta,Chlorophyta_X,Trebouxiophyceae,Chlorellales,Chlorellales_X,NA,NA
ASV_3024,Eukaryota,TSAR,Alveolata,Chrompodellids,Colpodellidea,Colpodellida,Colpodellida_CHR1,Colpodellida_CHR1_X,Colpodellida_CHR1_X_sp.
ASV_3025,Eukaryota,Obazoa,Opisthokonta,Metazoa,Arthropoda,Crustacea,Maxillopoda,Occidodiaptomus,NA
ASV_3026,Eukaryota,TSAR,Stramenopiles,Gyrista,Eustigmatophyceae,Eustigmatophyceae_X,Eustigmatophyceae_XX,NA,NA
ASV_3027,Eukaryota,Obazoa,Opisthokonta,Fungi,Chytridiomycota,Rhizophydiales,NA,NA,NA
ASV_3028,Eukaryota,TSAR,Rhizaria,Cercozoa,NA,NA,NA,NA,NA
ASV_3029,Eukaryota,Cryptista,Cryptophyta,Cryptophyta_X,Cryptophyceae,Cryptomonadales,Cryptomonadales_X,Cryptomonas,NA
ASV_3030,Eukaryota,Obazoa,Opisthokonta,Metazoa,Arthropoda,Crustacea,Maxillopoda,NA,NA
ASV_3031,Eukaryota,TSAR,Stramenopiles,Bigyra,NA,NA,NA,NA,NA
ASV_3032,Eukaryota,Obazoa,Opisthokonta,Choanoflagellata,Choanoflagellatea,Craspedida,Monosigidae_Group_O,Monosigidae_Group_O_X,Monosigidae_Group_O_X_sp.
ASV_3033,Eukaryota,TSAR,Stramenopiles,Bigyra,Sagenista,Labyrinthulomycetes,Amphitraemidae,Amphitrema,Amphitrema_sp.
ASV_3034,Eukaryota,Archaeplastida,Chlorophyta,Chlorophyta_X,Chlorophyceae,Sphaeropleales,NA,NA,NA
ASV_3035,Eukaryota,Archaeplastida,Chlorophyta,Chlorophyta_X,Chlorophyceae,Chlamydomonadales,Chlamydomonadales_X,NA,NA
ASV_3036,Eukaryota,Obazoa,Opisthokonta,Metazoa,NA,NA,NA,NA,NA
ASV_3037,Eukaryota,TSAR,Rhizaria,Cercozoa,Filosa-Sarcomonadea,Pansomonadida,Pansomonadida_X,Pansomonadida_XX,Pansomonadida_XX_sp.
ASV_3038,Eukaryota,Obazoa,Opisthokonta,Fungi,Chytridiomycota,NA,NA,NA,NA
ASV_3039,Eukaryota,TSAR,Stramenopiles,Bigyra,Bicoecea,Bicoecales,Bicoecaceae,Bicoecaceae_X,Bicoecaceae_X_sp.
ASV_3040,Eukaryota,Obazoa,Opisthokonta,Metazoa,Arthropoda,Crustacea,Maxillopoda,NA,NA
ASV_3041,Eukaryota,TSAR,Rhizaria,Cercozoa,Novel-clade-10-12,Tremulida,Tremulidae,Tremula,Tremula_longifila
ASV_3042,Eukaryota,Cryptista,Cryptophyta,Cryptophyta_X,Cryptophyceae,Cryptophyceae_X,Basal_Cryptophyceae-1,Basal_Cryptophyceae-1_X,Basal_Cryptophyceae-1_X_sp.
ASV_3043,Eukaryota,Obazoa,Opisthokonta,Fungi,Chytridiomycota,Rhizophydiales,NA,NA,NA
ASV_3044,Eukaryota,TSAR,Rhizaria,Cercozoa,Filosa-Imbricatea,Spongomonadida,Spongomonadidae,Spongomonas,Spongomonas_sp.
ASV_3045,Eukaryota,Obazoa,Opisthokonta,NA,NA,NA,NA,NA,NA
ASV_3046,Eukaryota,NA,NA,NA,NA,NA,NA,NA,NA
ASV_3047,Eukaryota,TSAR,Stramenopiles,Gyrista,Peronosporomycetes,Peronosporomycetes_X,NA,NA,NA
ASV_3048,Eukaryota,Obazoa,Opisthokonta,Metazoa,Gastrotricha,Gastrotricha_X,Gastrotricha_XX,NA,NA
ASV_3049,Eukaryota,Haptista,Centroplasthelida,Centroplasthelida_X,Pterocystida,Pterista,Pterocystidae,Pterocystis,NA
ASV_3050,Eukaryota,Obazoa,Opisthokonta,Metazoa,Gastrotricha,Gastrotricha_X,Gastrotricha_XX,NA,NA
ASV_3051,Eukaryota,Obazoa,Opisthokonta,Fungi,Chytridiomycota,NA,NA,NA,NA
ASV_3052,Eukaryota,Obazoa,Opisthokonta,NA,NA,NA,NA,NA,NA
ASV_3053,Eukaryota,TSAR,Stramenopiles,Gyrista,Peronosporomycetes,Peronosporomycetes_X,Peronosporales,NA,NA
ASV_3054,Eukaryota,Cryptista,Cryptophyta,Cryptophyta_X,Cryptophyceae,Cryptomonadales,Cryptomonadales_X,Komma,Komma_caudata
ASV_3055,Eukaryota,TSAR,Rhizaria,Cercozoa,Novel-clade-10-12,Novel-clade-10,Novel-clade-10_X,Novel-clade-10_XX,Novel-clade-10_XX_sp.
ASV_3056,Eukaryota,Obazoa,Opisthokonta,Fungi,Rozellomycota,Rozellomycota_X,Rozellomycota_XX,Rozella,Rozella_multimorpha
ASV_3057,Eukaryota,Obazoa,Opisthokonta,Metazoa,Arthropoda,Crustacea,Ostracoda,Cypria,NA
ASV_3058,Eukaryota,Archaeplastida,Chlorophyta,Chlorophyta_X,Chlorophyceae,Sphaeropleales,Sphaeropleales_X,Ankyra,Ankyra_judayi
ASV_3059,Eukaryota,Archaeplastida,Chlorophyta,Chlorophyta_X,Mamiellophyceae,Monomastigales,Monomastigaceae,Monomastix,Monomastix_minuta
ASV_3060,Eukaryota,NA,NA,NA,NA,NA,NA,NA,NA
ASV_3061,Eukaryota,Amoebozoa,Evosea,Evosea_X,Variosea,Variosea_X,Ischnamoebidae,Darbyshirella,Darbyshirella_terrestris
ASV_3062,Eukaryota,TSAR,Stramenopiles,Gyrista,Peronosporomycetes,Peronosporomycetes_X,Peronosporales,Pythium,NA
ASV_3063,Eukaryota,Obazoa,Opisthokonta,Choanoflagellata,Choanoflagellatea,Craspedida,Salpingoecidae_Group_C1,Salpingoeca_C1,Salpingoeca_fusiformis
ASV_3064,Eukaryota,TSAR,Stramenopiles,Gyrista,Chrysophyceae,Paraphysomonadales,NA,NA,NA
ASV_3065,Eukaryota,TSAR,Rhizaria,Cercozoa,Filosa-Sarcomonadea,Glissomonadida,Allapsidae,Allapsidae_X,Allapsidae_X_sp.
ASV_3066,Eukaryota,Obazoa,Opisthokonta,Metazoa,Arthropoda,Crustacea,NA,NA,NA
ASV_3067,Eukaryota,Obazoa,Opisthokonta,Choanoflagellata,Choanoflagellatea,Craspedida,Monosigidae_Group_A,Codosiga,Codosiga_sp.
ASV_3068,Eukaryota,NA,NA,NA,NA,NA,NA,NA,NA
ASV_3069,Eukaryota,Obazoa,Opisthokonta,Fungi,Chytridiomycota,Zygophlyctidales,Zygophlyctidaceae,Zygophlyctis,Zygophlyctis_melosirae
ASV_3070,Eukaryota,Obazoa,Opisthokonta,Metazoa,Arthropoda,Crustacea,Ostracoda,Cypridopsis,NA
ASV_3071,Eukaryota,Obazoa,Opisthokonta,Fungi,Monoblepharomycota,Sanchytriales,Sanchytriaceae,Sanchytrium,Sanchytrium_tribonematis
ASV_3072,Eukaryota,Archaeplastida,Chlorophyta,Chlorophyta_X,Chlorophyceae,Chlamydomonadales,Chlamydomonadales_X,Pachycladella,Pachycladella_umbrina
ASV_3073,Eukaryota,TSAR,Stramenopiles,Gyrista,Peronosporomycetes,Peronosporomycetes_X,Saprolegniales,Saprolegniales_X,Saprolegniales_X_sp.
ASV_3074,Eukaryota,Obazoa,Opisthokonta,Metazoa,Annelida,Annelida_X,Annelida_XX,Dero,Dero_digitata
ASV_3075,Eukaryota,Obazoa,Opisthokonta,Metazoa,Arthropoda,Crustacea,Maxillopoda,NA,NA
ASV_3076,Eukaryota,TSAR,Stramenopiles,Gyrista,Eustigmatophyceae,Eustigmatophyceae_X,Eustigmatophyceae_XX,Goniochloris,Goniochloris_tripus
ASV_3077,Eukaryota,TSAR,Alveolata,Ciliophora,Spirotrichea,Oligotrichida,Pelagostrombidiidae,Pelagostrombidiidae_X,Pelagostrombidiidae_X_sp.
ASV_3078,Eukaryota,Obazoa,Opisthokonta,Metazoa,Arthropoda,Crustacea,Maxillopoda,Occidodiaptomus,NA
ASV_3079,Eukaryota,TSAR,Stramenopiles,Gyrista,Dictyochophyceae,Dictyochophyceae_X,Pedinellales,NA,NA
ASV_3080,Eukaryota,TSAR,Alveolata,Dinoflagellata,Dinophyceae,Gonyaulacales,Ceratiaceae,Ceratium,Ceratium_hirundinella
ASV_3081,Eukaryota,Cryptista,Cryptophyta,Cryptophyta_X,Cryptophyceae,Cryptomonadales,Cryptomonadales_X,Cryptomonas,Cryptomonas_furtiva
ASV_3082,Eukaryota,TSAR,Stramenopiles,Bigyra,Opalozoa,Opalozoa_X,MAST-12,MAST-12C,MAST-12C_sp.
ASV_3083,Eukaryota,TSAR,Rhizaria,Cercozoa,Filosa-Granofilosea,Filosa-Granofilosea_X,Novel-Gran-234,Novel-Gran-234_X,Novel-Gran-234_X_sp.
ASV_3084,Eukaryota,Archaeplastida,Chlorophyta,Chlorophyta_X,Trebouxiophyceae,Trebouxiophyceae_X,Trebouxiophyceae_XX,Botryococcus,Botryococcus_terribilis
ASV_3085,Eukaryota,Obazoa,Opisthokonta,Metazoa,Arthropoda,Crustacea,Maxillopoda,Occidodiaptomus,NA
ASV_3086,Eukaryota,TSAR,Stramenopiles,Gyrista,Chrysophyceae,NA,NA,NA,NA
ASV_3087,Eukaryota,Obazoa,Opisthokonta,Metazoa,Arthropoda,Crustacea,Maxillopoda,NA,NA
ASV_3088,Eukaryota,Obazoa,Opisthokonta,Metazoa,Arthropoda,Crustacea,Branchiopoda,Scapholeberis,Scapholeberis_mucronata
ASV_3089,Eukaryota,Obazoa,Opisthokonta,Metazoa,Gastrotricha,Gastrotricha_X,Gastrotricha_XX,NA,NA
ASV_3090,Eukaryota,TSAR,Stramenopiles,Bigyra,Sagenista,Labyrinthulomycetes,Labyrinthulaceae,Labyrinthula,Labyrinthula_sp.
ASV_3091,Eukaryota,Obazoa,Opisthokonta,Metazoa,Arthropoda,Crustacea,Branchiopoda,Chydorus,Chydorus_sphaericus
ASV_3092,Eukaryota,NA,NA,NA,NA,NA,NA,NA,NA
ASV_3093,Eukaryota,Cryptista,Cryptophyta,Cryptophyta_X,Cryptophyceae,Cryptophyceae_X,Basal_Cryptophyceae-1,Basal_Cryptophyceae-1_X,Basal_Cryptophyceae-1_X_sp.
ASV_3094,Eukaryota,Obazoa,Opisthokonta,Metazoa,Platyhelminthes,Turbellaria,Macrostomorpha,Microstomum,Microstomum_lineare
ASV_3095,Eukaryota,Obazoa,Opisthokonta,NA,NA,NA,NA,NA,NA
ASV_3096,Eukaryota,Archaeplastida,Chlorophyta,Chlorophyta_X,Chlorophyceae,Chlamydomonadales,Chlamydomonadales_X,NA,NA
ASV_3097,Eukaryota,TSAR,Rhizaria,Cercozoa,Filosa-Thecofilosea,Cryomonadida,Rhogostoma-lineage,Rhogostoma,Rhogostoma_kappa
ASV_3098,Eukaryota,Obazoa,Opisthokonta,Metazoa,Arthropoda,Crustacea,Maxillopoda,Occidodiaptomus,NA
ASV_3099,Eukaryota,Archaeplastida,Streptophyta,Streptophyta_X,Zygnemophyceae,Zygnemophyceae_X,Zygnemophyceae_XX,Closterium,NA
ASV_3100,Eukaryota,TSAR,Stramenopiles,Gyrista,Peronosporomycetes,Peronosporomycetes_X,NA,NA,NA
ASV_3101,Eukaryota,Obazoa,Opisthokonta,Fungi,Blastocladiomycota,Blastocladiomycotina,Blastocladiomycetes,Catenaria,NA
ASV_3102,Eukaryota,TSAR,Stramenopiles,Bigyra,Bicoecea,Pseudodendromonadales,Pseudodendromonadales_X,Pseudodendromonadales_XX,Pseudodendromonadales_XX_sp.
ASV_3103,Eukaryota,Archaeplastida,Chlorophyta,Chlorophyta_X,Chlorophyceae,Sphaeropleales,Sphaeropleales_X,Pseudoschroederia,Pseudoschroederia_antillarum
ASV_3104,Eukaryota,Archaeplastida,Chlorophyta,Chlorophyta_X,Trebouxiophyceae,NA,NA,NA,NA
ASV_3105,Eukaryota,Obazoa,Opisthokonta,Fungi,Chytridiomycota,Neocallimastigales,Neocallimastigaceae,NA,NA
ASV_3106,Eukaryota,Obazoa,Opisthokonta,Fungi,NA,NA,NA,NA,NA
ASV_3107,Eukaryota,TSAR,Rhizaria,Cercozoa,Filosa-Thecofilosea,Cryomonadida,Rhogostoma-lineage,NA,NA
ASV_3108,Eukaryota,Amoebozoa,Evosea,Evosea_X,Variosea,Variosea_X,Ischnamoebidae,Darbyshirella,Darbyshirella_terrestris
ASV_3109,Eukaryota,Obazoa,Opisthokonta,Fungi,NA,NA,NA,NA,NA
ASV_3110,Eukaryota,Obazoa,Opisthokonta,Fungi,Basidiomycota,Agaricomycotina,Tremellomycetes,Papiliotrema,Papiliotrema_rajasthanensis
ASV_3111,Eukaryota,Obazoa,Opisthokonta,Fungi,Chytridiomycota,Monoblepharidales,Gonapodyaceae,Gonapodya,Gonapodya_polymorpha
ASV_3112,Eukaryota,Obazoa,Opisthokonta,Fungi,Basidiomycota,Agaricomycotina,Agaricomycetes,NA,NA
ASV_3113,Eukaryota,Obazoa,Opisthokonta,Metazoa,Arthropoda,Crustacea,Maxillopoda,Eucyclops,Eucyclops_serrulatus
ASV_3114,Eukaryota,Archaeplastida,Chlorophyta,Chlorophyta_X,Chlorophyceae,Sphaeropleales,Sphaeropleales_X,Atractomorpha,Atractomorpha_echinata
ASV_3115,Eukaryota,Archaeplastida,Streptophyta,Streptophyta_X,Embryophyceae,Embryophyceae_X,Embryophyceae_XX,NA,NA
ASV_3116,Eukaryota,TSAR,Rhizaria,Cercozoa,Filosa-Imbricatea,Paracercomonadida,Paracercomonadida_X,Phytocercomonas,Phytocercomonas_venanatans
ASV_3117,Eukaryota,Archaeplastida,Chlorophyta,Chlorophyta_X,Chlorophyceae,Sphaeropleales,Sphaeropleales_X,NA,NA
ASV_3118,Eukaryota,Archaeplastida,Chlorophyta,Chlorophyta_X,Trebouxiophyceae,Trebouxiophyceae_X,Trebouxiophyceae_XX,Botryococcus,Botryococcus_terribilis
ASV_3119,Eukaryota,Cryptista,Cryptophyta,Cryptophyta_X,Cryptophyceae,Cryptomonadales,Cryptomonadales_X,Cryptomonas,Cryptomonas_curvata
ASV_3120,Eukaryota,Cryptista,Cryptophyta,Cryptophyta_X,Cryptophyceae,Cryptomonadales,Cryptomonadales_X,Cryptomonas,Cryptomonas_vietnamica
ASV_3121,Eukaryota,Cryptista,Cryptophyta,Cryptophyta_X,Cryptophyceae,Cryptomonadales,Cryptomonadales_X,Cryptomonas,Cryptomonas_curvata
ASV_3122,Eukaryota,TSAR,Stramenopiles,Gyrista,Bacillariophyceae,Achnanthales,Cocconeidaceae,Cocconeis,Cocconeis_placentula
ASV_3123,Eukaryota,TSAR,Rhizaria,Cercozoa,Filosa-Granofilosea,Limnofilida,Limnofilidae,Limnofila,Limnofila_borokensis
ASV_3124,Eukaryota,Archaeplastida,Chlorophyta,Chlorophyta_X,Chlorophyceae,Chlamydomonadales,Chlamydomonadales_X,NA,NA
ASV_3125,Eukaryota,TSAR,Rhizaria,Cercozoa,Filosa-Granofilosea,Filosa-Granofilosea_X,Novel-Gran-5,Novel-Gran-5_X,Novel-Gran-5_X_sp.
ASV_3126,Eukaryota,TSAR,Stramenopiles,Gyrista,Chrysophyceae,NA,NA,NA,NA
ASV_3127,Eukaryota,TSAR,Stramenopiles,Gyrista,Mediophyceae,Thalassiosirales,Stephanodiscaceae,NA,NA
ASV_3128,Eukaryota,Archaeplastida,Chlorophyta,Chlorophyta_X,NA,NA,NA,NA,NA
ASV_3129,Eukaryota,Obazoa,Opisthokonta,Fungi,Chytridiomycota,NA,NA,NA,NA
ASV_3130,Eukaryota,Archaeplastida,Chlorophyta,Chlorophyta_X,Chlorophyceae,Sphaeropleales,Sphaeropleales_X,Coelastrum,Coelastrum_astroideum
ASV_3131,Eukaryota,Obazoa,Opisthokonta,Fungi,Zoopagomycota,Entomophthoromycotina,Entomophthorales,Entomophthora,Entomophthora_culicis
ASV_3132,Eukaryota,Obazoa,Opisthokonta,Fungi,Basidiomycota,Pucciniomycotina,Cystobasidiomycetes,Rhodotorula,NA
ASV_3133,Eukaryota,TSAR,Stramenopiles,Gyrista,Peronosporomycetes,Peronosporomycetes_X,Saprolegniales,Aphanomyces,Aphanomyces_invadans
ASV_3134,Eukaryota,TSAR,NA,NA,NA,NA,NA,NA,NA
ASV_3135,Eukaryota,TSAR,Stramenopiles,Gyrista,Chrysophyceae,Ochromonadales,Ochromonadaceae,Chlorochromonas,Chlorochromonas_sp.
ASV_3136,Eukaryota,Obazoa,Opisthokonta,Metazoa,Gastrotricha,Gastrotricha_X,Gastrotricha_XX,NA,NA
ASV_3137,Eukaryota,TSAR,Stramenopiles,Bigyra,Bicoecea,Pseudodendromonadales,Pseudodendromonadales_X,Adriamonas,Adriamonas_peritocrescens
ASV_3138,Eukaryota,Archaeplastida,Chlorophyta,Chlorophyta_X,Trebouxiophyceae,Watanabea-Clade,Watanabea-Clade_X,Chloroidium,Chloroidium_saccharophila
ASV_3139,Eukaryota,TSAR,Stramenopiles,Gyrista,Peronosporomycetes,Peronosporomycetes_X,Peronosporales,Pythium,NA
ASV_3140,Eukaryota,TSAR,Alveolata,Ciliophora,Litostomatea,Haptoria_5,Pleurostomatida,Loxophyllum,NA
ASV_3141,Eukaryota,TSAR,Rhizaria,Cercozoa,NA,NA,NA,NA,NA
ASV_3142,Eukaryota,TSAR,Stramenopiles,Gyrista,Chrysophyceae,NA,NA,NA,NA
ASV_3143,Eukaryota,TSAR,Stramenopiles,Gyrista,NA,NA,NA,NA,NA
ASV_3144,Eukaryota,Obazoa,Opisthokonta,Fungi,NA,NA,NA,NA,NA
ASV_3145,Eukaryota,Obazoa,Opisthokonta,Metazoa,Arthropoda,Crustacea,Branchiopoda,NA,NA
ASV_3146,Eukaryota,Cryptista,Cryptophyta,Cryptophyta_X,Cryptophyceae,Cryptomonadales,Cryptomonadales_X,Cryptomonas,Cryptomonas_parapyrenoidifera
ASV_3147,Eukaryota,Obazoa,Opisthokonta,Fungi,Chytridiomycota,Rhizophydiales,NA,NA,NA
ASV_3148,Eukaryota,TSAR,Stramenopiles,Gyrista,Chrysophyceae,NA,NA,NA,NA
ASV_3149,Eukaryota,NA,NA,NA,NA,NA,NA,NA,NA
ASV_3150,Eukaryota,TSAR,Stramenopiles,Gyrista,Mediophyceae,Thalassiosirales,Stephanodiscaceae,Cyclotella,Cyclotella_bodanica
ASV_3151,Eukaryota,TSAR,Stramenopiles,Gyrista,Chrysophyceae,Chromulinales,Chrysamoebaceae,Chrysamoeba,Chrysamoeba_tenera
ASV_3152,Eukaryota,NA,NA,NA,NA,NA,NA,NA,NA
ASV_3153,Eukaryota,Obazoa,Opisthokonta,Fungi,Chytridiomycota,NA,NA,NA,NA
ASV_3154,Eukaryota,TSAR,Stramenopiles,Gyrista,Mediophyceae,Thalassiosirales,Stephanodiscaceae,Discostella,NA
ASV_3155,Eukaryota,Obazoa,Opisthokonta,Rotosphaerida,Nucleariidea,Nucleariida,Nucleariida_X,Nuclearia,NA
ASV_3156,Eukaryota,Obazoa,Opisthokonta,Fungi,Chytridiomycota,Zygophlyctidales,Zygophlyctidaceae,Zygophlyctis,NA
ASV_3157,Eukaryota,TSAR,Stramenopiles,Gyrista,Chrysophyceae,NA,NA,NA,NA
ASV_3158,Eukaryota,Obazoa,Opisthokonta,Fungi,NA,NA,NA,NA,NA
ASV_3159,Eukaryota,TSAR,Rhizaria,Cercozoa,Filosa-Sarcomonadea,Pansomonadida,Pansomonadida_X,Pansomonadida_XX,Pansomonadida_XX_sp.
ASV_3160,Eukaryota,Obazoa,Opisthokonta,Choanoflagellata,Choanoflagellatea,NA,NA,NA,NA
ASV_3161,Eukaryota,Archaeplastida,Chlorophyta,Chlorophyta_X,Trebouxiophyceae,Chlorellales,Chlorellales_X,NA,NA
ASV_3162,Eukaryota,TSAR,Stramenopiles,Gyrista,Chrysophyceae,Ochromonadales,Ochromonadaceae,Poterioochromonas,Poterioochromonas_stipitata
ASV_3163,Eukaryota,Obazoa,Opisthokonta,Metazoa,Bryozoa,Bryozoa_X,Bryozoa_XX,Gelatinella,Gelatinella_toanensis
ASV_3164,Eukaryota,Archaeplastida,Streptophyta,Streptophyta_X,Zygnemophyceae,Zygnemophyceae_X,Zygnemophyceae_XX,Closterium,NA
ASV_3165,Eukaryota,Archaeplastida,Chlorophyta,Chlorophyta_X,Trebouxiophyceae,Chlorellales,Chlorellales_X,Crucigenia,Crucigenia_pulchra
ASV_3166,Eukaryota,TSAR,Stramenopiles,Bigyra,Bicoecea,Pseudodendromonadales,Pseudodendromonadales_X,Adriamonas,Adriamonas_peritocrescens
ASV_3167,Eukaryota,Archaeplastida,Chlorophyta,Chlorophyta_X,Chlorophyceae,Chlamydomonadales,Chlamydomonadales_X,Lobochlamys,Lobochlamys_segnis
ASV_3168,Eukaryota,Archaeplastida,Chlorophyta,Chlorophyta_X,Chlorophyceae,Chlamydomonadales,Chlamydomonadales_X,Carteria,NA
ASV_3169,Eukaryota,TSAR,Stramenopiles,Gyrista,Chrysophyceae,Ochromonadales,Ochromonadaceae,Poterioochromonas,Poterioochromonas_stipitata
ASV_3170,Eukaryota,Archaeplastida,Chlorophyta,Chlorophyta_X,Trebouxiophyceae,Chlorellales,Chlorellales_X,NA,NA
ASV_3171,Eukaryota,NA,NA,NA,NA,NA,NA,NA,NA
ASV_3172,Eukaryota,TSAR,Stramenopiles,Bigyra,Opalozoa,Opalozoa_X,MAST-12,MAST-12C,MAST-12C_sp.
ASV_3173,Eukaryota,Obazoa,Opisthokonta,Fungi,NA,NA,NA,NA,NA
ASV_3174,Eukaryota,Obazoa,Opisthokonta,Fungi,Zoopagomycota,Entomophthoromycotina,Entomophthorales,Entomophthora,Entomophthora_culicis
ASV_3175,Eukaryota,TSAR,Rhizaria,Cercozoa,Filosa-Sarcomonadea,Glissomonadida,Glissomonadida_Clade-Y,Glissomonadida_Clade-Y_X,Glissomonadida_Clade-Y_X_sp.
ASV_3176,Eukaryota,TSAR,Stramenopiles,Gyrista,Eustigmatophyceae,Eustigmatophyceae_X,Eustigmatophyceae_XX,Trachydiscus,Trachydiscus_sp.
ASV_3177,Eukaryota,TSAR,Alveolata,Chrompodellids,Colpodellidea,Colpodellida,Colpodellida_CHR1,Colpodellida_CHR1_X,Colpodellida_CHR1_X_sp.
ASV_3178,Eukaryota,Cryptista,Cryptophyta,Cryptophyta_X,Cryptophyceae,NA,NA,NA,NA
ASV_3179,Eukaryota,TSAR,Alveolata,Chrompodellids,Colpodellidea,Colpodellida,Colpodellida_CHR1,Colpodellida_CHR1_X,Colpodellida_CHR1_X_sp.
ASV_3180,Eukaryota,TSAR,Rhizaria,Cercozoa,Filosa-Sarcomonadea,Pansomonadida,Agitatidae,Agitatidae_X,Agitatidae_X_sp.
ASV_3181,Eukaryota,Obazoa,Opisthokonta,Fungi,Chytridiomycota,NA,NA,NA,NA
ASV_3182,Eukaryota,Obazoa,Opisthokonta,Fungi,NA,NA,NA,NA,NA
ASV_3183,Eukaryota,Obazoa,Opisthokonta,Fungi,Opisthosporidia,Microsporida,Microsporida_X,NA,NA
ASV_3184,Eukaryota,TSAR,Rhizaria,Cercozoa,Endomyxa,Vampyrellida,Vampyrellidae,Vampyrella,Vampyrella_lateritia
ASV_3185,Eukaryota,TSAR,Stramenopiles,Gyrista,Chrysophyceae,Ochromonadales,Ochromonadaceae,Poteriospumella,NA
ASV_3186,Eukaryota,Cryptista,Kathablepharidacea,Kathablepharida,Kathablepharidea,Kathablepharidida,Kathablepharidida_X,Kathablepharidida_XX,Kathablepharidida_XX_sp.
ASV_3187,Eukaryota,TSAR,Stramenopiles,Bigyra,Opalozoa,Opalozoa_X,MAST-12,MAST-12_X,MAST-12_X_sp.
ASV_3188,Eukaryota,TSAR,Rhizaria,Cercozoa,Filosa-Granofilosea,Filosa-Granofilosea_X,Novel-Gran-6,Novel-Gran-6_X,Novel-Gran-6_X_sp.
ASV_3189,Eukaryota,Archaeplastida,Chlorophyta,Chlorophyta_X,NA,NA,NA,NA,NA
ASV_3190,Eukaryota,Archaeplastida,Chlorophyta,Chlorophyta_X,NA,NA,NA,NA,NA
ASV_3191,Eukaryota,Obazoa,Opisthokonta,Fungi,Chytridiomycota,Rhizophydiales,Kappamycetaceae,Kappamyces,NA
ASV_3192,Eukaryota,TSAR,Stramenopiles,Bigyra,Opalozoa,Opalozoa_X,MAST-12,MAST-12_X,MAST-12_X_sp.
ASV_3193,Eukaryota,CRuMs,Rigifilida,Rigifilida_X,Rigifilida_XX,Rigifilida_XXX,Rigifilida_XXXX,Rigifila,Rigifila_ramosa
ASV_3194,Bacteria,PVC,Verrucomicrobia,Verrucomicrobia_X,Verrucomicrobiae,Verrucomicrobiales,Rubritaleaceae,Luteolibacter,Luteolibacter_sp.
ASV_3195,Eukaryota,TSAR,Stramenopiles,Gyrista,Peronosporomycetes,Peronosporomycetes_X,Saprolegniales,Aphanomyces,NA
ASV_3196,Eukaryota,TSAR,Stramenopiles,Gyrista,Peronosporomycetes,Peronosporomycetes_X,Saprolegniales,Aphanomyces,Aphanomyces_sp.
ASV_3197,Eukaryota,Cryptista,Kathablepharidacea,Kathablepharida,Kathablepharidea,Kathablepharidida,Kathablepharidida_X,Kathablepharidida_XX,Kathablepharidida_XX_sp.
ASV_3198,Eukaryota,Obazoa,Opisthokonta,Metazoa,Nematoda,Chromadorea,Chromadorea_X,NA,NA
ASV_3199,Eukaryota,Archaeplastida,Chlorophyta,Chlorophyta_X,Trebouxiophyceae,Chlorellales,Chlorellales_X,Micractinium,Micractinium_reisseri
ASV_3200,Eukaryota,Archaeplastida,NA,NA,NA,NA,NA,NA,NA
ASV_3201,Eukaryota,TSAR,Stramenopiles,Gyrista,Eustigmatophyceae,Eustigmatophyceae_X,Eustigmatophyceae_XX,NA,NA
ASV_3202,Eukaryota,TSAR,Rhizaria,Cercozoa,Filosa-Imbricatea,Euglyphida,Euglyphidae,NA,NA
ASV_3203,Eukaryota,TSAR,Stramenopiles,Gyrista,Eustigmatophyceae,Eustigmatophyceae_X,Eustigmatophyceae_XX,Vacuoliviride,Vacuoliviride_crystalliferum
ASV_3204,Eukaryota,Archaeplastida,Chlorophyta,Chlorophyta_X,Chlorophyceae,Chlamydomonadales,Chlamydomonadales_X,Carteria,Carteria_lunzensis
ASV_3205,Eukaryota,TSAR,Stramenopiles,Bigyra,Bicoecea,Pseudodendromonadales,Pseudodendromonadales_X,Adriamonas,Adriamonas_peritocrescens
ASV_3206,Eukaryota,TSAR,Stramenopiles,Gyrista,Chrysophyceae,Synurales,Synuraceae,Mallomonas,NA
ASV_3207,Eukaryota,TSAR,Stramenopiles,Gyrista,Eustigmatophyceae,Eustigmatophyceae_X,Eustigmatophyceae_XX,NA,NA
ASV_3208,Eukaryota,TSAR,Stramenopiles,Gyrista,Chrysophyceae,NA,NA,NA,NA
ASV_3209,Eukaryota,Archaeplastida,Chlorophyta,Chlorophyta_X,Chlorophyceae,Chlamydomonadales,Chlamydomonadales_X,Carteria,Carteria_lunzensis
ASV_3210,Eukaryota,Cryptista,Kathablepharidacea,Kathablepharida,Kathablepharidea,Kathablepharidida,Kathablepharidida_X,NA,NA
ASV_3211,Eukaryota,TSAR,Stramenopiles,Bigyra,Bicoecea,Bicoecales,Bicoecaceae,Bicosoeca,NA
ASV_3212,Eukaryota,NA,NA,NA,NA,NA,NA,NA,NA
ASV_3213,Eukaryota,TSAR,Alveolata,NA,NA,NA,NA,NA,NA
ASV_3214,Eukaryota,NA,NA,NA,NA,NA,NA,NA,NA
ASV_3215,Eukaryota,Cryptista,Cryptophyta,Cryptophyta_X,Cryptophyceae,Cryptomonadales,Cryptomonadales_X,NA,NA
ASV_3216,Eukaryota,TSAR,Rhizaria,Cercozoa,Filosa-Sarcomonadea,Glissomonadida,Bodomorphidae,Bodomorpha,Bodomorpha_minima
ASV_3217,Eukaryota,Obazoa,Opisthokonta,Fungi,Ascomycota,Pezizomycotina,Dothideomycetes,NA,NA
ASV_3218,Eukaryota,TSAR,Rhizaria,Cercozoa,NA,NA,NA,NA,NA
ASV_3219,Eukaryota,Cryptista,Cryptophyta,Cryptophyta_X,Cryptophyceae,Cryptomonadales,Cryptomonadales_X,Cryptomonas,NA
ASV_3220,Eukaryota,Archaeplastida,Chlorophyta,Chlorophyta_X,Chlorophyceae,Sphaeropleales,Sphaeropleales_X,Desmodesmus,NA
ASV_3221,Eukaryota,Archaeplastida,Chlorophyta,Chlorophyta_X,Chlorophyceae,NA,NA,NA,NA
ASV_3222,Eukaryota,Obazoa,Opisthokonta,Pluriformea,Pluriformea_X,Pluriformea_XX,Pluriformea_XXX,Syssomonas,Syssomonas_multiformis
ASV_3223,Eukaryota,TSAR,Rhizaria,Cercozoa,Filosa-Imbricatea,Spongomonadida,Spongomonadidae,Spongomonas,Spongomonas_sp.
ASV_3224,Eukaryota,TSAR,Rhizaria,Cercozoa,NA,NA,NA,NA,NA
ASV_3225,Eukaryota,Archaeplastida,Chlorophyta,Chlorophyta_X,Trebouxiophyceae,Trebouxiophyceae_X,Trebouxiophyceae_XX,Botryococcus,Botryococcus_braunii
ASV_3226,Eukaryota,TSAR,Stramenopiles,Gyrista,Eustigmatophyceae,Eustigmatophyceae_X,Eustigmatophyceae_XX,Trachydiscus,Trachydiscus_minutus
ASV_3227,Eukaryota,Obazoa,Opisthokonta,Metazoa,Arthropoda,Crustacea,Maxillopoda,NA,NA
ASV_3228,Eukaryota,Cryptista,Cryptophyta,Cryptophyta_X,Cryptophyceae,Cryptomonadales,Cryptomonadales_X,Plagioselmis,Plagioselmis_nannoplanctica
ASV_3229,Eukaryota,TSAR,Stramenopiles,Gyrista,NA,NA,NA,NA,NA
ASV_3230,Eukaryota,NA,NA,NA,NA,NA,NA,NA,NA
ASV_3231,NA,NA,NA,NA,NA,NA,NA,NA,NA
ASV_3232,Eukaryota,TSAR,Alveolata,Chrompodellids,Colpodellidea,Colpodellida,Alphamonaceae,Alphamonadea_ALPH2,Alphamonadea_ALPH2_sp.
ASV_3233,Eukaryota,TSAR,Rhizaria,Cercozoa,Filosa-Thecofilosea,Cryomonadida,Rhogostoma-lineage,Rhogostoma,NA
ASV_3234,Eukaryota,Haptista,Centroplasthelida,Centroplasthelida_X,NA,NA,NA,NA,NA
ASV_3235,Eukaryota,TSAR,Stramenopiles,Gyrista,Chrysophyceae,Paraphysomonadales,Paraphysomonadaceae,Paraphysomonas,Paraphysomonas_imperforata
ASV_3236,Eukaryota,Obazoa,Opisthokonta,Metazoa,Arthropoda,Crustacea,Branchiopoda,Acroperus,Acroperus_harpae
ASV_3237,Eukaryota,Obazoa,Opisthokonta,Metazoa,Gastrotricha,Gastrotricha_X,Gastrotricha_XX,Chaetonotus,Chaetonotus_acanthodes
ASV_3238,Eukaryota,Cryptista,Cryptophyta,Cryptophyta_X,Cryptophyceae,Cryptomonadales,Cryptomonadales_X,Komma,Komma_caudata
ASV_3239,Eukaryota,Obazoa,Opisthokonta,Fungi,Opisthosporidia,Microsporida,Microsporida_X,Paramicrosporidium,Paramicrosporidium_saccamoebae
ASV_3240,Eukaryota,Obazoa,Opisthokonta,Metazoa,Gastrotricha,Gastrotricha_X,Gastrotricha_XX,Chaetonotus,Chaetonotus_jaceki
ASV_3241,Eukaryota,Cryptista,Cryptophyta,Cryptophyta_X,Cryptophyceae,Cryptomonadales,Cryptomonadales_X,Komma,Komma_caudata
ASV_3242,Eukaryota,Obazoa,Opisthokonta,Fungi,NA,NA,NA,NA,NA
ASV_3243,Eukaryota,NA,NA,NA,NA,NA,NA,NA,NA
ASV_3244,Eukaryota,Cryptista,Cryptophyta,Cryptophyta_X,Cryptophyceae,Cryptomonadales,Cryptomonadales_X,Komma,Komma_caudata
ASV_3245,Eukaryota,TSAR,Stramenopiles,Gyrista,Chrysophyceae,Chrysophyceae_env_clade-I,Chrysophyceae_env_clade-I_X,Chrysophyceae_env_clade-I_XX,Chrysophyceae_env_clade-I_XX_sp.
ASV_3246,Eukaryota,TSAR,Stramenopiles,Gyrista,Peronosporomycetes,Peronosporomycetes_X,NA,NA,NA
ASV_3247,Eukaryota,Cryptista,Cryptophyta,Cryptophyta_X,Cryptophyceae,Cryptomonadales,Cryptomonadales_X,Komma,Komma_caudata
ASV_3248,Eukaryota,Obazoa,Opisthokonta,Metazoa,Gastrotricha,Gastrotricha_X,Gastrotricha_XX,NA,NA
ASV_3249,Eukaryota,Obazoa,Opisthokonta,Fungi,Basidiomycota,Pucciniomycotina,Cystobasidiomycetes,Rhodotorula,Rhodotorula_phylloplana
ASV_3250,Eukaryota,Obazoa,Opisthokonta,Metazoa,Arthropoda,Crustacea,Branchiopoda,Chydorus,Chydorus_sphaericus
ASV_3251,Eukaryota,TSAR,Rhizaria,Cercozoa,Filosa-Sarcomonadea,Glissomonadida,Bodomorphidae,Bodomorpha,Bodomorpha_minima
ASV_3252,Eukaryota,Cryptista,Cryptophyta,Cryptophyta_X,Cryptophyceae,Cryptomonadales,Cryptomonadales_X,Cryptomonas,Cryptomonas_pyrenoidifera
ASV_3253,Eukaryota,TSAR,Stramenopiles,Gyrista,Peronosporomycetes,Peronosporomycetes_X,Haptoglossales,Haptoglossa,Haptoglossa_sp.
ASV_3254,Eukaryota,TSAR,Stramenopiles,Gyrista,Bacillariophyceae,Naviculales,Pinnulariaceae,Pinnularia,Pinnularia_kuetzingii
ASV_3255,Eukaryota,TSAR,Stramenopiles,Gyrista,Chrysophyceae,NA,NA,NA,NA
ASV_3256,Eukaryota,TSAR,Stramenopiles,Gyrista,Eustigmatophyceae,Eustigmatophyceae_X,Eustigmatophyceae_XX,Goniochloris,Goniochloris_tripus
ASV_3257,Eukaryota,TSAR,Rhizaria,Cercozoa,Filosa-Sarcomonadea,Glissomonadida,Sandonidae,Sandona,NA
ASV_3258,Eukaryota,TSAR,Rhizaria,Rhizaria_X,Rhizaria_XX,Aquavolonida,Aquavolonida_X,Aquavolon,NA
ASV_3259,Eukaryota,Obazoa,Opisthokonta,Metazoa,Arthropoda,Crustacea,Maxillopoda,Occidodiaptomus,NA
ASV_3260,Eukaryota,Obazoa,Opisthokonta,Metazoa,Arthropoda,Crustacea,Maxillopoda,Occidodiaptomus,NA
ASV_3261,Eukaryota,TSAR,Stramenopiles,Bigyra,Bicoecea,Bicoecales,Bicoecaceae,NA,NA
ASV_3262,Eukaryota,TSAR,Rhizaria,Cercozoa,NA,NA,NA,NA,NA
ASV_3263,Eukaryota,Obazoa,Opisthokonta,Fungi,Ascomycota,Pezizomycotina,Dothideomycetes,Morosphaeria,Morosphaeria_elaterascus
ASV_3264,Eukaryota,TSAR,Stramenopiles,Gyrista,Dictyochophyceae,Dictyochophyceae_X,Pedinellales,Pseudopedinella,Pseudopedinella_elastica
ASV_3265,Eukaryota,Obazoa,Opisthokonta,Metazoa,Arthropoda,Crustacea,Maxillopoda,Occidodiaptomus,NA
ASV_3266,Eukaryota,Cryptista,Cryptophyta,Cryptophyta_X,Cryptophyceae,Cryptophyceae_X,Basal_Cryptophyceae-1,Basal_Cryptophyceae-1_X,Basal_Cryptophyceae-1_X_sp.
ASV_3267,Eukaryota,TSAR,Stramenopiles,Bigyra,Bicoecea,Pseudodendromonadales,Pseudodendromonadales_X,NA,NA
ASV_3268,Eukaryota,TSAR,Rhizaria,Cercozoa,Novel-clade-10-12,Tremulida,Tremulidae,Tremula,Tremula_longifila
ASV_3269,Eukaryota,TSAR,Rhizaria,Cercozoa,Endomyxa,Vampyrellida,Vampyrellida_X,Placopus,Placopus_flabellus
ASV_3270,Eukaryota,Obazoa,Opisthokonta,Metazoa,Arthropoda,Crustacea,Ostracoda,Cypridopsis,NA
ASV_3271,Eukaryota,Obazoa,Opisthokonta,Metazoa,Arthropoda,Crustacea,Ostracoda,Cypridopsis,NA
ASV_3272,Eukaryota,Amoebozoa,Evosea,Evosea_X,Variosea,Flamellidae,Flamella-lineage,Flamella,Flamella_fluviatilis
ASV_3273,Eukaryota,TSAR,Stramenopiles,Gyrista,Peronosporomycetes,Peronosporomycetes_X,Peronosporomycetes_XX,Chlamydomyzium,Chlamydomyzium_sp.
ASV_3274,Eukaryota,NA,NA,NA,NA,NA,NA,NA,NA
ASV_3275,Eukaryota,Archaeplastida,Chlorophyta,Chlorophyta_X,Chlorophyceae,Chlamydomonadales,Chlamydomonadales_X,NA,NA
ASV_3276,Eukaryota,TSAR,Alveolata,Dinoflagellata,Dinophyceae,Gonyaulacales,Ceratiaceae,Ceratium,Ceratium_hirundinella
ASV_3277,Eukaryota,TSAR,Stramenopiles,Gyrista,Bacillariophyceae,Naviculales,Stauroneidaceae,Stauroneis,Stauroneis_latistauros
ASV_3278,Eukaryota,Obazoa,Opisthokonta,Metazoa,Arthropoda,Crustacea,Maxillopoda,Occidodiaptomus,NA
ASV_3279,Eukaryota,TSAR,Stramenopiles,Gyrista,NA,NA,NA,NA,NA
ASV_3280,Eukaryota,TSAR,Stramenopiles,Gyrista,Chrysophyceae,NA,NA,NA,NA
ASV_3281,Eukaryota,TSAR,Stramenopiles,Gyrista,Chrysophyceae,Synurales,Synuraceae,Mallomonas,NA
ASV_3282,Eukaryota,Obazoa,Opisthokonta,Fungi,Basidiomycota,Agaricomycotina,Agaricomycetes,NA,NA
ASV_3283,Eukaryota,TSAR,Stramenopiles,Bigyra,Bicoecea,Bicoecales,Bicoecaceae,Bicoecaceae_X,Bicoecaceae_X_sp.
