,18S-LM-6-1,18S-LM-6-16,18S-LM-6-19,18S-LM-6-8,18S-LM-7-14,18S-LM-7-22,18S-LM-7-28,18S-LM-7-8,18S-LM-8-12,18S-LM-8-18,18S-LM-8-26,18S-LM-8-4,18S-LM-9-1,18S-LM-9-16,18S-LM-9-9,18S-LR-6-1,18S-LR-6-16,18S-LR-6-19,18S-LR-6-8,18S-LR-7-14,18S-LR-7-22,18S-LR-7-28,18S-LR-7-8,18S-LR-8-12,18S-LR-8-18,18S-LR-8-26,18S-LR-8-4,18S-LR-9-1,18S-LR-9-16,18S-LR-9-9,18S-TTL-6-1,18S-TTL-6-16,18S-TTL-6-19,18S-TTL-6-8,18S-TTL-7-14,18S-TTL-7-22,18S-TTL-7-28,18S-TTL-7-8,18S-TTL-8-12,18S-TTL-8-18,18S-TTL-8-26,18S-TTL-8-4,18S-TTL-9-1,18S-TTL-9-16,18S-TTL-9-9,Domain,Supergroup,Division,Subdivision,Class,Order,Family,Genus,Species,Taxa
ASV_1,39066,527,37746,54,37094,384,323,7162,103880,191823,5937,256501,944,155518,90402,321,31,20,116,68,26,58,70,203,121,77,7045,143773,30651,94666,58359,94,68270,263,20379,28466,80,24673,108673,143932,122033,101057,202244,194640,122431,Eukaryota,Obazoa,Opisthokonta,Metazoa,Arthropoda,Crustacea,Maxillopoda,NA,NA,Opisthokonta_Arthropoda
ASV_2,23,9465,19217,15,2330,9968,30434,0,0,18,2030,709,3184,577,0,6227,12,0,41,63,0,23,0,47961,31,26,0,5,19,15729,79,30,61,87,797,73060,57496,4734,2556,7,1473,2435,12,9,30,Eukaryota,Obazoa,Opisthokonta,Metazoa,Arthropoda,Crustacea,Ostracoda,Cypridopsis,Cypridopsis_japonica,Opisthokonta_Arthropoda
ASV_3,0,0,0,0,87,0,1276,0,59,278,20436,0,77259,260,112254,0,0,0,0,0,0,0,0,0,0,0,0,0,0,80,0,0,0,0,0,0,120,0,38,0,0,0,0,0,0,Eukaryota,Archaeplastida,Chlorophyta,Chlorophyta_X,Chlorophyceae,Chlamydomonadales,Chlamydomonadales_X,Gonium,Gonium_pectorale,Chlorophyta
ASV_4,0,0,0,0,1210,3856,79657,6805,0,0,17300,904,3216,0,2613,0,0,0,0,0,0,0,0,0,0,0,10011,0,0,0,0,0,0,0,0,0,0,0,0,0,0,0,0,0,0,Eukaryota,Obazoa,Opisthokonta,Metazoa,Arthropoda,Crustacea,Ostracoda,Cypridopsis,Cypridopsis_adusta,Opisthokonta_Arthropoda
ASV_5,33,193,933,90,0,0,0,0,0,0,0,0,0,0,0,30718,760,5999,1753,8680,891,571,19041,1421,13667,2579,1745,345,1639,1983,0,47,0,0,7113,554,1625,14100,440,100,69,3975,266,119,0,Eukaryota,Cryptista,Cryptophyta,Cryptophyta_X,Cryptophyceae,Cryptomonadales,Cryptomonadales_X,Cryptomonas,Cryptomonas_pyrenoidifera,Cryptophyta
ASV_6,0,0,0,0,7,0,0,0,0,0,0,0,0,10,14,1402,2036,3415,3640,32384,2436,1775,31838,2058,4934,7919,2143,1254,170,1979,0,0,0,0,0,0,0,12,0,0,7,0,0,0,0,Eukaryota,Haptista,Haptophyta,Haptophyta_X,Prymnesiophyceae,Prymnesiales,Chrysochromulinaceae,Chrysochromulina,NA,Haptophyta
ASV_7,25,355,91,89617,0,0,0,0,28,0,0,0,0,0,0,108,0,0,61,47,0,0,17,26,33,0,0,0,15,15,0,0,0,0,0,0,13,0,0,0,0,0,0,0,0,Eukaryota,Obazoa,Opisthokonta,Fungi,Chytridiomycota,Spizellomycetales,Spizellomycetales_X,Spizellomycetales_XX,Spizellomycetales_XX_sp.,Opisthokonta_Chytridiomycota
ASV_8,12,18,0,304,0,0,0,0,59,99,0,27,0,0,0,682,559,411,2834,6365,4078,322,826,14474,5625,1883,1730,422,21541,768,0,0,0,0,23,0,0,0,51,422,38,3591,154,295,0,Eukaryota,Cryptista,Kathablepharidacea,Kathablepharida,Kathablepharidea,Kathablepharidida,Kathablepharidida_X,Kathablepharidida_XX,Kathablepharidida_XX_sp.,Kathablepharidacea
ASV_9,0,0,0,0,260,35,1169,23,47,479,510,0,211,13132,2425,0,0,0,0,0,0,0,0,0,0,0,0,0,0,0,0,0,0,0,27595,636,758,3480,68,0,0,1443,0,0,0,Eukaryota,Cryptista,Cryptophyta,Cryptophyta_X,Cryptophyceae,Cryptomonadales,Cryptomonadales_X,Cryptomonas,Cryptomonas_vietnamica,Cryptophyta
ASV_10,879,0,844,0,881,0,0,99,2598,2086,110,5906,0,1783,1027,0,0,0,0,0,0,0,0,0,0,0,185,2952,505,2659,1460,0,1600,0,510,780,0,605,2440,3484,2774,2408,5378,5113,2536,Eukaryota,Obazoa,Opisthokonta,Metazoa,Arthropoda,Crustacea,Maxillopoda,NA,NA,Opisthokonta_Arthropoda
ASV_11,0,0,0,0,0,0,0,0,0,0,0,0,0,0,0,116,24,0,71,5759,485,111,3999,700,2160,5799,2185,614,5585,14494,0,0,0,0,352,0,0,36,0,0,0,200,0,0,0,Eukaryota,Cryptista,Cryptophyta,Cryptophyta_X,Cryptophyceae,Cryptomonadales,Cryptomonadales_X,Cryptomonas,Cryptomonas_vietnamica,Cryptophyta
ASV_12,13345,842,0,1290,133,312,0,0,0,0,0,0,0,0,0,0,0,0,0,0,0,0,0,0,0,0,3111,0,0,10,39,186,241,0,14802,0,0,3546,0,0,0,810,0,0,41,Eukaryota,Obazoa,Opisthokonta,Metazoa,Arthropoda,Crustacea,Branchiopoda,Bosmina,Bosmina_longirostris,Opisthokonta_Arthropoda
ASV_13,0,0,0,0,0,0,0,0,0,0,0,0,0,0,0,547,4356,4131,3565,3084,6584,125,3288,349,2489,3905,0,766,522,943,0,0,0,0,0,0,0,0,0,0,0,0,0,0,0,Eukaryota,TSAR,Stramenopiles,Gyrista,Mediophyceae,Thalassiosirales,Stephanodiscaceae,Stephanodiscus,Stephanodiscus_hantzschii,Stramenopiles
ASV_14,0,0,0,0,0,0,0,0,0,0,0,0,0,0,0,0,0,0,0,0,0,0,0,0,0,0,0,0,0,6,55,9,15,43,707,7250,17,25606,13,0,0,4,0,0,0,Eukaryota,Obazoa,Opisthokonta,Metazoa,Arthropoda,Crustacea,Ostracoda,NA,NA,Opisthokonta_Arthropoda
ASV_15,0,0,0,0,0,0,0,0,0,0,0,0,0,0,0,0,0,0,0,520,4854,7119,35,1490,3166,357,12440,362,196,0,0,0,0,0,0,0,0,0,0,0,0,0,0,0,0,Eukaryota,Archaeplastida,Chlorophyta,Chlorophyta_X,Chlorophyceae,Chlamydomonadales,Chlamydomonadales_X,Carteria,Carteria_lunzensis,Chlorophyta
ASV_16,0,66,0,690,0,0,0,0,0,0,0,0,0,0,0,0,0,0,0,4353,0,0,371,11781,5068,2727,0,1809,1186,0,0,280,0,0,0,144,0,0,0,0,0,0,83,0,0,Eukaryota,TSAR,Stramenopiles,Gyrista,Chrysophyceae,NA,NA,NA,NA,Stramenopiles
ASV_17,0,0,73,0,269,128,2153,27,87,98,241,635,22462,607,830,0,0,0,0,0,0,0,0,0,0,0,0,0,0,0,0,0,0,0,0,0,0,0,0,0,0,0,0,0,0,Eukaryota,Archaeplastida,Streptophyta,Streptophyta_X,Zygnemophyceae, Zygnemophyceae, ZygnemophyceaeX,Closterium,NA,Streptophyta
ASV_18,33,38,227,0,1250,139,144,195,0,0,0,0,0,0,0,1566,246,217,387,422,2777,70,1811,106,950,2087,536,3288,8348,618,0,0,0,0,0,0,0,0,0,0,0,0,0,0,0,Eukaryota,Archaeplastida,Chlorophyta,Chlorophyta_X,Chlorophyceae,Sphaeropleales,Sphaeropleales_X,Desmodesmus,Desmodesmus_pannonicus,Chlorophyta
ASV_19,0,0,0,0,0,0,0,0,0,0,0,0,0,0,0,0,889,911,25,8051,13717,356,1373,0,0,0,0,0,0,0,0,0,0,0,0,0,0,0,0,0,0,0,0,0,0,Eukaryota,Obazoa,Opisthokonta,Fungi,NA,NA,NA,NA,NA,Opisthokonta_Unclassified
ASV_20,0,0,0,0,0,0,0,0,0,0,0,0,0,0,0,0,0,23,0,22989,842,0,342,39,0,0,0,0,0,0,0,0,0,0,0,0,0,0,0,0,0,0,0,0,0,Eukaryota,TSAR,Rhizaria,Cercozoa,Filosa-SarcomoNAdea,Pansomonadida,Pansomonadida_X,Pansomonadida_XX,Pansomonadida_XX_sp.,Rhizaria
ASV_21,0,0,0,23469,0,0,0,0,0,0,0,0,0,0,0,0,0,0,0,0,0,0,0,0,0,0,0,0,0,0,0,0,0,0,0,0,0,0,0,0,0,0,0,0,0,Eukaryota,Obazoa,Opisthokonta,Fungi,Chytridiomycota,Spizellomycetales,NA,NA,NA,Opisthokonta_Chytridiomycota
ASV_22,92,265,221,0,60,0,0,182,0,0,0,0,0,0,0,2839,1471,0,5250,0,0,0,0,0,0,0,0,0,0,0,0,18,6,12439,0,0,56,0,0,0,0,0,0,0,0,Eukaryota,Obazoa,Opisthokonta,Metazoa,Gastrotricha,Gastrotricha_X,Gastrotricha_XX,Chaetonotus,NA,Opisthokonta_Gastrotricha
ASV_23,0,0,0,0,0,0,0,0,0,0,0,0,0,0,0,4042,0,0,2130,2050,11105,1306,252,341,72,78,759,0,0,76,0,0,0,0,0,0,0,0,0,0,0,0,0,0,0,Eukaryota,TSAR,Stramenopiles,Gyrista,Chrysophyceae,Hibberdiales,Hibberdiaceae,NA,NA,Stramenopiles
ASV_24,0,0,0,0,122,0,0,0,0,0,0,0,92,2830,2273,933,1046,8875,336,445,223,0,420,48,58,0,0,0,1421,113,132,0,0,0,2130,0,0,0,0,0,0,0,0,0,0,Eukaryota,Cryptista,Cryptophyta,Cryptophyta_X,Cryptophyceae,Cryptomonadales,Cryptomonadales_X,Cryptomonas,Cryptomonas_curvata,Cryptophyta
ASV_25,435,465,177,0,0,0,0,0,0,0,0,0,0,0,0,3594,0,0,1023,0,0,0,0,0,0,0,0,0,0,0,11645,0,0,3841,0,0,0,0,0,0,0,0,0,0,0,Eukaryota,TSAR,Stramenopiles,Gyrista,Peronosporomycetes,Peronosporomycetes,Peronosporales,NA,NA,Stramenopiles
ASV_26,0,0,0,0,0,0,0,0,0,0,0,0,0,1372,79,999,229,1035,145,2312,369,77,562,0,54,78,263,0,587,80,0,0,0,117,6453,695,793,3678,61,0,0,996,0,0,0,Eukaryota,Cryptista,Cryptophyta,Cryptophyta_X,Cryptophyceae,Cryptomonadales,Cryptomonadales_X,Cryptomonas,Cryptomonas_curvata,Cryptophyta
ASV_27,39,157,242,578,213,2985,5345,24,79,212,98,32,1468,113,0,0,0,0,0,0,0,0,0,0,0,0,0,0,0,0,77,0,0,636,489,4237,1972,1160,0,0,0,0,0,0,0,Eukaryota,Archaeplastida,Chlorophyta,Chlorophyta_X,Chlorophyceae,Sphaeropleales,Sphaeropleales_X,Ankyra,Ankyra_judayi,Chlorophyta
ASV_28,0,0,0,0,234,0,0,0,0,38,0,0,0,7431,568,209,0,0,154,1907,0,0,2437,0,160,382,423,0,605,1829,0,0,0,0,1275,153,129,573,0,0,0,464,173,67,71,Eukaryota,Cryptista,Cryptophyta,Cryptophyta_X,Cryptophyceae,Cryptomonadales,Cryptomonadales_X,Cryptomonas,Cryptomonas_curvata,Cryptophyta
ASV_29,0,0,0,0,226,0,0,0,0,0,0,0,0,730,0,0,0,0,0,0,0,0,0,0,0,0,0,0,0,0,1339,48,68,8119,277,312,1332,3484,371,40,9,1120,243,19,0,Eukaryota,Cryptista,Cryptophyta,Cryptophyta_X,Cryptophyceae,Cryptomonadales,Cryptomonadales_X,Komma,Komma_caudata,Cryptophyta
ASV_30,0,0,0,0,0,0,0,0,0,0,0,0,0,0,0,398,49,474,129,3840,1752,4,4035,126,238,4012,239,434,1260,245,0,0,0,0,0,0,0,0,0,0,0,0,0,0,0,Eukaryota,TSAR,Rhizaria,Cercozoa,NA,NA,NA,NA,NA,Rhizaria
ASV_31,0,0,0,0,0,0,0,0,0,0,0,0,0,0,0,671,189,183,231,75,708,109,583,632,5088,6395,366,657,390,301,0,0,0,0,0,0,0,0,0,0,0,0,0,0,0,Eukaryota,Archaeplastida,Chlorophyta,Chlorophyta_X,Chlorophyceae,Sphaeropleales,Sphaeropleales_X,Tetraedron,Tetraedron_minimum,Chlorophyta
ASV_32,2124,0,1202,0,1196,0,0,722,428,442,446,113,35,450,331,0,0,0,0,0,0,0,0,0,0,0,0,0,0,773,934,0,2333,0,634,560,0,507,444,348,543,345,618,159,160,Eukaryota,Obazoa,Opisthokonta,Metazoa,Arthropoda,Crustacea,Maxillopoda,Eudiaptomus,Eudiaptomus_graciloides,Opisthokonta_Arthropoda
ASV_33,0,0,0,0,0,0,0,0,0,0,0,0,0,0,0,0,0,618,0,139,13890,0,0,0,472,117,0,335,273,0,0,0,0,0,0,0,0,0,0,0,0,0,0,0,0,Eukaryota,Obazoa,Opisthokonta,Fungi,Chytridiomycota,Rhizophydiales,Rhizophydiales_X,Rhizophydiales_XX,Rhizophydiales_XX_sp.,Opisthokonta_Chytridiomycota
ASV_34,0,0,0,0,0,0,0,0,0,0,0,0,0,0,0,519,987,591,1004,3029,357,0,175,709,7143,296,317,111,154,120,0,0,0,0,0,33,0,27,0,0,0,0,188,33,25,Eukaryota,TSAR,Stramenopiles,Gyrista,Chrysophyceae,Synurales,Synuraceae,Mallomonas,Mallomonas_elongata,Stramenopiles
ASV_35,0,0,0,0,0,0,0,0,0,0,0,0,0,0,0,0,0,0,909,1750,140,0,578,11349,697,335,0,0,0,0,0,0,0,0,28,0,0,0,0,0,0,0,0,0,0,Eukaryota,TSAR,Stramenopiles,Gyrista,Chrysophyceae,NA,NA,NA,NA,Stramenopiles
ASV_36,0,0,0,0,0,0,0,0,0,0,0,0,0,0,0,0,0,0,0,260,2649,2989,0,703,1386,186,7105,0,306,0,0,0,0,0,0,0,0,0,0,0,0,0,0,0,0,Eukaryota,Archaeplastida,Chlorophyta,Chlorophyta_X,Chlorophyceae,Chlamydomonadales,Chlamydomonadales_X,Carteria,Carteria_lunzensis,Chlorophyta
ASV_37,0,0,0,0,0,0,0,0,0,0,0,0,0,0,0,0,34,50,101,1760,5119,2618,988,704,1449,419,1835,0,113,0,0,0,0,0,0,0,0,0,0,0,0,0,0,0,0,Eukaryota,TSAR,Alveolata,Chrompodellids,Colpodellidea,Colpodellida,Colpodellida_CHR1,Colpodellida_CHR1_X,Colpodellida_CHR1_X_sp.,Alveolata
ASV_38,0,0,0,0,0,0,0,0,0,0,0,0,0,0,0,58,0,15114,0,5,0,0,3,0,0,0,0,0,0,0,0,0,0,0,0,0,0,0,0,0,0,0,0,0,0,Eukaryota,Obazoa,Opisthokonta,Metazoa,Arthropoda,Crustacea,Ostracoda,Darwinula,Darwinula_stevensoni,Opisthokonta_Arthropoda
ASV_39,0,0,0,0,0,0,0,0,0,0,0,0,0,0,0,0,0,0,0,0,0,0,0,0,0,0,15128,0,0,0,0,0,0,0,0,0,0,0,0,0,0,0,0,0,0,Eukaryota,Obazoa,Opisthokonta,Metazoa,Arthropoda,Crustacea,Ostracoda,NA,NA,Opisthokonta_Arthropoda
ASV_40,0,0,0,0,14045,72,0,12,0,0,0,0,0,82,0,0,0,0,82,0,0,0,0,0,0,63,0,334,180,0,0,0,0,0,22,43,0,0,0,35,0,96,60,0,0,Eukaryota,TSAR,Stramenopiles,Gyrista,Chrysophyceae,Synurales,Synuraceae,Mallomonas,Mallomonas_caudata,Stramenopiles
ASV_41,0,0,0,0,0,0,0,0,0,0,0,0,0,0,0,0,431,0,0,0,0,0,0,0,0,0,0,0,0,0,24,67,0,14568,0,0,0,0,0,0,0,0,0,0,0,Eukaryota,Obazoa,Opisthokonta,Metazoa,Gastrotricha,Gastrotricha_X,Gastrotricha_XX,Chaetonotus,NA,Opisthokonta_Gastrotricha
ASV_42,153,56,147,1951,225,1008,3357,0,0,61,62,0,2894,2443,233,0,0,0,0,0,0,0,0,0,0,0,0,0,0,0,63,0,0,218,480,341,414,129,43,39,0,430,121,15,6,Eukaryota,Archaeplastida,Chlorophyta,Chlorophyta_X,Chlorophyceae,Sphaeropleales,Sphaeropleales_X,Atractomorpha,Atractomorpha_echinata,Chlorophyta
ASV_43,83,454,146,17,0,0,0,0,0,0,0,0,0,0,0,9700,243,101,2904,0,0,0,0,0,0,0,0,0,0,0,289,0,0,514,0,0,0,0,0,0,0,0,0,0,0,Eukaryota,TSAR,Stramenopiles,Gyrista,Peronosporomycetes,Peronosporomycetes,Peronosporales,NA,NA,Stramenopiles
ASV_44,552,648,1207,47,67,92,0,169,0,43,60,0,88,24,0,2716,570,414,1143,189,509,189,427,0,1679,845,52,0,0,0,353,75,20,1228,0,0,501,0,0,0,0,31,0,0,0,Eukaryota,TSAR,Stramenopiles,Gyrista,Peronosporomycetes,Peronosporomycetes,Peronosporales,Pythiaceae,Pythiaceae_sp.,Stramenopiles
ASV_45,0,0,0,0,266,165,44,0,0,0,0,0,0,0,0,0,0,0,0,4360,1891,391,5449,113,218,0,775,0,0,0,0,0,0,0,0,0,0,0,0,0,0,0,0,0,0,Eukaryota,Obazoa,Opisthokonta,Fungi,Chytridiomycota,NA,NA,NA,NA,Opisthokonta_Chytridiomycota
ASV_46,0,0,0,0,0,0,0,0,0,0,0,0,0,0,0,427,103,0,2111,0,0,0,0,0,0,8212,0,274,1610,871,0,0,0,0,0,0,0,0,0,0,0,0,0,0,0,Eukaryota,Obazoa,Opisthokonta,Fungi,Chytridiomycota,Zygophlyctidales,Zygophlyctidaceae,Zygophlyctis,Zygophlyctis_asterionellae,Opisthokonta_Chytridiomycota
ASV_47,0,0,0,0,0,0,0,0,0,0,0,0,0,0,0,234,0,0,18,0,141,0,178,135,1371,3216,935,4012,1979,253,0,0,0,0,0,0,0,0,0,0,0,0,0,0,0,Eukaryota,Archaeplastida,Chlorophyta,Chlorophyta_X,Chlorophyceae,Sphaeropleales,Scenedesmaceae,Scenedesmaceae_X,Scenedesmaceae_X_sp.,Chlorophyta
ASV_48,0,0,0,0,0,0,0,0,0,0,0,0,0,18,0,230,232,582,301,593,87,85,123,36,261,668,624,0,0,0,0,0,0,0,0,0,0,0,1008,0,1107,0,0,6309,0,Eukaryota,TSAR,Stramenopiles,Gyrista,Peronosporomycetes,Peronosporomycetes,Saprolegniales,Saprolegniales_X,Saprolegniales_X_sp.,Stramenopiles
ASV_49,0,0,0,0,0,0,0,0,0,0,0,0,0,0,0,0,0,29,0,2062,6673,829,1174,401,837,160,18,0,0,0,0,0,0,0,0,0,0,0,0,0,0,0,0,0,0,Eukaryota,TSAR,Stramenopiles,Gyrista,Chrysophyceae,Ochromonadales,Ochromonadales_clade-X,Ochromonadales_clade-X_X,Ochromonadales_clade-X_X_sp.,Stramenopiles
ASV_50,0,0,0,0,382,12,340,0,0,0,0,0,0,0,0,0,0,17,0,3780,224,851,95,363,354,1025,0,603,230,3634,0,0,0,0,0,0,0,0,0,0,0,0,0,0,0,Eukaryota,TSAR,Rhizaria,Cercozoa,Filosa-Imbricatea,NA,NA,NA,NA,Rhizaria
ASV_51,0,0,0,0,0,0,0,0,0,0,0,0,0,0,0,0,0,0,0,1236,2862,900,156,1828,1596,534,727,395,437,342,0,0,0,0,0,0,374,70,0,0,0,209,38,0,0,Eukaryota,Archaeplastida,Chlorophyta,Chlorophyta_X,Chlorophyceae,Chlamydomonadales,Chlamydomonadales_X,NA,NA,Chlorophyta
ASV_52,0,0,0,0,0,0,0,0,0,0,0,0,0,0,0,2051,2484,92,29,95,5809,13,0,599,0,378,0,0,0,0,0,0,0,0,0,0,0,0,0,0,0,0,0,0,0,Eukaryota,Obazoa,Opisthokonta,Fungi,Zoopagomycota,Entomophthoromycotina,Entomophthorales,Entomophthora,Entomophthora_muscae,Opisthokonta_Zoopagomycota
ASV_53,39,322,2211,0,0,0,0,68,0,64,4336,30,66,0,85,3,559,292,112,0,142,1316,539,0,529,22,334,0,0,0,33,0,0,167,0,0,61,0,0,0,0,0,0,0,0,Eukaryota,TSAR,Stramenopiles,Gyrista,Peronosporomycetes,Peronosporomycetes,Peronosporales,Peronosporales_X,Peronosporales_X_sp.,Stramenopiles
ASV_54,0,0,0,0,1199,69,741,28,15,147,247,0,152,8203,203,0,0,0,0,0,0,0,0,0,0,0,0,0,0,0,0,0,0,0,0,0,0,0,0,0,0,0,0,0,0,Eukaryota,Cryptista,Cryptophyta,Cryptophyta_X,Cryptophyceae,Cryptomonadales,Cryptomonadales_X,Komma,Komma_caudata,Cryptophyta
ASV_55,24,1324,428,0,0,0,0,0,0,0,333,0,21,0,0,58,4928,616,215,207,70,89,169,1621,79,77,212,0,0,0,0,32,0,109,0,70,117,0,0,0,78,0,0,0,0,Eukaryota,TSAR,Stramenopiles,Gyrista,Peronosporomycetes,Peronosporomycetes,Saprolegniales,Aphanomyces,Aphanomyces_sp.,Stramenopiles
ASV_56,0,0,0,0,0,0,0,0,0,0,0,0,0,0,0,1829,4084,293,3954,0,0,0,0,0,0,0,0,0,0,0,0,0,0,0,0,0,0,0,0,0,0,0,0,0,0,Eukaryota,TSAR,Stramenopiles,Gyrista,Chrysophyceae,NA,NA,NA,NA,Stramenopiles
ASV_57,0,0,0,0,0,0,0,0,0,0,0,0,0,0,0,0,0,0,0,103,1408,2460,0,461,871,136,4072,0,65,0,0,0,0,0,0,0,0,0,0,0,0,0,0,0,0,Eukaryota,Archaeplastida,Chlorophyta,Chlorophyta_X,Chlorophyceae,Chlamydomonadales,Chlamydomonadales_X,Carteria,Carteria_lunzensis,Chlorophyta
ASV_58,0,0,0,0,0,0,0,0,0,0,0,0,0,5,0,0,0,0,0,0,0,0,0,0,0,0,0,0,0,0,31,0,19,51,0,874,544,0,90,120,0,2580,2527,2600,0,Eukaryota,TSAR,Alveolata,Dinoflagellata,Dinophyceae,Gonyaulacales,Ceratiaceae,Ceratium,Ceratium_hirundinella,Alveolata
ASV_59,11,304,20,0,17,0,0,0,0,0,0,0,0,0,0,8311,27,32,138,0,0,0,0,0,72,0,0,0,0,0,258,0,0,36,0,0,0,0,0,0,0,0,0,0,0,Eukaryota,Obazoa,Opisthokonta,Fungi,Basidiomycota,Pucciniomycotina,Cystobasidiomycetes,Rhodotorula,Rhodotorula_phylloplana,Opisthokonta_Basidiomycota
ASV_60,0,0,0,0,0,0,0,0,0,0,0,0,0,0,0,0,0,0,0,0,0,0,0,5,35,56,0,12,9077,0,0,0,0,0,0,0,0,0,0,0,0,0,0,0,0,Eukaryota,TSAR,Rhizaria,Cercozoa,Filosa-Imbricatea,Filosa-Imbricatea_X,NA,NA,NA,Rhizaria
ASV_61,0,0,0,0,0,0,0,0,0,0,0,0,0,0,0,4718,105,482,3473,0,0,0,0,0,0,0,0,0,0,0,22,0,0,281,0,0,0,0,0,0,0,0,0,0,0,Eukaryota,Obazoa,Opisthokonta,Fungi,Chytridiomycota,Rhizophydiales,Rhizophydiaceae,Rhizophydium,NA,Opisthokonta_Chytridiomycota
ASV_62,0,0,0,0,0,0,0,0,0,0,0,0,0,0,0,485,1302,24,1533,19,0,0,0,18,349,3748,0,262,247,642,0,0,0,0,0,0,0,0,0,0,0,0,228,0,0,Eukaryota,Archaeplastida,Streptophyta,Streptophyta_X,Zygnemophyceae, Zygnemophyceae, ZygnemophyceaeX,NA,NA,Streptophyta
ASV_63,6155,409,0,0,0,0,0,0,0,0,0,0,0,0,0,1162,254,113,603,0,0,0,0,0,0,0,0,0,0,0,0,0,0,0,0,0,0,0,0,0,0,0,0,0,0,Eukaryota,Obazoa,Opisthokonta,Fungi,Rozellomycota,Rozellomycota_X,Rozellomycota_XX,Rozella,Rozella_allomycis,Opisthokonta_Rozellomycota
ASV_64,0,0,0,0,0,0,0,0,0,0,0,0,0,0,0,206,102,248,415,3507,160,0,87,54,213,354,0,611,2235,94,28,0,0,195,0,0,0,0,0,0,0,9,0,9,0,Eukaryota,Cryptista,Cryptophyta,Cryptophyta_X,Cryptophyceae,Goniomonadales,Goniomonadales_X,Goniomonas,Goniomonas_truncata,Cryptophyta
ASV_65,0,0,0,0,0,0,0,0,0,0,0,0,0,0,0,0,0,0,0,0,0,0,0,0,0,0,0,0,0,0,7989,0,0,509,0,0,0,0,0,0,0,0,0,0,0,Eukaryota,Obazoa,Opisthokonta,Metazoa,Arthropoda,Crustacea,Branchiopoda,NA,NA,Opisthokonta_Arthropoda
ASV_66,242,0,181,0,198,0,0,0,520,724,0,675,0,572,311,0,0,0,0,0,0,0,0,0,0,0,0,632,255,456,349,0,288,0,174,136,0,162,325,321,310,347,516,449,330,Eukaryota,Obazoa,Opisthokonta,Metazoa,Arthropoda,Crustacea,Maxillopoda,NA,NA,Opisthokonta_Arthropoda
ASV_67,0,0,0,0,0,0,0,0,0,0,0,0,0,0,0,3918,1179,1582,1185,0,0,0,564,0,0,0,0,0,0,0,0,0,0,0,0,0,0,0,0,0,0,0,0,0,0,Eukaryota,Archaeplastida,Chlorophyta,Chlorophyta_X,Trebouxiophyceae,Chlorellales,Chlorellales_X,Crucigenia,Crucigenia_pulchra,Chlorophyta
ASV_68,0,0,0,65,2692,326,380,113,0,0,0,110,67,0,0,4092,0,0,102,0,0,0,0,0,0,28,0,0,83,0,0,0,0,0,62,16,164,0,0,0,0,0,0,0,0,Eukaryota,Archaeplastida,Chlorophyta,Chlorophyta_X,Chlorophyceae,Sphaeropleales,Sphaeropleales_X,Coelastrum,Coelastrum_astroideum,Chlorophyta
ASV_69,0,0,17,74,36,0,0,0,0,0,0,0,0,22,0,176,259,161,260,1346,0,248,3053,278,250,651,188,444,111,67,0,0,0,345,0,23,217,0,0,0,0,26,24,0,0,Eukaryota,TSAR,Stramenopiles,Bigyra,Opalozoa,Opalozoa_X,MAST-12,MAST-12C,MAST-12C_sp.,Stramenopiles
ASV_70,0,0,0,0,0,0,0,0,0,0,0,0,0,0,0,0,212,79,305,2674,2183,195,659,497,344,169,774,0,98,73,0,0,0,0,0,0,0,0,0,0,0,0,0,0,0,Eukaryota,Cryptista,Cryptophyta,Cryptophyta_X,Cryptophyceae,NA,NA,NA,NA,Cryptophyta
ASV_71,0,0,0,0,0,0,0,0,0,0,0,0,0,0,0,0,0,0,0,87,2489,1760,0,449,971,137,2036,138,103,0,0,0,0,0,0,0,0,0,0,0,0,0,0,0,0,Eukaryota,Archaeplastida,Chlorophyta,Chlorophyta_X,Chlorophyceae,Chlamydomonadales,Chlamydomonadales_X,Carteria,Carteria_lunzensis,Chlorophyta
ASV_72,0,0,0,0,0,0,0,0,0,0,0,0,0,0,0,0,1365,2665,82,831,167,66,158,0,236,2414,0,0,0,0,0,0,0,146,0,0,0,0,0,0,0,0,0,0,0,Eukaryota,TSAR,Stramenopiles,Bigyra,Bicoecea,Bicoecales,Bicoecaceae,Bicosoeca,Bicosoeca_petiolata,Stramenopiles
ASV_73,0,0,0,0,117,0,0,0,0,0,0,0,0,0,0,102,0,78,0,146,2493,61,1451,201,613,340,499,94,1766,73,0,0,0,0,0,0,0,0,0,0,0,0,0,0,0,Eukaryota,Archaeplastida,Chlorophyta,Chlorophyta_X,Chlorophyceae,Sphaeropleales,Sphaeropleales_X,Protodesmus,Protodesmus_globulifer,Chlorophyta
ASV_74,0,0,0,0,0,0,0,0,0,0,0,0,0,0,0,0,3,0,28,888,3309,3488,179,48,50,0,0,0,0,0,0,0,0,0,0,0,0,0,0,0,0,0,0,0,0,Eukaryota,Obazoa,Opisthokonta,Choanoflagellata,Choanoflagellatea,NA,NA,NA,NA,Opisthokonta_Choanoflagellatea
ASV_75,0,0,0,0,542,0,40,0,0,0,78,68,0,0,0,0,47,0,0,4860,0,0,0,442,155,0,0,1264,40,0,0,0,0,127,0,0,117,0,0,44,30,26,41,0,26,Eukaryota,TSAR,Stramenopiles,Gyrista,Chrysophyceae,Ochromonadales,Ochromonadaceae,Poterioochromonas,Poterioochromonas_stipitata,Stramenopiles
ASV_76,59,0,23,54,0,0,0,0,0,0,0,0,0,0,0,1069,559,755,431,96,0,0,0,193,175,210,223,0,0,0,620,0,13,2961,59,0,0,95,59,0,0,14,57,21,0,Eukaryota,Cryptista,Cryptophyta,Cryptophyta_X,Cryptophyceae,Cryptomonadales,Cryptomonadales_X,Plagioselmis,Plagioselmis_nannoplanctica,Cryptophyta
ASV_77,0,0,0,0,0,0,0,0,0,0,0,0,0,0,0,1174,346,381,608,173,410,97,1689,145,2176,470,0,0,0,0,0,0,0,0,0,0,0,0,0,0,0,0,0,0,0,Eukaryota,Obazoa,Opisthokonta,Fungi,Chytridiomycota,Rhizophydiales,NA,NA,NA,Opisthokonta_Chytridiomycota
ASV_78,0,0,0,0,0,0,0,0,0,0,0,0,0,0,0,0,86,0,70,0,99,0,0,179,179,7052,0,0,0,0,0,0,0,0,0,0,0,0,0,0,0,0,0,0,0,Eukaryota,TSAR,Stramenopiles,Gyrista,Chrysophyceae,NA,NA,NA,NA,Stramenopiles
ASV_79,0,0,0,0,0,33,0,10,0,0,0,0,0,0,0,0,0,0,0,0,572,670,0,4286,785,453,399,165,0,111,0,0,0,0,0,0,0,0,0,0,0,0,0,0,0,Eukaryota,TSAR,Stramenopiles,Bigyra,Opalozoa,Opalozoa_X,MAST-12,MAST-12_X,MAST-12_X_sp.,Stramenopiles
ASV_80,0,0,0,0,0,0,26,0,0,0,0,13,0,0,0,0,30,0,51,762,202,301,4187,0,0,0,0,0,1068,378,22,0,0,336,0,0,71,0,0,0,0,8,0,0,0,Eukaryota,Obazoa,Opisthokonta,Choanoflagellata,Choanoflagellatea,NA,NA,NA,NA,Opisthokonta_Choanoflagellatea
ASV_81,0,0,0,0,0,0,0,0,0,0,0,0,0,0,0,0,0,20,56,2800,1763,46,378,156,131,133,1905,0,0,21,0,0,0,0,0,0,0,0,0,0,0,0,0,4,5,Eukaryota,Cryptista,Cryptophyta,Cryptophyta_X,Cryptophyceae,Cryptomonadales,Cryptomonadales_X,Cryptomonas,Cryptomonas_ovata,Cryptophyta
ASV_82,0,0,0,0,0,0,0,0,252,85,1001,0,0,0,0,0,0,0,0,0,0,9,0,326,1209,955,1137,543,1819,13,0,0,0,0,0,0,0,0,0,0,0,0,0,0,0,Eukaryota,Obazoa,Opisthokonta,Fungi,Chytridiomycota,Rhizophydiales,NA,NA,NA,Opisthokonta_Chytridiomycota
ASV_83,0,0,0,0,0,0,0,0,0,0,0,0,0,0,0,315,238,200,1292,0,0,0,0,746,392,1143,441,74,1520,714,0,0,0,0,0,0,0,0,0,0,0,0,0,0,0,Eukaryota,Obazoa,Opisthokonta,Fungi,Chytridiomycota,Rhizophydiales,Rhizophydiales_X,Rhizophydiales_XX,Rhizophydiales_XX_sp.,Opisthokonta_Chytridiomycota
ASV_84,0,0,0,0,0,0,267,0,0,0,0,0,0,0,0,0,0,0,0,1716,2375,0,40,0,151,851,0,1185,0,70,355,0,0,0,0,0,0,0,0,0,0,0,0,0,0,Eukaryota,Cryptista,Cryptophyta,Cryptophyta_X,Cryptophyceae,Cryptophyceae_X,Basal_Cryptophyceae-1,Basal_Cryptophyceae-1_X,Basal_Cryptophyceae-1_X_sp.,Cryptophyta
ASV_85,0,0,0,0,28,70,32,0,171,135,41,70,0,0,0,0,0,0,0,56,3818,37,173,195,224,195,441,882,270,162,0,0,0,0,0,0,0,0,0,0,0,0,0,0,0,Eukaryota,Obazoa,Opisthokonta,Fungi,Chytridiomycota,Chytridiales,Chytridiaceae,Chytridium,Chytridium_polysiphoniae,Opisthokonta_Chytridiomycota
ASV_86,0,0,0,2583,0,0,0,0,58,0,0,0,0,0,0,0,0,0,0,412,190,77,157,0,0,82,0,0,0,321,629,391,0,2055,0,0,0,0,0,0,0,0,0,0,0,Eukaryota,Cryptista,Cryptophyta,Cryptophyta_X,Cryptophyceae,Cryptophyceae_X,Basal_Cryptophyceae-1,Basal_Cryptophyceae-1_X,Basal_Cryptophyceae-1_X_sp.,Cryptophyta
ASV_87,0,0,0,0,0,0,0,0,0,0,0,0,0,0,0,469,14,13,185,1391,604,66,94,622,1052,260,0,364,1559,175,0,0,0,0,0,0,0,0,0,0,0,0,0,0,0,Eukaryota,TSAR,Rhizaria,Cercozoa,Filosa-Imbricatea,Spongomonadida,Spongomonadidae,Spongomonas,Spongomonas_minima,Rhizaria
ASV_88,0,177,471,0,0,207,536,0,0,0,0,0,0,0,0,143,0,0,0,0,0,0,0,1020,0,0,0,0,0,394,0,0,0,0,0,1921,1719,140,0,0,0,0,0,0,0,Eukaryota,Obazoa,Opisthokonta,Metazoa,Arthropoda,Crustacea,Ostracoda,Cypridopsis,Cypridopsis_japonica,Opisthokonta_Arthropoda
ASV_89,0,0,0,0,0,0,0,0,0,0,0,0,0,0,0,107,0,0,0,0,0,0,0,185,1218,1296,257,111,3162,256,0,0,0,0,0,0,0,0,0,0,0,24,0,0,0,Eukaryota,Obazoa,Opisthokonta,Ichthyosporea,Ichthyophonida,Pseudoperkinsidae,Pseudoperkinsidae_X,Pseudoperkinsidae_XX,Pseudoperkinsidae_XX_sp.,Opisthokonta_Ichthyophonida
ASV_90,0,0,0,0,0,0,0,0,0,0,0,0,0,0,0,0,0,0,0,0,989,1491,0,417,747,0,2891,0,0,0,0,0,0,0,0,0,0,0,0,0,0,0,0,0,0,Eukaryota,Archaeplastida,Chlorophyta,Chlorophyta_X,Chlorophyceae,Chlamydomonadales,Chlamydomonadales_X,Carteria,Carteria_lunzensis,Chlorophyta
ASV_91,107,61,45,245,95,0,0,0,0,0,0,13,0,0,0,651,236,531,461,2546,584,20,209,201,114,57,104,0,0,0,24,0,0,121,0,0,0,0,35,0,0,0,34,0,0,Eukaryota,Cryptista,Cryptophyta,Cryptophyta_X,Cryptophyceae,Cryptomonadales,Cryptomonadales_X,Plagioselmis,Plagioselmis_nannoplanctica,Cryptophyta
ASV_92,0,0,0,0,50,0,0,70,0,0,214,0,0,0,0,89,1087,3099,460,0,90,0,0,746,0,0,0,153,0,0,24,0,0,301,0,0,0,0,0,0,0,0,0,0,0,Eukaryota,TSAR,Stramenopiles,Gyrista,Peronosporomycetes,Peronosporomycetes,Saprolegniales,Aphanomyces,Aphanomyces_invadans,Stramenopiles
ASV_93,0,0,0,0,0,0,0,0,0,0,0,0,0,0,0,0,48,28,53,3882,943,150,857,175,201,0,0,0,0,0,0,0,0,0,0,0,0,0,0,0,0,0,0,0,0,Eukaryota,Archaeplastida,Chlorophyta,Chlorophyta_X,Chlorophyceae,Chlamydomonadales,Chlamydomonadales_X,Carteria,Carteria_sp.,Chlorophyta
ASV_94,0,0,0,0,0,0,0,0,0,0,0,0,0,0,0,4867,0,0,173,0,0,0,0,0,0,0,0,0,0,0,1150,0,0,47,0,0,0,0,0,0,0,0,0,0,0,Eukaryota,TSAR,Stramenopiles,Gyrista,Peronosporomycetes,Peronosporomycetes,Peronosporales,Peronosporales_X,Peronosporales_X_sp.,Stramenopiles
ASV_95,0,0,0,0,0,0,0,0,0,0,0,0,0,0,0,0,413,0,286,1139,614,0,212,3386,0,0,0,0,0,0,0,0,0,0,0,0,0,0,0,0,0,0,0,0,0,Eukaryota,TSAR,Stramenopiles,Gyrista,Chrysophyceae,NA,NA,NA,NA,Stramenopiles
ASV_96,0,0,0,0,0,0,0,0,0,0,0,0,0,0,0,0,0,0,0,0,0,0,0,0,0,0,0,0,0,0,315,211,0,5478,0,0,0,0,0,0,0,0,0,0,0,Eukaryota,TSAR,Stramenopiles,Bigyra,Bicoecea,Pseudodendromonadales,Pseudodendromonadales_X,Pseudodendromonadales_XX,Pseudodendromonadales_XX_sp.,Stramenopiles
ASV_97,0,0,0,0,0,0,0,0,0,0,0,0,0,0,0,487,374,997,440,0,2918,231,0,0,0,0,552,0,0,0,0,0,0,0,0,0,0,0,0,0,0,0,0,0,0,Eukaryota,TSAR,Stramenopiles,Gyrista,Chrysophyceae,NA,NA,NA,NA,Stramenopiles
ASV_98,0,0,0,0,0,0,0,0,0,0,0,0,0,0,0,0,32,42,0,186,1549,14,266,0,95,216,0,1493,1250,780,0,0,0,0,0,0,0,0,0,0,0,0,0,0,0,Eukaryota,Archaeplastida,Chlorophyta,Chlorophyta_X,Chlorophyceae,Sphaeropleales,Sphaeropleales_X,Radiococcus,Radiococcus_polycoccus,Chlorophyta
ASV_99,0,0,0,0,0,0,0,0,0,0,0,0,0,0,0,110,613,0,265,255,3497,344,97,120,327,87,0,0,0,0,0,0,0,0,72,0,0,31,32,0,0,25,0,0,0,Eukaryota,Archaeplastida,Chlorophyta,Chlorophyta_X,Trebouxiophyceae,Chlorellales,Chlorellales_X,Micractinium,Micractinium_reisseri,Chlorophyta
ASV_100,0,0,0,0,0,0,0,0,0,0,0,0,0,0,0,0,668,2244,0,173,0,0,0,0,0,24,0,2608,0,0,0,0,0,0,0,0,0,0,0,0,0,0,0,0,0,Eukaryota,TSAR,Stramenopiles,Gyrista,Chrysophyceae,Ochromonadales,Ochromonadaceae,Chlorochromonas,Chlorochromonas_sp.,Stramenopiles
ASV_101,0,0,0,0,0,0,0,0,209,559,0,441,0,449,239,0,0,0,0,0,0,0,0,0,0,0,0,300,0,0,0,0,0,0,0,0,0,0,368,521,419,444,664,595,437,Eukaryota,Obazoa,Opisthokonta,Metazoa,Arthropoda,Crustacea,Maxillopoda,NA,NA,Opisthokonta_Arthropoda
ASV_102,0,0,0,0,0,0,0,0,0,0,0,0,0,0,0,0,0,0,0,66,440,56,0,71,56,94,357,0,3007,1462,0,0,0,0,0,0,0,0,0,0,0,0,0,0,9,Eukaryota,Obazoa,Opisthokonta,Fungi,Chytridiomycota,Rhizophydiales,Rhizophydiales_X,Rhizophydiales_XX,Rhizophydiales_XX_sp.,Opisthokonta_Chytridiomycota
ASV_103,0,0,0,0,44,0,0,235,0,0,26,0,0,0,0,0,0,0,0,0,0,0,0,107,0,0,0,0,0,0,0,0,0,5148,0,0,0,0,0,0,0,0,0,0,0,Eukaryota,Obazoa,Opisthokonta,Metazoa,Gastrotricha,Gastrotricha_X,Gastrotricha_XX,Chaetonotus,Chaetonotus_sp.,Opisthokonta_Gastrotricha
ASV_104,0,0,0,0,0,0,0,0,0,0,0,0,0,0,0,0,0,0,0,2128,0,63,113,60,1108,77,308,0,1200,270,0,0,0,116,0,0,0,0,0,0,0,0,0,0,0,Eukaryota,TSAR,Stramenopiles,Bigyra,Bicoecea,Bicoecales,Bicoecaceae,Bicoecaceae_X,Bicoecaceae_X_sp.,Stramenopiles
ASV_105,93,447,3569,826,91,0,0,339,0,0,0,0,0,0,0,0,0,0,0,0,0,0,0,0,0,0,0,0,0,0,0,0,0,0,0,0,0,0,0,0,0,0,0,0,0,Eukaryota,Archaeplastida,Chlorophyta,Chlorophyta_X,Trebouxiophyceae,Chlorellales,Chlorellales_X,Amphikrikos,Amphikrikos_sp.,Chlorophyta
ASV_106,21,105,205,254,124,0,0,195,0,0,0,0,0,0,0,0,0,0,46,473,0,0,913,0,102,0,0,0,0,0,0,0,0,0,13,0,2905,0,0,0,0,0,0,0,0,Eukaryota,Obazoa,Opisthokonta,Fungi,Chytridiomycota,Rhizophydiales,Rhizophydiales_X,Rhizophydiales_XX,Rhizophydiales_XX_sp.,Opisthokonta_Chytridiomycota
ASV_107,1,0,0,0,51,0,0,0,0,0,0,0,0,0,0,170,15,3,812,129,0,0,3997,0,0,0,0,0,0,0,88,31,0,51,0,0,0,0,0,0,0,0,0,0,0,Eukaryota,TSAR,Stramenopiles,Gyrista,Peronosporomycetes,Peronosporomycetes,Peronosporales,Peronosporales_X,Peronosporales_X_sp.,Stramenopiles
ASV_108,0,0,0,0,0,0,0,0,0,0,0,0,0,0,0,0,0,0,0,0,0,0,0,0,0,0,0,0,0,0,0,0,0,0,507,260,51,115,210,0,0,4081,64,0,0,Eukaryota,Cryptista,Cryptophyta,Cryptophyta_X,Cryptophyceae,Cryptomonadales,Cryptomonadales_X,Cryptomonas,NA,Cryptophyta
ASV_109,0,0,0,0,0,17,0,0,0,0,0,0,0,0,0,0,0,0,0,0,0,0,0,0,0,0,0,0,0,0,0,0,0,0,0,0,5165,31,0,0,0,47,0,24,0,Eukaryota,TSAR,Stramenopiles,Gyrista,Chrysophyceae,Paraphysomonadales,Paraphysomonadaceae,Paraphysomonas,Paraphysomonas_vulgaris,Stramenopiles
ASV_110,0,2659,1159,1207,0,0,48,0,0,0,0,0,0,0,0,0,0,0,0,0,0,0,0,0,0,0,0,0,0,0,0,0,0,0,0,0,0,0,0,0,0,0,56,0,0,Eukaryota,Obazoa,Opisthokonta,NA,NA,NA,NA,NA,NA,Opisthokonta_Unclassified
ASV_111,0,0,0,0,0,0,0,0,0,0,0,0,0,0,0,0,0,0,0,0,0,0,0,0,0,0,0,0,0,0,0,84,0,0,375,321,365,3845,0,0,0,79,0,0,0,Eukaryota,Archaeplastida,Chlorophyta,Chlorophyta_X,Chlorophyceae,Sphaeropleales,Sphaeropleales_X,Ankyra,Ankyra_judayi,Chlorophyta
ASV_112,0,0,0,0,121,0,0,0,0,0,0,0,0,0,0,0,0,0,0,0,0,0,0,0,0,0,0,0,129,0,0,0,0,0,4234,301,0,0,0,0,0,282,0,0,0,Eukaryota,Cryptista,Cryptophyta,Cryptophyta_X,Cryptophyceae,Cryptomonadales,Cryptomonadales_X,Cryptomonas,Cryptomonas_pyrenoidifera,Cryptophyta
ASV_113,0,0,0,0,0,0,0,0,0,0,0,0,0,0,0,1334,555,0,0,0,0,0,0,0,0,0,0,0,557,0,0,92,39,2460,0,0,0,0,0,0,8,0,0,0,0,Eukaryota,Obazoa,Opisthokonta,Metazoa,Gastrotricha,Gastrotricha_X,Gastrotricha_XX,Lepidodermella,Lepidodermella_squamata,Opisthokonta_Gastrotricha
ASV_114,0,0,0,0,0,0,0,0,0,0,0,0,0,0,0,0,0,0,0,0,682,0,30,20,224,297,637,683,2375,95,0,0,0,0,0,0,0,0,0,0,0,0,0,0,0,Eukaryota,Archaeplastida,Chlorophyta,Chlorophyta_X,Chlorophyceae,Sphaeropleales,Sphaeropleales_X,NA,NA,Chlorophyta
ASV_115,0,0,0,0,130,0,45,0,0,0,0,0,0,0,0,0,0,0,0,0,0,0,0,0,0,0,0,0,0,0,909,1601,90,2240,0,0,0,0,0,0,0,0,0,0,0,Eukaryota,Archaeplastida,Chlorophyta,Chlorophyta_X,Chlorophyceae,Sphaeropleales,Sphaeropleales_X,Pediastrum,Pediastrum_duplex,Chlorophyta
ASV_116,0,60,391,75,0,0,227,0,0,9,0,0,15,12,0,0,0,37,0,67,1351,222,257,14,319,156,0,0,0,0,14,110,0,243,0,35,936,0,48,0,11,399,0,0,0,Eukaryota,TSAR,Rhizaria,Cercozoa,Filosa-SarcomoNAdea,Pansomonadida,Pansomonadida_X,Pansomonadida_XX,Pansomonadida_XX_sp.,Rhizaria
ASV_117,0,0,0,0,0,0,0,0,0,0,0,0,0,0,0,0,0,0,0,0,0,0,0,0,0,0,0,0,0,0,0,0,0,0,0,419,4510,0,0,0,0,15,0,0,0,Eukaryota,TSAR,Rhizaria,Cercozoa,Novel-clade-10-12,Novel-clade-10,Novel-clade-10_X,Novel-clade-10_XX,Novel-clade-10_XX_sp.,Rhizaria
ASV_118,0,0,0,0,0,0,0,0,0,0,0,0,0,0,0,4484,0,33,0,0,0,0,0,0,0,0,0,0,0,0,179,0,0,159,0,0,0,0,0,0,0,0,0,0,0,Eukaryota,Archaeplastida,Chlorophyta,Chlorophyta_X,Chlorophyceae,Oedogoniales,Oedogoniales_X,Oedogonium,Oedogonium_sp.,Chlorophyta
ASV_119,0,0,0,0,0,0,0,0,0,0,0,0,0,0,0,999,283,61,919,0,87,239,0,71,394,523,272,1005,0,0,0,0,0,0,0,0,0,0,0,0,0,0,0,0,0,Eukaryota,TSAR,Stramenopiles,Bigyra,Bicoecea,Pseudodendromonadales,Pseudodendromonadales_X,Pseudodendromonadales_XX,Pseudodendromonadales_XX_sp.,Stramenopiles
ASV_120,0,0,0,0,0,0,0,0,0,0,0,0,0,0,0,0,22,0,0,0,0,0,0,0,0,0,0,0,0,0,64,0,0,486,0,219,3607,0,0,96,0,0,174,0,0,Eukaryota,TSAR,Stramenopiles,Bigyra,Bicoecea,Bicoecales,Bicoecaceae,Bicoecaceae_X,Bicoecaceae_X_sp.,Stramenopiles
ASV_121,0,0,0,0,0,0,0,0,0,0,0,0,0,0,0,0,0,0,0,537,1326,35,0,31,2404,274,0,0,0,0,0,0,0,0,0,0,0,0,0,0,0,0,21,0,0,Eukaryota,Obazoa,Opisthokonta,Fungi,Chytridiomycota,Rhizophydiales,Rhizophydiales_X,Rhizophydiales_XX,Rhizophydiales_XX_sp.,Opisthokonta_Chytridiomycota
ASV_122,0,0,0,0,4470,0,0,0,0,0,0,21,0,0,0,0,0,0,0,0,0,0,0,0,0,0,0,0,0,0,0,0,0,17,0,0,0,0,0,0,0,0,0,0,0,Eukaryota,Obazoa,Opisthokonta,Metazoa,Arthropoda,Chelicerata,Arachnida,Horreolanus,Horreolanus_orphanus,Opisthokonta_Arthropoda
ASV_123,0,0,0,8,0,0,0,0,0,0,0,0,0,0,0,139,42,56,94,37,150,63,397,220,1009,1182,0,57,784,217,0,0,0,0,0,0,0,0,0,0,0,0,0,0,0,Eukaryota,TSAR,Stramenopiles,Gyrista,Eustigmatophyceae,Eustigmatophyceae_X,Eustigmatophyceae_XX,NA,NA,Stramenopiles
ASV_124,0,0,0,0,0,0,0,0,0,0,0,0,0,0,0,0,0,0,0,401,0,21,817,0,0,0,0,41,0,3138,0,0,0,0,0,0,0,0,0,0,0,0,0,0,0,Eukaryota,Obazoa,Opisthokonta,Fungi,Chytridiomycota,Rhizophydiales,Rhizophydiales_X,Rhizophydiales_XX,Rhizophydiales_XX_sp.,Opisthokonta_Chytridiomycota
ASV_125,0,0,0,0,0,0,0,0,0,0,0,0,0,0,0,0,1324,0,2921,0,54,86,0,0,0,0,0,0,0,0,0,0,0,0,0,0,0,0,0,0,0,0,0,0,0,Eukaryota,Archaeplastida,Chlorophyta,Chlorophyta_X,Chlorophyceae,Oedogoniales,Oedogoniales_X,Oedogonium,Oedogonium_sp.,Chlorophyta
ASV_126,0,0,0,0,0,0,0,0,0,0,0,0,0,0,0,120,0,0,0,0,724,0,0,107,0,0,0,0,327,0,0,31,0,3072,0,0,0,0,0,0,0,0,0,0,0,Eukaryota,Obazoa,Opisthokonta,Metazoa,Gastrotricha,Gastrotricha_X,Gastrotricha_XX,Chaetonotus,NA,Opisthokonta_Gastrotricha
ASV_127,0,89,51,117,0,0,79,0,91,22,73,0,12,0,0,0,25,104,0,30,0,138,769,144,792,176,955,0,0,181,0,42,0,106,0,0,0,37,0,100,0,189,0,0,0,Eukaryota,Cryptista,Cryptophyta,Cryptophyta_X,Cryptophyceae,Cryptophyceae_X,Basal_Cryptophyceae-1,Basal_Cryptophyceae-1_X,Basal_Cryptophyceae-1_X_sp.,Cryptophyta
ASV_128,0,0,0,0,335,3523,338,105,0,0,0,0,0,0,0,0,0,0,0,0,0,0,0,0,0,0,0,0,0,0,0,0,0,0,0,0,17,0,0,0,0,0,0,0,0,Eukaryota,Archaeplastida,Chlorophyta,Chlorophyta_X,Chlorophyceae,Chlamydomonadales,Chlamydomonadales_X,NA,NA,Chlorophyta
ASV_129,0,0,0,0,0,0,0,0,0,0,0,0,0,0,0,90,52,61,0,707,1096,159,922,0,722,193,189,87,0,0,0,0,0,0,0,0,0,0,0,0,0,0,0,0,0,Eukaryota,Archaeplastida,Streptophyta,Streptophyta_X,Zygnemophyceae, Zygnemophyceae, ZygnemophyceaeX,Actinotaenium,Actinotaenium_cruciferum,Streptophyta
ASV_130,0,954,3096,68,57,0,0,47,0,0,0,0,0,0,0,0,0,0,0,0,0,0,0,0,0,0,0,0,0,0,0,0,0,0,0,0,0,0,0,0,0,0,0,0,0,Eukaryota,Obazoa,Opisthokonta,Fungi,NA,NA,NA,NA,NA,Opisthokonta_Unclassified
ASV_131,0,0,0,0,0,0,0,0,0,0,0,0,0,0,0,0,0,0,0,2796,805,0,355,0,0,25,0,97,85,0,0,0,0,0,0,0,0,0,0,0,0,0,0,0,0,Eukaryota,TSAR,Rhizaria,Cercozoa,Filosa-SarcomoNAdea,Cercomonadida,Cercomonadidae,Cercomonas,Cercomonas_sp.,Rhizaria
ASV_132,0,0,0,0,0,0,32,0,0,0,0,0,19,0,0,0,0,0,0,75,0,0,46,0,0,0,0,0,0,0,2502,0,0,1464,0,0,0,0,0,0,0,0,0,0,0,Eukaryota,Archaeplastida,Chlorophyta,Chlorophyta_X,Mamiellophyceae,Monomastigales,Monomastigaceae,Monomastix,Monomastix_minuta,Chlorophyta
ASV_133,0,0,0,0,0,0,0,0,0,0,0,0,0,0,0,98,79,27,85,0,0,0,0,2599,32,235,0,0,953,9,0,0,0,0,0,0,0,0,0,0,0,0,0,0,0,Eukaryota,TSAR,Rhizaria,Cercozoa,Filosa-Imbricatea,Filosa-Imbricatea_X,Novel-clade-2,Novel-clade-2_X,Novel-clade-2_X_sp.,Rhizaria
ASV_134,0,0,0,0,0,0,0,0,0,0,0,0,0,0,0,0,0,0,0,1711,161,0,2232,0,0,0,0,0,0,0,0,0,0,0,0,0,0,0,0,0,0,0,0,0,0,Eukaryota,TSAR,Stramenopiles,Gyrista,Chrysophyceae,Ochromonadales,NA,NA,NA,Stramenopiles
ASV_135,0,24,36,239,0,0,25,0,0,0,0,0,0,0,0,0,142,250,130,145,90,46,0,376,375,336,23,175,390,33,24,0,0,52,0,21,1012,0,0,63,0,0,61,0,0,Eukaryota,Cryptista,Cryptophyta,Cryptophyta_X,Cryptophyceae,Cryptophyceae_X,Basal_Cryptophyceae-1,Basal_Cryptophyceae-1_X,Basal_Cryptophyceae-1_X_sp.,Cryptophyta
ASV_136,0,0,0,0,0,0,0,0,0,0,0,0,0,0,0,207,112,0,1720,152,0,157,0,0,0,135,0,140,0,1374,0,0,0,0,0,0,0,0,0,0,0,49,0,0,0,Eukaryota,TSAR,Stramenopiles,Bigyra,Bicoecea,Bicoecales,Bicoecaceae,Bicoecaceae_X,Bicoecaceae_X_sp.,Stramenopiles
ASV_137,75,3310,268,0,0,0,0,0,0,0,0,0,0,0,0,183,61,92,20,0,0,0,0,0,0,0,0,0,0,0,0,0,0,0,0,0,0,0,0,0,0,0,0,0,0,Eukaryota,Obazoa,Opisthokonta,Fungi,Chytridiomycota,Rhizophydiales,Rhizophydiaceae,Rhizophydium,NA,Opisthokonta_Chytridiomycota
ASV_138,0,0,0,0,0,0,0,0,0,0,0,0,0,0,0,70,0,0,31,1916,273,64,1243,407,0,0,0,0,0,0,0,0,0,0,0,0,0,0,0,0,0,0,0,0,0,Eukaryota,TSAR,Stramenopiles,Gyrista,Chrysophyceae,Chromulinales,Chrysosphaerellaceae,Chrysosphaerella,Chrysosphaerella_brevispina,Stramenopiles
ASV_139,0,0,0,0,0,0,0,0,0,0,0,0,0,0,0,0,0,0,21,0,0,0,0,184,2004,1535,0,0,194,0,0,0,0,0,35,0,23,0,0,0,0,0,0,0,0,Eukaryota,Cryptista,Cryptophyta,Cryptophyta_X,Cryptophyceae,Cryptomonadales,Cryptomonadales_X,Cryptomonas,Cryptomonas_obovoidea,Cryptophyta
ASV_140,32,144,228,340,261,67,232,33,29,14,25,0,0,16,0,1025,0,0,158,0,0,0,0,0,0,52,0,0,524,144,0,0,0,0,22,11,11,0,55,323,53,20,164,6,0,Eukaryota,Archaeplastida,Streptophyta,Streptophyta_X,Zygnemophyceae, Zygnemophyceae, ZygnemophyceaeX,Closterium,NA,Streptophyta
ASV_141,0,0,0,0,0,0,0,0,0,0,0,0,0,0,0,849,90,157,110,0,384,0,404,0,414,320,0,604,585,0,0,0,0,0,0,0,62,0,0,0,0,0,0,0,0,Eukaryota,Archaeplastida,Chlorophyta,Chlorophyta_X,Chlorophyceae,Sphaeropleales,Sphaeropleales_X,Tetraedron,Tetraedron_minimum,Chlorophyta
ASV_142,0,0,0,0,0,0,0,0,0,0,0,0,0,0,0,57,151,263,337,87,2018,0,44,286,476,174,0,0,0,0,0,0,0,0,0,0,0,0,0,0,0,0,0,0,0,Eukaryota,TSAR,Stramenopiles,Bigyra,Bicoecea,Pseudodendromonadales,Pseudodendromonadales_X,Adriamonas,Adriamonas_peritocrescens,Stramenopiles
ASV_143,65,213,394,881,700,122,393,70,0,12,11,0,356,83,77,0,0,0,0,0,0,0,0,0,0,0,0,0,0,0,0,0,0,0,0,119,144,0,0,49,0,194,0,0,0,Eukaryota,Archaeplastida,Streptophyta,Streptophyta_X,Zygnemophyceae, Zygnemophyceae, ZygnemophyceaeX,Closterium,Closterium_sp.,Streptophyta
ASV_144,0,0,0,0,0,0,0,0,0,0,0,0,0,0,0,2891,573,0,344,0,0,0,0,0,0,0,0,0,0,0,0,0,0,0,0,0,0,0,0,0,0,0,0,0,0,Eukaryota,Obazoa,Opisthokonta,Metazoa,Gastrotricha,Gastrotricha_X,Gastrotricha_XX,Chaetonotus,NA,Opisthokonta_Gastrotricha
ASV_145,0,0,0,0,0,0,0,0,0,0,0,0,0,0,0,0,0,0,0,0,0,0,0,0,0,0,0,0,0,0,1798,0,0,1994,0,0,0,0,0,0,0,0,0,0,0,Eukaryota,Obazoa,Opisthokonta,Fungi,NA,NA,NA,NA,NA,Opisthokonta_Unclassified
ASV_146,0,20,96,17,0,0,0,0,0,0,0,0,0,0,0,0,0,0,0,1354,49,35,81,303,1353,21,146,184,0,99,0,0,0,0,0,0,0,0,0,0,0,0,0,0,0,Eukaryota,Obazoa,Opisthokonta,Fungi,Chytridiomycota,Spizellomycetales,NA,NA,NA,Opisthokonta_Chytridiomycota
ASV_147,0,49,518,0,1768,0,0,1029,0,0,0,0,0,0,0,0,0,0,0,0,26,0,145,0,0,0,0,0,0,44,0,0,0,0,0,0,0,0,14,27,0,0,34,0,0,Eukaryota,Archaeplastida,Chlorophyta,Chlorophyta_X,Chlorophyceae,NA,NA,NA,NA,Chlorophyta
ASV_148,0,0,0,0,245,3228,26,0,0,0,0,19,0,0,0,0,0,0,0,0,0,0,0,0,0,0,0,0,0,0,0,0,0,0,0,0,0,0,0,20,0,0,63,0,0,Eukaryota,Archaeplastida,Chlorophyta,Chlorophyta_X,Chlorophyceae,Chlamydomonadales,Chlamydomonadales_X,Carteria,Carteria_sp.,Chlorophyta
ASV_149,0,0,0,0,0,0,0,0,0,0,447,0,1716,0,1307,0,0,0,0,0,0,0,0,0,0,0,0,0,0,0,0,0,0,0,0,0,0,0,0,0,0,0,0,0,0,Eukaryota,Archaeplastida,Chlorophyta,Chlorophyta_X,Chlorophyceae,Chlamydomonadales,Chlamydomonadales_X,Gonium,Gonium_pectorale,Chlorophyta
ASV_150,0,0,0,0,0,0,0,0,0,0,0,0,0,0,0,0,93,53,138,791,323,223,1113,97,197,71,173,0,0,192,0,0,0,0,0,0,0,0,0,0,0,0,0,0,0,Eukaryota,Archaeplastida,Chlorophyta,Chlorophyta_X,Chlorophyceae,Chlamydomonadales,Chlamydomonadales_X,Tetrabaena,Tetrabaena_socialis,Chlorophyta
ASV_151,914,2118,135,0,0,0,0,0,0,0,0,0,0,0,0,213,0,0,74,0,0,0,0,0,0,0,0,0,0,0,0,0,0,0,0,0,0,0,0,0,0,0,0,0,0,Eukaryota,Obazoa,Opisthokonta,Fungi,Chytridiomycota,Rhizophydiales,Rhizophydiaceae,Rhizophydium,Rhizophydium_sp.,Opisthokonta_Chytridiomycota
ASV_152,0,0,0,0,0,0,0,0,0,0,0,0,0,0,0,0,0,0,0,810,199,0,2164,67,0,0,186,0,0,0,0,0,0,0,0,0,0,0,0,0,0,0,0,0,0,Eukaryota,Obazoa,Opisthokonta,Fungi,Chytridiomycota,NA,NA,NA,NA,Opisthokonta_Chytridiomycota
ASV_153,0,0,0,0,0,0,0,0,0,0,0,0,30,0,0,0,0,0,0,3381,0,0,0,0,0,0,0,0,0,0,0,0,0,0,0,0,0,0,0,0,0,0,0,0,0,Eukaryota,Obazoa,Opisthokonta,Metazoa,Gastrotricha,Gastrotricha_X,Gastrotricha_XX,Heterolepidoderma,Heterolepidoderma_sp.,Opisthokonta_Gastrotricha
ASV_154,0,0,0,0,0,0,0,0,0,0,0,0,0,1072,0,0,0,0,0,560,0,0,619,0,0,0,0,0,180,437,0,0,0,0,393,0,0,149,0,0,0,0,0,0,0,Eukaryota,Cryptista,Cryptophyta,Cryptophyta_X,Cryptophyceae,Cryptomonadales,Cryptomonadales_X,Cryptomonas,Cryptomonas_curvata,Cryptophyta
ASV_155,0,0,0,0,0,50,0,0,0,0,0,0,0,0,0,0,0,0,0,0,479,0,301,96,528,449,0,257,1163,27,0,0,0,0,0,0,0,0,0,0,0,0,0,0,0,Eukaryota,Archaeplastida,Chlorophyta,Chlorophyta_X,Trebouxiophyceae,Chlorellales,Chlorellales_X,Oocystella,Oocystella_oogama,Chlorophyta
ASV_156,44,1892,459,737,59,40,0,0,0,0,0,0,0,0,0,77,0,0,0,0,0,0,0,0,0,0,0,0,0,0,0,0,0,0,0,0,0,0,0,0,0,0,0,0,0,Eukaryota,Obazoa,Opisthokonta,Fungi,Chytridiomycota,Zygophlyctidales,Zygophlyctidaceae,Zygophlyctis,Zygophlyctis_melosirae,Opisthokonta_Chytridiomycota
ASV_157,0,0,0,0,0,0,0,0,0,0,0,0,0,0,0,0,23,0,0,614,559,167,336,170,561,522,0,247,0,59,0,0,0,0,0,0,0,0,0,0,0,0,0,0,0,Eukaryota,Archaeplastida,Chlorophyta,Chlorophyta_X,Chlorophyceae,Chlamydomonadales,Chlamydomonadales_X,NA,NA,Chlorophyta
ASV_158,0,0,0,0,0,0,0,0,0,0,0,0,0,0,0,0,0,0,27,0,0,86,0,163,0,26,318,0,2562,72,0,0,0,0,0,0,0,0,0,0,0,0,0,0,0,Eukaryota,TSAR,Stramenopiles,Gyrista,Chrysophyceae,Paraphysomonadales,Paraphysomonadaceae,Paraphysomonas,Paraphysomonas_vulgaris,Stramenopiles
ASV_159,0,0,0,0,0,0,0,0,0,0,0,0,0,0,0,3209,0,0,0,6,0,0,0,0,0,0,0,0,0,0,0,0,0,0,0,0,0,0,0,0,0,0,0,0,0,Eukaryota,TSAR,Stramenopiles,Gyrista,Chrysophyceae,Ochromonadales,Ochromonadaceae,Dinobryon,Dinobryon_sp.,Stramenopiles
ASV_160,0,0,0,0,0,0,0,0,0,0,0,0,0,0,0,0,63,48,234,0,55,0,0,62,336,866,168,24,1314,0,0,0,0,0,0,0,0,0,0,0,0,0,0,0,0,Eukaryota,Obazoa,Opisthokonta,Fungi,Chytridiomycota,Rhizophydiales,Rhizophydiales_X,Rhizophydiales_XX,Rhizophydiales_XX_sp.,Opisthokonta_Chytridiomycota
ASV_161,0,0,0,0,0,0,0,0,0,0,0,0,0,0,0,340,382,149,917,436,186,0,640,0,0,0,91,0,0,0,0,0,0,0,0,0,0,0,0,0,0,0,0,0,0,Eukaryota,TSAR,Stramenopiles,Gyrista,Bacillariophyceae,Rhabdonematales,Tabellariaceae,Diatoma,Diatoma_tenue,Stramenopiles
ASV_162,0,0,0,3134,0,0,0,0,0,0,0,0,0,0,0,0,0,0,0,0,0,0,0,0,0,0,0,0,0,0,0,0,0,0,0,0,0,0,0,0,0,0,0,0,0,Eukaryota,Obazoa,Opisthokonta,Fungi,Chytridiomycota,Spizellomycetales,Spizellomycetales_X,Spizellomycetales_XX,Spizellomycetales_XX_sp.,Opisthokonta_Chytridiomycota
ASV_163,0,0,0,0,0,0,2103,5,0,0,0,0,0,0,0,0,0,0,0,0,564,0,0,0,0,0,0,0,0,0,0,0,0,232,0,0,0,0,0,0,0,217,0,0,0,Eukaryota,Cryptista,Cryptophyta,Cryptophyta_X,Cryptophyceae,Cryptophyceae_X,Basal_Cryptophyceae-1,Basal_Cryptophyceae-1_X,Basal_Cryptophyceae-1_X_sp.,Cryptophyta
ASV_164,0,0,88,0,86,0,0,0,210,265,0,394,0,219,124,0,0,0,0,0,0,0,0,0,0,0,0,306,0,179,137,0,162,0,0,52,0,0,124,163,0,122,187,182,120,Eukaryota,Obazoa,Opisthokonta,Metazoa,Arthropoda,Crustacea,Maxillopoda,NA,NA,Opisthokonta_Arthropoda
ASV_165,0,0,0,0,1226,0,0,1882,0,0,0,0,0,0,0,0,0,0,0,0,0,0,0,0,0,0,0,0,0,0,0,0,0,0,0,0,0,0,0,0,0,0,0,0,0,Eukaryota,Archaeplastida,Chlorophyta,Chlorophyta_X,Chlorophyceae,Chlamydomonadales,Chlamydomonadales_X,NA,NA,Chlorophyta
ASV_166,0,0,0,0,0,0,0,0,0,0,0,0,0,0,0,0,0,0,0,0,0,0,0,0,47,245,0,0,2524,0,0,0,0,0,78,0,0,0,0,0,0,182,23,0,0,Eukaryota,Cryptista,Cryptophyta,Cryptophyta_X,Cryptophyceae,Cryptomonadales,Cryptomonadales_X,Cryptomonas,Cryptomonas_phaseolus,Cryptophyta
ASV_167,0,0,0,0,0,0,0,0,0,0,0,0,0,0,0,0,0,0,0,0,3090,0,0,0,0,0,0,0,0,0,0,0,0,0,0,0,0,0,0,0,0,0,0,0,0,Eukaryota,Obazoa,Opisthokonta,Metazoa,Annelida,Annelida_X,Annelida_XX,NA,NA,Opisthokonta_Annelida
ASV_168,0,0,0,562,0,0,628,0,0,0,0,0,0,0,0,0,0,0,0,508,540,0,0,0,0,0,0,0,0,0,80,0,0,665,0,0,24,0,0,48,0,0,0,28,0,Eukaryota,Cryptista,Cryptophyta,Cryptophyta_X,Cryptophyceae,Cryptophyceae_X,Basal_Cryptophyceae-1,Basal_Cryptophyceae-1_X,Basal_Cryptophyceae-1_X_sp.,Cryptophyta
ASV_169,0,0,0,0,0,0,0,0,0,0,0,0,0,0,0,0,1065,114,0,0,0,0,0,1888,0,0,0,0,0,0,0,0,0,0,0,0,0,0,0,0,0,0,0,0,0,Eukaryota,TSAR,Stramenopiles,Gyrista,Peronosporomycetes,Peronosporomycetes,Saprolegniales,Aphanomyces,Aphanomyces_sp.,Stramenopiles
ASV_170,0,0,57,0,136,0,119,0,0,0,0,0,0,950,0,0,0,0,0,0,0,0,0,0,0,0,0,0,0,0,442,0,0,775,0,0,206,259,0,0,0,94,0,0,0,Eukaryota,Cryptista,Cryptophyta,Cryptophyta_X,Cryptophyceae,Cryptomonadales,Cryptomonadales_X,Komma,Komma_caudata,Cryptophyta
ASV_171,0,0,0,0,0,0,0,0,0,0,0,0,0,0,0,0,0,0,0,1728,0,99,0,0,0,392,0,663,114,0,0,0,0,0,0,0,0,0,0,0,0,0,0,0,0,Eukaryota,Obazoa,Opisthokonta,Fungi,Chytridiomycota,NA,NA,NA,NA,Opisthokonta_Chytridiomycota
ASV_172,0,0,0,0,0,0,0,0,0,0,0,0,0,0,0,2780,0,0,155,0,0,0,0,0,0,0,0,0,0,0,0,0,0,0,0,0,0,0,0,0,0,0,0,0,0,Eukaryota,TSAR,Stramenopiles,Gyrista,Peronosporomycetes,Peronosporomycetes,NA,NA,NA,Stramenopiles
ASV_173,0,0,0,0,0,0,0,0,0,0,0,0,0,0,0,323,228,1146,1237,0,0,0,0,0,0,0,0,0,0,0,0,0,0,0,0,0,0,0,0,0,0,0,0,0,0,Eukaryota,TSAR,Stramenopiles,Gyrista,Chrysophyceae,NA,NA,NA,NA,Stramenopiles
ASV_174,0,0,0,0,0,0,0,0,0,0,0,0,0,0,0,0,0,0,0,56,565,0,0,310,1996,0,0,0,0,0,0,0,0,0,0,0,0,0,0,0,0,0,0,0,0,Eukaryota,TSAR,Stramenopiles,Gyrista,Chrysophyceae,NA,NA,NA,NA,Stramenopiles
ASV_175,0,0,0,80,0,0,203,0,0,14,0,0,0,0,0,0,0,0,0,0,0,0,0,0,0,0,0,0,0,0,0,154,0,306,0,0,1912,84,50,34,0,74,0,0,0,Eukaryota,TSAR,Rhizaria,Cercozoa,Novel-clade-10-12,Novel-clade-10,Novel-clade-10_X,Novel-clade-10_XX,Novel-clade-10_XX_sp.,Rhizaria
ASV_176,0,0,0,0,0,827,0,0,0,0,0,0,0,0,0,0,0,0,0,0,0,0,0,0,0,0,0,0,0,0,0,2077,0,0,0,0,0,0,0,0,0,0,0,0,0,Eukaryota,Obazoa,Opisthokonta,Metazoa,Arthropoda,Hexapoda,Collembola,NA,NA,Opisthokonta_Arthropoda
ASV_177,0,0,0,78,23,0,0,0,0,0,0,0,0,0,0,58,0,113,135,784,251,112,370,160,209,466,0,0,0,93,0,0,0,0,0,0,0,0,0,0,0,0,0,0,0,Eukaryota,TSAR,Stramenopiles,Bigyra,Opalozoa,Opalozoa_X,MAST-12,MAST-12C,MAST-12C_sp.,Stramenopiles
ASV_178,0,0,0,0,0,0,0,0,0,0,0,1468,0,0,0,0,0,0,0,0,0,0,0,0,0,0,0,0,0,0,0,0,0,0,0,0,0,0,0,0,0,0,0,1355,0,Eukaryota,Obazoa,Opisthokonta,Metazoa,Arthropoda,Crustacea,Maxillopoda,Eudiaptomus,Eudiaptomus_graciloides,Opisthokonta_Arthropoda
ASV_179,0,0,0,0,0,0,0,0,0,0,0,0,0,0,0,277,470,190,74,1583,0,0,0,0,0,0,159,0,0,0,0,0,0,0,0,0,0,0,0,0,0,0,21,0,0,Eukaryota,Obazoa,Opisthokonta,Fungi,Chytridiomycota,Spizellomycetales,Spizellomycetales_X,Spizellomycetales_XX,Spizellomycetales_XX_sp.,Opisthokonta_Chytridiomycota
ASV_180,0,0,0,0,15,0,35,0,0,0,0,0,0,42,0,0,0,0,0,0,0,0,0,0,0,0,0,0,0,0,0,0,0,0,0,0,2643,0,0,0,0,0,27,0,0,Eukaryota,Obazoa,Opisthokonta,Choanoflagellata,Choanoflagellatea,Craspedida,Monosigidae_Group_O,Monosigidae_Group_O_X,Monosigidae_Group_O_X_sp.,Opisthokonta_Choanoflagellatea
ASV_181,0,0,0,0,0,0,0,0,0,0,0,0,0,0,0,0,35,58,0,169,701,38,710,62,444,448,41,0,0,31,0,0,0,0,0,0,0,0,0,0,0,0,0,0,0,Eukaryota,Archaeplastida,Chlorophyta,Chlorophyta_X,Chlorophyceae,Sphaeropleales,Sphaeropleales_X,NA,NA,Chlorophyta
ASV_182,23,20,70,57,50,0,29,0,0,0,0,0,42,0,0,0,111,57,156,408,289,74,150,152,290,0,0,0,0,34,0,0,0,0,0,454,229,0,0,0,0,32,0,0,0,Eukaryota,Archaeplastida,Streptophyta,Streptophyta_X,Zygnemophyceae, Zygnemophyceae, ZygnemophyceaeX,Staurastrum,NA,Streptophyta
ASV_183,0,0,0,0,0,0,0,0,0,0,0,0,0,0,0,369,282,260,242,0,0,0,410,0,989,172,0,0,0,0,0,0,0,0,0,0,0,0,0,0,0,0,0,0,0,Eukaryota,Obazoa,Opisthokonta,Fungi,Chytridiomycota,Rhizophydiales,Kappamycetaceae,Kappamyces,NA,Opisthokonta_Chytridiomycota
ASV_184,0,0,0,0,0,0,0,0,0,0,0,0,0,0,0,0,0,0,0,0,0,0,0,1956,0,0,0,754,0,0,0,0,0,0,0,0,0,0,0,0,0,0,0,0,0,Eukaryota,Obazoa,Opisthokonta,Metazoa,Nematoda,Chromadorea,Chromadorea_X,Wilsonema,Wilsonema_otophorum,Opisthokonta_Nematoda
ASV_185,0,0,0,0,0,0,0,0,0,0,0,0,0,0,0,0,0,0,109,0,0,0,0,0,0,0,0,0,0,0,1993,0,0,601,0,0,0,0,0,0,0,0,0,0,0,Eukaryota,TSAR,Stramenopiles,Gyrista,Peronosporomycetes,Peronosporomycetes,Peronosporales,NA,NA,Stramenopiles
ASV_186,0,0,0,0,0,0,0,41,0,0,0,0,0,0,0,0,288,287,485,694,332,0,561,0,0,0,0,0,0,0,0,0,0,8,0,0,0,0,0,0,0,0,0,0,0,Eukaryota,Archaeplastida,Chlorophyta,Chlorophyta_X,Chlorophyceae,Chlamydomonadales,Chlamydomonadales_X,Vitreochlamys,Vitreochlamys_nekrassovii,Chlorophyta
ASV_187,166,789,138,65,55,0,0,225,0,0,298,0,0,0,0,0,0,0,0,0,0,0,0,0,0,0,0,0,0,0,0,114,0,829,0,0,0,0,0,0,0,0,0,0,0,Eukaryota,Obazoa,Opisthokonta,Metazoa,Arthropoda,Crustacea,Maxillopoda,Eucyclops,Eucyclops_serrulatus,Opisthokonta_Arthropoda
ASV_188,0,0,79,856,0,0,0,0,0,0,0,117,0,0,0,0,0,0,0,0,0,105,0,133,152,292,353,0,78,0,0,0,0,0,0,0,56,0,166,56,0,0,232,0,0,Eukaryota,Cryptista,Cryptophyta,Cryptophyta_X,Cryptophyceae,Cryptophyceae_X,Basal_Cryptophyceae-1,Basal_Cryptophyceae-1_X,Basal_Cryptophyceae-1_X_sp.,Cryptophyta
ASV_189,0,0,0,0,0,0,0,0,0,0,0,0,0,0,0,0,0,0,0,0,0,0,0,0,0,0,0,289,413,0,0,0,0,34,0,0,1885,0,0,0,0,0,53,0,0,Eukaryota,TSAR,Stramenopiles,Gyrista,Chrysophyceae,NA,NA,NA,NA,Stramenopiles
ASV_190,0,0,0,169,0,0,0,0,0,0,0,0,0,0,0,110,0,0,177,276,88,0,40,898,459,366,0,0,0,35,0,0,0,0,0,0,0,0,0,0,0,0,0,0,0,Eukaryota,TSAR,Stramenopiles,Gyrista,Chrysophyceae,Chrysosaccales,NA,NA,NA,Stramenopiles
ASV_191,0,0,61,0,110,0,0,0,0,0,53,0,24,0,0,0,0,0,0,229,158,294,0,89,227,164,0,0,0,0,0,18,0,234,0,148,135,436,0,0,0,220,0,0,0,Eukaryota,Cryptista,Cryptophyta,Cryptophyta_X,Cryptophyceae,Cryptomonadales,Cryptomonadales_X,Cryptomonas,Cryptomonas_paramecium,Cryptophyta
ASV_192,0,0,0,0,0,0,0,0,0,0,0,0,0,0,0,447,0,0,238,0,0,23,0,409,164,113,66,0,777,0,12,0,0,300,0,0,0,0,0,0,0,0,0,0,0,Eukaryota,TSAR,Stramenopiles,Gyrista,Chrysophyceae,Paraphysomonadales,Paraphysomonadaceae,Paraphysomonas,Paraphysomonas_uniformis,Stramenopiles
ASV_193,0,0,0,0,0,0,0,0,0,0,0,0,0,0,0,0,0,0,0,0,0,77,0,0,271,824,0,1300,0,25,0,0,0,0,0,0,0,0,0,0,0,0,47,0,0,Eukaryota,Obazoa,Opisthokonta,Fungi,Chytridiomycota,Spizellomycetales,NA,NA,NA,Opisthokonta_Chytridiomycota
ASV_194,0,0,0,0,0,0,0,0,0,0,0,0,0,0,0,0,0,0,0,603,1276,65,249,148,0,0,168,0,0,0,0,0,0,0,0,0,0,0,0,0,0,0,0,0,0,Eukaryota,Archaeplastida,Chlorophyta,Chlorophyta_X,Chlorophyceae,Chlamydomonadales,Chlamydomonadales_X,Chlamydomonas,NA,Chlorophyta
ASV_195,0,0,0,0,0,0,0,0,0,0,0,0,0,0,0,0,0,0,0,0,0,0,0,0,0,0,0,0,0,0,0,32,0,2447,0,0,0,0,0,0,0,0,0,0,0,Eukaryota,Obazoa,Opisthokonta,Metazoa,Gastrotricha,Gastrotricha_X,Gastrotricha_XX,NA,NA,Opisthokonta_Gastrotricha
ASV_196,0,0,0,0,0,0,0,0,0,0,0,0,0,0,0,0,0,0,0,1139,49,0,716,84,98,168,0,0,0,205,0,0,0,0,0,0,0,0,0,0,0,0,0,0,0,Eukaryota,TSAR,Stramenopiles,Bigyra,Bicoecea,Bicoecales,Bicoecaceae,Bicoecaceae_X,Bicoecaceae_X_sp.,Stramenopiles
ASV_197,0,0,0,0,0,0,0,0,0,0,0,0,0,0,0,1261,0,0,262,0,0,0,0,0,0,0,0,0,0,0,563,0,0,369,0,0,0,0,0,0,0,0,0,0,0,Eukaryota,Obazoa,Opisthokonta,Fungi,NA,NA,NA,NA,NA,Opisthokonta_Unclassified
ASV_198,0,0,0,0,0,0,0,0,0,0,0,0,0,0,0,0,0,0,0,0,0,0,0,0,0,0,0,0,0,0,374,80,0,1989,0,0,0,0,0,0,0,0,0,0,0,Eukaryota,TSAR,Stramenopiles,Bigyra,Bicoecea,Pseudodendromonadales,Pseudodendromonadales_X,Pseudodendromonadales_XX,Pseudodendromonadales_XX_sp.,Stramenopiles
ASV_199,0,723,157,0,0,0,0,70,0,0,101,0,0,0,0,597,126,69,0,0,0,0,58,79,133,149,0,0,74,28,24,0,0,0,0,0,54,0,0,0,0,0,0,0,0,Eukaryota,Obazoa,Opisthokonta,Fungi,Ascomycota,Pezizomycotina,Dothideomycetes,NA,NA,Opisthokonta_Ascomycota
ASV_200,0,0,0,0,0,0,0,0,0,0,0,0,0,0,0,1832,0,0,539,0,0,0,0,0,0,57,0,0,0,0,0,0,0,0,0,0,0,0,0,0,0,0,0,0,0,Eukaryota,Obazoa,Opisthokonta,Fungi,Rozellomycota,Rozellomycota_X,Rozellomycota_XX,Rozella,Rozella_allomycis,Opisthokonta_Rozellomycota
ASV_201,0,0,0,0,66,41,134,0,0,0,0,0,0,0,0,0,0,0,0,0,0,0,0,0,0,312,0,725,0,218,0,0,0,0,0,0,912,0,0,0,0,0,0,0,0,Eukaryota,Obazoa,Opisthokonta,Fungi,Chytridiomycota,Rhizophydiales,Rhizophydiales_X,Rhizophydiales_XX,Rhizophydiales_XX_sp.,Opisthokonta_Chytridiomycota
ASV_202,0,0,0,0,0,0,0,0,0,0,0,0,0,0,0,0,0,0,0,0,0,0,0,0,0,0,0,0,0,0,0,0,0,0,0,0,2254,0,0,136,0,15,0,0,0,Eukaryota,TSAR,Stramenopiles,Bigyra,Bicoecea,Bicoecales,Bicoecaceae,Bicosoeca,Bicosoeca_petiolata,Stramenopiles
ASV_203,0,0,0,0,0,0,460,0,0,0,0,0,0,0,0,0,0,47,38,0,0,472,0,973,120,65,0,0,5,0,0,0,0,46,0,0,125,0,0,0,0,0,0,52,0,Eukaryota,TSAR,Stramenopiles,Gyrista,Chrysophyceae,Paraphysomonadales,Paraphysomonadaceae,Paraphysomonas,Paraphysomonas_vulgaris,Stramenopiles
ASV_204,0,0,0,0,0,0,110,0,0,0,0,147,1017,464,606,0,0,0,0,0,0,0,0,0,0,0,0,0,0,0,0,0,0,0,0,0,0,0,0,0,0,0,0,0,0,Eukaryota,Archaeplastida,Streptophyta,Streptophyta_X,Zygnemophyceae, Zygnemophyceae, ZygnemophyceaeX,Closterium,NA,Streptophyta
ASV_205,0,0,0,0,0,0,0,0,154,301,0,238,0,275,0,0,0,0,0,0,0,0,0,0,0,0,0,225,0,149,0,0,0,0,0,0,0,0,0,0,0,186,311,278,201,Eukaryota,Obazoa,Opisthokonta,Metazoa,Arthropoda,Crustacea,Maxillopoda,NA,NA,Opisthokonta_Arthropoda
ASV_206,0,0,0,0,0,0,0,0,0,0,0,0,0,0,0,0,0,0,0,51,0,34,201,0,161,1865,0,0,0,0,0,0,0,0,0,0,0,0,0,0,0,0,0,0,0,Eukaryota,TSAR,Stramenopiles,Gyrista,Peronosporomycetes,Peronosporomycetes,Peronosporales,Peronosporales_X,Peronosporales_X_sp.,Stramenopiles
ASV_207,0,0,0,0,0,0,0,0,0,0,0,0,0,0,0,0,0,0,124,0,0,0,0,589,0,458,0,0,494,393,0,0,0,247,0,0,0,0,0,0,0,0,0,0,0,Eukaryota,TSAR,Stramenopiles,Gyrista,Chrysophyceae,Chrysosaccales,Chrysosaccaceae,Chrysosphaera,Chrysosphaera_parvula,Stramenopiles
ASV_208,0,0,0,0,0,0,0,0,0,0,0,0,0,0,0,800,0,144,0,0,0,0,475,0,353,0,0,0,0,0,0,0,0,0,161,0,0,360,0,0,0,0,0,0,0,Eukaryota,Cryptista,Cryptophyta,Cryptophyta_X,Cryptophyceae,Cryptomonadales,Cryptomonadales_X,Cryptomonas,Cryptomonas_pyrenoidifera,Cryptophyta
ASV_209,0,0,0,0,0,0,0,0,0,0,0,0,0,0,0,1584,0,0,699,0,0,0,0,0,0,0,0,0,0,0,0,0,0,0,0,0,0,0,0,0,0,0,0,0,0,Eukaryota,TSAR,Stramenopiles,Gyrista,Peronosporomycetes,Peronosporomycetes,Peronosporales,NA,NA,Stramenopiles
ASV_210,0,0,0,2282,0,0,0,0,0,0,0,0,0,0,0,0,0,0,0,0,0,0,0,0,0,0,0,0,0,0,0,0,0,0,0,0,0,0,0,0,0,0,0,0,0,Eukaryota,Obazoa,Opisthokonta,Fungi,Chytridiomycota,Spizellomycetales,Spizellomycetales_X,Spizellomycetales_XX,Spizellomycetales_XX_sp.,Opisthokonta_Chytridiomycota
ASV_211,0,0,0,0,0,0,0,0,0,0,0,0,0,0,0,76,383,423,1393,0,0,0,0,0,0,0,0,0,0,0,0,0,0,0,0,0,0,0,0,0,0,0,0,0,0,Eukaryota,TSAR,Stramenopiles,Gyrista,Dictyochophyceae,Dictyochophyceae_X,Pedinellales,Pseudopedinella,Pseudopedinella_sp.,Stramenopiles
ASV_212,0,0,0,0,0,0,0,26,0,0,612,0,0,0,59,0,0,0,57,0,0,68,86,52,966,116,0,0,160,0,0,0,0,0,0,0,47,0,0,0,0,0,0,0,0,Eukaryota,TSAR,Stramenopiles,Gyrista,Peronosporomycetes,Peronosporomycetes,Peronosporales,Lagenidium,Lagenidium_caudatum,Stramenopiles
ASV_213,145,482,639,963,18,0,0,0,0,0,0,0,0,0,0,0,0,0,0,0,0,0,0,0,0,0,0,0,0,0,0,0,0,0,0,0,0,0,0,0,0,0,0,0,0,Eukaryota,Obazoa,Opisthokonta,NA,NA,NA,NA,NA,NA,Opisthokonta_Unclassified
ASV_214,0,52,252,0,0,0,0,0,0,0,0,0,0,0,0,0,0,0,0,0,0,0,0,0,0,0,0,0,0,0,0,0,0,0,69,53,1815,0,0,0,0,0,0,0,0,Eukaryota,TSAR,Stramenopiles,Bigyra,Bicoecea,Pseudodendromonadales,Pseudodendromonadales_X,Pseudodendromonadales_XX,Pseudodendromonadales_XX_sp.,Stramenopiles
ASV_215,0,0,0,1631,0,0,0,0,0,0,0,0,0,0,0,0,0,0,0,0,0,208,288,0,0,0,0,0,0,97,0,0,0,0,0,0,0,0,0,0,0,0,0,0,0,Eukaryota,Cryptista,Cryptophyta,Cryptophyta_X,Cryptophyceae,Cryptophyceae_X,Basal_Cryptophyceae-1,Basal_Cryptophyceae-1_X,Basal_Cryptophyceae-1_X_sp.,Cryptophyta
ASV_216,0,0,0,0,0,43,0,0,0,0,0,0,0,0,0,0,0,45,43,53,0,0,353,74,155,278,156,0,1024,0,0,0,0,0,0,0,0,0,0,0,0,0,0,0,0,Eukaryota,Archaeplastida,Chlorophyta,Chlorophyta_X,Trebouxiophyceae,Chlorellales,Chlorellales_X,Amphikrikos,Amphikrikos_sp.,Chlorophyta
ASV_217,0,0,0,0,0,0,0,0,0,0,0,0,0,0,0,136,64,88,662,129,137,0,52,40,564,350,0,0,0,0,0,0,0,0,0,0,0,0,0,0,0,0,0,0,0,Eukaryota,TSAR,Stramenopiles,Gyrista,Chrysophyceae,Chrysophyceae_Cluster-I,Chrysophyceae_Cluster-I_X,Chrysophyceae_Cluster-I_XX,Chrysophyceae_Cluster-I_XX_sp.,Stramenopiles
ASV_218,0,0,0,0,0,0,0,0,0,0,0,0,0,0,0,0,0,0,0,0,0,0,0,0,0,0,0,0,0,0,0,0,0,29,0,0,2118,0,52,0,0,20,0,0,0,Eukaryota,TSAR,Rhizaria,Cercozoa,Novel-clade-10-12,Novel-clade-10,Novel-clade-10_X,Novel-clade-10_XX,Novel-clade-10_XX_sp.,Rhizaria
ASV_219,0,0,0,0,0,0,0,0,0,0,0,0,0,0,0,0,0,0,0,0,52,0,0,217,1206,729,0,0,0,7,0,0,0,0,0,0,0,0,0,0,0,0,0,0,0,Eukaryota,Obazoa,Opisthokonta,Fungi,Blastocladiomycota,Blastocladiomycotina,Blastocladiomycetes,Hyaloraphidium,Hyaloraphidium_curvatum,Opisthokonta_Blastocladiomycota
ASV_220,0,0,0,0,0,826,0,0,0,0,1324,0,54,0,0,0,0,0,0,0,0,0,0,0,0,0,0,0,0,0,0,0,0,0,0,0,0,0,0,0,0,0,0,0,0,Eukaryota,Archaeplastida,Streptophyta,Streptophyta_X,Embryophyceae,Embryophyceae_X,Embryophyceae_XX,Wolffiella,Wolffiella_neotropica,Streptophyta
ASV_221,0,1656,215,18,0,0,0,0,0,0,0,0,0,0,0,0,0,0,0,18,0,0,252,0,0,0,0,0,0,43,0,0,0,0,0,0,0,0,0,0,0,0,0,0,0,Eukaryota,Obazoa,Opisthokonta,Fungi,Chytridiomycota,NA,NA,NA,NA,Opisthokonta_Chytridiomycota
ASV_222,0,0,0,0,0,0,0,0,0,0,0,0,0,0,0,0,0,0,0,0,0,0,0,0,0,0,0,312,17,1860,0,0,0,0,0,0,0,0,0,0,0,0,0,0,0,Eukaryota,Obazoa,Opisthokonta,Fungi,NA,NA,NA,NA,NA,Opisthokonta_Unclassified
ASV_223,0,0,0,0,239,396,1436,28,0,0,0,42,0,0,0,0,0,0,0,0,0,0,0,0,0,0,0,0,0,0,0,0,0,0,0,0,0,0,0,0,0,0,0,0,0,Eukaryota,Archaeplastida,Chlorophyta,Chlorophyta_X,Chlorophyceae,Sphaeropleales,Sphaeropleales_X,Scenedesmus,NA,Chlorophyta
ASV_224,0,0,0,0,0,0,0,0,0,0,0,0,0,0,0,306,0,0,212,0,0,0,0,359,23,610,0,0,615,0,0,0,0,0,0,0,0,0,0,0,0,0,0,0,0,Eukaryota,TSAR,Stramenopiles,Gyrista,Chrysophyceae,NA,NA,NA,NA,Stramenopiles
ASV_225,0,0,90,0,21,0,267,0,10,0,33,0,23,0,0,0,0,34,0,147,75,257,167,11,166,162,105,0,0,0,0,41,0,25,0,0,311,0,29,0,0,150,0,0,0,Eukaryota,Obazoa,Opisthokonta,Fungi,Chytridiomycota,Cladochytriales,Cladochytriaceae,Cladochytrium,Cladochytrium_replicatum,Opisthokonta_Chytridiomycota
ASV_226,0,0,0,0,0,0,0,0,0,0,0,0,0,0,0,0,0,0,0,0,609,0,0,10,562,278,0,628,0,35,0,0,0,0,0,0,0,0,0,0,0,0,0,0,0,Eukaryota,Obazoa,Opisthokonta,Choanoflagellata,Choanoflagellatea,NA,NA,NA,NA,Opisthokonta_Choanoflagellatea
ASV_227,0,0,0,0,0,0,0,0,0,0,0,0,0,0,0,415,279,109,137,251,0,0,0,19,298,577,0,0,0,33,0,0,0,0,0,0,0,0,0,0,0,0,0,0,0,Eukaryota,Obazoa,Opisthokonta,Fungi,Chytridiomycota,Rhizophydiales,Rhizophydiales_X,Rhizophydiales_XX,Rhizophydiales_XX_sp.,Opisthokonta_Chytridiomycota
ASV_228,0,0,0,0,0,0,0,0,0,0,0,0,0,0,0,0,0,0,0,0,0,0,0,0,0,0,0,0,0,0,0,0,0,2084,0,0,0,0,0,0,0,0,0,0,0,Eukaryota,TSAR,Stramenopiles,Gyrista,Chrysophyceae,Chromulinales,NA,NA,NA,Stramenopiles
ASV_229,0,0,0,0,0,0,0,0,0,0,0,0,0,0,0,0,0,0,238,0,0,0,0,632,0,417,0,167,618,0,0,0,0,0,0,0,0,0,0,0,0,0,0,0,0,Eukaryota,TSAR,Stramenopiles,Gyrista,Dictyochophyceae,Dictyochophyceae_X,Pedinellales,Pseudopedinella,Pseudopedinella_sp.,Stramenopiles
ASV_230,0,0,0,1213,0,0,833,0,12,0,0,0,0,0,0,0,0,0,13,0,0,0,0,0,0,0,0,0,0,0,0,0,0,0,0,0,0,0,0,0,0,0,0,0,0,Eukaryota,Cryptista,Cryptophyta,Cryptophyta_X,Cryptophyceae,Cryptophyceae_X,Basal_Cryptophyceae-1,Basal_Cryptophyceae-1_X,Basal_Cryptophyceae-1_X_sp.,Cryptophyta
ASV_231,0,0,0,0,0,0,0,0,0,0,0,0,0,0,0,0,64,0,47,84,832,0,246,0,120,61,414,183,10,0,0,0,0,0,0,0,0,0,0,0,0,0,0,0,0,Eukaryota,Archaeplastida,Chlorophyta,Chlorophyta_X,Chlorophyceae,Sphaeropleales,Sphaeropleales_X,Protodesmus,Protodesmus_globulifer,Chlorophyta
ASV_232,0,0,0,0,0,0,0,0,0,0,0,565,0,0,0,0,0,0,0,0,0,0,0,0,0,0,0,354,0,0,0,0,0,0,0,0,0,0,0,307,0,0,446,380,0,Eukaryota,Obazoa,Opisthokonta,Metazoa,Arthropoda,Crustacea,Maxillopoda,NA,NA,Opisthokonta_Arthropoda
ASV_233,0,0,0,0,0,103,1405,0,0,0,382,0,0,0,0,0,0,0,0,0,0,0,0,0,0,0,160,0,0,0,0,0,0,0,0,0,0,0,0,0,0,0,0,0,0,Eukaryota,Obazoa,Opisthokonta,Metazoa,Arthropoda,Crustacea,Ostracoda,Cypridopsis,Cypridopsis_adusta,Opisthokonta_Arthropoda
ASV_234,0,0,0,0,0,0,0,0,0,224,0,0,0,196,104,0,0,0,0,0,0,0,0,0,0,0,0,0,0,0,0,0,0,0,0,0,0,0,167,223,267,175,262,242,181,Eukaryota,Obazoa,Opisthokonta,Metazoa,Arthropoda,Crustacea,Maxillopoda,NA,NA,Opisthokonta_Arthropoda
ASV_235,0,0,0,0,0,0,0,0,0,0,0,0,0,0,0,0,40,44,0,74,882,0,259,0,164,242,0,217,116,0,0,0,0,0,0,0,0,0,0,0,0,0,0,0,0,Eukaryota,Archaeplastida,Chlorophyta,Chlorophyta_X,Chlorophyceae,Sphaeropleales,Sphaeropleales_X,Desmodesmus,Desmodesmus_pannonicus,Chlorophyta
ASV_236,94,572,75,0,0,0,0,115,0,0,104,18,54,0,0,0,0,0,0,0,0,0,0,0,0,0,0,0,0,0,0,0,0,914,0,90,0,0,0,0,0,0,0,0,0,Eukaryota,Obazoa,Opisthokonta,Metazoa,Arthropoda,Crustacea,Maxillopoda,Eucyclops,Eucyclops_serrulatus,Opisthokonta_Arthropoda
ASV_237,0,0,0,0,0,0,0,0,0,0,0,0,0,0,0,0,0,0,0,2026,0,0,0,0,0,0,0,0,0,0,0,0,0,0,0,0,0,0,0,0,0,0,0,0,0,Eukaryota,Obazoa,Opisthokonta,Metazoa,Gastrotricha,Gastrotricha_X,Gastrotricha_XX,Heterolepidoderma,Heterolepidoderma_sp.,Opisthokonta_Gastrotricha
ASV_238,0,0,0,0,66,51,0,51,0,0,0,0,0,0,0,0,0,0,0,0,0,151,99,188,353,409,0,238,109,306,0,0,0,0,0,0,0,0,0,0,0,0,0,0,0,Eukaryota,Archaeplastida,Chlorophyta,Chlorophyta_X,Chlorophyceae,Chlamydomonadales,Chlamydomonadales_X,Chloromonas,Chloromonas_oogama,Chlorophyta
ASV_239,0,0,50,0,0,0,0,0,0,0,0,0,6,0,0,0,0,0,32,44,490,96,28,53,601,285,0,0,0,0,0,0,0,0,0,0,287,0,0,0,0,36,0,0,0,Eukaryota,TSAR,Stramenopiles,Gyrista,Peronosporomycetes,Peronosporomycetes,Peronosporales,NA,NA,Stramenopiles
ASV_240,0,0,0,0,0,0,0,0,0,0,0,0,0,0,0,0,0,0,0,725,0,0,750,247,59,30,181,0,0,8,0,0,0,0,0,0,0,0,0,0,0,0,0,0,0,Eukaryota,Cryptista,Cryptophyta,Cryptophyta_X,Cryptophyceae,Cryptomonadales,Cryptomonadales_X,Cryptomonas,Cryptomonas_vietnamica,Cryptophyta
ASV_241,0,54,1246,0,541,0,107,45,0,0,0,0,0,0,0,0,0,0,0,0,0,0,0,0,0,0,0,0,0,0,0,0,0,0,0,0,0,0,0,0,0,0,0,0,0,Eukaryota,Obazoa,Opisthokonta,Fungi,Rozellomycota,Rozellomycota_X,Rozellomycota_XX,Rozella,NA,Opisthokonta_Rozellomycota
ASV_242,0,0,0,0,0,0,0,0,0,0,0,1087,0,0,0,0,0,0,0,0,323,0,0,0,0,0,483,0,95,0,0,0,0,0,0,0,0,0,0,0,0,0,0,0,0,Eukaryota,Obazoa,Opisthokonta,Fungi,Ascomycota,Saccharomycotina,Saccharomycetales,NA,NA,Opisthokonta_Ascomycota
ASV_243,0,0,0,0,0,0,0,0,0,0,0,0,0,0,0,1788,0,0,197,0,0,0,0,0,0,0,0,0,0,0,0,0,0,0,0,0,0,0,0,0,0,0,0,0,0,Eukaryota,TSAR,Stramenopiles,Gyrista,Peronosporomycetes,Peronosporomycetes,Peronosporales,Peronosporales_X,Peronosporales_X_sp.,Stramenopiles
ASV_244,0,0,0,0,0,0,0,0,0,0,0,0,0,0,0,0,0,0,0,0,0,0,0,442,1151,103,0,262,0,15,0,0,0,0,0,0,0,0,0,0,0,0,0,0,0,Eukaryota,Obazoa,Opisthokonta,Fungi,NA,NA,NA,NA,NA,Opisthokonta_Unclassified
ASV_245,0,0,0,0,0,0,0,0,0,0,0,0,0,0,0,0,57,66,36,403,321,230,464,104,77,0,197,0,0,0,0,0,0,0,0,0,0,0,0,0,0,0,0,0,0,Eukaryota,Archaeplastida,Chlorophyta,Chlorophyta_X,Chlorophyceae,Chlamydomonadales,Chlamydomonadales_X,Vitreochlamys,Vitreochlamys_nekrassovii,Chlorophyta
ASV_246,57,633,67,0,0,0,0,0,0,0,29,0,0,0,0,0,0,0,0,0,0,0,0,0,0,0,0,0,0,0,291,35,0,827,0,0,0,0,0,0,0,0,0,0,0,Eukaryota,Archaeplastida,Chlorophyta,Chlorophyta_X,Trebouxiophyceae,Trebouxiophyceae_X,Trebouxiophyceae_XX,Botryococcus,Botryococcus_braunii,Chlorophyta
ASV_247,0,0,0,0,0,0,0,0,0,0,0,0,0,0,0,0,0,0,0,0,0,0,0,0,0,0,0,0,0,0,0,0,0,0,0,429,0,1503,0,0,0,0,0,0,0,Eukaryota,Obazoa,Opisthokonta,Metazoa,Arthropoda,Crustacea,Ostracoda,NA,NA,Opisthokonta_Arthropoda
ASV_248,0,0,0,0,0,0,0,0,0,0,0,0,0,0,0,0,52,0,0,63,581,40,488,189,248,199,56,0,0,0,0,0,0,0,0,0,0,0,0,0,0,0,0,0,0,Eukaryota,TSAR,Stramenopiles,Gyrista,Eustigmatophyceae,Eustigmatophyceae_X,Eustigmatophyceae_XX,Trachydiscus,Trachydiscus_sp.,Stramenopiles
ASV_249,0,0,0,81,0,0,0,0,0,0,0,0,0,0,0,0,0,0,0,0,0,0,0,0,55,0,87,0,124,0,231,48,0,790,0,0,409,0,9,0,0,60,10,8,0,Eukaryota,TSAR,Rhizaria,Cercozoa,Novel-clade-10-12,Novel-clade-10,Novel-clade-10_X,Novel-clade-10_XX,Novel-clade-10_XX_sp.,Rhizaria
ASV_250,0,0,0,0,0,0,0,0,0,0,0,0,0,0,0,1449,35,37,17,37,0,152,61,0,105,0,0,0,0,0,0,0,0,0,0,0,0,0,18,0,0,0,0,0,0,Eukaryota,Obazoa,Opisthokonta,Fungi,Chytridiomycota,Rhizophydiales,Rhizophydiaceae,Rhizophydium,Rhizophydium_sp.,Opisthokonta_Chytridiomycota
ASV_251,0,0,0,0,0,0,0,0,0,0,0,0,0,0,0,0,0,110,7,40,1595,64,18,37,0,0,0,0,0,0,0,0,0,0,0,0,0,0,0,0,0,0,0,0,0,Eukaryota,TSAR,Rhizaria,Cercozoa,Filosa-Granofilosea,Filosa-Granofilosea_X,Novel-Gran-6,Novel-Gran-6_X,Novel-Gran-6_X_sp.,Rhizaria
ASV_252,0,0,0,0,0,0,0,0,0,0,0,0,0,0,0,1500,0,0,184,0,0,0,0,0,0,0,0,0,0,0,167,0,0,17,0,0,0,0,0,0,0,0,0,0,0,Eukaryota,Obazoa,Opisthokonta,Fungi,Chytridiomycota,Rhizophydiales,Rhizophydiaceae,Rhizophydium,Rhizophydium_sp.,Opisthokonta_Chytridiomycota
ASV_253,0,0,0,0,0,0,0,0,0,0,0,0,0,0,0,0,0,0,0,0,408,60,0,846,431,65,0,52,0,0,0,0,0,0,0,0,0,0,0,0,0,0,0,0,0,Eukaryota,Obazoa,Opisthokonta,Fungi,Chytridiomycota,Spizellomycetales,Spizellomycetales_X,Spizellomycetales_XX,Spizellomycetales_XX_sp.,Opisthokonta_Chytridiomycota
ASV_254,0,0,75,0,0,0,23,0,0,0,0,0,0,0,0,0,0,0,0,0,305,130,0,0,234,218,0,0,0,0,0,0,0,0,0,0,575,0,115,0,23,161,0,0,0,Eukaryota,TSAR,Stramenopiles,Gyrista,Chrysophyceae,Chrysosaccales,Chrysosaccaceae,Chrysosphaera,Chrysosphaera_parvula,Stramenopiles
ASV_255,0,0,0,0,0,0,0,0,0,0,0,0,0,0,0,0,0,0,0,0,105,0,0,0,0,416,0,386,946,0,0,0,0,0,0,0,0,0,0,0,0,0,0,0,0,Eukaryota,Cryptista,Cryptophyta,Cryptophyta_X,Cryptophyceae,Cryptomonadales,Cryptomonadales_X,Cryptomonas,NA,Cryptophyta
ASV_256,0,0,0,330,0,0,0,0,0,0,0,0,0,0,0,0,0,0,0,0,0,0,0,0,0,258,0,0,1052,207,0,0,0,0,0,0,0,0,0,0,0,0,0,0,0,Eukaryota,Archaeplastida,Chlorophyta,Chlorophyta_X,Trebouxiophyceae,Chlorellales,Chlorellales_X,Amphikrikos,Amphikrikos_sp.,Chlorophyta
ASV_257,0,494,838,248,0,0,0,24,0,0,0,0,0,0,0,137,0,0,47,0,0,0,0,0,0,0,0,0,0,0,0,0,0,0,0,0,27,0,0,0,0,0,25,0,0,Eukaryota,Obazoa,Opisthokonta,Fungi,NA,NA,NA,NA,NA,Opisthokonta_Unclassified
ASV_258,0,238,674,85,0,0,830,0,0,0,0,0,0,0,0,0,0,0,0,0,0,0,0,0,0,0,0,0,0,0,0,0,0,0,0,0,0,0,0,0,0,0,0,0,0,Eukaryota,TSAR,Stramenopiles,Gyrista,Peronosporomycetes,Peronosporomycetes,Peronosporales,Peronosporales_X,Peronosporales_X_sp.,Stramenopiles
ASV_259,0,0,0,0,0,0,0,0,0,0,0,0,0,0,0,0,34,51,0,21,275,0,71,0,232,1114,0,0,0,0,0,0,0,0,0,0,0,0,0,0,0,0,0,0,0,Eukaryota,Archaeplastida,Streptophyta,Streptophyta_X,Zygnemophyceae, Zygnemophyceae, ZygnemophyceaeX,Spirotaenia,Spirotaenia_condensata,Streptophyta
ASV_260,0,0,0,0,43,31,0,27,0,0,0,0,0,0,0,0,0,0,0,0,0,0,0,0,0,0,0,0,0,0,0,1523,151,0,0,22,0,0,0,0,0,0,0,0,0,Eukaryota,Archaeplastida,Chlorophyta,Chlorophyta_X,Chlorophyceae,Chlamydomonadales,Chlamydomonadales_X,NA,NA,Chlorophyta
ASV_261,0,0,0,0,0,0,0,0,0,0,0,0,0,0,0,0,180,154,117,83,306,0,97,193,225,77,0,0,280,68,0,0,0,0,0,0,0,0,0,0,0,0,0,0,0,Eukaryota,Archaeplastida,Chlorophyta,Chlorophyta_X,Chlorophyceae,Chlamydomonadales,Chlamydomonadales_X,NA,NA,Chlorophyta
ASV_262,0,0,0,0,0,0,0,0,0,0,0,0,0,0,0,0,0,0,8,44,306,20,20,41,390,860,0,0,0,69,0,0,0,0,0,0,0,0,0,0,0,0,0,0,0,Eukaryota,Archaeplastida,Chlorophyta,Chlorophyta_X,Chlorophyceae,Chlorophyceae_X,Chlorophyceae_XX,Treubaria,Treubaria_setigera,Chlorophyta
ASV_263,0,0,0,0,0,0,0,0,0,0,0,0,0,0,0,1276,69,105,194,35,0,0,78,0,0,0,0,0,0,0,0,0,0,0,0,0,0,0,0,0,0,0,0,0,0,Eukaryota,Obazoa,Opisthokonta,Ichthyosporea,Ichthyophonida,Pseudoperkinsidae,Pseudoperkinsidae_X,Pseudoperkinsidae_XX,Pseudoperkinsidae_XX_sp.,Opisthokonta_Ichthyophonida
ASV_264,0,0,0,0,0,0,0,0,0,0,0,0,0,0,0,0,73,276,0,104,59,0,326,0,512,206,0,0,0,195,0,0,0,0,0,0,0,0,0,0,0,0,0,0,0,Eukaryota,TSAR,Stramenopiles,Gyrista,Chrysophyceae,NA,NA,NA,NA,Stramenopiles
ASV_265,0,0,0,0,0,0,0,0,0,0,0,0,0,0,0,0,0,0,0,0,0,0,0,0,0,0,0,0,0,0,0,0,0,0,0,0,1751,0,0,0,0,0,0,0,0,Eukaryota,TSAR,Stramenopiles,Gyrista,Chrysophyceae,Paraphysomonadales,Paraphysomonadaceae,Paraphysomonas,NA,Stramenopiles
ASV_266,7,258,0,0,0,0,0,0,0,0,0,0,0,0,0,497,96,79,417,0,0,0,31,0,0,0,0,0,0,0,172,0,0,193,0,0,0,0,0,0,0,0,0,0,0,Eukaryota,Archaeplastida,Streptophyta,Streptophyta_X,Embryophyceae,Embryophyceae_X,Embryophyceae_XX,Pinus,Pinus_taeda,Streptophyta
ASV_267,517,0,0,0,126,0,0,182,0,0,0,0,0,0,0,0,0,0,0,0,0,0,0,0,0,0,0,0,0,0,83,0,686,0,131,0,0,0,0,0,0,0,0,0,0,Eukaryota,Obazoa,Opisthokonta,Metazoa,Arthropoda,Crustacea,Maxillopoda,Eudiaptomus,Eudiaptomus_graciloides,Opisthokonta_Arthropoda
ASV_268,0,0,0,0,0,0,0,0,0,0,0,0,0,0,0,0,0,0,0,0,0,0,0,0,0,0,0,0,0,0,0,0,0,1713,0,0,0,0,0,0,0,0,0,0,0,Eukaryota,Obazoa,Opisthokonta,Fungi,NA,NA,NA,NA,NA,Opisthokonta_Unclassified
ASV_269,0,1611,50,0,0,0,0,0,0,0,0,0,0,0,0,0,0,0,0,0,0,0,0,0,0,0,0,0,0,0,23,0,0,0,0,0,0,0,0,0,0,0,0,0,0,Eukaryota,TSAR,Stramenopiles,Gyrista,Peronosporomycetes,Peronosporomycetes,Saprolegniales,Saprolegnia,Saprolegnia_parasitica,Stramenopiles
ASV_270,0,0,0,0,0,0,0,0,0,0,0,0,0,0,0,0,22,0,0,276,449,0,0,19,0,37,0,0,0,89,0,0,0,0,49,201,35,72,72,150,0,132,62,15,0,Eukaryota,Archaeplastida,Chlorophyta,Chlorophyta_X,Mamiellophyceae,Monomastigales,Monomastigaceae,Monomastix,Monomastix_minuta,Chlorophyta
ASV_271,0,0,0,31,0,0,0,0,0,0,0,0,0,0,0,0,0,0,359,181,369,46,90,72,461,56,0,0,0,0,0,0,0,0,0,0,0,0,0,0,0,0,0,0,0,Eukaryota,TSAR,Stramenopiles,Gyrista,Chrysophyceae,Paraphysomonadales,Paraphysomonadales_Clade-EC1Gb,Paraphysomonadales_Clade-EC1Gb_X,Paraphysomonadales_Clade-EC1Gb_X_sp.,Stramenopiles
ASV_272,0,0,0,0,0,0,0,0,0,0,0,0,0,0,0,89,0,0,0,121,94,26,69,110,242,497,415,0,0,0,0,0,0,0,0,0,0,0,0,0,0,0,0,0,0,Eukaryota,TSAR,Stramenopiles,Gyrista,Chrysophyceae,NA,NA,NA,NA,Stramenopiles
ASV_273,0,9,8,25,40,0,10,0,0,0,0,6,0,0,0,316,228,19,843,0,0,0,0,0,0,0,0,0,0,0,65,0,0,68,0,0,9,0,0,0,0,0,0,0,0,Eukaryota,TSAR,Stramenopiles,Gyrista,Bacillariophyceae,Fragilariales,Fragilariaceae,Fragilaria,Fragilaria_vaucheriae,Stramenopiles
ASV_274,0,0,0,0,0,0,0,0,0,0,0,0,0,0,0,0,42,322,0,895,0,0,152,73,77,0,0,0,0,85,0,0,0,0,0,0,0,0,0,0,0,0,0,0,0,Eukaryota,Obazoa,Opisthokonta,Choanoflagellata,Choanoflagellatea,Craspedida,Salpingoecidae_Group_C1,Salpingoecidae_Group_C1_X,Salpingoecidae_Group_C1_X_sp.,Opisthokonta_Choanoflagellatea
ASV_275,0,0,0,0,0,0,0,0,0,0,0,0,0,0,0,0,0,0,0,0,608,0,346,0,0,0,219,171,299,0,0,0,0,0,0,0,0,0,0,0,0,0,0,0,0,Eukaryota,Archaeplastida,Chlorophyta,Chlorophyta_X,Chlorophyceae,Sphaeropleales,Sphaeropleales_X,Protodesmus,Protodesmus_globulifer,Chlorophyta
ASV_276,0,231,25,0,0,0,0,0,0,0,0,0,0,0,0,164,85,0,1133,0,0,0,0,0,0,0,0,0,0,0,0,0,0,0,0,0,0,0,0,0,0,0,0,0,0,Eukaryota,Obazoa,Opisthokonta,Fungi,NA,NA,NA,NA,NA,Opisthokonta_Unclassified
ASV_277,0,0,0,0,0,0,295,62,0,160,0,0,0,0,129,0,0,0,0,0,0,0,0,0,0,0,0,0,0,0,0,0,0,992,0,0,0,0,0,0,0,0,0,0,0,Eukaryota,Obazoa,Opisthokonta,Metazoa,Gastrotricha,Gastrotricha_X,Gastrotricha_XX,Chaetonotus,Chaetonotus_sp.,Opisthokonta_Gastrotricha
ASV_278,0,0,0,69,0,0,0,0,0,0,0,0,0,0,0,0,0,0,36,0,0,0,0,0,45,1468,0,0,0,0,16,0,0,0,0,0,0,0,0,0,0,0,0,0,0,Eukaryota,TSAR,Stramenopiles,Gyrista,Dictyochophyceae,Dictyochophyceae_X,Pedinellales,Pseudopedinella,NA,Stramenopiles
ASV_279,0,0,0,0,0,0,0,0,0,0,0,0,0,0,0,0,0,0,0,137,0,89,569,52,14,58,0,150,535,26,0,0,0,0,0,0,0,0,0,0,0,0,0,0,0,Eukaryota,TSAR,Rhizaria,Cercozoa,Filosa-SarcomoNAdea,Glissomonadida,NA,NA,NA,Rhizaria
ASV_280,0,0,0,0,0,0,0,0,0,0,0,0,0,0,0,0,0,0,0,137,0,0,538,0,120,157,106,95,252,199,0,0,0,0,0,0,0,0,0,0,0,0,0,0,0,Eukaryota,TSAR,Stramenopiles,Bigyra,Bicoecea,Bicoecales,Bicoecaceae,Bicoecaceae_X,Bicoecaceae_X_sp.,Stramenopiles
ASV_281,0,53,122,0,671,0,43,0,0,0,0,0,0,0,0,0,0,0,0,182,0,119,281,0,13,92,0,0,0,0,0,0,0,0,0,0,24,0,0,0,0,0,0,0,0,Eukaryota,TSAR,Stramenopiles,Gyrista,Chrysophyceae,Ochromonadales,Ochromonadaceae,Acrispumella,Acrispumella_sp.,Stramenopiles
ASV_282,0,0,0,0,20,0,0,0,0,0,0,0,0,0,0,0,0,0,0,0,0,0,0,0,0,0,0,0,0,0,69,0,0,834,0,536,0,48,0,0,0,93,0,0,0,Eukaryota,Archaeplastida,Chlorophyta,Chlorophyta_X,Mamiellophyceae,Monomastigales,Monomastigaceae,Monomastix,Monomastix_minuta,Chlorophyta
ASV_283,0,0,0,0,0,0,16,0,0,0,0,0,0,0,0,0,0,0,93,0,170,0,0,64,0,1059,0,0,62,0,29,0,0,100,0,0,0,0,0,0,0,0,0,0,0,Eukaryota,TSAR,Stramenopiles,Gyrista,Chrysophyceae,Segregatospumellales,Segregatospumellaceae,Segregatospumellaceae_X,Segregatospumellaceae_X_sp.,Stramenopiles
ASV_284,0,0,0,0,0,0,0,0,0,0,0,0,0,0,0,82,109,0,1287,0,0,0,0,0,0,0,0,0,0,0,55,0,0,59,0,0,0,0,0,0,0,0,0,0,0,Eukaryota,Obazoa,Opisthokonta,Fungi,NA,NA,NA,NA,NA,Opisthokonta_Unclassified
ASV_285,0,0,0,0,0,0,0,0,0,0,0,0,0,0,0,0,119,649,115,0,361,0,0,159,146,35,0,0,0,0,0,0,0,0,0,0,0,0,0,0,0,0,0,0,0,Eukaryota,TSAR,Stramenopiles,Bigyra,Bicoecea,NA,NA,NA,NA,Stramenopiles
ASV_286,0,0,0,0,0,0,0,0,0,0,0,0,0,0,0,1238,84,85,77,0,0,0,85,0,0,0,0,0,0,0,0,0,0,0,0,0,0,0,0,0,0,0,0,0,0,Eukaryota,Archaeplastida,Chlorophyta,Chlorophyta_X,Chlorophyceae,Sphaeropleales,Selenastraceae,Monoraphidium,Monoraphidium_griffithi,Chlorophyta
ASV_287,0,28,74,0,0,0,0,239,0,0,0,0,0,0,0,1226,0,0,0,0,0,0,0,0,0,0,0,0,0,0,0,0,0,0,0,0,0,0,0,0,0,0,0,0,0,Eukaryota,Obazoa,Opisthokonta,Metazoa,Gastrotricha,Gastrotricha_X,Gastrotricha_XX,Chaetonotus,Chaetonotus_aemilianus,Opisthokonta_Gastrotricha
ASV_288,0,0,0,0,0,0,0,0,0,0,0,0,0,0,0,0,0,0,0,0,0,0,0,0,0,0,0,0,0,0,143,0,0,1424,0,0,0,0,0,0,0,0,0,0,0,Eukaryota,Obazoa,Opisthokonta,Fungi,Chytridiomycota,Rhizophydiales,Rhizophydiaceae,Rhizophydium,NA,Opisthokonta_Chytridiomycota
ASV_289,0,0,0,0,0,0,0,0,0,0,0,0,0,0,0,0,0,0,0,6,0,0,1556,0,0,0,0,0,0,0,0,0,0,0,0,0,0,0,0,0,0,0,0,0,0,Eukaryota,Obazoa,Opisthokonta,Fungi,NA,NA,NA,NA,NA,Opisthokonta_Unclassified
ASV_290,0,0,0,0,0,0,0,0,0,0,0,0,0,0,0,0,0,173,0,287,108,0,243,0,0,456,0,142,0,86,0,0,0,0,0,0,66,0,0,0,0,0,0,0,0,Eukaryota,TSAR,Stramenopiles,Bigyra,Opalozoa,Opalozoa_X,MAST-12,MAST-12_X,MAST-12_X_sp.,Stramenopiles
ASV_291,0,0,0,0,0,0,0,0,0,0,0,0,0,0,0,0,0,75,0,306,0,0,746,0,181,251,0,0,0,0,0,0,0,0,0,0,0,0,0,0,0,0,0,0,0,Eukaryota,Haptista,Haptophyta,Haptophyta_X,Prymnesiophyceae,Prymnesiales,Chrysochromulinaceae,Chrysochromulina,Chrysochromulina_tobin,Haptophyta
ASV_292,0,0,0,0,0,0,0,0,0,0,0,0,0,0,0,139,573,243,23,0,0,0,0,0,0,75,0,80,187,237,0,0,0,0,0,0,0,0,0,0,0,0,0,0,0,Eukaryota,TSAR,Stramenopiles,Bigyra,Opalozoa,NA,NA,NA,NA,Stramenopiles
ASV_293,0,0,0,1555,0,0,0,0,0,0,0,0,0,0,0,0,0,0,0,0,0,0,0,0,0,0,0,0,0,0,0,0,0,0,0,0,0,0,0,0,0,0,0,0,0,Eukaryota,Obazoa,Opisthokonta,Fungi,Chytridiomycota,Spizellomycetales,Spizellomycetales_X,Spizellomycetales_XX,Spizellomycetales_XX_sp.,Opisthokonta_Chytridiomycota
ASV_294,0,0,0,169,0,0,32,0,0,0,0,0,9,29,0,0,0,0,0,0,0,0,0,12,26,156,0,0,399,0,10,28,0,283,0,0,397,0,0,0,0,3,0,0,0,Eukaryota,TSAR,Rhizaria,Cercozoa,Filosa-Imbricatea,NA,NA,NA,NA,Rhizaria
ASV_295,0,0,0,0,0,0,0,0,0,0,0,0,0,0,0,0,0,0,86,0,0,0,0,234,746,156,0,322,0,0,0,0,0,0,0,0,0,0,0,0,0,0,0,0,0,Eukaryota,Obazoa,Opisthokonta,Fungi,Chytridiomycota,Zygorhizidiales,Zygorhizidiaceae,Zygorhizidium,Zygorhizidium_planktonicum,Opisthokonta_Chytridiomycota
ASV_296,0,0,0,0,0,0,0,0,0,0,122,0,0,0,0,0,0,0,0,0,0,0,0,0,0,0,0,0,0,0,0,0,0,1348,0,0,0,0,0,0,0,69,0,0,0,Eukaryota,Obazoa,Opisthokonta,Metazoa,Gastrotricha,Gastrotricha_X,Gastrotricha_XX,Chaetonotus,NA,Opisthokonta_Gastrotricha
ASV_297,0,0,0,0,0,0,0,0,0,0,0,0,0,0,0,0,0,0,0,397,0,0,0,0,168,778,0,196,0,0,0,0,0,0,0,0,0,0,0,0,0,0,0,0,0,Eukaryota,Obazoa,Opisthokonta,Fungi,Chytridiomycota,Rhizophydiales,NA,NA,NA,Opisthokonta_Chytridiomycota
ASV_298,0,0,0,0,0,0,0,0,0,0,0,0,0,0,0,0,0,0,0,0,0,0,0,0,0,0,0,0,1529,0,0,0,0,0,0,0,0,0,0,0,0,0,0,0,0,Eukaryota,TSAR,Stramenopiles,Gyrista,Chrysophyceae,Paraphysomonadales,Paraphysomonadaceae,Paraphysomonas,Paraphysomonas_vulgaris,Stramenopiles
ASV_299,0,0,0,0,0,0,27,0,0,0,0,0,0,0,0,0,0,0,0,185,280,1036,0,0,0,0,0,0,0,0,0,0,0,0,0,0,0,0,0,0,0,0,0,0,0,Eukaryota,Obazoa,Opisthokonta,Fungi,Chytridiomycota,Spizellomycetales,NA,NA,NA,Opisthokonta_Chytridiomycota
ASV_300,0,0,0,0,0,0,0,0,0,0,0,0,0,0,0,499,31,0,0,0,0,0,990,0,0,0,0,0,0,0,0,0,0,0,0,0,0,0,0,0,0,0,0,0,0,Eukaryota,TSAR,Stramenopiles,Gyrista,Peronosporomycetes,Peronosporomycetes,Leptomitales,Leptomitales_X,Leptomitales_X_sp.,Stramenopiles
ASV_301,0,0,0,0,0,0,34,0,0,0,0,0,0,0,0,0,197,197,0,0,578,60,0,47,79,30,0,0,0,0,63,0,0,233,0,0,0,0,0,0,0,0,0,0,0,Eukaryota,TSAR,Stramenopiles,Gyrista,Chrysophyceae,Paraphysomonadales,Paraphysomonadales_X,Paraphysomonadales_XX,Paraphysomonadales_XX_sp.,Stramenopiles
ASV_302,0,0,0,0,0,0,0,0,0,0,0,0,522,0,0,0,0,0,0,263,104,58,136,98,158,139,0,0,0,34,0,0,0,0,0,0,0,0,0,0,0,0,0,0,0,Eukaryota,Archaeplastida,Chlorophyta,Chlorophyta_X,Chlorophyceae,Chlamydomonadales,Chlamydomonadales_X,Gonium,Gonium_pectorale,Chlorophyta
ASV_303,0,0,0,0,0,0,0,0,0,0,0,0,0,0,0,0,707,159,300,0,0,0,0,0,0,0,0,0,0,0,0,0,0,336,0,0,0,0,0,0,0,0,0,0,0,Eukaryota,TSAR,Stramenopiles,Gyrista,Chrysophyceae,Paraphysomonadales,Paraphysomonadaceae,Paraphysomonas,Paraphysomonas_imperforata,Stramenopiles
ASV_304,0,0,0,0,0,0,0,0,0,0,0,0,0,0,0,0,0,0,0,57,25,0,0,65,0,731,0,267,0,356,0,0,0,0,0,0,0,0,0,0,0,0,0,0,0,Eukaryota,TSAR,Stramenopiles,Gyrista,Bacillariophyceae,Fragilariales,Fragilariaceae,Synedra,Synedra_ulna,Stramenopiles
ASV_305,0,0,0,0,0,0,0,0,0,0,0,0,0,0,0,291,0,0,94,0,0,0,0,264,0,443,0,0,407,0,0,0,0,0,0,0,0,0,0,0,0,0,0,0,0,Eukaryota,TSAR,Stramenopiles,Gyrista,Chrysophyceae,NA,NA,NA,NA,Stramenopiles
ASV_306,0,0,0,0,0,0,0,0,0,0,0,0,675,821,0,0,0,0,0,0,0,0,0,0,0,0,0,0,0,0,0,0,0,0,0,0,0,0,0,0,0,0,0,0,0,Eukaryota,TSAR,Stramenopiles,Gyrista,Peronosporomycetes,Peronosporomycetes,Peronosporales,NA,NA,Stramenopiles
ASV_307,0,0,0,0,0,0,0,0,0,0,0,0,0,0,0,0,0,0,0,183,0,51,7,21,11,46,331,0,777,40,0,0,0,28,0,0,0,0,0,0,0,0,0,0,0,Eukaryota,Obazoa,Opisthokonta,Pluriformea,Pluriformea_X,Pluriformea_XX,Pluriformea_XXX,Syssomonas,Syssomonas_multiformis,Opisthokonta_Pluriformea
ASV_308,0,0,0,0,10,0,284,0,0,0,0,0,0,0,0,0,0,0,0,0,0,0,0,0,0,0,0,0,0,0,241,0,0,622,0,57,0,0,0,0,0,0,241,0,32,Eukaryota,Cryptista,Cryptophyta,Cryptophyta_X,Cryptophyceae,Cryptophyceae_X,Basal_Cryptophyceae-1,Basal_Cryptophyceae-1_X,Basal_Cryptophyceae-1_X_sp.,Cryptophyta
ASV_309,0,0,0,0,0,0,0,0,0,0,0,0,0,0,0,0,0,0,0,0,0,316,0,32,540,270,0,252,0,24,0,0,0,0,0,0,0,0,2,0,0,0,16,0,0,Eukaryota,Obazoa,Opisthokonta,Fungi,NA,NA,NA,NA,NA,Opisthokonta_Unclassified
ASV_310,0,0,0,0,0,0,0,0,0,0,0,0,0,0,0,0,0,0,0,0,477,0,0,0,0,93,102,278,501,0,0,0,0,0,0,0,0,0,0,0,0,0,0,0,0,Eukaryota,Archaeplastida,Chlorophyta,Chlorophyta_X,Chlorophyceae,Sphaeropleales,Sphaeropleales_X,Protodesmus,Protodesmus_globulifer,Chlorophyta
ASV_311,0,0,0,0,0,0,0,0,0,0,0,0,0,0,0,0,0,0,0,208,0,0,1232,0,0,0,0,0,0,0,0,0,0,0,0,0,0,0,0,0,0,0,0,0,0,Eukaryota,Obazoa,Opisthokonta,Fungi,Chytridiomycota,Spizellomycetales,Spizellomycetales_X,Spizellomycetales_XX,Spizellomycetales_XX_sp.,Opisthokonta_Chytridiomycota
ASV_312,0,0,0,0,0,0,0,0,0,0,0,0,0,0,0,0,143,206,0,231,481,0,271,0,0,0,0,105,0,0,0,0,0,0,0,0,0,0,0,0,0,0,0,0,0,Eukaryota,TSAR,Stramenopiles,Gyrista,Mediophyceae,Thalassiosirales,Stephanodiscaceae,Stephanodiscus,Stephanodiscus_hantzschii,Stramenopiles
ASV_313,0,42,50,0,1303,26,0,0,0,0,0,0,0,0,0,0,0,0,0,0,0,0,0,0,0,0,0,0,0,0,0,0,0,0,0,0,0,0,0,0,0,0,0,0,0,Eukaryota,Archaeplastida,Chlorophyta,Chlorophyta_X,Chlorophyceae,Chlamydomonadales,Chlamydomonadales_X,NA,NA,Chlorophyta
ASV_314,0,0,0,0,0,0,0,0,0,0,0,0,0,0,0,0,0,0,1417,0,0,0,0,0,0,0,0,0,0,0,0,0,0,0,0,0,0,0,0,0,0,0,0,0,0,Eukaryota,Obazoa,Opisthokonta,Metazoa,Gastrotricha,Gastrotricha_X,Gastrotricha_XX,NA,NA,Opisthokonta_Gastrotricha
ASV_315,0,0,0,0,0,0,0,0,0,0,0,0,0,0,0,0,0,0,0,38,0,17,827,16,30,134,0,64,247,26,0,0,0,0,0,0,0,0,0,0,0,0,0,0,0,Eukaryota,CRuMs,Collodictyonidae,Collodictyonidae_X,Collodictyonidae_XX,Collodictyonidae_XXX,Collodictyonidae_XXXX,NA,NA,Collodictyonidae
ASV_316,0,0,0,0,0,0,41,0,0,0,0,0,0,0,0,0,0,0,0,82,0,0,575,70,546,0,0,0,0,82,0,0,0,0,0,0,0,0,0,0,0,0,0,0,0,Eukaryota,TSAR,Stramenopiles,Gyrista,Chrysophyceae,Ochromonadales,Ochromonadaceae,Poteriospumella,Poteriospumella_sp.,Stramenopiles
ASV_317,0,0,0,0,0,0,0,0,0,0,0,0,0,0,0,0,817,152,277,97,0,0,32,0,0,0,0,0,0,19,0,0,0,0,0,0,0,0,0,0,0,0,0,0,0,Eukaryota,TSAR,Stramenopiles,Gyrista,Chrysophyceae,Chromulinales,Chrysamoebaceae,Chrysamoeba,Chrysamoeba_tenera,Stramenopiles
ASV_318,0,0,202,1183,0,0,0,0,0,0,0,0,0,0,0,0,0,0,0,0,0,0,0,0,0,0,0,0,0,0,0,0,0,0,0,0,0,0,0,0,0,0,0,0,0,Eukaryota,Obazoa,Opisthokonta,Fungi,Rozellomycota,Rozellomycota_X,Rozellomycota_XX,Rozella,Rozella_allomycis,Opisthokonta_Rozellomycota
ASV_319,0,0,0,0,0,0,0,0,0,0,0,0,0,0,0,0,0,0,0,0,0,0,0,0,35,1240,0,0,0,0,99,0,0,0,0,0,0,0,0,0,0,0,0,0,0,Eukaryota,TSAR,Stramenopiles,Bigyra,Bicoecea,Pseudodendromonadales,Pseudodendromonadales_X,Pseudodendromonadales_XX,Pseudodendromonadales_XX_sp.,Stramenopiles
ASV_320,0,0,0,0,0,0,0,0,0,0,0,0,0,0,0,0,0,0,0,0,115,64,0,0,82,235,0,0,0,0,0,0,0,0,0,19,638,17,16,0,0,179,0,0,0,Eukaryota,Obazoa,Opisthokonta,Fungi,Chytridiomycota,Chytridiales,Chytridiaceae,Diplochytridium,Diplochytridium_lagenarium,Opisthokonta_Chytridiomycota
ASV_321,0,0,0,0,0,0,0,0,0,0,0,0,0,0,0,0,53,0,208,0,0,0,0,161,85,183,0,0,570,96,0,0,0,0,0,0,0,0,0,0,0,0,0,0,0,Eukaryota,Obazoa,Opisthokonta,Fungi,Chytridiomycota,Rhizophydiales,Rhizophydiales_X,Rhizophydiales_XX,Rhizophydiales_XX_sp.,Opisthokonta_Chytridiomycota
ASV_322,936,38,0,0,0,56,0,0,0,0,0,0,0,0,0,0,0,0,0,0,0,0,0,0,0,0,0,0,0,0,0,30,35,0,247,0,0,0,0,0,0,0,0,0,0,Eukaryota,Obazoa,Opisthokonta,Metazoa,Arthropoda,Crustacea,Branchiopoda,Bosmina,Bosmina_longirostris,Opisthokonta_Arthropoda
ASV_323,0,0,0,0,0,0,0,0,0,0,0,0,0,0,0,169,289,0,882,0,0,0,0,0,0,0,0,0,0,0,0,0,0,0,0,0,0,0,0,0,0,0,0,0,0,Eukaryota,TSAR,Rhizaria,Cercozoa,Endomyxa,Vampyrellida,Leptophryidae,Arachnomyxa,Arachnomyxa_cryptophaga,Rhizaria
ASV_324,0,20,23,0,0,0,0,0,0,0,4,0,0,0,0,344,32,0,178,0,0,8,13,0,0,0,0,0,0,0,615,0,0,61,0,11,29,0,0,0,0,0,0,0,0,Eukaryota,Obazoa,Opisthokonta,Fungi,Blastocladiomycota,Blastocladiomycotina,Blastocladiomycetes,Catenaria,Catenaria_anguillulae,Opisthokonta_Blastocladiomycota
ASV_325,0,0,0,0,200,398,667,0,0,0,0,69,0,0,0,0,0,0,0,0,0,0,0,0,0,0,0,0,0,0,0,0,0,0,0,0,0,0,0,0,0,0,0,0,0,Eukaryota,Archaeplastida,Chlorophyta,Chlorophyta_X,Chlorophyceae,Sphaeropleales,Sphaeropleales_X,NA,NA,Chlorophyta
ASV_326,0,0,0,0,0,0,0,0,0,0,0,0,0,0,0,0,158,106,167,0,0,0,0,0,129,230,0,540,0,0,0,0,0,0,0,0,0,0,0,0,0,0,0,0,0,Eukaryota,TSAR,Stramenopiles,Gyrista,Mediophyceae,Thalassiosirales,Stephanodiscaceae,Stephanodiscus,Stephanodiscus_hantzschii,Stramenopiles
ASV_327,0,0,0,0,0,0,0,0,0,0,0,0,0,0,0,0,0,0,0,0,0,0,0,0,0,0,0,0,0,0,0,0,0,0,0,0,1329,0,0,0,0,0,0,0,0,Eukaryota,TSAR,Stramenopiles,Bigyra,Bicoecea,Pseudodendromonadales,Pseudodendromonadales_X,Pseudodendromonadales_XX,Pseudodendromonadales_XX_sp.,Stramenopiles
ASV_328,0,0,0,0,0,0,0,0,0,0,0,0,0,0,0,0,0,0,0,18,181,0,0,0,18,97,0,0,696,19,190,0,0,74,0,0,5,0,0,0,0,27,0,0,0,Eukaryota,TSAR,Stramenopiles,Bigyra,Bicoecea,Pseudodendromonadales,Pseudodendromonadales_X,Pseudodendromonadales_XX,Pseudodendromonadales_XX_sp.,Stramenopiles
ASV_329,0,0,0,0,0,0,0,0,0,0,0,0,0,0,0,0,0,0,0,0,287,0,0,0,806,231,0,0,0,0,0,0,0,0,0,0,0,0,0,0,0,0,0,0,0,Eukaryota,TSAR,Stramenopiles,Gyrista,Peronosporomycetes,Peronosporomycetes,Saprolegniales,Aphanomyces,Aphanomyces_invadans,Stramenopiles
ASV_330,0,0,0,0,0,0,0,0,0,0,0,0,0,0,0,0,0,0,0,0,414,255,0,346,100,0,206,0,0,0,0,0,0,0,0,0,0,0,0,0,0,0,0,0,0,Eukaryota,Archaeplastida,Chlorophyta,Chlorophyta_X,Chlorophyceae,Chlamydomonadales,Chlamydomonadales_X,Chlamydomonas,NA,Chlorophyta
ASV_331,0,0,0,0,0,0,0,0,0,0,0,0,0,0,0,0,14,0,19,0,0,0,0,0,0,26,480,0,28,752,0,0,0,0,0,0,0,0,0,0,0,0,0,0,0,Eukaryota,TSAR,Stramenopiles,Gyrista,Chrysophyceae,Ochromonadales,Ochromonadaceae,Poteriospumella,NA,Stramenopiles
ASV_332,0,0,0,0,0,0,0,0,0,0,0,0,0,0,0,0,0,0,31,0,0,305,428,0,0,102,451,0,0,0,0,0,0,0,0,0,0,0,0,0,0,0,0,0,0,Eukaryota,TSAR,Stramenopiles,Gyrista,Chrysophyceae,Paraphysomonadales,Lepidochromonadaceae,Lepidochromonas,Lepidochromonas_caroni,Stramenopiles
ASV_333,0,0,0,0,0,0,0,0,0,0,0,0,0,0,0,0,0,74,41,0,0,0,0,66,333,673,0,128,0,0,0,0,0,0,0,0,0,0,0,0,0,0,0,0,0,Eukaryota,TSAR,Stramenopiles,Bigyra,Bicoecea,Pseudodendromonadales,Pseudodendromonadales_X,NA,NA,Stramenopiles
ASV_334,0,0,0,0,0,0,0,0,0,0,0,0,0,0,0,0,0,0,0,857,146,0,253,19,30,0,0,0,0,0,0,0,0,0,0,0,0,0,0,0,0,0,0,0,0,Eukaryota,TSAR,Stramenopiles,Gyrista,Chrysophyceae,Paraphysomonadales,NA,NA,NA,Stramenopiles
ASV_335,0,0,0,0,0,0,0,0,0,0,0,0,0,0,0,0,0,0,0,24,855,0,317,0,92,8,0,0,0,0,0,0,0,0,0,0,0,0,0,0,0,0,0,0,0,Eukaryota,Obazoa,Opisthokonta,Fungi,NA,NA,NA,NA,NA,Opisthokonta_Unclassified
ASV_336,0,0,0,0,0,0,54,0,0,0,70,0,50,0,0,0,0,0,0,0,0,0,0,0,0,0,0,0,0,0,12,0,0,430,0,29,37,348,164,0,0,28,20,0,51,Eukaryota,TSAR,Stramenopiles,Gyrista,Chrysophyceae,NA,NA,NA,NA,Stramenopiles
ASV_337,0,0,0,0,0,0,0,0,0,0,0,0,0,0,0,264,24,0,20,0,0,108,201,0,0,577,98,0,0,0,0,0,0,0,0,0,0,0,0,0,0,0,0,0,0,Eukaryota,Obazoa,Apusomonada,Apusomonada_X,ApusomoNAdidae,Apusomonadidae_X,Apusomonadidae_XX,Chelonemonas,Chelonemonas_masanensis,Apusomonada
ASV_338,0,0,0,0,0,10,50,0,0,0,0,0,0,0,17,0,0,0,0,0,0,0,0,0,0,0,0,0,0,0,0,0,0,0,0,54,174,917,11,0,0,0,21,0,26,Eukaryota,TSAR,Rhizaria,NA,NA,NA,NA,NA,NA,Rhizaria
ASV_339,0,0,0,0,0,0,0,0,0,0,0,0,0,0,0,0,0,28,0,0,76,0,0,67,701,377,0,0,18,0,0,0,0,0,0,0,0,0,0,0,0,0,10,0,0,Eukaryota,TSAR,Rhizaria,Cercozoa,Filosa-Imbricatea,Spongomonadida,Spongomonadidae,Spongomonadidae_X,Spongomonadidae_X_sp.,Rhizaria
ASV_340,0,0,0,0,0,0,155,0,0,0,0,0,0,0,6,0,0,0,0,4,0,456,0,0,21,10,127,0,259,36,0,0,0,0,0,0,0,0,22,10,41,12,117,0,0,Eukaryota,TSAR,Rhizaria,Cercozoa,Filosa-SarcomoNAdea,Glissomonadida,Bodomorphidae,Bodomorpha,Bodomorpha_sp.,Rhizaria
ASV_341,0,59,52,0,0,0,0,0,0,0,0,0,0,0,0,0,0,0,0,0,0,0,0,0,0,0,0,0,0,0,189,0,0,662,0,308,0,0,0,0,0,0,0,0,0,Eukaryota,TSAR,Rhizaria,Cercozoa,Novel-clade-10-12,Novel-clade-10,Novel-clade-10_X,Novel-clade-10_XX,Novel-clade-10_XX_sp.,Rhizaria
ASV_342,0,0,0,0,0,0,0,0,0,0,0,0,0,0,0,0,42,213,0,65,0,0,175,0,0,0,0,0,0,0,0,0,0,0,549,0,0,61,0,0,0,157,0,0,0,Eukaryota,Cryptista,Cryptophyta,Cryptophyta_X,Cryptophyceae,Cryptomonadales,Cryptomonadales_X,Cryptomonas,Cryptomonas_pyrenoidifera,Cryptophyta
ASV_343,0,0,0,0,99,0,146,0,0,0,0,0,0,0,0,0,0,0,0,0,262,578,0,0,0,0,0,0,0,116,0,0,0,0,0,0,0,0,0,0,0,0,51,0,8,Eukaryota,TSAR,Stramenopiles,Bigyra,Opalozoa,Opalozoa_X,MAST-12,MAST-12_X,MAST-12_X_sp.,Stramenopiles
ASV_344,0,0,0,0,0,0,0,0,0,0,0,0,0,0,0,0,0,0,0,0,0,0,0,0,0,0,0,0,0,0,0,0,0,0,0,0,256,91,0,75,75,117,576,0,66,Eukaryota,Archaeplastida,Chlorophyta,Chlorophyta_X,Chlorophyceae,Chlamydomonadales,Chlamydomonadales_X,Gonium,Gonium_pectorale,Chlorophyta
ASV_345,0,0,0,0,0,0,0,0,0,0,0,0,0,0,0,0,0,0,121,0,0,0,1000,0,0,0,0,0,92,29,0,0,0,0,0,0,0,0,0,0,0,0,0,0,0,Eukaryota,TSAR,Stramenopiles,Bigyra,Bicoecea,Bicoecales,Bicoecaceae,Bicosoeca,Bicosoeca_petiolata,Stramenopiles
ASV_346,0,0,0,0,0,0,0,0,0,0,0,0,0,0,0,333,0,0,83,0,360,0,0,0,159,208,0,0,0,0,0,0,0,0,0,0,0,0,0,0,0,0,97,0,0,Eukaryota,Archaeplastida,Streptophyta,Streptophyta_X,Zygnemophyceae, Zygnemophyceae, ZygnemophyceaeX,NA,NA,Streptophyta
ASV_347,0,0,0,0,0,0,0,0,0,0,0,0,0,0,0,0,0,0,0,0,0,0,0,0,0,1237,0,0,0,0,0,0,0,0,0,0,0,0,0,0,0,0,0,0,0,Eukaryota,Obazoa,Opisthokonta,Fungi,NA,NA,NA,NA,NA,Opisthokonta_Unclassified
ASV_348,0,0,43,28,0,0,0,0,0,0,0,0,0,0,0,0,0,0,0,0,399,25,0,0,97,102,0,38,0,0,0,0,0,300,0,0,171,0,0,0,0,33,0,0,0,Eukaryota,TSAR,Stramenopiles,Gyrista,Peronosporomycetes,Peronosporomycetes,Peronosporales,Peronosporales_X,Peronosporales_X_sp.,Stramenopiles
ASV_349,0,286,0,0,0,0,0,0,0,0,0,0,0,0,0,0,319,0,0,0,0,0,0,0,0,0,0,0,0,0,74,185,0,361,0,0,0,0,0,0,0,0,0,0,0,Eukaryota,Obazoa,Opisthokonta,Metazoa,Arthropoda,Crustacea,Maxillopoda,Acanthocyclops,Acanthocyclops_viridis,Opisthokonta_Arthropoda
ASV_350,0,0,0,0,14,0,0,0,0,47,5,0,0,0,0,0,0,0,0,0,0,0,0,16,0,1142,0,0,0,0,0,0,0,0,0,0,0,0,0,0,0,0,0,0,0,Eukaryota,Obazoa,Opisthokonta,Fungi,Basidiomycota,Ustilaginomycotina,Ustilaginomycetes,Pseudozyma,Pseudozyma_aphidis,Opisthokonta_Basidiomycota
ASV_351,0,0,101,0,0,0,151,0,0,0,0,0,0,0,0,0,0,0,0,0,0,0,0,311,0,0,0,0,0,0,0,0,0,0,0,379,264,0,0,0,0,0,0,0,0,Eukaryota,Obazoa,Opisthokonta,Metazoa,Arthropoda,Crustacea,Ostracoda,Cypridopsis,Cypridopsis_japonica,Opisthokonta_Arthropoda
ASV_352,0,0,0,0,0,0,0,0,0,0,0,0,0,0,0,0,0,0,0,266,300,0,0,34,460,143,0,0,0,0,0,0,0,0,0,0,0,0,0,0,0,0,0,0,0,Eukaryota,TSAR,Stramenopiles,Gyrista,Chrysophyceae,NA,NA,NA,NA,Stramenopiles
ASV_353,0,0,0,0,0,0,0,0,0,0,0,0,0,0,0,1196,0,0,0,0,0,0,0,0,0,0,0,0,0,0,0,0,0,0,0,0,0,0,0,0,0,0,0,0,0,Eukaryota,Obazoa,Opisthokonta,Fungi,Chytridiomycota,NA,NA,NA,NA,Opisthokonta_Chytridiomycota
ASV_354,0,0,0,0,0,0,0,0,0,0,0,0,0,0,0,0,0,0,1188,0,0,0,0,0,0,0,0,0,0,0,0,0,0,0,0,0,0,0,0,0,0,0,0,0,0,Eukaryota,TSAR,Rhizaria,Cercozoa,Endomyxa,Vampyrellida,NA,NA,NA,Rhizaria
ASV_355,0,166,150,0,28,0,0,0,0,0,0,0,0,0,0,0,423,24,159,0,43,45,0,0,0,0,0,0,0,0,0,0,0,0,0,0,101,48,0,0,0,0,0,0,0,Eukaryota,TSAR,Stramenopiles,Gyrista,Chrysophyceae,Ochromonadales,Ochromonadaceae,Poteriospumella,Poteriospumella_lacustris,Stramenopiles
ASV_356,0,0,0,0,0,0,0,0,0,0,0,0,0,0,0,0,359,46,417,0,0,0,0,0,0,46,0,311,0,0,0,0,0,0,0,0,0,0,0,0,0,0,0,0,0,Eukaryota,Obazoa,Opisthokonta,Fungi,Chytridiomycota,Zygophlyctidales,Zygophlyctidaceae,Zygophlyctis,Zygophlyctis_melosirae,Opisthokonta_Chytridiomycota
ASV_357,0,0,0,0,0,0,0,0,0,0,0,0,0,0,0,0,0,0,0,0,0,0,0,11,247,53,0,0,0,866,0,0,0,0,0,0,0,0,0,0,0,0,0,0,0,Eukaryota,Obazoa,Opisthokonta,Fungi,Basidiomycota,Agaricomycotina,NA,NA,NA,Opisthokonta_Basidiomycota
ASV_358,0,0,0,0,0,0,0,0,0,0,0,0,0,0,0,958,0,0,206,0,0,0,0,0,0,0,0,0,0,0,0,0,0,0,0,0,0,0,0,0,0,0,0,0,0,Eukaryota,Obazoa,Opisthokonta,Fungi,NA,NA,NA,NA,NA,Opisthokonta_Unclassified
ASV_359,0,0,0,0,0,0,0,0,0,0,0,0,0,0,0,0,0,0,0,618,0,17,524,0,0,0,0,0,0,0,0,0,0,0,0,0,0,0,0,0,0,0,0,0,0,Eukaryota,TSAR,Stramenopiles,Bigyra,Opalozoa,Opalozoa_X,MAST-12,MAST-12C,MAST-12C_sp.,Stramenopiles
ASV_360,0,0,0,0,0,0,0,0,0,0,0,0,0,0,0,0,0,0,0,24,0,0,1135,0,0,0,0,0,0,0,0,0,0,0,0,0,0,0,0,0,0,0,0,0,0,Eukaryota,TSAR,Rhizaria,Cercozoa,Novel-clade-10-12,Novel-clade-10,Novel-clade-10_X,Novel-clade-10_XX,Novel-clade-10_XX_sp.,Rhizaria
ASV_361,0,0,0,0,0,0,0,0,0,0,0,0,0,0,0,0,310,0,0,0,0,0,0,0,0,0,0,0,0,0,0,0,0,842,0,0,0,0,0,0,0,0,0,0,0,Eukaryota,Obazoa,Opisthokonta,Metazoa,Gastrotricha,Gastrotricha_X,Gastrotricha_XX,Chaetonotus,NA,Opisthokonta_Gastrotricha
ASV_362,0,0,0,0,0,0,0,0,0,0,0,0,0,0,0,992,66,0,86,0,0,0,0,0,0,0,0,0,0,0,0,0,0,0,0,0,0,0,0,0,0,0,0,0,0,Eukaryota,TSAR,Stramenopiles,Gyrista,Peronosporomycetes,Peronosporomycetes,NA,NA,NA,Stramenopiles
ASV_363,236,0,86,0,101,0,0,117,0,0,0,0,0,0,0,0,0,0,0,0,0,0,0,0,0,0,0,0,0,0,0,0,516,0,69,0,0,18,0,0,0,0,0,0,0,Eukaryota,Obazoa,Opisthokonta,Metazoa,Arthropoda,Crustacea,Maxillopoda,NA,NA,Opisthokonta_Arthropoda
ASV_364,0,0,0,0,0,0,0,0,0,0,0,0,0,0,0,0,0,0,0,0,0,0,0,0,0,0,0,0,0,0,0,29,0,1110,0,0,0,0,0,0,0,0,0,0,0,Eukaryota,Archaeplastida,Chlorophyta,Chlorophyta_X,Trebouxiophyceae,Trebouxiophyceae_X,Trebouxiophyceae_XX,Botryococcus,Botryococcus_braunii,Chlorophyta
ASV_365,0,0,0,0,0,37,1101,0,0,0,0,0,0,0,0,0,0,0,0,0,0,0,0,0,0,0,0,0,0,0,0,0,0,0,0,0,0,0,0,0,0,0,0,0,0,Eukaryota,Archaeplastida,Chlorophyta,Chlorophyta_X,Chlorophyceae,Sphaeropleales,Sphaeropleales_X,Pseudoschroederia,Pseudoschroederia_antillarum,Chlorophyta
ASV_366,83,0,230,0,0,0,0,0,0,0,0,0,0,0,46,572,0,0,0,0,0,0,0,0,0,0,0,0,0,0,191,0,0,0,0,0,0,0,0,0,0,0,0,0,0,Eukaryota,Archaeplastida,Chlorophyta,Chlorophyta_X,Chlorophyceae,Oedogoniales,Oedogoniales_X,Oedogonium,Oedogonium_sp.,Chlorophyta
ASV_367,0,0,0,0,0,0,0,0,0,0,0,0,0,0,0,0,0,0,0,0,0,0,0,100,398,175,0,429,0,0,0,0,0,0,0,0,0,0,0,0,0,0,0,0,17,Eukaryota,Obazoa,Opisthokonta,Fungi,NA,NA,NA,NA,NA,Opisthokonta_Unclassified
ASV_368,0,0,0,0,0,0,0,0,0,0,0,0,0,0,0,0,0,0,0,0,0,0,0,22,37,1056,0,0,0,0,0,0,0,0,0,0,0,0,0,0,0,0,0,0,0,Eukaryota,TSAR,Stramenopiles,Gyrista,Chrysophyceae,Apoikiales,Apoikiaceae,Apoikia,Apoikia_sp.,Stramenopiles
ASV_369,70,285,0,0,0,0,0,68,0,0,119,0,0,0,0,0,0,0,0,0,0,0,0,0,0,0,0,0,0,0,0,0,0,565,0,0,0,0,0,0,0,0,0,0,0,Eukaryota,Obazoa,Opisthokonta,Metazoa,Arthropoda,Crustacea,Maxillopoda,Eucyclops,Eucyclops_serrulatus,Opisthokonta_Arthropoda
ASV_370,0,74,40,0,55,0,0,0,0,0,0,0,0,0,0,0,0,40,15,0,261,0,261,47,0,62,0,162,0,24,0,0,0,0,0,0,52,7,0,0,0,0,0,0,0,Eukaryota,Obazoa,Opisthokonta,Fungi,Ascomycota,Pezizomycotina,Dothideomycetes,Dothidotthia,Dothidotthia_aspera,Opisthokonta_Ascomycota
ASV_371,0,0,0,0,0,0,0,0,0,0,0,0,0,0,0,135,0,0,258,0,0,0,0,0,0,0,0,0,0,0,266,0,0,435,0,0,0,0,0,0,0,0,0,0,0,Eukaryota,Obazoa,Opisthokonta,Fungi,Chytridiomycota,Rhizophydiales,Rhizophydiales_X,Rhizophydiales_XX,Rhizophydiales_XX_sp.,Opisthokonta_Chytridiomycota
ASV_372,0,0,0,0,0,0,0,0,0,0,0,0,0,0,0,0,109,154,0,192,447,0,188,0,0,0,0,0,0,0,0,0,0,0,0,0,0,0,0,0,0,0,0,0,0,Eukaryota,TSAR,Stramenopiles,Gyrista,Mediophyceae,Thalassiosirales,Stephanodiscaceae,Stephanodiscus,Stephanodiscus_hantzschii,Stramenopiles
ASV_373,0,0,0,0,0,0,0,0,0,0,0,0,0,0,0,0,0,0,0,0,0,0,0,0,0,0,0,0,0,0,0,9,0,872,0,0,206,0,0,0,0,0,0,0,0,Eukaryota,Obazoa,Opisthokonta,Fungi,NA,NA,NA,NA,NA,Opisthokonta_Unclassified
ASV_374,0,0,0,0,0,0,77,0,0,11,0,0,0,0,0,0,0,0,0,131,363,466,0,0,0,0,0,0,0,37,0,0,0,0,0,0,0,0,0,0,0,0,0,0,0,Eukaryota,TSAR,Rhizaria,Cercozoa,Filosa-SarcomoNAdea,Glissomonadida,Bodomorphidae,Bodomorpha,Bodomorpha_sp.,Rhizaria
ASV_375,0,0,0,0,0,0,148,0,0,0,0,0,0,0,0,0,0,0,0,226,0,138,446,67,58,0,0,0,0,0,0,0,0,0,0,0,0,0,0,0,0,0,0,0,0,Eukaryota,Obazoa,Opisthokonta,Fungi,Chytridiomycota,Spizellomycetales,Spizellomycetales_X,Spizellomycetales_XX,Spizellomycetales_XX_sp.,Opisthokonta_Chytridiomycota
ASV_376,0,0,0,0,0,0,0,0,0,0,0,0,0,0,0,0,13,49,15,0,0,0,0,184,139,681,0,0,0,0,0,0,0,0,0,0,0,0,0,0,0,0,0,0,0,Eukaryota,TSAR,Stramenopiles,Gyrista,Chrysophyceae,NA,NA,NA,NA,Stramenopiles
ASV_377,0,0,0,0,0,0,0,0,0,0,0,0,0,0,0,0,0,0,0,80,103,333,0,88,176,0,301,0,0,0,0,0,0,0,0,0,0,0,0,0,0,0,0,0,0,Eukaryota,Archaeplastida,Chlorophyta,Chlorophyta_X,Chlorophyceae,Chlamydomonadales,Chlamydomonadales_X,Carteria,Carteria_lunzensis,Chlorophyta
ASV_378,0,106,0,0,0,0,0,0,0,0,0,0,0,0,0,0,60,46,0,0,868,0,0,0,0,0,0,0,0,0,0,0,0,0,0,0,0,0,0,0,0,0,0,0,0,Eukaryota,Obazoa,Opisthokonta,Metazoa,Arthropoda,Crustacea,Maxillopoda,Eucyclops,Eucyclops_serrulatus,Opisthokonta_Arthropoda
ASV_379,0,0,0,0,0,0,0,0,0,0,0,0,0,0,0,0,0,0,0,0,0,0,0,0,0,0,0,1080,0,0,0,0,0,0,0,0,0,0,0,0,0,0,0,0,0,Eukaryota,Obazoa,Opisthokonta,Metazoa,Arthropoda,Crustacea,Maxillopoda,Eudiaptomus,Eudiaptomus_graciloides,Opisthokonta_Arthropoda
ASV_380,0,0,0,0,0,0,0,0,0,0,0,0,0,0,0,0,0,0,0,0,0,0,7,34,159,737,0,0,74,60,0,0,0,0,0,0,0,0,0,0,0,0,0,0,0,Eukaryota,TSAR,Stramenopiles,Gyrista,Coscinodiscophyceae,Rhizosoleniales,Rhizosoleniaceae,Urosolenia,Urosolenia_eriensis,Stramenopiles
ASV_381,0,0,93,0,0,0,0,0,0,0,0,0,0,0,0,167,26,0,0,0,0,0,466,0,0,0,151,0,0,0,0,0,0,0,0,0,149,0,0,0,0,0,0,0,14,Eukaryota,Obazoa,Opisthokonta,Metazoa,Arthropoda,Hexapoda,Insecta,Corethrella,Corethrella_wirthi,Opisthokonta_Arthropoda
ASV_382,0,0,0,0,0,0,0,0,0,0,0,0,0,0,0,683,41,10,332,0,0,0,0,0,0,0,0,0,0,0,0,0,0,0,0,0,0,0,0,0,0,0,0,0,0,Eukaryota,Obazoa,Opisthokonta,Fungi,NA,NA,NA,NA,NA,Opisthokonta_Unclassified
ASV_383,0,0,0,0,0,0,0,0,0,0,0,0,0,0,0,0,116,334,357,0,0,0,0,111,102,46,0,0,0,0,0,0,0,0,0,0,0,0,0,0,0,0,0,0,0,Eukaryota,TSAR,Rhizaria,Cercozoa,Novel-clade-10-12,Novel-clade-10,Novel-clade-10_X,Novel-clade-10_XX,Novel-clade-10_XX_sp.,Rhizaria
ASV_384,0,0,0,0,0,0,93,0,0,0,0,0,0,0,0,120,0,0,0,58,300,276,201,13,0,0,0,0,0,0,0,0,0,0,0,0,0,0,0,0,0,0,0,0,0,Eukaryota,Obazoa,Opisthokonta,Fungi,Chytridiomycota,Chytridiales,Chytridiaceae,Allochytridium,Allochytridium_luteum,Opisthokonta_Chytridiomycota
ASV_385,0,0,0,0,0,0,0,0,0,0,73,0,0,0,0,0,173,0,631,0,0,34,61,22,59,0,0,0,0,0,0,0,0,0,0,0,0,0,0,0,0,0,0,0,0,Eukaryota,Archaeplastida,Chlorophyta,Chlorophyta_X,Chlorophyceae,Chlamydomonadales,Chlamydomonadales_X,Chlorococcum,NA,Chlorophyta
ASV_386,0,0,0,0,0,0,0,0,0,0,0,0,0,0,13,0,0,0,0,0,487,130,67,0,147,73,0,0,0,0,0,0,0,0,0,0,114,0,0,0,0,22,0,0,0,Eukaryota,Obazoa,Opisthokonta,Fungi,Chytridiomycota,Chytridiales,Chytridiaceae,Allochytridium,Allochytridium_luteum,Opisthokonta_Chytridiomycota
ASV_387,0,0,0,0,0,0,0,0,0,0,0,0,0,0,0,0,0,0,0,0,0,0,0,0,0,0,0,0,0,0,179,99,47,700,0,27,0,0,0,0,0,0,0,0,0,Eukaryota,Obazoa,Opisthokonta,Metazoa,Arthropoda,Crustacea,Maxillopoda,Tropocyclops,Tropocyclops_ishidai,Opisthokonta_Arthropoda
ASV_388,0,0,0,0,0,0,0,0,0,0,0,0,0,0,0,0,0,0,0,0,0,0,62,0,75,84,0,207,617,0,0,0,0,0,0,0,0,0,0,0,0,0,0,0,0,Eukaryota,Archaeplastida,Chlorophyta,Chlorophyta_X,Chlorophyceae,Sphaeropleales,Scenedesmaceae,Scenedesmaceae_X,Scenedesmaceae_X_sp.,Chlorophyta
ASV_389,0,0,0,0,0,0,0,0,0,0,0,0,0,0,0,0,0,0,0,0,0,0,0,0,0,0,119,0,924,0,0,0,0,0,0,0,0,0,0,0,0,0,0,0,0,Eukaryota,TSAR,Stramenopiles,Gyrista,Chrysophyceae,Paraphysomonadales,Paraphysomonadaceae,Paraphysomonas,Paraphysomonas_vulgaris,Stramenopiles
ASV_390,0,0,0,0,0,0,0,0,0,0,0,0,0,0,0,240,0,0,801,0,0,0,0,0,0,0,0,0,0,0,0,0,0,0,0,0,0,0,0,0,0,0,0,0,0,Eukaryota,Obazoa,Opisthokonta,Fungi,NA,NA,NA,NA,NA,Opisthokonta_Unclassified
ASV_391,0,0,0,0,0,52,732,0,0,0,0,0,0,0,0,0,0,0,0,0,0,0,0,0,0,0,0,0,0,0,0,0,0,0,16,0,47,89,0,0,0,102,0,0,0,Eukaryota,TSAR,Stramenopiles,Bigyra,Bicoecea,Pseudodendromonadales,Pseudodendromonadales_X,Pseudodendromonadales_XX,Pseudodendromonadales_XX_sp.,Stramenopiles
ASV_392,0,0,0,0,0,0,0,0,0,0,0,0,0,0,0,0,0,0,43,0,0,0,0,0,0,0,0,0,0,0,0,0,0,994,0,0,0,0,0,0,0,0,0,0,0,Eukaryota,TSAR,Stramenopiles,Bigyra,Bicoecea,Pseudodendromonadales,Pseudodendromonadales_X,Pseudodendromonadales_XX,Pseudodendromonadales_XX_sp.,Stramenopiles
ASV_393,0,0,0,75,0,0,0,0,0,0,0,0,0,0,0,0,0,0,0,0,0,0,0,0,0,0,0,0,0,0,475,90,32,364,0,0,0,0,0,0,0,0,0,0,0,Eukaryota,Archaeplastida,Chlorophyta,Chlorophyta_X,Chlorophyceae,Chlamydomonadales,Chlamydomonadales_X,Fasciculochloris,Fasciculochloris_boldii,Chlorophyta
ASV_394,0,0,1030,0,0,0,0,0,0,0,0,0,0,0,0,0,0,0,0,0,0,0,0,0,0,0,0,0,0,0,0,0,0,0,0,0,0,0,0,0,0,0,0,0,0,Eukaryota,Obazoa,Opisthokonta,Metazoa,Arthropoda,Crustacea,Ostracoda,Cypridopsis,Cypridopsis_japonica,Opisthokonta_Arthropoda
ASV_395,222,0,89,0,113,0,0,44,27,0,62,0,0,0,0,0,0,0,0,0,0,0,0,0,0,0,0,0,0,0,0,0,370,0,57,0,0,17,27,0,0,0,0,0,0,Eukaryota,Obazoa,Opisthokonta,Metazoa,Arthropoda,Crustacea,Maxillopoda,NA,NA,Opisthokonta_Arthropoda
ASV_396,0,0,0,0,0,0,0,0,0,0,0,0,0,0,0,0,0,0,0,176,197,0,397,26,0,0,230,0,0,0,0,0,0,0,0,0,0,0,0,0,0,0,0,0,0,Eukaryota,TSAR,Stramenopiles,Gyrista,Raphidophyceae,Raphidophyceae_X,Raphidophyceae_XX,Vacuolaria,Vacuolaria_virescens,Stramenopiles
ASV_397,0,0,0,0,0,0,0,0,0,0,0,0,52,0,26,0,0,0,0,11,0,0,0,0,0,0,0,0,0,0,0,0,0,0,907,0,8,0,0,0,0,16,0,0,0,Eukaryota,Obazoa,Opisthokonta,Metazoa,Arthropoda,Crustacea,Branchiopoda,Diaphanosoma,Diaphanosoma_sp.,Opisthokonta_Arthropoda
ASV_398,0,0,0,0,0,0,0,0,0,0,0,0,0,0,0,0,0,0,0,142,65,0,0,0,376,13,134,201,86,0,0,0,0,0,0,0,0,0,0,0,0,0,0,0,0,Eukaryota,TSAR,Stramenopiles,Gyrista,Raphidophyceae,Raphidophyceae_X,Raphidophyceae_XX,NA,NA,Stramenopiles
ASV_399,0,0,0,0,0,0,0,0,0,0,0,0,0,0,0,116,0,0,0,0,0,0,0,0,71,329,0,498,0,0,0,0,0,0,0,0,0,0,0,0,0,0,0,0,0,Eukaryota,TSAR,Stramenopiles,Gyrista,Chrysophyceae,NA,NA,NA,NA,Stramenopiles
ASV_400,0,0,0,0,0,0,0,0,0,0,0,0,0,0,0,220,60,0,490,97,0,0,107,0,0,0,0,0,0,30,0,0,0,0,0,0,0,0,0,0,0,0,0,0,0,Eukaryota,Archaeplastida,Chlorophyta,Chlorophyta_X,Trebouxiophyceae,Chlorellales,Chlorellales_X,Micractinium,Micractinium_reisseri,Chlorophyta
ASV_401,0,64,167,0,0,0,0,629,0,0,0,0,0,0,0,0,0,0,49,0,0,0,0,0,0,0,0,0,0,0,0,0,0,92,0,0,0,0,0,0,0,0,0,0,0,Eukaryota,Archaeplastida,Chlorophyta,Chlorophyta_X,Chlorophyceae,Chlamydomonadales,Chlamydomonadales_X,NA,NA,Chlorophyta
ASV_402,0,0,0,0,0,0,0,0,0,0,0,0,0,0,0,0,0,0,0,31,879,61,0,0,0,0,0,0,0,29,0,0,0,0,0,0,0,0,0,0,0,0,0,0,0,Eukaryota,Obazoa,Opisthokonta,Fungi,NA,NA,NA,NA,NA,Opisthokonta_Unclassified
ASV_403,0,0,0,0,0,0,0,0,0,0,0,0,0,0,0,0,0,0,0,0,123,0,88,0,73,257,0,0,402,57,0,0,0,0,0,0,0,0,0,0,0,0,0,0,0,Eukaryota,Archaeplastida,Chlorophyta,Chlorophyta_X,Chlorophyceae,Sphaeropleales,Sphaeropleales_X,Raphidocelis,Raphidocelis_subcapitata,Chlorophyta
ASV_404,0,0,0,0,0,0,0,0,0,0,0,0,0,0,0,0,0,0,0,0,0,0,0,0,0,0,0,687,175,135,0,0,0,0,0,0,0,0,0,0,0,0,0,0,0,Eukaryota,Obazoa,Opisthokonta,Fungi,NA,NA,NA,NA,NA,Opisthokonta_Unclassified
ASV_405,0,113,317,0,0,0,0,0,0,0,0,0,0,0,0,407,157,0,0,0,0,0,0,0,0,0,0,0,0,0,0,0,0,0,0,0,0,0,0,0,0,0,0,0,0,Eukaryota,Obazoa,Opisthokonta,Metazoa,Gastrotricha,Gastrotricha_X,Gastrotricha_XX,Chaetonotus,Chaetonotus_sp.,Opisthokonta_Gastrotricha
ASV_406,0,0,0,0,0,0,0,0,0,0,0,0,0,0,0,0,0,0,0,0,0,0,0,0,0,0,0,0,0,0,0,0,0,0,6,0,0,0,0,0,9,347,344,276,11,Eukaryota,TSAR,Alveolata,Dinoflagellata,Dinophyceae,Gonyaulacales,Ceratiaceae,Ceratium,Ceratium_hirundinella,Alveolata
ASV_407,0,0,992,0,0,0,0,0,0,0,0,0,0,0,0,0,0,0,0,0,0,0,0,0,0,0,0,0,0,0,0,0,0,0,0,0,0,0,0,0,0,0,0,0,0,Eukaryota,Obazoa,Opisthokonta,Fungi,Chytridiomycota,NA,NA,NA,NA,Opisthokonta_Chytridiomycota
ASV_408,0,42,57,93,136,24,100,0,23,99,76,0,63,117,0,0,0,0,0,0,0,0,0,0,0,0,0,0,0,0,0,0,0,0,0,0,139,0,0,0,0,22,0,0,0,Eukaryota,Obazoa,Opisthokonta,Fungi,Blastocladiomycota,Blastocladiomycotina,Blastocladiomycetes,Hyaloraphidium,Hyaloraphidium_curvatum,Opisthokonta_Blastocladiomycota
ASV_409,0,0,0,0,0,0,0,0,0,0,0,0,0,0,0,212,0,0,171,177,422,0,0,0,0,0,0,0,0,0,0,0,0,0,0,0,0,0,0,0,0,0,0,0,0,Eukaryota,TSAR,Stramenopiles,Gyrista,Chrysophyceae,NA,NA,NA,NA,Stramenopiles
ASV_410,0,0,0,0,0,0,0,0,0,0,0,0,0,0,0,0,33,174,362,0,0,0,0,0,108,298,0,0,0,0,0,0,0,0,0,0,0,0,0,0,0,0,0,0,0,Eukaryota,TSAR,Stramenopiles,Gyrista,Peronosporomycetes,Peronosporomycetes,Saprolegniales,NA,NA,Stramenopiles
ASV_411,0,0,0,0,0,0,20,0,0,0,0,0,0,0,0,0,0,0,0,0,0,0,0,0,0,0,0,0,0,0,0,0,0,0,0,0,949,0,0,0,0,0,0,0,0,Eukaryota,TSAR,Rhizaria,Cercozoa,Novel-clade-10-12,Tremulida,Tremulidae,Tremula,Tremula_longifila,Rhizaria
ASV_412,23,232,135,242,76,38,33,120,0,0,0,0,0,0,0,0,0,0,0,0,0,0,0,0,0,0,0,0,0,0,0,0,0,0,0,0,68,0,0,0,0,0,0,0,0,Eukaryota,Obazoa,Opisthokonta,Fungi,Chytridiomycota,Rhizophydiales,Rhizophydiales_X,Rhizophydiales_XX,Rhizophydiales_XX_sp.,Opisthokonta_Chytridiomycota
ASV_413,0,0,0,0,0,0,0,0,0,0,0,0,0,0,0,9,0,0,0,70,0,0,99,23,7,0,0,265,38,204,0,0,0,0,0,120,0,0,34,18,0,78,0,0,0,Eukaryota,Obazoa,Opisthokonta,Metazoa,Arthropoda,Crustacea,Maxillopoda,Eucyclops,NA,Opisthokonta_Arthropoda
ASV_414,0,0,0,0,0,0,0,0,0,0,0,0,0,0,0,0,0,0,12,0,111,0,62,0,749,0,1,0,0,0,22,0,0,6,0,0,0,0,0,0,0,0,0,0,0,Eukaryota,TSAR,Stramenopiles,Gyrista,Peronosporomycetes,Peronosporomycetes,Peronosporales,Peronosporales_X,Peronosporales_X_sp.,Stramenopiles
ASV_415,0,0,0,0,0,0,0,0,0,0,0,0,0,0,0,0,0,0,0,0,88,111,0,102,70,428,0,50,0,112,0,0,0,0,0,0,0,0,0,0,0,0,0,0,0,Eukaryota,TSAR,Stramenopiles,Bigyra,Opalozoa,Opalozoa_X,MAST-12,MAST-12_X,MAST-12_X_sp.,Stramenopiles
ASV_416,0,0,0,0,0,0,0,0,0,0,0,0,0,0,0,749,111,0,98,0,0,0,0,0,0,0,0,0,0,0,0,0,0,0,0,0,0,0,0,0,0,0,0,0,0,Eukaryota,Archaeplastida,Chlorophyta,Chlorophyta_X,Chlorophyceae,Oedogoniales,Oedogoniales_X,Oedogonium,NA,Chlorophyta
ASV_417,0,0,0,0,0,0,0,0,0,0,0,0,0,0,0,224,0,65,153,0,28,20,11,0,60,380,0,16,0,0,0,0,0,0,0,0,0,0,0,0,0,0,0,0,0,Eukaryota,TSAR,NA,NA,NA,NA,NA,NA,NA,NA
ASV_418,0,0,0,0,0,0,0,0,0,0,0,0,0,0,0,438,0,0,516,0,0,0,0,0,0,0,0,0,0,0,0,0,0,0,0,0,0,0,0,0,0,0,0,0,0,Eukaryota,Obazoa,Opisthokonta,Fungi,Rozellomycota,Rozellomycota_X,Rozellomycota_XX,Rozella,NA,Opisthokonta_Rozellomycota
ASV_419,0,0,0,0,0,0,0,0,0,0,98,0,374,0,478,0,0,0,0,0,0,0,0,0,0,0,0,0,0,0,0,0,0,0,0,0,0,0,0,0,0,0,0,0,0,Eukaryota,Archaeplastida,Chlorophyta,Chlorophyta_X,Chlorophyceae,Chlamydomonadales,Chlamydomonadales_X,Gonium,Gonium_pectorale,Chlorophyta
ASV_420,0,0,0,0,0,0,0,0,0,0,0,0,0,0,0,0,0,25,56,0,0,0,0,190,18,425,0,236,0,0,0,0,0,0,0,0,0,0,0,0,0,0,0,0,0,Eukaryota,TSAR,Stramenopiles,Bigyra,Bicoecea,Pseudodendromonadales,Pseudodendromonadales_X,Pseudodendromonadales_XX,Pseudodendromonadales_XX_sp.,Stramenopiles
ASV_421,0,0,0,0,0,0,65,0,0,0,0,0,0,0,0,0,0,56,0,69,251,0,97,0,0,0,0,0,411,0,0,0,0,0,0,0,0,0,0,0,0,0,0,0,0,Eukaryota,TSAR,Stramenopiles,Gyrista,Peronosporomycetes,Peronosporomycetes,Peronosporales,Peronosporales_X,Peronosporales_X_sp.,Stramenopiles
ASV_422,0,0,0,0,0,0,0,0,0,0,945,0,0,0,0,0,0,0,0,0,0,0,0,0,0,0,0,0,0,0,0,0,0,0,0,0,0,0,0,0,0,0,0,0,0,Eukaryota,Archaeplastida,Streptophyta,Streptophyta_X,Embryophyceae,Embryophyceae_X,Embryophyceae_XX,Utricularia,Utricularia_gibba,Streptophyta
ASV_423,0,0,0,0,0,0,0,0,0,0,0,0,0,0,0,0,0,0,0,213,72,0,339,0,0,0,317,0,0,0,0,0,0,0,0,0,0,0,0,0,0,0,0,0,0,Eukaryota,Obazoa,Opisthokonta,Fungi,Chytridiomycota,NA,NA,NA,NA,Opisthokonta_Chytridiomycota
ASV_424,0,0,0,0,0,0,0,0,0,0,0,0,0,0,0,115,0,0,106,0,0,0,202,0,399,118,0,0,0,0,0,0,0,0,0,0,0,0,0,0,0,0,0,0,0,Eukaryota,Obazoa,Opisthokonta,Fungi,Chytridiomycota,Rhizophydiales,NA,NA,NA,Opisthokonta_Chytridiomycota
ASV_425,0,0,0,0,0,0,0,0,0,0,0,0,0,0,0,0,0,0,0,0,0,0,0,0,0,0,0,0,0,0,0,0,0,0,0,50,868,0,0,22,0,0,0,0,0,Eukaryota,TSAR,Rhizaria,Cercozoa,Novel-clade-10-12,Novel-clade-10,Novel-clade-10_X,Novel-clade-10_XX,Novel-clade-10_XX_sp.,Rhizaria
ASV_426,0,0,0,0,0,0,0,0,0,0,0,0,0,0,0,939,0,0,0,0,0,0,0,0,0,0,0,0,0,0,0,0,0,0,0,0,0,0,0,0,0,0,0,0,0,Eukaryota,Obazoa,Opisthokonta,Metazoa,Arthropoda,Crustacea,Ostracoda,NA,NA,Opisthokonta_Arthropoda
ASV_427,44,25,0,0,0,0,0,0,0,0,0,0,0,0,0,0,0,0,0,0,0,0,0,0,0,0,0,0,0,0,447,0,0,421,0,0,0,0,0,0,0,0,0,0,0,Eukaryota,TSAR,Stramenopiles,Gyrista,Peronosporomycetes,Peronosporomycetes,Peronosporales,Peronosporales_X,Peronosporales_X_sp.,Stramenopiles
ASV_428,0,0,0,0,0,0,0,0,0,0,0,0,0,0,0,574,107,51,137,0,65,0,0,0,0,0,0,0,0,0,0,0,0,0,0,0,0,0,0,0,0,0,0,0,0,Eukaryota,Obazoa,Opisthokonta,Metazoa,Bryozoa,Bryozoa_X,Bryozoa_XX,Pectinatella,Pectinatella_magnifica,Opisthokonta_Bryozoa
ASV_429,0,0,0,0,661,12,87,67,0,0,0,0,0,0,0,0,0,0,0,0,0,0,0,0,0,0,0,0,0,0,0,0,0,0,0,0,0,0,0,0,0,0,100,0,0,Eukaryota,Obazoa,Opisthokonta,Fungi,NA,NA,NA,NA,NA,Opisthokonta_Unclassified
ASV_430,0,0,0,0,0,0,0,0,0,0,0,0,0,0,0,0,0,0,0,78,674,84,87,0,0,0,0,0,0,0,0,0,0,0,0,0,0,0,0,0,0,0,0,0,0,Eukaryota,Archaeplastida,Streptophyta,Streptophyta_X,Zygnemophyceae, Zygnemophyceae, ZygnemophyceaeX,Cosmarium,NA,Streptophyta
ASV_431,0,0,0,0,0,0,0,0,0,0,0,0,0,0,0,0,0,0,0,0,245,23,0,0,63,243,0,266,82,0,0,0,0,0,0,0,0,0,0,0,0,0,0,0,0,Eukaryota,Archaeplastida,Chlorophyta,Chlorophyta_X,Trebouxiophyceae,Chlorellales,Chlorellales_X,Oocystella,Oocystella_oogama,Chlorophyta
ASV_432,0,0,0,0,0,0,0,0,0,0,0,0,0,0,0,0,0,11,0,0,0,0,0,0,873,37,0,0,0,0,0,0,0,0,0,0,0,0,0,0,0,0,0,0,0,Eukaryota,Obazoa,Opisthokonta,Fungi,Chytridiomycota,Chytridiales,Chytridiaceae,Chytridium,Chytridium_polysiphoniae,Opisthokonta_Chytridiomycota
ASV_433,0,80,0,0,19,0,0,0,15,12,0,44,0,0,0,0,25,0,0,0,0,23,0,0,87,184,0,0,0,0,0,0,0,160,0,56,131,0,26,0,0,0,51,0,0,Eukaryota,TSAR,Stramenopiles,Gyrista,Chrysophyceae,Chrysophyceae_env_clade-I,Chrysophyceae_env_clade-I_X,Chrysophyceae_env_clade-I_XX,Chrysophyceae_env_clade-I_XX_sp.,Stramenopiles
ASV_434,0,0,0,0,0,0,0,0,0,0,0,0,0,0,0,0,0,63,331,0,0,0,0,0,0,138,0,0,0,38,261,0,0,78,0,0,0,0,0,0,0,0,0,0,0,Eukaryota,TSAR,Stramenopiles,Bigyra,Bicoecea,Pseudodendromonadales,Pseudodendromonadales_X,Pseudodendromonadales_XX,Pseudodendromonadales_XX_sp.,Stramenopiles
ASV_435,0,0,0,0,0,0,0,0,0,0,0,0,0,0,0,0,0,54,0,400,120,0,0,0,0,163,0,0,0,151,0,0,0,0,0,0,0,0,0,0,0,0,0,0,17,Eukaryota,TSAR,Stramenopiles,Gyrista,Chrysophyceae,Apoikiales,Apoikiaceae,Apoikia,Apoikia_sp.,Stramenopiles
ASV_436,0,0,0,0,817,54,23,0,0,0,0,0,0,0,0,0,0,0,0,0,0,0,0,0,0,0,0,0,0,0,0,0,0,0,0,6,0,0,0,0,0,0,0,0,0,Eukaryota,Obazoa,Opisthokonta,NA,NA,NA,NA,NA,NA,Opisthokonta_Unclassified
ASV_437,0,0,0,0,0,0,898,0,0,0,0,0,0,0,0,0,0,0,0,0,0,0,0,0,0,0,0,0,0,0,0,0,0,0,0,0,0,0,0,0,0,0,0,0,0,Eukaryota,Obazoa,Opisthokonta,Metazoa,Arthropoda,Crustacea,Ostracoda,Cypridopsis,NA,Opisthokonta_Arthropoda
ASV_438,0,0,0,0,0,0,0,0,0,0,0,0,0,0,0,0,66,0,104,252,0,0,157,123,0,193,0,0,0,0,0,0,0,0,0,0,0,0,0,0,0,0,0,0,0,Eukaryota,TSAR,Stramenopiles,Bigyra,Opalozoa,Opalozoa_X,MAST-12,MAST-12C,MAST-12C_sp.,Stramenopiles
ASV_439,0,0,0,0,0,0,0,0,0,0,0,0,0,0,0,0,0,0,0,0,0,0,0,127,0,13,0,0,40,28,457,8,0,212,0,0,0,0,0,0,0,0,0,0,0,Eukaryota,TSAR,Stramenopiles,Bigyra,Bicoecea,Pseudodendromonadales,Pseudodendromonadales_X,Pseudodendromonadales_XX,Pseudodendromonadales_XX_sp.,Stramenopiles
ASV_440,0,0,0,0,0,0,0,0,0,0,0,0,0,0,0,0,0,0,0,0,0,0,0,0,0,0,0,0,0,0,0,0,0,0,0,0,0,884,0,0,0,0,0,0,0,Eukaryota,TSAR,Stramenopiles,Gyrista,Chrysophyceae,Synurales,Synuraceae,NA,NA,Stramenopiles
ASV_441,0,61,40,782,0,0,0,0,0,0,0,0,0,0,0,0,0,0,0,0,0,0,0,0,0,0,0,0,0,0,0,0,0,0,0,0,0,0,0,0,0,0,0,0,0,Eukaryota,Obazoa,Opisthokonta,Fungi,NA,NA,NA,NA,NA,Opisthokonta_Unclassified
ASV_442,0,0,0,0,0,0,0,0,0,0,0,0,0,0,0,672,25,0,157,0,0,0,0,0,0,0,19,0,0,0,0,0,0,0,0,0,0,0,0,0,0,0,0,0,0,Eukaryota,TSAR,Rhizaria,Cercozoa,Filosa-SarcomoNAdea,Pansomonadida,Pansomonadida_X,Pansomonadida_XX,Pansomonadida_XX_sp.,Rhizaria
ASV_443,0,0,0,0,33,0,68,0,0,11,0,0,0,0,0,0,123,13,175,0,0,0,0,126,129,55,0,0,37,0,0,0,0,0,0,0,0,0,0,8,68,9,0,16,0,Eukaryota,TSAR,Stramenopiles,Bigyra,Opalozoa,Opalozoa_X,MAST-12,MAST-12C,MAST-12C_sp.,Stramenopiles
ASV_444,0,0,0,0,0,0,0,0,0,0,0,0,0,0,0,126,44,138,61,55,239,17,19,11,29,46,0,0,0,85,0,0,0,0,0,0,0,0,0,0,0,0,0,0,0,Eukaryota,Obazoa,Opisthokonta,Choanoflagellata,Choanoflagellatea,Craspedida,Salpingoecidae_Group_C1,Salpingoeca_C1,Salpingoeca_fusiformis,Opisthokonta_Choanoflagellatea
ASV_445,0,0,0,0,0,0,0,0,0,0,0,0,0,0,0,0,0,0,0,42,52,27,36,27,260,173,0,181,0,71,0,0,0,0,0,0,0,0,0,0,0,0,0,0,0,Eukaryota,Archaeplastida,Chlorophyta,Chlorophyta_X,Chlorophyceae,Chlamydomonadales,Chlamydomonadales_X,NA,NA,Chlorophyta
ASV_446,0,0,0,0,349,0,0,0,0,0,515,0,0,0,0,0,0,0,0,0,0,0,0,0,0,0,0,0,0,0,0,0,0,0,0,0,0,0,0,0,0,0,0,0,0,Eukaryota,Archaeplastida,Streptophyta,Streptophyta_X,Embryophyceae,Embryophyceae_X,Embryophyceae_XX,Lemna,Lemna_minor,Streptophyta
ASV_447,0,0,0,0,0,0,0,0,0,0,0,0,0,0,0,0,67,141,25,319,0,0,233,0,0,0,0,0,0,0,0,0,0,0,0,0,73,0,0,0,0,0,0,0,0,Eukaryota,TSAR,Stramenopiles,Bigyra,Opalozoa,Opalozoa_X,MAST-12,MAST-12_X,MAST-12_X_sp.,Stramenopiles
ASV_448,31,57,18,32,134,60,382,35,0,0,24,18,0,0,0,0,0,0,0,0,0,0,0,0,0,0,0,0,0,0,0,0,0,0,0,0,65,0,0,0,0,0,0,0,0,Eukaryota,Archaeplastida,Chlorophyta,Chlorophyta_X,Chlorophyceae,Chlamydomonadales,Chlamydomonadales_X,Vitreochlamys,Vitreochlamys_nekrassovii,Chlorophyta
ASV_449,0,0,16,0,0,0,0,0,0,0,0,0,0,0,0,243,234,0,70,0,0,0,0,0,0,292,0,0,0,0,0,0,0,0,0,0,0,0,0,0,0,0,0,0,0,Eukaryota,Obazoa,Opisthokonta,Fungi,Zoopagomycota,Entomophthoromycotina,Entomophthoromycotina_X,Furia,Furia_ithacensis,Opisthokonta_Zoopagomycota
ASV_450,0,0,0,0,0,0,0,0,0,0,0,0,0,0,0,163,0,0,119,0,0,0,0,211,0,197,0,0,165,0,0,0,0,0,0,0,0,0,0,0,0,0,0,0,0,Eukaryota,TSAR,Stramenopiles,Gyrista,Chrysophyceae,NA,NA,NA,NA,Stramenopiles
ASV_451,0,0,0,0,0,0,820,0,0,0,0,0,0,0,0,0,0,0,0,0,0,0,0,0,0,0,0,0,0,0,0,0,0,0,0,0,0,0,0,0,0,0,0,29,0,Eukaryota,TSAR,Stramenopiles,Bigyra,Bicoecea,Bicoecales,Bicoecaceae,Bicosoeca,Bicosoeca_petiolata,Stramenopiles
ASV_452,0,0,0,846,0,0,0,0,0,0,0,0,0,0,0,0,0,0,0,0,0,0,0,0,0,0,0,0,0,0,0,0,0,0,0,0,0,0,0,0,0,0,0,0,0,Eukaryota,TSAR,Rhizaria,Cercozoa,Novel-clade-10-12,Novel-clade-10,Novel-clade-10_X,Novel-clade-10_XX,Novel-clade-10_XX_sp.,Rhizaria
ASV_453,0,154,0,0,0,0,0,0,0,0,0,0,0,0,0,0,0,0,0,0,0,0,0,0,0,0,0,0,0,0,0,0,0,690,0,0,0,0,0,0,0,0,0,0,0,Eukaryota,Obazoa,Opisthokonta,Metazoa,Arthropoda,Crustacea,Maxillopoda,Eucyclops,Eucyclops_serrulatus,Opisthokonta_Arthropoda
ASV_454,0,0,0,0,0,0,0,0,0,0,0,0,0,0,0,0,62,195,74,0,0,0,0,229,152,119,0,0,6,0,0,0,0,0,0,0,0,0,0,0,0,0,0,0,0,Eukaryota,TSAR,Rhizaria,Cercozoa,Filosa-SarcomoNAdea,Glissomonadida,Glissomonadida_Clade-Y,Glissomonadida_Clade-Y_X,Glissomonadida_Clade-Y_X_sp.,Rhizaria
ASV_455,0,0,0,0,0,0,0,0,0,0,0,0,0,0,0,0,0,0,0,494,225,35,6,73,0,0,0,0,0,0,0,0,0,0,0,0,0,0,0,0,0,0,0,0,0,Eukaryota,Obazoa,Opisthokonta,Fungi,Chytridiomycota,NA,NA,NA,NA,Opisthokonta_Chytridiomycota
ASV_456,210,0,0,0,94,0,0,74,24,0,0,0,0,0,13,0,0,0,0,0,0,0,0,0,0,0,0,0,0,0,50,0,299,0,54,0,0,0,0,0,0,0,0,0,0,Eukaryota,Obazoa,Opisthokonta,Metazoa,Arthropoda,Crustacea,Maxillopoda,Eudiaptomus,Eudiaptomus_graciloides,Opisthokonta_Arthropoda
ASV_457,0,0,0,0,0,0,0,0,0,0,0,0,0,0,0,0,22,139,18,0,0,0,0,616,0,0,0,0,0,0,0,0,0,0,0,0,0,0,0,0,0,8,15,0,0,Eukaryota,TSAR,Stramenopiles,Bigyra,Sagenista,NA,NA,NA,NA,Stramenopiles
ASV_458,0,0,0,0,0,0,0,0,0,0,0,0,0,0,0,0,0,0,0,0,232,224,0,0,103,0,136,122,0,0,0,0,0,0,0,0,0,0,0,0,0,0,0,0,0,Eukaryota,Archaeplastida,Chlorophyta,Chlorophyta_X,Chlorophyceae,Chlamydomonadales,Chlamydomonadales_X,Carteria,Carteria_lunzensis,Chlorophyta
ASV_459,0,0,0,0,0,0,0,0,0,0,25,0,0,0,0,0,741,0,7,0,0,0,0,7,11,24,0,0,0,0,0,0,0,0,0,0,0,0,0,0,0,0,0,0,0,Eukaryota,Obazoa,Opisthokonta,Fungi,Ascomycota,Pezizomycotina,Sordariomycetes,Verticillium,Verticillium_albo-atrum,Opisthokonta_Ascomycota
ASV_460,0,0,0,0,0,0,0,0,0,0,0,0,0,0,0,0,0,0,0,0,0,0,0,0,0,0,0,0,0,0,212,0,0,31,0,0,519,0,11,0,0,24,16,0,0,Eukaryota,Obazoa,Opisthokonta,Choanoflagellata,Choanoflagellatea,Craspedida,Salpingoecidae_Group_C1,Salpingoecidae_Group_C1_X,Salpingoecidae_Group_C1_X_sp.,Opisthokonta_Choanoflagellatea
ASV_461,0,0,0,0,20,0,0,0,0,0,0,0,0,0,0,0,0,0,0,0,0,0,0,0,0,0,0,0,0,0,0,0,0,0,0,39,0,277,275,41,0,135,24,0,0,Eukaryota,TSAR,Stramenopiles,Gyrista,Chrysophyceae,Paraphysomonadales,Paraphysomonadales_Clade-EC1Gb,Paraphysomonadales_Clade-EC1Gb_X,Paraphysomonadales_Clade-EC1Gb_X_sp.,Stramenopiles
ASV_462,0,0,0,0,0,0,0,0,0,0,0,0,0,0,0,760,23,0,27,0,0,0,0,0,0,0,0,0,0,0,0,0,0,0,0,0,0,0,0,0,0,0,0,0,0,Eukaryota,Archaeplastida,Streptophyta,Streptophyta_X,Zygnemophyceae, Zygnemophyceae, ZygnemophyceaeX,Mougeotia,Mougeotia_sp.,Streptophyta
ASV_463,0,0,0,0,0,0,0,0,0,0,0,0,0,0,0,0,0,0,0,0,0,0,0,0,0,0,0,0,810,0,0,0,0,0,0,0,0,0,0,0,0,0,0,0,0,Eukaryota,Archaeplastida,Chlorophyta,Chlorophyta_X,Trebouxiophyceae,Chlorellales,Chlorellales_X,Meyerella,Meyerella_planktonica,Chlorophyta
ASV_464,0,0,0,0,0,0,0,0,0,0,0,0,0,0,0,0,806,0,0,0,0,0,0,0,0,0,0,0,0,0,0,0,0,0,0,0,0,0,0,0,0,0,0,0,0,Eukaryota,Archaeplastida,Chlorophyta,Chlorophyta_X,Trebouxiophyceae,Prasiolales,Prasiolales_X,Pseudostichococcus,Pseudostichococcus_monallantoides,Chlorophyta
ASV_465,0,0,0,0,0,0,0,0,0,0,0,0,0,0,0,0,102,0,704,0,0,0,0,0,0,0,0,0,0,0,0,0,0,0,0,0,0,0,0,0,0,0,0,0,0,Eukaryota,TSAR,Stramenopiles,Gyrista,Chrysophyceae,Ochromonadales,Ochromonadaceae,Dinobryon,Dinobryon_sp.,Stramenopiles
ASV_466,0,0,0,0,0,0,0,0,0,0,0,0,0,0,0,0,0,0,30,113,527,76,57,0,0,0,0,0,0,0,0,0,0,0,0,0,0,0,0,0,0,0,0,0,0,Eukaryota,Archaeplastida,Streptophyta,Streptophyta_X,Zygnemophyceae, Zygnemophyceae, ZygnemophyceaeX,Staurastrum,NA,Streptophyta
ASV_467,0,0,0,0,0,0,0,0,0,0,0,0,0,0,0,0,0,0,0,0,617,0,12,0,0,88,0,0,86,0,0,0,0,0,0,0,0,0,0,0,0,0,0,0,0,Eukaryota,TSAR,Stramenopiles,Bigyra,Bicoecea,Pseudodendromonadales,Pseudodendromonadales_X,Pseudodendromonadales_XX,Pseudodendromonadales_XX_sp.,Stramenopiles
ASV_468,0,0,0,0,0,0,0,0,0,0,0,0,0,0,0,0,0,0,0,0,0,0,0,0,498,0,0,304,0,0,0,0,0,0,0,0,0,0,0,0,0,0,0,0,0,Eukaryota,TSAR,Stramenopiles,Gyrista,Chrysophyceae,Hibberdiales,Hibberdiales_X,Hibberdiales_XX,Hibberdiales_XX_sp.,Stramenopiles
ASV_469,0,0,0,0,0,0,0,0,0,0,0,0,0,0,0,0,0,0,0,788,0,0,9,0,0,0,0,0,0,0,0,0,0,0,0,0,0,0,0,0,0,0,0,0,0,Eukaryota,TSAR,Stramenopiles,Gyrista,Pirsoniales,Pirsoniales_X,Pirsoniales_XX,Pirsonia,NA,Stramenopiles
ASV_470,0,0,0,0,0,0,0,0,0,0,0,0,0,0,0,0,0,0,0,131,0,0,0,0,0,160,0,0,95,408,0,0,0,0,0,0,0,0,0,0,0,0,0,0,0,Eukaryota,Cryptista,Cryptophyta,Cryptophyta_X,Cryptophyceae,Cryptomonadales,Cryptomonadales_X,Cryptomonas,Cryptomonas_vietnamica,Cryptophyta
ASV_471,0,315,147,99,0,0,0,0,0,0,0,0,0,0,0,228,0,0,0,0,0,0,0,0,0,0,0,0,0,0,0,0,0,0,0,0,0,0,0,0,0,0,0,0,0,Eukaryota,Archaeplastida,Chlorophyta,Chlorophyta_X,Trebouxiophyceae,Trebouxiophyceae_X,Trebouxiophyceae_XX,Botryococcus,Botryococcus_terribilis,Chlorophyta
ASV_472,0,0,0,0,0,0,0,0,0,0,0,0,0,0,0,0,0,0,0,0,123,0,0,0,0,91,0,354,148,63,0,0,0,0,0,0,10,0,0,0,0,0,0,0,0,Eukaryota,Archaeplastida,Chlorophyta,Chlorophyta_X,Chlorophyceae,Chlamydomonadales,Chlamydomonadales_X,Carteria,Carteria_radiosa,Chlorophyta
ASV_473,0,0,0,0,0,0,0,0,0,0,0,0,0,0,0,94,94,89,474,0,0,0,0,0,0,0,0,0,0,0,0,0,0,0,0,37,0,0,0,0,0,0,0,0,0,Eukaryota,Archaeplastida,Chlorophyta,Chlorophyta_X,Mamiellophyceae,Monomastigales,Monomastigaceae,Monomastigaceae_X,Monomastigaceae_X_sp.,Chlorophyta
ASV_474,0,0,0,0,0,0,0,0,0,0,0,0,0,0,0,0,0,0,0,0,0,0,0,30,235,313,0,0,0,210,0,0,0,0,0,0,0,0,0,0,0,0,0,0,0,Eukaryota,TSAR,Stramenopiles,Gyrista,Chrysophyceae,Synurales,Synuraceae,Mallomonas,NA,Stramenopiles
ASV_475,0,0,0,0,0,0,0,0,0,0,0,0,0,0,0,0,0,0,0,0,0,0,483,0,0,127,0,0,0,0,57,0,0,99,0,0,0,0,0,0,0,0,20,0,0,Eukaryota,Archaeplastida,Chlorophyta,Chlorophyta_X,Trebouxiophyceae,Trebouxiophyceae_X,Trebouxiophyceae_XX,Botryococcus,Botryococcus_terribilis,Chlorophyta
ASV_476,0,0,0,0,0,0,0,0,0,0,0,0,0,0,0,0,0,0,0,18,767,0,0,0,0,0,0,0,0,0,0,0,0,0,0,0,0,0,0,0,0,0,0,0,0,Eukaryota,Obazoa,Opisthokonta,Fungi,NA,NA,NA,NA,NA,Opisthokonta_Unclassified
ASV_477,0,0,0,0,0,0,0,0,0,0,0,0,0,0,0,0,0,0,0,60,0,0,722,0,0,0,0,0,0,0,0,0,0,0,0,0,0,0,0,0,0,0,0,0,0,Eukaryota,TSAR,Stramenopiles,Gyrista,Peronosporomycetes,Peronosporomycetes,Peronosporales,NA,NA,Stramenopiles
ASV_478,0,0,0,0,0,0,0,0,0,0,0,0,0,0,0,0,0,0,0,0,0,0,0,0,0,0,0,0,0,0,0,0,0,0,780,0,0,0,0,0,0,0,0,0,0,Eukaryota,Obazoa,Opisthokonta,Metazoa,Arthropoda,Crustacea,Branchiopoda,Diaphanosoma,Diaphanosoma_sp.,Opisthokonta_Arthropoda
ASV_479,0,0,0,0,0,0,0,0,0,0,0,0,0,0,0,0,0,0,0,0,0,0,0,0,0,0,0,0,0,0,0,0,0,779,0,0,0,0,0,0,0,0,0,0,0,Eukaryota,Obazoa,Opisthokonta,Fungi,Basidiomycota,Agaricomycotina,Tremellomycetes,Bullera,NA,Opisthokonta_Basidiomycota
ASV_480,0,0,0,0,0,0,0,0,0,0,0,0,0,0,0,778,0,0,0,0,0,0,0,0,0,0,0,0,0,0,0,0,0,0,0,0,0,0,0,0,0,0,0,0,0,Eukaryota,Archaeplastida,Chlorophyta,Chlorophyta_X,Chlorophyceae,Sphaeropleales,NA,NA,NA,Chlorophyta
ASV_481,0,0,0,0,0,0,0,0,0,0,0,0,0,0,0,0,0,0,0,0,0,0,226,38,344,86,0,0,0,84,0,0,0,0,0,0,0,0,0,0,0,0,0,0,0,Eukaryota,TSAR,Stramenopiles,Gyrista,Chrysophyceae,Ochromonadales,Ochromonadaceae,Poteriospumella,NA,Stramenopiles
ASV_482,0,0,176,0,0,0,86,0,0,0,58,0,0,0,0,0,0,0,298,0,0,0,0,0,0,0,0,0,0,0,0,0,0,0,0,0,156,0,0,0,0,0,0,0,0,Eukaryota,TSAR,Stramenopiles,Gyrista,Peronosporomycetes,Peronosporomycetes,Peronosporales,NA,NA,Stramenopiles
ASV_483,0,0,0,0,0,0,0,0,0,0,0,0,0,0,0,0,0,0,0,0,0,0,0,765,0,0,0,0,0,0,0,0,0,0,0,0,0,0,0,0,0,0,0,0,0,Eukaryota,Obazoa,Opisthokonta,Metazoa,Gastrotricha,Gastrotricha_X,Gastrotricha_XX,Chaetonotus,Chaetonotus_gelidus,Opisthokonta_Gastrotricha
ASV_484,0,0,0,0,0,0,0,0,0,0,0,0,0,0,0,0,0,0,0,0,0,0,0,0,0,0,0,0,254,0,0,0,0,48,402,0,33,27,0,0,0,0,0,0,0,Eukaryota,Archaeplastida,Chlorophyta,Chlorophyta_X,Chlorophyceae,Sphaeropleales,Sphaeropleales_X,Mychonastes,Mychonastes_homosphaera,Chlorophyta
ASV_485,0,0,0,0,0,0,301,0,20,94,17,0,133,140,55,0,0,0,0,0,0,0,0,0,0,0,0,0,0,0,0,0,0,0,0,0,0,0,0,0,0,0,0,0,0,Eukaryota,Archaeplastida,Chlorophyta,Chlorophyta_X,Chlorophyceae,Sphaeropleales,Sphaeropleales_X,NA,NA,Chlorophyta
ASV_486,0,0,0,0,0,0,0,0,0,0,0,0,0,0,0,0,0,0,0,0,0,0,0,0,0,0,0,0,0,0,0,0,0,0,0,0,759,0,0,0,0,0,0,0,0,Eukaryota,Obazoa,Opisthokonta,Metazoa,Arthropoda,Crustacea,Ostracoda,Cypridopsis,Cypridopsis_japonica,Opisthokonta_Arthropoda
ASV_487,0,0,0,0,0,0,0,0,0,0,0,0,0,0,0,0,0,0,0,205,450,0,0,0,101,0,0,0,0,0,0,0,0,0,0,0,0,0,0,0,0,0,0,0,0,Eukaryota,TSAR,Stramenopiles,Gyrista,Chrysophyceae,Ochromonadales,Ochromonadales_clade-X,Ochromonadales_clade-X_X,Ochromonadales_clade-X_X_sp.,Stramenopiles
ASV_488,0,0,0,0,0,0,0,0,0,0,0,0,0,0,0,0,0,0,0,0,0,0,0,0,0,0,0,0,0,0,0,0,0,607,0,0,0,0,0,0,0,146,0,0,0,Eukaryota,TSAR,Stramenopiles,Gyrista,Chrysophyceae,Ochromonadales,NA,NA,NA,Stramenopiles
ASV_489,0,0,0,0,0,0,0,0,0,0,0,0,0,0,0,65,105,185,394,0,0,0,0,0,0,0,0,0,0,0,0,0,0,0,0,0,0,0,0,0,0,0,0,0,0,Eukaryota,Obazoa,Opisthokonta,Choanoflagellata,Choanoflagellatea,Craspedida,Salpingoecidae_Group_C1,Salpingoecidae_Group_C1_X,Salpingoecidae_Group_C1_X_sp.,Opisthokonta_Choanoflagellatea
ASV_490,0,0,0,0,0,0,0,0,0,0,0,0,0,0,0,0,0,0,0,0,0,0,0,0,93,279,0,79,80,213,0,0,0,0,0,0,0,0,0,0,0,0,0,0,0,Eukaryota,Archaeplastida,Chlorophyta,Chlorophyta_X,Chlorophyceae,Chlamydomonadales,Chlamydomonadales_X,NA,NA,Chlorophyta
ASV_491,0,0,0,0,0,0,0,0,0,0,0,0,0,0,0,0,0,0,0,0,0,0,0,0,0,0,743,0,0,0,0,0,0,0,0,0,0,0,0,0,0,0,0,0,0,Eukaryota,Obazoa,Opisthokonta,Metazoa,Arthropoda,Crustacea,Ostracoda,Cypridopsis,Cypridopsis_adusta,Opisthokonta_Arthropoda
ASV_492,0,0,0,0,0,0,0,0,0,0,0,0,0,0,0,113,36,31,169,343,0,0,0,0,0,0,0,0,0,47,0,0,0,0,0,0,0,0,0,0,0,0,0,0,0,Eukaryota,Obazoa,Opisthokonta,Fungi,Chytridiomycota,Rhizophydiales,Rhizophydiaceae,Rhizophydium,Rhizophydium_sp.,Opisthokonta_Chytridiomycota
ASV_493,0,0,0,0,738,0,0,0,0,0,0,0,0,0,0,0,0,0,0,0,0,0,0,0,0,0,0,0,0,0,0,0,0,0,0,0,0,0,0,0,0,0,0,0,0,Eukaryota,Obazoa,Opisthokonta,Metazoa,Arthropoda,Chelicerata,Arachnida,Horreolanus,Horreolanus_orphanus,Opisthokonta_Arthropoda
ASV_494,0,0,0,0,0,0,0,0,0,0,0,0,0,0,0,0,0,0,0,0,0,0,0,0,0,0,0,0,0,0,0,0,0,738,0,0,0,0,0,0,0,0,0,0,0,Eukaryota,Archaeplastida,Chlorophyta,Chlorophyta_X,Chlorophyceae,Chlamydomonadales,Chlamydomonadales_X,NA,NA,Chlorophyta
ASV_495,0,0,0,0,0,0,0,222,0,0,515,0,0,0,0,0,0,0,0,0,0,0,0,0,0,0,0,0,0,0,0,0,0,0,0,0,0,0,0,0,0,0,0,0,0,Eukaryota,Obazoa,Opisthokonta,Metazoa,Arthropoda,Crustacea,Ostracoda,Cypridopsis,Cypridopsis_adusta,Opisthokonta_Arthropoda
ASV_496,0,0,0,0,0,0,0,0,0,0,0,0,0,0,0,0,0,0,0,0,0,0,0,0,0,0,0,0,0,0,0,0,0,0,0,0,732,0,0,0,0,0,0,0,0,Eukaryota,TSAR,Rhizaria,Cercozoa,Novel-clade-10-12,Tremulida,Tremulidae,Tremula,Tremula_longifila,Rhizaria
ASV_497,0,110,260,0,0,0,0,0,0,0,0,0,0,0,0,267,94,0,0,0,0,0,0,0,0,0,0,0,0,0,0,0,0,0,0,0,0,0,0,0,0,0,0,0,0,Eukaryota,Obazoa,Opisthokonta,Metazoa,Gastrotricha,Gastrotricha_X,Gastrotricha_XX,Chaetonotus,Chaetonotus_sp.,Opisthokonta_Gastrotricha
ASV_498,0,0,0,46,0,0,0,0,0,0,0,0,0,0,0,0,0,0,0,0,0,179,0,22,459,25,0,0,0,0,0,0,0,0,0,0,0,0,0,0,0,0,0,0,0,Eukaryota,TSAR,Rhizaria,Cercozoa,Novel-clade-10-12,Novel-clade-10,Novel-clade-10_X,Novel-clade-10_XX,Novel-clade-10_XX_sp.,Rhizaria
ASV_499,0,0,0,0,0,0,0,0,0,0,0,0,0,0,0,596,0,0,134,0,0,0,0,0,0,0,0,0,0,0,0,0,0,0,0,0,0,0,0,0,0,0,0,0,0,Eukaryota,TSAR,Stramenopiles,Gyrista,Peronosporomycetes,Peronosporomycetes,Haliphthorales,Haliphthoros,Haliphthoros_sp.,Stramenopiles
ASV_500,0,0,0,0,0,0,0,0,0,0,0,0,0,0,0,0,43,47,77,0,0,0,157,36,369,0,0,0,0,0,0,0,0,0,0,0,0,0,0,0,0,0,0,0,0,Eukaryota,Obazoa,Opisthokonta,Fungi,Chytridiomycota,Rhizophydiales,Kappamycetaceae,Kappamyces,NA,Opisthokonta_Chytridiomycota
ASV_501,0,0,0,117,0,0,0,0,0,0,0,0,0,0,0,0,0,0,0,0,0,0,0,0,0,0,0,0,0,0,0,0,0,51,27,25,508,0,0,0,0,0,0,0,0,Eukaryota,TSAR,Stramenopiles,Bigyra,Bicoecea,Pseudodendromonadales,Pseudodendromonadales_X,Pseudodendromonadales_XX,Pseudodendromonadales_XX_sp.,Stramenopiles
ASV_502,0,0,0,0,0,0,0,0,0,0,0,0,0,0,0,382,0,0,345,0,0,0,0,0,0,0,0,0,0,0,0,0,0,0,0,0,0,0,0,0,0,0,0,0,0,Eukaryota,Obazoa,Opisthokonta,Fungi,Chytridiomycota,Rhizophydiales,Rhizophydiaceae,Rhizophydium,NA,Opisthokonta_Chytridiomycota
ASV_503,0,0,0,0,0,0,0,0,0,0,0,0,0,0,0,0,0,76,0,160,0,0,139,0,0,273,0,0,0,0,0,0,0,9,0,0,44,0,0,0,23,0,0,0,0,Eukaryota,TSAR,Stramenopiles,Bigyra,Opalozoa,Opalozoa_X,MAST-12,MAST-12_X,MAST-12_X_sp.,Stramenopiles
ASV_504,0,0,0,0,0,0,0,0,0,0,0,0,0,0,0,0,0,0,0,0,44,18,0,82,576,0,0,0,0,0,0,0,0,0,0,0,0,0,0,0,0,0,0,0,0,Eukaryota,Obazoa,Opisthokonta,Ichthyosporea,Ichthyophonida,Ichthyophonidae,Amoebidianae,Ichthyophonidae_Amoebidianae_X,Ichthyophonidae_Amoebidianae_X_sp.,Opisthokonta_Ichthyophonida
ASV_505,0,0,0,0,0,0,72,0,0,0,0,0,0,0,0,0,0,0,0,0,0,0,0,0,0,0,0,0,0,0,0,0,0,39,0,0,464,0,0,0,0,0,140,0,0,Eukaryota,TSAR,Stramenopiles,Bigyra,Bicoecea,Bicoecales,Bicoecaceae,Bicoecaceae_X,Bicoecaceae_X_sp.,Stramenopiles
ASV_506,0,0,0,0,0,0,0,0,0,0,0,0,0,0,0,0,0,0,0,0,0,0,0,0,0,0,0,0,0,0,0,0,0,0,0,68,0,0,0,15,24,349,136,69,53,Eukaryota,Obazoa,Opisthokonta,Metazoa,Arthropoda,Crustacea,Maxillopoda,Eucyclops,NA,Opisthokonta_Arthropoda
ASV_507,0,0,0,0,0,0,0,0,0,0,0,0,0,0,0,259,0,0,0,0,0,0,0,0,0,0,0,0,453,0,0,0,0,0,0,0,0,0,0,0,0,0,0,0,0,Eukaryota,Archaeplastida,Chlorophyta,Chlorophyta_X,Chlorophyceae,Sphaeropleales,Sphaeropleales_X,NA,NA,Chlorophyta
ASV_508,11,101,96,0,0,0,0,0,0,0,45,0,0,0,0,128,45,0,69,0,0,0,0,0,0,0,0,0,0,0,194,0,0,20,0,0,0,0,0,0,0,0,0,0,0,Eukaryota,TSAR,Stramenopiles,Gyrista,Peronosporomycetes,Peronosporomycetes,Peronosporales,NA,NA,Stramenopiles
ASV_509,0,143,0,0,0,0,0,0,0,0,0,0,0,0,0,0,0,0,0,0,0,0,0,0,0,0,0,0,0,0,0,0,0,563,0,0,0,0,0,0,0,0,0,0,0,Eukaryota,Obazoa,Opisthokonta,Metazoa,Arthropoda,Crustacea,Maxillopoda,Eucyclops,Eucyclops_serrulatus,Opisthokonta_Arthropoda
ASV_510,0,0,0,0,0,0,0,0,0,0,0,0,0,0,0,0,0,0,0,20,0,0,0,233,332,121,0,0,0,0,0,0,0,0,0,0,0,0,0,0,0,0,0,0,0,Eukaryota,Obazoa,Opisthokonta,Ichthyosporea,Ichthyophonida,Ichthyosphonida_X,Ichthyophonidae_Freshwater,Ichthyophonidae_Freshwater_X,Ichthyophonidae_Freshwater_X_sp.,Opisthokonta_Ichthyophonida
ASV_511,0,0,11,0,0,0,0,0,0,0,30,0,0,0,16,124,223,20,203,0,0,18,26,0,0,0,0,0,0,0,33,0,0,0,0,0,0,0,0,0,0,0,0,0,0,Eukaryota,TSAR,Stramenopiles,Gyrista,Eustigmatophyceae,Eustigmatophyceae_X,Eustigmatophyceae_XX,Pseudocharaciopsis,Pseudocharaciopsis_ovalis,Stramenopiles
ASV_512,0,0,0,0,0,0,0,0,0,0,0,0,0,0,0,0,0,0,0,49,589,63,0,0,0,0,0,0,0,0,0,0,0,0,0,0,0,0,0,0,0,0,0,0,0,Eukaryota,Obazoa,Opisthokonta,Fungi,NA,NA,NA,NA,NA,Opisthokonta_Unclassified
ASV_513,0,31,10,0,0,0,0,0,0,0,17,0,0,0,0,0,0,0,0,26,73,42,0,71,107,177,0,0,0,30,0,0,0,0,0,0,114,0,0,0,0,0,0,0,0,Eukaryota,Obazoa,Opisthokonta,Fungi,Basidiomycota,Agaricomycotina,Agaricomycetes,NA,NA,Opisthokonta_Basidiomycota
ASV_514,0,0,0,0,26,0,142,0,0,0,11,0,0,0,0,0,0,0,0,0,81,35,0,0,19,0,0,0,0,0,0,0,0,0,0,0,338,30,0,0,0,15,0,0,0,Eukaryota,TSAR,Stramenopiles,Gyrista,Chrysophyceae,Ochromonadales,Ochromonadaceae,Chlorochromonas,Chlorochromonas_sp.,Stramenopiles
ASV_515,0,0,0,495,69,0,0,0,0,0,0,0,0,0,0,0,0,0,0,0,0,0,0,0,0,0,0,0,0,0,51,0,0,0,0,81,0,0,0,0,0,0,0,0,0,Eukaryota,TSAR,Stramenopiles,Bigyra,Bicoecea,Pseudodendromonadales,Pseudodendromonadales_X,Pseudodendromonadales_XX,Pseudodendromonadales_XX_sp.,Stramenopiles
ASV_516,0,0,0,0,0,0,0,0,0,0,0,0,0,0,0,0,0,0,0,0,0,0,0,691,0,0,0,0,0,0,0,0,0,0,0,0,0,0,0,0,0,0,0,0,0,Eukaryota,TSAR,Stramenopiles,Gyrista,Peronosporomycetes,Peronosporomycetes,Peronosporales,Pythiaceae,Pythiaceae_sp.,Stramenopiles
ASV_517,0,0,0,91,0,0,0,0,0,0,0,0,0,0,0,0,0,0,0,0,0,0,0,0,0,0,0,0,0,0,0,0,0,0,0,0,598,0,0,0,0,0,0,0,0,Eukaryota,TSAR,Stramenopiles,Bigyra,Bicoecea,Pseudodendromonadales,Pseudodendromonadales_X,Pseudodendromonadales_XX,Pseudodendromonadales_XX_sp.,Stramenopiles
ASV_518,0,0,0,0,0,0,0,0,0,0,0,0,0,0,0,0,0,0,0,0,143,46,0,95,130,66,0,0,0,204,0,0,0,0,0,0,0,0,0,0,0,0,0,0,0,Eukaryota,Archaeplastida,Chlorophyta,Chlorophyta_X,Chlorophyceae,Chlamydomonadales,Chlamydomonadales_X,NA,NA,Chlorophyta
ASV_519,0,0,0,0,0,0,0,0,0,0,0,0,0,0,0,0,0,0,0,0,0,0,0,0,0,0,0,680,0,0,0,0,0,0,0,0,0,0,0,0,0,0,0,0,0,Eukaryota,Obazoa,Opisthokonta,Metazoa,Arthropoda,Crustacea,Maxillopoda,Eudiaptomus,Eudiaptomus_graciloides,Opisthokonta_Arthropoda
ASV_520,0,0,0,0,0,0,0,0,0,0,0,0,0,0,0,577,25,10,67,0,0,0,0,0,0,0,0,0,0,0,0,0,0,0,0,0,0,0,0,0,0,0,0,0,0,Eukaryota,Obazoa,Opisthokonta,Fungi,NA,NA,NA,NA,NA,Opisthokonta_Unclassified
ASV_521,0,0,0,0,0,0,0,0,0,0,29,0,0,0,0,0,63,0,456,0,0,0,0,0,2,0,0,0,0,0,81,0,0,41,0,0,0,0,0,0,0,0,0,0,0,Eukaryota,TSAR,Stramenopiles,Gyrista,Chrysophyceae,Ochromonadales,Ochromonadaceae,Poteriospumella,Poteriospumella_sp.,Stramenopiles
ASV_522,0,0,0,0,0,0,0,0,0,0,0,0,0,0,0,0,0,0,0,0,0,0,648,0,0,0,0,0,23,0,0,0,0,0,0,0,0,0,0,0,0,0,0,0,0,Eukaryota,Obazoa,Opisthokonta,Choanoflagellata,Choanoflagellatea,Craspedida,Salpingoecidae_Group_C1,Salpingoecidae_Group_C1_X,Salpingoecidae_Group_C1_X_sp.,Opisthokonta_Choanoflagellatea
ASV_523,0,0,0,0,0,0,0,0,0,0,0,0,0,0,0,0,0,0,0,0,0,0,0,0,0,0,0,0,0,0,49,0,0,619,0,0,0,0,0,0,0,0,0,0,0,Eukaryota,TSAR,Stramenopiles,Gyrista,Chrysophyceae,Chrysophyceae_env_clade-I,Chrysophyceae_env_clade-I_X,Chrysophyceae_env_clade-I_XX,Chrysophyceae_env_clade-I_XX_sp.,Stramenopiles
ASV_524,0,0,0,0,0,0,0,0,0,0,0,0,0,0,0,0,0,0,0,0,0,0,0,0,50,63,0,0,455,99,0,0,0,0,0,0,0,0,0,0,0,0,0,0,0,Eukaryota,Archaeplastida,Chlorophyta,Chlorophyta_X,Trebouxiophyceae,Chlorellales,Chlorellales_X,NA,NA,Chlorophyta
ASV_525,0,70,230,182,0,0,0,0,0,0,28,0,0,0,0,0,0,0,0,0,0,0,0,0,0,0,0,0,0,0,0,78,0,77,0,0,0,0,0,0,0,0,0,0,0,Eukaryota,TSAR,Stramenopiles,Gyrista,Chrysophyceae,NA,NA,NA,NA,Stramenopiles
ASV_526,0,0,0,0,0,0,0,0,0,0,0,0,0,0,0,64,355,0,0,0,142,0,0,0,0,0,0,0,100,0,0,0,0,0,0,0,0,0,0,0,0,0,0,0,0,Eukaryota,Obazoa,Opisthokonta,Metazoa,Nematoda,Chromadorea,Haliplectoidea,Rhabdolaimus,Rhabdolaimus_aquaticus,Opisthokonta_Nematoda
ASV_527,0,0,0,0,0,0,0,0,0,0,0,8,0,0,0,0,0,0,0,0,651,0,0,0,0,0,0,0,0,0,0,0,0,0,0,0,0,0,0,0,0,0,0,0,0,Eukaryota,Obazoa,Opisthokonta,Metazoa,Nematoda,Enoplea,Enoplea_X,Tobrilus,NA,Opisthokonta_Nematoda
ASV_528,0,0,0,0,0,0,0,0,0,0,0,0,0,0,0,137,109,139,0,52,0,0,221,0,0,0,0,0,0,0,0,0,0,0,0,0,0,0,0,0,0,0,0,0,0,Eukaryota,Archaeplastida,Chlorophyta,Chlorophyta_X,Trebouxiophyceae,Chlorellales,Chlorellales_X,Micractinium,Micractinium_pusillum,Chlorophyta
ASV_529,0,20,33,0,0,0,0,0,0,0,0,0,0,0,0,0,0,0,0,35,207,18,0,24,182,137,0,0,0,0,0,0,0,0,0,0,0,0,0,0,0,0,0,0,0,Eukaryota,TSAR,Stramenopiles,Gyrista,Peronosporomycetes,Peronosporomycetes,Saprolegniales,Achlya,Achlya_bisexualis,Stramenopiles
ASV_530,0,0,0,0,0,0,0,0,0,0,0,0,0,0,0,0,78,36,40,86,0,0,0,24,237,155,0,0,0,0,0,0,0,0,0,0,0,0,0,0,0,0,0,0,0,Eukaryota,Archaeplastida,Streptophyta,Streptophyta_X,Zygnemophyceae, Zygnemophyceae, ZygnemophyceaeX,NA,NA,Streptophyta
ASV_531,0,0,0,0,0,0,0,0,0,0,0,0,0,0,0,0,0,0,0,0,564,0,53,0,38,0,0,0,0,0,0,0,0,0,0,0,0,0,0,0,0,0,0,0,0,Eukaryota,TSAR,Stramenopiles,Gyrista,Eustigmatophyceae,Eustigmatophyceae_X,Eustigmatophyceae_XX,Trachydiscus,Trachydiscus_sp.,Stramenopiles
ASV_532,0,0,0,0,0,0,0,0,0,0,0,0,0,0,0,0,0,0,0,0,0,0,0,0,362,293,0,0,0,0,0,0,0,0,0,0,0,0,0,0,0,0,0,0,0,Eukaryota,Archaeplastida,Chlorophyta,Chlorophyta_X,Trebouxiophyceae,Chlorellales,Chlorellales_X,Amphikrikos,Amphikrikos_sp.,Chlorophyta
ASV_533,0,0,135,0,0,0,0,0,0,0,0,0,0,0,0,0,0,0,0,0,0,0,0,0,0,0,0,0,0,0,515,0,0,0,0,0,0,0,0,0,0,0,0,0,0,Eukaryota,TSAR,Stramenopiles,Gyrista,Peronosporomycetes,Peronosporomycetes,Peronosporales,Peronosporales_X,Peronosporales_X_sp.,Stramenopiles
ASV_534,0,0,0,0,0,0,0,0,0,0,0,0,0,0,0,0,0,0,0,0,0,0,0,0,0,0,0,0,0,0,0,0,0,0,0,50,0,0,0,0,0,219,192,189,0,Eukaryota,TSAR,Alveolata,Dinoflagellata,Dinophyceae,Gonyaulacales,Ceratiaceae,Ceratium,Ceratium_hirundinella,Alveolata
ASV_535,0,0,0,0,0,0,0,0,0,0,0,0,0,0,0,0,17,0,277,73,0,0,125,33,0,61,0,0,0,0,62,0,0,0,0,0,0,0,0,0,0,0,0,0,0,Eukaryota,TSAR,Stramenopiles,Gyrista,Chrysophyceae,Paraphysomonadales,Paraphysomonadales_Clade-EC1Gb,Paraphysomonadales_Clade-EC1Gb_X,Paraphysomonadales_Clade-EC1Gb_X_sp.,Stramenopiles
ASV_536,0,0,0,0,0,0,0,0,0,0,0,0,113,0,59,0,0,0,0,0,0,0,0,0,0,0,0,0,0,0,0,0,0,0,0,57,201,0,0,0,0,161,39,13,0,Eukaryota,Archaeplastida,Streptophyta,Streptophyta_X,Zygnemophyceae, Zygnemophyceae, ZygnemophyceaeX,Closterium,Closterium_sp.,Streptophyta
ASV_537,0,0,0,524,35,32,22,16,0,0,0,0,0,0,0,0,0,0,0,0,0,0,0,0,0,0,0,0,0,0,0,0,0,0,0,12,0,0,0,0,0,0,0,0,0,Eukaryota,Obazoa,Opisthokonta,Fungi,Chytridiomycota,Rhizophydiales,Rhizophydiaceae,Rhizophydium,NA,Opisthokonta_Chytridiomycota
ASV_538,0,553,87,0,0,0,0,0,0,0,0,0,0,0,0,0,0,0,0,0,0,0,0,0,0,0,0,0,0,0,0,0,0,0,0,0,0,0,0,0,0,0,0,0,0,Eukaryota,Obazoa,Opisthokonta,Fungi,NA,NA,NA,NA,NA,Opisthokonta_Unclassified
ASV_539,0,0,0,0,0,0,0,0,0,0,0,0,0,0,0,0,0,0,0,0,0,0,0,22,305,200,0,0,113,0,0,0,0,0,0,0,0,0,0,0,0,0,0,0,0,Eukaryota,TSAR,Stramenopiles,Gyrista,Hyphochytriomyceta,Hyphochytriales,Hyphochytrydiales_X,Hyphochytrydiales_XX,Hyphochytrydiales_XX_sp.,Stramenopiles
ASV_540,0,0,0,0,0,0,0,0,0,0,0,0,0,0,0,0,0,0,0,0,0,0,0,0,0,0,0,0,0,0,98,16,0,524,0,0,0,0,0,0,0,0,0,0,0,Eukaryota,TSAR,Stramenopiles,Gyrista,Peronosporomycetes,Peronosporomycetes,NA,NA,NA,Stramenopiles
ASV_541,12,47,66,0,0,0,0,0,0,0,0,0,0,0,0,29,0,0,56,1,0,0,0,0,0,0,0,0,0,0,377,0,1,47,0,0,0,0,0,0,0,0,0,0,0,Eukaryota,TSAR,Stramenopiles,Gyrista,Peronosporomycetes,Peronosporomycetes,Peronosporales,Peronosporales_X,Peronosporales_X_sp.,Stramenopiles
ASV_542,0,0,0,0,0,0,0,0,0,0,0,0,0,0,0,0,18,140,0,0,212,0,0,95,73,94,0,0,0,0,0,0,0,0,0,0,0,0,0,0,0,0,0,0,0,Eukaryota,TSAR,Stramenopiles,Bigyra,Bicoecea,Pseudodendromonadales,Pseudodendromonadales_X,Pseudodendromonadales_XX,Pseudodendromonadales_XX_sp.,Stramenopiles
ASV_543,0,0,0,0,0,0,0,0,0,0,0,0,0,0,0,535,9,0,84,0,0,0,0,0,0,0,0,0,0,0,0,0,0,0,0,0,0,0,0,0,0,0,0,0,0,Eukaryota,Obazoa,Opisthokonta,Fungi,NA,NA,NA,NA,NA,Opisthokonta_Unclassified
ASV_544,0,0,0,0,0,0,0,0,0,0,0,0,0,0,0,0,0,153,0,376,0,0,52,0,46,0,0,0,0,0,0,0,0,0,0,0,0,0,0,0,0,0,0,0,0,Eukaryota,Obazoa,Opisthokonta,Choanoflagellata,Choanoflagellatea,Craspedida,Salpingoecidae_Group_C1,Salpingoecidae_Group_C1_X,Salpingoecidae_Group_C1_X_sp.,Opisthokonta_Choanoflagellatea
ASV_545,0,0,0,0,0,0,0,0,0,0,0,0,0,0,0,0,0,0,0,0,0,0,0,0,0,0,0,0,0,0,107,36,46,232,0,0,0,202,0,0,0,0,0,0,0,Eukaryota,Archaeplastida,Chlorophyta,Chlorophyta_X,Chlorophyceae,Sphaeropleales,Sphaeropleales_X,NA,NA,Chlorophyta
ASV_546,0,0,0,0,0,0,0,0,0,0,0,0,0,0,0,0,66,23,0,0,0,0,0,43,359,126,0,0,0,0,0,0,0,0,0,0,0,0,0,0,0,0,0,0,0,Eukaryota,TSAR,Stramenopiles,Gyrista,Dictyochophyceae,Dictyochophyceae_X,Pedinellales,Pseudopedinella,Pseudopedinella_sp.,Stramenopiles
ASV_547,0,0,0,0,0,0,0,0,0,0,0,0,0,0,0,0,287,129,0,41,54,0,52,0,0,51,0,0,0,0,0,0,0,0,0,0,0,0,0,0,0,0,0,0,0,Eukaryota,TSAR,Stramenopiles,Gyrista,Peronosporomycetes,Peronosporomycetes,Saprolegniales,Saprolegnia,Saprolegnia_parasitica,Stramenopiles
ASV_548,0,0,0,0,0,0,612,0,0,0,0,0,0,0,0,0,0,0,0,0,0,0,0,0,0,0,0,0,0,0,0,0,0,0,0,0,0,0,0,0,0,0,0,0,0,Eukaryota,Obazoa,Opisthokonta,Metazoa,Arthropoda,Crustacea,Ostracoda,Cypridopsis,Cypridopsis_japonica,Opisthokonta_Arthropoda
ASV_549,0,0,0,0,0,0,0,0,0,0,0,0,0,0,0,105,0,0,505,0,0,0,0,0,0,0,0,0,0,0,0,0,0,0,0,0,0,0,0,0,0,0,0,0,0,Eukaryota,TSAR,Stramenopiles,Gyrista,Mediophyceae,Thalassiosirales,Stephanodiscaceae,Stephanodiscus,NA,Stramenopiles
ASV_550,0,0,0,0,0,0,0,0,0,0,59,0,0,0,0,106,0,0,85,0,0,0,0,0,0,42,0,0,0,0,315,0,0,0,0,0,0,0,0,0,0,0,0,0,0,Eukaryota,Obazoa,Opisthokonta,Metazoa,Bryozoa,Bryozoa_X,Bryozoa_XX,Plumatella,Plumatella_repens,Opisthokonta_Bryozoa
ASV_551,0,0,0,0,0,0,0,0,0,0,0,0,0,0,0,71,59,0,437,0,0,0,0,0,0,0,0,0,0,0,0,0,0,40,0,0,0,0,0,0,0,0,0,0,0,Eukaryota,TSAR,Stramenopiles,Gyrista,Chrysophyceae,Ochromonadales,Ochromonadaceae,Chlorochromonas,Chlorochromonas_sp.,Stramenopiles
ASV_552,47,0,0,0,0,0,0,0,0,0,0,0,63,0,0,367,19,0,0,0,0,0,73,0,0,0,0,0,0,0,34,0,0,0,0,0,0,0,0,0,0,0,0,0,0,Eukaryota,TSAR,Stramenopiles,Gyrista,Peronosporomycetes,Peronosporomycetes,Peronosporales,NA,NA,Stramenopiles
ASV_553,0,0,0,0,0,0,0,0,0,0,0,0,0,0,0,0,0,0,0,33,247,12,25,64,9,0,0,0,0,0,28,0,0,183,0,0,0,0,0,0,0,0,0,0,0,Eukaryota,TSAR,Stramenopiles,Gyrista,Chrysophyceae,Paraphysomonadales,Paraphysomonadales_Clade-EC1Gb,Paraphysomonadales_Clade-EC1Gb_X,Paraphysomonadales_Clade-EC1Gb_X_sp.,Stramenopiles
ASV_554,0,0,0,0,0,0,0,0,0,0,0,0,0,0,0,0,0,0,0,0,0,0,0,0,593,0,0,0,8,0,0,0,0,0,0,0,0,0,0,0,0,0,0,0,0,Eukaryota,Obazoa,Opisthokonta,Ichthyosporea,Ichthyophonida,Ichthyosphonida_X,Ichthyophonidae_Freshwater,Ichthyophonidae_Freshwater_X,Ichthyophonidae_Freshwater_X_sp.,Opisthokonta_Ichthyophonida
ASV_555,0,0,0,0,0,0,0,0,0,0,0,0,0,0,0,0,0,0,0,0,0,0,0,0,0,0,0,0,0,601,0,0,0,0,0,0,0,0,0,0,0,0,0,0,0,Eukaryota,Obazoa,Opisthokonta,Metazoa,Gastrotricha,Gastrotricha_X,Gastrotricha_XX,Chaetonotus,Chaetonotus_sp.,Opisthokonta_Gastrotricha
ASV_556,0,0,0,0,0,0,0,0,0,0,0,0,0,0,0,0,0,0,0,0,0,0,0,0,0,0,0,0,0,0,0,0,0,596,0,0,0,0,0,0,0,0,0,0,0,Eukaryota,Obazoa,Opisthokonta,Fungi,NA,NA,NA,NA,NA,Opisthokonta_Unclassified
ASV_557,69,0,0,0,0,0,0,0,0,0,0,184,0,0,86,0,0,0,0,0,0,0,0,0,0,0,0,0,0,0,74,0,74,0,0,0,0,0,0,0,108,0,0,0,0,Eukaryota,Obazoa,Opisthokonta,Metazoa,Arthropoda,Crustacea,Maxillopoda,NA,NA,Opisthokonta_Arthropoda
ASV_558,0,0,0,0,0,0,0,0,0,0,0,0,0,10,0,0,0,0,469,70,0,0,0,0,0,46,0,0,0,0,0,0,0,0,0,0,0,0,0,0,0,0,0,0,0,Eukaryota,Obazoa,Opisthokonta,Fungi,Chytridiomycota,NA,NA,NA,NA,Opisthokonta_Chytridiomycota
ASV_559,0,0,0,0,24,111,51,172,0,0,236,0,0,0,0,0,0,0,0,0,0,0,0,0,0,0,0,0,0,0,0,0,0,0,0,0,0,0,0,0,0,0,0,0,0,Eukaryota,Obazoa,Opisthokonta,Metazoa,Arthropoda,Crustacea,Ostracoda,Cypridopsis,Cypridopsis_adusta,Opisthokonta_Arthropoda
ASV_560,0,0,0,0,0,0,0,0,0,0,0,0,0,0,0,0,0,0,0,0,0,0,0,0,0,0,0,0,0,0,0,0,0,0,0,19,507,0,0,31,0,0,0,36,0,Eukaryota,TSAR,Rhizaria,Cercozoa,Novel-clade-10-12,Novel-clade-10,Novel-clade-10_X,Novel-clade-10_XX,Novel-clade-10_XX_sp.,Rhizaria
ASV_561,0,0,0,0,0,0,0,0,0,0,0,0,0,0,0,0,86,68,342,0,0,0,0,0,96,0,0,0,0,0,0,0,0,0,0,0,0,0,0,0,0,0,0,0,0,Eukaryota,TSAR,Stramenopiles,Gyrista,Chrysophyceae,Chrysophyceae_Cluster-I,Chrysophyceae_Cluster-I_X,Chrysophyceae_Cluster-I_XX,Chrysophyceae_Cluster-I_XX_sp.,Stramenopiles
ASV_562,0,0,0,0,0,0,0,0,0,0,0,0,0,0,0,0,0,0,0,0,0,304,0,0,0,28,0,198,0,0,0,0,0,0,0,0,34,0,0,0,0,0,0,25,0,Eukaryota,Obazoa,Opisthokonta,Choanoflagellata,Choanoflagellatea,NA,NA,NA,NA,Opisthokonta_Choanoflagellatea
ASV_563,0,0,0,0,0,0,0,0,0,0,0,0,0,0,0,0,0,0,0,0,0,0,0,0,441,0,148,0,0,0,0,0,0,0,0,0,0,0,0,0,0,0,0,0,0,Eukaryota,TSAR,Stramenopiles,Gyrista,Bacillariophyceae,Fragilariales,Fragilariaceae,Fragilaria,Fragilaria_vaucheriae,Stramenopiles
ASV_564,0,0,0,0,0,0,0,0,0,0,0,0,0,0,0,0,0,0,0,0,0,0,0,0,0,0,0,0,0,0,0,0,0,0,83,77,0,247,95,0,0,87,0,0,0,Eukaryota,TSAR,Stramenopiles,Gyrista,Chrysophyceae,NA,NA,NA,NA,Stramenopiles
ASV_565,0,0,0,0,0,0,0,0,0,0,0,0,0,0,0,0,0,0,588,0,0,0,0,0,0,0,0,0,0,0,0,0,0,0,0,0,0,0,0,0,0,0,0,0,0,Eukaryota,Obazoa,Opisthokonta,Metazoa,Platyhelminthes,Turbellaria,Rhabdocoela,Castrada,Castrada_hofmanni,Opisthokonta_Platyhelminthes
ASV_566,0,0,0,0,0,0,0,0,0,0,0,0,0,0,0,0,0,0,0,0,0,0,0,0,0,0,0,0,0,0,0,0,0,0,0,0,206,0,123,28,0,117,51,63,0,Eukaryota,TSAR,Stramenopiles,Bigyra,Bicoecea,Bicoecales,Bicoecaceae,Bicoecaceae_X,Bicoecaceae_X_sp.,Stramenopiles
ASV_567,0,299,142,145,0,0,0,0,0,0,0,0,0,0,0,0,0,0,0,0,0,0,0,0,0,0,0,0,0,0,0,0,0,0,0,0,0,0,0,0,0,0,0,0,0,Eukaryota,Obazoa,Opisthokonta,NA,NA,NA,NA,NA,NA,Opisthokonta_Unclassified
ASV_568,0,0,0,0,0,0,0,0,0,0,0,0,0,0,0,0,0,0,0,0,0,0,0,0,0,0,0,0,0,0,0,0,0,0,0,82,392,70,0,0,0,0,42,0,0,Eukaryota,Archaeplastida,Chlorophyta,Chlorophyta_X,Chlorophyceae,Chlamydomonadales,Chlamydomonadales_X,Fasciculochloris,Fasciculochloris_boldii,Chlorophyta
ASV_569,0,0,0,0,0,0,0,0,0,0,0,0,0,0,0,0,0,0,0,0,0,0,0,24,90,33,0,0,229,209,0,0,0,0,0,0,0,0,0,0,0,0,0,0,0,Eukaryota,Archaeplastida,Streptophyta,Streptophyta_X,Zygnemophyceae, Zygnemophyceae, ZygnemophyceaeX,Closterium,Closterium_incurvum,Streptophyta
ASV_570,0,0,0,0,402,59,122,0,0,0,0,0,0,0,0,0,0,0,0,0,0,0,0,0,0,0,0,0,0,0,0,0,0,0,0,0,0,0,0,0,0,0,0,0,0,Eukaryota,Obazoa,Opisthokonta,Fungi,Chytridiomycota,Spizellomycetales,Spizellomycetales_X,Spizellomycetales_XX,Spizellomycetales_XX_sp.,Opisthokonta_Chytridiomycota
ASV_571,0,0,181,0,0,0,0,0,0,0,0,0,0,0,0,0,0,0,0,0,0,0,0,0,401,0,0,0,0,0,0,0,0,0,0,0,0,0,0,0,0,0,0,0,0,Eukaryota,Archaeplastida,Chlorophyta,Chlorophyta_X,Trebouxiophyceae,Microthamniales,Microthamniales_X,Microthamniales_XX,Microthamniales_XX_sp.,Chlorophyta
ASV_572,0,0,0,0,0,0,0,0,0,0,0,0,0,0,0,0,0,0,0,0,0,0,0,0,0,0,0,0,0,0,0,0,0,0,0,0,0,0,0,0,0,0,0,580,0,Eukaryota,Obazoa,Opisthokonta,Metazoa,Arthropoda,Crustacea,Maxillopoda,NA,NA,Opisthokonta_Arthropoda
ASV_573,0,0,0,0,0,0,0,0,0,579,0,0,0,0,0,0,0,0,0,0,0,0,0,0,0,0,0,0,0,0,0,0,0,0,0,0,0,0,0,0,0,0,0,0,0,Eukaryota,Obazoa,Opisthokonta,Metazoa,Arthropoda,Crustacea,Maxillopoda,NA,NA,Opisthokonta_Arthropoda
ASV_574,0,0,0,0,0,0,0,0,0,0,0,0,0,0,0,1,110,16,111,81,11,26,65,0,40,29,0,0,0,0,0,0,0,0,0,0,0,0,0,0,0,0,73,16,0,Eukaryota,Archaeplastida,Streptophyta,Streptophyta_X,Zygnemophyceae, Zygnemophyceae, ZygnemophyceaeX,NA,NA,Streptophyta
ASV_575,0,0,0,0,0,0,0,0,0,0,0,0,0,0,0,273,125,12,166,0,0,0,0,0,0,0,0,0,0,0,0,0,0,0,0,0,0,0,0,0,0,0,0,0,0,Eukaryota,Obazoa,Opisthokonta,Fungi,Chytridiomycota,NA,NA,NA,NA,Opisthokonta_Chytridiomycota
ASV_576,0,0,0,0,0,0,0,0,0,0,0,0,0,0,0,163,72,55,117,51,0,0,69,0,47,0,0,0,0,0,0,0,0,0,0,0,0,0,0,0,0,0,0,0,0,Eukaryota,Archaeplastida,Chlorophyta,Chlorophyta_X,Chlorophyceae,Chlamydomonadales,Chlamydomonadales_X,Chlamydomonas,Chlamydomonas_acidophila,Chlorophyta
ASV_577,0,0,0,0,268,35,0,0,0,0,0,0,0,0,0,238,0,0,0,0,0,0,32,0,0,0,0,0,0,0,0,0,0,0,0,0,0,0,0,0,0,0,0,0,0,Eukaryota,Archaeplastida,Chlorophyta,Chlorophyta_X,Chlorophyceae,Sphaeropleales,Sphaeropleales_X,Mychonastes,Mychonastes_homosphaera,Chlorophyta
ASV_578,0,0,0,0,0,0,55,0,0,0,0,0,0,0,0,0,0,19,0,0,0,0,0,0,18,356,0,0,124,0,0,0,0,0,0,0,0,0,0,0,0,0,0,0,0,Eukaryota,TSAR,Rhizaria,Cercozoa,Filosa-Granofilosea,Filosa-Granofilosea_X,Novel-Gran-234,Novel-Gran-234_X,Novel-Gran-234_X_sp.,Rhizaria
ASV_579,0,0,0,0,0,0,0,0,0,0,0,0,0,0,0,234,0,0,338,0,0,0,0,0,0,0,0,0,0,0,0,0,0,0,0,0,0,0,0,0,0,0,0,0,0,Eukaryota,Obazoa,Opisthokonta,Fungi,Chytridiomycota,Zygophlyctidales,Zygophlyctidaceae,Zygophlyctis,Zygophlyctis_melosirae,Opisthokonta_Chytridiomycota
ASV_580,0,0,0,0,0,0,0,0,0,0,0,0,0,0,0,0,0,0,0,0,0,0,0,0,0,0,0,0,0,0,0,0,0,0,0,45,0,0,0,0,0,174,178,170,0,Eukaryota,TSAR,Alveolata,Dinoflagellata,Dinophyceae,Gonyaulacales,Ceratiaceae,Ceratium,Ceratium_hirundinella,Alveolata
ASV_581,0,0,0,0,0,0,0,0,0,0,0,0,0,0,0,0,0,0,0,0,0,0,0,0,0,0,0,0,0,0,0,0,0,0,0,0,534,0,0,0,0,31,0,0,0,Eukaryota,TSAR,Stramenopiles,Bigyra,Bicoecea,Pseudodendromonadales,Pseudodendromonadales_X,Pseudodendromonadales_XX,Pseudodendromonadales_XX_sp.,Stramenopiles
ASV_582,0,0,0,0,0,0,0,0,0,0,0,0,0,0,0,0,0,0,0,0,0,0,0,29,0,534,0,0,0,0,0,0,0,0,0,0,0,0,0,0,0,0,0,0,0,Eukaryota,TSAR,Stramenopiles,Bigyra,Bicoecea,Pseudodendromonadales,Pseudodendromonadales_X,Pseudodendromonadales_XX,Pseudodendromonadales_XX_sp.,Stramenopiles
ASV_583,0,0,0,39,0,0,0,0,0,0,0,0,0,0,0,0,0,0,0,0,0,0,0,0,0,0,0,0,0,0,0,0,0,0,0,0,521,0,0,0,0,0,0,0,0,Eukaryota,TSAR,Stramenopiles,Gyrista,Pirsoniales,Pirsoniales_X,Pirsoniales_XX,Pirsonia,Pirsonia_sp.,Stramenopiles
ASV_584,0,0,0,0,46,184,36,195,0,0,0,0,0,0,0,0,0,0,0,0,0,0,0,0,0,0,0,0,0,0,0,16,9,0,0,0,55,19,0,0,0,0,0,0,0,Eukaryota,Obazoa,Opisthokonta,NA,NA,NA,NA,NA,NA,Opisthokonta_Unclassified
ASV_585,0,0,0,0,0,0,0,0,0,0,0,0,0,0,0,309,0,0,0,0,0,0,0,0,0,0,251,0,0,0,0,0,0,0,0,0,0,0,0,0,0,0,0,0,0,Eukaryota,Archaeplastida,Chlorophyta,Chlorophyta_X,Chlorophyceae,Sphaeropleales,Sphaeropleales_X,Pseudomuriella,Pseudomuriella_engadinensis,Chlorophyta
ASV_586,0,0,0,0,0,0,0,0,0,0,0,0,0,0,0,0,0,0,0,0,0,0,0,0,0,0,0,560,0,0,0,0,0,0,0,0,0,0,0,0,0,0,0,0,0,Eukaryota,Obazoa,Opisthokonta,Metazoa,Arthropoda,Crustacea,Maxillopoda,Eudiaptomus,Eudiaptomus_graciloides,Opisthokonta_Arthropoda
ASV_587,0,0,103,43,0,0,0,0,0,0,0,0,0,0,0,413,0,0,0,0,0,0,0,0,0,0,0,0,0,0,0,0,0,0,0,0,0,0,0,0,0,0,0,0,0,Eukaryota,Archaeplastida,Chlorophyta,Chlorophyta_X,Chlorophyceae,Oedogoniales,Oedogoniales_X,Oedogonium,Oedogonium_sp.,Chlorophyta
ASV_588,0,0,0,0,0,0,428,0,0,0,0,0,0,0,0,0,0,0,0,0,0,0,0,0,0,0,0,0,0,0,0,0,0,98,0,0,0,31,0,0,0,0,0,0,0,Eukaryota,TSAR,Stramenopiles,Bigyra,Bicoecea,Pseudodendromonadales,Pseudodendromonadales_X,Pseudodendromonadales_XX,Pseudodendromonadales_XX_sp.,Stramenopiles
ASV_589,22,85,49,400,0,0,0,0,0,0,0,0,0,0,0,0,0,0,0,0,0,0,0,0,0,0,0,0,0,0,0,0,0,0,0,0,0,0,0,0,0,0,0,0,0,Eukaryota,NA,NA,NA,NA,NA,NA,NA,NA,NA
ASV_590,0,0,0,0,0,0,0,0,0,0,0,0,0,0,0,0,0,0,0,0,0,29,0,0,102,45,0,380,0,0,0,0,0,0,0,0,0,0,0,0,0,0,0,0,0,Eukaryota,TSAR,Stramenopiles,Gyrista,Peronosporomycetes,Peronosporomycetes,Peronosporales,Peronosporales_X,Peronosporales_X_sp.,Stramenopiles
ASV_591,0,0,0,0,0,0,17,0,0,0,0,0,10,0,0,86,0,0,6,79,25,0,0,18,17,78,0,0,0,67,0,0,0,0,5,0,0,0,0,6,0,139,0,0,0,Eukaryota,TSAR,Alveolata,Ciliophora,Spirotrichea,Oligotrichida,Pelagostrombidiidae,Pelagostrombidiidae_X,Pelagostrombidiidae_X_sp.,Alveolata
ASV_592,0,0,0,0,0,0,0,0,0,0,0,0,0,0,0,0,0,0,0,0,0,0,0,0,0,0,0,0,0,0,0,0,0,0,0,0,409,0,0,0,0,141,0,0,0,Eukaryota,Archaeplastida,Chlorophyta,Chlorophyta_X,Chlorophyceae,Chlamydomonadales,Chlamydomonadales_X,Oophila,Oophila_sp.,Chlorophyta
ASV_593,0,0,0,0,28,0,0,0,30,0,0,0,0,31,0,0,0,0,0,0,0,0,0,0,0,0,0,0,0,184,0,0,0,0,0,40,52,0,0,0,0,138,43,0,0,Eukaryota,Obazoa,Opisthokonta,Metazoa,Arthropoda,Crustacea,Maxillopoda,Acanthocyclops,Acanthocyclops_viridis,Opisthokonta_Arthropoda
ASV_594,0,0,0,0,0,0,0,0,0,0,0,0,0,0,0,0,0,0,0,0,0,0,0,0,544,0,0,0,0,0,0,0,0,0,0,0,0,0,0,0,0,0,0,0,0,Eukaryota,TSAR,Stramenopiles,Gyrista,Chrysophyceae,Synurales,Synuraceae,Mallomonas,NA,Stramenopiles
ASV_595,0,0,0,0,0,0,0,0,0,0,0,0,0,0,0,190,0,0,0,0,0,0,0,0,0,164,0,188,0,0,0,0,0,0,0,0,0,0,0,0,0,0,0,0,0,Eukaryota,Obazoa,Opisthokonta,Fungi,Chytridiomycota,NA,NA,NA,NA,Opisthokonta_Chytridiomycota
ASV_596,0,0,105,157,0,0,100,62,0,0,0,0,0,0,0,0,0,0,0,0,116,0,0,0,0,0,0,0,0,0,0,0,0,0,0,0,0,0,0,0,0,0,0,0,0,Eukaryota,TSAR,Stramenopiles,Gyrista,Peronosporomycetes,Peronosporomycetes,Peronosporales,Peronosporales_X,Peronosporales_X_sp.,Stramenopiles
ASV_597,0,0,0,0,0,0,0,0,0,0,0,0,0,0,0,64,0,19,15,0,136,0,0,0,50,157,0,85,14,0,0,0,0,0,0,0,0,0,0,0,0,0,0,0,0,Eukaryota,TSAR,Stramenopiles,Gyrista,Eustigmatophyceae,Eustigmatophyceae_X,Eustigmatophyceae_XX,Trachydiscus,Trachydiscus_sp.,Stramenopiles
ASV_598,0,0,0,0,0,0,0,0,0,0,0,0,0,0,0,0,0,0,0,306,133,101,0,0,0,0,0,0,0,0,0,0,0,0,0,0,0,0,0,0,0,0,0,0,0,Eukaryota,TSAR,Stramenopiles,Bigyra,Opalozoa,Opalozoa_X,MAST-12,MAST-12C,MAST-12C_sp.,Stramenopiles
ASV_599,0,0,0,0,0,0,0,0,0,0,0,0,0,0,0,0,0,0,0,0,0,0,0,83,10,31,0,0,55,0,0,14,0,33,0,0,314,0,0,0,0,0,0,0,0,Eukaryota,TSAR,Rhizaria,Cercozoa,Filosa-SarcomoNAdea,Pansomonadida,Agitatidae,Agitatidae_X,Agitatidae_X_sp.,Rhizaria
ASV_600,0,0,0,7,0,0,2,0,0,0,0,0,0,0,0,0,0,0,0,0,0,0,0,0,0,0,0,0,0,0,8,0,0,55,0,0,0,186,0,0,6,275,0,0,0,Eukaryota,TSAR,Stramenopiles,NA,NA,NA,NA,NA,NA,Stramenopiles
ASV_601,0,0,0,0,0,0,0,0,0,0,0,0,0,0,0,0,89,94,0,0,251,0,0,0,0,105,0,0,0,0,0,0,0,0,0,0,0,0,0,0,0,0,0,0,0,Eukaryota,TSAR,Stramenopiles,Gyrista,Mediophyceae,Thalassiosirales,Stephanodiscaceae,Stephanodiscus,Stephanodiscus_hantzschii,Stramenopiles
ASV_602,0,0,0,0,154,0,0,379,0,0,0,0,0,0,0,0,0,0,0,0,0,0,0,0,0,0,0,0,0,5,0,0,0,0,0,0,0,0,0,0,0,0,0,0,0,Eukaryota,Obazoa,Opisthokonta,Fungi,Chytridiomycota,Neocallimastigales,Neocallimastigaceae,NA,NA,Opisthokonta_Chytridiomycota
ASV_603,0,0,0,0,0,0,0,0,0,0,0,0,0,0,0,0,0,0,0,0,0,0,0,0,0,0,0,0,536,0,0,0,0,0,0,0,0,0,0,0,0,0,0,0,0,Eukaryota,Obazoa,Opisthokonta,Metazoa,Annelida,Annelida_X,Annelida_XX,NA,NA,Opisthokonta_Annelida
ASV_604,0,0,0,0,0,0,0,0,0,0,0,0,0,0,0,0,0,0,0,0,0,0,0,0,0,0,0,0,0,0,0,481,11,43,0,0,0,0,0,0,0,0,0,0,0,Eukaryota,TSAR,Rhizaria,Cercozoa,Novel-clade-10-12,Novel-clade-10,Novel-clade-10_X,Novel-clade-10_XX,Novel-clade-10_XX_sp.,Rhizaria
ASV_605,0,0,0,0,0,0,0,0,0,0,0,0,0,0,0,0,0,0,0,55,126,0,0,0,80,0,0,0,0,0,55,15,0,176,0,0,0,0,0,0,0,27,0,0,0,Eukaryota,Archaeplastida,Chlorophyta,Chlorophyta_X,Mamiellophyceae,Dolichomastigales,Crustomastigaceae,Crustomastigaceae-AB,Crustomastigaceae-AB_sp.,Chlorophyta
ASV_606,0,0,0,0,37,0,0,0,0,0,0,0,0,51,0,0,0,0,0,0,0,0,0,0,0,0,0,0,0,0,0,0,0,357,0,0,0,20,22,0,0,0,46,0,0,Eukaryota,TSAR,Stramenopiles,Gyrista,Chrysophyceae,NA,NA,NA,NA,Stramenopiles
ASV_607,0,0,0,0,0,0,0,0,0,0,0,0,0,0,0,0,13,21,47,98,0,53,71,0,0,0,0,0,0,0,27,0,0,202,0,0,0,0,0,0,0,0,0,0,0,Eukaryota,Obazoa,Opisthokonta,Choanoflagellata,Choanoflagellatea,Choanoflagellatea_X,Choanoflagellatea_XX,Salpingoeca,Salpingoeca_macrocollata,Opisthokonta_Choanoflagellatea
ASV_608,0,0,0,0,0,0,0,0,0,0,0,0,0,0,0,171,50,0,0,0,0,0,0,300,0,0,0,0,0,0,0,0,0,0,0,0,0,0,0,0,10,0,0,0,0,Eukaryota,TSAR,Stramenopiles,Gyrista,Peronosporomycetes,Peronosporomycetes,NA,NA,NA,Stramenopiles
ASV_609,0,0,0,0,0,0,0,0,0,0,0,0,0,0,0,0,0,45,35,0,246,0,199,0,0,0,0,0,0,0,0,0,0,0,0,0,0,0,0,0,0,0,0,0,0,Eukaryota,TSAR,Stramenopiles,Gyrista,Eustigmatophyceae,Eustigmatophyceae_X,Eustigmatophyceae_XX,Trachydiscus,Trachydiscus_sp.,Stramenopiles
ASV_610,0,0,0,0,0,0,0,0,0,0,0,0,0,0,0,0,0,0,0,0,0,0,0,0,0,0,523,0,0,0,0,0,0,0,0,0,0,0,0,0,0,0,0,0,0,Eukaryota,TSAR,Rhizaria,Cercozoa,Filosa-SarcomoNAdea,Glissomonadida,Sandonidae,Sandonidae_Clade-N/F-A,Sandonidae_Clade_N/F-A_sp.,Rhizaria
ASV_611,0,0,0,522,0,0,0,0,0,0,0,0,0,0,0,0,0,0,0,0,0,0,0,0,0,0,0,0,0,0,0,0,0,0,0,0,0,0,0,0,0,0,0,0,0,Eukaryota,Obazoa,Opisthokonta,Fungi,Chytridiomycota,Spizellomycetales,Spizellomycetales_X,Spizellomycetales_XX,Spizellomycetales_XX_sp.,Opisthokonta_Chytridiomycota
ASV_612,0,0,0,0,0,0,0,0,0,0,0,0,0,0,0,0,0,0,0,0,0,0,0,0,0,0,0,0,0,0,90,42,0,390,0,0,0,0,0,0,0,0,0,0,0,Eukaryota,TSAR,Stramenopiles,Bigyra,Bicoecea,Pseudodendromonadales,Pseudodendromonadales_X,Pseudodendromonadales_XX,Pseudodendromonadales_XX_sp.,Stramenopiles
ASV_613,0,0,0,0,0,0,0,0,0,0,0,0,0,0,0,0,0,0,0,0,0,0,0,0,0,0,0,0,521,0,0,0,0,0,0,0,0,0,0,0,0,0,0,0,0,Eukaryota,TSAR,Stramenopiles,Gyrista,Chrysophyceae,Paraphysomonadales,Paraphysomonadaceae,Paraphysomonas,Paraphysomonas_vulgaris,Stramenopiles
ASV_614,0,0,0,0,0,0,408,0,0,0,108,0,0,0,0,0,0,0,0,0,0,0,0,0,0,0,0,0,0,0,0,0,0,0,0,0,0,0,0,0,0,0,0,0,0,Eukaryota,Obazoa,Opisthokonta,Metazoa,Arthropoda,Crustacea,Ostracoda,Cypridopsis,Cypridopsis_adusta,Opisthokonta_Arthropoda
ASV_615,0,0,0,0,0,0,0,0,0,0,0,0,0,0,0,165,161,122,58,0,0,0,9,0,0,0,0,0,0,0,0,0,0,0,0,0,0,0,0,0,0,0,0,0,0,Eukaryota,Archaeplastida,Chlorophyta,Chlorophyta_X,Ulvophyceae,Ulotrichales,Ulotrichales_X,Hazenia,Hazenia_mirabilis,Chlorophyta
ASV_616,0,0,51,0,0,0,56,0,0,0,0,0,0,0,0,0,0,0,0,0,0,0,0,117,0,0,0,0,0,0,0,0,0,0,0,154,136,0,0,0,0,0,0,0,0,Eukaryota,Obazoa,Opisthokonta,Metazoa,Arthropoda,Crustacea,Ostracoda,Cypridopsis,Cypridopsis_japonica,Opisthokonta_Arthropoda
ASV_617,0,0,0,0,0,0,22,0,0,0,0,0,0,0,0,0,61,0,430,0,0,0,0,0,0,0,0,0,0,0,0,0,0,0,0,0,0,0,0,0,0,0,0,0,0,Eukaryota,TSAR,Stramenopiles,Gyrista,Chrysophyceae,Ochromonadales,Ochromonadaceae,Poterioochromonas,Poterioochromonas_malhamensis,Stramenopiles
ASV_618,0,0,0,0,0,0,0,0,0,0,0,0,0,0,0,0,0,0,0,0,115,103,0,0,92,0,202,0,0,0,0,0,0,0,0,0,0,0,0,0,0,0,0,0,0,Eukaryota,Archaeplastida,Chlorophyta,Chlorophyta_X,Chlorophyceae,Chlamydomonadales,Chlamydomonadales_X,Carteria,Carteria_lunzensis,Chlorophyta
ASV_619,0,137,0,0,0,0,0,0,0,0,0,0,14,0,0,0,0,0,360,0,0,0,0,0,0,0,0,0,0,0,0,0,0,0,0,0,0,0,0,0,0,0,0,0,0,Eukaryota,Archaeplastida,Chlorophyta,Chlorophyta_X,Trebouxiophyceae,Trebouxiophyceae_X,Trebouxiophyceae_XX,Botryococcus,Botryococcus_terribilis,Chlorophyta
ASV_620,0,0,0,0,0,0,0,0,0,0,0,0,0,0,0,0,0,0,16,147,0,0,0,0,118,161,0,0,0,68,0,0,0,0,0,0,0,0,0,0,0,0,0,0,0,Eukaryota,TSAR,Stramenopiles,Bigyra,Opalozoa,Opalozoa_X,MAST-12,MAST-12C,MAST-12C_sp.,Stramenopiles
ASV_621,0,0,0,0,0,0,0,0,0,0,0,0,0,0,0,0,0,0,0,0,0,0,0,0,0,0,0,0,0,0,0,0,0,0,33,0,349,103,0,0,0,25,0,0,0,Eukaryota,TSAR,Rhizaria,Cercozoa,Novel-clade-10-12,Novel-clade-10,Novel-clade-10_X,Novel-clade-10_XX,Novel-clade-10_XX_sp.,Rhizaria
ASV_622,0,0,0,0,0,0,0,0,0,0,0,0,0,0,0,0,0,0,0,0,0,0,0,0,0,0,0,0,0,0,0,0,0,0,0,0,144,0,0,0,19,266,81,0,0,Eukaryota,TSAR,Stramenopiles,Gyrista,Chrysophyceae,Synurales,Synuraceae,Synura,Synura_uvella,Stramenopiles
ASV_623,0,0,0,492,0,0,16,0,0,0,0,0,0,0,0,0,0,0,0,0,0,0,0,0,0,0,0,0,0,0,0,0,0,0,0,0,0,0,0,0,0,0,0,0,0,Eukaryota,TSAR,Stramenopiles,Bigyra,Bicoecea,Pseudodendromonadales,Pseudodendromonadales_X,Pseudodendromonadales_XX,Pseudodendromonadales_XX_sp.,Stramenopiles
ASV_624,0,0,0,0,0,0,0,0,0,0,0,0,0,0,0,0,0,0,0,0,0,0,243,58,207,0,0,0,0,0,0,0,0,0,0,0,0,0,0,0,0,0,0,0,0,Eukaryota,Obazoa,Opisthokonta,Fungi,Chytridiomycota,Zygophlyctidales,Zygophlyctidaceae,Zygophlyctis,NA,Opisthokonta_Chytridiomycota
ASV_625,0,0,0,0,0,0,0,0,0,0,0,0,0,0,0,0,0,0,0,0,0,0,42,28,438,0,0,0,0,0,0,0,0,0,0,0,0,0,0,0,0,0,0,0,0,Eukaryota,Obazoa,Opisthokonta,Fungi,Chytridiomycota,Spizellomycetales,Spizellomycetales_X,Spizellomycetales_XX,Spizellomycetales_XX_sp.,Opisthokonta_Chytridiomycota
ASV_626,0,51,90,0,0,0,0,0,0,0,0,0,0,0,0,342,0,0,24,0,0,0,0,0,0,0,0,0,0,0,0,0,0,0,0,0,0,0,0,0,0,0,0,0,0,Eukaryota,Obazoa,Opisthokonta,Fungi,Chytridiomycota,Rhizophydiales,Rhizophydiaceae,Rhizophydium,Rhizophydium_sp.,Opisthokonta_Chytridiomycota
ASV_627,0,0,0,0,0,0,0,0,0,0,0,0,0,0,0,0,0,0,0,0,0,0,0,0,0,0,0,0,506,0,0,0,0,0,0,0,0,0,0,0,0,0,0,0,0,Eukaryota,Obazoa,Opisthokonta,Fungi,Ascomycota,Pezizomycotina,Eurotiomycetes,Knufia,Knufia_cryptophialidica,Opisthokonta_Ascomycota
ASV_628,0,0,0,0,0,0,0,0,0,0,192,0,0,0,0,0,0,0,159,0,0,0,154,0,0,0,0,0,0,0,0,0,0,0,0,0,0,0,0,0,0,0,0,0,0,Eukaryota,TSAR,Stramenopiles,Gyrista,Peronosporomycetes,Peronosporomycetes,Peronosporales,Peronosporales_X,Peronosporales_X_sp.,Stramenopiles
ASV_629,0,0,0,0,0,0,0,0,0,0,0,0,0,0,0,0,0,0,113,0,0,0,101,0,89,0,200,0,0,0,0,0,0,0,0,0,0,0,0,0,0,0,0,0,0,Eukaryota,TSAR,Stramenopiles,Gyrista,Peronosporomycetes,Peronosporomycetes,Peronosporales,NA,NA,Stramenopiles
ASV_630,0,0,0,0,0,0,0,0,0,0,0,0,0,0,0,0,0,0,0,30,107,0,57,0,55,118,0,0,0,0,135,0,0,0,0,0,0,0,0,0,0,0,0,0,0,Eukaryota,Archaeplastida,Chlorophyta,Chlorophyta_X,Trebouxiophyceae,Trebouxiophyceae_X,Trebouxiophyceae_XX,Botryococcus,Botryococcus_braunii,Chlorophyta
ASV_631,0,0,0,0,0,0,0,0,0,0,0,0,0,0,0,500,0,0,0,0,0,0,0,0,0,0,0,0,0,0,0,0,0,0,0,0,0,0,0,0,0,0,0,0,0,Eukaryota,Cryptista,Cryptophyta,Cryptophyta_X,Cryptophyceae,Cryptomonadales,Cryptomonadales_X,Cryptomonas,Cryptomonas_pyrenoidifera,Cryptophyta
ASV_632,0,0,0,0,0,0,0,0,0,0,0,0,0,0,0,0,0,0,0,0,0,0,0,32,0,64,0,0,0,0,230,0,0,174,0,0,0,0,0,0,0,0,0,0,0,Eukaryota,TSAR,Stramenopiles,Bigyra,Bicoecea,Pseudodendromonadales,Pseudodendromonadales_X,Pseudodendromonadales_XX,Pseudodendromonadales_XX_sp.,Stramenopiles
ASV_633,0,0,0,0,0,0,0,0,0,0,0,0,0,0,0,0,0,0,0,0,0,0,0,0,0,0,0,0,0,0,0,0,0,500,0,0,0,0,0,0,0,0,0,0,0,Eukaryota,Obazoa,Opisthokonta,Metazoa,Platyhelminthes,Turbellaria,Rhabdocoela,Gyratrix,Gyratrix_hermaphroditus,Opisthokonta_Platyhelminthes
ASV_634,0,0,0,0,0,0,0,0,0,0,0,0,0,0,0,0,0,0,0,0,0,0,0,0,0,0,0,0,0,0,45,0,0,454,0,0,0,0,0,0,0,0,0,0,0,Eukaryota,Obazoa,Opisthokonta,Fungi,Chytridiomycota,Rhizophydiales,Rhizophydiaceae,Rhizophydium,NA,Opisthokonta_Chytridiomycota
ASV_635,0,0,0,0,0,0,0,30,0,60,0,0,0,53,60,0,0,0,0,0,0,0,0,0,0,0,0,0,0,0,17,25,0,193,0,23,0,0,35,0,0,0,0,0,0,Eukaryota,TSAR,Stramenopiles,Gyrista,Chrysophyceae,Ochromonadales,Ochromonadaceae,Poterioochromonas,Poterioochromonas_stipitata,Stramenopiles
ASV_636,0,0,0,0,0,0,0,0,0,0,0,0,0,0,0,0,0,0,0,0,0,0,0,0,37,245,0,0,0,0,99,0,0,114,0,0,0,0,0,0,0,0,0,0,0,Eukaryota,TSAR,Stramenopiles,Bigyra,Bicoecea,Pseudodendromonadales,Pseudodendromonadales_X,Pseudodendromonadales_XX,Pseudodendromonadales_XX_sp.,Stramenopiles
ASV_637,0,0,0,0,0,0,0,0,0,0,0,0,0,0,0,0,0,0,0,29,0,10,443,0,11,0,0,0,0,0,0,0,0,0,0,0,0,0,0,0,0,0,0,0,0,Eukaryota,TSAR,Rhizaria,Cercozoa,Novel-clade-10-12,Novel-clade-10,Novel-clade-10_X,Novel-clade-10_XX,Novel-clade-10_XX_sp.,Rhizaria
ASV_638,0,0,0,0,425,11,10,44,0,0,0,0,0,0,0,0,0,0,0,0,0,0,0,0,0,0,0,0,0,0,0,0,0,0,0,0,0,0,0,0,0,0,0,0,0,Eukaryota,Obazoa,Opisthokonta,Fungi,NA,NA,NA,NA,NA,Opisthokonta_Unclassified
ASV_639,489,0,0,0,0,0,0,0,0,0,0,0,0,0,0,0,0,0,0,0,0,0,0,0,0,0,0,0,0,0,0,0,0,0,0,0,0,0,0,0,0,0,0,0,0,Eukaryota,TSAR,Stramenopiles,Gyrista,Peronosporomycetes,Peronosporomycetes,Peronosporales,NA,NA,Stramenopiles
ASV_640,0,0,0,6,0,0,0,0,0,0,0,0,0,6,0,0,0,0,0,0,0,0,0,0,0,0,0,0,0,0,0,0,0,0,0,0,0,476,0,0,0,0,0,0,0,Eukaryota,TSAR,Stramenopiles,Gyrista,Chrysophyceae,Chrysophyceae_env_clade-I,Chrysophyceae_env_clade-I_X,Chrysophyceae_env_clade-I_XX,Chrysophyceae_env_clade-I_XX_sp.,Stramenopiles
ASV_641,0,0,0,0,0,0,0,0,0,0,0,0,0,0,0,0,0,0,0,0,0,0,0,0,0,0,0,0,0,0,0,32,0,216,0,60,114,0,66,0,0,0,0,0,0,Eukaryota,TSAR,Rhizaria,Cercozoa,Novel-clade-10-12,Novel-clade-10,Novel-clade-10_X,Novel-clade-10_XX,Novel-clade-10_XX_sp.,Rhizaria
ASV_642,0,0,0,0,0,0,0,0,0,0,0,0,0,0,0,149,39,0,0,0,0,0,69,0,230,0,0,0,0,0,0,0,0,0,0,0,0,0,0,0,0,0,0,0,0,Eukaryota,Obazoa,Opisthokonta,Fungi,Chytridiomycota,Rhizophydiales,Kappamycetaceae,Kappamyces,NA,Opisthokonta_Chytridiomycota
ASV_643,0,0,0,0,0,0,0,0,0,0,0,0,0,0,0,0,262,0,0,0,0,0,44,0,50,131,0,0,0,0,0,0,0,0,0,0,0,0,0,0,0,0,0,0,0,Eukaryota,Archaeplastida,Chlorophyta,Chlorophyta_X,Trebouxiophyceae,Chlorellales,Chlorellales_X,NA,NA,Chlorophyta
ASV_644,0,0,0,0,0,0,0,0,0,0,0,0,0,0,0,0,0,0,0,0,0,0,0,0,0,0,0,0,487,0,0,0,0,0,0,0,0,0,0,0,0,0,0,0,0,Eukaryota,Cryptista,Cryptophyta,Cryptophyta_X,Cryptophyceae,Cryptomonadales,Cryptomonadales_X,Cryptomonas,Cryptomonas_phaseolus,Cryptophyta
ASV_645,0,0,0,0,0,0,0,0,0,0,0,0,0,0,486,0,0,0,0,0,0,0,0,0,0,0,0,0,0,0,0,0,0,0,0,0,0,0,0,0,0,0,0,0,0,Eukaryota,TSAR,Stramenopiles,Gyrista,Peronosporomycetes,Peronosporomycetes,PeronosporomycetesX,Chlamydomyzium,Chlamydomyzium_sp.,Stramenopiles
ASV_646,0,0,0,0,0,0,0,0,0,0,0,0,0,0,0,0,0,0,0,0,97,388,0,0,0,0,0,0,0,0,0,0,0,0,0,0,0,0,0,0,0,0,0,0,0,Eukaryota,TSAR,Stramenopiles,Gyrista,Chrysophyceae,Paraphysomonadales,Paraphysomonadaceae,Paraphysomonas,Paraphysomonas_vulgaris,Stramenopiles
ASV_647,0,0,0,0,0,0,0,0,0,0,0,0,0,0,0,0,0,0,0,0,0,0,0,0,0,0,0,0,0,0,0,0,0,484,0,0,0,0,0,0,0,0,0,0,0,Eukaryota,Obazoa,NA,NA,NA,NA,NA,NA,NA,NA
ASV_648,0,0,0,0,0,0,0,0,0,0,0,0,0,0,0,416,0,0,0,0,0,0,0,0,0,0,0,0,0,0,67,0,0,0,0,0,0,0,0,0,0,0,0,0,0,Eukaryota,TSAR,Stramenopiles,Gyrista,Peronosporomycetes,Peronosporomycetes,Peronosporales,NA,NA,Stramenopiles
ASV_649,0,0,0,0,0,0,0,0,0,0,0,0,0,0,0,0,86,0,71,0,0,0,0,0,0,138,0,0,188,0,0,0,0,0,0,0,0,0,0,0,0,0,0,0,0,Eukaryota,TSAR,Stramenopiles,Gyrista,Mediophyceae,Thalassiosirales,Stephanodiscaceae,Stephanodiscus,Stephanodiscus_hantzschii,Stramenopiles
ASV_650,0,0,0,26,0,0,0,0,0,0,0,0,275,0,11,0,0,0,0,0,0,0,0,0,0,0,0,0,0,0,0,0,0,0,0,0,168,0,0,0,0,0,0,0,0,Eukaryota,TSAR,Stramenopiles,Gyrista,Peronosporomycetes,Peronosporomycetes,Peronosporales,NA,NA,Stramenopiles
ASV_651,0,0,0,0,0,0,0,0,0,0,0,0,0,0,0,0,0,0,0,0,0,0,0,0,0,0,478,0,0,0,0,0,0,0,0,0,0,0,0,0,0,0,0,0,0,Eukaryota,Obazoa,Opisthokonta,Fungi,Basidiomycota,Pucciniomycotina,Cystobasidiomycetes,Rhodotorula,Rhodotorula_phylloplana,Opisthokonta_Basidiomycota
ASV_652,0,0,0,35,0,0,0,0,0,0,0,0,0,0,0,0,44,26,25,0,0,0,0,0,0,0,0,0,0,0,0,0,0,155,0,0,83,0,0,33,11,45,20,0,0,Eukaryota,TSAR,Rhizaria,Cercozoa,Novel-clade-10-12,Novel-clade-10,Novel-clade-10_X,Novel-clade-10_XX,Novel-clade-10_XX_sp.,Rhizaria
ASV_653,0,0,0,0,0,0,0,0,0,0,0,0,0,0,0,116,0,0,0,36,0,0,0,0,76,66,0,180,0,0,0,0,0,0,0,0,0,0,0,0,0,0,0,0,0,Eukaryota,Archaeplastida,Chlorophyta,Chlorophyta_X,Chlorophyceae,Sphaeropleales,Sphaeropleales_X,Ankistrodesmus,Ankistrodesmus_fusiformis,Chlorophyta
ASV_654,0,0,0,0,0,0,0,0,0,0,0,0,0,0,0,0,0,0,0,0,0,0,0,0,0,0,0,0,0,0,0,0,0,472,0,0,0,0,0,0,0,0,0,0,0,Eukaryota,Archaeplastida,Chlorophyta,Chlorophyta_X,Trebouxiophyceae,Trebouxiophyceae_X,Trebouxiophyceae_XX,Botryococcus,Botryococcus_braunii,Chlorophyta
ASV_655,0,0,0,0,471,0,0,0,0,0,0,0,0,0,0,0,0,0,0,0,0,0,0,0,0,0,0,0,0,0,0,0,0,0,0,0,0,0,0,0,0,0,0,0,0,Eukaryota,TSAR,Stramenopiles,Gyrista,Peronosporomycetes,Peronosporomycetes,Peronosporales,Peronosporales_X,Peronosporales_X_sp.,Stramenopiles
ASV_656,461,7,0,0,0,0,0,0,0,0,0,0,0,0,0,0,0,0,0,0,0,0,0,0,0,0,0,0,0,0,0,0,0,0,0,0,0,0,0,0,0,0,0,0,0,Eukaryota,Obazoa,Opisthokonta,Metazoa,Arthropoda,Crustacea,Branchiopoda,Bosmina,Bosmina_longirostris,Opisthokonta_Arthropoda
ASV_657,0,0,0,0,231,30,81,126,0,0,0,0,0,0,0,0,0,0,0,0,0,0,0,0,0,0,0,0,0,0,0,0,0,0,0,0,0,0,0,0,0,0,0,0,0,Eukaryota,Archaeplastida,Chlorophyta,Chlorophyta_X,Chlorophyceae,Chlamydomonadales,Chlamydomonadales_X,NA,NA,Chlorophyta
ASV_658,0,0,0,0,0,0,0,0,0,0,0,0,0,0,0,0,0,0,0,0,0,0,0,0,0,0,0,0,0,0,0,0,0,10,0,0,458,0,0,0,0,0,0,0,0,Eukaryota,TSAR,Rhizaria,Cercozoa,Novel-clade-10-12,Tremulida,Tremulidae,Tremula,Tremula_sp.,Rhizaria
ASV_659,0,0,0,0,0,0,0,0,0,0,0,0,0,0,0,0,0,35,0,29,134,34,32,0,0,0,203,0,0,0,0,0,0,0,0,0,0,0,0,0,0,0,0,0,0,Eukaryota,Obazoa,Opisthokonta,Fungi,NA,NA,NA,NA,NA,Opisthokonta_Unclassified
ASV_660,0,0,0,0,0,0,0,0,0,0,0,0,0,0,0,0,0,0,0,0,0,0,0,0,0,0,0,0,0,0,0,0,0,0,0,30,0,312,43,0,0,82,0,0,0,Eukaryota,Obazoa,Opisthokonta,Fungi,Chytridiomycota,Zygophlyctidales,Zygophlyctidaceae,Zygophlyctis,Zygophlyctis_melosirae,Opisthokonta_Chytridiomycota
ASV_661,0,0,0,0,0,17,18,0,105,0,0,10,0,0,0,0,0,0,0,0,0,0,0,0,0,0,0,0,0,0,0,0,0,0,0,0,0,0,15,0,0,0,246,55,0,Eukaryota,TSAR,Stramenopiles,Bigyra,Bicoecea,Bicoecales,Bicoecaceae,Bicosoeca,Bicosoeca_petiolata,Stramenopiles
ASV_662,0,216,126,123,0,0,0,0,0,0,0,0,0,0,0,0,0,0,0,0,0,0,0,0,0,0,0,0,0,0,0,0,0,0,0,0,0,0,0,0,0,0,0,0,0,Eukaryota,Obazoa,Opisthokonta,Metazoa,NA,NA,NA,NA,NA,Opisthokonta_Unclassified
ASV_663,0,0,0,0,0,0,0,0,0,0,0,0,0,0,0,0,0,0,126,0,0,19,0,6,300,0,0,0,14,0,0,0,0,0,0,0,0,0,0,0,0,0,0,0,0,Eukaryota,Obazoa,Opisthokonta,Choanoflagellata,Choanoflagellatea,Craspedida,Monosigidae_Group_A,Codosiga,Codosiga_botrytis,Opisthokonta_Choanoflagellatea
ASV_664,0,0,0,0,0,0,0,0,0,0,0,0,0,0,0,0,0,0,81,0,141,0,0,0,71,50,0,0,121,0,0,0,0,0,0,0,0,0,0,0,0,0,0,0,0,Eukaryota,TSAR,Stramenopiles,Gyrista,Eustigmatophyceae,Eustigmatophyceae_X,Eustigmatophyceae_XX,Pseudocharaciopsis,Pseudocharaciopsis_ovalis,Stramenopiles
ASV_665,0,87,112,0,0,223,0,0,0,0,0,0,0,0,0,0,0,0,0,0,0,0,0,0,0,0,0,0,0,0,0,0,0,0,0,0,0,40,0,0,0,0,0,0,0,Eukaryota,Obazoa,Opisthokonta,Metazoa,Arthropoda,Crustacea,Ostracoda,Cypridopsis,Cypridopsis_japonica,Opisthokonta_Arthropoda
ASV_666,0,0,0,0,0,0,0,0,0,0,0,0,0,0,0,0,0,0,73,0,0,0,83,0,306,0,0,0,0,0,0,0,0,0,0,0,0,0,0,0,0,0,0,0,0,Eukaryota,Obazoa,Opisthokonta,Fungi,Chytridiomycota,Rhizophydiales,Kappamycetaceae,Kappamyces,NA,Opisthokonta_Chytridiomycota
ASV_667,0,0,0,0,0,0,0,0,0,0,0,0,62,0,0,0,0,0,39,0,107,0,24,0,228,0,0,0,0,0,0,0,0,0,0,0,0,0,0,0,0,0,0,0,0,Eukaryota,TSAR,Stramenopiles,Gyrista,Peronosporomycetes,Peronosporomycetes,Peronosporales,Phytophthora,NA,Stramenopiles
ASV_668,0,15,19,65,0,0,0,0,0,0,0,0,0,0,0,0,0,0,0,0,0,0,0,38,252,0,0,0,0,0,0,25,0,32,0,0,0,0,0,0,0,13,0,0,0,Eukaryota,TSAR,Stramenopiles,Gyrista,Dictyochophyceae,Dictyochophyceae_X,Pedinellales,Pseudopedinella,Pseudopedinella_sp.,Stramenopiles
ASV_669,0,0,0,0,0,0,0,0,0,0,0,0,0,0,0,0,0,0,0,0,0,0,0,0,147,311,0,0,0,0,0,0,0,0,0,0,0,0,0,0,0,0,0,0,0,Eukaryota,TSAR,Stramenopiles,Gyrista,Peronosporomycetes,Peronosporomycetes,Saprolegniales,Achlya,Achlya_apiculata,Stramenopiles
ASV_670,0,0,0,0,0,0,0,0,0,0,0,0,0,0,0,0,0,0,0,0,0,0,0,0,0,0,456,0,0,0,0,0,0,0,0,0,0,0,0,0,0,0,0,0,0,Eukaryota,Archaeplastida,Chlorophyta,Chlorophyta_X,Chlorophyceae,Chlamydomonadales,Chlamydomonadales_X,Carteria,Carteria_lunzensis,Chlorophyta
ASV_671,55,0,42,300,58,0,0,0,0,0,0,0,0,0,0,0,0,0,0,0,0,0,0,0,0,0,0,0,0,0,0,0,0,0,0,0,0,0,0,0,0,0,0,0,0,Eukaryota,Obazoa,Opisthokonta,NA,NA,NA,NA,NA,NA,Opisthokonta_Unclassified
ASV_672,0,8,0,32,60,0,55,0,50,5,25,0,0,0,0,0,91,127,0,0,0,0,0,0,0,0,0,0,0,0,0,0,0,0,0,0,0,0,0,0,0,0,0,0,0,Eukaryota,TSAR,Stramenopiles,Bigyra,Bicoecea,Bicoecales,Bicoecaceae,Bicoecaceae_X,Bicoecaceae_X_sp.,Stramenopiles
ASV_673,0,0,0,0,0,0,0,0,0,0,0,0,0,0,0,0,238,215,0,0,0,0,0,0,0,0,0,0,0,0,0,0,0,0,0,0,0,0,0,0,0,0,0,0,0,Eukaryota,TSAR,Stramenopiles,Gyrista,Chrysophyceae,NA,NA,NA,NA,Stramenopiles
ASV_674,0,0,158,150,0,0,0,0,0,0,0,0,0,0,0,0,0,0,0,0,0,0,0,0,0,0,0,0,0,0,0,0,0,144,0,0,0,0,0,0,0,0,0,0,0,Eukaryota,Cryptista,Cryptophyta,Cryptophyta_X,Cryptophyceae,Cryptophyceae_X,Basal_Cryptophyceae-1,Basal_Cryptophyceae-1_X,Basal_Cryptophyceae-1_X_sp.,Cryptophyta
ASV_675,0,0,0,0,0,0,0,0,0,0,0,0,0,0,0,0,0,0,0,0,0,0,0,0,67,111,0,0,199,0,0,0,0,0,0,0,0,0,0,0,41,0,0,0,34,Eukaryota,Obazoa,Opisthokonta,Fungi,Basidiomycota,Agaricomycotina,Agaricomycetes,Xylobolus,Xylobolus_sp.,Opisthokonta_Basidiomycota
ASV_676,0,0,0,0,0,0,0,0,0,0,0,0,0,0,0,250,0,0,0,0,0,0,49,0,152,0,0,0,0,0,0,0,0,0,0,0,0,0,0,0,0,0,0,0,0,Eukaryota,Obazoa,Opisthokonta,Fungi,Chytridiomycota,Rhizophydiales,NA,NA,NA,Opisthokonta_Chytridiomycota
ASV_677,0,0,0,0,0,0,0,0,0,0,0,0,0,0,0,0,0,0,0,63,239,0,17,0,132,0,0,0,0,0,0,0,0,0,0,0,0,0,0,0,0,0,0,0,0,Eukaryota,Obazoa,Opisthokonta,Fungi,Chytridiomycota,Spizellomycetales,NA,NA,NA,Opisthokonta_Chytridiomycota
ASV_678,0,0,0,0,0,0,0,0,0,0,0,0,0,0,0,0,0,0,0,0,0,0,0,38,136,91,0,0,118,68,0,0,0,0,0,0,0,0,0,0,0,0,0,0,0,Eukaryota,Archaeplastida,Chlorophyta,Chlorophyta_X,Chlorophyceae,Chlamydomonadales,Chlamydomonadales_X,NA,NA,Chlorophyta
ASV_679,0,44,0,0,0,0,48,0,0,0,0,0,17,0,12,0,0,0,0,0,0,0,0,0,0,0,0,0,0,0,0,36,0,98,24,0,0,26,67,0,0,43,35,0,0,Eukaryota,TSAR,Stramenopiles,Gyrista,Chrysophyceae,Chrysophyceae_env_clade-I,Chrysophyceae_env_clade-I_X,Chrysophyceae_env_clade-I_XX,Chrysophyceae_env_clade-I_XX_sp.,Stramenopiles
ASV_680,0,0,0,0,0,0,138,0,0,0,19,4,172,95,20,0,0,0,0,0,0,0,0,0,0,0,0,0,0,0,0,0,0,0,0,0,0,0,0,0,0,0,0,0,0,Eukaryota,Obazoa,Opisthokonta,Fungi,Aphelidiomycota,Aphelidiales,Aphelidiaceae,Aphelidium,Aphelidium_desmodesmi,Opisthokonta_Aphelidiomycota
ASV_681,0,0,0,0,0,0,0,0,0,0,0,0,0,0,0,127,0,0,0,65,184,54,17,0,0,0,0,0,0,0,0,0,0,0,0,0,0,0,0,0,0,0,0,0,0,Eukaryota,Haptista,Centroplasthelida,Centroplasthelida_X,Pterocystida,Pterista,Pterocystidae,Pterocystis,Pterocystis_sp.,Centroplasthelida
ASV_682,0,0,0,0,0,0,0,0,0,0,0,0,0,0,0,367,0,23,39,17,0,0,0,0,0,0,0,0,0,0,0,0,0,0,0,0,0,0,0,0,0,0,0,0,0,Eukaryota,Obazoa,Opisthokonta,Metazoa,Mollusca,Bivalvia,Palaeoheterodonta,NA,NA,Opisthokonta_Mollusca
ASV_683,0,0,0,0,0,0,0,0,0,0,0,0,0,0,0,0,0,0,0,303,0,0,96,0,0,0,0,0,0,0,0,0,0,20,0,0,0,0,0,0,0,27,0,0,0,Eukaryota,Cryptista,Cryptophyta,Cryptophyta_X,Cryptophyceae,Cryptomonadales,Cryptomonadales_X,Cryptomonas,Cryptomonas_meshchyorana,Cryptophyta
ASV_684,0,0,0,0,0,0,0,0,0,0,0,0,0,0,0,0,0,0,0,0,0,0,0,0,0,0,0,445,0,0,0,0,0,0,0,0,0,0,0,0,0,0,0,0,0,Eukaryota,Obazoa,Opisthokonta,Metazoa,Arthropoda,Crustacea,Maxillopoda,NA,NA,Opisthokonta_Arthropoda
ASV_685,0,0,0,0,0,0,0,0,0,0,0,0,0,0,0,0,0,0,0,0,0,0,0,0,0,0,0,0,445,0,0,0,0,0,0,0,0,0,0,0,0,0,0,0,0,Eukaryota,TSAR,Stramenopiles,Gyrista,Chrysophyceae,NA,NA,NA,NA,Stramenopiles
ASV_686,0,0,0,0,0,0,41,188,0,0,214,0,0,0,0,0,0,0,0,0,0,0,0,0,0,0,0,0,0,0,0,0,0,0,0,0,0,0,0,0,0,0,0,0,0,Eukaryota,Obazoa,Opisthokonta,Metazoa,Arthropoda,Crustacea,Ostracoda,Cypridopsis,Cypridopsis_adusta,Opisthokonta_Arthropoda
ASV_687,0,0,0,0,0,0,0,0,0,0,0,0,0,0,0,0,110,139,113,0,81,0,0,0,0,0,0,0,0,0,0,0,0,0,0,0,0,0,0,0,0,0,0,0,0,Eukaryota,Archaeplastida,Chlorophyta,Chlorophyta_X,Chlorophyceae,NA,NA,NA,NA,Chlorophyta
ASV_688,0,0,0,0,0,0,0,0,0,0,0,0,0,0,0,376,0,0,66,0,0,0,0,0,0,0,0,0,0,0,0,0,0,0,0,0,0,0,0,0,0,0,0,0,0,Eukaryota,Obazoa,Opisthokonta,Fungi,NA,NA,NA,NA,NA,Opisthokonta_Unclassified
ASV_689,0,0,0,0,0,0,0,0,0,0,0,0,0,0,0,94,0,0,348,0,0,0,0,0,0,0,0,0,0,0,0,0,0,0,0,0,0,0,0,0,0,0,0,0,0,Eukaryota,Obazoa,Opisthokonta,NA,NA,NA,NA,NA,NA,Opisthokonta_Unclassified
ASV_690,0,0,0,0,0,0,0,0,0,0,0,0,0,0,0,0,0,0,0,0,0,0,0,0,0,0,0,0,0,0,0,0,0,406,0,27,0,0,9,0,0,0,0,0,0,Eukaryota,TSAR,Stramenopiles,Bigyra,Bicoecea,Pseudodendromonadales,Pseudodendromonadales_X,Adriamonas,Adriamonas_peritocrescens,Stramenopiles
ASV_691,0,0,0,0,0,0,0,0,0,0,0,0,0,0,0,0,0,0,0,0,0,0,0,0,0,0,0,0,0,0,0,0,0,0,0,76,366,0,0,0,0,0,0,0,0,Eukaryota,Obazoa,Opisthokonta,Fungi,Chytridiomycota,Chytridiales,Chytridiaceae,Chytriomyces,Chytriomyces_confervae,Opisthokonta_Chytridiomycota
ASV_692,0,61,0,0,0,324,45,0,0,0,0,0,0,0,0,0,0,0,0,0,0,0,0,0,0,0,0,0,0,0,0,0,0,0,0,11,0,0,0,0,0,0,0,0,0,Eukaryota,Obazoa,Opisthokonta,Metazoa,Arthropoda,Crustacea,Ostracoda,Cypridopsis,Cypridopsis_japonica,Opisthokonta_Arthropoda
ASV_693,0,0,0,0,0,0,0,0,0,0,0,0,0,34,0,0,0,0,0,0,0,0,0,31,80,74,0,0,0,21,0,0,0,0,0,0,0,0,0,23,0,178,0,0,0,Eukaryota,TSAR,Stramenopiles,Bigyra,Bicoecea,Pseudodendromonadales,Pseudodendromonadales_X,Pseudodendromonadales_XX,Pseudodendromonadales_XX_sp.,Stramenopiles
ASV_694,0,0,0,0,0,0,0,0,0,0,0,0,0,0,0,0,0,0,77,128,109,0,19,21,78,0,0,0,0,7,0,0,0,0,0,0,0,0,0,0,0,0,0,0,0,Eukaryota,Obazoa,Opisthokonta,Choanoflagellata,Choanoflagellatea,Craspedida,Monosigidae_Group_O,Monosigidae_Group_O_X,Monosigidae_Group_O_X_sp.,Opisthokonta_Choanoflagellatea
ASV_695,0,0,0,0,0,0,0,0,0,0,0,72,0,0,29,0,0,0,0,0,0,0,0,0,0,0,0,0,0,0,0,0,0,0,0,0,0,189,93,0,0,0,53,0,0,Eukaryota,TSAR,Stramenopiles,Bigyra,Bicoecea,Pseudodendromonadales,Pseudodendromonadales_X,Pseudodendromonadales_XX,Pseudodendromonadales_XX_sp.,Stramenopiles
ASV_696,0,0,0,0,0,0,0,0,0,0,0,0,0,0,0,0,0,0,0,0,0,0,0,0,0,0,436,0,0,0,0,0,0,0,0,0,0,0,0,0,0,0,0,0,0,Eukaryota,TSAR,Stramenopiles,Gyrista,Chrysophyceae,Hibberdiales,Hibberdiaceae,Chrysocapsa,Chrysocapsa_vernalis,Stramenopiles
ASV_697,0,0,0,0,0,0,0,0,0,0,40,0,183,0,212,0,0,0,0,0,0,0,0,0,0,0,0,0,0,0,0,0,0,0,0,0,0,0,0,0,0,0,0,0,0,Eukaryota,Archaeplastida,Chlorophyta,Chlorophyta_X,Chlorophyceae,Chlamydomonadales,Chlamydomonadales_X,NA,NA,Chlorophyta
ASV_698,0,0,0,0,0,0,0,0,0,0,0,0,0,0,0,0,0,0,0,0,0,0,0,0,0,0,0,0,0,0,0,0,0,0,0,0,0,432,0,0,0,0,0,0,0,Eukaryota,Obazoa,Opisthokonta,Metazoa,Arthropoda,Crustacea,Ostracoda,NA,NA,Opisthokonta_Arthropoda
ASV_699,0,0,0,0,0,0,0,0,0,0,0,0,0,0,0,209,65,0,157,0,0,0,0,0,0,0,0,0,0,0,0,0,0,0,0,0,0,0,0,0,0,0,0,0,0,Eukaryota,TSAR,Stramenopiles,Gyrista,Peronosporomycetes,Peronosporomycetes,Peronosporales,Peronosporales_X,Peronosporales_X_sp.,Stramenopiles
ASV_700,0,0,0,0,0,0,0,0,0,0,0,0,0,0,0,0,0,0,0,0,232,0,197,0,0,0,0,0,0,0,0,0,0,0,0,0,0,0,0,0,0,0,0,0,0,Eukaryota,Cryptista,Cryptophyta,Cryptophyta_X,Cryptophyceae,Cryptomonadales,Cryptomonadales_X,Cryptomonas,Cryptomonas_pyrenoidifera,Cryptophyta
ASV_701,0,6,0,0,0,0,0,0,0,0,9,0,0,0,412,0,0,0,0,0,0,0,0,0,0,0,0,0,0,0,0,0,0,0,0,0,0,0,0,0,0,0,0,0,0,Eukaryota,TSAR,Stramenopiles,Gyrista,Peronosporomycetes,Peronosporomycetes,Peronosporales,Pythium,Pythium_rostratum,Stramenopiles
ASV_702,0,0,0,0,0,0,0,0,0,0,0,0,0,0,0,276,0,0,0,0,0,0,0,0,0,0,0,0,0,0,0,0,0,0,29,0,0,122,0,0,0,0,0,0,0,Eukaryota,Archaeplastida,Chlorophyta,Chlorophyta_X,Chlorophyceae,Chlamydomonadales,Chlamydomonadales_X,Chlamydomonas,NA,Chlorophyta
ASV_703,0,0,0,0,0,0,0,0,0,0,0,0,0,0,0,0,0,0,0,0,0,0,39,0,0,385,0,0,0,0,0,0,0,0,0,0,0,0,0,0,0,0,0,0,0,Eukaryota,TSAR,Rhizaria,Cercozoa,Endomyxa,Vampyrellida,Leptophryidae,Leptophryidae_X,Leptophryidae_X_sp.,Rhizaria
ASV_704,0,0,0,0,0,0,0,0,0,0,0,0,0,0,0,0,0,0,423,0,0,0,0,0,0,0,0,0,0,0,0,0,0,0,0,0,0,0,0,0,0,0,0,0,0,Eukaryota,Obazoa,Opisthokonta,Fungi,Chytridiomycota,NA,NA,NA,NA,Opisthokonta_Chytridiomycota
ASV_705,0,0,0,0,0,0,0,0,0,0,0,0,0,0,0,116,0,0,0,0,0,0,0,0,6,297,0,0,0,0,0,0,0,0,0,0,0,0,0,0,0,0,0,0,0,Eukaryota,Obazoa,Opisthokonta,Fungi,Zoopagomycota,Entomophthoromycotina,Entomophthoromycotina_X,Conidiobolus,Conidiobolus_coronatus,Opisthokonta_Zoopagomycota
ASV_706,0,0,0,0,0,0,0,0,0,0,0,0,0,0,0,0,0,0,0,0,0,0,0,0,0,0,0,0,0,0,419,0,0,0,0,0,0,0,0,0,0,0,0,0,0,Eukaryota,Archaeplastida,Chlorophyta,Chlorophyta_X,Chlorophyceae,Chlamydomonadales,Chlamydomonadales_X,Pandorina,Pandorina_colemaniae,Chlorophyta
ASV_707,0,0,0,0,0,0,0,0,0,0,0,0,0,0,0,0,0,0,0,0,0,0,0,0,0,0,0,0,0,0,0,0,0,0,0,418,0,0,0,0,0,0,0,0,0,Eukaryota,Obazoa,Opisthokonta,Metazoa,Arthropoda,Crustacea,Ostracoda,Cypridopsis,Cypridopsis_japonica,Opisthokonta_Arthropoda
ASV_708,0,0,43,0,0,44,36,23,0,0,0,0,0,0,0,0,0,0,165,0,0,0,0,0,0,0,0,0,0,0,20,0,0,86,0,0,0,0,0,0,0,0,0,0,0,Eukaryota,Archaeplastida,Chlorophyta,Chlorophyta_X,Chlorophyceae,Chlamydomonadales,Chlamydomonadales_X,Chlorococcum,NA,Chlorophyta
ASV_709,0,0,0,0,0,0,0,0,0,0,0,0,0,0,0,58,74,0,285,0,0,0,0,0,0,0,0,0,0,0,0,0,0,0,0,0,0,0,0,0,0,0,0,0,0,Eukaryota,Obazoa,Opisthokonta,Fungi,Rozellomycota,Rozellomycota_X,Rozellomycota_XX,Rozella,Rozella_multimorpha,Opisthokonta_Rozellomycota
ASV_710,0,0,0,0,0,0,0,0,0,0,0,0,0,0,0,0,0,0,0,0,0,0,0,0,0,0,0,0,0,0,0,0,0,0,0,417,0,0,0,0,0,0,0,0,0,Eukaryota,Obazoa,Opisthokonta,Metazoa,Arthropoda,Crustacea,Ostracoda,Cypridopsis,Cypridopsis_japonica,Opisthokonta_Arthropoda
ASV_711,4,86,156,99,45,0,0,26,0,0,0,0,0,0,0,0,0,0,0,0,0,0,0,0,0,0,0,0,0,0,0,0,0,0,0,0,0,0,0,0,0,0,0,0,0,Eukaryota,Obazoa,Opisthokonta,Fungi,NA,NA,NA,NA,NA,Opisthokonta_Unclassified
ASV_712,0,0,0,416,0,0,0,0,0,0,0,0,0,0,0,0,0,0,0,0,0,0,0,0,0,0,0,0,0,0,0,0,0,0,0,0,0,0,0,0,0,0,0,0,0,Eukaryota,Obazoa,Opisthokonta,Fungi,Chytridiomycota,Spizellomycetales,Spizellomycetales_X,Spizellomycetales_XX,Spizellomycetales_XX_sp.,Opisthokonta_Chytridiomycota
ASV_713,37,0,274,104,0,0,0,0,0,0,0,0,0,0,0,0,0,0,0,0,0,0,0,0,0,0,0,0,0,0,0,0,0,0,0,0,0,0,0,0,0,0,0,0,0,Eukaryota,Obazoa,Opisthokonta,Fungi,Chytridiomycota,Spizellomycetales,Spizellomycetales_X,Spizellomycetales_XX,Spizellomycetales_XX_sp.,Opisthokonta_Chytridiomycota
ASV_714,0,0,0,0,0,0,0,0,0,0,0,0,0,0,0,0,0,0,0,0,59,0,0,0,0,171,0,0,185,0,0,0,0,0,0,0,0,0,0,0,0,0,0,0,0,Eukaryota,Archaeplastida,Streptophyta,Streptophyta_X,Embryophyceae,Embryophyceae_X,Embryophyceae_XX,Sanionia,Sanionia_uncinata,Streptophyta
ASV_715,0,138,258,0,0,0,0,0,0,0,0,0,0,0,0,0,0,0,0,0,0,0,0,0,0,0,0,0,0,0,0,0,0,0,0,0,0,0,0,0,0,0,0,17,0,Eukaryota,Obazoa,Opisthokonta,Fungi,Chytridiomycota,NA,NA,NA,NA,Opisthokonta_Chytridiomycota
ASV_716,0,0,0,0,0,22,79,83,16,0,105,0,82,5,21,0,0,0,0,0,0,0,0,0,0,0,0,0,0,0,0,0,0,0,0,0,0,0,0,0,0,0,0,0,0,Eukaryota,Archaeplastida,Chlorophyta,Chlorophyta_X,Ulvophyceae,Ulotrichales,Ulotrichales_X,Trichosarcina,Trichosarcina_polymorpha,Chlorophyta
ASV_717,0,0,0,0,0,0,0,13,0,0,0,0,0,0,0,0,0,0,0,0,0,0,0,0,0,0,0,0,0,0,0,0,0,0,0,398,0,0,0,0,0,0,0,0,0,Eukaryota,TSAR,Rhizaria,Rhizaria_X,Rhizaria_XX,Aquavolonida,Aquavolonida_X,Aquavolon,Aquavolon_dientrani,Rhizaria
ASV_718,0,0,0,0,0,0,0,0,0,0,0,0,0,0,0,411,0,0,0,0,0,0,0,0,0,0,0,0,0,0,0,0,0,0,0,0,0,0,0,0,0,0,0,0,0,Eukaryota,Cryptista,Cryptophyta,Cryptophyta_X,Cryptophyceae,Cryptomonadales,Cryptomonadales_X,Cryptomonas,Cryptomonas_pyrenoidifera,Cryptophyta
ASV_719,0,0,0,0,0,0,0,0,0,0,0,0,0,0,0,0,0,0,0,0,0,0,0,0,0,0,0,0,0,0,86,19,0,306,0,0,0,0,0,0,0,0,0,0,0,Eukaryota,Obazoa,Opisthokonta,Fungi,Chytridiomycota,NA,NA,NA,NA,Opisthokonta_Chytridiomycota
ASV_720,0,0,0,0,0,0,0,0,0,0,0,0,0,0,0,0,0,0,0,0,0,0,0,0,0,0,0,410,0,0,0,0,0,0,0,0,0,0,0,0,0,0,0,0,0,Eukaryota,Obazoa,Opisthokonta,Metazoa,Arthropoda,Crustacea,Maxillopoda,Eudiaptomus,Eudiaptomus_graciloides,Opisthokonta_Arthropoda
ASV_721,123,0,13,0,57,0,0,0,15,0,0,0,0,0,8,0,0,0,0,0,0,0,0,0,0,0,0,0,0,0,0,0,184,0,9,0,0,0,0,0,0,0,0,0,0,Eukaryota,Obazoa,Opisthokonta,Metazoa,Arthropoda,Crustacea,Maxillopoda,Skistodiaptomus,NA,Opisthokonta_Arthropoda
ASV_722,0,0,0,27,0,0,0,0,0,0,0,0,0,0,0,0,0,0,0,0,0,0,0,0,0,0,0,0,0,0,0,0,0,0,0,0,0,0,0,0,0,382,0,0,0,Eukaryota,TSAR,Stramenopiles,Gyrista,Peronosporomycetes,Peronosporomycetes,Saprolegniales,Saprolegniales_X,Saprolegniales_X_sp.,Stramenopiles
ASV_723,83,0,0,0,60,0,0,0,0,0,0,0,0,0,0,0,0,0,0,0,0,0,0,0,0,0,0,0,0,0,0,0,265,0,0,0,0,0,0,0,0,0,0,0,0,Eukaryota,Obazoa,Opisthokonta,Metazoa,Arthropoda,Crustacea,Maxillopoda,Eudiaptomus,Eudiaptomus_graciloides,Opisthokonta_Arthropoda
ASV_724,0,0,0,0,274,0,0,134,0,0,0,0,0,0,0,0,0,0,0,0,0,0,0,0,0,0,0,0,0,0,0,0,0,0,0,0,0,0,0,0,0,0,0,0,0,Eukaryota,Archaeplastida,Chlorophyta,Chlorophyta_X,Trebouxiophyceae,Chlorellales,Chlorellales_X,Oocystella,Oocystella_oogama,Chlorophyta
ASV_725,0,0,0,0,0,0,0,0,0,0,0,0,0,0,0,0,0,0,0,0,170,0,0,0,0,0,0,238,0,0,0,0,0,0,0,0,0,0,0,0,0,0,0,0,0,Eukaryota,Archaeplastida,Chlorophyta,Chlorophyta_X,Chlorophyceae,Sphaeropleales,Sphaeropleales_X,Desmodesmus,Desmodesmus_pannonicus,Chlorophyta
ASV_726,0,0,0,0,0,0,0,0,0,0,0,0,0,0,0,0,0,0,0,0,0,0,0,0,0,0,0,0,0,0,0,0,0,0,0,0,381,27,0,0,0,0,0,0,0,Eukaryota,TSAR,Rhizaria,Cercozoa,Novel-clade-10-12,Tremulida,Tremulidae,Tremula,Tremula_longifila,Rhizaria
ASV_727,0,0,0,140,0,0,0,0,0,0,0,0,0,0,0,0,0,0,0,0,0,0,0,0,0,0,0,0,0,0,0,0,0,0,0,0,267,0,0,0,0,0,0,0,0,Eukaryota,TSAR,Stramenopiles,Bigyra,Bicoecea,Pseudodendromonadales,Pseudodendromonadales_X,Pseudodendromonadales_XX,Pseudodendromonadales_XX_sp.,Stramenopiles
ASV_728,0,0,0,0,0,0,0,0,0,0,0,0,0,0,0,0,93,0,14,20,254,0,0,0,0,26,0,0,0,0,0,0,0,0,0,0,0,0,0,0,0,0,0,0,0,Eukaryota,Obazoa,Opisthokonta,Fungi,Ascomycota,Pezizomycotina,Lecanoromycetes,NA,NA,Opisthokonta_Ascomycota
ASV_729,0,0,0,0,0,0,0,0,0,0,0,0,0,0,0,0,0,0,30,0,74,0,0,0,0,303,0,0,0,0,0,0,0,0,0,0,0,0,0,0,0,0,0,0,0,Eukaryota,Archaeplastida,Chlorophyta,Chlorophyta_X,Trebouxiophyceae,Prasiolales,Prasiolales_X,Koliella,Koliella_spiculiformis,Chlorophyta
ASV_730,0,0,0,0,0,0,0,0,0,0,0,0,0,0,0,0,0,0,0,0,255,0,0,0,0,0,0,151,0,0,0,0,0,0,0,0,0,0,0,0,0,0,0,0,0,Eukaryota,Archaeplastida,Chlorophyta,Chlorophyta_X,Chlorophyceae,Sphaeropleales,Sphaeropleales_X,Protodesmus,Protodesmus_globulifer,Chlorophyta
ASV_731,0,0,0,0,0,0,302,0,0,0,0,0,0,0,0,0,0,0,0,54,0,0,0,0,0,17,0,0,0,31,0,0,0,0,0,0,0,0,0,0,0,0,0,0,0,Eukaryota,TSAR,Rhizaria,Cercozoa,NA,NA,NA,NA,NA,Rhizaria
ASV_732,0,0,0,0,0,0,0,0,0,0,0,0,0,0,0,404,0,0,0,0,0,0,0,0,0,0,0,0,0,0,0,0,0,0,0,0,0,0,0,0,0,0,0,0,0,Eukaryota,Cryptista,Cryptophyta,Cryptophyta_X,Cryptophyceae,Cryptomonadales,Cryptomonadales_X,Cryptomonas,Cryptomonas_pyrenoidifera,Cryptophyta
ASV_733,0,0,0,0,0,0,0,0,0,0,0,0,0,0,0,308,0,0,93,0,0,0,0,0,0,0,0,0,0,0,0,0,0,0,0,0,0,0,0,0,0,0,0,0,0,Eukaryota,Archaeplastida,Chlorophyta,Chlorophyta_X,Chlorophyceae,Sphaeropleales,Sphaeropleales_X,Stauridium,Stauridium_privum,Chlorophyta
ASV_734,0,0,0,0,0,0,0,0,0,0,0,0,0,0,0,2,24,23,0,0,4,56,18,7,30,83,3,91,44,15,0,0,0,0,0,0,0,0,0,0,0,0,0,0,0,Eukaryota,Archaeplastida,Chlorophyta,Chlorophyta_X,Chlorophyceae,Sphaeropleales,Sphaeropleales_X,Desmodesmus,Desmodesmus_pannonicus,Chlorophyta
ASV_735,0,0,0,0,0,0,0,0,0,0,0,0,0,0,0,0,161,221,0,0,0,0,0,0,0,0,0,0,0,0,17,0,0,0,0,0,0,0,0,0,0,0,0,0,0,Eukaryota,TSAR,Stramenopiles,Gyrista,Dictyochophyceae,Dictyochophyceae_X,Pedinellales,Pseudopedinella,Pseudopedinella_sp.,Stramenopiles
ASV_736,0,0,0,27,0,0,0,0,0,0,51,0,0,0,0,0,56,34,0,0,0,0,0,0,0,0,0,0,0,0,0,0,0,230,0,0,0,0,0,0,0,0,0,0,0,Eukaryota,TSAR,Stramenopiles,Gyrista,Chrysophyceae,Chrysophyceae_env_clade-I,Chrysophyceae_env_clade-I_X,Chrysophyceae_env_clade-I_XX,Chrysophyceae_env_clade-I_XX_sp.,Stramenopiles
ASV_737,0,0,0,0,0,0,0,0,0,0,0,0,0,0,0,0,0,0,0,0,0,0,0,0,0,0,0,0,0,0,0,0,0,0,0,32,75,0,28,23,0,130,108,0,0,Eukaryota,Archaeplastida,Streptophyta,Streptophyta_X,Zygnemophyceae, Zygnemophyceae, ZygnemophyceaeX,Closterium,Closterium_gracile,Streptophyta
ASV_738,76,0,0,0,35,0,0,54,0,0,0,0,0,0,10,0,0,0,0,0,0,0,0,0,0,0,0,0,0,0,40,0,176,0,0,0,0,0,4,0,0,0,0,0,0,Eukaryota,Obazoa,Opisthokonta,Metazoa,Arthropoda,Crustacea,Maxillopoda,NA,NA,Opisthokonta_Arthropoda
ASV_739,0,0,0,0,0,0,0,0,0,0,0,0,0,0,0,0,0,0,0,0,269,0,0,125,0,0,0,0,0,0,0,0,0,0,0,0,0,0,0,0,0,0,0,0,0,Eukaryota,TSAR,Stramenopiles,Gyrista,Peronosporomycetes,Peronosporomycetes,NA,NA,NA,Stramenopiles
ASV_740,0,0,0,0,0,0,0,0,0,0,0,0,0,0,0,358,0,0,32,0,0,0,0,0,0,0,0,0,0,0,0,0,0,0,0,0,0,0,0,0,0,0,0,0,0,Eukaryota,Obazoa,Opisthokonta,Fungi,NA,NA,NA,NA,NA,Opisthokonta_Unclassified
ASV_741,0,0,0,0,0,0,0,0,0,0,0,0,0,0,0,0,67,0,20,0,237,0,0,0,0,66,0,0,0,0,0,0,0,0,0,0,0,0,0,0,0,0,0,0,0,Eukaryota,Obazoa,Opisthokonta,Fungi,Ascomycota,Pezizomycotina,NA,NA,NA,Opisthokonta_Ascomycota
ASV_742,0,0,0,0,0,0,0,0,0,0,5,0,0,0,0,384,0,0,0,0,0,0,0,0,0,0,0,0,0,0,0,0,0,0,0,0,0,0,0,0,0,0,0,0,0,Eukaryota,TSAR,Rhizaria,Cercozoa,Filosa-SarcomoNAdea,Glissomonadida,NA,NA,NA,Rhizaria
ASV_743,0,388,0,0,0,0,0,0,0,0,0,0,0,0,0,0,0,0,0,0,0,0,0,0,0,0,0,0,0,0,0,0,0,0,0,0,0,0,0,0,0,0,0,0,0,Eukaryota,Obazoa,Opisthokonta,Metazoa,Arthropoda,Crustacea,Ostracoda,Cypridopsis,Cypridopsis_japonica,Opisthokonta_Arthropoda
ASV_744,0,0,0,0,0,0,0,0,0,0,38,0,0,0,0,0,327,0,21,0,0,0,0,0,0,0,0,0,0,0,0,0,0,0,0,0,0,0,0,0,0,0,0,0,0,Eukaryota,TSAR,Stramenopiles,Gyrista,Peronosporomycetes,Peronosporomycetes,NA,NA,NA,Stramenopiles
ASV_745,0,0,0,19,270,0,0,0,0,9,0,0,0,0,0,0,0,0,0,0,0,0,0,0,0,0,0,0,0,0,18,0,0,69,0,0,0,0,0,0,0,0,0,0,0,Eukaryota,TSAR,Stramenopiles,Bigyra,Bicoecea,Pseudodendromonadales,Pseudodendromonadales_X,Pseudodendromonadales_XX,Pseudodendromonadales_XX_sp.,Stramenopiles
ASV_746,0,0,0,0,0,0,0,0,0,0,0,0,0,0,0,0,0,14,0,0,0,0,0,0,28,73,0,270,0,0,0,0,0,0,0,0,0,0,0,0,0,0,0,0,0,Eukaryota,Archaeplastida,Chlorophyta,Chlorophyta_X,Chlorophyceae,NA,NA,NA,NA,Chlorophyta
ASV_747,0,0,0,0,0,0,0,0,0,0,0,0,0,0,0,0,0,0,0,0,80,135,0,0,0,0,0,0,0,0,0,0,0,170,0,0,0,0,0,0,0,0,0,0,0,Eukaryota,TSAR,Stramenopiles,Bigyra,Bicoecea,Pseudodendromonadales,Pseudodendromonadales_X,Pseudodendromonadales_XX,Pseudodendromonadales_XX_sp.,Stramenopiles
ASV_748,0,0,0,0,24,0,0,0,0,0,0,0,0,0,0,0,0,0,0,0,0,0,0,0,0,0,0,0,0,0,0,0,0,0,0,16,196,118,7,5,0,9,9,0,0,Eukaryota,TSAR,Stramenopiles,Gyrista,NA,NA,NA,NA,NA,Stramenopiles
ASV_749,0,0,0,0,0,0,0,0,0,0,0,0,0,0,0,0,0,0,0,0,0,0,0,0,0,0,0,0,223,161,0,0,0,0,0,0,0,0,0,0,0,0,0,0,0,Eukaryota,Obazoa,Opisthokonta,Fungi,Chytridiomycota,Chytridiales,Chytridiaceae,Chytridium,Chytridium_polysiphoniae,Opisthokonta_Chytridiomycota
ASV_750,0,7,9,0,0,0,0,0,0,0,0,0,0,0,0,143,56,0,69,0,0,0,27,28,28,0,0,0,0,0,0,0,0,16,0,0,0,0,0,0,0,0,0,0,0,Eukaryota,TSAR,Rhizaria,Cercozoa,Filosa-SarcomoNAdea,Glissomonadida,Allapsidae,NA,NA,Rhizaria
ASV_751,0,0,0,0,0,0,0,0,0,0,0,0,0,0,0,71,35,0,277,0,0,0,0,0,0,0,0,0,0,0,0,0,0,0,0,0,0,0,0,0,0,0,0,0,0,Eukaryota,Obazoa,Opisthokonta,Fungi,Basidiomycota,NA,NA,NA,NA,Opisthokonta_Basidiomycota
ASV_752,0,0,0,0,0,0,0,0,0,0,0,0,0,0,0,0,0,0,0,0,0,0,0,0,132,70,0,181,0,0,0,0,0,0,0,0,0,0,0,0,0,0,0,0,0,Eukaryota,TSAR,Stramenopiles,Gyrista,Raphidophyceae,Raphidophyceae_X,Raphidophyceae_XX,NA,NA,Stramenopiles
ASV_753,0,0,0,0,0,0,0,0,0,0,0,0,0,0,0,0,0,0,0,0,115,0,0,0,0,0,0,0,0,0,267,0,0,0,0,0,0,0,0,0,0,0,0,0,0,Eukaryota,Archaeplastida,Streptophyta,Streptophyta_X,Zygnemophyceae, Zygnemophyceae, ZygnemophyceaeX,Cosmarium,Cosmarium_punctulatum,Streptophyta
ASV_754,0,0,0,0,0,0,0,0,0,0,0,0,0,0,0,0,0,0,0,196,0,0,185,0,0,0,0,0,0,0,0,0,0,0,0,0,0,0,0,0,0,0,0,0,0,Eukaryota,Haptista,Haptophyta,Haptophyta_X,Prymnesiophyceae,Prymnesiales,Chrysochromulinaceae,Chrysochromulina,NA,Haptophyta
ASV_755,0,214,92,74,0,0,0,0,0,0,0,0,0,0,0,0,0,0,0,0,0,0,0,0,0,0,0,0,0,0,0,0,0,0,0,0,0,0,0,0,0,0,0,0,0,Eukaryota,Obazoa,Opisthokonta,NA,NA,NA,NA,NA,NA,Opisthokonta_Unclassified
ASV_756,0,0,0,0,0,0,32,0,10,0,0,0,0,0,0,0,0,0,0,0,124,0,11,0,0,0,0,0,0,0,0,0,0,0,0,0,175,0,0,0,0,26,0,0,0,Eukaryota,Obazoa,Opisthokonta,Fungi,Chytridiomycota,Monoblepharidales,NA,NA,NA,Opisthokonta_Chytridiomycota
ASV_757,0,0,0,0,0,0,0,0,0,0,0,0,0,0,0,6,0,0,66,0,0,0,0,0,0,0,0,0,0,0,0,0,0,127,0,0,0,78,0,0,0,101,0,0,0,Eukaryota,TSAR,Stramenopiles,Gyrista,Chrysophyceae,Ochromonadales,Ochromonadaceae,Poterioochromonas,Poterioochromonas_stipitata,Stramenopiles
ASV_758,0,0,0,0,0,0,0,0,0,0,0,0,0,0,0,0,0,0,0,20,0,0,0,0,0,0,0,0,0,0,0,0,0,0,0,43,314,0,0,0,0,0,0,0,0,Eukaryota,Archaeplastida,Chlorophyta,Chlorophyta_X,Chlorophyceae,Chlamydomonadales,Chlamydomonadales_X,Chlorococcum,Chlorococcum_aquaticum,Chlorophyta
ASV_759,0,0,0,0,0,0,0,0,0,0,0,0,0,0,0,0,0,0,0,0,96,0,0,0,0,68,0,0,0,0,24,0,0,56,0,0,110,23,0,0,0,0,0,0,0,Eukaryota,TSAR,Rhizaria,Cercozoa,Filosa-SarcomoNAdea,Pansomonadida,Agitatidae,Agitatidae_X,Agitatidae_X_sp.,Rhizaria
ASV_760,0,0,0,0,0,22,354,0,0,0,0,0,0,0,0,0,0,0,0,0,0,0,0,0,0,0,0,0,0,0,0,0,0,0,0,0,0,0,0,0,0,0,0,0,0,Eukaryota,TSAR,Stramenopiles,Bigyra,Bicoecea,Pseudodendromonadales,Pseudodendromonadales_X,Pseudodendromonadales_XX,Pseudodendromonadales_XX_sp.,Stramenopiles
ASV_761,0,0,0,0,0,0,0,0,0,0,0,0,0,0,0,0,49,0,0,0,327,0,0,0,0,0,0,0,0,0,0,0,0,0,0,0,0,0,0,0,0,0,0,0,0,Eukaryota,Obazoa,Opisthokonta,Fungi,NA,NA,NA,NA,NA,Opisthokonta_Unclassified
ASV_762,0,0,0,42,0,0,0,0,0,0,0,0,0,0,0,0,0,0,119,161,0,0,0,0,0,0,0,0,0,30,0,0,0,22,0,0,0,0,0,0,0,0,0,0,0,Eukaryota,TSAR,Stramenopiles,Bigyra,Opalozoa,Opalozoa_X,MAST-12,MAST-12C,MAST-12C_sp.,Stramenopiles
ASV_763,0,0,0,0,0,0,0,0,0,0,0,0,0,0,0,0,0,0,54,63,0,0,0,0,56,201,0,0,0,0,0,0,0,0,0,0,0,0,0,0,0,0,0,0,0,Eukaryota,Archaeplastida,Chlorophyta,Chlorophyta_X,Trebouxiophyceae,Trebouxiophyceae_X,Trebouxiophyceae_XX,Botryococcus,Botryococcus_terribilis,Chlorophyta
ASV_764,0,0,0,0,0,0,0,0,0,0,0,0,0,0,0,155,0,0,0,0,218,0,0,0,0,0,0,0,0,0,0,0,0,0,0,0,0,0,0,0,0,0,0,0,0,Eukaryota,TSAR,Stramenopiles,Gyrista,Chrysophyceae,NA,NA,NA,NA,Stramenopiles
ASV_765,0,0,0,0,0,0,0,0,0,0,0,0,0,0,0,0,0,0,0,15,269,0,17,0,36,36,0,0,0,0,0,0,0,0,0,0,0,0,0,0,0,0,0,0,0,Eukaryota,Archaeplastida,Chlorophyta,Chlorophyta_X,Chlorophyceae,Chlorophyceae_X,Chlorophyceae_XX,Treubaria,NA,Chlorophyta
ASV_766,0,0,0,0,0,0,0,0,0,0,0,0,0,0,0,0,0,0,0,0,0,0,0,0,0,0,0,373,0,0,0,0,0,0,0,0,0,0,0,0,0,0,0,0,0,Eukaryota,Obazoa,Opisthokonta,Metazoa,Arthropoda,Crustacea,Maxillopoda,Eudiaptomus,Eudiaptomus_graciloides,Opisthokonta_Arthropoda
ASV_767,0,0,0,321,0,0,0,0,0,0,0,0,0,0,0,0,0,0,0,0,0,0,0,0,0,0,0,0,0,0,0,0,0,50,0,0,0,0,0,0,0,0,0,0,0,Eukaryota,TSAR,Stramenopiles,Bigyra,Bicoecea,Pseudodendromonadales,Pseudodendromonadales_X,Pseudodendromonadales_XX,Pseudodendromonadales_XX_sp.,Stramenopiles
ASV_768,0,0,0,0,0,0,0,0,0,0,0,0,0,0,0,0,0,0,0,0,0,0,0,0,0,0,0,0,370,0,0,0,0,0,0,0,0,0,0,0,0,0,0,0,0,Eukaryota,TSAR,Stramenopiles,Gyrista,Chrysophyceae,NA,NA,NA,NA,Stramenopiles
ASV_769,0,0,0,0,0,0,0,0,0,0,0,0,0,0,0,0,0,0,0,0,0,0,0,0,0,0,0,0,0,0,0,0,0,0,92,0,111,110,0,0,0,55,0,0,0,Eukaryota,Archaeplastida,Chlorophyta,Chlorophyta_X,Chlorophyceae,Sphaeropleales,Sphaeropleales_X,Raphidocelis,Raphidocelis_subcapitata,Chlorophyta
ASV_770,0,0,0,0,0,0,0,0,0,0,0,0,0,0,0,0,0,0,0,0,0,0,0,0,0,0,0,0,0,0,0,0,0,0,0,0,295,0,0,0,0,73,0,0,0,Eukaryota,TSAR,Stramenopiles,Bigyra,Bicoecea,Pseudodendromonadales,Pseudodendromonadales_X,Pseudodendromonadales_XX,Pseudodendromonadales_XX_sp.,Stramenopiles
ASV_771,0,0,0,0,0,0,0,0,0,0,0,0,0,0,0,367,0,0,0,0,0,0,0,0,0,0,0,0,0,0,0,0,0,0,0,0,0,0,0,0,0,0,0,0,0,Eukaryota,Cryptista,Cryptophyta,Cryptophyta_X,Cryptophyceae,Cryptomonadales,Cryptomonadales_X,Cryptomonas,Cryptomonas_pyrenoidifera,Cryptophyta
ASV_772,0,0,0,0,0,0,0,0,0,0,0,0,0,0,0,0,0,0,0,0,0,0,0,0,0,142,0,0,0,0,0,0,0,225,0,0,0,0,0,0,0,0,0,0,0,Eukaryota,TSAR,Stramenopiles,Gyrista,Chrysophyceae,Chrysophyceae_env_clade-I,Chrysophyceae_env_clade-I_X,Chrysophyceae_env_clade-I_XX,Chrysophyceae_env_clade-I_XX_sp.,Stramenopiles
ASV_773,0,0,0,0,0,0,0,0,0,0,0,0,0,0,0,0,0,0,0,0,0,0,0,0,0,0,0,0,366,0,0,0,0,0,0,0,0,0,0,0,0,0,0,0,0,Eukaryota,Obazoa,Opisthokonta,Metazoa,Gastrotricha,Gastrotricha_X,Gastrotricha_XX,Chaetonotus,NA,Opisthokonta_Gastrotricha
ASV_774,0,0,0,0,0,0,365,0,0,0,0,0,0,0,0,0,0,0,0,0,0,0,0,0,0,0,0,0,0,0,0,0,0,0,0,0,0,0,0,0,0,0,0,0,0,Eukaryota,Obazoa,Opisthokonta,Fungi,NA,NA,NA,NA,NA,Opisthokonta_Unclassified
ASV_775,0,0,0,0,0,0,0,0,0,0,0,0,0,0,0,231,98,36,0,0,0,0,0,0,0,0,0,0,0,0,0,0,0,0,0,0,0,0,0,0,0,0,0,0,0,Eukaryota,TSAR,Rhizaria,Cercozoa,Filosa-Thecofilosea,Filosa-Thecofilosea_X,Chlamydophryidae,Lecythium,Lecythium_hyalinum,Rhizaria
ASV_776,0,0,0,0,0,0,0,0,0,0,0,0,0,0,0,237,0,0,127,0,0,0,0,0,0,0,0,0,0,0,0,0,0,0,0,0,0,0,0,0,0,0,0,0,0,Eukaryota,Obazoa,Opisthokonta,Metazoa,Annelida,Annelida_X,Annelida_XX,Nais,Nais_communis,Opisthokonta_Annelida
ASV_777,0,0,0,0,0,0,0,0,0,0,0,0,0,0,0,0,0,0,0,55,231,13,38,0,0,27,0,0,0,0,0,0,0,0,0,0,0,0,0,0,0,0,0,0,0,Eukaryota,TSAR,Stramenopiles,Gyrista,Chrysophyceae,NA,NA,NA,NA,Stramenopiles
ASV_778,0,0,0,0,0,0,0,0,0,0,0,0,0,0,0,0,0,0,0,0,0,0,0,0,0,0,0,0,0,0,0,0,0,0,0,0,364,0,0,0,0,0,0,0,0,Eukaryota,Obazoa,Opisthokonta,Choanoflagellata,Choanoflagellatea,Craspedida,Monosigidae_Group_O,Monosigidae_Group_O_X,Monosigidae_Group_O_X_sp.,Opisthokonta_Choanoflagellatea
ASV_779,0,0,0,0,28,127,103,104,0,0,0,0,0,0,0,0,0,0,0,0,0,0,0,0,0,0,0,0,0,0,0,0,0,0,0,0,0,0,0,0,0,0,0,0,0,Eukaryota,Obazoa,Opisthokonta,Metazoa,Arthropoda,Crustacea,Ostracoda,Cypridopsis,Cypridopsis_adusta,Opisthokonta_Arthropoda
ASV_780,0,0,0,0,0,0,0,0,0,0,0,0,0,0,0,0,0,0,0,0,0,0,0,0,0,0,362,0,0,0,0,0,0,0,0,0,0,0,0,0,0,0,0,0,0,Eukaryota,Obazoa,Opisthokonta,Fungi,Ascomycota,Pezizomycotina,Eurotiomycetes,Penicillium,Penicillium_solitum,Opisthokonta_Ascomycota
ASV_781,0,0,0,0,0,0,0,0,0,0,0,0,0,0,0,0,0,0,0,232,0,0,129,0,0,0,0,0,0,0,0,0,0,0,0,0,0,0,0,0,0,0,0,0,0,Eukaryota,TSAR,Stramenopiles,Bigyra,Opalozoa,Opalozoa_X,MAST-12,MAST-12_X,MAST-12_X_sp.,Stramenopiles
ASV_782,0,0,0,0,0,0,0,0,0,0,0,0,0,0,0,0,0,0,27,0,0,0,6,0,6,0,0,0,321,0,0,0,0,0,0,0,0,0,0,0,0,0,0,0,0,Eukaryota,Obazoa,Opisthokonta,Fungi,Basidiomycota,Ustilaginomycotina,Exobasidiomycetes,Exobasidiomycetes_X,Exobasidiomycetes_X_sp.,Opisthokonta_Basidiomycota
ASV_783,0,0,0,0,0,0,0,0,0,0,0,0,0,0,0,0,0,0,0,0,0,0,0,0,0,0,0,0,0,0,134,0,0,225,0,0,0,0,0,0,0,0,0,0,0,Eukaryota,TSAR,Stramenopiles,Gyrista,Peronosporomycetes,Peronosporomycetes,Peronosporales,NA,NA,Stramenopiles
ASV_784,0,0,0,0,0,0,0,0,0,0,0,0,0,0,0,0,0,0,0,0,0,0,0,0,97,31,0,183,22,25,0,0,0,0,0,0,0,0,0,0,0,0,0,0,0,Eukaryota,Obazoa,Opisthokonta,Choanoflagellata,Choanoflagellatea,Craspedida,Salpingoecidae_Group_C1,Salpingoecidae_Group_C1_X,Salpingoecidae_Group_C1_X_sp.,Opisthokonta_Choanoflagellatea
ASV_785,0,0,0,0,0,0,0,0,0,0,0,0,0,0,0,0,0,0,0,0,0,0,0,0,0,0,0,0,0,0,18,0,0,340,0,0,0,0,0,0,0,0,0,0,0,Eukaryota,TSAR,Stramenopiles,Bigyra,Bicoecea,Pseudodendromonadales,Pseudodendromonadales_X,Paramonas,Paramonas_globosa,Stramenopiles
ASV_786,0,202,0,0,0,0,0,0,0,0,0,0,0,0,0,0,0,0,13,37,0,0,0,0,92,12,0,0,0,0,0,0,0,0,0,0,0,0,0,0,0,0,0,0,0,Eukaryota,Archaeplastida,Chlorophyta,Chlorophyta_X,Trebouxiophyceae,Trebouxiophyceae_X,Trebouxiophyceae_XX,Botryococcus,Botryococcus_terribilis,Chlorophyta
ASV_787,0,0,0,0,0,0,0,0,0,0,0,0,0,356,0,0,0,0,0,0,0,0,0,0,0,0,0,0,0,0,0,0,0,0,0,0,0,0,0,0,0,0,0,0,0,Eukaryota,Cryptista,Cryptophyta,Cryptophyta_X,Cryptophyceae,Cryptomonadales,Cryptomonadales_X,Cryptomonas,Cryptomonas_curvata,Cryptophyta
ASV_788,0,0,0,0,0,0,0,0,0,0,0,0,0,0,0,0,0,0,198,0,0,0,0,0,0,0,0,0,0,0,0,0,0,157,0,0,0,0,0,0,0,0,0,0,0,Eukaryota,TSAR,Stramenopiles,Gyrista,Chrysophyceae,NA,NA,NA,NA,Stramenopiles
ASV_789,0,0,0,0,0,0,0,0,0,0,0,0,0,0,0,0,0,0,0,231,0,0,123,0,0,0,0,0,0,0,0,0,0,0,0,0,0,0,0,0,0,0,0,0,0,Eukaryota,Cryptista,Cryptophyta,Cryptophyta_X,Cryptophyceae,Cryptomonadales,Cryptomonadales_X,Cryptomonas,Cryptomonas_vietnamica,Cryptophyta
ASV_790,16,32,0,304,0,0,0,0,0,0,0,0,0,0,0,0,0,0,0,0,0,0,0,0,0,0,0,0,0,0,0,0,0,0,0,0,0,0,0,0,0,0,0,0,0,NA,NA,NA,NA,NA,NA,NA,NA,NA,NA
ASV_791,0,0,0,0,0,0,0,0,0,0,0,0,0,0,0,120,0,31,0,0,0,0,107,0,0,0,0,0,0,0,0,0,0,0,10,0,0,84,0,0,0,0,0,0,0,Eukaryota,Cryptista,Cryptophyta,Cryptophyta_X,Cryptophyceae,Cryptomonadales,Cryptomonadales_X,Cryptomonas,Cryptomonas_pyrenoidifera,Cryptophyta
ASV_792,0,0,0,192,0,0,0,0,0,0,0,0,0,0,0,0,0,0,0,0,0,0,0,0,0,0,0,0,0,0,20,0,0,83,0,0,56,0,0,0,0,0,0,0,0,Eukaryota,TSAR,Stramenopiles,Bigyra,Bicoecea,Pseudodendromonadales,Pseudodendromonadales_X,Pseudodendromonadales_XX,Pseudodendromonadales_XX_sp.,Stramenopiles
ASV_793,0,0,0,0,0,0,0,0,0,0,0,0,0,0,0,0,51,0,151,0,48,0,0,0,0,0,0,0,0,0,72,0,0,29,0,0,0,0,0,0,0,0,0,0,0,Eukaryota,TSAR,Stramenopiles,Gyrista,Bacillariophyceae,Cymbellales,Gomphonemataceae,Gomphonema,Gomphonema_affine,Stramenopiles
ASV_794,0,0,0,0,0,0,0,0,0,0,0,0,0,0,0,0,0,0,0,0,286,23,19,0,0,23,0,0,0,0,0,0,0,0,0,0,0,0,0,0,0,0,0,0,0,Eukaryota,Obazoa,Opisthokonta,Fungi,Chytridiomycota,NA,NA,NA,NA,Opisthokonta_Chytridiomycota
ASV_795,0,0,0,0,0,0,0,0,0,0,0,0,0,0,0,0,0,0,0,0,325,24,0,0,0,0,0,0,0,0,0,0,0,0,0,0,0,0,0,0,0,0,0,0,0,Eukaryota,Obazoa,Opisthokonta,Fungi,NA,NA,NA,NA,NA,Opisthokonta_Unclassified
ASV_796,0,43,174,0,0,0,74,0,0,0,0,0,57,0,0,0,0,0,0,0,0,0,0,0,0,0,0,0,0,0,0,0,0,0,0,0,0,0,0,0,0,0,0,0,0,Eukaryota,TSAR,Stramenopiles,Gyrista,Peronosporomycetes,Peronosporomycetes,Peronosporales,NA,NA,Stramenopiles
ASV_797,0,0,0,126,0,0,0,0,0,0,0,0,0,0,0,0,0,0,0,0,0,0,0,0,0,0,0,0,0,0,0,0,0,221,0,0,0,0,0,0,0,0,0,0,0,Eukaryota,TSAR,Stramenopiles,Bigyra,Bicoecea,Pseudodendromonadales,Pseudodendromonadales_X,Pseudodendromonadales_XX,Pseudodendromonadales_XX_sp.,Stramenopiles
ASV_798,0,0,0,0,0,0,0,0,0,0,0,0,0,0,0,0,13,30,0,0,0,0,0,0,131,78,0,0,95,0,0,0,0,0,0,0,0,0,0,0,0,0,0,0,0,Eukaryota,TSAR,Stramenopiles,Bigyra,Opalozoa,Nanomonadea,MAST-3,MAST-3J,MAST-3J_sp.,Stramenopiles
ASV_799,0,0,0,0,0,12,35,0,0,0,0,0,0,0,0,0,0,0,137,0,0,0,0,0,162,0,0,0,0,0,0,0,0,0,0,0,0,0,0,0,0,0,0,0,0,Eukaryota,Obazoa,Opisthokonta,Choanoflagellata,Choanoflagellatea,Craspedida,Monosigidae_Group_A,Codosiga,Codosiga_botrytis,Opisthokonta_Choanoflagellatea
ASV_800,0,0,0,0,0,0,14,0,0,0,0,0,0,0,0,0,0,0,0,0,0,0,63,0,0,103,0,0,165,0,0,0,0,0,0,0,0,0,0,0,0,0,0,0,0,Eukaryota,Obazoa,Opisthokonta,Fungi,Basidiomycota,Agaricomycotina,Agaricomycetes,NA,NA,Opisthokonta_Basidiomycota
ASV_801,0,0,0,0,0,0,0,0,0,0,0,0,0,0,0,0,0,0,0,0,98,0,0,0,0,0,247,0,0,0,0,0,0,0,0,0,0,0,0,0,0,0,0,0,0,Eukaryota,Archaeplastida,Chlorophyta,Chlorophyta_X,Chlorophyceae,Chlamydomonadales,Chlamydomonadales_X,Carteria,Carteria_lunzensis,Chlorophyta
ASV_802,0,0,0,0,51,40,177,0,0,0,0,0,0,0,0,0,0,0,0,20,0,0,14,0,0,0,0,0,0,0,0,0,0,0,3,0,23,0,0,16,0,0,0,0,0,Eukaryota,Obazoa,Opisthokonta,Fungi,NA,NA,NA,NA,NA,Opisthokonta_Unclassified
ASV_803,0,0,0,0,0,0,0,0,0,0,0,0,0,0,0,0,153,0,25,0,0,0,0,0,0,166,0,0,0,0,0,0,0,0,0,0,0,0,0,0,0,0,0,0,0,Eukaryota,Archaeplastida,Chlorophyta,Chlorophyta_X,Trebouxiophyceae,Watanabea-Clade,Watanabea-Clade_X,Chloroidium,Chloroidium_saccharophila,Chlorophyta
ASV_804,0,0,0,0,0,0,0,0,0,0,0,0,0,0,0,0,0,0,0,0,344,0,0,0,0,0,0,0,0,0,0,0,0,0,0,0,0,0,0,0,0,0,0,0,0,Eukaryota,Obazoa,Opisthokonta,Fungi,Chytridiomycota,Rhizophydiales,Rhizophydiales_X,Rhizophydiales_XX,Rhizophydiales_XX_sp.,Opisthokonta_Chytridiomycota
ASV_805,0,0,0,0,0,0,56,0,0,0,0,0,0,0,0,0,0,0,27,0,0,0,0,0,0,0,0,244,0,15,0,0,0,0,0,0,0,0,0,0,0,0,0,0,0,Eukaryota,Obazoa,Opisthokonta,Choanoflagellata,Choanoflagellatea,Craspedida,NA,NA,NA,Opisthokonta_Choanoflagellatea
ASV_806,0,0,0,0,29,0,0,0,0,0,0,0,29,0,0,0,126,0,119,0,0,4,14,1,8,4,0,0,0,7,0,0,0,0,0,0,0,0,0,0,0,0,0,0,0,Eukaryota,Archaeplastida,Chlorophyta,Chlorophyta_X,Chlorophyceae,Chlamydomonadales,Chlamydomonadales_X,Gonium,Gonium_pectorale,Chlorophyta
ASV_807,0,0,0,0,0,0,0,0,0,0,0,0,0,0,0,0,13,0,328,0,0,0,0,0,0,0,0,0,0,0,0,0,0,0,0,0,0,0,0,0,0,0,0,0,0,Eukaryota,Obazoa,Opisthokonta,Fungi,Chytridiomycota,NA,NA,NA,NA,Opisthokonta_Chytridiomycota
ASV_808,0,0,0,0,0,0,0,0,0,0,0,0,0,0,0,0,0,0,0,36,0,0,0,0,0,0,0,0,0,0,0,0,0,0,0,0,0,0,0,0,301,0,0,0,0,Eukaryota,Obazoa,Opisthokonta,Fungi,Ascomycota,Pezizomycotina,Dothideomycetes,Phaeosphaeria,Phaeosphaeria_avenaria,Opisthokonta_Ascomycota
ASV_809,0,0,0,0,0,0,0,0,0,0,0,0,0,0,0,0,0,0,0,0,169,31,14,20,78,25,0,0,0,0,0,0,0,0,0,0,0,0,0,0,0,0,0,0,0,Eukaryota,Obazoa,Opisthokonta,Fungi,Monoblepharomycota,Sanchytriales,Sanchytriaceae,Sanchytrium,Sanchytrium_tribonematis,Opisthokonta_Monoblepharomycota
ASV_810,0,0,0,0,0,0,0,0,0,0,0,0,0,0,0,0,0,0,0,0,0,0,0,0,0,0,0,0,0,0,251,0,0,86,0,0,0,0,0,0,0,0,0,0,0,Eukaryota,Archaeplastida,Chlorophyta,Chlorophyta_X,Chlorophyceae,Chlamydomonadales,Chlamydomonadales_X,NA,NA,Chlorophyta
ASV_811,0,0,0,0,0,0,0,0,0,0,0,0,0,0,0,108,0,0,228,0,0,0,0,0,0,0,0,0,0,0,0,0,0,0,0,0,0,0,0,0,0,0,0,0,0,Eukaryota,TSAR,Stramenopiles,Gyrista,Mediophyceae,Thalassiosirales,Stephanodiscaceae,Cyclotella,Cyclotella_bodanica,Stramenopiles
ASV_812,0,0,0,0,0,0,0,0,0,0,0,0,0,0,0,0,82,31,67,0,0,0,134,0,0,0,0,0,22,0,0,0,0,0,0,0,0,0,0,0,0,0,0,0,0,Eukaryota,Archaeplastida,Chlorophyta,Chlorophyta_X,Trebouxiophyceae,Trebouxiophyceae_X,Trebouxiophyceae_XX,Botryococcus,Botryococcus_terribilis,Chlorophyta
ASV_813,0,0,0,0,196,0,0,0,0,0,0,0,0,0,0,0,139,0,0,0,0,0,0,0,0,0,0,0,0,0,0,0,0,0,0,0,0,0,0,0,0,0,0,0,0,Eukaryota,Obazoa,Opisthokonta,Metazoa,Arthropoda,Hexapoda,Collembola,NA,NA,Opisthokonta_Arthropoda
ASV_814,0,0,0,0,0,0,22,0,0,5,136,0,0,0,67,0,0,0,0,0,0,0,0,33,0,71,0,0,0,0,0,0,0,0,0,0,0,0,0,0,0,0,0,0,0,Eukaryota,Obazoa,Opisthokonta,Fungi,Basidiomycota,Ustilaginomycotina,Ustilaginomycetes,Urocystis,Urocystis_colchici,Opisthokonta_Basidiomycota
ASV_815,0,0,0,0,0,0,0,0,0,0,0,0,0,0,0,0,0,0,143,0,0,0,0,0,0,0,0,0,0,0,0,0,0,191,0,0,0,0,0,0,0,0,0,0,0,Eukaryota,Obazoa,Opisthokonta,Metazoa,Gastrotricha,Gastrotricha_X,Gastrotricha_XX,Chaetonotus,Chaetonotus_hystrix,Opisthokonta_Gastrotricha
ASV_816,79,173,0,0,0,0,0,0,0,0,0,0,0,0,0,0,0,0,0,0,0,0,0,0,0,0,0,0,0,0,0,0,0,0,71,0,0,10,0,0,0,0,0,0,0,Eukaryota,Obazoa,Opisthokonta,Metazoa,Arthropoda,Crustacea,Branchiopoda,Bosmina,Bosmina_longirostris,Opisthokonta_Arthropoda
ASV_817,0,0,0,0,0,0,0,0,0,0,0,0,0,0,0,0,0,0,0,0,0,0,0,0,0,0,0,0,0,0,0,0,0,0,0,0,295,0,38,0,0,0,0,0,0,Eukaryota,Obazoa,Opisthokonta,Metazoa,Arthropoda,Crustacea,Ostracoda,Cypridopsis,Cypridopsis_japonica,Opisthokonta_Arthropoda
ASV_818,0,0,0,0,0,0,0,0,0,0,0,0,0,0,0,0,0,0,0,0,219,0,0,0,0,0,0,0,0,0,0,0,0,0,0,0,77,0,0,13,0,0,22,0,0,Eukaryota,TSAR,Stramenopiles,Gyrista,Chrysophyceae,Paraphysomonadales,Paraphysomonadaceae,Paraphysomonas,Paraphysomonas_vulgaris,Stramenopiles
ASV_819,0,0,0,0,0,0,0,0,0,0,0,0,0,0,0,0,0,0,0,0,0,0,0,0,0,0,0,0,0,0,272,0,0,59,0,0,0,0,0,0,0,0,0,0,0,Eukaryota,Archaeplastida,Chlorophyta,Chlorophyta_X,Chlorophyceae,Chlamydomonadales,Chlamydomonadales_X,Pandorina,Pandorina_colemaniae,Chlorophyta
ASV_820,0,0,0,0,0,0,0,0,0,0,0,0,0,0,0,0,0,0,0,0,79,30,31,14,21,115,0,0,0,0,0,0,0,0,0,0,20,0,7,0,0,13,0,0,0,Eukaryota,TSAR,Rhizaria,Cercozoa,Filosa-SarcomoNAdea,Cercomonadida,Paracercomonadidae,Paracercomonas,Paracercomonas_crassicauda,Rhizaria
ASV_821,0,0,0,0,0,0,236,66,0,0,0,0,0,0,0,0,0,0,0,0,0,0,0,0,0,0,0,0,0,0,0,0,0,0,17,0,0,0,0,0,10,0,0,0,0,Eukaryota,Obazoa,Opisthokonta,Metazoa,Platyhelminthes,Turbellaria,Catenulida,Stenostomum,Stenostomum_leucops,Opisthokonta_Platyhelminthes
ASV_822,0,0,0,0,0,0,0,0,0,0,0,0,0,0,0,0,0,329,0,0,0,0,0,0,0,0,0,0,0,0,0,0,0,0,0,0,0,0,0,0,0,0,0,0,0,Eukaryota,Obazoa,Opisthokonta,Metazoa,Arthropoda,Crustacea,Ostracoda,Darwinula,Darwinula_stevensoni,Opisthokonta_Arthropoda
ASV_823,0,0,0,0,0,0,0,0,0,0,0,0,0,0,0,0,0,0,0,0,0,0,0,0,0,0,0,0,0,0,0,15,12,302,0,0,0,0,0,0,0,0,0,0,0,Eukaryota,Obazoa,Opisthokonta,Fungi,Chytridiomycota,NA,NA,NA,NA,Opisthokonta_Chytridiomycota
ASV_824,0,0,0,0,66,48,84,32,0,0,0,0,0,0,0,0,0,0,97,0,0,0,0,0,0,0,0,0,0,0,0,0,0,0,0,0,0,0,0,0,0,0,0,0,0,Eukaryota,Obazoa,Opisthokonta,Fungi,NA,NA,NA,NA,NA,Opisthokonta_Unclassified
ASV_825,0,0,0,0,0,0,0,0,0,0,0,0,0,0,0,0,8,51,0,0,0,0,0,0,36,0,225,0,0,7,0,0,0,0,0,0,0,0,0,0,0,0,0,0,0,Eukaryota,TSAR,Rhizaria,Cercozoa,Novel-clade-10-12,Novel-clade-10,Novel-clade-10_X,Novel-clade-10_XX,Novel-clade-10_XX_sp.,Rhizaria
ASV_826,0,0,0,0,0,0,0,0,0,0,0,0,0,0,0,0,0,25,95,0,0,0,0,0,0,40,0,0,0,0,70,0,0,97,0,0,0,0,0,0,0,0,0,0,0,Eukaryota,TSAR,Stramenopiles,Bigyra,Bicoecea,Pseudodendromonadales,Pseudodendromonadales_X,Pseudodendromonadales_XX,Pseudodendromonadales_XX_sp.,Stramenopiles
ASV_827,0,0,0,0,0,0,0,0,0,0,0,0,0,0,0,0,0,0,0,0,0,13,0,29,125,82,0,0,4,31,19,0,0,0,0,0,0,24,0,0,0,0,0,0,0,Eukaryota,Archaeplastida,Chlorophyta,Chlorophyta_X,Chlorophyceae,Chlamydomonadales,Chlamydomonadales_X,NA,NA,Chlorophyta
ASV_828,0,0,0,0,0,0,0,0,0,0,0,0,0,0,0,0,0,0,0,0,0,0,0,0,48,0,0,0,0,0,0,28,0,0,0,0,190,0,0,0,0,60,0,0,0,Eukaryota,TSAR,Rhizaria,Cercozoa,Filosa-SarcomoNAdea,Pansomonadida,Agitatidae,Agitatidae_X,Agitatidae_X_sp.,Rhizaria
ASV_829,0,0,0,0,0,0,0,0,0,0,0,0,0,0,0,45,0,0,0,0,0,0,0,0,0,0,0,0,250,30,0,0,0,0,0,0,0,0,0,0,0,0,0,0,0,Eukaryota,Archaeplastida,Chlorophyta,Chlorophyta_X,Trebouxiophyceae,Chlorellales,Chlorellales_X,Oocystella,Oocystella_oogama,Chlorophyta
ASV_830,0,0,0,0,0,0,0,0,0,0,0,0,0,0,0,0,0,0,0,0,0,0,0,0,0,0,0,0,0,0,0,16,0,309,0,0,0,0,0,0,0,0,0,0,0,Eukaryota,TSAR,Stramenopiles,Bigyra,Bicoecea,Pseudodendromonadales,Pseudodendromonadales_X,Pseudodendromonadales_XX,Pseudodendromonadales_XX_sp.,Stramenopiles
ASV_831,0,85,239,0,0,0,0,0,0,0,0,0,0,0,0,0,0,0,0,0,0,0,0,0,0,0,0,0,0,0,0,0,0,0,0,0,0,0,0,0,0,0,0,0,0,Eukaryota,Obazoa,Opisthokonta,Metazoa,Arthropoda,Crustacea,Ostracoda,Cypridopsis,Cypridopsis_japonica,Opisthokonta_Arthropoda
ASV_832,0,0,0,0,36,30,233,0,0,0,0,0,0,25,0,0,0,0,0,0,0,0,0,0,0,0,0,0,0,0,0,0,0,0,0,0,0,0,0,0,0,0,0,0,0,Eukaryota,TSAR,Stramenopiles,Gyrista,Peronosporomycetes,Peronosporomycetes,Peronosporales,Peronosporales_X,Peronosporales_X_sp.,Stramenopiles
ASV_833,0,0,0,0,0,0,0,0,0,0,0,0,0,0,0,0,0,0,0,0,0,0,0,0,0,0,0,0,0,0,0,0,0,65,0,0,259,0,0,0,0,0,0,0,0,Eukaryota,Obazoa,Opisthokonta,Fungi,NA,NA,NA,NA,NA,Opisthokonta_Unclassified
ASV_834,0,0,0,0,0,0,0,0,0,0,0,0,0,0,0,0,0,0,0,0,323,0,0,0,0,0,0,0,0,0,0,0,0,0,0,0,0,0,0,0,0,0,0,0,0,Eukaryota,Obazoa,Opisthokonta,Fungi,NA,NA,NA,NA,NA,Opisthokonta_Unclassified
ASV_835,0,0,81,117,0,0,0,0,0,16,0,0,0,0,0,0,0,0,0,0,0,0,0,0,0,0,0,0,0,0,0,0,0,0,0,0,0,92,0,0,0,16,0,0,0,Eukaryota,TSAR,Stramenopiles,Gyrista,Synchromophyceae,Synchromophyceae_X,Synchromophyceae_XX,Synchromophyceae_XXX,Synchromophyceae_XXX_sp.,Stramenopiles
ASV_836,0,0,0,0,0,0,0,0,0,0,0,0,0,0,0,0,0,0,0,93,0,0,229,0,0,0,0,0,0,0,0,0,0,0,0,0,0,0,0,0,0,0,0,0,0,Eukaryota,TSAR,Stramenopiles,Gyrista,Peronosporomycetes,Peronosporomycetes,NA,NA,NA,Stramenopiles
ASV_837,0,0,0,0,0,34,0,14,0,0,0,0,0,0,0,0,0,0,0,0,0,0,0,0,0,0,0,0,0,0,0,0,0,0,0,0,246,0,0,0,0,27,0,0,0,Eukaryota,TSAR,Stramenopiles,Gyrista,Chrysophyceae,Ochromonadales,Ochromonadales_clade-XII,Ochromonadales_clade-XII_X,Ochromonadales_clade-XII_X_sp.,Stramenopiles
ASV_838,0,0,21,0,0,9,0,0,0,0,0,0,0,0,0,0,0,0,0,0,0,0,0,110,0,180,0,0,0,0,0,0,0,0,0,0,0,0,0,0,0,0,0,0,0,Eukaryota,Obazoa,Opisthokonta,Fungi,Ascomycota,Pezizomycotina,Sordariomycetes,NA,NA,Opisthokonta_Ascomycota
ASV_839,0,0,0,14,0,0,0,0,35,18,0,0,0,0,0,0,0,0,0,42,0,48,45,0,0,118,0,0,0,0,0,0,0,0,0,0,0,0,0,0,0,0,0,0,0,Eukaryota,Obazoa,Opisthokonta,Fungi,Basidiomycota,Agaricomycotina,Agaricomycetes,NA,NA,Opisthokonta_Basidiomycota
ASV_840,0,0,0,0,0,0,0,0,0,0,0,0,0,0,0,0,0,0,0,0,0,0,0,0,0,0,0,0,0,0,23,0,0,0,0,23,0,218,36,0,0,20,0,0,0,Eukaryota,Archaeplastida,Chlorophyta,Chlorophyta_X,Chlorophyceae,Chlamydomonadales,Chlamydomonadales_X,Hafniomonas,Hafniomonas_reticulata,Chlorophyta
ASV_841,0,7,0,0,0,0,0,0,0,292,0,0,0,0,0,0,0,0,0,0,0,0,0,0,0,0,0,0,0,19,0,0,0,0,0,0,0,0,0,0,0,0,0,0,0,Eukaryota,Archaeplastida,Streptophyta,Streptophyta_X,Embryophyceae,Embryophyceae_X,Embryophyceae_XX,Brachypodium,Brachypodium_distachyon,Streptophyta
ASV_842,0,0,0,7,0,0,0,0,0,0,0,0,0,0,0,0,127,0,0,0,0,0,0,0,0,0,0,0,0,0,143,21,0,20,0,0,0,0,0,0,0,0,0,0,0,Eukaryota,Obazoa,Opisthokonta,Choanoflagellata,Choanoflagellatea,Choanoflagellatea_X,Choanoflagellatea_XX_Group_P,Choanoflagellatea_XXX_Group_P_X,Choanoflagellatea_XXX_Group_P_X_sp.,Opisthokonta_Choanoflagellatea
ASV_843,0,0,0,0,0,0,0,0,0,0,0,0,0,0,0,0,0,0,0,0,0,0,0,0,0,0,0,318,0,0,0,0,0,0,0,0,0,0,0,0,0,0,0,0,0,Eukaryota,Obazoa,Opisthokonta,NA,NA,NA,NA,NA,NA,Opisthokonta_Unclassified
ASV_844,0,0,0,0,85,0,0,232,0,0,0,0,0,0,0,0,0,0,0,0,0,0,0,0,0,0,0,0,0,0,0,0,0,0,0,0,0,0,0,0,0,0,0,0,0,Eukaryota,TSAR,Stramenopiles,Gyrista,Eustigmatophyceae,Eustigmatophyceae_X,Eustigmatophyceae_XX,Characiopsis,NA,Stramenopiles
ASV_845,0,0,0,0,0,0,0,0,0,0,0,0,0,0,0,178,0,0,139,0,0,0,0,0,0,0,0,0,0,0,0,0,0,0,0,0,0,0,0,0,0,0,0,0,0,Eukaryota,Obazoa,Opisthokonta,Fungi,NA,NA,NA,NA,NA,Opisthokonta_Unclassified
ASV_846,0,0,0,0,0,0,0,0,0,0,0,0,0,0,0,0,263,0,0,0,0,0,0,0,0,0,0,0,0,0,53,0,0,0,0,0,0,0,0,0,0,0,0,0,0,Eukaryota,Obazoa,Opisthokonta,Metazoa,Arthropoda,Crustacea,Maxillopoda,Eucyclops,Eucyclops_serrulatus,Opisthokonta_Arthropoda
ASV_847,0,0,0,0,0,0,0,0,0,0,0,0,0,0,0,0,0,316,0,0,0,0,0,0,0,0,0,0,0,0,0,0,0,0,0,0,0,0,0,0,0,0,0,0,0,Eukaryota,Obazoa,Opisthokonta,Metazoa,Arthropoda,Crustacea,Ostracoda,Darwinula,Darwinula_stevensoni,Opisthokonta_Arthropoda
ASV_848,0,0,0,0,0,0,0,0,0,0,0,0,0,0,0,0,0,0,0,0,0,0,0,19,47,250,0,0,0,0,0,0,0,0,0,0,0,0,0,0,0,0,0,0,0,Eukaryota,TSAR,Stramenopiles,Bigyra,Bicoecea,Pseudodendromonadales,Pseudodendromonadales_X,Pseudodendromonadales_XX,Pseudodendromonadales_XX_sp.,Stramenopiles
ASV_849,0,0,0,0,0,0,0,0,0,0,0,0,0,0,0,0,0,0,0,0,0,0,0,0,0,0,0,0,0,0,0,0,0,0,0,0,314,0,0,0,0,0,0,0,0,Eukaryota,TSAR,Rhizaria,Cercozoa,Novel-clade-10-12,Novel-clade-10,Novel-clade-10_X,Novel-clade-10_XX,Novel-clade-10_XX_sp.,Rhizaria
ASV_850,0,0,0,0,0,0,0,0,0,0,0,0,0,0,0,0,0,0,0,0,0,0,0,0,0,0,0,0,0,0,0,0,0,0,0,0,66,0,235,0,13,0,0,0,0,Eukaryota,Obazoa,Opisthokonta,Fungi,Chytridiomycota,Chytridiales,NA,NA,NA,Opisthokonta_Chytridiomycota
ASV_851,0,0,0,0,0,0,0,0,0,0,0,0,0,0,0,0,0,0,43,0,3,36,131,0,68,31,0,0,0,0,0,0,0,0,0,0,0,0,0,0,0,0,0,0,0,Eukaryota,Obazoa,Opisthokonta,Fungi,Chytridiomycota,Cladochytriales,Cladochytriaceae,Cladochytrium,Cladochytrium_replicatum,Opisthokonta_Chytridiomycota
ASV_852,0,0,0,0,0,0,0,0,0,0,0,0,0,0,0,0,0,0,9,0,0,0,0,0,0,0,0,0,0,0,0,0,0,9,0,0,289,4,0,0,0,0,0,0,0,Eukaryota,Obazoa,Opisthokonta,Fungi,Chytridiomycota,Neocallimastigales,Neocallimastigaceae,NA,NA,Opisthokonta_Chytridiomycota
ASV_853,0,0,0,0,0,0,0,0,0,0,0,0,0,0,0,0,0,0,0,0,311,0,0,0,0,0,0,0,0,0,0,0,0,0,0,0,0,0,0,0,0,0,0,0,0,Eukaryota,TSAR,Stramenopiles,Gyrista,Eustigmatophyceae,Eustigmatophyceae_X,Eustigmatophyceae_XX,Vacuoliviride,Vacuoliviride_crystalliferum,Stramenopiles
ASV_854,0,0,0,0,0,0,0,0,0,0,0,0,0,0,0,0,0,0,0,0,0,0,0,0,0,0,0,0,0,0,0,0,0,310,0,0,0,0,0,0,0,0,0,0,0,Eukaryota,Archaeplastida,Chlorophyta,Chlorophyta_X,Chlorophyceae,Sphaeropleales,Sphaeropleales_X,Atractomorpha,Atractomorpha_echinata,Chlorophyta
ASV_855,0,0,0,0,0,0,0,0,0,0,0,0,0,0,0,0,0,0,0,0,0,0,0,0,0,0,0,0,0,0,0,0,0,0,0,0,179,0,0,0,0,131,0,0,0,Eukaryota,Obazoa,Opisthokonta,Fungi,Monoblepharomycota,Sanchytriales,Sanchytriaceae,Sanchytrium,Sanchytrium_tribonematis,Opisthokonta_Monoblepharomycota
ASV_856,0,0,0,0,0,0,0,0,0,0,0,0,0,0,0,0,0,0,0,0,0,0,0,0,0,0,0,0,0,0,0,0,0,0,0,0,290,0,0,0,0,19,0,0,0,Eukaryota,NA,NA,NA,NA,NA,NA,NA,NA,NA
ASV_857,0,79,229,0,0,0,0,0,0,0,0,0,0,0,0,0,0,0,0,0,0,0,0,0,0,0,0,0,0,0,0,0,0,0,0,0,0,0,0,0,0,0,0,0,0,Eukaryota,Obazoa,Opisthokonta,Fungi,NA,NA,NA,NA,NA,Opisthokonta_Unclassified
ASV_858,0,0,0,0,0,0,0,0,0,0,0,0,0,0,0,308,0,0,0,0,0,0,0,0,0,0,0,0,0,0,0,0,0,0,0,0,0,0,0,0,0,0,0,0,0,Eukaryota,Archaeplastida,Chlorophyta,Chlorophyta_X,Chlorophyceae,Sphaeropleales,Sphaeropleales_X,Pseudomuriella,Pseudomuriella_engadinensis,Chlorophyta
ASV_859,0,0,0,0,0,0,0,0,0,0,0,0,0,0,0,0,0,0,0,197,0,0,0,0,0,0,0,0,111,0,0,0,0,0,0,0,0,0,0,0,0,0,0,0,0,Eukaryota,Obazoa,Opisthokonta,Fungi,Rozellomycota,Rozellomycota_X,Rozellomycota_XX,Rozella,Rozella_allomycis,Opisthokonta_Rozellomycota
ASV_860,0,0,0,0,0,0,0,0,0,0,0,0,0,0,0,0,0,0,0,0,0,0,0,61,83,164,0,0,0,0,0,0,0,0,0,0,0,0,0,0,0,0,0,0,0,Eukaryota,TSAR,Stramenopiles,Gyrista,Dictyochophyceae,Dictyochophyceae_X,Pedinellales,Pseudopedinella,Pseudopedinella_sp.,Stramenopiles
ASV_861,0,0,0,0,0,0,0,0,0,0,0,0,0,0,0,0,0,0,0,0,0,0,0,0,306,0,0,0,0,0,0,0,0,0,0,0,0,0,0,0,0,0,0,0,0,Eukaryota,Obazoa,Opisthokonta,Fungi,Chytridiomycota,Rhizophydiales,Rhizophydiales_X,Rhizophydiales_XX,Rhizophydiales_XX_sp.,Opisthokonta_Chytridiomycota
ASV_862,0,68,0,0,82,0,0,0,0,0,0,0,0,0,0,0,0,0,0,0,0,0,0,0,0,0,0,0,0,0,0,0,0,0,0,0,0,155,0,0,0,0,0,0,0,Eukaryota,TSAR,Stramenopiles,Bigyra,Bicoecea,Pseudodendromonadales,Pseudodendromonadales_X,Pseudodendromonadales_XX,Pseudodendromonadales_XX_sp.,Stramenopiles
ASV_863,0,0,0,0,0,0,0,0,0,0,0,0,0,0,0,304,0,0,0,0,0,0,0,0,0,0,0,0,0,0,0,0,0,0,0,0,0,0,0,0,0,0,0,0,0,Eukaryota,TSAR,Stramenopiles,Gyrista,Peronosporomycetes,Peronosporomycetes,Peronosporales,NA,NA,Stramenopiles
ASV_864,0,47,22,0,0,0,0,0,0,0,0,0,0,0,0,0,0,0,0,0,0,0,0,0,0,0,0,0,0,0,32,0,0,202,0,0,0,0,0,0,0,0,0,0,0,Eukaryota,Obazoa,Opisthokonta,Fungi,NA,NA,NA,NA,NA,Opisthokonta_Unclassified
ASV_865,0,0,0,0,0,0,0,0,0,0,0,0,0,0,0,0,0,0,0,0,303,0,0,0,0,0,0,0,0,0,0,0,0,0,0,0,0,0,0,0,0,0,0,0,0,Eukaryota,TSAR,Stramenopiles,Gyrista,Chrysophyceae,NA,NA,NA,NA,Stramenopiles
ASV_866,0,0,0,0,0,0,0,0,0,0,0,0,0,0,0,0,0,0,0,0,303,0,0,0,0,0,0,0,0,0,0,0,0,0,0,0,0,0,0,0,0,0,0,0,0,Eukaryota,TSAR,Stramenopiles,Gyrista,Chrysophyceae,NA,NA,NA,NA,Stramenopiles
ASV_867,0,0,0,0,0,0,0,0,0,0,0,0,0,0,0,0,0,0,0,0,0,0,0,0,0,0,0,0,130,173,0,0,0,0,0,0,0,0,0,0,0,0,0,0,0,Eukaryota,Obazoa,Opisthokonta,NA,NA,NA,NA,NA,NA,Opisthokonta_Unclassified
ASV_868,0,0,0,132,98,0,34,37,0,0,0,0,0,0,0,0,0,0,0,0,0,0,0,0,0,0,0,0,0,0,0,0,0,0,0,0,0,0,0,0,0,0,0,0,0,Eukaryota,Obazoa,Opisthokonta,Fungi,Chytridiomycota,Spizellomycetales,NA,NA,NA,Opisthokonta_Chytridiomycota
ASV_869,0,0,0,0,0,0,83,0,0,0,0,0,0,0,2,0,0,0,0,0,0,0,0,10,42,52,0,0,0,0,0,0,0,0,0,0,111,0,0,0,0,0,0,0,0,Eukaryota,TSAR,Rhizaria,Cercozoa,Novel-clade-10-12,Tremulida,Tremulidae,Tremula,Tremula_longifila,Rhizaria
ASV_870,0,0,0,0,0,0,0,0,0,0,0,0,0,0,0,0,0,0,0,0,0,242,0,0,58,0,0,0,0,0,0,0,0,0,0,0,0,0,0,0,0,0,0,0,0,Eukaryota,Obazoa,Opisthokonta,Fungi,Chytridiomycota,NA,NA,NA,NA,Opisthokonta_Chytridiomycota
ASV_871,0,0,0,282,0,0,16,0,0,0,0,0,0,0,0,0,0,0,0,0,0,0,0,0,0,0,0,0,0,0,0,0,0,0,0,0,0,0,0,0,0,0,0,0,0,Eukaryota,Obazoa,Opisthokonta,NA,NA,NA,NA,NA,NA,Opisthokonta_Unclassified
ASV_872,0,0,0,0,0,0,0,0,0,0,0,0,0,0,0,138,0,0,79,0,0,0,0,0,0,0,0,0,0,0,0,0,0,81,0,0,0,0,0,0,0,0,0,0,0,Eukaryota,Archaeplastida,Streptophyta,Streptophyta_X,Zygnemophyceae, Zygnemophyceae, ZygnemophyceaeX,Cosmarium,Cosmarium_punctulatum,Streptophyta
ASV_873,0,0,0,0,0,0,0,0,0,0,0,0,0,0,0,118,28,0,117,0,0,0,0,0,0,0,0,0,0,0,0,0,0,0,0,0,34,0,0,0,0,0,0,0,0,Eukaryota,Archaeplastida,Chlorophyta,Chlorophyta_X,Chlorophyceae,Chaetopeltidales,Chaetopeltidales_X,Floydiella,Floydiella_terrestris,Chlorophyta
ASV_874,0,0,20,0,276,0,0,0,0,0,0,0,0,0,0,0,0,0,0,0,0,0,0,0,0,0,0,0,0,0,0,0,0,0,0,0,0,0,0,0,0,0,0,0,0,Eukaryota,Archaeplastida,Streptophyta,Streptophyta_X,Embryophyceae,Embryophyceae_X,Embryophyceae_XX,Lemna,Lemna_minor,Streptophyta
ASV_875,0,0,0,0,0,0,0,0,0,0,0,0,0,0,0,0,0,0,0,0,0,0,0,0,0,0,0,0,0,0,0,0,0,0,0,59,0,108,0,0,0,129,0,0,0,Eukaryota,TSAR,Stramenopiles,Gyrista,Chrysophyceae,NA,NA,NA,NA,Stramenopiles
ASV_876,0,0,0,0,0,0,0,0,0,0,0,0,0,0,0,0,0,175,27,0,0,0,0,0,0,0,0,0,0,0,0,0,0,93,0,0,0,0,0,0,0,0,0,0,0,Eukaryota,TSAR,Stramenopiles,Bigyra,Bicoecea,Pseudodendromonadales,Pseudodendromonadales_X,Pseudodendromonadales_XX,Pseudodendromonadales_XX_sp.,Stramenopiles
ASV_877,0,0,0,0,0,0,0,0,0,0,0,0,0,0,0,0,26,82,186,0,0,0,0,0,0,0,0,0,0,0,0,0,0,0,0,0,0,0,0,0,0,0,0,0,0,Eukaryota,TSAR,Rhizaria,Cercozoa,Filosa-Thecofilosea,Cryomonadida,NA,NA,NA,Rhizaria
ASV_878,0,0,0,0,0,0,0,0,0,0,0,0,0,0,0,0,0,0,0,0,0,0,294,0,0,0,0,0,0,0,0,0,0,0,0,0,0,0,0,0,0,0,0,0,0,Eukaryota,TSAR,Stramenopiles,Gyrista,Peronosporomycetes,Peronosporomycetes,Peronosporales,Lagenidium,NA,Stramenopiles
ASV_879,0,0,0,72,92,0,0,0,0,0,0,11,0,0,0,0,0,0,0,0,0,0,0,0,0,0,0,0,0,0,0,14,0,30,0,60,0,0,0,0,0,14,0,0,0,Eukaryota,TSAR,Stramenopiles,Bigyra,Bicoecea,Pseudodendromonadales,Pseudodendromonadales_X,Pseudodendromonadales_XX,Pseudodendromonadales_XX_sp.,Stramenopiles
ASV_880,0,0,0,0,0,0,0,0,0,0,0,0,0,0,0,0,0,292,0,0,0,0,0,0,0,0,0,0,0,0,0,0,0,0,0,0,0,0,0,0,0,0,0,0,0,Eukaryota,Obazoa,Opisthokonta,Metazoa,Arthropoda,Crustacea,Ostracoda,Darwinula,Darwinula_stevensoni,Opisthokonta_Arthropoda
ASV_881,0,0,0,0,0,0,0,0,0,0,0,0,0,0,0,0,0,0,0,0,201,0,0,91,0,0,0,0,0,0,0,0,0,0,0,0,0,0,0,0,0,0,0,0,0,Eukaryota,Obazoa,Opisthokonta,Metazoa,Bryozoa,Bryozoa_X,Bryozoa_XX,Plumatella,Plumatella_repens,Opisthokonta_Bryozoa
ASV_882,0,0,0,0,0,0,0,0,0,0,0,0,0,0,0,0,0,0,0,0,0,0,0,0,0,0,292,0,0,0,0,0,0,0,0,0,0,0,0,0,0,0,0,0,0,Eukaryota,Archaeplastida,Chlorophyta,Chlorophyta_X,Chlorophyceae,Chlamydomonadales,Chlamydomonadales_X,Carteria,Carteria_lunzensis,Chlorophyta
ASV_883,0,0,0,0,0,0,0,0,0,0,0,0,0,0,0,0,0,0,0,0,0,0,0,0,0,0,0,292,0,0,0,0,0,0,0,0,0,0,0,0,0,0,0,0,0,Eukaryota,Archaeplastida,Chlorophyta,Chlorophyta_X,Chlorophyceae,Sphaeropleales,NA,NA,NA,Chlorophyta
ASV_884,0,26,0,0,0,0,0,0,0,0,0,0,0,0,0,77,26,31,0,0,0,0,0,0,130,0,0,0,0,0,0,0,0,0,0,0,0,0,0,0,0,0,0,0,0,Eukaryota,Archaeplastida,Chlorophyta,Chlorophyta_X,Trebouxiophyceae,Microthamniales,Microthamniales_X,Microthamniales_XX,Microthamniales_XX_sp.,Chlorophyta
ASV_885,0,0,0,0,0,0,0,0,0,0,0,0,0,0,0,0,0,0,0,183,0,0,107,0,0,0,0,0,0,0,0,0,0,0,0,0,0,0,0,0,0,0,0,0,0,Eukaryota,Haptista,Haptophyta,Haptophyta_X,Prymnesiophyceae,Prymnesiales,Chrysochromulinaceae,Chrysochromulina,Chrysochromulina_tobin,Haptophyta
ASV_886,0,0,0,0,0,0,0,0,0,0,0,0,0,0,0,0,0,0,0,0,0,24,0,247,0,0,0,0,0,0,0,0,0,0,0,0,0,0,0,0,0,0,0,19,0,Eukaryota,TSAR,Stramenopiles,Gyrista,Chrysophyceae,Paraphysomonadales,Paraphysomonadaceae,Paraphysomonas,Paraphysomonas_imperforata,Stramenopiles
ASV_887,0,0,0,0,0,0,0,0,0,0,0,0,0,0,0,0,0,0,0,0,0,0,0,0,0,0,290,0,0,0,0,0,0,0,0,0,0,0,0,0,0,0,0,0,0,Eukaryota,TSAR,Rhizaria,Cercozoa,Filosa-SarcomoNAdea,Glissomonadida,NA,NA,NA,Rhizaria
ASV_888,289,0,0,0,0,0,0,0,0,0,0,0,0,0,0,0,0,0,0,0,0,0,0,0,0,0,0,0,0,0,0,0,0,0,0,0,0,0,0,0,0,0,0,0,0,Eukaryota,Obazoa,Opisthokonta,Metazoa,Arthropoda,Crustacea,Branchiopoda,Bosmina,Bosmina_longirostris,Opisthokonta_Arthropoda
ASV_889,0,19,0,0,0,0,0,0,0,0,0,0,0,0,0,205,0,10,0,0,0,0,0,11,43,0,0,0,0,0,0,0,0,0,0,0,0,0,0,0,0,0,0,0,0,Eukaryota,Obazoa,Opisthokonta,Fungi,Ascomycota,Pezizomycotina,Dothideomycetes,Dothidea,Dothidea_ribesia,Opisthokonta_Ascomycota
ASV_890,0,0,0,0,0,0,0,0,0,0,0,0,0,287,0,0,0,0,0,0,0,0,0,0,0,0,0,0,0,0,0,0,0,0,0,0,0,0,0,0,0,0,0,0,0,Eukaryota,Cryptista,Cryptophyta,Cryptophyta_X,Cryptophyceae,Cryptomonadales,Cryptomonadales_X,Cryptomonas,Cryptomonas_curvata,Cryptophyta
ASV_891,0,0,0,0,0,0,0,0,0,0,0,0,0,0,0,0,44,0,243,0,0,0,0,0,0,0,0,0,0,0,0,0,0,0,0,0,0,0,0,0,0,0,0,0,0,Eukaryota,Obazoa,Opisthokonta,Fungi,NA,NA,NA,NA,NA,Opisthokonta_Unclassified
ASV_892,0,94,192,0,0,0,0,0,0,0,0,0,0,0,0,0,0,0,0,0,0,0,0,0,0,0,0,0,0,0,0,0,0,0,0,0,0,0,0,0,0,0,0,0,0,Eukaryota,Obazoa,Opisthokonta,Fungi,Chytridiomycota,Spizellomycetales,Spizellomycetales_X,Spizellomycetales_XX,Spizellomycetales_XX_sp.,Opisthokonta_Chytridiomycota
ASV_893,0,0,0,0,0,0,0,0,0,0,0,0,0,0,0,119,0,0,106,0,0,0,19,0,42,0,0,0,0,0,0,0,0,0,0,0,0,0,0,0,0,0,0,0,0,Eukaryota,Obazoa,Opisthokonta,Fungi,Chytridiomycota,Rhizophydiales,Rhizophydiaceae,Rhizophydium,NA,Opisthokonta_Chytridiomycota
ASV_894,0,0,0,0,0,0,0,0,0,0,0,0,0,0,0,0,0,0,0,0,0,0,0,0,0,0,0,0,0,0,27,0,0,259,0,0,0,0,0,0,0,0,0,0,0,Eukaryota,Archaeplastida,Chlorophyta,Chlorophyta_X,Chlorophyceae,Chlamydomonadales,Chlamydomonadales_X,NA,NA,Chlorophyta
ASV_895,0,0,0,0,0,0,0,0,0,0,0,0,0,0,0,217,0,0,0,0,0,0,0,0,0,0,0,0,0,0,0,0,0,67,0,0,0,0,0,0,0,0,0,0,0,Eukaryota,Archaeplastida,Chlorophyta,Chlorophyta_X,Chlorophyceae,Oedogoniales,Oedogoniales_X,Oedogonium,Oedogonium_sp.,Chlorophyta
ASV_896,0,0,0,0,0,0,0,0,0,0,0,0,0,0,0,0,0,0,0,0,0,0,0,0,284,0,0,0,0,0,0,0,0,0,0,0,0,0,0,0,0,0,0,0,0,Eukaryota,TSAR,Stramenopiles,Bigyra,Opalozoa,Opalozoa_X,MAST-12,MAST-12C,MAST-12C_sp.,Stramenopiles
ASV_897,0,0,0,0,0,21,0,0,0,0,0,0,0,0,0,0,0,0,0,0,0,0,0,0,0,0,0,0,0,0,0,0,0,0,0,0,200,62,0,0,0,0,0,0,0,Eukaryota,TSAR,Stramenopiles,Bigyra,Bicoecea,Pseudodendromonadales,Pseudodendromonadales_X,Pseudodendromonadales_XX,Pseudodendromonadales_XX_sp.,Stramenopiles
ASV_898,0,0,0,0,0,0,0,0,0,0,0,0,0,0,0,0,115,134,34,0,0,0,0,0,0,0,0,0,0,0,0,0,0,0,0,0,0,0,0,0,0,0,0,0,0,Eukaryota,TSAR,Stramenopiles,Gyrista,Dictyochophyceae,Dictyochophyceae_X,Pedinellales,Pseudopedinella,NA,Stramenopiles
ASV_899,0,0,0,0,0,0,0,0,0,0,0,0,0,0,0,0,0,0,0,0,0,0,0,0,0,0,0,283,0,0,0,0,0,0,0,0,0,0,0,0,0,0,0,0,0,Eukaryota,Obazoa,Opisthokonta,Fungi,Ascomycota,Pezizomycotina,Sordariomycetes,Gibberella,Gibberella_zeae,Opisthokonta_Ascomycota
ASV_900,0,0,0,0,0,0,0,0,0,0,0,0,0,0,0,0,7,0,31,36,0,5,17,0,0,0,186,0,0,0,0,0,0,0,0,0,0,0,0,0,0,0,0,0,0,Eukaryota,TSAR,Alveolata,Ciliophora,Oligohymenophorea,OLIGO4,OLIGO4_X,OLIGO4_XX,OLIGO4_XX_sp.,Alveolata
ASV_901,0,27,23,0,0,0,0,0,0,0,0,0,0,0,0,55,0,27,0,0,0,0,149,0,0,0,0,0,0,0,0,0,0,0,0,0,0,0,0,0,0,0,0,0,0,Eukaryota,Archaeplastida,Chlorophyta,Chlorophyta_X,Trebouxiophyceae,Trebouxiophyceae_X,Trebouxiophyceae_XX,Botryococcus,Botryococcus_braunii,Chlorophyta
ASV_902,0,0,0,0,0,0,0,0,0,0,0,280,0,0,0,0,0,0,0,0,0,0,0,0,0,0,0,0,0,0,0,0,0,0,0,0,0,0,0,0,0,0,0,0,0,Eukaryota,Obazoa,Opisthokonta,Metazoa,Arthropoda,Crustacea,Maxillopoda,Eudiaptomus,Eudiaptomus_graciloides,Opisthokonta_Arthropoda
ASV_903,279,0,0,0,0,0,0,0,0,0,0,0,0,0,0,0,0,0,0,0,0,0,0,0,0,0,0,0,0,0,0,0,0,0,0,0,0,0,0,0,0,0,0,0,0,Eukaryota,Obazoa,Opisthokonta,Metazoa,Arthropoda,Crustacea,Branchiopoda,Bosmina,Bosmina_longirostris,Opisthokonta_Arthropoda
ASV_904,0,18,50,0,33,0,0,0,0,0,47,0,0,0,18,0,0,0,0,0,0,0,0,0,0,0,0,0,0,0,57,0,0,55,0,0,0,0,0,0,0,0,0,0,0,Eukaryota,Archaeplastida,Chlorophyta,Chlorophyta_X,Chlorophyceae,Chlamydomonadales,Chlamydomonadales_X,Protosiphon,NA,Chlorophyta
ASV_905,0,0,0,0,147,0,24,107,0,0,0,0,0,0,0,0,0,0,0,0,0,0,0,0,0,0,0,0,0,0,0,0,0,0,0,0,0,0,0,0,0,0,0,0,0,Eukaryota,Obazoa,Opisthokonta,Fungi,Chytridiomycota,Spizellomycetales,NA,NA,NA,Opisthokonta_Chytridiomycota
ASV_906,0,0,0,0,0,22,0,0,0,0,0,0,0,0,0,18,0,0,213,0,0,0,0,0,0,0,0,0,0,0,0,0,0,0,0,19,0,6,0,0,0,0,0,0,0,Eukaryota,Obazoa,Opisthokonta,Metazoa,Platyhelminthes,Turbellaria,Catenulida,Stenostomum,NA,Opisthokonta_Platyhelminthes
ASV_907,0,0,18,0,0,0,0,0,0,0,0,0,0,0,0,123,136,0,0,0,0,0,0,0,0,0,0,0,0,0,0,0,0,0,0,0,0,0,0,0,0,0,0,0,0,Eukaryota,Obazoa,Opisthokonta,Fungi,Zoopagomycota,Entomophthoromycotina,Entomophthoromycotina_X,Pandora,NA,Opisthokonta_Zoopagomycota
ASV_908,0,0,0,0,0,0,0,0,11,0,0,266,0,0,0,0,0,0,0,0,0,0,0,0,0,0,0,0,0,0,0,0,0,0,0,0,0,0,0,0,0,0,0,0,0,Eukaryota,Obazoa,Opisthokonta,Fungi,Chytridiomycota,Rhizophydiales,NA,NA,NA,Opisthokonta_Chytridiomycota
ASV_909,0,0,0,0,0,0,0,0,0,0,0,0,0,0,0,0,0,0,0,0,0,0,0,0,0,0,277,0,0,0,0,0,0,0,0,0,0,0,0,0,0,0,0,0,0,Eukaryota,Archaeplastida,Chlorophyta,Chlorophyta_X,Chlorophyceae,Chlamydomonadales,Chlamydomonadales_X,Carteria,Carteria_lunzensis,Chlorophyta
ASV_910,0,0,0,0,0,0,0,0,0,0,0,0,0,0,0,0,0,0,0,30,0,0,0,0,14,0,0,0,0,0,28,0,0,193,0,0,11,0,0,0,0,0,0,0,0,Eukaryota,CRuMs,Rigifilida,Rigifilida_X,Rigifilida_XX,Rigifilida_XXX,Rigifilida_XXXX,Micronuclearia,Micronuclearia_podoventralis,Rigifilida
ASV_911,0,0,0,0,0,0,0,0,0,0,0,0,0,0,0,0,50,85,1,81,0,0,6,0,0,52,0,0,0,0,0,0,0,0,0,0,0,0,0,0,0,0,0,0,0,Eukaryota,TSAR,Stramenopiles,Bigyra,Bicoecea,Bicoecales,Bicoecaceae,Bicosoeca,Bicosoeca_petiolata,Stramenopiles
ASV_912,0,0,0,0,0,0,0,0,0,0,0,0,0,0,0,0,0,0,0,0,0,0,0,0,0,0,0,0,0,0,0,0,0,0,0,0,0,0,0,0,0,275,0,0,0,Eukaryota,TSAR,Stramenopiles,Gyrista,Chrysophyceae,Synurales,Synuraceae,Synura,NA,Stramenopiles
ASV_913,0,0,0,274,0,0,0,0,0,0,0,0,0,0,0,0,0,0,0,0,0,0,0,0,0,0,0,0,0,0,0,0,0,0,0,0,0,0,0,0,0,0,0,0,0,Eukaryota,TSAR,Stramenopiles,Bigyra,Bicoecea,Pseudodendromonadales,Pseudodendromonadales_X,Pseudodendromonadales_XX,Pseudodendromonadales_XX_sp.,Stramenopiles
ASV_914,0,0,0,0,0,0,0,0,0,0,0,0,0,0,0,170,0,22,82,0,0,0,0,0,0,0,0,0,0,0,0,0,0,0,0,0,0,0,0,0,0,0,0,0,0,Eukaryota,TSAR,Stramenopiles,Gyrista,Peronosporomycetes,Peronosporomycetes,Haliphthorales,Haliphthoros,Haliphthoros_sp.,Stramenopiles
ASV_915,0,0,0,0,0,0,0,0,0,0,0,0,0,0,0,0,0,0,0,0,91,0,0,0,183,0,0,0,0,0,0,0,0,0,0,0,0,0,0,0,0,0,0,0,0,Eukaryota,Obazoa,Opisthokonta,Fungi,Chytridiomycota,Rhizophydiales,Rhizophydiales_X,Rhizophydiales_XX,Rhizophydiales_XX_sp.,Opisthokonta_Chytridiomycota
ASV_916,0,0,0,90,20,0,0,0,0,0,0,0,0,0,0,0,0,0,0,0,0,0,0,0,0,0,0,0,0,0,0,18,0,0,0,20,73,52,0,0,0,0,0,0,0,Eukaryota,TSAR,Stramenopiles,Bigyra,Bicoecea,Pseudodendromonadales,Pseudodendromonadales_X,Pseudodendromonadales_XX,Pseudodendromonadales_XX_sp.,Stramenopiles
ASV_917,0,0,0,0,0,0,0,0,0,0,0,0,0,0,0,0,0,0,0,0,0,0,0,0,0,0,273,0,0,0,0,0,0,0,0,0,0,0,0,0,0,0,0,0,0,Eukaryota,Obazoa,Opisthokonta,Metazoa,Arthropoda,Crustacea,Ostracoda,NA,NA,Opisthokonta_Arthropoda
ASV_918,0,0,0,0,0,0,0,0,0,0,0,0,0,0,0,0,0,0,20,0,0,0,0,0,0,0,0,0,0,0,0,0,0,252,0,0,0,0,0,0,0,0,0,0,0,Eukaryota,TSAR,Stramenopiles,NA,NA,NA,NA,NA,NA,Stramenopiles
ASV_919,0,0,0,0,0,0,0,0,0,0,0,0,0,0,0,0,0,0,0,0,0,0,0,24,135,113,0,0,0,0,0,0,0,0,0,0,0,0,0,0,0,0,0,0,0,Eukaryota,Archaeplastida,Chlorophyta,Chlorophyta_X,Chlorophyceae,Chlamydomonadales,Chlamydomonadales_X,Lobochlamys,Lobochlamys_segnis,Chlorophyta
ASV_920,0,156,59,56,0,0,0,0,0,0,0,0,0,0,0,0,0,0,0,0,0,0,0,0,0,0,0,0,0,0,0,0,0,0,0,0,0,0,0,0,0,0,0,0,0,Eukaryota,Obazoa,Opisthokonta,NA,NA,NA,NA,NA,NA,Opisthokonta_Unclassified
ASV_921,0,0,0,0,271,0,0,0,0,0,0,0,0,0,0,0,0,0,0,0,0,0,0,0,0,0,0,0,0,0,0,0,0,0,0,0,0,0,0,0,0,0,0,0,0,Eukaryota,Obazoa,Opisthokonta,Metazoa,Arthropoda,Chelicerata,Arachnida,Horreolanus,Horreolanus_orphanus,Opisthokonta_Arthropoda
ASV_922,0,0,0,0,0,0,0,0,0,0,0,0,0,0,0,0,0,0,0,0,0,0,0,0,0,0,0,271,0,0,0,0,0,0,0,0,0,0,0,0,0,0,0,0,0,Eukaryota,Obazoa,Opisthokonta,NA,NA,NA,NA,NA,NA,Opisthokonta_Unclassified
ASV_923,0,0,0,100,0,0,0,0,0,0,0,0,0,0,0,0,0,0,0,0,0,0,0,0,0,0,0,0,0,0,0,0,0,0,0,0,92,0,40,0,0,0,38,0,0,Eukaryota,Archaeplastida,Chlorophyta,Chlorophyta_X,Trebouxiophyceae,Chlorellales,Chlorellales_X,Ooplanctella,Ooplanctella_planoconvexa,Chlorophyta
ASV_924,0,0,0,33,0,0,0,0,0,0,0,0,0,0,0,0,0,42,59,0,0,0,0,126,0,0,0,0,0,0,0,0,0,0,0,0,0,0,0,0,0,0,0,10,0,Eukaryota,TSAR,Stramenopiles,Gyrista,Dictyochophyceae,Dictyochophyceae_X,Pedinellales,NA,NA,Stramenopiles
ASV_925,0,0,0,0,0,0,6,0,0,0,0,0,0,0,0,0,0,0,24,0,181,0,0,0,0,0,0,0,0,0,0,0,0,59,0,0,0,0,0,0,0,0,0,0,0,Eukaryota,TSAR,Stramenopiles,Gyrista,Mediophyceae,Thalassiosirales,Stephanodiscaceae,Cyclotella,Cyclotella_meneghiniana,Stramenopiles
ASV_926,0,0,0,0,0,0,0,0,0,0,0,0,0,0,0,270,0,0,0,0,0,0,0,0,0,0,0,0,0,0,0,0,0,0,0,0,0,0,0,0,0,0,0,0,0,Eukaryota,Obazoa,Opisthokonta,Metazoa,Gastrotricha,Gastrotricha_X,Gastrotricha_XX,Chaetonotus,Chaetonotus_sp.,Opisthokonta_Gastrotricha
ASV_927,0,0,0,0,0,0,0,0,0,0,0,0,0,0,0,0,0,0,0,0,220,49,0,0,0,0,0,0,0,0,0,0,0,0,0,0,0,0,0,0,0,0,0,0,0,Eukaryota,Archaeplastida,Chlorophyta,Chlorophyta_X,Chlorophyceae,Chlamydomonadales,Chlamydomonadales_X,Tetracystis,Tetracystis_sarcinalis,Chlorophyta
ASV_928,51,131,0,0,0,0,0,0,0,0,0,0,0,0,0,0,0,0,0,0,0,0,0,0,0,0,0,0,0,0,0,0,0,0,86,0,0,0,0,0,0,0,0,0,0,Eukaryota,Obazoa,Opisthokonta,Metazoa,Arthropoda,Crustacea,Branchiopoda,Bosmina,Bosmina_longirostris,Opisthokonta_Arthropoda
ASV_929,0,0,0,0,0,0,37,0,0,0,0,0,0,0,0,0,0,0,108,0,0,50,73,0,0,0,0,0,0,0,0,0,0,0,0,0,0,0,0,0,0,0,0,0,0,Eukaryota,Obazoa,Opisthokonta,Fungi,NA,NA,NA,NA,NA,Opisthokonta_Unclassified
ASV_930,0,0,0,0,0,0,0,0,0,0,0,0,0,0,0,0,0,0,0,0,0,0,0,0,0,0,0,268,0,0,0,0,0,0,0,0,0,0,0,0,0,0,0,0,0,Eukaryota,TSAR,Stramenopiles,Bigyra,Bicoecea,Pseudodendromonadales,Pseudodendromonadales_X,Pseudodendromonadales_XX,Pseudodendromonadales_XX_sp.,Stramenopiles
ASV_931,0,0,0,0,0,0,0,0,0,0,0,0,0,0,0,0,13,0,0,0,0,0,0,0,0,16,0,0,238,0,0,0,0,0,0,0,0,0,0,0,0,0,0,0,0,Eukaryota,TSAR,Stramenopiles,Bigyra,Bicoecea,Pseudodendromonadales,Pseudodendromonadales_X,Pseudodendromonadales_XX,Pseudodendromonadales_XX_sp.,Stramenopiles
ASV_932,21,38,81,0,30,1,2,1,0,0,0,0,0,0,0,25,65,0,0,0,0,0,0,0,0,1,0,0,1,0,0,0,0,0,0,0,0,0,0,0,0,0,0,0,0,Eukaryota,Archaeplastida,Chlorophyta,Chlorophyta_X,Chlorophyceae,Sphaeropleales,Sphaeropleales_X,Scenedesmus,Scenedesmus_obliquus,Chlorophyta
ASV_933,0,0,0,0,0,0,0,0,0,0,0,0,0,0,0,0,0,0,0,0,0,0,0,0,0,0,266,0,0,0,0,0,0,0,0,0,0,0,0,0,0,0,0,0,0,Eukaryota,Archaeplastida,Chlorophyta,Chlorophyta_X,Chlorophyceae,Chlamydomonadales,Chlamydomonadales_X,Carteria,Carteria_lunzensis,Chlorophyta
ASV_934,0,0,0,0,151,81,0,0,0,0,0,33,0,0,0,0,0,0,0,0,0,0,0,0,0,0,0,0,0,0,0,0,0,0,0,0,0,0,0,0,0,0,0,0,0,Eukaryota,Archaeplastida,Chlorophyta,Chlorophyta_X,Chlorophyceae,Chlamydomonadales,Chlamydomonadales_X,NA,NA,Chlorophyta
ASV_935,0,0,0,0,0,0,0,0,0,0,0,0,0,0,0,215,0,0,44,0,0,0,0,0,0,0,0,0,0,0,0,0,0,6,0,0,0,0,0,0,0,0,0,0,0,Eukaryota,TSAR,Stramenopiles,Gyrista,Chrysophyceae,Paraphysomonadales,Lepidochromonadaceae,Lepidochromonas,NA,Stramenopiles
ASV_936,0,0,0,0,0,0,0,0,0,0,0,0,0,0,0,215,18,0,32,0,0,0,0,0,0,0,0,0,0,0,0,0,0,0,0,0,0,0,0,0,0,0,0,0,0,Eukaryota,CRuMs,Rigifilida,Rigifilida_X,Rigifilida_XX,Rigifilida_XXX,Rigifilida_XXXX,Micronuclearia,Micronuclearia_podoventralis,Rigifilida
ASV_937,0,100,164,0,0,0,0,0,0,0,0,0,0,0,0,0,0,0,0,0,0,0,0,0,0,0,0,0,0,0,0,0,0,0,0,0,0,0,0,0,0,0,0,0,0,Eukaryota,Obazoa,Opisthokonta,Fungi,Chytridiomycota,Spizellomycetales,NA,NA,NA,Opisthokonta_Chytridiomycota
ASV_938,0,0,0,0,17,0,0,0,0,0,0,0,0,0,0,0,0,0,0,27,161,0,0,0,0,0,0,0,57,0,0,0,0,0,0,0,0,0,0,0,0,0,0,0,0,Eukaryota,Obazoa,Opisthokonta,Fungi,Chytridiomycota,Spizellomycetales,Spizellomycetales_X,Spizellomycetales_XX,Spizellomycetales_XX_sp.,Opisthokonta_Chytridiomycota
ASV_939,0,0,0,0,0,0,0,0,0,0,0,0,0,0,0,0,0,0,72,0,50,0,0,0,140,0,0,0,0,0,0,0,0,0,0,0,0,0,0,0,0,0,0,0,0,Eukaryota,Obazoa,Opisthokonta,Choanoflagellata,Choanoflagellatea,Craspedida,Monosigidae_Group_A,Codosiga,Codosiga_botrytis,Opisthokonta_Choanoflagellatea
ASV_940,0,0,0,0,0,0,0,0,0,0,0,0,0,0,0,0,0,0,0,0,0,0,0,0,0,0,262,0,0,0,0,0,0,0,0,0,0,0,0,0,0,0,0,0,0,Eukaryota,Archaeplastida,Chlorophyta,Chlorophyta_X,Chlorophyceae,Sphaeropleales,Sphaeropleales_X,Pseudomuriella,Pseudomuriella_sp.,Chlorophyta
ASV_941,0,0,0,0,0,0,0,0,0,0,0,0,0,0,0,177,0,0,83,0,0,0,0,0,0,0,0,0,0,0,0,0,0,0,0,0,0,0,0,0,0,0,0,0,0,Eukaryota,TSAR,Stramenopiles,Gyrista,Peronosporomycetes,Peronosporomycetes,Saprolegniales,Saprolegnia,Saprolegnia_parasitica,Stramenopiles
ASV_942,0,0,0,0,0,0,0,0,0,0,0,0,0,0,0,0,0,0,41,0,164,55,0,0,0,0,0,0,0,0,0,0,0,0,0,0,0,0,0,0,0,0,0,0,0,Eukaryota,Obazoa,Opisthokonta,Fungi,Chytridiomycota,Spizellomycetales,Spizellomycetales_X,Spizellomycetales_XX,Spizellomycetales_XX_sp.,Opisthokonta_Chytridiomycota
ASV_943,0,0,0,0,0,0,0,0,0,0,0,0,0,0,0,0,0,0,0,0,0,0,0,0,259,0,0,0,0,0,0,0,0,0,0,0,0,0,0,0,0,0,0,0,0,Eukaryota,Obazoa,Opisthokonta,Fungi,Chytridiomycota,Rhizophydiales,Kappamycetaceae,Kappamyces,NA,Opisthokonta_Chytridiomycota
ASV_944,0,0,0,0,0,0,0,0,0,0,0,0,0,0,0,0,0,0,0,0,0,0,0,0,0,0,0,0,0,0,0,0,0,258,0,0,0,0,0,0,0,0,0,0,0,Eukaryota,TSAR,Stramenopiles,Bigyra,Bicoecea,Pseudodendromonadales,Pseudodendromonadales_X,Pseudodendromonadales_XX,Pseudodendromonadales_XX_sp.,Stramenopiles
ASV_945,0,0,0,0,0,0,0,0,0,0,0,0,0,0,0,0,0,0,0,0,0,0,0,0,0,0,0,0,0,0,0,0,0,257,0,0,0,0,0,0,0,0,0,0,0,Eukaryota,Obazoa,Opisthokonta,Metazoa,Gastrotricha,Gastrotricha_X,Gastrotricha_XX,Chaetonotus,NA,Opisthokonta_Gastrotricha
ASV_946,0,0,0,0,0,0,0,0,0,0,0,0,0,0,0,0,0,0,0,0,0,0,0,0,0,140,0,0,116,0,0,0,0,0,0,0,0,0,0,0,0,0,0,0,0,Eukaryota,Archaeplastida,Chlorophyta,Chlorophyta_X,Chlorophyceae,Sphaeropleales,Sphaeropleales_X,Scenedesmus,Scenedesmus_obliquus,Chlorophyta
ASV_947,0,0,0,0,0,0,0,0,0,0,0,0,0,0,0,0,0,0,0,0,0,0,0,0,0,0,0,0,0,0,53,0,0,203,0,0,0,0,0,0,0,0,0,0,0,Eukaryota,TSAR,Stramenopiles,Bigyra,Bicoecea,Pseudodendromonadales,Pseudodendromonadales_X,Pseudodendromonadales_XX,Pseudodendromonadales_XX_sp.,Stramenopiles
ASV_948,0,0,0,0,0,0,0,0,0,0,0,0,0,0,0,0,0,0,0,0,0,0,0,0,0,0,0,0,255,0,0,0,0,0,0,0,0,0,0,0,0,0,0,0,0,Eukaryota,Obazoa,Opisthokonta,Metazoa,Arthropoda,Crustacea,Maxillopoda,Eudiaptomus,Eudiaptomus_graciloides,Opisthokonta_Arthropoda
ASV_949,0,0,0,0,0,0,0,0,0,0,0,0,0,175,0,0,0,0,0,0,0,0,0,0,0,0,0,0,0,0,0,0,0,0,0,0,0,40,0,0,0,39,0,0,0,Eukaryota,TSAR,Stramenopiles,Gyrista,Chrysophyceae,Chromulinales,Chromulinaceae,Chromulinospumella,Chromulinospumella_sphaerica,Stramenopiles
ASV_950,0,48,96,0,0,0,0,0,0,0,0,0,0,0,0,80,0,0,29,0,0,0,0,0,0,0,0,0,0,0,0,0,0,0,0,0,0,0,0,0,0,0,0,0,0,Eukaryota,Obazoa,Opisthokonta,Fungi,Chytridiomycota,NA,NA,NA,NA,Opisthokonta_Chytridiomycota
ASV_951,0,0,0,0,0,0,0,0,0,0,0,0,0,0,0,0,32,0,0,0,112,17,73,0,0,0,0,0,0,0,10,0,0,9,0,0,0,0,0,0,0,0,0,0,0,Eukaryota,TSAR,Rhizaria,Cercozoa,Filosa-SarcomoNAdea,Pansomonadida,Pansomonadida_X,Pansomonadida_XX,Pansomonadida_XX_sp.,Rhizaria
ASV_952,0,0,0,0,0,0,0,0,0,0,0,0,0,0,0,0,123,0,128,0,0,0,0,0,0,0,0,0,0,0,0,0,0,0,0,0,0,0,0,0,0,0,0,0,0,Eukaryota,Archaeplastida,Chlorophyta,Chlorophyta_X,Chlorophyceae,NA,NA,NA,NA,Chlorophyta
ASV_953,0,0,0,0,0,0,0,0,0,0,0,0,0,0,0,0,0,0,0,0,0,0,0,0,0,0,0,0,0,0,0,0,0,251,0,0,0,0,0,0,0,0,0,0,0,Eukaryota,TSAR,Stramenopiles,Bigyra,Bicoecea,Pseudodendromonadales,Pseudodendromonadales_X,Pseudodendromonadales_XX,Pseudodendromonadales_XX_sp.,Stramenopiles
ASV_954,0,0,0,0,0,0,0,0,0,0,0,0,0,0,0,0,0,0,0,0,0,0,0,0,0,0,0,0,0,0,0,0,0,0,0,0,0,85,109,0,0,57,0,0,0,Eukaryota,TSAR,Stramenopiles,Gyrista,Chrysophyceae,NA,NA,NA,NA,Stramenopiles
ASV_955,0,0,0,0,0,0,0,0,0,0,0,0,0,0,0,0,0,0,0,0,65,0,0,0,74,111,0,0,0,0,0,0,0,0,0,0,0,0,0,0,0,0,0,0,0,Eukaryota,Archaeplastida,Chlorophyta,Chlorophyta_X,Trebouxiophyceae,Trebouxiophyceae_X,Trebouxiophyceae_XX,Botryococcus,Botryococcus_terribilis,Chlorophyta
ASV_956,0,249,0,0,0,0,0,0,0,0,0,0,0,0,0,0,0,0,0,0,0,0,0,0,0,0,0,0,0,0,0,0,0,0,0,0,0,0,0,0,0,0,0,0,0,Eukaryota,Obazoa,Opisthokonta,Fungi,NA,NA,NA,NA,NA,Opisthokonta_Unclassified
ASV_957,0,0,249,0,0,0,0,0,0,0,0,0,0,0,0,0,0,0,0,0,0,0,0,0,0,0,0,0,0,0,0,0,0,0,0,0,0,0,0,0,0,0,0,0,0,Eukaryota,TSAR,Stramenopiles,Gyrista,Peronosporomycetes,Peronosporomycetes,NA,NA,NA,Stramenopiles
ASV_958,0,0,0,0,0,0,0,0,0,0,0,0,0,0,0,0,0,0,0,0,0,0,0,0,0,0,0,0,0,0,92,0,0,44,0,0,113,0,0,0,0,0,0,0,0,Eukaryota,TSAR,Stramenopiles,Bigyra,Bicoecea,Pseudodendromonadales,Pseudodendromonadales_X,Pseudodendromonadales_XX,Pseudodendromonadales_XX_sp.,Stramenopiles
ASV_959,0,0,0,0,0,0,0,0,0,0,0,0,0,0,0,0,0,0,49,0,199,0,0,0,0,0,0,0,0,0,0,0,0,0,0,0,0,0,0,0,0,0,0,0,0,Eukaryota,TSAR,Stramenopiles,Gyrista,Peronosporomycetes,Peronosporomycetes,NA,NA,NA,Stramenopiles
ASV_960,0,0,0,0,0,0,0,0,0,0,0,0,0,0,0,0,0,0,0,0,0,0,0,0,0,248,0,0,0,0,0,0,0,0,0,0,0,0,0,0,0,0,0,0,0,Eukaryota,TSAR,Stramenopiles,Gyrista,Chrysophyceae,NA,NA,NA,NA,Stramenopiles
ASV_961,0,0,0,0,0,0,0,0,0,0,0,0,0,0,0,0,0,0,0,0,0,0,0,0,0,0,0,0,0,0,93,0,0,154,0,0,0,0,0,0,0,0,0,0,0,Eukaryota,TSAR,Stramenopiles,Gyrista,Chrysophyceae,NA,NA,NA,NA,Stramenopiles
ASV_962,0,0,0,0,0,0,0,0,0,0,0,0,0,0,0,186,0,43,0,0,0,0,0,0,0,0,0,0,0,0,17,0,0,0,0,0,0,0,0,0,0,0,0,0,0,Eukaryota,Obazoa,Opisthokonta,Choanoflagellata,Choanoflagellatea,Craspedida,Monosigidae_Group_O,Monosigidae_Group_O_X,Monosigidae_Group_O_X_sp.,Opisthokonta_Choanoflagellatea
ASV_963,0,0,0,0,0,0,0,0,0,0,0,0,0,0,0,0,0,0,0,0,0,0,0,0,0,0,246,0,0,0,0,0,0,0,0,0,0,0,0,0,0,0,0,0,0,Eukaryota,Cryptista,Cryptophyta,Cryptophyta_X,Cryptophyceae,Cryptomonadales,Cryptomonadales_X,Cryptomonas,Cryptomonas_vietnamica,Cryptophyta
ASV_964,0,0,0,0,0,22,64,0,0,0,0,0,0,0,0,0,0,22,0,0,0,90,0,47,0,0,0,0,0,0,0,0,0,0,0,0,0,0,0,0,0,0,0,0,0,Eukaryota,TSAR,Stramenopiles,Bigyra,Opalozoa,Opalozoa_X,MAST-12,MAST-12C,MAST-12C_sp.,Stramenopiles
ASV_965,0,0,0,0,0,0,0,0,0,0,0,0,0,0,0,0,22,0,47,114,0,0,41,9,12,0,0,0,0,0,0,0,0,0,0,0,0,0,0,0,0,0,0,0,0,Eukaryota,Archaeplastida,Chlorophyta,Chlorophyta_X,Chlorophyceae,Chlamydomonadales,Chlamydomonadales_X,NA,NA,Chlorophyta
ASV_966,0,0,0,0,0,0,0,0,0,0,0,0,0,0,0,0,0,0,0,0,245,0,0,0,0,0,0,0,0,0,0,0,0,0,0,0,0,0,0,0,0,0,0,0,0,Eukaryota,Archaeplastida,Chlorophyta,Chlorophyta_X,Chlorophyceae,Sphaeropleales,Sphaeropleales_X,Protodesmus,Protodesmus_globulifer,Chlorophyta
ASV_967,0,0,0,0,0,0,0,0,0,0,0,0,0,67,0,0,0,0,0,0,0,0,0,0,0,0,0,0,0,0,0,0,0,0,0,177,0,0,0,0,0,0,0,0,0,Eukaryota,TSAR,Stramenopiles,Gyrista,Chrysophyceae,NA,NA,NA,NA,Stramenopiles
ASV_968,0,0,0,0,0,0,0,0,0,0,0,0,0,0,0,0,0,0,244,0,0,0,0,0,0,0,0,0,0,0,0,0,0,0,0,0,0,0,0,0,0,0,0,0,0,Eukaryota,Obazoa,Opisthokonta,Metazoa,Arthropoda,Crustacea,Maxillopoda,Macrocyclops,Macrocyclops_albidus,Opisthokonta_Arthropoda
ASV_969,0,0,0,0,0,0,0,0,0,0,0,0,0,0,0,0,0,0,0,0,0,0,0,0,0,0,0,0,0,0,0,0,0,172,0,72,0,0,0,0,0,0,0,0,0,Eukaryota,TSAR,Stramenopiles,Gyrista,Chrysophyceae,NA,NA,NA,NA,Stramenopiles
ASV_970,0,0,0,0,0,0,0,0,0,0,0,0,0,0,0,0,0,0,0,0,0,0,33,0,0,209,0,0,0,0,0,0,0,0,0,0,0,0,0,0,0,0,0,0,0,Eukaryota,Obazoa,Opisthokonta,Fungi,Chytridiomycota,Chytridiales,Chytridiaceae,Chytriomyces,NA,Opisthokonta_Chytridiomycota
ASV_971,0,0,0,241,0,0,0,0,0,0,0,0,0,0,0,0,0,0,0,0,0,0,0,0,0,0,0,0,0,0,0,0,0,0,0,0,0,0,0,0,0,0,0,0,0,Eukaryota,TSAR,Stramenopiles,Gyrista,Chrysophyceae,Paraphysomonadales,NA,NA,NA,Stramenopiles
ASV_972,0,0,0,0,0,0,0,0,0,0,0,0,0,0,0,0,0,0,0,0,0,0,0,0,0,0,0,241,0,0,0,0,0,0,0,0,0,0,0,0,0,0,0,0,0,Eukaryota,Obazoa,Opisthokonta,Fungi,Chytridiomycota,Zygophlyctidales,Zygophlyctidaceae,Zygophlyctis,Zygophlyctis_melosirae,Opisthokonta_Chytridiomycota
ASV_973,0,0,0,0,0,0,0,53,0,0,0,0,0,0,0,0,0,0,0,0,0,0,0,47,0,0,0,0,0,0,0,0,0,0,0,80,60,0,0,0,0,0,0,0,0,Eukaryota,TSAR,Stramenopiles,Gyrista,Peronosporomycetes,Peronosporomycetes,Peronosporales,Peronosporales_X,Peronosporales_X_sp.,Stramenopiles
ASV_974,0,0,0,0,0,0,0,0,0,0,0,0,0,0,0,0,0,0,0,0,240,0,0,0,0,0,0,0,0,0,0,0,0,0,0,0,0,0,0,0,0,0,0,0,0,Eukaryota,Obazoa,Opisthokonta,Fungi,Chytridiomycota,Spizellomycetales,NA,NA,NA,Opisthokonta_Chytridiomycota
ASV_975,0,0,0,0,0,0,0,0,0,0,0,0,0,0,0,0,15,0,131,0,0,0,10,0,0,0,0,0,0,0,0,0,0,83,0,0,0,0,0,0,0,0,0,0,0,Eukaryota,TSAR,Rhizaria,Cercozoa,Filosa-SarcomoNAdea,Glissomonadida,NA,NA,NA,Rhizaria
ASV_976,0,0,0,0,0,0,0,0,0,0,0,0,0,0,0,0,0,0,0,0,0,0,0,0,0,0,0,0,239,0,0,0,0,0,0,0,0,0,0,0,0,0,0,0,0,Eukaryota,TSAR,Stramenopiles,Gyrista,Chrysophyceae,NA,NA,NA,NA,Stramenopiles
ASV_977,0,0,0,0,0,0,0,0,0,0,0,0,0,0,0,0,10,0,228,0,0,0,0,0,0,0,0,0,0,0,0,0,0,0,0,0,0,0,0,0,0,0,0,0,0,Eukaryota,TSAR,Telonemia,Telonemia_X,Telonemia_XX,Telonemia_XXX,Telonemia-Group-2,Telonemia-Group-2_X,Telonemia-Group-2_X_sp.,Telonemia
ASV_978,0,0,0,0,0,0,0,0,0,0,0,0,0,0,0,0,0,0,0,0,0,0,0,0,0,0,238,0,0,0,0,0,0,0,0,0,0,0,0,0,0,0,0,0,0,Eukaryota,Archaeplastida,Chlorophyta,Chlorophyta_X,Chlorophyceae,Sphaeropleales,Sphaeropleales_X,Protodesmus,Protodesmus_globulifer,Chlorophyta
ASV_979,0,0,0,0,0,0,0,0,0,0,0,0,0,0,0,0,0,0,0,0,0,0,0,0,0,0,0,0,0,0,0,0,0,0,19,0,0,120,51,0,0,48,0,0,0,Eukaryota,TSAR,Stramenopiles,Gyrista,Chrysophyceae,NA,NA,NA,NA,Stramenopiles
ASV_980,0,0,0,0,0,0,0,0,0,0,0,0,0,0,0,0,0,0,22,0,0,0,0,0,0,0,0,0,0,0,22,0,0,49,0,0,0,0,0,0,0,0,135,0,9,Eukaryota,TSAR,Rhizaria,Cercozoa,Filosa-Granofilosea,Limnofilida,Limnofilidae,Limnofilidae_X,Limnofilidae_X_sp.,Rhizaria
ASV_981,0,0,0,0,0,0,0,0,0,0,0,0,0,0,0,0,0,0,0,0,0,0,0,0,0,0,0,0,0,0,0,0,0,0,0,0,0,0,0,27,76,0,134,0,0,Eukaryota,Archaeplastida,Chlorophyta,Chlorophyta_X,Chlorophyceae,Chlamydomonadales,Chlamydomonadales_X,NA,NA,Chlorophyta
ASV_982,0,0,0,0,0,0,0,0,0,0,0,0,0,0,0,235,0,0,0,0,0,0,0,0,0,0,0,0,0,0,0,0,0,0,0,0,0,0,0,0,0,0,0,0,0,Eukaryota,TSAR,Rhizaria,Cercozoa,Filosa-Granofilosea,Limnofilida,Limnofilidae,Limnofilidae_X,Limnofilidae_X_sp.,Rhizaria
ASV_983,0,0,22,0,0,0,0,0,0,0,0,0,10,0,0,0,0,0,0,0,0,0,0,0,0,0,0,0,0,0,0,0,0,35,0,0,30,0,42,66,14,0,0,15,0,Eukaryota,TSAR,Rhizaria,Cercozoa,Filosa-SarcomoNAdea,Glissomonadida,Bodomorphidae,Bodomorpha,Bodomorpha_minima,Rhizaria
ASV_984,0,0,0,0,0,0,0,0,0,0,0,0,0,0,0,0,0,0,0,0,207,27,0,0,0,0,0,0,0,0,0,0,0,0,0,0,0,0,0,0,0,0,0,0,0,Eukaryota,Obazoa,Opisthokonta,Fungi,Chytridiomycota,NA,NA,NA,NA,Opisthokonta_Chytridiomycota
ASV_985,0,0,6,3,0,0,0,0,0,0,0,0,0,0,0,120,13,0,91,0,0,0,0,0,0,0,0,0,0,0,0,0,0,0,0,0,0,0,0,0,0,0,0,0,0,Eukaryota,Obazoa,Opisthokonta,Metazoa,Mollusca,Gastropoda,Heterobranchia,Planorbarius,Planorbarius_corneus,Opisthokonta_Mollusca
ASV_986,0,0,0,0,0,0,233,0,0,0,0,0,0,0,0,0,0,0,0,0,0,0,0,0,0,0,0,0,0,0,0,0,0,0,0,0,0,0,0,0,0,0,0,0,0,Eukaryota,TSAR,Stramenopiles,Gyrista,Peronosporomycetes,Peronosporomycetes,Peronosporales,Peronosporales_X,Peronosporales_X_sp.,Stramenopiles
ASV_987,0,0,0,0,0,0,20,0,7,0,0,0,0,0,0,0,0,0,0,0,0,0,0,0,0,0,0,0,0,0,54,9,0,69,0,0,74,0,0,0,0,0,0,0,0,Eukaryota,TSAR,Rhizaria,NA,NA,NA,NA,NA,NA,Rhizaria
ASV_988,0,0,0,0,0,0,0,0,0,0,0,0,0,0,0,233,0,0,0,0,0,0,0,0,0,0,0,0,0,0,0,0,0,0,0,0,0,0,0,0,0,0,0,0,0,Eukaryota,TSAR,Stramenopiles,Gyrista,Peronosporomycetes,Peronosporomycetes,Peronosporales,NA,NA,Stramenopiles
ASV_989,0,0,0,0,0,0,0,0,0,0,0,0,0,0,0,0,0,0,65,0,0,0,0,0,28,0,0,0,0,0,47,0,0,62,0,0,0,31,0,0,0,0,0,0,0,Eukaryota,Archaeplastida,Chlorophyta,Chlorophyta_X,Chlorophyceae,Chlamydomonadales,Chlamydomonadales_X,Chlorococcum,Chlorococcum_sp.,Chlorophyta
ASV_990,0,0,0,0,0,0,0,0,0,0,0,0,0,0,0,0,0,0,89,0,0,0,0,0,95,0,0,0,0,48,0,0,0,0,0,0,0,0,0,0,0,0,0,0,0,Eukaryota,Obazoa,Opisthokonta,Choanoflagellata,Choanoflagellatea,Craspedida,Monosigidae_Group_A,Codosiga,Codosiga_botrytis,Opisthokonta_Choanoflagellatea
ASV_991,0,0,0,0,231,0,0,0,0,0,0,0,0,0,0,0,0,0,0,0,0,0,0,0,0,0,0,0,0,0,0,0,0,0,0,0,0,0,0,0,0,0,0,0,0,Eukaryota,TSAR,Stramenopiles,Gyrista,Chrysophyceae,Synurales,Synuraceae,Mallomonas,Mallomonas_caudata,Stramenopiles
ASV_992,0,0,0,0,0,44,86,0,0,0,0,0,0,0,0,0,0,0,0,0,0,0,0,0,0,0,0,0,0,0,0,0,0,0,0,0,0,0,0,0,0,83,18,0,0,Eukaryota,TSAR,Stramenopiles,Bigyra,Bicoecea,Pseudodendromonadales,Pseudodendromonadales_X,Pseudodendromonadales_XX,Pseudodendromonadales_XX_sp.,Stramenopiles
ASV_993,0,0,0,0,0,0,0,0,0,0,0,0,0,0,0,0,0,0,0,37,0,0,148,0,0,46,0,0,0,0,0,0,0,0,0,0,0,0,0,0,0,0,0,0,0,Eukaryota,TSAR,Stramenopiles,Gyrista,Chrysophyceae,NA,NA,NA,NA,Stramenopiles
ASV_994,0,0,0,0,0,0,0,0,0,0,0,0,0,0,0,0,0,0,0,0,229,0,0,0,0,0,0,0,0,0,0,0,0,0,0,0,0,0,0,0,0,0,0,0,0,Eukaryota,Obazoa,Opisthokonta,Fungi,Ascomycota,Pezizomycotina,Sordariomycetes,NA,NA,Opisthokonta_Ascomycota
ASV_995,0,0,0,31,48,0,0,0,0,0,0,0,0,0,99,0,0,0,0,0,0,0,0,0,0,0,0,0,0,0,0,0,0,0,0,0,0,0,0,0,0,50,0,0,0,Eukaryota,TSAR,Stramenopiles,Gyrista,Peronosporomycetes,Peronosporomycetes,Peronosporales,NA,NA,Stramenopiles
ASV_996,0,0,0,0,0,0,0,0,0,0,0,0,0,0,0,11,74,0,0,0,0,30,0,0,113,0,0,0,0,0,0,0,0,0,0,0,0,0,0,0,0,0,0,0,0,Eukaryota,Obazoa,Opisthokonta,Metazoa,Arthropoda,Crustacea,Maxillopoda,NA,NA,Opisthokonta_Arthropoda
ASV_997,0,0,0,0,0,0,0,0,0,0,0,0,0,0,0,0,0,0,227,0,0,0,0,0,0,0,0,0,0,0,0,0,0,0,0,0,0,0,0,0,0,0,0,0,0,Eukaryota,TSAR,Stramenopiles,Gyrista,Peronosporomycetes,Peronosporomycetes,Peronosporales,Pythiaceae,Pythiaceae_sp.,Stramenopiles
ASV_998,0,0,0,0,0,0,0,0,0,0,0,0,0,0,0,0,0,0,0,0,0,0,0,0,98,129,0,0,0,0,0,0,0,0,0,0,0,0,0,0,0,0,0,0,0,Eukaryota,TSAR,Stramenopiles,Gyrista,Chrysophyceae,Synurales,Synuraceae,NA,NA,Stramenopiles
ASV_999,0,0,0,65,0,0,0,0,0,0,0,0,0,0,0,0,0,0,0,0,0,0,0,0,0,0,0,0,0,0,44,0,0,117,0,0,0,0,0,0,0,0,0,0,0,Eukaryota,TSAR,Stramenopiles,Bigyra,Bicoecea,Pseudodendromonadales,Pseudodendromonadales_X,Pseudodendromonadales_XX,Pseudodendromonadales_XX_sp.,Stramenopiles
ASV_1000,0,0,0,0,143,0,67,16,0,0,0,0,0,0,0,0,0,0,0,0,0,0,0,0,0,0,0,0,0,0,0,0,0,0,0,0,0,0,0,0,0,0,0,0,0,Eukaryota,Obazoa,Opisthokonta,Fungi,Chytridiomycota,NA,NA,NA,NA,Opisthokonta_Chytridiomycota
ASV_1001,0,0,0,0,0,0,0,0,0,0,0,0,204,22,0,0,0,0,0,0,0,0,0,0,0,0,0,0,0,0,0,0,0,0,0,0,0,0,0,0,0,0,0,0,0,Eukaryota,Obazoa,Opisthokonta,Fungi,Chytridiomycota,NA,NA,NA,NA,Opisthokonta_Chytridiomycota
ASV_1002,0,0,0,0,0,0,0,0,0,0,0,0,0,0,0,142,0,0,0,0,0,0,0,0,84,0,0,0,0,0,0,0,0,0,0,0,0,0,0,0,0,0,0,0,0,Eukaryota,Obazoa,Opisthokonta,Fungi,Chytridiomycota,Rhizophydiales,Kappamycetaceae,Kappamyces,NA,Opisthokonta_Chytridiomycota
ASV_1003,0,0,0,0,0,0,0,0,0,0,0,0,0,0,0,0,0,0,0,0,0,0,0,0,0,0,0,0,0,0,0,0,0,67,0,0,159,0,0,0,0,0,0,0,0,Eukaryota,TSAR,Rhizaria,Cercozoa,Novel-clade-10-12,Tremulida,Tremulidae,Tremula,Tremula_sp.,Rhizaria
ASV_1004,0,0,0,0,0,0,0,0,0,0,0,0,0,0,0,225,0,0,0,0,0,0,0,0,0,0,0,0,0,0,0,0,0,0,0,0,0,0,0,0,0,0,0,0,0,Eukaryota,Archaeplastida,Streptophyta,Streptophyta_X,Embryophyceae,Embryophyceae_X,Embryophyceae_XX,Cupressus,Cupressus_gigantea,Streptophyta
ASV_1005,0,0,0,0,0,0,0,0,0,0,0,0,0,0,0,225,0,0,0,0,0,0,0,0,0,0,0,0,0,0,0,0,0,0,0,0,0,0,0,0,0,0,0,0,0,Eukaryota,Haptista,Haptophyta,Haptophyta_X,Prymnesiophyceae,Prymnesiales,Chrysochromulinaceae,Chrysochromulina,Chrysochromulina_tobin,Haptophyta
ASV_1006,0,0,0,0,0,0,0,0,0,0,0,0,0,0,0,0,33,0,0,45,0,0,39,0,46,62,0,0,0,0,0,0,0,0,0,0,0,0,0,0,0,0,0,0,0,Eukaryota,Obazoa,Opisthokonta,Fungi,Basidiomycota,Agaricomycotina,Agaricomycetes,Trichaptum,Trichaptum_abietinum,Opisthokonta_Basidiomycota
ASV_1007,0,18,0,0,0,0,0,0,0,0,0,0,0,0,0,0,0,0,0,0,0,0,0,0,0,0,0,0,0,0,0,0,0,0,0,0,0,206,0,0,0,0,0,0,0,Eukaryota,Archaeplastida,Chlorophyta,Chlorophyta_X,Chlorophyceae,Chlamydomonadales,Chlamydomonadales_X,Nautococcus,Nautococcus_solutus,Chlorophyta
ASV_1008,0,0,0,0,0,0,0,0,0,0,0,0,0,0,0,85,50,11,78,0,0,0,0,0,0,0,0,0,0,0,0,0,0,0,0,0,0,0,0,0,0,0,0,0,0,Eukaryota,TSAR,Stramenopiles,Gyrista,Bacillariophyceae,Achnanthales,Cocconeidaceae,Cocconeis,Cocconeis_placentula,Stramenopiles
ASV_1009,0,0,0,0,0,0,0,0,0,0,0,0,0,0,0,0,0,0,0,0,0,0,0,0,32,192,0,0,0,0,0,0,0,0,0,0,0,0,0,0,0,0,0,0,0,Eukaryota,TSAR,Stramenopiles,Bigyra,Opalozoa,Opalozoa_X,MAST-12,MAST-12C,MAST-12C_sp.,Stramenopiles
ASV_1010,0,0,0,0,0,0,0,0,0,0,0,0,0,0,0,0,0,0,0,0,0,0,0,0,0,0,0,224,0,0,0,0,0,0,0,0,0,0,0,0,0,0,0,0,0,Eukaryota,Obazoa,Opisthokonta,NA,NA,NA,NA,NA,NA,Opisthokonta_Unclassified
ASV_1011,0,0,0,0,0,0,0,0,0,0,0,0,0,0,0,0,0,0,0,0,0,0,0,0,0,0,0,0,0,0,0,0,0,0,0,0,224,0,0,0,0,0,0,0,0,Eukaryota,TSAR,Rhizaria,Cercozoa,Novel-clade-10-12,Tremulida,Tremulidae,Tremula,Tremula_sp.,Rhizaria
ASV_1012,0,0,0,0,0,0,0,0,0,0,0,0,0,0,0,0,0,0,0,0,0,0,0,0,0,0,0,0,0,0,0,0,0,0,0,0,177,0,0,47,0,0,0,0,0,Eukaryota,Archaeplastida,Chlorophyta,Chlorophyta_X,Trebouxiophyceae,Chlorellales,Chlorellales_X,Ooplanctella,Ooplanctella_planoconvexa,Chlorophyta
ASV_1013,0,0,0,0,0,0,0,0,24,54,0,66,0,0,0,0,0,0,0,0,0,0,0,0,0,0,0,30,0,0,0,0,0,0,0,0,0,0,0,0,0,49,0,0,0,Eukaryota,Obazoa,Opisthokonta,Metazoa,Arthropoda,Crustacea,Maxillopoda,NA,NA,Opisthokonta_Arthropoda
ASV_1014,0,0,0,0,0,0,0,0,0,0,0,0,0,0,0,0,29,20,67,62,0,0,45,0,0,0,0,0,0,0,0,0,0,0,0,0,0,0,0,0,0,0,0,0,0,Eukaryota,Archaeplastida,Chlorophyta,Chlorophyta_X,Chlorophyceae,Sphaeropleales,Sphaeropleales_X,Ankyra,Ankyra_judayi,Chlorophyta
ASV_1015,0,0,0,0,0,0,0,0,0,0,0,0,0,0,0,0,0,0,0,0,0,0,0,0,56,127,0,0,0,0,0,0,0,30,0,0,0,0,0,0,0,10,0,0,0,Eukaryota,Obazoa,Opisthokonta,Fungi,Basidiomycota,Agaricomycotina,Agaricomycetes,Trichaptum,Trichaptum_abietinum,Opisthokonta_Basidiomycota
ASV_1016,0,0,0,0,0,0,0,0,0,0,0,0,0,0,0,0,0,0,0,0,0,0,0,0,0,0,223,0,0,0,0,0,0,0,0,0,0,0,0,0,0,0,0,0,0,Eukaryota,Archaeplastida,Chlorophyta,Chlorophyta_X,Chlorophyceae,Chlamydomonadales,Chlamydomonadales_X,Carteria,Carteria_lunzensis,Chlorophyta
ASV_1017,0,0,0,0,0,0,0,0,0,0,0,0,0,0,0,0,0,0,0,0,166,56,0,0,0,0,0,0,0,0,0,0,0,0,0,0,0,0,0,0,0,0,0,0,0,Eukaryota,Obazoa,Opisthokonta,Fungi,Chytridiomycota,NA,NA,NA,NA,Opisthokonta_Chytridiomycota
ASV_1018,0,0,0,0,0,0,0,0,0,0,0,0,0,0,0,0,0,0,0,0,0,0,0,0,0,0,0,0,0,0,44,0,0,178,0,0,0,0,0,0,0,0,0,0,0,Eukaryota,TSAR,Stramenopiles,Gyrista,Synchromophyceae,Synchromophyceae_X,Synchromophyceae_XX,Synchromophyceae_XXX,Synchromophyceae_XXX_sp.,Stramenopiles
ASV_1019,0,0,0,0,0,0,0,0,0,0,0,0,0,0,0,0,0,0,0,0,0,0,0,0,0,0,0,0,0,0,0,0,0,131,0,91,0,0,0,0,0,0,0,0,0,Eukaryota,TSAR,Stramenopiles,Gyrista,Synchromophyceae,Synchromophyceae_X,Synchromophyceae_XX,Synchromophyceae_XXX,Synchromophyceae_XXX_sp.,Stramenopiles
ASV_1020,0,23,0,0,0,0,0,0,0,0,0,0,0,0,0,0,0,0,0,0,0,0,0,0,0,0,0,0,0,0,0,0,0,0,0,0,198,0,0,0,0,0,0,0,0,Eukaryota,Obazoa,Opisthokonta,Fungi,Ascomycota,Pezizomycotina,Sordariomycetes,NA,NA,Opisthokonta_Ascomycota
ASV_1021,0,0,0,0,0,0,0,0,0,0,0,0,0,0,0,221,0,0,0,0,0,0,0,0,0,0,0,0,0,0,0,0,0,0,0,0,0,0,0,0,0,0,0,0,0,Eukaryota,Obazoa,Opisthokonta,Metazoa,Gastrotricha,Gastrotricha_X,Gastrotricha_XX,Ichthydium,Ichthydium_squamigerum,Opisthokonta_Gastrotricha
ASV_1022,11,0,33,0,0,0,0,12,0,0,0,0,0,0,0,0,160,0,0,0,0,0,0,0,0,0,0,0,0,4,0,0,0,0,0,0,0,0,0,0,0,0,0,0,0,Eukaryota,TSAR,Stramenopiles,Gyrista,Peronosporomycetes,Peronosporomycetes,NA,NA,NA,Stramenopiles
ASV_1023,0,0,0,0,0,0,0,0,0,0,0,0,0,0,0,0,0,0,0,0,0,0,0,0,220,0,0,0,0,0,0,0,0,0,0,0,0,0,0,0,0,0,0,0,0,Eukaryota,Obazoa,Opisthokonta,Fungi,Chytridiomycota,NA,NA,NA,NA,Opisthokonta_Chytridiomycota
ASV_1024,0,0,0,0,0,0,0,0,0,0,0,0,0,0,0,0,0,0,0,0,0,0,0,0,0,220,0,0,0,0,0,0,0,0,0,0,0,0,0,0,0,0,0,0,0,Eukaryota,TSAR,Stramenopiles,Bigyra,Bicoecea,NA,NA,NA,NA,Stramenopiles
ASV_1025,0,0,0,0,0,0,0,0,0,0,0,0,0,0,0,0,0,0,0,0,0,0,0,0,0,0,0,0,0,0,220,0,0,0,0,0,0,0,0,0,0,0,0,0,0,Eukaryota,TSAR,Stramenopiles,Gyrista,Peronosporomycetes,Peronosporomycetes,Peronosporales,Pythiaceae,Pythiaceae_sp.,Stramenopiles
ASV_1026,0,0,0,0,0,0,0,0,0,0,0,0,0,0,0,0,0,0,0,0,0,0,0,0,0,0,0,0,0,0,0,0,0,0,119,0,0,0,27,0,0,74,0,0,0,Eukaryota,Archaeplastida,Streptophyta,Streptophyta_X,Zygnemophyceae, Zygnemophyceae, ZygnemophyceaeX,Closterium,Closterium_sp.,Streptophyta
ASV_1027,0,0,0,0,0,0,0,0,0,0,0,0,0,0,0,0,0,0,0,0,0,0,0,0,0,0,0,0,0,0,0,0,0,0,0,0,220,0,0,0,0,0,0,0,0,Eukaryota,Obazoa,Opisthokonta,Choanoflagellata,Choanoflagellatea,Craspedida,Monosigidae_Group_O,Monosigidae_Group_O_X,Monosigidae_Group_O_X_sp.,Opisthokonta_Choanoflagellatea
ASV_1028,0,0,0,0,219,0,0,0,0,0,0,0,0,0,0,0,0,0,0,0,0,0,0,0,0,0,0,0,0,0,0,0,0,0,0,0,0,0,0,0,0,0,0,0,0,Eukaryota,Obazoa,Opisthokonta,NA,NA,NA,NA,NA,NA,Opisthokonta_Unclassified
ASV_1029,0,0,0,0,0,0,137,0,0,0,32,0,28,0,21,0,0,0,0,0,0,0,0,0,0,0,0,0,0,0,0,0,0,0,0,0,0,0,0,0,0,0,0,0,0,Eukaryota,Archaeplastida,Chlorophyta,Chlorophyta_X,Chlorophyceae,Chlamydomonadales,Chlamydomonadales_X,NA,NA,Chlorophyta
ASV_1030,0,0,0,0,0,0,0,0,0,0,0,0,0,0,0,96,0,0,65,0,0,0,0,0,0,0,0,0,0,0,0,0,0,57,0,0,0,0,0,0,0,0,0,0,0,Eukaryota,Obazoa,Opisthokonta,Fungi,NA,NA,NA,NA,NA,Opisthokonta_Unclassified
ASV_1031,0,0,0,0,0,0,0,0,0,0,0,0,0,0,0,0,0,0,0,0,218,0,0,0,0,0,0,0,0,0,0,0,0,0,0,0,0,0,0,0,0,0,0,0,0,Eukaryota,Obazoa,Opisthokonta,Fungi,Chytridiomycota,Rhizophydiales,Rhizophydiales_X,Rhizophydiales_XX,Rhizophydiales_XX_sp.,Opisthokonta_Chytridiomycota
ASV_1032,0,0,0,0,0,0,0,0,0,0,0,0,0,0,0,0,0,0,0,0,0,0,0,0,0,0,218,0,0,0,0,0,0,0,0,0,0,0,0,0,0,0,0,0,0,Eukaryota,Obazoa,Opisthokonta,Fungi,Chytridiomycota,NA,NA,NA,NA,Opisthokonta_Chytridiomycota
ASV_1033,0,0,0,0,0,0,0,0,0,0,0,0,0,0,217,0,0,0,0,0,0,0,0,0,0,0,0,0,0,0,0,0,0,0,0,0,0,0,0,0,0,0,0,0,0,Eukaryota,Archaeplastida,Chlorophyta,Chlorophyta_X,Chlorophyceae,Chlamydomonadales,Chlamydomonadales_X,Gonium,Gonium_pectorale,Chlorophyta
ASV_1034,0,0,0,0,0,0,0,0,0,0,0,0,0,0,0,0,15,0,66,0,0,0,0,0,0,0,0,0,0,0,136,0,0,0,0,0,0,0,0,0,0,0,0,0,0,Eukaryota,TSAR,Stramenopiles,Gyrista,Bacillariophyceae,Bacillariales,Bacillariaceae,NA,NA,Stramenopiles
ASV_1035,0,0,0,0,0,0,0,0,0,0,0,0,0,0,0,0,0,0,0,0,0,0,0,0,0,0,0,0,0,0,0,0,0,217,0,0,0,0,0,0,0,0,0,0,0,Eukaryota,Obazoa,Opisthokonta,Ichthyosporea,Ichthyophonida,Ichthyosphonida_X,Ichthyophonidae_Freshwater,Ichthyophonidae_Freshwater_X,Ichthyophonidae_Freshwater_X_sp.,Opisthokonta_Ichthyophonida
ASV_1036,0,0,0,0,0,0,0,0,0,0,0,0,0,0,0,0,0,0,0,0,0,0,0,0,0,0,216,0,0,0,0,0,0,0,0,0,0,0,0,0,0,0,0,0,0,Eukaryota,Archaeplastida,Chlorophyta,Chlorophyta_X,Chlorophyceae,Chlamydomonadales,Chlamydomonadales_X,Carteria,Carteria_lunzensis,Chlorophyta
ASV_1037,0,0,0,0,0,0,0,0,0,0,0,0,0,0,0,0,0,0,0,0,0,0,0,0,0,0,0,216,0,0,0,0,0,0,0,0,0,0,0,0,0,0,0,0,0,Eukaryota,Obazoa,Opisthokonta,Fungi,Basidiomycota,Ustilaginomycotina,Ustilaginomycetes,Pseudozyma,Pseudozyma_aphidis,Opisthokonta_Basidiomycota
ASV_1038,0,0,0,0,0,0,0,0,0,0,0,0,0,0,0,0,0,0,0,0,0,0,0,0,0,0,0,0,216,0,0,0,0,0,0,0,0,0,0,0,0,0,0,0,0,Eukaryota,TSAR,Stramenopiles,Gyrista,Raphidophyceae,Raphidophyceae_X,Raphidophyceae_XX,Vacuolaria,Vacuolaria_virescens,Stramenopiles
ASV_1039,0,0,0,0,0,0,0,0,0,0,0,0,0,0,0,0,0,0,0,0,0,0,0,0,0,0,0,215,0,0,0,0,0,0,0,0,0,0,0,0,0,0,0,0,0,Eukaryota,Obazoa,Opisthokonta,Fungi,Chytridiomycota,Rhizophydiales,Rhizophydiales_X,Rhizophydiales_XX,Rhizophydiales_XX_sp.,Opisthokonta_Chytridiomycota
ASV_1040,0,0,0,0,0,0,0,0,0,0,0,0,0,0,0,0,0,0,0,0,0,0,0,0,0,0,0,0,0,215,0,0,0,0,0,0,0,0,0,0,0,0,0,0,0,Eukaryota,Obazoa,Opisthokonta,Choanoflagellata,Choanoflagellatea,Craspedida,Salpingoecidae_Group_C1,Salpingoecidae_Group_C1_X,Salpingoecidae_Group_C1_X_sp.,Opisthokonta_Choanoflagellatea
ASV_1041,0,214,0,0,0,0,0,0,0,0,0,0,0,0,0,0,0,0,0,0,0,0,0,0,0,0,0,0,0,0,0,0,0,0,0,0,0,0,0,0,0,0,0,0,0,Eukaryota,Obazoa,Opisthokonta,NA,NA,NA,NA,NA,NA,Opisthokonta_Unclassified
ASV_1042,0,0,0,0,0,0,0,0,0,0,0,0,0,0,0,132,0,0,82,0,0,0,0,0,0,0,0,0,0,0,0,0,0,0,0,0,0,0,0,0,0,0,0,0,0,Eukaryota,Obazoa,Opisthokonta,Fungi,Chytridiomycota,Lobulomycetales,Lobulomycetaceae,Lobulomyces,NA,Opisthokonta_Chytridiomycota
ASV_1043,0,0,0,0,0,0,0,0,0,0,0,0,0,0,0,0,0,78,0,0,0,0,0,0,0,136,0,0,0,0,0,0,0,0,0,0,0,0,0,0,0,0,0,0,0,Eukaryota,TSAR,Stramenopiles,Gyrista,Mediophyceae,Thalassiosirales,Stephanodiscaceae,Stephanodiscus,Stephanodiscus_hantzschii,Stramenopiles
ASV_1044,0,0,0,0,0,0,0,0,0,0,0,0,0,0,0,0,0,0,0,0,0,0,0,214,0,0,0,0,0,0,0,0,0,0,0,0,0,0,0,0,0,0,0,0,0,Eukaryota,TSAR,Stramenopiles,Gyrista,Chrysophyceae,NA,NA,NA,NA,Stramenopiles
ASV_1045,0,0,0,0,0,0,0,0,0,0,0,0,0,0,0,0,0,0,0,0,0,0,0,0,0,0,0,214,0,0,0,0,0,0,0,0,0,0,0,0,0,0,0,0,0,Eukaryota,Archaeplastida,Chlorophyta,Chlorophyta_X,Chlorophyceae,Sphaeropleales,Sphaeropleales_X,Desmodesmus,Desmodesmus_pannonicus,Chlorophyta
ASV_1046,0,0,0,0,0,0,0,0,0,0,0,0,0,0,0,0,0,0,0,0,0,0,0,0,0,0,0,0,0,0,0,0,0,108,27,0,79,0,0,0,0,0,0,0,0,Eukaryota,TSAR,Stramenopiles,Bigyra,Bicoecea,Pseudodendromonadales,Pseudodendromonadales_X,Pseudodendromonadales_XX,Pseudodendromonadales_XX_sp.,Stramenopiles
ASV_1047,0,0,17,22,108,0,0,0,0,0,0,0,0,0,0,0,0,0,0,0,0,0,0,0,0,0,0,0,0,0,0,0,0,11,0,0,55,0,0,0,0,0,0,0,0,Eukaryota,Archaeplastida,Chlorophyta,Chlorophyta_X,Chlorophyceae,Sphaeropleales,Sphaeropleales_X,Pseudomuriella,Pseudomuriella_engadinensis,Chlorophyta
ASV_1048,0,0,0,0,0,0,0,213,0,0,0,0,0,0,0,0,0,0,0,0,0,0,0,0,0,0,0,0,0,0,0,0,0,0,0,0,0,0,0,0,0,0,0,0,0,Eukaryota,Obazoa,Opisthokonta,Metazoa,Arthropoda,Chelicerata,Arachnida,NA,NA,Opisthokonta_Arthropoda
ASV_1049,0,0,0,0,0,0,0,0,0,0,0,0,0,0,0,0,0,0,0,0,213,0,0,0,0,0,0,0,0,0,0,0,0,0,0,0,0,0,0,0,0,0,0,0,0,Eukaryota,Archaeplastida,Chlorophyta,Chlorophyta_X,Chlorophyceae,Chlamydomonadales,Chlamydomonadales_X,Carteria,Carteria_lunzensis,Chlorophyta
ASV_1050,0,0,0,0,0,0,0,0,0,0,0,0,0,0,0,0,0,0,0,0,0,0,0,0,0,0,0,0,0,0,0,0,0,0,0,0,0,0,0,0,47,0,166,0,0,Eukaryota,TSAR,Rhizaria,Cercozoa,Filosa-SarcomoNAdea,Glissomonadida,Allapsidae,Group-Te,Group_Te_sp.,Rhizaria
ASV_1051,0,0,0,0,0,0,11,0,0,0,0,0,0,0,0,0,0,0,0,86,0,0,53,27,29,0,0,0,0,0,0,0,0,0,0,0,0,0,6,0,0,0,0,0,0,Eukaryota,TSAR,Stramenopiles,Bigyra,Opalozoa,Opalozoa_X,MAST-12,MAST-12_X,MAST-12_X_sp.,Stramenopiles
ASV_1052,0,0,0,0,0,0,0,0,0,0,0,46,0,0,0,0,0,0,0,0,0,0,0,0,0,0,0,166,0,0,0,0,0,0,0,0,0,0,0,0,0,0,0,0,0,Eukaryota,Archaeplastida,Streptophyta,Streptophyta_X,Embryophyceae,Embryophyceae_X,Embryophyceae_XX,Aegilops,Aegilops_tauschii,Streptophyta
ASV_1053,0,0,0,0,0,0,0,0,0,0,0,0,0,0,0,0,0,0,0,0,0,0,16,0,0,59,0,0,115,22,0,0,0,0,0,0,0,0,0,0,0,0,0,0,0,Eukaryota,Archaeplastida,Chlorophyta,Chlorophyta_X,Chlorophyceae,Sphaeropleales,Sphaeropleales_X,Quadrigula,Quadrigula_closterioides,Chlorophyta
ASV_1054,0,0,0,0,0,0,0,0,0,0,0,0,0,0,0,211,0,0,0,0,0,0,0,0,0,0,0,0,0,0,0,0,0,0,0,0,0,0,0,0,0,0,0,0,0,Eukaryota,TSAR,Stramenopiles,Gyrista,Chrysophyceae,Paraphysomonadales,NA,NA,NA,Stramenopiles
ASV_1055,0,0,0,0,0,0,0,0,0,0,0,0,0,0,0,99,0,0,0,0,112,0,0,0,0,0,0,0,0,0,0,0,0,0,0,0,0,0,0,0,0,0,0,0,0,Eukaryota,TSAR,Rhizaria,Cercozoa,Endomyxa,Vampyrellida,Leptophryidae,Vernalophrys,Vernalophrys_algivore,Rhizaria
ASV_1056,0,0,0,0,0,0,0,0,0,0,0,0,0,0,0,0,23,19,0,0,122,0,35,0,12,0,0,0,0,0,0,0,0,0,0,0,0,0,0,0,0,0,0,0,0,Eukaryota,Archaeplastida,Chlorophyta,Chlorophyta_X,Chlorophyceae,Chlamydomonadales,Chlamydomonadales_X,NA,NA,Chlorophyta
ASV_1057,0,0,0,0,0,0,0,0,0,0,0,0,0,0,0,0,0,0,0,211,0,0,0,0,0,0,0,0,0,0,0,0,0,0,0,0,0,0,0,0,0,0,0,0,0,Eukaryota,Obazoa,Opisthokonta,Metazoa,Gastrotricha,Gastrotricha_X,Gastrotricha_XX,Chaetonotus,Chaetonotus_sp.,Opisthokonta_Gastrotricha
ASV_1058,0,0,0,0,0,0,0,0,0,0,0,0,0,0,0,0,0,0,0,0,0,0,0,0,0,0,0,0,0,0,88,7,0,96,0,0,20,0,0,0,0,0,0,0,0,Eukaryota,TSAR,Rhizaria,Cercozoa,Filosa-SarcomoNAdea,Cercomonadida,Paracercomonadidae,Paracercomonas,Paracercomonas_ambulans,Rhizaria
ASV_1059,0,0,0,0,0,0,0,0,0,0,0,0,0,0,0,0,0,0,0,0,0,0,0,0,0,0,0,0,0,0,0,0,0,0,0,0,211,0,0,0,0,0,0,0,0,Eukaryota,TSAR,Rhizaria,Cercozoa,Novel-clade-10-12,Tremulida,Tremulidae,Tremula,Tremula_longifila,Rhizaria
ASV_1060,0,0,0,210,0,0,0,0,0,0,0,0,0,0,0,0,0,0,0,0,0,0,0,0,0,0,0,0,0,0,0,0,0,0,0,0,0,0,0,0,0,0,0,0,0,Eukaryota,TSAR,Stramenopiles,Bigyra,Bicoecea,Pseudodendromonadales,Pseudodendromonadales_X,Pseudodendromonadales_XX,Pseudodendromonadales_XX_sp.,Stramenopiles
ASV_1061,0,0,0,0,0,0,0,0,0,0,0,0,0,0,0,210,0,0,0,0,0,0,0,0,0,0,0,0,0,0,0,0,0,0,0,0,0,0,0,0,0,0,0,0,0,Eukaryota,Obazoa,Opisthokonta,Metazoa,Arthropoda,Crustacea,Maxillopoda,Eudiaptomus,Eudiaptomus_graciloides,Opisthokonta_Arthropoda
ASV_1062,0,0,0,0,0,0,0,0,0,0,0,0,0,0,0,0,0,0,0,210,0,0,0,0,0,0,0,0,0,0,0,0,0,0,0,0,0,0,0,0,0,0,0,0,0,Eukaryota,TSAR,Rhizaria,Cercozoa,Filosa-SarcomoNAdea,Pansomonadida,Pansomonadida_X,Pansomonadida_XX,Pansomonadida_XX_sp.,Rhizaria
ASV_1063,0,0,0,0,0,0,0,0,0,0,0,0,0,0,0,100,0,109,0,0,0,0,0,0,0,0,0,0,0,0,0,0,0,0,0,0,0,0,0,0,0,0,0,0,0,Eukaryota,Obazoa,Opisthokonta,Fungi,Chytridiomycota,Rhizophydiales,Rhizophydiaceae,Rhizophydium,NA,Opisthokonta_Chytridiomycota
ASV_1064,0,0,0,0,0,0,0,0,0,0,0,0,0,0,0,0,67,63,45,0,0,0,34,0,0,0,0,0,0,0,0,0,0,0,0,0,0,0,0,0,0,0,0,0,0,Eukaryota,TSAR,Stramenopiles,Gyrista,Chrysophyceae,Chrysosaccales,Chrysosaccaceae,Chrysosphaera,Chrysosphaera_parvula,Stramenopiles
ASV_1065,0,0,0,0,0,0,0,0,0,0,0,0,0,0,0,0,0,0,0,0,0,0,0,0,0,209,0,0,0,0,0,0,0,0,0,0,0,0,0,0,0,0,0,0,0,Eukaryota,Obazoa,Opisthokonta,Fungi,Chytridiomycota,Zygophlyctidales,Zygophlyctidaceae,Zygophlyctis,NA,Opisthokonta_Chytridiomycota
ASV_1066,0,0,0,0,0,0,0,0,0,0,0,0,0,0,0,0,0,7,0,41,160,0,0,0,0,0,0,0,0,0,0,0,0,0,0,0,0,0,0,0,0,0,0,0,0,Eukaryota,TSAR,Stramenopiles,NA,NA,NA,NA,NA,NA,Stramenopiles
ASV_1067,0,0,0,0,0,0,0,0,0,0,0,0,0,0,0,0,0,0,0,0,0,208,0,0,0,0,0,0,0,0,0,0,0,0,0,0,0,0,0,0,0,0,0,0,0,Eukaryota,Archaeplastida,Chlorophyta,Chlorophyta_X,Chlorophyceae,Chlamydomonadales,Chlamydomonadales_X,Carteria,Carteria_lunzensis,Chlorophyta
ASV_1068,0,0,0,0,0,0,0,0,0,0,0,0,0,0,0,0,0,0,0,0,0,0,0,0,0,0,0,0,0,0,0,0,0,208,0,0,0,0,0,0,0,0,0,0,0,Eukaryota,Obazoa,Opisthokonta,Fungi,NA,NA,NA,NA,NA,Opisthokonta_Unclassified
ASV_1069,0,0,0,0,0,0,0,0,0,0,0,0,0,0,0,207,0,0,0,0,0,0,0,0,0,0,0,0,0,0,0,0,0,0,0,0,0,0,0,0,0,0,0,0,0,Eukaryota,TSAR,Rhizaria,Cercozoa,Endomyxa,Vampyrellida,Vampyrellidae,Vampyrella,Vampyrella_pendula,Rhizaria
ASV_1070,0,0,0,0,0,0,0,0,0,0,0,0,0,0,0,207,0,0,0,0,0,0,0,0,0,0,0,0,0,0,0,0,0,0,0,0,0,0,0,0,0,0,0,0,0,Eukaryota,Archaeplastida,Chlorophyta,Chlorophyta_X,Trebouxiophyceae,Trebouxiophyceae_X,Trebouxiophyceae_XX,Botryococcus,Botryococcus_terribilis,Chlorophyta
ASV_1071,0,0,0,0,0,0,0,0,0,0,0,0,0,0,0,73,0,0,59,0,0,0,0,0,0,0,0,0,0,0,0,0,0,0,0,0,10,0,13,20,0,0,32,0,0,Eukaryota,Obazoa,Opisthokonta,Fungi,NA,NA,NA,NA,NA,Opisthokonta_Unclassified
ASV_1072,0,0,0,0,0,0,0,0,0,0,0,0,0,0,0,0,0,0,0,0,0,0,0,0,11,0,0,0,0,11,0,0,0,12,0,0,173,0,0,0,0,0,0,0,0,Eukaryota,TSAR,Alveolata,Chrompodellids,Colpodellidea,Colpodellida,Alphamonaceae,Alphamonas,Alphamonas_sp.,Alveolata
ASV_1073,0,0,0,0,0,0,0,0,0,0,0,0,0,0,0,0,0,0,0,0,0,0,0,0,0,181,0,0,0,26,0,0,0,0,0,0,0,0,0,0,0,0,0,0,0,Eukaryota,Obazoa,Opisthokonta,Fungi,NA,NA,NA,NA,NA,Opisthokonta_Unclassified
ASV_1074,0,0,0,206,0,0,0,0,0,0,0,0,0,0,0,0,0,0,0,0,0,0,0,0,0,0,0,0,0,0,0,0,0,0,0,0,0,0,0,0,0,0,0,0,0,Eukaryota,Obazoa,Opisthokonta,Fungi,Chytridiomycota,Spizellomycetales,NA,NA,NA,Opisthokonta_Chytridiomycota
ASV_1075,0,0,0,0,0,206,0,0,0,0,0,0,0,0,0,0,0,0,0,0,0,0,0,0,0,0,0,0,0,0,0,0,0,0,0,0,0,0,0,0,0,0,0,0,0,Eukaryota,Obazoa,Opisthokonta,Fungi,Blastocladiomycota,Blastocladiomycotina,Blastocladiomycetes,Catenaria,Catenaria_sp.,Opisthokonta_Blastocladiomycota
ASV_1076,0,0,0,0,0,0,0,0,0,0,0,0,0,0,0,0,0,39,0,72,0,0,95,0,0,0,0,0,0,0,0,0,0,0,0,0,0,0,0,0,0,0,0,0,0,Eukaryota,Obazoa,Opisthokonta,Fungi,Chytridiomycota,Zygophlyctidales,Zygophlyctidaceae,Zygophlyctis,NA,Opisthokonta_Chytridiomycota
ASV_1077,0,0,0,0,0,0,0,0,0,0,0,0,0,0,0,0,0,0,0,0,0,0,0,0,0,195,0,0,0,0,0,0,0,0,0,0,0,0,11,0,0,0,0,0,0,Eukaryota,TSAR,Stramenopiles,Gyrista,Dictyochophyceae,Dictyochophyceae_X,Pedinellales,Pseudopedinella,NA,Stramenopiles
ASV_1078,0,0,0,0,0,0,0,0,0,0,0,0,0,0,0,0,0,0,0,0,0,0,0,0,0,0,0,206,0,0,0,0,0,0,0,0,0,0,0,0,0,0,0,0,0,Eukaryota,Obazoa,Opisthokonta,Metazoa,NA,NA,NA,NA,NA,Opisthokonta_Unclassified
ASV_1079,0,0,0,0,0,0,0,0,0,0,0,0,0,0,0,0,38,0,26,25,0,4,10,20,10,72,0,0,0,0,0,0,0,0,0,0,0,0,0,0,0,0,0,0,0,Eukaryota,TSAR,Rhizaria,Cercozoa,Endomyxa,Vampyrellida,Leptophryidae,Vernalophrys,Vernalophrys_algivore,Rhizaria
ASV_1080,0,0,0,0,0,0,0,0,0,0,0,0,0,0,0,0,0,0,0,0,108,0,0,0,14,83,0,0,0,0,0,0,0,0,0,0,0,0,0,0,0,0,0,0,0,Eukaryota,Obazoa,Opisthokonta,Fungi,Ascomycota,Pezizomycotina,Sordariomycetes,Myrothecium,Myrothecium_roridum,Opisthokonta_Ascomycota
ASV_1081,0,0,0,0,0,0,0,0,0,0,0,0,0,0,0,0,35,0,121,0,0,0,48,0,0,0,0,0,0,0,0,0,0,0,0,0,0,0,0,0,0,0,0,0,0,Eukaryota,Archaeplastida,Streptophyta,Streptophyta_X,Zygnemophyceae, Zygnemophyceae, ZygnemophyceaeX,Mougeotia,Mougeotia_sp.,Streptophyta
ASV_1082,0,0,0,0,0,0,0,0,0,0,0,0,0,0,0,0,0,0,72,62,0,0,70,0,0,0,0,0,0,0,0,0,0,0,0,0,0,0,0,0,0,0,0,0,0,Eukaryota,Archaeplastida,Chlorophyta,Chlorophyta_X,Chlorophyceae,Chlamydomonadales,Chlamydomonadales_X,NA,NA,Chlorophyta
ASV_1083,0,0,0,0,0,0,0,0,0,0,0,0,0,0,0,0,0,0,0,0,204,0,0,0,0,0,0,0,0,0,0,0,0,0,0,0,0,0,0,0,0,0,0,0,0,Eukaryota,TSAR,Stramenopiles,Gyrista,Chrysophyceae,NA,NA,NA,NA,Stramenopiles
ASV_1084,0,0,0,0,0,0,0,0,0,0,0,0,0,0,0,0,0,0,0,0,0,0,0,0,0,0,0,0,204,0,0,0,0,0,0,0,0,0,0,0,0,0,0,0,0,Eukaryota,Obazoa,Opisthokonta,Metazoa,Annelida,Annelida_X,Annelida_XX,NA,NA,Opisthokonta_Annelida
ASV_1085,0,0,0,0,0,0,203,0,0,0,0,0,0,0,0,0,0,0,0,0,0,0,0,0,0,0,0,0,0,0,0,0,0,0,0,0,0,0,0,0,0,0,0,0,0,Eukaryota,Obazoa,Opisthokonta,Fungi,Chytridiomycota,Zygophlyctidales,Zygophlyctidaceae,Zygophlyctis,Zygophlyctis_melosirae,Opisthokonta_Chytridiomycota
ASV_1086,0,0,0,0,0,0,203,0,0,0,0,0,0,0,0,0,0,0,0,0,0,0,0,0,0,0,0,0,0,0,0,0,0,0,0,0,0,0,0,0,0,0,0,0,0,Eukaryota,Obazoa,Opisthokonta,Metazoa,Arthropoda,Crustacea,Ostracoda,Cypridopsis,Cypridopsis_adusta,Opisthokonta_Arthropoda
ASV_1087,0,0,0,0,0,0,99,0,27,0,0,0,0,0,0,0,0,0,0,0,0,0,0,0,0,0,0,0,0,0,0,0,0,0,0,0,52,0,0,5,0,20,0,0,0,Eukaryota,Obazoa,Opisthokonta,Choanoflagellata,Choanoflagellatea,Craspedida,Monosigidae_Group_A,Monosiga,Monosiga_ovata,Opisthokonta_Choanoflagellatea
ASV_1088,0,0,0,0,0,0,0,0,0,0,0,0,0,0,0,203,0,0,0,0,0,0,0,0,0,0,0,0,0,0,0,0,0,0,0,0,0,0,0,0,0,0,0,0,0,Eukaryota,TSAR,Stramenopiles,Gyrista,Chrysophyceae,Ochromonadales,NA,NA,NA,Stramenopiles
ASV_1089,0,0,0,0,0,0,0,0,0,0,0,0,0,0,0,0,0,0,0,0,0,0,55,0,148,0,0,0,0,0,0,0,0,0,0,0,0,0,0,0,0,0,0,0,0,Eukaryota,Obazoa,Opisthokonta,Fungi,Chytridiomycota,Rhizophydiales,Kappamycetaceae,Kappamyces,NA,Opisthokonta_Chytridiomycota
ASV_1090,0,0,0,0,0,0,0,0,0,0,0,0,0,0,0,0,0,0,0,202,0,0,0,0,0,0,0,0,0,0,0,0,0,0,0,0,0,0,0,0,0,0,0,0,0,Eukaryota,TSAR,Stramenopiles,Gyrista,Chrysophyceae,Chrysosaccales,Chrysosaccaceae,Chrysosphaera,Chrysosphaera_parvula,Stramenopiles
ASV_1091,0,0,0,0,0,0,0,0,0,0,0,0,0,0,0,0,0,0,0,0,0,26,0,0,0,0,0,0,0,0,67,0,0,0,0,0,109,0,0,0,0,0,0,0,0,Eukaryota,TSAR,Rhizaria,Cercozoa,Novel-clade-10-12,Tremulida,Tremulidae,Tremula,Tremula_longifila,Rhizaria
ASV_1092,0,0,0,0,0,0,0,0,0,0,0,0,0,0,0,0,0,0,0,0,0,0,0,0,202,0,0,0,0,0,0,0,0,0,0,0,0,0,0,0,0,0,0,0,0,Eukaryota,Obazoa,Opisthokonta,Fungi,Chytridiomycota,Rhizophydiales,NA,NA,NA,Opisthokonta_Chytridiomycota
ASV_1093,0,0,0,0,0,0,0,0,0,0,0,0,0,0,0,0,0,0,0,0,0,0,0,0,0,0,0,0,0,0,0,7,0,0,0,11,92,0,0,0,0,83,9,0,0,Eukaryota,Archaeplastida,Chlorophyta,Chlorophyta_X,Chlorophyta_XX,Chlorophyta_XXX,Chlorophyta_XXXX,Scotinosphaera,Scotinosphaera_sp.,Chlorophyta
ASV_1094,53,0,0,0,0,0,0,0,0,0,0,0,0,0,0,0,0,0,0,0,0,0,0,0,0,0,0,0,0,0,0,0,148,0,0,0,0,0,0,0,0,0,0,0,0,Eukaryota,Obazoa,Opisthokonta,Metazoa,Arthropoda,Crustacea,Maxillopoda,Skistodiaptomus,NA,Opisthokonta_Arthropoda
ASV_1095,0,0,0,0,0,0,0,0,0,0,0,0,61,140,0,0,0,0,0,0,0,0,0,0,0,0,0,0,0,0,0,0,0,0,0,0,0,0,0,0,0,0,0,0,0,Eukaryota,Obazoa,Opisthokonta,Fungi,NA,NA,NA,NA,NA,Opisthokonta_Unclassified
ASV_1096,0,0,0,0,0,0,0,0,0,0,0,0,0,0,0,0,0,0,0,0,0,0,0,0,0,201,0,0,0,0,0,0,0,0,0,0,0,0,0,0,0,0,0,0,0,Eukaryota,TSAR,Stramenopiles,Gyrista,Chrysophyceae,Chrysophyceae_env_clade-I,Chrysophyceae_env_clade-I_X,Chrysophyceae_env_clade-I_XX,Chrysophyceae_env_clade-I_XX_sp.,Stramenopiles
ASV_1097,0,0,0,0,0,0,0,0,0,0,0,0,0,0,0,0,0,0,0,0,0,0,0,0,0,0,0,0,0,0,0,0,0,201,0,0,0,0,0,0,0,0,0,0,0,Eukaryota,TSAR,Stramenopiles,Gyrista,Chrysophyceae,Paraphysomonadales,Paraphysomonadales_Clade-EC1Gb,Paraphysomonadales_Clade-EC1Gb_X,Paraphysomonadales_Clade-EC1Gb_X_sp.,Stramenopiles
ASV_1098,0,0,11,0,0,0,0,0,0,0,0,0,0,0,0,0,0,0,0,0,0,0,0,0,0,0,0,0,0,0,0,0,0,189,0,0,0,0,0,0,0,0,0,0,0,Eukaryota,TSAR,Stramenopiles,Gyrista,NA,NA,NA,NA,NA,Stramenopiles
ASV_1099,0,0,0,0,0,0,0,0,0,0,0,0,0,0,0,154,0,0,34,0,0,0,0,0,0,0,0,0,0,0,0,0,0,12,0,0,0,0,0,0,0,0,0,0,0,Eukaryota,Obazoa,Opisthokonta,Fungi,Chytridiomycota,NA,NA,NA,NA,Opisthokonta_Chytridiomycota
ASV_1100,0,0,0,0,0,0,0,0,0,0,0,0,0,0,0,0,0,35,0,147,0,0,0,18,0,0,0,0,0,0,0,0,0,0,0,0,0,0,0,0,0,0,0,0,0,Eukaryota,Obazoa,Opisthokonta,Choanoflagellata,Choanoflagellatea,Craspedida,Salpingoecidae_Group_C1,Salpingoecidae_Group_C1_X,Salpingoecidae_Group_C1_X_sp.,Opisthokonta_Choanoflagellatea
ASV_1101,0,0,0,0,0,0,0,0,0,0,0,0,0,0,0,0,0,0,0,0,0,0,0,0,0,0,0,0,0,0,0,0,0,0,0,0,0,200,0,0,0,0,0,0,0,Eukaryota,Obazoa,Opisthokonta,Metazoa,Arthropoda,Crustacea,Ostracoda,Cypria,NA,Opisthokonta_Arthropoda
ASV_1102,0,0,0,0,0,0,0,0,0,0,0,0,16,0,0,0,0,0,0,0,0,0,17,0,0,15,0,0,0,0,0,0,0,0,0,0,151,0,0,0,0,0,0,0,0,Eukaryota,Archaeplastida,Chlorophyta,Chlorophyta_X,Chlorophyceae,Chlamydomonadales,Chlamydomonadales_X,Chlamydomonas,NA,Chlorophyta
ASV_1103,0,0,0,0,0,0,0,0,0,0,0,0,0,0,0,199,0,0,0,0,0,0,0,0,0,0,0,0,0,0,0,0,0,0,0,0,0,0,0,0,0,0,0,0,0,Eukaryota,TSAR,Stramenopiles,Gyrista,Eustigmatophyceae,Eustigmatophyceae_X,Eustigmatophyceae_XX,Trachydiscus,Trachydiscus_sp.,Stramenopiles
ASV_1104,0,0,0,0,0,0,0,0,0,0,0,0,0,0,0,0,0,0,113,0,0,0,0,0,0,0,0,0,0,0,0,0,0,86,0,0,0,0,0,0,0,0,0,0,0,Eukaryota,TSAR,Stramenopiles,Bigyra,Opalozoa,Opalozoa_X,MAST-12,MAST-12C,MAST-12C_sp.,Stramenopiles
ASV_1105,0,0,0,0,0,0,0,0,0,0,0,0,0,0,0,0,0,0,0,0,0,0,0,0,0,0,0,0,199,0,0,0,0,0,0,0,0,0,0,0,0,0,0,0,0,Eukaryota,TSAR,Stramenopiles,Gyrista,Chrysophyceae,NA,NA,NA,NA,Stramenopiles
ASV_1106,0,0,62,0,0,0,0,0,0,0,0,0,0,0,0,0,0,86,0,0,0,0,0,0,49,0,0,0,0,0,0,0,0,0,0,0,0,0,0,0,0,0,0,0,0,Eukaryota,TSAR,Stramenopiles,Gyrista,Peronosporomycetes,Peronosporomycetes,Peronosporales,Phytophthora,Phytophthora_megasperma,Stramenopiles
ASV_1107,0,0,0,0,197,0,0,0,0,0,0,0,0,0,0,0,0,0,0,0,0,0,0,0,0,0,0,0,0,0,0,0,0,0,0,0,0,0,0,0,0,0,0,0,0,Eukaryota,Obazoa,Opisthokonta,Metazoa,Arthropoda,Hexapoda,Collembola,NA,NA,Opisthokonta_Arthropoda
ASV_1108,0,0,0,0,0,0,0,0,0,0,0,0,0,0,0,197,0,0,0,0,0,0,0,0,0,0,0,0,0,0,0,0,0,0,0,0,0,0,0,0,0,0,0,0,0,Eukaryota,TSAR,Stramenopiles,Gyrista,Chrysophyceae,Ochromonadales,Ochromonadaceae,Dinobryon,Dinobryon_sp.,Stramenopiles
ASV_1109,0,0,0,0,0,0,0,0,0,0,0,0,0,0,0,86,42,0,69,0,0,0,0,0,0,0,0,0,0,0,0,0,0,0,0,0,0,0,0,0,0,0,0,0,0,Eukaryota,CRuMs,Rigifilida,Rigifilida_X,Rigifilida_XX,Rigifilida_XXX,Rigifilida_XXXX,Micronuclearia,Micronuclearia_podoventralis,Rigifilida
ASV_1110,0,0,0,0,0,0,0,0,0,0,0,0,0,0,0,0,0,0,0,0,0,0,0,0,0,0,0,0,0,0,0,197,0,0,0,0,0,0,0,0,0,0,0,0,0,Eukaryota,Obazoa,Opisthokonta,Metazoa,Arthropoda,Hexapoda,Collembola,NA,NA,Opisthokonta_Arthropoda
ASV_1111,0,0,0,0,0,0,0,0,0,0,0,0,0,0,0,0,0,0,0,0,0,0,0,0,0,0,0,0,0,0,0,0,0,0,0,0,132,65,0,0,0,0,0,0,0,Eukaryota,Archaeplastida,Chlorophyta,Chlorophyta_X,Chlorophyceae,Chlamydomonadales,Chlamydomonadales_X,Chlamydomonas,Chlamydomonas_incerta,Chlorophyta
ASV_1112,0,0,0,0,0,0,0,0,0,0,0,0,0,0,0,20,0,0,17,63,0,0,22,26,48,0,0,0,0,0,0,0,0,0,0,0,0,0,0,0,0,0,0,0,0,Eukaryota,TSAR,Stramenopiles,Bigyra,Opalozoa,Opalozoa_X,MAST-12,MAST-12C,MAST-12C_sp.,Stramenopiles
ASV_1113,0,0,0,0,0,0,0,0,0,0,0,0,0,0,0,0,0,0,0,0,0,0,82,0,0,0,114,0,0,0,0,0,0,0,0,0,0,0,0,0,0,0,0,0,0,Eukaryota,Obazoa,Opisthokonta,Metazoa,Arthropoda,Hexapoda,Insecta,NA,NA,Opisthokonta_Arthropoda
ASV_1114,0,0,0,0,0,0,0,3,0,0,0,0,0,0,0,152,0,0,32,0,0,0,8,0,0,0,0,0,0,0,0,0,0,0,0,0,0,0,0,0,0,0,0,0,0,Eukaryota,Obazoa,Opisthokonta,Ichthyosporea,Ichthyophonida,Ichthyophonidae,Amoebidianae,Ichthyophonidae_Amoebidianae_X,Ichthyophonidae_Amoebidianae_X_sp.,Opisthokonta_Ichthyophonida
ASV_1115,0,0,0,0,0,0,0,0,0,0,0,0,0,0,0,44,18,0,107,0,0,18,0,8,0,0,0,0,0,0,0,0,0,0,0,0,0,0,0,0,0,0,0,0,0,Eukaryota,Obazoa,Opisthokonta,Metazoa,Porifera,Porifera_X,Demospongiae,Spongilla,NA,Opisthokonta_Porifera
ASV_1116,0,0,0,0,0,0,0,0,0,0,0,0,0,0,0,0,0,0,0,13,0,0,182,0,0,0,0,0,0,0,0,0,0,0,0,0,0,0,0,0,0,0,0,0,0,Eukaryota,Obazoa,Opisthokonta,Fungi,NA,NA,NA,NA,NA,Opisthokonta_Unclassified
ASV_1117,0,0,0,0,0,0,0,0,0,0,0,0,0,0,0,0,0,0,0,0,74,37,0,8,63,13,0,0,0,0,0,0,0,0,0,0,0,0,0,0,0,0,0,0,0,Eukaryota,TSAR,Alveolata,NA,NA,NA,NA,NA,NA,Alveolata
ASV_1118,0,0,0,0,0,0,0,0,0,0,0,0,0,0,0,0,0,0,0,0,0,0,0,0,0,0,0,0,0,0,37,0,0,158,0,0,0,0,0,0,0,0,0,0,0,Eukaryota,TSAR,Stramenopiles,Bigyra,Bicoecea,Pseudodendromonadales,Pseudodendromonadales_X,Pseudodendromonadales_XX,Pseudodendromonadales_XX_sp.,Stramenopiles
ASV_1119,0,0,0,133,61,0,0,0,0,0,0,0,0,0,0,0,0,0,0,0,0,0,0,0,0,0,0,0,0,0,0,0,0,0,0,0,0,0,0,0,0,0,0,0,0,Eukaryota,TSAR,Stramenopiles,Bigyra,Bicoecea,Pseudodendromonadales,Pseudodendromonadales_X,Pseudodendromonadales_XX,Pseudodendromonadales_XX_sp.,Stramenopiles
ASV_1120,0,0,0,0,0,0,0,0,0,0,0,0,0,0,0,0,0,0,0,0,194,0,0,0,0,0,0,0,0,0,0,0,0,0,0,0,0,0,0,0,0,0,0,0,0,Eukaryota,TSAR,Stramenopiles,Gyrista,Peronosporomycetes,Peronosporomycetes,Peronosporales,Peronosporales_X,Peronosporales_X_sp.,Stramenopiles
ASV_1121,0,0,0,0,0,0,0,0,0,0,0,0,0,0,0,0,0,0,0,0,126,0,68,0,0,0,0,0,0,0,0,0,0,0,0,0,0,0,0,0,0,0,0,0,0,Eukaryota,TSAR,Stramenopiles,Gyrista,Eustigmatophyceae,Eustigmatophyceae_X,Eustigmatophyceae_XX,NA,NA,Stramenopiles
ASV_1122,0,0,0,0,0,0,0,0,0,0,0,0,0,0,0,0,29,104,60,0,0,0,0,0,0,0,0,0,0,0,0,0,0,0,0,0,0,0,0,0,0,0,0,0,0,Eukaryota,TSAR,Stramenopiles,Bigyra,Bicoecea,Pseudodendromonadales,Pseudodendromonadales_X,Pseudodendromonadales_XX,Pseudodendromonadales_XX_sp.,Stramenopiles
ASV_1123,0,0,0,0,0,0,0,0,0,0,0,0,0,0,0,0,0,0,0,0,193,0,0,0,0,0,0,0,0,0,0,0,0,0,0,0,0,0,0,0,0,0,0,0,0,Eukaryota,Obazoa,Opisthokonta,Fungi,Chytridiomycota,Cladochytriales,Cladochytriaceae,Cladochytrium,Cladochytrium_replicatum,Opisthokonta_Chytridiomycota
ASV_1124,0,0,0,0,0,0,0,0,0,0,0,0,0,0,0,0,0,0,0,0,0,0,0,0,0,0,0,0,0,0,0,0,0,193,0,0,0,0,0,0,0,0,0,0,0,Eukaryota,Obazoa,Opisthokonta,Fungi,NA,NA,NA,NA,NA,Opisthokonta_Unclassified
ASV_1125,0,0,0,0,0,0,0,65,0,0,127,0,0,0,0,0,0,0,0,0,0,0,0,0,0,0,0,0,0,0,0,0,0,0,0,0,0,0,0,0,0,0,0,0,0,Eukaryota,Obazoa,Opisthokonta,Metazoa,Arthropoda,Crustacea,Ostracoda,Cypridopsis,Cypridopsis_adusta,Opisthokonta_Arthropoda
ASV_1126,0,0,0,0,0,0,0,0,0,0,0,0,0,0,0,0,0,0,0,0,0,0,0,37,51,0,104,0,0,0,0,0,0,0,0,0,0,0,0,0,0,0,0,0,0,Eukaryota,TSAR,Alveolata,Chrompodellids,Colpodellidea,Colpodellida,Colpodellida_CHR1,Colpodellida_CHR1_X,Colpodellida_CHR1_X_sp.,Alveolata
ASV_1127,0,0,0,0,0,0,0,0,0,0,0,0,0,0,0,0,0,0,0,0,191,0,0,0,0,0,0,0,0,0,0,0,0,0,0,0,0,0,0,0,0,0,0,0,0,Eukaryota,TSAR,Rhizaria,Rhizaria_X,Rhizaria_XX,Aquavolonida,Aquavolonida_X,Aquavolon,Aquavolon_hoantrani,Rhizaria
ASV_1128,0,0,0,0,0,0,0,0,0,0,0,0,0,0,0,0,0,0,0,0,135,0,0,0,0,36,0,0,0,0,0,0,0,0,0,0,0,0,0,0,0,20,0,0,0,Eukaryota,TSAR,Rhizaria,Cercozoa,Filosa-SarcomoNAdea,Glissomonadida,Glissomonadida_Clade-Y,Glissomonadida_Clade-Y_X,Glissomonadida_Clade-Y_X_sp.,Rhizaria
ASV_1129,0,0,0,0,0,0,0,0,0,0,0,0,0,0,0,0,0,0,0,0,0,0,0,0,110,81,0,0,0,0,0,0,0,0,0,0,0,0,0,0,0,0,0,0,0,Eukaryota,TSAR,Stramenopiles,Gyrista,Chrysophyceae,NA,NA,NA,NA,Stramenopiles
ASV_1130,0,0,0,0,0,0,0,0,0,0,0,0,0,0,0,0,0,0,0,0,0,0,0,0,38,153,0,0,0,0,0,0,0,0,0,0,0,0,0,0,0,0,0,0,0,Eukaryota,TSAR,Stramenopiles,Bigyra,Bicoecea,Pseudodendromonadales,Pseudodendromonadales_X,Pseudodendromonadales_XX,Pseudodendromonadales_XX_sp.,Stramenopiles
ASV_1131,0,0,0,0,0,0,0,0,0,0,0,0,0,0,0,0,0,0,0,0,0,0,0,0,0,0,0,0,191,0,0,0,0,0,0,0,0,0,0,0,0,0,0,0,0,Eukaryota,Cryptista,Kathablepharidacea,Kathablepharida,Kathablepharidea,Kathablepharidida,Kathablepharidida_X,Kathablepharidida_XX,Kathablepharidida_XX_sp.,Kathablepharidacea
ASV_1132,0,0,0,0,0,0,0,0,0,0,0,0,0,0,0,0,0,0,0,0,0,0,0,0,0,0,0,0,0,0,0,0,0,0,0,0,190,0,0,0,0,0,0,0,0,Eukaryota,Obazoa,Opisthokonta,Fungi,Chytridiomycota,Spizellomycetales,Spizellomycetaceae,NA,NA,Opisthokonta_Chytridiomycota
ASV_1133,0,0,48,34,0,0,0,29,0,26,0,0,0,0,0,0,0,0,0,0,0,0,0,0,0,0,0,0,0,0,26,0,0,26,0,0,0,0,0,0,0,0,0,0,0,Eukaryota,Archaeplastida,Chlorophyta,Chlorophyta_X,Chlorophyceae,Chlamydomonadales,Chlamydomonadales_X,Chlamydopodium,Chlamydopodium_sp.,Chlorophyta
ASV_1134,0,0,0,0,0,0,0,0,0,0,0,0,0,0,0,189,0,0,0,0,0,0,0,0,0,0,0,0,0,0,0,0,0,0,0,0,0,0,0,0,0,0,0,0,0,Eukaryota,Archaeplastida,Streptophyta,Streptophyta_X,Zygnemophyceae, Zygnemophyceae, ZygnemophyceaeX,Mougeotia,Mougeotia_sp.,Streptophyta
ASV_1135,0,0,0,0,0,0,0,0,0,0,0,0,0,0,0,189,0,0,0,0,0,0,0,0,0,0,0,0,0,0,0,0,0,0,0,0,0,0,0,0,0,0,0,0,0,Eukaryota,Obazoa,Opisthokonta,Fungi,Chytridiomycota,Spizellomycetales,Spizellomycetales_X,Spizellomycetales_XX,Spizellomycetales_XX_sp.,Opisthokonta_Chytridiomycota
ASV_1136,0,0,0,0,0,0,0,0,0,0,0,0,0,0,0,165,24,0,0,0,0,0,0,0,0,0,0,0,0,0,0,0,0,0,0,0,0,0,0,0,0,0,0,0,0,Eukaryota,TSAR,Rhizaria,Cercozoa,Filosa-Thecofilosea,Tectofilosida,Pseudodifflugiidae,Pseudodifflugia,Pseudodifflugia_gracilis,Rhizaria
ASV_1137,0,0,0,0,0,0,0,0,0,0,0,0,0,0,0,0,0,0,0,0,0,0,0,0,0,0,189,0,0,0,0,0,0,0,0,0,0,0,0,0,0,0,0,0,0,Eukaryota,Archaeplastida,Chlorophyta,Chlorophyta_X,Chlorophyceae,Chlamydomonadales,Chlamydomonadales_X,Carteria,Carteria_lunzensis,Chlorophyta
ASV_1138,0,0,0,0,0,0,0,0,0,0,0,0,0,0,0,0,0,0,0,0,0,0,0,0,0,0,189,0,0,0,0,0,0,0,0,0,0,0,0,0,0,0,0,0,0,Eukaryota,Obazoa,Opisthokonta,Metazoa,Arthropoda,Crustacea,Maxillopoda,Eudiaptomus,Eudiaptomus_graciloides,Opisthokonta_Arthropoda
ASV_1139,0,0,0,0,0,0,0,18,0,0,0,0,0,0,0,0,44,0,126,0,0,0,0,0,0,0,0,0,0,0,0,0,0,0,0,0,0,0,0,0,0,0,0,0,0,Eukaryota,Obazoa,Opisthokonta,Metazoa,Gastrotricha,Gastrotricha_X,Gastrotricha_XX,Chaetonotus,Chaetonotus_hystrix,Opisthokonta_Gastrotricha
ASV_1140,0,0,0,0,0,0,0,0,0,0,0,0,0,0,0,188,0,0,0,0,0,0,0,0,0,0,0,0,0,0,0,0,0,0,0,0,0,0,0,0,0,0,0,0,0,Eukaryota,Archaeplastida,Chlorophyta,Chlorophyta_X,Chlorophyceae,Sphaeropleales,Sphaeropleales_X,Pseudomuriella,NA,Chlorophyta
ASV_1141,0,0,0,0,0,0,0,0,0,0,0,0,0,0,0,0,0,0,0,73,115,0,0,0,0,0,0,0,0,0,0,0,0,0,0,0,0,0,0,0,0,0,0,0,0,Eukaryota,TSAR,Stramenopiles,Gyrista,Chrysophyceae,Synurales,Synuraceae,Mallomonas,NA,Stramenopiles
ASV_1142,0,0,0,0,0,0,0,0,0,0,0,0,0,0,0,0,0,0,0,0,87,0,38,0,24,39,0,0,0,0,0,0,0,0,0,0,0,0,0,0,0,0,0,0,0,Eukaryota,Obazoa,Opisthokonta,Fungi,Chytridiomycota,NA,NA,NA,NA,Opisthokonta_Chytridiomycota
ASV_1143,0,0,0,0,0,0,0,0,0,0,0,0,0,0,0,0,0,0,0,0,0,0,0,0,0,0,188,0,0,0,0,0,0,0,0,0,0,0,0,0,0,0,0,0,0,Eukaryota,Obazoa,Opisthokonta,Metazoa,Arthropoda,Crustacea,Ostracoda,Cypridopsis,Cypridopsis_adusta,Opisthokonta_Arthropoda
ASV_1144,0,0,0,0,0,0,0,0,0,0,0,0,0,0,0,187,0,0,0,0,0,0,0,0,0,0,0,0,0,0,0,0,0,0,0,0,0,0,0,0,0,0,0,0,0,Eukaryota,Obazoa,Opisthokonta,Fungi,Chytridiomycota,Rhizophydiales,Kappamycetaceae,Kappamyces,NA,Opisthokonta_Chytridiomycota
ASV_1145,0,0,0,0,0,0,0,0,0,0,0,0,0,0,0,0,93,0,0,0,0,0,0,0,0,0,0,0,0,94,0,0,0,0,0,0,0,0,0,0,0,0,0,0,0,Eukaryota,TSAR,Stramenopiles,NA,NA,NA,NA,NA,NA,Stramenopiles
ASV_1146,0,0,0,0,0,0,0,0,0,0,0,0,0,0,0,0,0,0,0,0,187,0,0,0,0,0,0,0,0,0,0,0,0,0,0,0,0,0,0,0,0,0,0,0,0,Eukaryota,TSAR,Stramenopiles,Gyrista,Chrysophyceae,Chrysophyceae_env_clade-I,Chrysophyceae_env_clade-I_X,Chrysophyceae_env_clade-I_XX,Chrysophyceae_env_clade-I_XX_sp.,Stramenopiles
ASV_1147,0,0,0,0,0,0,0,0,0,0,0,0,0,0,0,0,0,0,0,0,0,0,0,0,0,0,0,187,0,0,0,0,0,0,0,0,0,0,0,0,0,0,0,0,0,Eukaryota,Obazoa,Opisthokonta,NA,NA,NA,NA,NA,NA,Opisthokonta_Unclassified
ASV_1148,0,0,0,0,0,0,0,0,0,0,0,0,0,0,0,0,0,0,0,0,0,0,0,0,0,0,0,0,0,0,0,0,0,0,0,0,0,162,0,0,0,25,0,0,0,Eukaryota,TSAR,Stramenopiles,Bigyra,Bicoecea,Bicoecales,Bicoecaceae,Bicoecaceae_X,Bicoecaceae_X_sp.,Stramenopiles
ASV_1149,0,0,0,0,0,0,0,0,0,0,0,0,0,0,0,0,186,0,0,0,0,0,0,0,0,0,0,0,0,0,0,0,0,0,0,0,0,0,0,0,0,0,0,0,0,Eukaryota,Obazoa,Opisthokonta,Fungi,Chytridiomycota,Neocallimastigales,Neocallimastigaceae,NA,NA,Opisthokonta_Chytridiomycota
ASV_1150,0,0,0,185,0,0,0,0,0,0,0,0,0,0,0,0,0,0,0,0,0,0,0,0,0,0,0,0,0,0,0,0,0,0,0,0,0,0,0,0,0,0,0,0,0,Eukaryota,TSAR,Stramenopiles,Gyrista,Chrysophyceae,Chromulinales,NA,NA,NA,Stramenopiles
ASV_1151,0,0,0,0,179,0,0,0,0,0,6,0,0,0,0,0,0,0,0,0,0,0,0,0,0,0,0,0,0,0,0,0,0,0,0,0,0,0,0,0,0,0,0,0,0,Eukaryota,TSAR,Stramenopiles,Bigyra,Bicoecea,Pseudodendromonadales,Pseudodendromonadales_X,Pseudodendromonadales_XX,Pseudodendromonadales_XX_sp.,Stramenopiles
ASV_1152,0,0,0,0,134,0,0,51,0,0,0,0,0,0,0,0,0,0,0,0,0,0,0,0,0,0,0,0,0,0,0,0,0,0,0,0,0,0,0,0,0,0,0,0,0,Eukaryota,Archaeplastida,Chlorophyta,Chlorophyta_X,Chlorophyceae,Sphaeropleales,Sphaeropleales_X,Scenedesmus,NA,Chlorophyta
ASV_1153,0,0,0,0,0,23,42,0,0,0,0,29,0,0,0,1,12,0,0,57,0,0,21,0,0,0,0,0,0,0,0,0,0,0,0,0,0,0,0,0,0,0,0,0,0,Eukaryota,Archaeplastida,Chlorophyta,Chlorophyta_X,Trebouxiophyceae,Chlorellales,Chlorellales_X,Micractinium,Micractinium_reisseri,Chlorophyta
ASV_1154,0,0,0,0,0,0,0,0,0,0,0,0,0,0,0,0,0,0,0,0,0,0,0,0,62,0,0,0,0,0,0,0,0,0,0,0,97,0,0,0,0,26,0,0,0,Eukaryota,TSAR,Stramenopiles,Gyrista,Peronosporomycetes,Peronosporomycetes,NA,NA,NA,Stramenopiles
ASV_1155,0,0,0,0,0,0,0,0,0,0,0,0,0,0,0,0,0,0,0,0,0,0,0,0,0,0,0,0,0,0,0,0,0,185,0,0,0,0,0,0,0,0,0,0,0,Eukaryota,TSAR,Stramenopiles,Gyrista,Synchromophyceae,Synchromophyceae_X,Synchromophyceae_XX,Synchromophyceae_XXX,Synchromophyceae_XXX_sp.,Stramenopiles
ASV_1156,0,0,0,0,0,0,0,0,0,0,0,0,0,0,0,0,0,0,0,0,0,0,0,0,0,0,0,0,0,0,0,0,0,0,0,0,106,0,0,0,0,79,0,0,0,Eukaryota,Archaeplastida,Chlorophyta,Chlorophyta_X,Chlorophyceae,Chlamydomonadales,Chlamydomonadales_X,Chlamydomonas,NA,Chlorophyta
ASV_1157,0,0,0,0,0,0,17,0,0,0,0,0,0,0,0,0,36,117,14,0,0,0,0,0,0,0,0,0,0,0,0,0,0,0,0,0,0,0,0,0,0,0,0,0,0,Eukaryota,Obazoa,Opisthokonta,Choanoflagellata,Choanoflagellatea,Choanoflagellatea_X,Choanoflagellatea_XX_Group_P,Choanoflagellatea_XXX_Group_P_X,Choanoflagellatea_XXX_Group_P_X_sp.,Opisthokonta_Choanoflagellatea
ASV_1158,83,0,0,0,0,0,0,0,0,0,0,0,0,0,0,0,0,0,0,0,0,0,0,0,0,0,0,0,0,0,0,0,0,0,100,0,0,0,0,0,0,0,0,0,0,Eukaryota,Obazoa,Opisthokonta,Metazoa,Arthropoda,Crustacea,Branchiopoda,Bosmina,Bosmina_longirostris,Opisthokonta_Arthropoda
ASV_1159,0,0,0,0,0,0,0,0,0,0,0,0,0,0,0,0,0,100,83,0,0,0,0,0,0,0,0,0,0,0,0,0,0,0,0,0,0,0,0,0,0,0,0,0,0,Eukaryota,TSAR,Stramenopiles,Gyrista,Dictyochophyceae,Dictyochophyceae_X,Pedinellales,Pseudopedinella,Pseudopedinella_sp.,Stramenopiles
ASV_1160,0,0,0,0,0,0,0,0,0,0,0,0,0,0,0,0,0,0,0,0,183,0,0,0,0,0,0,0,0,0,0,0,0,0,0,0,0,0,0,0,0,0,0,0,0,Eukaryota,Archaeplastida,Chlorophyta,Chlorophyta_X,Trebouxiophyceae,Watanabea-Clade,Watanabea-Clade_X,Chloroidium,Chloroidium_orientale,Chlorophyta
ASV_1161,0,0,0,0,0,0,0,0,0,0,0,0,0,0,0,0,0,0,0,0,0,0,0,0,183,0,0,0,0,0,0,0,0,0,0,0,0,0,0,0,0,0,0,0,0,Eukaryota,TSAR,Stramenopiles,Gyrista,Chrysophyceae,NA,NA,NA,NA,Stramenopiles
ASV_1162,0,0,0,0,0,0,0,0,0,0,0,0,0,0,0,0,0,0,0,0,0,0,0,0,0,0,183,0,0,0,0,0,0,0,0,0,0,0,0,0,0,0,0,0,0,Eukaryota,Cryptista,Cryptophyta,Cryptophyta_X,Cryptophyceae,Cryptomonadales,Cryptomonadales_X,Cryptomonas,Cryptomonas_pyrenoidifera,Cryptophyta
ASV_1163,0,0,0,0,0,0,0,0,0,0,0,0,0,0,0,0,0,0,0,0,0,0,0,0,0,0,0,0,0,183,0,0,0,0,0,0,0,0,0,0,0,0,0,0,0,Eukaryota,Obazoa,Opisthokonta,Fungi,Chytridiomycota,NA,NA,NA,NA,Opisthokonta_Chytridiomycota
ASV_1164,0,0,0,0,0,0,0,0,0,0,0,0,0,0,0,0,0,0,0,0,0,0,0,0,0,0,0,0,0,0,18,0,0,97,0,0,68,0,0,0,0,0,0,0,0,Eukaryota,TSAR,Stramenopiles,Bigyra,Opalozoa,Opalozoa_X,MAST-12,MAST-12C,MAST-12C_sp.,Stramenopiles
ASV_1165,0,0,0,0,0,0,0,0,0,0,0,0,0,0,0,0,0,0,0,0,0,0,0,0,0,0,0,0,0,0,0,0,0,0,0,0,157,26,0,0,0,0,0,0,0,Eukaryota,TSAR,Stramenopiles,Bigyra,Bicoecea,Pseudodendromonadales,Pseudodendromonadales_X,Adriamonas,Adriamonas_peritocrescens,Stramenopiles
ASV_1166,0,0,0,0,0,0,0,0,0,0,0,0,0,0,0,0,0,0,0,0,0,0,0,0,0,0,0,0,0,0,0,0,0,0,0,0,110,73,0,0,0,0,0,0,0,Eukaryota,TSAR,Stramenopiles,Bigyra,Bicoecea,Pseudodendromonadales,Pseudodendromonadales_X,Pseudodendromonadales_XX,Pseudodendromonadales_XX_sp.,Stramenopiles
ASV_1167,0,0,0,0,0,0,0,0,0,0,0,0,0,0,0,135,0,0,0,0,0,0,0,0,0,0,0,0,0,0,0,0,0,0,0,0,0,0,0,0,16,0,31,0,0,Eukaryota,TSAR,Rhizaria,Cercozoa,NA,NA,NA,NA,NA,Rhizaria
ASV_1168,0,0,40,132,0,9,0,0,0,0,0,0,0,0,0,0,0,0,0,0,0,0,0,0,0,0,0,0,0,0,0,0,0,0,0,0,0,0,0,0,0,0,0,0,0,Eukaryota,Obazoa,Opisthokonta,Fungi,Chytridiomycota,Spizellomycetales,NA,NA,NA,Opisthokonta_Chytridiomycota
ASV_1169,0,0,0,0,0,0,0,0,0,0,0,0,0,0,0,0,25,0,0,0,156,0,0,0,0,0,0,0,0,0,0,0,0,0,0,0,0,0,0,0,0,0,0,0,0,Eukaryota,Obazoa,Opisthokonta,Fungi,Chytridiomycota,Rhizophydiales,Rhizophydiaceae,Rhizophydium,NA,Opisthokonta_Chytridiomycota
ASV_1170,0,0,0,0,0,0,0,0,0,0,0,0,0,0,0,0,0,0,0,0,0,0,0,0,0,0,0,0,0,0,0,0,0,0,0,0,0,0,181,0,0,0,0,0,0,Eukaryota,Obazoa,Opisthokonta,Metazoa,Arthropoda,Crustacea,Maxillopoda,NA,NA,Opisthokonta_Arthropoda
ASV_1171,0,0,0,0,0,0,0,0,0,0,0,0,0,0,0,180,0,0,0,0,0,0,0,0,0,0,0,0,0,0,0,0,0,0,0,0,0,0,0,0,0,0,0,0,0,Eukaryota,Archaeplastida,Chlorophyta,Chlorophyta_X,Chlorophyceae,NA,NA,NA,NA,Chlorophyta
ASV_1172,0,0,0,0,0,0,0,0,0,0,0,0,0,0,0,0,0,0,0,0,0,0,0,0,0,0,180,0,0,0,0,0,0,0,0,0,0,0,0,0,0,0,0,0,0,Eukaryota,Obazoa,Opisthokonta,Metazoa,Arthropoda,Crustacea,Branchiopoda,Bosmina,Bosmina_longirostris,Opisthokonta_Arthropoda
ASV_1173,0,0,0,0,0,0,0,0,0,0,0,0,0,0,0,0,0,0,0,0,0,0,0,0,0,0,0,0,0,0,0,0,51,129,0,0,0,0,0,0,0,0,0,0,0,Eukaryota,TSAR,Stramenopiles,Gyrista,Peronosporomycetes,Peronosporomycetes,Saprolegniales,Leptolegnia,Leptolegnia_chapmanii,Stramenopiles
ASV_1174,0,0,0,0,0,0,0,0,0,0,0,0,0,0,0,0,0,0,0,0,0,0,0,0,0,0,0,0,0,0,0,0,0,0,0,0,0,0,0,180,0,0,0,0,0,Eukaryota,Obazoa,Opisthokonta,Metazoa,Arthropoda,Crustacea,Maxillopoda,NA,NA,Opisthokonta_Arthropoda
ASV_1175,0,0,0,27,95,0,47,10,0,0,0,0,0,0,0,0,0,0,0,0,0,0,0,0,0,0,0,0,0,0,0,0,0,0,0,0,0,0,0,0,0,0,0,0,0,Eukaryota,TSAR,Stramenopiles,Bigyra,Opalozoa,Opalozoa_X,MAST-12,MAST-12C,MAST-12C_sp.,Stramenopiles
ASV_1176,0,0,0,0,0,0,0,0,0,0,0,0,0,0,0,179,0,0,0,0,0,0,0,0,0,0,0,0,0,0,0,0,0,0,0,0,0,0,0,0,0,0,0,0,0,Eukaryota,Cryptista,Cryptophyta,Cryptophyta_X,Cryptophyceae,Cryptomonadales,Cryptomonadales_X,Cryptomonas,Cryptomonas_obovoidea,Cryptophyta
ASV_1177,0,0,0,0,0,0,0,0,0,0,0,0,0,0,0,0,13,0,24,0,0,44,98,0,0,0,0,0,0,0,0,0,0,0,0,0,0,0,0,0,0,0,0,0,0,Eukaryota,Obazoa,Opisthokonta,Fungi,Rozellomycota,Rozellomycota_X,Rozellomycota_XX,Rozella,Rozella_allomycis,Opisthokonta_Rozellomycota
ASV_1178,0,0,0,0,0,0,0,0,0,0,0,0,0,0,0,0,0,0,0,25,0,0,0,0,41,0,0,0,113,0,0,0,0,0,0,0,0,0,0,0,0,0,0,0,0,Eukaryota,Obazoa,Opisthokonta,Ichthyosporea,Ichthyophonida,Pseudoperkinsidae,Pseudoperkinsidae_X,Pseudoperkinsidae_XX,Pseudoperkinsidae_XX_sp.,Opisthokonta_Ichthyophonida
ASV_1179,0,0,0,0,0,0,0,0,0,0,0,0,0,0,0,118,0,60,0,0,0,0,0,0,0,0,0,0,0,0,0,0,0,0,0,0,0,0,0,0,0,0,0,0,0,Eukaryota,Archaeplastida,Chlorophyta,Chlorophyta_X,Trebouxiophyceae,Chlorellales,Chlorellales_X,Crucigenia,Crucigenia_pulchra,Chlorophyta
ASV_1180,0,0,0,0,0,0,0,0,0,0,0,0,0,0,0,0,0,0,0,0,134,44,0,0,0,0,0,0,0,0,0,0,0,0,0,0,0,0,0,0,0,0,0,0,0,Eukaryota,Obazoa,Opisthokonta,Fungi,NA,NA,NA,NA,NA,Opisthokonta_Unclassified
ASV_1181,0,0,0,0,0,0,0,0,0,0,0,0,0,0,0,0,0,0,0,0,0,0,0,0,0,0,0,0,0,0,0,0,0,104,0,0,73,0,0,0,0,0,0,0,0,Eukaryota,TSAR,Stramenopiles,Bigyra,Bicoecea,Pseudodendromonadales,Pseudodendromonadales_X,Pseudodendromonadales_XX,Pseudodendromonadales_XX_sp.,Stramenopiles
ASV_1182,0,0,176,0,0,0,0,0,0,0,0,0,0,0,0,0,0,0,0,0,0,0,0,0,0,0,0,0,0,0,0,0,0,0,0,0,0,0,0,0,0,0,0,0,0,Eukaryota,Obazoa,Opisthokonta,Fungi,Chytridiomycota,Spizellomycetales,Spizellomycetales_X,Spizellomycetales_XX,Spizellomycetales_XX_sp.,Opisthokonta_Chytridiomycota
ASV_1183,0,0,0,0,0,0,0,0,0,0,0,0,0,0,0,176,0,0,0,0,0,0,0,0,0,0,0,0,0,0,0,0,0,0,0,0,0,0,0,0,0,0,0,0,0,Eukaryota,Cryptista,Cryptophyta,Cryptophyta_X,Cryptophyceae,Cryptomonadales,Cryptomonadales_X,Cryptomonas,Cryptomonas_curvata,Cryptophyta
ASV_1184,0,0,0,0,0,0,0,0,0,0,0,0,0,0,0,146,0,9,0,0,0,0,21,0,0,0,0,0,0,0,0,0,0,0,0,0,0,0,0,0,0,0,0,0,0,Eukaryota,Archaeplastida,Chlorophyta,Chlorophyta_X,Trebouxiophyceae,Chlorellales,Chlorellales_X,NA,NA,Chlorophyta
ASV_1185,0,0,0,0,0,0,0,0,0,0,0,0,0,0,0,36,0,0,0,0,0,0,1,0,0,0,53,0,0,0,0,0,0,0,0,0,36,19,0,0,0,31,0,0,0,Eukaryota,Obazoa,Opisthokonta,Metazoa,Arthropoda,Hexapoda,Insecta,Corethrella,Corethrella_wirthi,Opisthokonta_Arthropoda
ASV_1186,0,0,0,0,0,0,0,0,0,0,0,0,0,0,0,0,0,0,53,86,0,0,37,0,0,0,0,0,0,0,0,0,0,0,0,0,0,0,0,0,0,0,0,0,0,Eukaryota,TSAR,Stramenopiles,Bigyra,Bicoecea,Pseudodendromonadales,Pseudodendromonadales_X,Pseudodendromonadales_XX,Pseudodendromonadales_XX_sp.,Stramenopiles
ASV_1187,0,0,0,0,0,0,0,0,0,0,0,0,0,0,0,0,0,0,0,0,176,0,0,0,0,0,0,0,0,0,0,0,0,0,0,0,0,0,0,0,0,0,0,0,0,Eukaryota,TSAR,Rhizaria,Cercozoa,Filosa-SarcomoNAdea,Glissomonadida,Bodomorphidae,Bodomorpha,Bodomorpha_minima,Rhizaria
ASV_1188,0,0,0,0,0,0,0,0,0,0,0,0,0,0,0,0,0,0,0,0,0,0,0,0,0,0,0,0,176,0,0,0,0,0,0,0,0,0,0,0,0,0,0,0,0,Eukaryota,Cryptista,Kathablepharidacea,Kathablepharida,Kathablepharidea,Kathablepharidida,Kathablepharidida_X,Kathablepharidida_XX,Kathablepharidida_XX_sp.,Kathablepharidacea
ASV_1189,0,0,0,0,0,0,0,0,0,0,0,0,0,0,0,0,0,0,0,0,0,0,0,0,175,0,0,0,0,0,0,0,0,0,0,0,0,0,0,0,0,0,0,0,0,Eukaryota,TSAR,Stramenopiles,Gyrista,Dictyochophyceae,Dictyochophyceae_X,Pedinellales,Pseudopedinella,Pseudopedinella_sp.,Stramenopiles
ASV_1190,0,0,0,0,0,0,0,0,0,0,0,0,0,0,0,0,0,0,0,0,0,0,0,0,0,0,0,0,175,0,0,0,0,0,0,0,0,0,0,0,0,0,0,0,0,Eukaryota,TSAR,Stramenopiles,Gyrista,Chrysophyceae,Ochromonadales,Ochromonadaceae,Poteriospumella,Poteriospumella_sp.,Stramenopiles
ASV_1191,0,0,0,0,0,0,0,0,0,0,0,0,0,0,0,0,0,0,0,0,0,0,0,0,0,0,0,0,0,0,0,0,0,0,0,0,175,0,0,0,0,0,0,0,0,Eukaryota,TSAR,Rhizaria,Cercozoa,NA,NA,NA,NA,NA,Rhizaria
ASV_1192,0,0,0,0,0,0,0,0,0,0,0,0,0,0,0,0,0,0,0,0,0,0,0,0,0,0,0,0,0,0,0,0,0,0,0,0,0,175,0,0,0,0,0,0,0,Eukaryota,Cryptista,Cryptophyta,Cryptophyta_X,Cryptophyceae,Cryptomonadales,Cryptomonadales_X,Komma,Komma_caudata,Cryptophyta
ASV_1193,0,0,0,0,0,0,0,0,0,0,0,0,0,0,0,0,0,0,0,0,0,0,0,0,0,0,0,0,0,0,0,0,0,0,0,0,0,0,0,0,0,175,0,0,0,Eukaryota,TSAR,Stramenopiles,Gyrista,Peronosporomycetes,Peronosporomycetes,Saprolegniales,Saprolegniales_X,Saprolegniales_X_sp.,Stramenopiles
ASV_1194,0,105,69,0,0,0,0,0,0,0,0,0,0,0,0,0,0,0,0,0,0,0,0,0,0,0,0,0,0,0,0,0,0,0,0,0,0,0,0,0,0,0,0,0,0,Eukaryota,TSAR,Stramenopiles,Bigyra,Bicoecea,Pseudodendromonadales,Pseudodendromonadales_X,Pseudodendromonadales_XX,Pseudodendromonadales_XX_sp.,Stramenopiles
ASV_1195,0,0,0,0,174,0,0,0,0,0,0,0,0,0,0,0,0,0,0,0,0,0,0,0,0,0,0,0,0,0,0,0,0,0,0,0,0,0,0,0,0,0,0,0,0,Eukaryota,Obazoa,Opisthokonta,Metazoa,Arthropoda,Chelicerata,Arachnida,Horreolanus,Horreolanus_orphanus,Opisthokonta_Arthropoda
ASV_1196,0,0,0,0,0,0,123,0,0,0,51,0,0,0,0,0,0,0,0,0,0,0,0,0,0,0,0,0,0,0,0,0,0,0,0,0,0,0,0,0,0,0,0,0,0,Eukaryota,Obazoa,Opisthokonta,Metazoa,Arthropoda,Crustacea,Ostracoda,Cypridopsis,Cypridopsis_adusta,Opisthokonta_Arthropoda
ASV_1197,0,0,0,0,0,0,0,0,0,0,0,0,48,0,0,0,0,0,0,0,0,42,0,0,84,0,0,0,0,0,0,0,0,0,0,0,0,0,0,0,0,0,0,0,0,Eukaryota,TSAR,Stramenopiles,Gyrista,Peronosporomycetes,Peronosporomycetes,Peronosporales,Pythiaceae,Pythiaceae_sp.,Stramenopiles
ASV_1198,0,0,0,0,0,0,0,0,0,0,0,0,0,0,0,0,0,0,0,0,0,13,136,25,0,0,0,0,0,0,0,0,0,0,0,0,0,0,0,0,0,0,0,0,0,Eukaryota,Obazoa,Opisthokonta,Fungi,NA,NA,NA,NA,NA,Opisthokonta_Unclassified
ASV_1199,0,42,0,0,17,94,20,0,0,0,0,0,0,0,0,0,0,0,0,0,0,0,0,0,0,0,0,0,0,0,0,0,0,0,0,0,0,0,0,0,0,0,0,0,0,Eukaryota,Obazoa,Opisthokonta,Metazoa,Arthropoda,Crustacea,Ostracoda,Cypridopsis,Cypridopsis_japonica,Opisthokonta_Arthropoda
ASV_1200,0,0,0,168,0,0,0,0,0,0,0,0,0,0,0,0,0,0,0,0,0,0,0,0,0,0,0,0,0,0,0,0,0,0,0,0,0,0,0,0,0,0,0,0,5,Eukaryota,TSAR,Stramenopiles,NA,NA,NA,NA,NA,NA,Stramenopiles
ASV_1201,0,0,0,0,0,0,0,0,0,0,0,0,0,0,0,173,0,0,0,0,0,0,0,0,0,0,0,0,0,0,0,0,0,0,0,0,0,0,0,0,0,0,0,0,0,Eukaryota,Obazoa,Opisthokonta,Fungi,Rozellomycota,Rozellomycota_X,Rozellomycota_XX,Rozella,Rozella_allomycis,Opisthokonta_Rozellomycota
ASV_1202,0,0,0,0,0,0,0,0,0,0,0,0,0,0,0,0,0,0,0,10,0,74,0,42,6,41,0,0,0,0,0,0,0,0,0,0,0,0,0,0,0,0,0,0,0,Eukaryota,TSAR,Stramenopiles,Bigyra,Opalozoa,Opalozoa_X,MAST-12,MAST-12C,MAST-12C_sp.,Stramenopiles
ASV_1203,0,0,0,0,0,33,0,0,0,0,0,0,0,0,0,0,0,0,0,0,0,0,0,0,0,0,0,0,0,0,0,0,0,0,0,0,139,0,0,0,0,0,0,0,0,Eukaryota,TSAR,Stramenopiles,Gyrista,Peronosporomycetes,Peronosporomycetes,Peronosporales,Peronosporales_X,Peronosporales_X_sp.,Stramenopiles
ASV_1204,0,0,0,0,0,0,148,0,0,0,0,0,0,0,0,0,0,0,0,0,0,0,0,0,0,0,0,0,0,0,0,0,0,0,0,0,0,0,0,0,0,24,0,0,0,Eukaryota,TSAR,Stramenopiles,Bigyra,Bicoecea,Pseudodendromonadales,Pseudodendromonadales_X,Pseudodendromonadales_XX,Pseudodendromonadales_XX_sp.,Stramenopiles
ASV_1205,0,0,0,0,0,0,0,0,0,0,0,0,0,0,0,0,5,0,52,1,88,0,0,0,0,26,0,0,0,0,0,0,0,0,0,0,0,0,0,0,0,0,0,0,0,Eukaryota,Archaeplastida,Chlorophyta,Chlorophyta_X,Trebouxiophyceae,Chlorellales,Chlorellales_X,Micractinium,Micractinium_reisseri,Chlorophyta
ASV_1206,0,0,0,0,0,0,0,0,0,0,0,0,0,0,0,0,0,0,0,0,0,0,0,0,0,0,0,172,0,0,0,0,0,0,0,0,0,0,0,0,0,0,0,0,0,Eukaryota,NA,NA,NA,NA,NA,NA,NA,NA,NA
ASV_1207,0,0,0,0,0,0,0,0,0,0,0,0,0,0,0,0,0,0,0,0,0,0,0,0,0,0,0,172,0,0,0,0,0,0,0,0,0,0,0,0,0,0,0,0,0,Eukaryota,Obazoa,Opisthokonta,Metazoa,NA,NA,NA,NA,NA,Opisthokonta_Unclassified
ASV_1208,0,0,0,0,0,0,0,0,0,0,0,0,0,0,0,0,0,0,107,0,0,0,0,0,0,0,0,0,0,0,0,0,0,64,0,0,0,0,0,0,0,0,0,0,0,Eukaryota,TSAR,Stramenopiles,Gyrista,Peronosporomycetes,Peronosporomycetes,Peronosporales,NA,NA,Stramenopiles
ASV_1209,0,0,0,0,0,0,0,0,0,0,0,0,0,0,0,0,0,0,0,0,0,0,0,0,0,0,171,0,0,0,0,0,0,0,0,0,0,0,0,0,0,0,0,0,0,Eukaryota,TSAR,Stramenopiles,Gyrista,Mediophyceae,Thalassiosirales,Stephanodiscaceae,Stephanodiscus,Stephanodiscus_hantzschii,Stramenopiles
ASV_1210,0,0,0,0,0,0,0,0,0,0,0,0,0,0,0,170,0,0,0,0,0,0,0,0,0,0,0,0,0,0,0,0,0,0,0,0,0,0,0,0,0,0,0,0,0,Eukaryota,Archaeplastida,Chlorophyta,Chlorophyta_X,Chlorophyceae,Sphaeropleales,NA,NA,NA,Chlorophyta
ASV_1211,0,0,0,0,0,0,0,0,0,0,0,0,0,0,0,0,0,0,0,0,0,0,0,0,0,0,170,0,0,0,0,0,0,0,0,0,0,0,0,0,0,0,0,0,0,Eukaryota,Obazoa,Opisthokonta,Fungi,Chytridiomycota,Rhizophydiales,NA,NA,NA,Opisthokonta_Chytridiomycota
ASV_1212,0,0,0,0,0,0,0,0,0,0,0,0,0,0,0,0,0,0,0,0,0,0,0,0,0,0,170,0,0,0,0,0,0,0,0,0,0,0,0,0,0,0,0,0,0,Eukaryota,TSAR,Rhizaria,Cercozoa,Filosa-SarcomoNAdea,Glissomonadida,Sandonidae,Sandonidae_Clade-N/F-A,Sandonidae_Clade_N/F-A_sp.,Rhizaria
ASV_1213,0,0,0,0,0,0,0,0,0,0,0,0,0,0,0,169,0,0,0,0,0,0,0,0,0,0,0,0,0,0,0,0,0,0,0,0,0,0,0,0,0,0,0,0,0,Eukaryota,Archaeplastida,Chlorophyta,Chlorophyta_X,Chlorophyceae,NA,NA,NA,NA,Chlorophyta
ASV_1214,0,0,0,0,0,0,0,0,0,0,0,0,0,0,0,0,0,0,0,0,0,0,0,0,19,0,0,0,0,0,0,0,0,124,0,0,26,0,0,0,0,0,0,0,0,Eukaryota,Archaeplastida,Streptophyta,Streptophyta_X,Embryophyceae,Embryophyceae_X,Embryophyceae_XX,Nymphaea,Nymphaea_odorata,Streptophyta
ASV_1215,0,0,0,0,0,0,0,0,0,0,0,0,0,0,0,0,0,0,0,0,0,0,0,0,0,0,0,0,0,0,0,0,0,0,169,0,0,0,0,0,0,0,0,0,0,Eukaryota,Cryptista,Cryptophyta,Cryptophyta_X,Cryptophyceae,Cryptomonadales,Cryptomonadales_X,Cryptomonas,Cryptomonas_vietnamica,Cryptophyta
ASV_1216,0,17,151,0,0,0,0,0,0,0,0,0,0,0,0,0,0,0,0,0,0,0,0,0,0,0,0,0,0,0,0,0,0,0,0,0,0,0,0,0,0,0,0,0,0,Eukaryota,Archaeplastida,Chlorophyta,Chlorophyta_X,Chlorophyceae,Sphaeropleales,Sphaeropleales_X,NA,NA,Chlorophyta
ASV_1217,0,0,0,0,0,0,0,0,0,0,0,0,168,0,0,0,0,0,0,0,0,0,0,0,0,0,0,0,0,0,0,0,0,0,0,0,0,0,0,0,0,0,0,0,0,Eukaryota,Archaeplastida,Chlorophyta,Chlorophyta_X,Chlorophyceae,Chlamydomonadales,Chlamydomonadales_X,Gonium,Gonium_pectorale,Chlorophyta
ASV_1218,0,0,0,62,0,0,0,0,0,0,0,0,0,0,0,0,105,0,0,0,0,0,0,0,0,0,0,0,0,0,0,0,0,0,0,0,0,0,0,0,0,0,0,0,0,Eukaryota,TSAR,Stramenopiles,Gyrista,Dictyochophyceae,Dictyochophyceae_X,Pedinellales,Pseudopedinella,NA,Stramenopiles
ASV_1219,0,0,0,0,0,0,0,0,0,0,0,0,0,0,0,0,0,144,23,0,0,0,0,0,0,0,0,0,0,0,0,0,0,0,0,0,0,0,0,0,0,0,0,0,0,Eukaryota,TSAR,Stramenopiles,Bigyra,Bicoecea,Pseudodendromonadales,Pseudodendromonadales_X,Pseudodendromonadales_XX,Pseudodendromonadales_XX_sp.,Stramenopiles
ASV_1220,0,0,0,0,0,0,0,0,0,0,0,0,0,0,0,0,0,0,0,0,0,167,0,0,0,0,0,0,0,0,0,0,0,0,0,0,0,0,0,0,0,0,0,0,0,Eukaryota,TSAR,Stramenopiles,Gyrista,Peronosporomycetes,Peronosporomycetes,Peronosporales,NA,NA,Stramenopiles
ASV_1221,34,0,0,0,0,0,0,0,0,0,0,0,0,0,0,0,0,0,0,0,0,0,0,0,0,0,0,0,0,0,0,0,0,0,132,0,0,0,0,0,0,0,0,0,0,Eukaryota,Obazoa,Opisthokonta,Metazoa,Arthropoda,Crustacea,Branchiopoda,Bosmina,Bosmina_longirostris,Opisthokonta_Arthropoda
ASV_1222,0,0,0,0,0,0,0,0,0,0,0,0,0,0,0,0,0,0,0,0,166,0,0,0,0,0,0,0,0,0,0,0,0,0,0,0,0,0,0,0,0,0,0,0,0,Eukaryota,Obazoa,Opisthokonta,Fungi,Chytridiomycota,NA,NA,NA,NA,Opisthokonta_Chytridiomycota
ASV_1223,0,0,0,0,0,0,0,0,0,0,0,0,0,0,0,0,0,0,0,0,0,0,0,0,0,32,0,0,134,0,0,0,0,0,0,0,0,0,0,0,0,0,0,0,0,Eukaryota,Obazoa,Opisthokonta,Fungi,Ascomycota,Pezizomycotina,Sordariomycetes,Elaphocordyceps,Elaphocordyceps_ophioglossoides,Opisthokonta_Ascomycota
ASV_1224,0,0,0,0,0,0,0,0,0,0,0,0,0,0,0,0,0,0,0,0,0,0,0,0,0,0,0,16,77,73,0,0,0,0,0,0,0,0,0,0,0,0,0,0,0,Eukaryota,TSAR,Stramenopiles,Gyrista,Eustigmatophyceae,Eustigmatophyceae_X,Eustigmatophyceae_XX,Trachydiscus,Trachydiscus_sp.,Stramenopiles
ASV_1225,0,0,0,0,0,0,0,0,0,0,0,0,0,0,0,165,0,0,0,0,0,0,0,0,0,0,0,0,0,0,0,0,0,0,0,0,0,0,0,0,0,0,0,0,0,Eukaryota,Obazoa,Opisthokonta,Fungi,Chytridiomycota,NA,NA,NA,NA,Opisthokonta_Chytridiomycota
ASV_1226,0,0,0,0,0,0,0,0,0,0,0,0,0,0,0,165,0,0,0,0,0,0,0,0,0,0,0,0,0,0,0,0,0,0,0,0,0,0,0,0,0,0,0,0,0,Eukaryota,TSAR,Stramenopiles,Gyrista,Peronosporomycetes,Peronosporomycetes,Peronosporales,NA,NA,Stramenopiles
ASV_1227,0,0,0,0,0,0,0,0,0,0,0,0,0,0,0,0,0,0,0,0,165,0,0,0,0,0,0,0,0,0,0,0,0,0,0,0,0,0,0,0,0,0,0,0,0,Eukaryota,Obazoa,Opisthokonta,Fungi,NA,NA,NA,NA,NA,Opisthokonta_Unclassified
ASV_1228,0,0,0,0,0,0,0,0,0,0,0,0,0,0,0,0,0,0,0,0,0,0,0,0,0,0,165,0,0,0,0,0,0,0,0,0,0,0,0,0,0,0,0,0,0,Eukaryota,Archaeplastida,Chlorophyta,Chlorophyta_X,Chlorophyceae,Chlamydomonadales,Chlamydomonadales_X,Carteria,Carteria_lunzensis,Chlorophyta
ASV_1229,0,0,0,0,0,0,0,0,0,0,0,0,0,0,0,0,0,0,0,0,0,0,0,0,0,0,165,0,0,0,0,0,0,0,0,0,0,0,0,0,0,0,0,0,0,Eukaryota,TSAR,Stramenopiles,Gyrista,Peronosporomycetes,Peronosporomycetes,Peronosporales,Peronosporales_X,Peronosporales_X_sp.,Stramenopiles
ASV_1230,0,0,0,0,0,0,0,0,0,0,0,0,0,0,0,0,0,0,0,0,0,0,0,0,0,0,0,0,0,0,0,0,0,0,29,0,0,0,136,0,0,0,0,0,0,Eukaryota,TSAR,Stramenopiles,Bigyra,Bicoecea,Pseudodendromonadales,Pseudodendromonadales_X,Pseudodendromonadales_XX,Pseudodendromonadales_XX_sp.,Stramenopiles
ASV_1231,0,0,0,0,0,0,0,0,9,7,0,0,0,0,0,0,0,0,0,0,0,11,0,0,0,0,0,0,0,0,0,0,0,0,0,0,129,8,0,0,0,0,0,0,0,Eukaryota,TSAR,Rhizaria,Cercozoa,Novel-clade-10-12,Tremulida,Tremulidae,Tremula,Tremula_longifila,Rhizaria
ASV_1232,0,0,0,0,0,0,0,0,0,0,0,0,0,0,0,127,0,37,0,0,0,0,0,0,0,0,0,0,0,0,0,0,0,0,0,0,0,0,0,0,0,0,0,0,0,Eukaryota,Archaeplastida,Chlorophyta,Chlorophyta_X,Chlorophyceae,Chlamydomonadales,Chlamydomonadales_X,Chlamydomonas,NA,Chlorophyta
ASV_1233,0,0,0,0,0,0,0,0,0,0,0,0,0,0,0,71,26,0,67,0,0,0,0,0,0,0,0,0,0,0,0,0,0,0,0,0,0,0,0,0,0,0,0,0,0,Eukaryota,Obazoa,Opisthokonta,Fungi,NA,NA,NA,NA,NA,Opisthokonta_Unclassified
ASV_1234,0,0,0,0,0,0,0,0,0,0,0,0,0,0,0,0,39,0,125,0,0,0,0,0,0,0,0,0,0,0,0,0,0,0,0,0,0,0,0,0,0,0,0,0,0,Eukaryota,Obazoa,Opisthokonta,Fungi,Chytridiomycota,NA,NA,NA,NA,Opisthokonta_Chytridiomycota
ASV_1235,0,0,0,0,0,0,0,0,0,0,0,0,0,0,0,0,0,164,0,0,0,0,0,0,0,0,0,0,0,0,0,0,0,0,0,0,0,0,0,0,0,0,0,0,0,Eukaryota,Obazoa,Opisthokonta,Fungi,NA,NA,NA,NA,NA,Opisthokonta_Unclassified
ASV_1236,0,0,0,0,0,0,0,0,0,0,0,0,0,0,0,0,0,0,0,0,119,30,0,0,0,0,0,0,0,15,0,0,0,0,0,0,0,0,0,0,0,0,0,0,0,Eukaryota,Obazoa,Opisthokonta,Fungi,NA,NA,NA,NA,NA,Opisthokonta_Unclassified
ASV_1237,0,0,0,0,0,0,0,0,0,0,0,0,0,0,0,0,0,0,0,0,0,0,0,0,0,0,0,0,0,0,0,0,0,0,0,0,143,0,21,0,0,0,0,0,0,Eukaryota,NA,NA,NA,NA,NA,NA,NA,NA,NA
ASV_1238,0,0,0,0,0,0,0,0,0,0,0,0,0,0,0,0,31,44,88,0,0,0,0,0,0,0,0,0,0,0,0,0,0,0,0,0,0,0,0,0,0,0,0,0,0,Eukaryota,TSAR,Rhizaria,Cercozoa,Filosa-Thecofilosea,Cryomonadida,Protaspa-lineage,Protaspa,Protaspa_sp.,Rhizaria
ASV_1239,0,0,0,0,0,0,0,0,0,0,0,0,0,0,0,0,0,0,0,0,0,0,0,0,0,0,163,0,0,0,0,0,0,0,0,0,0,0,0,0,0,0,0,0,0,Eukaryota,TSAR,Rhizaria,Cercozoa,Filosa-SarcomoNAdea,Glissomonadida,Bodomorphidae,Bodomorpha,Bodomorpha_sp.,Rhizaria
ASV_1240,0,0,0,0,0,0,0,0,0,0,0,0,0,0,0,0,0,0,0,0,0,0,0,0,0,0,0,0,163,0,0,0,0,0,0,0,0,0,0,0,0,0,0,0,0,Eukaryota,TSAR,Stramenopiles,Bigyra,Opalozoa,Opalozoa_X,MAST-12,MAST-12C,MAST-12C_sp.,Stramenopiles
ASV_1241,0,0,0,0,0,0,0,0,0,0,0,0,0,0,0,0,0,0,0,0,0,0,0,0,0,0,0,0,0,0,0,0,0,163,0,0,0,0,0,0,0,0,0,0,0,Eukaryota,TSAR,Stramenopiles,Gyrista,Chrysophyceae,Paraphysomonadales,Paraphysomonadaceae,Paraphysomonas,Paraphysomonas_longispina,Stramenopiles
ASV_1242,0,0,0,0,0,0,0,0,0,5,0,0,0,0,0,0,0,0,26,0,0,0,0,0,21,110,0,0,0,0,0,0,0,0,0,0,0,0,0,0,0,0,0,0,0,Eukaryota,TSAR,Stramenopiles,Bigyra,Opalozoa,Opalozoa_X,MAST-12,MAST-12C,MAST-12C_sp.,Stramenopiles
ASV_1243,0,0,0,0,0,0,0,0,0,0,0,0,0,0,0,1,104,44,13,0,0,0,0,0,0,0,0,0,0,0,0,0,0,0,0,0,0,0,0,0,0,0,0,0,0,Eukaryota,TSAR,Stramenopiles,Gyrista,Mediophyceae,Thalassiosirales,Stephanodiscaceae,NA,NA,Stramenopiles
ASV_1244,0,0,0,0,0,0,0,0,0,0,0,0,0,0,0,0,0,0,0,0,0,0,162,0,0,0,0,0,0,0,0,0,0,0,0,0,0,0,0,0,0,0,0,0,0,Eukaryota,CRuMs,Collodictyonidae,Collodictyonidae_X,Collodictyonidae_XX,Collodictyonidae_XXX,Collodictyonidae_XXXX,NA,NA,Collodictyonidae
ASV_1245,0,0,0,0,0,0,0,0,0,0,0,0,0,0,0,0,0,0,0,0,0,0,0,0,0,0,0,0,0,0,0,0,0,68,0,94,0,0,0,0,0,0,0,0,0,Eukaryota,TSAR,Stramenopiles,Bigyra,Bicoecea,Pseudodendromonadales,Pseudodendromonadales_X,Pseudodendromonadales_XX,Pseudodendromonadales_XX_sp.,Stramenopiles
ASV_1246,0,0,0,0,0,0,0,0,0,0,0,0,0,0,0,0,0,0,0,0,0,0,161,0,0,0,0,0,0,0,0,0,0,0,0,0,0,0,0,0,0,0,0,0,0,Eukaryota,Haptista,Haptophyta,Haptophyta_X,Prymnesiophyceae,Prymnesiales,Chrysochromulinaceae,Chrysochromulina,Chrysochromulina_tobin,Haptophyta
ASV_1247,0,0,0,0,0,0,0,0,0,0,0,0,0,0,0,0,0,0,0,0,0,0,0,0,0,0,0,0,161,0,0,0,0,0,0,0,0,0,0,0,0,0,0,0,0,Eukaryota,Archaeplastida,Chlorophyta,Chlorophyta_X,Trebouxiophyceae,Chlorellales,Chlorellales_X,Dictyosphaerium,Dictyosphaerium_sp.,Chlorophyta
ASV_1248,0,0,0,0,0,0,0,0,0,0,0,0,0,0,0,0,0,0,0,0,0,0,0,0,0,0,0,0,0,0,0,0,0,0,0,0,0,110,51,0,0,0,0,0,0,Eukaryota,TSAR,Stramenopiles,Gyrista,Chrysophyceae,Paraphysomonadales,Paraphysomonadales_Clade-EC1Gb,Paraphysomonadales_Clade-EC1Gb_X,Paraphysomonadales_Clade-EC1Gb_X_sp.,Stramenopiles
ASV_1249,0,0,0,160,0,0,0,0,0,0,0,0,0,0,0,0,0,0,0,0,0,0,0,0,0,0,0,0,0,0,0,0,0,0,0,0,0,0,0,0,0,0,0,0,0,Eukaryota,Obazoa,Opisthokonta,Fungi,Chytridiomycota,NA,NA,NA,NA,Opisthokonta_Chytridiomycota
ASV_1250,0,0,0,0,0,0,160,0,0,0,0,0,0,0,0,0,0,0,0,0,0,0,0,0,0,0,0,0,0,0,0,0,0,0,0,0,0,0,0,0,0,0,0,0,0,Eukaryota,Obazoa,Opisthokonta,Metazoa,Platyhelminthes,Turbellaria,Catenulida,Stenostomum,Stenostomum_arevaloi,Opisthokonta_Platyhelminthes
ASV_1251,0,0,0,0,0,0,0,0,0,0,0,0,0,0,0,160,0,0,0,0,0,0,0,0,0,0,0,0,0,0,0,0,0,0,0,0,0,0,0,0,0,0,0,0,0,Eukaryota,TSAR,Stramenopiles,Gyrista,Peronosporomycetes,Peronosporomycetes,Peronosporales,Pythium,Pythium_ultimum,Stramenopiles
ASV_1252,0,0,0,0,0,0,0,0,0,0,0,0,0,0,0,160,0,0,0,0,0,0,0,0,0,0,0,0,0,0,0,0,0,0,0,0,0,0,0,0,0,0,0,0,0,Eukaryota,Obazoa,Opisthokonta,Metazoa,Arthropoda,Crustacea,Branchiopoda,Alonopsis,Alonopsis_elongata,Opisthokonta_Arthropoda
ASV_1253,0,0,0,0,0,0,0,0,0,0,0,0,0,0,0,0,0,0,160,0,0,0,0,0,0,0,0,0,0,0,0,0,0,0,0,0,0,0,0,0,0,0,0,0,0,Eukaryota,TSAR,Rhizaria,Cercozoa,Endomyxa,Vampyrellida,NA,NA,NA,Rhizaria
ASV_1254,0,0,0,0,0,0,0,0,0,0,0,0,0,0,0,0,0,0,0,0,0,0,0,0,0,0,0,0,160,0,0,0,0,0,0,0,0,0,0,0,0,0,0,0,0,Eukaryota,Archaeplastida,Chlorophyta,Chlorophyta_X,Chlorophyceae,Sphaeropleales,Sphaeropleales_X,Desmodesmus,Desmodesmus_pannonicus,Chlorophyta
ASV_1255,0,0,0,0,0,0,0,0,0,0,0,0,0,0,0,0,0,0,0,0,0,0,0,0,0,0,0,0,0,0,0,0,0,77,0,83,0,0,0,0,0,0,0,0,0,Eukaryota,TSAR,Stramenopiles,Gyrista,Synchromophyceae,Synchromophyceae_X,Synchromophyceae_XX,Synchromophyceae_XXX,Synchromophyceae_XXX_sp.,Stramenopiles
ASV_1256,0,0,0,0,0,0,0,0,0,0,0,0,0,0,0,0,0,0,0,0,0,0,0,0,0,0,0,0,159,0,0,0,0,0,0,0,0,0,0,0,0,0,0,0,0,Eukaryota,Cryptista,Kathablepharidacea,Kathablepharida,Kathablepharidea,Kathablepharidida,Kathablepharidida_X,Kathablepharidida_XX,Kathablepharidida_XX_sp.,Kathablepharidacea
ASV_1257,0,0,0,0,0,0,0,0,0,0,0,0,0,0,0,0,0,0,0,0,0,0,0,0,0,0,0,0,0,0,55,0,0,104,0,0,0,0,0,0,0,0,0,0,0,Eukaryota,Obazoa,Opisthokonta,Fungi,Chytridiomycota,Neocallimastigales,Neocallimastigaceae,NA,NA,Opisthokonta_Chytridiomycota
ASV_1258,0,0,0,0,0,0,0,0,0,0,0,0,0,0,0,0,0,0,0,0,0,0,0,0,0,0,0,0,0,0,0,0,0,0,4,145,0,10,0,0,0,0,0,0,0,Eukaryota,NA,NA,NA,NA,NA,NA,NA,NA,NA
ASV_1259,0,0,0,0,0,0,0,0,0,0,0,0,0,0,0,0,0,0,0,0,0,0,0,0,0,0,0,0,0,0,0,0,0,0,0,0,0,0,0,0,159,0,0,0,0,Eukaryota,Obazoa,Opisthokonta,Fungi,Ascomycota,Pezizomycotina,Eurotiomycetes,Penicillium,Penicillium_purpurogenum,Opisthokonta_Ascomycota
ASV_1260,0,0,0,0,0,0,0,0,0,0,0,0,0,0,0,0,0,0,0,0,0,0,0,0,0,0,0,0,0,0,0,0,0,0,14,28,103,0,0,0,0,0,13,0,0,Eukaryota,Obazoa,Opisthokonta,Fungi,Chytridiomycota,Rhizophydiales,NA,NA,NA,Opisthokonta_Chytridiomycota
ASV_1261,0,0,0,0,0,0,157,0,0,0,0,0,0,0,0,0,0,0,0,0,0,0,0,0,0,0,0,0,0,0,0,0,0,0,0,0,0,0,0,0,0,0,0,0,0,Eukaryota,Archaeplastida,Chlorophyta,Chlorophyta_X,Chlorophyceae,Chlamydomonadales,Chlamydomonadales_X,Gonium,Gonium_pectorale,Chlorophyta
ASV_1262,0,0,0,0,0,0,15,0,0,0,139,0,0,3,0,0,0,0,0,0,0,0,0,0,0,0,0,0,0,0,0,0,0,0,0,0,0,0,0,0,0,0,0,0,0,Eukaryota,TSAR,Stramenopiles,Gyrista,Bacillariophyceae,Achnanthales,Cocconeidaceae,Cocconeis,Cocconeis_placentula,Stramenopiles
ASV_1263,0,0,0,0,0,0,0,0,0,0,0,0,0,0,0,157,0,0,0,0,0,0,0,0,0,0,0,0,0,0,0,0,0,0,0,0,0,0,0,0,0,0,0,0,0,Eukaryota,TSAR,Stramenopiles,Gyrista,Bacillariophyceae,Cymbellales,Cymbellaceae,Cymbella,Cymbella_cistula,Stramenopiles
ASV_1264,0,0,0,0,0,0,0,0,0,0,0,0,0,0,0,144,13,0,0,0,0,0,0,0,0,0,0,0,0,0,0,0,0,0,0,0,0,0,0,0,0,0,0,0,0,Eukaryota,TSAR,Rhizaria,Cercozoa,Filosa-Imbricatea,NA,NA,NA,NA,Rhizaria
ASV_1265,0,0,0,0,0,0,0,0,0,0,0,0,0,0,0,0,0,0,0,0,157,0,0,0,0,0,0,0,0,0,0,0,0,0,0,0,0,0,0,0,0,0,0,0,0,Eukaryota,Archaeplastida,Chlorophyta,Chlorophyta_X,Chlorophyceae,Chlamydomonadales,Chlamydomonadales_X,Carteria,Carteria_lunzensis,Chlorophyta
ASV_1266,0,0,0,0,0,0,0,0,0,0,0,0,0,0,0,0,0,0,0,0,0,0,0,0,0,0,0,0,0,0,0,0,0,157,0,0,0,0,0,0,0,0,0,0,0,Eukaryota,TSAR,Stramenopiles,Gyrista,Peronosporomycetes,Peronosporomycetes,Peronosporales,Peronosporales_X,Peronosporales_X_sp.,Stramenopiles
ASV_1267,0,0,0,0,0,0,0,0,0,0,0,0,0,0,0,0,0,0,0,0,0,0,0,0,0,0,0,0,0,0,0,0,0,157,0,0,0,0,0,0,0,0,0,0,0,Eukaryota,TSAR,Stramenopiles,Bigyra,Bicoecea,Pseudodendromonadales,Pseudodendromonadales_X,Pseudodendromonadales_XX,Pseudodendromonadales_XX_sp.,Stramenopiles
ASV_1268,0,0,0,0,0,0,156,0,0,0,0,0,0,0,0,0,0,0,0,0,0,0,0,0,0,0,0,0,0,0,0,0,0,0,0,0,0,0,0,0,0,0,0,0,0,Eukaryota,Obazoa,Opisthokonta,Fungi,NA,NA,NA,NA,NA,Opisthokonta_Unclassified
ASV_1269,0,0,0,0,0,0,0,0,0,0,0,0,0,0,0,0,0,0,0,0,156,0,0,0,0,0,0,0,0,0,0,0,0,0,0,0,0,0,0,0,0,0,0,0,0,Eukaryota,Obazoa,Opisthokonta,Choanoflagellata,Choanoflagellatea,Craspedida,Monosigidae_Group_A,Codosiga,Codosiga_botrytis,Opisthokonta_Choanoflagellatea
ASV_1270,0,0,0,0,0,0,0,0,0,0,0,0,0,0,0,0,0,0,0,0,65,0,0,0,0,78,0,0,0,0,0,0,0,0,0,0,0,0,0,0,0,0,0,0,13,Eukaryota,Obazoa,Opisthokonta,Fungi,Ascomycota,Pezizomycotina,Dothideomycetes,Mycosphaerella,Mycosphaerella_graminicola,Opisthokonta_Ascomycota
ASV_1271,0,0,0,0,0,0,0,0,0,0,0,0,0,0,155,0,0,0,0,0,0,0,0,0,0,0,0,0,0,0,0,0,0,0,0,0,0,0,0,0,0,0,0,0,0,Eukaryota,Archaeplastida,Chlorophyta,Chlorophyta_X,Chlorophyceae,Chlamydomonadales,Chlamydomonadales_X,NA,NA,Chlorophyta
ASV_1272,0,0,0,0,0,0,0,0,0,0,0,0,0,0,0,0,0,0,0,0,0,0,0,0,0,0,0,155,0,0,0,0,0,0,0,0,0,0,0,0,0,0,0,0,0,Eukaryota,TSAR,Stramenopiles,Bigyra,Opalozoa,Opalozoa_X,MAST-12,MAST-12C,MAST-12C_sp.,Stramenopiles
ASV_1273,0,0,0,0,0,0,0,0,0,0,0,0,0,0,0,0,0,0,0,0,0,0,0,0,0,0,0,0,155,0,0,0,0,0,0,0,0,0,0,0,0,0,0,0,0,Eukaryota,Obazoa,Opisthokonta,Fungi,Ascomycota,Pezizomycotina,Dothideomycetes,Mycosphaerella,Mycosphaerella_graminicola,Opisthokonta_Ascomycota
ASV_1274,0,0,0,0,0,0,0,0,0,0,0,0,0,0,0,0,0,0,0,0,0,0,0,0,0,0,0,0,0,0,0,0,0,155,0,0,0,0,0,0,0,0,0,0,0,Eukaryota,Obazoa,Opisthokonta,Metazoa,Gastrotricha,Gastrotricha_X,Gastrotricha_XX,Chaetonotus,Chaetonotus_hystrix,Opisthokonta_Gastrotricha
ASV_1275,0,0,0,0,0,0,0,0,0,0,0,0,0,0,0,154,0,0,0,0,0,0,0,0,0,0,0,0,0,0,0,0,0,0,0,0,0,0,0,0,0,0,0,0,0,Eukaryota,Obazoa,Opisthokonta,Ichthyosporea,Ichthyophonida,Pseudoperkinsidae,Pseudoperkinsidae_X,Anurofeca,Anurofeca_sp.,Opisthokonta_Ichthyophonida
ASV_1276,0,0,0,0,0,0,0,0,0,0,0,0,0,0,0,0,0,0,0,0,0,0,29,0,17,21,0,0,87,0,0,0,0,0,0,0,0,0,0,0,0,0,0,0,0,Eukaryota,Obazoa,Opisthokonta,Fungi,Basidiomycota,Agaricomycotina,Agaricomycetes,NA,NA,Opisthokonta_Basidiomycota
ASV_1277,0,0,0,0,0,0,0,0,0,0,0,0,0,0,0,0,0,0,0,0,0,0,0,0,0,0,0,154,0,0,0,0,0,0,0,0,0,0,0,0,0,0,0,0,0,Eukaryota,Obazoa,Opisthokonta,Metazoa,Arthropoda,Crustacea,Maxillopoda,NA,NA,Opisthokonta_Arthropoda
ASV_1278,0,0,0,0,0,0,0,0,0,0,0,0,0,0,0,0,0,0,0,0,0,0,0,0,0,0,0,0,0,0,0,0,0,0,0,0,0,0,0,0,0,154,0,0,0,Eukaryota,TSAR,Stramenopiles,Gyrista,Peronosporomycetes,Peronosporomycetes,Peronosporales,Peronosporales_X,Peronosporales_X_sp.,Stramenopiles
ASV_1279,153,0,0,0,0,0,0,0,0,0,0,0,0,0,0,0,0,0,0,0,0,0,0,0,0,0,0,0,0,0,0,0,0,0,0,0,0,0,0,0,0,0,0,0,0,Eukaryota,Obazoa,Opisthokonta,Metazoa,Arthropoda,Crustacea,Branchiopoda,Bosmina,Bosmina_longirostris,Opisthokonta_Arthropoda
ASV_1280,0,0,0,0,0,0,0,0,0,0,0,0,0,0,0,153,0,0,0,0,0,0,0,0,0,0,0,0,0,0,0,0,0,0,0,0,0,0,0,0,0,0,0,0,0,Eukaryota,Obazoa,Opisthokonta,Fungi,Basidiomycota,Agaricomycotina,Tremellomycetes,NA,NA,Opisthokonta_Basidiomycota
ASV_1281,0,0,0,0,0,0,0,0,0,0,0,0,0,0,0,0,47,0,0,0,106,0,0,0,0,0,0,0,0,0,0,0,0,0,0,0,0,0,0,0,0,0,0,0,0,Eukaryota,Obazoa,Opisthokonta,Metazoa,Platyhelminthes,Turbellaria,Rhabdocoela,Castrada,Castrada_hofmanni,Opisthokonta_Platyhelminthes
ASV_1282,0,0,0,0,0,0,0,0,0,0,0,0,0,0,0,0,0,0,0,0,0,0,0,0,0,0,0,0,153,0,0,0,0,0,0,0,0,0,0,0,0,0,0,0,0,Eukaryota,Obazoa,Opisthokonta,Fungi,Basidiomycota,Agaricomycotina,Agaricomycetes,Udeniomyces,Udeniomyces_puniceus,Opisthokonta_Basidiomycota
ASV_1283,0,125,0,0,0,0,0,0,0,0,0,0,0,0,0,0,0,0,0,0,0,0,0,0,0,0,0,0,0,0,0,5,22,0,0,0,0,0,0,0,0,0,0,0,0,Eukaryota,Obazoa,Opisthokonta,Ichthyosporea,Ichthyophonida,Psorospermidae,Psorospermidae_X,Psorospermium,Psorospermium_haeckeli,Opisthokonta_Ichthyophonida
ASV_1284,0,0,0,0,0,0,0,36,0,0,0,0,0,0,0,0,0,0,0,0,0,0,0,0,0,0,0,0,0,0,23,0,82,0,0,0,0,0,11,0,0,0,0,0,0,Eukaryota,Obazoa,Opisthokonta,Metazoa,Arthropoda,Crustacea,Maxillopoda,NA,NA,Opisthokonta_Arthropoda
ASV_1285,0,0,0,0,0,0,0,0,0,0,0,0,0,0,0,152,0,0,0,0,0,0,0,0,0,0,0,0,0,0,0,0,0,0,0,0,0,0,0,0,0,0,0,0,0,Eukaryota,TSAR,Stramenopiles,Bigyra,Bicoecea,Bicoecales,Bicoecaceae,Bicosoeca,Bicosoeca_petiolata,Stramenopiles
ASV_1286,0,0,0,0,0,0,0,0,0,0,0,0,0,0,0,0,0,0,0,0,152,0,0,0,0,0,0,0,0,0,0,0,0,0,0,0,0,0,0,0,0,0,0,0,0,Eukaryota,TSAR,Stramenopiles,Gyrista,Chrysophyceae,NA,NA,NA,NA,Stramenopiles
ASV_1287,0,0,0,0,0,0,0,0,0,0,0,0,0,0,0,0,0,0,0,0,0,0,85,0,67,0,0,0,0,0,0,0,0,0,0,0,0,0,0,0,0,0,0,0,0,Eukaryota,Archaeplastida,Chlorophyta,Chlorophyta_X,Trebouxiophyceae,Watanabea-Clade,Watanabea-Clade_X,Apatococcus,Apatococcus_lobatus,Chlorophyta
ASV_1288,0,0,0,0,0,0,0,0,0,0,0,0,0,0,0,0,0,0,0,0,0,0,0,0,0,0,0,0,0,0,0,0,0,152,0,0,0,0,0,0,0,0,0,0,0,Eukaryota,TSAR,Rhizaria,Cercozoa,Filosa-SarcomoNAdea,Glissomonadida,Glissomonadida_Clade-Y,Glissomonadida_Clade-Y_X,Glissomonadida_Clade-Y_X_sp.,Rhizaria
ASV_1289,0,17,33,0,0,0,0,0,0,0,0,0,0,0,0,72,0,0,29,0,0,0,0,0,0,0,0,0,0,0,0,0,0,0,0,0,0,0,0,0,0,0,0,0,0,Eukaryota,Obazoa,Opisthokonta,Fungi,Chytridiomycota,Rhizophydiales,Rhizophydiaceae,Rhizophydium,Rhizophydium_sp.,Opisthokonta_Chytridiomycota
ASV_1290,0,0,0,151,0,0,0,0,0,0,0,0,0,0,0,0,0,0,0,0,0,0,0,0,0,0,0,0,0,0,0,0,0,0,0,0,0,0,0,0,0,0,0,0,0,Eukaryota,Obazoa,Opisthokonta,Fungi,Chytridiomycota,Spizellomycetales,Spizellomycetales_X,Spizellomycetales_XX,Spizellomycetales_XX_sp.,Opisthokonta_Chytridiomycota
ASV_1291,0,0,0,0,0,0,0,0,0,0,0,0,0,0,0,0,0,0,0,75,0,0,76,0,0,0,0,0,0,0,0,0,0,0,0,0,0,0,0,0,0,0,0,0,0,Eukaryota,Archaeplastida,Chlorophyta,Chlorophyta_X,Chlorophyceae,Chlamydomonadales,Chlamydomonadales_X,Chlamydomonas,NA,Chlorophyta
ASV_1292,0,0,0,0,0,0,0,0,0,0,0,0,0,0,0,0,0,0,0,0,0,0,0,0,0,0,0,0,0,0,0,0,0,0,0,0,129,0,0,22,0,0,0,0,0,Eukaryota,Obazoa,Opisthokonta,Metazoa,Gastrotricha,Gastrotricha_X,Gastrotricha_XX,Chaetonotus,Chaetonotus_sp.,Opisthokonta_Gastrotricha
ASV_1293,0,0,0,0,0,0,0,0,0,0,0,0,0,0,0,150,0,0,0,0,0,0,0,0,0,0,0,0,0,0,0,0,0,0,0,0,0,0,0,0,0,0,0,0,0,Eukaryota,Eukaryota_X,Ancyromonadida,Ancyromonadida_X,AncyromoNAdida_XX,Ancyromonadida_XXX,Ancyromonadida_Group-1,Ancyromonadida_Group-1_X,NA,Ancyromonadida
ASV_1294,0,0,0,26,115,0,0,8,0,0,0,0,0,0,0,0,0,0,0,0,0,0,0,0,0,0,0,0,0,0,0,0,0,0,0,0,0,0,0,0,0,0,0,0,0,Eukaryota,TSAR,Stramenopiles,Gyrista,Hyphochytriomyceta,Hyphochytriales,Hyphochrytriaceae,Hyphochytrium,Hyphochytrium_catenoides,Stramenopiles
ASV_1295,0,0,0,0,0,0,0,0,0,0,0,0,0,0,0,0,30,0,116,3,0,0,0,0,0,0,0,0,0,0,0,0,0,0,0,0,0,0,0,0,0,0,0,0,0,Eukaryota,TSAR,Stramenopiles,Gyrista,Bacillariophyceae,Cymbellales,Cymbellaceae,Cymbella,Cymbella_cistula,Stramenopiles
ASV_1296,0,0,57,0,0,0,0,42,0,0,49,0,0,0,0,0,0,0,0,0,0,0,0,0,0,0,0,0,0,0,0,0,0,0,0,0,0,0,0,0,0,0,0,0,0,Eukaryota,Obazoa,Opisthokonta,Metazoa,Arthropoda,Crustacea,Maxillopoda,NA,NA,Opisthokonta_Arthropoda
ASV_1297,0,0,0,0,0,0,0,0,0,0,0,0,0,0,0,111,0,0,0,0,0,0,0,0,0,0,0,0,0,0,0,0,0,0,0,0,0,0,0,0,0,37,0,0,0,Eukaryota,TSAR,Stramenopiles,Gyrista,Chrysophyceae,Paraphysomonadales,Lepidochromonadaceae,Lepidochromonas,NA,Stramenopiles
ASV_1298,0,0,0,0,0,0,0,0,0,0,0,0,0,0,0,0,0,0,0,0,0,0,0,16,0,71,0,0,61,0,0,0,0,0,0,0,0,0,0,0,0,0,0,0,0,Eukaryota,TSAR,Rhizaria,Cercozoa,Filosa-SarcomoNAdea,Cercomonadida,Paracercomonadidae,Paracercomonas,Paracercomonas_sp.,Rhizaria
ASV_1299,0,0,0,0,0,0,0,0,0,0,0,0,65,0,82,0,0,0,0,0,0,0,0,0,0,0,0,0,0,0,0,0,0,0,0,0,0,0,0,0,0,0,0,0,0,Eukaryota,Archaeplastida,Chlorophyta,Chlorophyta_X,Chlorophyceae,Chlamydomonadales,Chlamydomonadales_X,NA,NA,Chlorophyta
ASV_1300,0,0,0,0,0,0,0,0,0,0,0,0,0,0,0,147,0,0,0,0,0,0,0,0,0,0,0,0,0,0,0,0,0,0,0,0,0,0,0,0,0,0,0,0,0,Eukaryota,Obazoa,Opisthokonta,Metazoa,Nematoda,Chromadorea,Chromadorea_X,Wilsonema,Wilsonema_otophorum,Opisthokonta_Nematoda
ASV_1301,0,0,0,0,0,0,0,0,0,0,0,0,0,0,0,0,0,0,90,0,0,0,0,0,0,0,0,0,0,0,0,0,0,0,0,0,0,0,0,0,57,0,0,0,0,Eukaryota,TSAR,Rhizaria,Cercozoa,Filosa-SarcomoNAdea,Glissomonadida,Allapsidae,NA,NA,Rhizaria
ASV_1302,0,0,0,0,0,0,0,0,0,0,0,0,0,0,0,0,0,0,0,0,147,0,0,0,0,0,0,0,0,0,0,0,0,0,0,0,0,0,0,0,0,0,0,0,0,Eukaryota,Archaeplastida,Chlorophyta,Chlorophyta_X,Chlorophyceae,Chlamydomonadales,Chlamydomonadales_X,Carteria,Carteria_lunzensis,Chlorophyta
ASV_1303,0,0,0,0,0,0,0,0,0,0,0,0,0,0,0,0,0,0,0,0,0,0,0,0,0,0,147,0,0,0,0,0,0,0,0,0,0,0,0,0,0,0,0,0,0,Eukaryota,Archaeplastida,Chlorophyta,Chlorophyta_X,Chlorophyceae,Chlamydomonadales,Chlamydomonadales_X,Carteria,Carteria_lunzensis,Chlorophyta
ASV_1304,0,0,0,0,0,0,0,0,0,0,0,0,0,0,0,0,0,0,0,0,0,0,0,0,0,0,0,147,0,0,0,0,0,0,0,0,0,0,0,0,0,0,0,0,0,Eukaryota,Obazoa,Opisthokonta,Metazoa,Arthropoda,Crustacea,Maxillopoda,Eudiaptomus,Eudiaptomus_graciloides,Opisthokonta_Arthropoda
ASV_1305,0,0,0,0,0,0,0,0,0,0,0,0,0,0,0,0,0,0,0,0,0,0,0,0,0,0,0,0,147,0,0,0,0,0,0,0,0,0,0,0,0,0,0,0,0,Eukaryota,TSAR,Rhizaria,Cercozoa,Filosa-Imbricatea,Filosa-Imbricatea_X,Filosa-Imbricatea_XX,Quadricilia,Quadricilia_rotundata,Rhizaria
ASV_1306,0,0,0,0,0,0,0,0,0,0,0,0,0,0,0,0,0,0,0,0,0,0,0,0,0,0,0,0,0,0,0,0,52,95,0,0,0,0,0,0,0,0,0,0,0,Eukaryota,TSAR,Stramenopiles,Gyrista,Peronosporomycetes,Peronosporomycetes,Saprolegniales,Aphanomyces,Aphanomyces_sp.,Stramenopiles
ASV_1307,0,146,0,0,0,0,0,0,0,0,0,0,0,0,0,0,0,0,0,0,0,0,0,0,0,0,0,0,0,0,0,0,0,0,0,0,0,0,0,0,0,0,0,0,0,Eukaryota,TSAR,Stramenopiles,Gyrista,Peronosporomycetes,Peronosporomycetes,Saprolegniales,Saprolegnia,Saprolegnia_parasitica,Stramenopiles
ASV_1308,0,0,146,0,0,0,0,0,0,0,0,0,0,0,0,0,0,0,0,0,0,0,0,0,0,0,0,0,0,0,0,0,0,0,0,0,0,0,0,0,0,0,0,0,0,Eukaryota,Obazoa,Opisthokonta,NA,NA,NA,NA,NA,NA,Opisthokonta_Unclassified
ASV_1309,0,0,0,0,0,0,0,0,0,0,0,0,0,0,0,146,0,0,0,0,0,0,0,0,0,0,0,0,0,0,0,0,0,0,0,0,0,0,0,0,0,0,0,0,0,Eukaryota,TSAR,Stramenopiles,Gyrista,Peronosporomycetes,Peronosporomycetes,Haliphthorales,NA,NA,Stramenopiles
ASV_1310,0,0,0,0,0,0,0,0,0,0,0,0,0,0,0,0,0,0,0,0,0,0,0,0,0,0,146,0,0,0,0,0,0,0,0,0,0,0,0,0,0,0,0,0,0,Eukaryota,Archaeplastida,Chlorophyta,Chlorophyta_X,Chlorophyceae,Chlamydomonadales,Chlamydomonadales_X,Carteria,Carteria_lunzensis,Chlorophyta
ASV_1311,0,0,0,0,0,0,0,0,0,0,0,0,0,0,0,0,0,0,0,0,0,0,0,0,0,0,0,0,146,0,0,0,0,0,0,0,0,0,0,0,0,0,0,0,0,Eukaryota,Obazoa,Opisthokonta,Fungi,Ascomycota,Pezizomycotina,Dothideomycetes,Dothidea,Dothidea_ribesia,Opisthokonta_Ascomycota
ASV_1312,0,0,0,0,0,0,0,0,0,0,0,0,0,0,0,0,0,0,0,0,0,0,0,0,0,0,0,0,146,0,0,0,0,0,0,0,0,0,0,0,0,0,0,0,0,Eukaryota,TSAR,Rhizaria,Cercozoa,Filosa-SarcomoNAdea,Glissomonadida,NA,NA,NA,Rhizaria
ASV_1313,0,0,0,0,0,0,0,0,0,0,0,0,0,0,0,0,93,0,0,0,0,0,0,0,52,0,0,0,0,0,0,0,0,0,0,0,0,0,0,0,0,0,0,0,0,Eukaryota,Obazoa,Opisthokonta,Fungi,Ascomycota,Pezizomycotina,Lecanoromycetes,NA,NA,Opisthokonta_Ascomycota
ASV_1314,0,0,0,0,0,0,0,0,0,0,0,0,0,0,0,0,0,0,0,0,145,0,0,0,0,0,0,0,0,0,0,0,0,0,0,0,0,0,0,0,0,0,0,0,0,Eukaryota,Archaeplastida,Chlorophyta,Chlorophyta_X,Chlorophyceae,Chlamydomonadales,Chlamydomonadales_X,Carteria,Carteria_lunzensis,Chlorophyta
ASV_1315,0,0,0,0,0,0,0,0,0,0,0,0,0,0,0,0,0,0,0,0,0,37,0,0,64,44,0,0,0,0,0,0,0,0,0,0,0,0,0,0,0,0,0,0,0,Eukaryota,Obazoa,Opisthokonta,Fungi,Chytridiomycota,Spizellomycetales,NA,NA,NA,Opisthokonta_Chytridiomycota
ASV_1316,0,0,0,0,0,0,0,0,0,0,0,0,0,0,0,0,0,0,0,0,0,11,31,0,29,74,0,0,0,0,0,0,0,0,0,0,0,0,0,0,0,0,0,0,0,Eukaryota,Archaeplastida,Chlorophyta,Chlorophyta_X,Trebouxiophyceae,NA,NA,NA,NA,Chlorophyta
ASV_1317,0,0,0,0,0,0,0,0,0,0,0,0,0,0,0,0,0,0,0,0,0,0,0,0,0,0,0,0,145,0,0,0,0,0,0,0,0,0,0,0,0,0,0,0,0,Eukaryota,TSAR,Stramenopiles,Bigyra,Opalozoa,Opalozoa_X,MAST-12,MAST-12C,MAST-12C_sp.,Stramenopiles
ASV_1318,0,0,0,0,0,0,0,0,0,0,0,0,0,0,0,0,0,0,0,0,0,0,0,0,0,0,0,0,145,0,0,0,0,0,0,0,0,0,0,0,0,0,0,0,0,Eukaryota,Archaeplastida,Chlorophyta,Chlorophyta_X,Chlorophyceae,Sphaeropleales,Scenedesmaceae,Scenedesmaceae_X,Scenedesmaceae_X_sp.,Chlorophyta
ASV_1319,0,0,0,0,0,0,0,0,0,0,0,0,0,0,0,144,0,0,0,0,0,0,0,0,0,0,0,0,0,0,0,0,0,0,0,0,0,0,0,0,0,0,0,0,0,Eukaryota,Obazoa,Opisthokonta,Fungi,Chytridiomycota,Neocallimastigales,Neocallimastigaceae,NA,NA,Opisthokonta_Chytridiomycota
ASV_1320,0,0,0,0,0,0,0,0,0,0,0,0,0,0,0,100,0,0,44,0,0,0,0,0,0,0,0,0,0,0,0,0,0,0,0,0,0,0,0,0,0,0,0,0,0,Eukaryota,TSAR,Stramenopiles,Gyrista,Chrysophyceae,Paraphysomonadales,Paraphysomonadaceae,Paraphysomonas,Paraphysomonas_segmenta,Stramenopiles
ASV_1321,0,0,0,0,0,0,0,0,0,0,0,0,0,0,0,0,0,0,0,0,0,0,0,0,0,0,0,144,0,0,0,0,0,0,0,0,0,0,0,0,0,0,0,0,0,Eukaryota,Obazoa,Opisthokonta,Fungi,NA,NA,NA,NA,NA,Opisthokonta_Unclassified
ASV_1322,0,0,0,0,0,0,0,0,0,0,0,0,0,0,0,0,0,0,0,0,0,0,0,0,0,0,0,0,0,0,0,0,0,144,0,0,0,0,0,0,0,0,0,0,0,Eukaryota,TSAR,Stramenopiles,Gyrista,Chrysophyceae,Chrysophyceae_env_clade-I,Chrysophyceae_env_clade-I_X,Chrysophyceae_env_clade-I_XX,Chrysophyceae_env_clade-I_XX_sp.,Stramenopiles
ASV_1323,0,0,0,0,0,0,0,0,0,0,0,0,0,0,0,0,0,0,0,0,0,0,0,0,0,0,0,0,0,0,0,0,0,0,0,0,144,0,0,0,0,0,0,0,0,Eukaryota,Obazoa,Opisthokonta,Metazoa,Gastrotricha,Gastrotricha_X,Gastrotricha_XX,Chaetonotus,Chaetonotus_sp.,Opisthokonta_Gastrotricha
ASV_1324,0,0,0,0,0,0,0,0,0,0,0,0,0,0,0,143,0,0,0,0,0,0,0,0,0,0,0,0,0,0,0,0,0,0,0,0,0,0,0,0,0,0,0,0,0,Eukaryota,Obazoa,Opisthokonta,Fungi,Ascomycota,Pezizomycotina,Leotiomycetes,Erysiphe,Erysiphe_pisi,Opisthokonta_Ascomycota
ASV_1325,0,0,0,0,0,0,0,0,0,0,0,0,0,0,0,0,0,0,0,0,143,0,0,0,0,0,0,0,0,0,0,0,0,0,0,0,0,0,0,0,0,0,0,0,0,Eukaryota,Obazoa,Opisthokonta,Fungi,Chytridiomycota,Spizellomycetales,Spizellomycetales_X,Spizellomycetales_XX,Spizellomycetales_XX_sp.,Opisthokonta_Chytridiomycota
ASV_1326,0,0,0,0,0,0,0,0,0,0,0,0,0,0,0,0,0,0,0,0,0,0,0,0,0,0,0,0,143,0,0,0,0,0,0,0,0,0,0,0,0,0,0,0,0,Eukaryota,TSAR,Stramenopiles,Gyrista,Chrysophyceae,Chrysosaccales,Chrysosaccaceae,Chrysosphaera,Chrysosphaera_parvula,Stramenopiles
ASV_1327,0,0,0,0,0,0,25,0,0,0,0,0,0,0,0,0,0,0,0,0,0,0,0,0,0,0,0,0,0,0,117,0,0,0,0,0,0,0,0,0,0,0,0,0,0,Eukaryota,TSAR,Stramenopiles,Gyrista,Peronosporomycetes,Peronosporomycetes,Peronosporales,NA,NA,Stramenopiles
ASV_1328,0,0,0,0,0,0,0,0,0,0,0,0,0,0,0,142,0,0,0,0,0,0,0,0,0,0,0,0,0,0,0,0,0,0,0,0,0,0,0,0,0,0,0,0,0,Eukaryota,Archaeplastida,Streptophyta,Streptophyta_X,Embryophyceae,Embryophyceae_X,Embryophyceae_XX,NA,NA,Streptophyta
ASV_1329,0,0,0,0,0,0,0,0,0,0,0,0,0,0,0,0,0,0,0,0,141,0,0,0,0,0,0,0,0,0,0,0,0,0,0,0,0,0,0,0,0,0,0,0,0,Eukaryota,Obazoa,Opisthokonta,Fungi,Chytridiomycota,Cladochytriales,Cladochytriaceae,Cladochytrium,Cladochytrium_replicatum,Opisthokonta_Chytridiomycota
ASV_1330,0,0,0,0,0,0,0,0,0,0,0,0,0,0,0,0,0,0,0,0,0,0,0,0,0,141,0,0,0,0,0,0,0,0,0,0,0,0,0,0,0,0,0,0,0,Eukaryota,TSAR,Stramenopiles,Gyrista,Dictyochophyceae,Dictyochophyceae_X,Pedinellales,Pseudopedinella,Pseudopedinella_elastica,Stramenopiles
ASV_1331,0,0,0,0,0,0,0,0,0,0,0,0,0,0,0,0,0,0,0,0,0,0,0,0,0,0,0,0,0,0,0,0,0,0,0,0,114,0,0,0,0,27,0,0,0,Eukaryota,TSAR,Rhizaria,Rhizaria_X,Rhizaria_XX,Aquavolonida,Aquavolonida_X,Aquavolon,Aquavolon_hoantrani,Rhizaria
ASV_1332,37,0,0,0,0,0,0,0,0,0,0,0,0,0,0,0,0,0,0,0,0,0,0,0,0,0,0,0,0,0,0,0,0,0,82,0,0,21,0,0,0,0,0,0,0,Eukaryota,Obazoa,Opisthokonta,Metazoa,Arthropoda,Crustacea,Branchiopoda,Bosmina,Bosmina_longirostris,Opisthokonta_Arthropoda
ASV_1333,0,0,42,1,0,0,0,0,0,0,23,0,0,0,0,0,0,0,0,0,1,23,0,0,25,6,0,0,0,0,0,0,0,7,0,0,12,0,0,0,0,0,0,0,0,Eukaryota,TSAR,Stramenopiles,Gyrista,Peronosporomycetes,Peronosporomycetes,Peronosporales,Peronosporales_X,Peronosporales_X_sp.,Stramenopiles
ASV_1334,0,0,0,115,0,0,0,0,0,0,0,0,0,25,0,0,0,0,0,0,0,0,0,0,0,0,0,0,0,0,0,0,0,0,0,0,0,0,0,0,0,0,0,0,0,Eukaryota,TSAR,Stramenopiles,Bigyra,Bicoecea,Pseudodendromonadales,Pseudodendromonadales_X,Pseudodendromonadales_XX,Pseudodendromonadales_XX_sp.,Stramenopiles
ASV_1335,0,0,0,14,0,0,0,0,0,0,0,0,0,0,0,0,0,0,0,0,0,0,0,0,0,0,0,0,0,0,0,0,0,0,0,0,91,35,0,0,0,0,0,0,0,Eukaryota,TSAR,Stramenopiles,Bigyra,Bicoecea,Pseudodendromonadales,Pseudodendromonadales_X,Pseudodendromonadales_XX,Pseudodendromonadales_XX_sp.,Stramenopiles
ASV_1336,0,0,0,0,126,0,0,14,0,0,0,0,0,0,0,0,0,0,0,0,0,0,0,0,0,0,0,0,0,0,0,0,0,0,0,0,0,0,0,0,0,0,0,0,0,Eukaryota,Obazoa,Opisthokonta,Fungi,Chytridiomycota,NA,NA,NA,NA,Opisthokonta_Chytridiomycota
ASV_1337,0,0,0,0,0,0,0,0,0,0,0,0,0,0,0,0,20,84,36,0,0,0,0,0,0,0,0,0,0,0,0,0,0,0,0,0,0,0,0,0,0,0,0,0,0,Eukaryota,TSAR,Stramenopiles,Bigyra,Bicoecea,Pseudodendromonadales,Pseudodendromonadales_X,NA,NA,Stramenopiles
ASV_1338,0,0,0,0,0,43,22,8,5,0,0,0,0,0,0,0,0,0,0,0,0,0,0,0,0,0,0,0,0,0,0,0,0,61,0,0,0,0,0,0,0,0,0,0,0,Eukaryota,TSAR,Rhizaria,Cercozoa,Filosa-SarcomoNAdea,Cercomonadida,Paracercomonadidae,Paracercomonas,NA,Rhizaria
ASV_1339,0,0,0,0,0,0,0,0,0,0,0,0,0,0,0,0,62,77,0,0,0,0,0,0,0,0,0,0,0,0,0,0,0,0,0,0,0,0,0,0,0,0,0,0,0,Eukaryota,Obazoa,Opisthokonta,Choanoflagellata,Choanoflagellatea,Craspedida,Monosigidae_Group_O,Monosigidae_Group_O_X,Monosigidae_Group_O_X_sp.,Opisthokonta_Choanoflagellatea
ASV_1340,0,0,0,0,0,0,0,0,0,0,0,0,0,0,0,0,0,0,42,0,0,0,0,0,0,0,0,0,0,0,37,0,0,60,0,0,0,0,0,0,0,0,0,0,0,Eukaryota,Obazoa,Opisthokonta,Choanoflagellata,Choanoflagellatea,Choanoflagellatea_X,Choanoflagellatea_XX,Salpingoeca,Salpingoeca_punica,Opisthokonta_Choanoflagellatea
ASV_1341,0,0,0,0,0,0,0,0,0,0,0,0,0,0,0,0,0,0,0,0,139,0,0,0,0,0,0,0,0,0,0,0,0,0,0,0,0,0,0,0,0,0,0,0,0,Eukaryota,Obazoa,Opisthokonta,Fungi,Chytridiomycota,Chytridiales,Chytridiaceae,Allochytridium,Allochytridium_luteum,Opisthokonta_Chytridiomycota
ASV_1342,0,0,0,0,0,0,0,0,0,0,0,0,0,0,0,0,0,0,0,0,138,0,0,0,0,0,0,0,0,0,0,0,0,0,0,0,0,0,0,0,0,0,0,0,0,Eukaryota,TSAR,Stramenopiles,Bigyra,Opalozoa,Opalozoa_X,MAST-12,MAST-12_X,MAST-12_X_sp.,Stramenopiles
ASV_1343,0,0,0,0,0,0,0,0,0,0,0,0,0,0,0,0,0,0,0,0,0,0,0,0,0,0,0,0,0,0,0,0,0,138,0,0,0,0,0,0,0,0,0,0,0,Eukaryota,TSAR,Stramenopiles,Bigyra,Opalozoa,Opalozoa_X,MAST-12,MAST-12C,MAST-12C_sp.,Stramenopiles
ASV_1344,0,0,0,0,0,29,108,0,0,0,0,0,0,0,0,0,0,0,0,0,0,0,0,0,0,0,0,0,0,0,0,0,0,0,0,0,0,0,0,0,0,0,0,0,0,Eukaryota,TSAR,Stramenopiles,Bigyra,Bicoecea,Pseudodendromonadales,Pseudodendromonadales_X,Pseudodendromonadales_XX,Pseudodendromonadales_XX_sp.,Stramenopiles
ASV_1345,0,0,0,0,0,0,0,137,0,0,0,0,0,0,0,0,0,0,0,0,0,0,0,0,0,0,0,0,0,0,0,0,0,0,0,0,0,0,0,0,0,0,0,0,0,Eukaryota,TSAR,Stramenopiles,Gyrista,Peronosporomycetes,Peronosporomycetes,Leptomitales,NA,NA,Stramenopiles
ASV_1346,0,0,0,0,0,0,0,0,0,0,0,0,0,0,0,137,0,0,0,0,0,0,0,0,0,0,0,0,0,0,0,0,0,0,0,0,0,0,0,0,0,0,0,0,0,Eukaryota,Obazoa,Opisthokonta,Metazoa,Arthropoda,Chelicerata,Arachnida,Oripoda,Oripoda_sp.,Opisthokonta_Arthropoda
ASV_1347,0,0,0,0,0,0,0,0,0,0,0,0,0,0,0,137,0,0,0,0,0,0,0,0,0,0,0,0,0,0,0,0,0,0,0,0,0,0,0,0,0,0,0,0,0,Eukaryota,Archaeplastida,Streptophyta,Streptophyta_X,Zygnemophyceae, Zygnemophyceae, ZygnemophyceaeX,NA,NA,Streptophyta
ASV_1348,0,0,0,0,0,0,0,0,0,0,0,0,0,0,0,0,0,0,137,0,0,0,0,0,0,0,0,0,0,0,0,0,0,0,0,0,0,0,0,0,0,0,0,0,0,Eukaryota,Haptista,Centroplasthelida,Centroplasthelida_X,Pterocystida,NA,NA,NA,NA,Centroplasthelida
ASV_1349,0,0,0,0,0,0,0,0,0,0,0,0,0,0,0,0,0,0,0,0,0,0,0,0,0,137,0,0,0,0,0,0,0,0,0,0,0,0,0,0,0,0,0,0,0,Eukaryota,TSAR,Stramenopiles,Gyrista,Dictyochophyceae,Dictyochophyceae_X,Pedinellales,Pseudopedinella,NA,Stramenopiles
ASV_1350,0,70,0,66,0,0,0,0,0,0,0,0,0,0,0,0,0,0,0,0,0,0,0,0,0,0,0,0,0,0,0,0,0,0,0,0,0,0,0,0,0,0,0,0,0,Eukaryota,Obazoa,Opisthokonta,NA,NA,NA,NA,NA,NA,Opisthokonta_Unclassified
ASV_1351,0,0,6,0,0,0,0,0,0,0,16,0,0,0,0,0,0,0,0,0,0,0,0,0,0,0,0,0,0,0,0,0,0,80,0,0,0,34,0,0,0,0,0,0,0,Eukaryota,TSAR,Stramenopiles,Gyrista,Peronosporomycetes,Peronosporomycetes,Peronosporales,NA,NA,Stramenopiles
ASV_1352,0,0,0,0,0,0,0,0,0,0,0,0,0,0,0,136,0,0,0,0,0,0,0,0,0,0,0,0,0,0,0,0,0,0,0,0,0,0,0,0,0,0,0,0,0,Eukaryota,Obazoa,Opisthokonta,Fungi,NA,NA,NA,NA,NA,Opisthokonta_Unclassified
ASV_1353,0,0,0,0,0,0,0,0,0,0,0,0,0,0,0,0,0,0,0,0,136,0,0,0,0,0,0,0,0,0,0,0,0,0,0,0,0,0,0,0,0,0,0,0,0,Eukaryota,TSAR,Stramenopiles,Gyrista,Eustigmatophyceae,Eustigmatophyceae_X,Eustigmatophyceae_XX,Pseudocharaciopsis,Pseudocharaciopsis_ovalis,Stramenopiles
ASV_1354,0,0,0,0,0,0,0,0,0,0,0,0,0,0,0,0,0,0,0,0,0,0,0,0,0,0,0,0,0,0,0,0,0,136,0,0,0,0,0,0,0,0,0,0,0,Eukaryota,TSAR,Rhizaria,Rhizaria_X,Rhizaria_XX,Aquavolonida,Aquavolonida_X,Aquavolon,Aquavolon_hoantrani,Rhizaria
ASV_1355,0,0,0,0,0,0,0,0,0,0,0,0,0,0,0,132,0,3,0,0,0,0,0,0,0,0,0,0,0,0,0,0,0,0,0,0,0,0,0,0,0,0,0,0,0,Eukaryota,TSAR,Stramenopiles,Gyrista,Bacillariophyceae,Cymbellales,Cymbellaceae,Cymbella,Cymbella_stuxbergii,Stramenopiles
ASV_1356,0,0,0,0,0,0,0,0,0,0,0,0,0,0,0,0,20,45,70,0,0,0,0,0,0,0,0,0,0,0,0,0,0,0,0,0,0,0,0,0,0,0,0,0,0,Eukaryota,TSAR,Rhizaria,Cercozoa,Novel-clade-10-12,Novel-clade-10,Novel-clade-10_X,Novel-clade-10_XX,Novel-clade-10_XX_sp.,Rhizaria
ASV_1357,0,0,0,0,0,0,0,0,0,0,0,0,0,0,0,0,0,0,0,0,0,0,0,18,89,28,0,0,0,0,0,0,0,0,0,0,0,0,0,0,0,0,0,0,0,Eukaryota,TSAR,Stramenopiles,Bigyra,Bicoecea,Pseudodendromonadales,Pseudodendromonadales_X,Pseudodendromonadales_XX,Pseudodendromonadales_XX_sp.,Stramenopiles
ASV_1358,0,0,0,0,0,0,0,0,0,0,0,0,0,0,0,0,0,0,0,0,0,0,0,0,0,0,135,0,0,0,0,0,0,0,0,0,0,0,0,0,0,0,0,0,0,Eukaryota,TSAR,Stramenopiles,Bigyra,Bicoecea,Pseudodendromonadales,Pseudodendromonadales_X,Pseudodendromonadales_XX,Pseudodendromonadales_XX_sp.,Stramenopiles
ASV_1359,0,0,0,0,0,0,0,0,0,0,0,0,0,0,0,0,0,0,0,0,0,0,0,0,0,0,0,0,135,0,0,0,0,0,0,0,0,0,0,0,0,0,0,0,0,Eukaryota,TSAR,Rhizaria,Cercozoa,Filosa-Imbricatea,Filosa-Imbricatea_X,Filosa-Imbricatea_XX,Quadricilia,Quadricilia_rotundata,Rhizaria
ASV_1360,0,0,0,0,0,0,0,0,0,0,0,0,0,0,0,0,0,0,0,0,0,0,0,0,0,0,0,0,0,0,19,0,0,116,0,0,0,0,0,0,0,0,0,0,0,Eukaryota,TSAR,Stramenopiles,Bigyra,Opalozoa,Opalozoa_X,MAST-12,MAST-12C,MAST-12C_sp.,Stramenopiles
ASV_1361,0,0,0,0,0,0,0,0,0,0,0,0,0,0,0,0,0,0,0,0,0,0,0,0,0,0,0,0,0,0,0,23,0,112,0,0,0,0,0,0,0,0,0,0,0,Eukaryota,TSAR,Stramenopiles,Bigyra,Bicoecea,Pseudodendromonadales,Pseudodendromonadales_X,Pseudodendromonadales_XX,Pseudodendromonadales_XX_sp.,Stramenopiles
ASV_1362,0,0,0,0,0,0,0,0,0,0,0,0,0,0,0,0,0,0,0,0,0,0,0,0,0,0,0,0,0,0,0,0,0,17,0,0,0,118,0,0,0,0,0,0,0,Eukaryota,TSAR,Stramenopiles,Bigyra,Bicoecea,Pseudodendromonadales,Pseudodendromonadales_X,Pseudodendromonadales_XX,Pseudodendromonadales_XX_sp.,Stramenopiles
ASV_1363,0,0,0,0,36,0,98,0,0,0,0,0,0,0,0,0,0,0,0,0,0,0,0,0,0,0,0,0,0,0,0,0,0,0,0,0,0,0,0,0,0,0,0,0,0,Eukaryota,TSAR,Stramenopiles,Gyrista,Peronosporomycetes,Peronosporomycetes,Peronosporales,Peronosporales_X,Peronosporales_X_sp.,Stramenopiles
ASV_1364,0,0,0,0,0,0,0,0,0,0,0,111,0,0,0,0,23,0,0,0,0,0,0,0,0,0,0,0,0,0,0,0,0,0,0,0,0,0,0,0,0,0,0,0,0,Eukaryota,TSAR,Stramenopiles,Gyrista,Peronosporomycetes,Peronosporomycetes,Peronosporales,NA,NA,Stramenopiles
ASV_1365,0,0,0,0,0,0,0,0,0,0,0,0,0,0,0,0,21,0,0,0,113,0,0,0,0,0,0,0,0,0,0,0,0,0,0,0,0,0,0,0,0,0,0,0,0,Eukaryota,Archaeplastida,Chlorophyta,Chlorophyta_X,Chlorophyceae,Chaetopeltidales,Chaetopeltidales_X,Chaetopeltis,Chaetopeltis_orbicularis,Chlorophyta
ASV_1366,0,0,0,0,0,0,0,0,0,0,0,0,0,0,0,0,0,0,134,0,0,0,0,0,0,0,0,0,0,0,0,0,0,0,0,0,0,0,0,0,0,0,0,0,0,Eukaryota,Obazoa,Opisthokonta,Fungi,Basidiomycota,NA,NA,NA,NA,Opisthokonta_Basidiomycota
ASV_1367,0,0,0,0,0,0,0,0,0,0,0,0,0,0,0,0,40,14,44,0,0,0,35,0,0,0,0,0,0,0,0,0,0,0,0,0,0,0,0,0,0,0,0,0,0,Eukaryota,TSAR,Rhizaria,Cercozoa,Filosa-SarcomoNAdea,Pansomonadida,Pansomonadida_X,Pansomonadida_XX,Pansomonadida_XX_sp.,Rhizaria
ASV_1368,0,0,0,0,0,0,0,0,0,0,0,0,0,0,0,0,0,0,0,0,0,0,0,30,52,22,0,0,0,17,0,0,0,0,0,0,0,0,0,0,0,12,0,0,0,Eukaryota,TSAR,Stramenopiles,Bigyra,Bicoecea,Pseudodendromonadales,Pseudodendromonadales_X,Pseudodendromonadales_XX,Pseudodendromonadales_XX_sp.,Stramenopiles
ASV_1369,0,0,0,0,0,0,0,0,0,0,0,0,0,0,0,0,0,0,0,0,0,0,0,0,0,0,0,0,0,0,0,0,0,0,0,0,133,0,0,0,0,0,0,0,0,Eukaryota,TSAR,Stramenopiles,Gyrista,Chrysophyceae,Chromulinales,Chromulinaceae,Chromulinospumella,Chromulinospumella_sphaerica,Stramenopiles
ASV_1370,0,0,11,0,0,0,0,0,0,0,0,0,0,0,0,108,0,0,0,0,0,0,0,0,0,0,0,0,0,0,13,0,0,0,0,0,0,0,0,0,0,0,0,0,0,Eukaryota,TSAR,Rhizaria,Cercozoa,Filosa-SarcomoNAdea,Glissomonadida,Sandonidae,Sandona,Sandona_aporians,Rhizaria
ASV_1371,0,0,0,0,0,0,0,0,0,0,0,0,0,0,0,78,0,0,0,0,0,0,0,0,0,0,0,0,0,0,43,11,0,0,0,0,0,0,0,0,0,0,0,0,0,Eukaryota,TSAR,Stramenopiles,Gyrista,Bacillariophyceae,Cymbellales,Gomphonemataceae,Gomphonema,Gomphonema_subclavatum,Stramenopiles
ASV_1372,0,0,0,0,0,0,0,0,0,0,0,0,0,0,0,52,27,0,53,0,0,0,0,0,0,0,0,0,0,0,0,0,0,0,0,0,0,0,0,0,0,0,0,0,0,Eukaryota,TSAR,Stramenopiles,Gyrista,Bacillariophyceae,Naviculales,Naviculaceae,Navicula,Navicula_radiosa,Stramenopiles
ASV_1373,0,0,0,0,0,0,0,0,0,0,0,0,0,0,0,0,0,0,0,0,132,0,0,0,0,0,0,0,0,0,0,0,0,0,0,0,0,0,0,0,0,0,0,0,0,Eukaryota,TSAR,Stramenopiles,Gyrista,Eustigmatophyceae,Eustigmatophyceae_X,Eustigmatophyceae_XX,Pseudocharaciopsis,Pseudocharaciopsis_ovalis,Stramenopiles
ASV_1374,0,0,0,0,0,0,0,0,0,0,0,0,0,0,0,0,0,0,0,0,132,0,0,0,0,0,0,0,0,0,0,0,0,0,0,0,0,0,0,0,0,0,0,0,0,Eukaryota,TSAR,Stramenopiles,Gyrista,Chrysophyceae,Ochromonadales,Ochromonadaceae,Chlorochromonas,Chlorochromonas_sp.,Stramenopiles
ASV_1375,0,0,0,0,0,0,0,0,0,0,0,0,0,0,0,0,0,0,0,0,0,0,0,0,0,0,0,0,132,0,0,0,0,0,0,0,0,0,0,0,0,0,0,0,0,Eukaryota,TSAR,Stramenopiles,Bigyra,Bicoecea,Pseudodendromonadales,Pseudodendromonadales_X,NA,NA,Stramenopiles
ASV_1376,0,0,0,0,0,0,0,0,0,0,0,0,0,0,0,0,0,0,0,0,0,0,0,0,0,0,0,0,0,0,132,0,0,0,0,0,0,0,0,0,0,0,0,0,0,Eukaryota,TSAR,Stramenopiles,Gyrista,Peronosporomycetes,Peronosporomycetes,Peronosporales,NA,NA,Stramenopiles
ASV_1377,0,0,0,0,0,0,0,0,0,0,0,0,0,0,0,0,0,0,0,0,0,0,0,0,0,0,0,0,0,0,0,0,0,0,0,0,108,0,0,0,0,24,0,0,0,Eukaryota,Archaeplastida,Chlorophyta,Chlorophyta_X,Chlorophyceae,Chlamydomonadales,Chlamydomonadales_X,Chlamydopodium,NA,Chlorophyta
ASV_1378,0,0,0,0,0,0,0,0,0,0,0,0,0,0,0,131,0,0,0,0,0,0,0,0,0,0,0,0,0,0,0,0,0,0,0,0,0,0,0,0,0,0,0,0,0,Eukaryota,Archaeplastida,Chlorophyta,Chlorophyta_X,Chlorophyceae,Sphaeropleales,Sphaeropleales_X,NA,NA,Chlorophyta
ASV_1379,0,0,0,0,0,0,0,0,0,0,0,0,0,0,0,131,0,0,0,0,0,0,0,0,0,0,0,0,0,0,0,0,0,0,0,0,0,0,0,0,0,0,0,0,0,Eukaryota,Archaeplastida,Chlorophyta,Chlorophyta_X,Trebouxiophyceae,Trebouxiophyceae_X,Trebouxiophyceae_XX,Botryococcus,Botryococcus_terribilis,Chlorophyta
ASV_1380,0,0,0,0,0,0,0,0,0,0,0,0,0,0,0,131,0,0,0,0,0,0,0,0,0,0,0,0,0,0,0,0,0,0,0,0,0,0,0,0,0,0,0,0,0,Eukaryota,Obazoa,Opisthokonta,Fungi,Ascomycota,Pezizomycotina,Dothideomycetes,NA,NA,Opisthokonta_Ascomycota
ASV_1381,0,0,0,0,0,0,0,0,0,0,0,0,0,0,0,0,21,0,110,0,0,0,0,0,0,0,0,0,0,0,0,0,0,0,0,0,0,0,0,0,0,0,0,0,0,Eukaryota,Obazoa,Opisthokonta,Metazoa,Mollusca,Gastropoda,Heterobranchia,Physella,Physella_acuta,Opisthokonta_Mollusca
ASV_1382,0,0,0,0,0,0,0,0,0,0,0,0,0,0,0,0,0,131,0,0,0,0,0,0,0,0,0,0,0,0,0,0,0,0,0,0,0,0,0,0,0,0,0,0,0,Eukaryota,Obazoa,Opisthokonta,Fungi,NA,NA,NA,NA,NA,Opisthokonta_Unclassified
ASV_1383,0,0,0,0,0,0,0,0,0,0,0,0,0,0,0,0,0,0,0,0,131,0,0,0,0,0,0,0,0,0,0,0,0,0,0,0,0,0,0,0,0,0,0,0,0,Eukaryota,Obazoa,Opisthokonta,Fungi,Ascomycota,Saccharomycotina,Saccharomycetales,Lachancea,Lachancea_waltii,Opisthokonta_Ascomycota
ASV_1384,0,0,0,0,0,0,0,0,0,0,0,0,0,0,0,0,0,0,0,0,131,0,0,0,0,0,0,0,0,0,0,0,0,0,0,0,0,0,0,0,0,0,0,0,0,Eukaryota,Archaeplastida,Chlorophyta,Chlorophyta_X,Chlorophyceae,Chlamydomonadales,Chlamydomonadales_X,Carteria,Carteria_lunzensis,Chlorophyta
ASV_1385,0,0,0,0,0,0,0,0,0,0,0,0,0,0,0,0,0,0,0,0,0,0,131,0,0,0,0,0,0,0,0,0,0,0,0,0,0,0,0,0,0,0,0,0,0,Eukaryota,TSAR,Stramenopiles,Gyrista,Peronosporomycetes,Peronosporomycetes,NA,NA,NA,Stramenopiles
ASV_1386,0,0,0,0,0,0,0,0,0,0,0,0,0,0,0,0,0,0,0,0,0,0,0,0,0,0,131,0,0,0,0,0,0,0,0,0,0,0,0,0,0,0,0,0,0,Eukaryota,Obazoa,Opisthokonta,Metazoa,Arthropoda,Crustacea,Ostracoda,Cypridopsis,Cypridopsis_adusta,Opisthokonta_Arthropoda
ASV_1387,45,0,0,0,0,0,0,0,0,0,0,0,0,0,0,0,0,0,0,0,0,0,0,0,0,0,0,0,0,0,0,0,11,0,38,0,0,36,0,0,0,0,0,0,0,Eukaryota,Obazoa,Opisthokonta,Metazoa,Arthropoda,Crustacea,Branchiopoda,NA,NA,Opisthokonta_Arthropoda
ASV_1388,0,0,0,0,0,0,0,0,0,0,0,0,0,0,0,0,47,83,0,0,0,0,0,0,0,0,0,0,0,0,0,0,0,0,0,0,0,0,0,0,0,0,0,0,0,Eukaryota,TSAR,Stramenopiles,Gyrista,Chrysophyceae,Apoikiales,Apoikiaceae,Apoikiospumella,Apoikiospumella_sp.,Stramenopiles
ASV_1389,0,0,0,0,0,0,0,0,0,0,0,0,0,0,0,0,0,71,59,0,0,0,0,0,0,0,0,0,0,0,0,0,0,0,0,0,0,0,0,0,0,0,0,0,0,Eukaryota,Archaeplastida,Chlorophyta,Chlorophyta_X,Chlorophyceae,NA,NA,NA,NA,Chlorophyta
ASV_1390,0,0,0,0,0,0,0,0,0,0,0,0,0,0,0,0,0,0,0,33,0,0,27,0,0,0,0,0,0,70,0,0,0,0,0,0,0,0,0,0,0,0,0,0,0,Eukaryota,TSAR,Alveolata,Ciliophora,Spirotrichea,Oligotrichida,Oligotrichida_X,Oligotrichida_XX,Oligotrichida_XX_sp.,Alveolata
ASV_1391,0,0,0,0,0,0,0,0,0,0,0,0,0,0,0,0,0,0,0,0,0,0,0,0,0,0,0,0,0,0,0,0,0,0,0,0,0,130,0,0,0,0,0,0,0,Eukaryota,Archaeplastida,Chlorophyta,Chlorophyta_X,Chlorophyceae,Chlamydomonadales,Chlamydomonadales_X,Chlamydomonas,Chlamydomonas_applanata,Chlorophyta
ASV_1392,0,0,0,0,16,0,0,0,0,0,0,0,0,0,0,0,0,0,0,0,0,0,0,0,0,0,0,0,0,0,0,42,0,0,0,0,0,0,0,0,0,71,0,0,0,Eukaryota,TSAR,Rhizaria,Cercozoa,Novel-clade-10-12,Novel-clade-10,Novel-clade-10_X,Novel-clade-10_XX,Novel-clade-10_XX_sp.,Rhizaria
ASV_1393,0,0,0,0,0,0,0,0,0,0,0,0,0,0,0,129,0,0,0,0,0,0,0,0,0,0,0,0,0,0,0,0,0,0,0,0,0,0,0,0,0,0,0,0,0,Eukaryota,TSAR,Rhizaria,Cercozoa,Endomyxa,Vampyrellida,Leptophryidae,Vernalophrys,Vernalophrys_algivore,Rhizaria
ASV_1394,0,0,0,0,0,0,0,0,0,0,0,0,0,0,0,0,0,0,0,0,129,0,0,0,0,0,0,0,0,0,0,0,0,0,0,0,0,0,0,0,0,0,0,0,0,Eukaryota,TSAR,Rhizaria,Cercozoa,Filosa-SarcomoNAdea,Pansomonadida,Agitatidae,Agitatidae_X,Agitatidae_X_sp.,Rhizaria
ASV_1395,0,0,0,0,0,0,0,0,0,0,0,0,0,0,0,0,0,0,0,0,0,0,0,0,0,0,0,129,0,0,0,0,0,0,0,0,0,0,0,0,0,0,0,0,0,Eukaryota,Obazoa,Opisthokonta,Ichthyosporea,Ichthyophonida,Ichthyophonidae,Amoebidianae,Ichthyophonidae_Amoebidianae_X,Ichthyophonidae_Amoebidianae_X_sp.,Opisthokonta_Ichthyophonida
ASV_1396,0,28,0,48,52,0,0,0,0,0,0,0,0,0,0,0,0,0,0,0,0,0,0,0,0,0,0,0,0,0,0,0,0,0,0,0,0,0,0,0,0,0,0,0,0,Eukaryota,TSAR,Stramenopiles,Gyrista,Mediophyceae,Thalassiosirales,Stephanodiscaceae,Stephanodiscus,Stephanodiscus_niagarae,Stramenopiles
ASV_1397,0,0,0,92,0,0,0,0,0,0,0,0,0,0,0,0,0,0,16,0,0,0,0,0,0,0,0,0,0,0,0,0,0,20,0,0,0,0,0,0,0,0,0,0,0,Eukaryota,TSAR,Stramenopiles,Bigyra,Bicoecea,Pseudodendromonadales,Pseudodendromonadales_X,Pseudodendromonadales_XX,Pseudodendromonadales_XX_sp.,Stramenopiles
ASV_1398,0,10,0,0,0,0,0,0,0,0,0,0,0,0,0,0,0,0,0,0,0,0,0,0,0,0,0,0,0,0,20,0,0,97,0,0,0,0,0,0,0,0,0,0,0,Eukaryota,TSAR,Rhizaria,Cercozoa,Endomyxa,Vampyrellida,Leptophryidae,Leptophryidae_X,Leptophryidae_X_sp.,Rhizaria
ASV_1399,0,0,0,0,0,0,0,0,0,0,0,0,0,13,0,0,0,0,0,0,0,0,0,0,0,0,0,0,0,0,76,0,0,0,0,0,0,27,11,0,0,0,0,0,0,Eukaryota,TSAR,Stramenopiles,Bigyra,Bicoecea,Pseudodendromonadales,Pseudodendromonadales_X,Pseudodendromonadales_XX,Pseudodendromonadales_XX_sp.,Stramenopiles
ASV_1400,0,0,0,0,0,0,0,0,0,0,0,0,0,0,0,127,0,0,0,0,0,0,0,0,0,0,0,0,0,0,0,0,0,0,0,0,0,0,0,0,0,0,0,0,0,Eukaryota,Obazoa,Opisthokonta,Metazoa,Arthropoda,Crustacea,Maxillopoda,NA,NA,Opisthokonta_Arthropoda
ASV_1401,0,0,0,0,0,0,0,0,0,0,0,0,0,0,0,0,127,0,0,0,0,0,0,0,0,0,0,0,0,0,0,0,0,0,0,0,0,0,0,0,0,0,0,0,0,Eukaryota,TSAR,Stramenopiles,Gyrista,Peronosporomycetes,Peronosporomycetes,Saprolegniales,Aphanomyces,NA,Stramenopiles
ASV_1402,0,0,0,0,0,0,0,0,0,0,0,0,0,0,0,0,21,0,74,0,0,0,0,0,0,32,0,0,0,0,0,0,0,0,0,0,0,0,0,0,0,0,0,0,0,Eukaryota,TSAR,Stramenopiles,Bigyra,Opalozoa,Opalozoa_X,MAST-12,MAST-12C,MAST-12C_sp.,Stramenopiles
ASV_1403,0,0,0,0,0,0,0,0,0,0,0,0,0,0,0,0,0,0,0,0,0,0,0,0,0,0,127,0,0,0,0,0,0,0,0,0,0,0,0,0,0,0,0,0,0,Eukaryota,Archaeplastida,Chlorophyta,Chlorophyta_X,Chlorophyceae,Chlamydomonadales,Chlamydomonadales_X,Carteria,Carteria_lunzensis,Chlorophyta
ASV_1404,0,0,0,0,0,0,0,0,0,0,0,0,0,0,0,0,0,0,0,0,0,0,0,0,0,0,0,127,0,0,0,0,0,0,0,0,0,0,0,0,0,0,0,0,0,Eukaryota,TSAR,Stramenopiles,Bigyra,Bicoecea,Pseudodendromonadales,Pseudodendromonadales_X,Pseudodendromonadales_XX,Pseudodendromonadales_XX_sp.,Stramenopiles
ASV_1405,0,0,76,0,0,0,0,40,0,0,0,0,0,0,0,0,0,0,0,0,0,0,0,0,0,0,0,0,0,0,0,0,0,0,0,0,0,0,0,0,0,0,10,0,0,Eukaryota,Obazoa,Opisthokonta,Metazoa,Arthropoda,Crustacea,Maxillopoda,Eudiaptomus,Eudiaptomus_graciloides,Opisthokonta_Arthropoda
ASV_1406,0,0,0,0,0,0,0,0,0,0,0,0,0,0,0,96,0,0,0,0,0,0,0,0,0,0,0,0,0,0,0,0,0,30,0,0,0,0,0,0,0,0,0,0,0,Eukaryota,Obazoa,Opisthokonta,Fungi,Rozellomycota,Rozellomycota_X,Rozellomycota_XX,Rozella,Rozella_allomycis,Opisthokonta_Rozellomycota
ASV_1407,0,0,0,0,0,0,0,0,0,0,0,0,0,0,0,62,0,0,31,0,0,14,0,0,0,19,0,0,0,0,0,0,0,0,0,0,0,0,0,0,0,0,0,0,0,Eukaryota,TSAR,Rhizaria,Cercozoa,Filosa-Granofilosea,Filosa-Granofilosea_X,Novel-Gran-234,Novel-Gran-234_X,Novel-Gran-234_X_sp.,Rhizaria
ASV_1408,0,0,0,0,0,0,0,0,0,0,0,0,0,0,0,0,126,0,0,0,0,0,0,0,0,0,0,0,0,0,0,0,0,0,0,0,0,0,0,0,0,0,0,0,0,Eukaryota,TSAR,Stramenopiles,Gyrista,Peronosporomycetes,Peronosporomycetes,Leptomitales,Leptomitales_X,Leptomitales_X_sp.,Stramenopiles
ASV_1409,0,0,0,0,0,0,0,0,0,0,0,0,0,0,0,0,0,0,0,126,0,0,0,0,0,0,0,0,0,0,0,0,0,0,0,0,0,0,0,0,0,0,0,0,0,Eukaryota,Obazoa,Opisthokonta,Fungi,Chytridiomycota,Spizellomycetales,Spizellomycetales_X,Spizellomycetales_XX,Spizellomycetales_XX_sp.,Opisthokonta_Chytridiomycota
ASV_1410,0,0,0,0,0,0,0,0,0,0,0,0,0,0,0,0,0,0,0,0,0,0,0,0,0,0,0,0,126,0,0,0,0,0,0,0,0,0,0,0,0,0,0,0,0,Eukaryota,Obazoa,Opisthokonta,Choanoflagellata,Choanoflagellatea,NA,NA,NA,NA,Opisthokonta_Choanoflagellatea
ASV_1411,0,0,0,0,0,0,0,0,0,0,0,0,0,0,0,0,0,0,0,0,0,0,0,0,0,0,0,0,126,0,0,0,0,0,0,0,0,0,0,0,0,0,0,0,0,Eukaryota,Obazoa,Opisthokonta,Fungi,Basidiomycota,Ustilaginomycotina,Exobasidiomycetes,Exobasidiomycetes_X,Exobasidiomycetes_X_sp.,Opisthokonta_Basidiomycota
ASV_1412,0,0,0,0,0,0,0,0,0,0,0,0,0,0,0,0,0,0,0,0,0,0,0,0,0,0,0,0,0,0,0,0,0,0,126,0,0,0,0,0,0,0,0,0,0,Eukaryota,Obazoa,Opisthokonta,Metazoa,Arthropoda,Crustacea,Branchiopoda,Diaphanosoma,Diaphanosoma_sp.,Opisthokonta_Arthropoda
ASV_1413,0,32,27,0,42,24,0,0,0,0,0,0,0,0,0,0,0,0,0,0,0,0,0,0,0,0,0,0,0,0,0,0,0,0,0,0,0,0,0,0,0,0,0,0,0,Eukaryota,Archaeplastida,Chlorophyta,Chlorophyta_X,Chlorophyceae,Chlamydomonadales,Chlamydomonadales_X,NA,NA,Chlorophyta
ASV_1414,0,0,0,0,14,0,63,0,0,0,15,0,12,0,21,0,0,0,0,0,0,0,0,0,0,0,0,0,0,0,0,0,0,0,0,0,0,0,0,0,0,0,0,0,0,Eukaryota,Obazoa,Opisthokonta,Metazoa,Platyhelminthes,Turbellaria,Rhabdocoela,Castrella,Castrella_pinguis,Opisthokonta_Platyhelminthes
ASV_1415,0,0,0,0,0,0,0,0,0,0,0,0,0,0,0,125,0,0,0,0,0,0,0,0,0,0,0,0,0,0,0,0,0,0,0,0,0,0,0,0,0,0,0,0,0,Eukaryota,Obazoa,Opisthokonta,Fungi,Chytridiomycota,Rhizophydiales,Rhizophydiaceae,Rhizophydium,NA,Opisthokonta_Chytridiomycota
ASV_1416,0,0,0,0,0,0,0,0,0,0,0,0,0,0,0,0,0,0,125,0,0,0,0,0,0,0,0,0,0,0,0,0,0,0,0,0,0,0,0,0,0,0,0,0,0,Eukaryota,Obazoa,Opisthokonta,Fungi,Chytridiomycota,Chytridiales,Chytridiaceae,Chytridium,Chytridium_polysiphoniae,Opisthokonta_Chytridiomycota
ASV_1417,0,0,0,0,0,0,0,0,0,0,0,0,0,0,0,0,0,0,0,0,0,0,0,0,0,0,0,0,0,0,0,33,0,22,0,0,70,0,0,0,0,0,0,0,0,Eukaryota,TSAR,Rhizaria,Cercozoa,Novel-clade-10-12,Tremulida,Tremulidae,Tremula,Tremula_longifila,Rhizaria
ASV_1418,0,0,0,0,0,0,0,0,0,0,0,0,0,0,0,0,0,0,0,0,0,0,0,0,0,0,0,0,0,0,0,0,0,125,0,0,0,0,0,0,0,0,0,0,0,Eukaryota,TSAR,Rhizaria,Rhizaria_X,Rhizaria_XX,Aquavolonida,Aquavolonida_X,Aquavolon,Aquavolon_hoantrani,Rhizaria
ASV_1419,0,0,0,0,0,0,0,0,0,0,0,0,0,0,0,0,0,0,0,0,0,0,0,0,0,0,0,0,0,0,0,0,0,0,0,14,111,0,0,0,0,0,0,0,0,Eukaryota,TSAR,Stramenopiles,Gyrista,Chrysophyceae,Ochromonadales,Ochromonadaceae,Poteriospumella,Poteriospumella_lacustris,Stramenopiles
ASV_1420,0,0,0,110,0,0,0,0,0,0,0,0,0,0,0,0,0,0,0,0,0,0,0,0,0,0,0,0,14,0,0,0,0,0,0,0,0,0,0,0,0,0,0,0,0,Eukaryota,TSAR,Rhizaria,Cercozoa,Novel-clade-10-12,Novel-clade-10,Novel-clade-10_X,Novel-clade-10_XX,Novel-clade-10_XX_sp.,Rhizaria
ASV_1421,0,0,0,0,124,0,0,0,0,0,0,0,0,0,0,0,0,0,0,0,0,0,0,0,0,0,0,0,0,0,0,0,0,0,0,0,0,0,0,0,0,0,0,0,0,Eukaryota,Obazoa,Opisthokonta,Metazoa,Nematoda,Enoplea,Enoplea_X,Laimydorus,Laimydorus_sp.,Opisthokonta_Nematoda
ASV_1422,0,0,0,0,0,0,0,0,0,0,0,0,0,0,0,0,62,0,0,0,0,0,0,0,62,0,0,0,0,0,0,0,0,0,0,0,0,0,0,0,0,0,0,0,0,Eukaryota,Cryptista,Cryptophyta,Cryptophyta_X,Cryptophyceae,Goniomonadales,Goniomonadales_X,Goniomonas,Goniomonas_truncata,Cryptophyta
ASV_1423,0,0,0,0,0,0,0,0,0,0,0,0,0,0,0,0,0,124,0,0,0,0,0,0,0,0,0,0,0,0,0,0,0,0,0,0,0,0,0,0,0,0,0,0,0,Eukaryota,TSAR,Rhizaria,Cercozoa,NA,NA,NA,NA,NA,Rhizaria
ASV_1424,0,0,0,0,0,0,0,0,0,0,0,0,0,0,0,0,0,36,0,0,0,0,0,0,0,88,0,0,0,0,0,0,0,0,0,0,0,0,0,0,0,0,0,0,0,Eukaryota,TSAR,Stramenopiles,Bigyra,Sagenista,Pseudophyllomitidae,Pseudophyllomitidae_X,Pseudophyllomitus,Pseudophyllomitus_granulatus,Stramenopiles
ASV_1425,0,0,0,0,0,0,0,0,0,0,0,0,0,0,0,0,0,0,0,0,124,0,0,0,0,0,0,0,0,0,0,0,0,0,0,0,0,0,0,0,0,0,0,0,0,Eukaryota,Obazoa,Opisthokonta,Fungi,Chytridiomycota,Rhizophydiales,Rhizophydiales_X,Rhizophydiales_XX,Rhizophydiales_XX_sp.,Opisthokonta_Chytridiomycota
ASV_1426,0,0,0,0,0,0,0,0,0,0,0,0,0,0,0,0,0,0,0,0,0,0,0,0,0,0,0,0,0,0,67,0,0,57,0,0,0,0,0,0,0,0,0,0,0,Eukaryota,TSAR,Stramenopiles,Bigyra,Bicoecea,Pseudodendromonadales,Pseudodendromonadales_X,Pseudodendromonadales_XX,Pseudodendromonadales_XX_sp.,Stramenopiles
ASV_1427,0,0,0,0,0,0,0,0,0,0,0,0,0,0,0,0,0,0,0,0,123,0,0,0,0,0,0,0,0,0,0,0,0,0,0,0,0,0,0,0,0,0,0,0,0,Eukaryota,Obazoa,Opisthokonta,Metazoa,Platyhelminthes,Turbellaria,Rhabdocoela,NA,NA,Opisthokonta_Platyhelminthes
ASV_1428,0,0,0,0,0,0,0,0,0,0,0,0,0,0,0,0,0,0,0,0,0,0,0,0,0,0,0,123,0,0,0,0,0,0,0,0,0,0,0,0,0,0,0,0,0,Eukaryota,Archaeplastida,Chlorophyta,Chlorophyta_X,Chlorophyceae,Sphaeropleales,NA,NA,NA,Chlorophyta
ASV_1429,0,0,0,0,0,0,0,0,0,0,0,0,0,0,0,0,0,0,0,0,0,0,0,0,0,0,0,0,0,0,0,0,0,0,0,0,0,0,0,0,0,123,0,0,0,Eukaryota,TSAR,Stramenopiles,Gyrista,Peronosporomycetes,Peronosporomycetes,Peronosporales,Peronosporales_X,Peronosporales_X_sp.,Stramenopiles
ASV_1430,0,0,0,0,0,0,122,0,0,0,0,0,0,0,0,0,0,0,0,0,0,0,0,0,0,0,0,0,0,0,0,0,0,0,0,0,0,0,0,0,0,0,0,0,0,Eukaryota,Obazoa,Opisthokonta,Metazoa,Arthropoda,Crustacea,Ostracoda,Cypridopsis,Cypridopsis_adusta,Opisthokonta_Arthropoda
ASV_1431,0,0,0,0,0,0,0,0,0,0,0,0,0,0,0,122,0,0,0,0,0,0,0,0,0,0,0,0,0,0,0,0,0,0,0,0,0,0,0,0,0,0,0,0,0,Eukaryota,Obazoa,Opisthokonta,Fungi,Basidiomycota,Ustilaginomycotina,Exobasidiomycetes,Exobasidiomycetes_X,Exobasidiomycetes_X_sp.,Opisthokonta_Basidiomycota
ASV_1432,0,0,0,0,0,0,0,0,0,0,0,0,0,0,0,122,0,0,0,0,0,0,0,0,0,0,0,0,0,0,0,0,0,0,0,0,0,0,0,0,0,0,0,0,0,Eukaryota,TSAR,Stramenopiles,Gyrista,Peronosporomycetes,Peronosporomycetes,Peronosporales,NA,NA,Stramenopiles
ASV_1433,0,0,0,0,0,0,0,0,0,0,0,0,0,0,0,0,1,0,36,41,0,0,0,0,0,44,0,0,0,0,0,0,0,0,0,0,0,0,0,0,0,0,0,0,0,Eukaryota,Cryptista,Cryptophyta,Cryptophyta_X,Cryptophyceae,Goniomonadales,Goniomonadales_X,Goniomonas,Goniomonas_truncata,Cryptophyta
ASV_1434,0,0,0,0,0,0,0,0,0,0,0,0,0,0,0,0,0,0,0,0,100,22,0,0,0,0,0,0,0,0,0,0,0,0,0,0,0,0,0,0,0,0,0,0,0,Eukaryota,Obazoa,Opisthokonta,Fungi,NA,NA,NA,NA,NA,Opisthokonta_Unclassified
ASV_1435,0,0,0,0,0,0,0,0,0,0,0,0,0,0,0,0,0,0,0,0,0,0,0,0,62,17,0,0,0,0,0,0,0,0,0,0,0,43,0,0,0,0,0,0,0,Eukaryota,TSAR,Stramenopiles,Gyrista,Peronosporomycetes,Peronosporomycetes,Saprolegniales,Aphanomyces,NA,Stramenopiles
ASV_1436,0,0,0,0,0,0,0,0,0,0,0,0,0,0,0,0,0,0,0,0,0,0,0,0,0,0,0,0,0,0,0,17,0,105,0,0,0,0,0,0,0,0,0,0,0,Eukaryota,Obazoa,Opisthokonta,Choanoflagellata,Choanoflagellatea,NA,NA,NA,NA,Opisthokonta_Choanoflagellatea
ASV_1437,0,0,0,0,0,0,0,0,0,0,0,0,0,0,0,121,0,0,0,0,0,0,0,0,0,0,0,0,0,0,0,0,0,0,0,0,0,0,0,0,0,0,0,0,0,Eukaryota,Archaeplastida,Chlorophyta,Chlorophyta_X,Chlorophyceae,Chlamydomonadales,Chlamydomonadales_X,Chlorococcum,Chlorococcum_aquaticum,Chlorophyta
ASV_1438,0,0,0,0,0,0,0,0,0,0,0,0,0,0,0,0,45,24,52,0,0,0,0,0,0,0,0,0,0,0,0,0,0,0,0,0,0,0,0,0,0,0,0,0,0,Eukaryota,TSAR,Stramenopiles,Bigyra,Bicoecea,Pseudodendromonadales,Pseudodendromonadales_X,NA,NA,Stramenopiles
ASV_1439,0,0,0,0,0,0,0,0,0,0,0,0,0,0,0,0,0,0,5,0,0,0,0,0,0,0,0,0,0,0,0,0,0,116,0,0,0,0,0,0,0,0,0,0,0,Eukaryota,TSAR,Stramenopiles,Gyrista,Chrysophyceae,NA,NA,NA,NA,Stramenopiles
ASV_1440,0,0,0,0,0,0,0,0,0,0,0,0,0,0,0,0,0,0,0,0,0,0,0,0,0,0,0,0,64,0,0,0,0,0,0,0,57,0,0,0,0,0,0,0,0,Eukaryota,TSAR,Stramenopiles,Gyrista,Chrysophyceae,Paraphysomonadales,Paraphysomonadales_X,Paraphysomonadales_XX,Paraphysomonadales_XX_sp.,Stramenopiles
ASV_1441,0,0,0,0,0,0,0,0,28,0,0,0,0,0,0,0,0,0,0,0,0,0,0,0,0,0,0,0,0,0,0,0,0,0,0,0,92,0,0,0,0,0,0,0,0,Eukaryota,TSAR,Stramenopiles,Bigyra,Bicoecea,Pseudodendromonadales,Pseudodendromonadales_X,Pseudodendromonadales_XX,Pseudodendromonadales_XX_sp.,Stramenopiles
ASV_1442,0,0,0,0,0,0,0,0,0,0,0,0,0,0,0,120,0,0,0,0,0,0,0,0,0,0,0,0,0,0,0,0,0,0,0,0,0,0,0,0,0,0,0,0,0,Eukaryota,Obazoa,Opisthokonta,Fungi,Basidiomycota,Ustilaginomycotina,Exobasidiomycetes,Exobasidiomycetes_X,Exobasidiomycetes_X_sp.,Opisthokonta_Basidiomycota
ASV_1443,0,0,0,0,0,0,0,0,0,0,0,0,0,0,0,0,0,0,0,0,120,0,0,0,0,0,0,0,0,0,0,0,0,0,0,0,0,0,0,0,0,0,0,0,0,Eukaryota,Archaeplastida,Chlorophyta,Chlorophyta_X,Chlorophyceae,Chlamydomonadales,Coccomyxaceae,Coccomyxa,Coccomyxa_simplex,Chlorophyta
ASV_1444,0,0,0,0,0,0,0,0,0,0,0,0,0,0,0,0,0,0,0,0,0,0,0,0,0,0,0,120,0,0,0,0,0,0,0,0,0,0,0,0,0,0,0,0,0,Eukaryota,TSAR,Stramenopiles,Gyrista,Eustigmatophyceae,Eustigmatophyceae_X,Eustigmatophyceae_XX,Trachydiscus,Trachydiscus_sp.,Stramenopiles
ASV_1445,0,0,0,0,0,0,0,0,0,0,0,0,0,0,0,119,0,0,0,0,0,0,0,0,0,0,0,0,0,0,0,0,0,0,0,0,0,0,0,0,0,0,0,0,0,Eukaryota,TSAR,Rhizaria,Cercozoa,Endomyxa,Vampyrellida,Leptophryidae,Arachnomyxa,Arachnomyxa_cryptophaga,Rhizaria
ASV_1446,0,0,0,0,0,0,0,0,0,0,0,0,0,0,0,0,40,0,21,0,0,0,0,42,16,0,0,0,0,0,0,0,0,0,0,0,0,0,0,0,0,0,0,0,0,Eukaryota,Obazoa,Opisthokonta,NA,NA,NA,NA,NA,NA,Opisthokonta_Unclassified
ASV_1447,0,0,0,0,0,0,0,0,0,0,0,0,0,0,0,0,0,38,0,0,0,0,0,0,0,0,81,0,0,0,0,0,0,0,0,0,0,0,0,0,0,0,0,0,0,Eukaryota,Obazoa,Opisthokonta,Metazoa,Arthropoda,Hexapoda,Insecta,Corethrella,Corethrella_wirthi,Opisthokonta_Arthropoda
ASV_1448,0,0,0,0,0,0,0,0,0,0,0,0,0,0,0,0,0,0,0,0,0,0,0,119,0,0,0,0,0,0,0,0,0,0,0,0,0,0,0,0,0,0,0,0,0,Eukaryota,Obazoa,Opisthokonta,Fungi,Chytridiomycota,Zygophlyctidales,Zygophlyctidaceae,Zygophlyctis,NA,Opisthokonta_Chytridiomycota
ASV_1449,0,0,0,0,0,0,0,0,0,0,0,0,0,0,0,0,0,0,0,0,0,0,0,0,0,0,0,119,0,0,0,0,0,0,0,0,0,0,0,0,0,0,0,0,0,Eukaryota,Cryptista,Cryptophyta,Cryptophyta_X,Cryptophyceae,Cryptophyceae_X,Basal_Cryptophyceae-1,Basal_Cryptophyceae-1_X,Basal_Cryptophyceae-1_X_sp.,Cryptophyta
ASV_1450,0,0,0,0,0,0,0,0,0,0,0,0,0,0,0,0,0,0,0,0,0,0,0,0,0,0,0,0,119,0,0,0,0,0,0,0,0,0,0,0,0,0,0,0,0,Eukaryota,Obazoa,Opisthokonta,Fungi,Ascomycota,Pezizomycotina,Dothideomycetes,NA,NA,Opisthokonta_Ascomycota
ASV_1451,16,14,0,88,0,0,0,0,0,0,0,0,0,0,0,0,0,0,0,0,0,0,0,0,0,0,0,0,0,0,0,0,0,0,0,0,0,0,0,0,0,0,0,0,0,Eukaryota,NA,NA,NA,NA,NA,NA,NA,NA,NA
ASV_1452,0,0,0,0,107,0,11,0,0,0,0,0,0,0,0,0,0,0,0,0,0,0,0,0,0,0,0,0,0,0,0,0,0,0,0,0,0,0,0,0,0,0,0,0,0,Eukaryota,Archaeplastida,Chlorophyta,Chlorophyta_X,Chlorophyceae,Sphaeropleales,Sphaeropleales_X,NA,NA,Chlorophyta
ASV_1453,0,0,0,0,0,0,0,0,0,0,0,0,0,0,0,118,0,0,0,0,0,0,0,0,0,0,0,0,0,0,0,0,0,0,0,0,0,0,0,0,0,0,0,0,0,Eukaryota,Obazoa,Opisthokonta,Fungi,NA,NA,NA,NA,NA,Opisthokonta_Unclassified
ASV_1454,0,0,0,0,0,0,0,0,0,0,0,0,0,0,0,0,0,0,0,0,0,0,0,0,0,118,0,0,0,0,0,0,0,0,0,0,0,0,0,0,0,0,0,0,0,Eukaryota,Obazoa,Opisthokonta,Fungi,Ascomycota,Pezizomycotina,Leotiomycetes,NA,NA,Opisthokonta_Ascomycota
ASV_1455,0,117,0,0,0,0,0,0,0,0,0,0,0,0,0,0,0,0,0,0,0,0,0,0,0,0,0,0,0,0,0,0,0,0,0,0,0,0,0,0,0,0,0,0,0,Eukaryota,Obazoa,Opisthokonta,Metazoa,Arthropoda,Crustacea,Ostracoda,Cypridopsis,Cypridopsis_japonica,Opisthokonta_Arthropoda
ASV_1456,0,0,0,0,0,0,0,0,0,0,72,0,0,0,0,0,0,0,0,0,0,0,45,0,0,0,0,0,0,0,0,0,0,0,0,0,0,0,0,0,0,0,0,0,0,Eukaryota,Obazoa,Opisthokonta,Fungi,Ascomycota,Pezizomycotina,Dothideomycetes,NA,NA,Opisthokonta_Ascomycota
ASV_1457,0,0,0,0,0,0,0,0,0,0,0,0,0,0,0,117,0,0,0,0,0,0,0,0,0,0,0,0,0,0,0,0,0,0,0,0,0,0,0,0,0,0,0,0,0,Eukaryota,Obazoa,Opisthokonta,Fungi,Chytridiomycota,Rhizophydiales,Rhizophydiaceae,Rhizophydium,Rhizophydium_sp.,Opisthokonta_Chytridiomycota
ASV_1458,0,0,0,0,0,0,0,0,0,0,0,0,0,0,0,0,0,0,0,0,0,88,0,0,0,0,0,0,0,0,0,0,0,29,0,0,0,0,0,0,0,0,0,0,0,Eukaryota,TSAR,Stramenopiles,Bigyra,Bicoecea,Pseudodendromonadales,Pseudodendromonadales_X,Pseudodendromonadales_XX,Pseudodendromonadales_XX_sp.,Stramenopiles
ASV_1459,0,0,0,0,0,0,0,0,0,0,0,0,0,0,0,0,0,0,0,0,0,0,0,0,0,0,117,0,0,0,0,0,0,0,0,0,0,0,0,0,0,0,0,0,0,Eukaryota,Obazoa,Opisthokonta,Fungi,Chytridiomycota,Rhizophydiales,Rhizophydiaceae,Rhizophydium,NA,Opisthokonta_Chytridiomycota
ASV_1460,116,0,0,0,0,0,0,0,0,0,0,0,0,0,0,0,0,0,0,0,0,0,0,0,0,0,0,0,0,0,0,0,0,0,0,0,0,0,0,0,0,0,0,0,0,Eukaryota,Obazoa,Opisthokonta,Metazoa,Arthropoda,Crustacea,Branchiopoda,Bosmina,Bosmina_longirostris,Opisthokonta_Arthropoda
ASV_1461,0,0,0,0,0,0,0,0,0,0,0,0,0,0,46,0,0,0,0,0,0,0,0,0,0,0,0,0,0,0,0,0,0,0,0,0,22,0,48,0,0,0,0,0,0,Eukaryota,Archaeplastida,Chlorophyta,Chlorophyta_X,Chlorophyceae,Chlamydomonadales,Chlamydomonadales_X,Gonium,Gonium_pectorale,Chlorophyta
ASV_1462,0,0,0,0,0,0,0,0,0,0,0,0,0,0,0,116,0,0,0,0,0,0,0,0,0,0,0,0,0,0,0,0,0,0,0,0,0,0,0,0,0,0,0,0,0,Eukaryota,Cryptista,Cryptophyta,Cryptophyta_X,Cryptophyceae,Cryptomonadales,Cryptomonadales_X,Cryptomonas,Cryptomonas_uralensis,Cryptophyta
ASV_1463,0,0,0,0,0,0,0,0,0,0,0,0,0,0,0,0,0,0,0,21,0,0,0,0,95,0,0,0,0,0,0,0,0,0,0,0,0,0,0,0,0,0,0,0,0,Eukaryota,Obazoa,Opisthokonta,Fungi,Ascomycota,Pezizomycotina,Sordariomycetes,NA,NA,Opisthokonta_Ascomycota
ASV_1464,0,0,0,0,0,0,0,0,0,0,0,0,0,0,0,0,0,0,0,0,0,0,0,0,0,0,116,0,0,0,0,0,0,0,0,0,0,0,0,0,0,0,0,0,0,Eukaryota,TSAR,Stramenopiles,Gyrista,Chrysophyceae,Paraphysomonadales,Lepidochromonadaceae,Lepidochromonas,Lepidochromonas_caroni,Stramenopiles
ASV_1465,0,0,0,0,0,0,0,0,0,0,0,0,0,0,0,0,0,0,0,0,0,0,0,0,0,0,116,0,0,0,0,0,0,0,0,0,0,0,0,0,0,0,0,0,0,Eukaryota,Archaeplastida,Chlorophyta,Chlorophyta_X,Chlorophyceae,Chlamydomonadales,Chlamydomonadales_X,Chloromonas,Chloromonas_oogama,Chlorophyta
ASV_1466,0,0,0,0,0,0,0,0,0,0,0,0,0,0,0,0,0,0,0,0,0,0,0,0,0,0,116,0,0,0,0,0,0,0,0,0,0,0,0,0,0,0,0,0,0,Eukaryota,TSAR,Rhizaria,Cercozoa,Filosa-SarcomoNAdea,Glissomonadida,Bodomorphidae,Bodomorpha,Bodomorpha_sp.,Rhizaria
ASV_1467,0,0,0,0,0,0,0,0,0,0,0,0,0,0,0,0,0,0,0,0,0,0,0,0,0,0,116,0,0,0,0,0,0,0,0,0,0,0,0,0,0,0,0,0,0,Eukaryota,TSAR,Stramenopiles,Gyrista,Chrysophyceae,NA,NA,NA,NA,Stramenopiles
ASV_1468,0,0,0,0,0,0,0,0,0,0,0,0,0,115,0,0,0,0,0,0,0,0,0,0,0,0,0,0,0,0,0,0,0,0,0,0,0,0,0,0,0,0,0,0,0,Eukaryota,TSAR,Stramenopiles,Gyrista,Chrysophyceae,Chromulinales,Chromulinaceae,Chromulinospumella,Chromulinospumella_sphaerica,Stramenopiles
ASV_1469,0,0,0,0,0,0,0,0,0,0,0,0,0,0,0,0,0,0,0,0,115,0,0,0,0,0,0,0,0,0,0,0,0,0,0,0,0,0,0,0,0,0,0,0,0,Eukaryota,Obazoa,Opisthokonta,Fungi,NA,NA,NA,NA,NA,Opisthokonta_Unclassified
ASV_1470,0,0,0,0,0,0,0,0,0,0,0,0,0,0,0,0,0,0,0,0,0,0,0,0,0,0,0,0,115,0,0,0,0,0,0,0,0,0,0,0,0,0,0,0,0,Eukaryota,Obazoa,Opisthokonta,Fungi,Ascomycota,Pezizomycotina,Dothideomycetes,NA,NA,Opisthokonta_Ascomycota
ASV_1471,0,0,0,0,0,0,0,0,0,0,0,0,0,0,0,0,0,0,0,0,0,0,0,0,0,0,0,0,115,0,0,0,0,0,0,0,0,0,0,0,0,0,0,0,0,Eukaryota,TSAR,Stramenopiles,Gyrista,Chrysophyceae,NA,NA,NA,NA,Stramenopiles
ASV_1472,0,0,0,0,0,0,0,0,0,0,0,0,0,0,0,0,0,0,0,0,0,0,0,0,0,0,0,0,0,115,0,0,0,0,0,0,0,0,0,0,0,0,0,0,0,Eukaryota,Cryptista,Cryptophyta,Cryptophyta_X,Cryptophyceae,Cryptomonadales,Cryptomonadales_X,Cryptomonas,Cryptomonas_vietnamica,Cryptophyta
ASV_1473,0,0,0,0,0,0,0,0,0,0,0,0,0,0,0,0,0,0,0,0,0,0,0,0,0,0,0,0,0,0,0,0,0,115,0,0,0,0,0,0,0,0,0,0,0,Eukaryota,Obazoa,Opisthokonta,Metazoa,Gastrotricha,Gastrotricha_X,Gastrotricha_XX,NA,NA,Opisthokonta_Gastrotricha
ASV_1474,0,0,0,0,0,0,0,0,0,0,0,0,0,0,0,0,0,0,0,0,0,0,0,0,0,0,0,0,0,0,0,0,0,0,115,0,0,0,0,0,0,0,0,0,0,Eukaryota,Archaeplastida,Chlorophyta,Chlorophyta_X,Chlorophyceae,Sphaeropleales,Sphaeropleales_X,Raphidocelis,Raphidocelis_subcapitata,Chlorophyta
ASV_1475,0,0,0,0,0,0,0,0,0,0,0,0,0,0,0,0,0,0,0,0,0,0,0,0,0,0,0,0,0,0,0,0,0,0,0,0,102,0,0,0,0,13,0,0,0,Eukaryota,Archaeplastida,Chlorophyta,Chlorophyta_X,Chlorophyceae,Chlamydomonadales,Chlamydomonadales_X,Lobochlamys,Lobochlamys_segnis,Chlorophyta
ASV_1476,0,0,0,0,0,0,0,0,0,0,0,0,0,0,0,0,0,0,0,0,0,0,0,0,0,0,0,0,0,0,0,0,0,0,0,0,0,115,0,0,0,0,0,0,0,Eukaryota,TSAR,Stramenopiles,Bigyra,Bicoecea,Pseudodendromonadales,Pseudodendromonadales_X,Adriamonas,Adriamonas_peritocrescens,Stramenopiles
ASV_1477,0,0,114,0,0,0,0,0,0,0,0,0,0,0,0,0,0,0,0,0,0,0,0,0,0,0,0,0,0,0,0,0,0,0,0,0,0,0,0,0,0,0,0,0,0,Eukaryota,Obazoa,Opisthokonta,Metazoa,Gastrotricha,Gastrotricha_X,Gastrotricha_XX,NA,NA,Opisthokonta_Gastrotricha
ASV_1478,0,0,0,0,0,0,114,0,0,0,0,0,0,0,0,0,0,0,0,0,0,0,0,0,0,0,0,0,0,0,0,0,0,0,0,0,0,0,0,0,0,0,0,0,0,Eukaryota,Obazoa,Opisthokonta,Fungi,NA,NA,NA,NA,NA,Opisthokonta_Unclassified
ASV_1479,0,0,0,0,0,0,0,0,0,0,0,0,0,0,0,0,0,0,0,0,114,0,0,0,0,0,0,0,0,0,0,0,0,0,0,0,0,0,0,0,0,0,0,0,0,Eukaryota,Archaeplastida,Chlorophyta,Chlorophyta_X,Chlorophyceae,Chlamydomonadales,Chlamydomonadales_X,Carteria,Carteria_lunzensis,Chlorophyta
ASV_1480,0,0,0,0,0,0,0,0,0,0,0,0,0,0,0,0,0,0,0,0,0,0,0,0,114,0,0,0,0,0,0,0,0,0,0,0,0,0,0,0,0,0,0,0,0,Eukaryota,Archaeplastida,Chlorophyta,Chlorophyta_X,Chlorophyceae,Sphaeropleales,Sphaeropleales_X,NA,NA,Chlorophyta
ASV_1481,0,0,0,0,0,0,0,0,0,0,0,0,0,0,0,0,0,0,0,0,0,0,0,0,0,0,0,0,114,0,0,0,0,0,0,0,0,0,0,0,0,0,0,0,0,Eukaryota,Archaeplastida,Chlorophyta,Chlorophyta_X,Chlorophyceae,Sphaeropleales,Selenastraceae,Monoraphidium,Monoraphidium_terrestre,Chlorophyta
ASV_1482,0,0,0,0,0,0,0,0,0,0,0,0,113,0,0,0,0,0,0,0,0,0,0,0,0,0,0,0,0,0,0,0,0,0,0,0,0,0,0,0,0,0,0,0,0,Eukaryota,Archaeplastida,Streptophyta,Streptophyta_X,Zygnemophyceae, Zygnemophyceae, ZygnemophyceaeX,Closterium,NA,Streptophyta
ASV_1483,0,0,0,0,0,0,0,0,0,0,0,0,0,0,0,0,0,0,0,47,0,0,66,0,0,0,0,0,0,0,0,0,0,0,0,0,0,0,0,0,0,0,0,0,0,Eukaryota,TSAR,Stramenopiles,Bigyra,Bicoecea,Bicoecales,Bicoecaceae,Bicoecaceae_X,Bicoecaceae_X_sp.,Stramenopiles
ASV_1484,0,0,0,0,0,0,0,0,0,0,0,0,0,0,0,0,0,0,0,0,0,0,0,113,0,0,0,0,0,0,0,0,0,0,0,0,0,0,0,0,0,0,0,0,0,Eukaryota,Obazoa,Opisthokonta,Fungi,Chytridiomycota,NA,NA,NA,NA,Opisthokonta_Chytridiomycota
ASV_1485,0,0,0,0,0,0,0,0,0,0,0,0,0,0,0,0,0,0,0,0,0,0,0,0,28,49,0,0,0,25,0,0,0,11,0,0,0,0,0,0,0,0,0,0,0,Eukaryota,Obazoa,Opisthokonta,Fungi,Rozellomycota,Rozellomycota_X,Rozellomycota_XX,Rozellomycota_XXX,Rozellomycota_XXX_sp.,Opisthokonta_Rozellomycota
ASV_1486,0,0,0,0,0,0,0,0,0,0,0,0,0,0,0,0,0,0,0,0,0,0,0,0,0,0,0,0,0,0,87,0,0,26,0,0,0,0,0,0,0,0,0,0,0,Eukaryota,Obazoa,Opisthokonta,Fungi,Chytridiomycota,Chytridiales,Chytridiaceae,Chytridium,Chytridium_polysiphoniae,Opisthokonta_Chytridiomycota
ASV_1487,0,0,0,0,0,0,0,0,0,0,0,0,0,0,0,0,0,0,0,0,0,0,0,0,0,0,0,0,0,0,0,0,0,113,0,0,0,0,0,0,0,0,0,0,0,Eukaryota,TSAR,Rhizaria,Cercozoa,Filosa-SarcomoNAdea,Glissomonadida,Bodomorphidae,Bodomorpha,NA,Rhizaria
ASV_1488,0,0,0,0,0,0,0,0,0,0,0,0,0,0,0,0,0,0,0,0,0,0,0,0,0,0,0,0,0,0,0,0,0,0,0,0,113,0,0,0,0,0,0,0,0,Eukaryota,TSAR,Rhizaria,Cercozoa,NA,NA,NA,NA,NA,Rhizaria
ASV_1489,0,0,0,0,54,0,0,0,0,0,0,0,0,0,0,0,0,0,0,0,0,0,0,0,0,0,0,0,0,0,0,12,0,0,0,28,0,0,0,0,0,0,18,0,0,Eukaryota,TSAR,Stramenopiles,Bigyra,Bicoecea,Pseudodendromonadales,Pseudodendromonadales_X,Pseudodendromonadales_XX,Pseudodendromonadales_XX_sp.,Stramenopiles
ASV_1490,0,0,0,0,0,0,0,0,33,0,0,0,0,0,79,0,0,0,0,0,0,0,0,0,0,0,0,0,0,0,0,0,0,0,0,0,0,0,0,0,0,0,0,0,0,Eukaryota,Obazoa,Opisthokonta,Metazoa,Gastrotricha,Gastrotricha_X,Gastrotricha_XX,Chaetonotus,NA,Opisthokonta_Gastrotricha
ASV_1491,0,0,0,0,0,0,0,0,0,0,0,0,0,0,0,51,0,0,14,0,0,0,0,0,0,0,0,0,0,0,18,0,0,29,0,0,0,0,0,0,0,0,0,0,0,Eukaryota,TSAR,Rhizaria,Cercozoa,Filosa-SarcomoNAdea,Glissomonadida,Glissomonadida_Clade-Y,Glissomonadida_Clade-Y_X,Glissomonadida_Clade-Y_X_sp.,Rhizaria
ASV_1492,0,0,0,0,0,0,0,0,0,0,0,0,0,0,0,0,0,0,112,0,0,0,0,0,0,0,0,0,0,0,0,0,0,0,0,0,0,0,0,0,0,0,0,0,0,Eukaryota,TSAR,Rhizaria,Cercozoa,Filosa-SarcomoNAdea,Glissomonadida,Glissomonadida_Clade-Y,Glissomonadida_Clade-Y_X,Glissomonadida_Clade-Y_X_sp.,Rhizaria
ASV_1493,0,0,0,0,0,0,0,0,0,0,0,0,0,0,0,0,0,0,0,0,112,0,0,0,0,0,0,0,0,0,0,0,0,0,0,0,0,0,0,0,0,0,0,0,0,Eukaryota,TSAR,Stramenopiles,Bigyra,Opalozoa,Opalozoa_X,MAST-12,MAST-12C,MAST-12C_sp.,Stramenopiles
ASV_1494,0,0,0,0,0,0,0,0,0,0,0,0,0,0,0,0,0,0,0,0,112,0,0,0,0,0,0,0,0,0,0,0,0,0,0,0,0,0,0,0,0,0,0,0,0,Eukaryota,Obazoa,Opisthokonta,Fungi,NA,NA,NA,NA,NA,Opisthokonta_Unclassified
ASV_1495,0,0,0,0,0,0,0,0,0,0,0,0,0,0,0,0,0,0,0,0,0,0,0,0,0,112,0,0,0,0,0,0,0,0,0,0,0,0,0,0,0,0,0,0,0,Eukaryota,Obazoa,Opisthokonta,Metazoa,Arthropoda,Hexapoda,Collembola,Folsomia,Folsomia_candida,Opisthokonta_Arthropoda
ASV_1496,0,0,0,0,0,0,0,0,0,0,0,0,0,0,0,0,0,0,0,0,0,0,0,0,0,0,0,112,0,0,0,0,0,0,0,0,0,0,0,0,0,0,0,0,0,Eukaryota,TSAR,Stramenopiles,Gyrista,Chrysophyceae,Ochromonadales,Ochromonadaceae,Chlorochromonas,Chlorochromonas_sp.,Stramenopiles
ASV_1497,0,0,0,0,0,0,0,0,0,0,0,0,0,0,0,0,0,0,0,0,0,0,0,0,0,0,0,0,112,0,0,0,0,0,0,0,0,0,0,0,0,0,0,0,0,Eukaryota,Obazoa,Opisthokonta,Fungi,Ascomycota,Pezizomycotina,Dothideomycetes,Mycosphaerella,Mycosphaerella_graminicola,Opisthokonta_Ascomycota
ASV_1498,0,0,0,0,0,0,0,0,0,0,0,0,0,0,0,0,0,0,0,0,0,0,0,0,0,0,0,0,0,0,112,0,0,0,0,0,0,0,0,0,0,0,0,0,0,Eukaryota,TSAR,Stramenopiles,Gyrista,Chrysophyceae,Ochromonadales,Ochromonadales_clade-VIII,Ochromonadales_clade-VIII_X,Ochromonadales_clade-VIII_X_sp.,Stramenopiles
ASV_1499,0,0,48,22,41,0,0,0,0,0,0,0,0,0,0,0,0,0,0,0,0,0,0,0,0,0,0,0,0,0,0,0,0,0,0,0,0,0,0,0,0,0,0,0,0,Eukaryota,Archaeplastida,Chlorophyta,Chlorophyta_X,Chlorophyceae,Sphaeropleales,Sphaeropleales_X,Pseudomuriella,Pseudomuriella_engadinensis,Chlorophyta
ASV_1500,0,0,6,0,0,0,0,0,0,0,0,0,0,0,0,0,0,0,0,0,0,0,0,0,0,0,0,0,0,0,62,0,0,43,0,0,0,0,0,0,0,0,0,0,0,Eukaryota,TSAR,Stramenopiles,Bigyra,Opalozoa,Opalozoa_X,MAST-12,MAST-12_X,MAST-12_X_sp.,Stramenopiles
ASV_1501,0,0,0,0,0,0,0,0,0,0,0,0,0,0,0,0,58,0,0,0,0,0,0,0,0,53,0,0,0,0,0,0,0,0,0,0,0,0,0,0,0,0,0,0,0,Eukaryota,TSAR,Stramenopiles,Gyrista,Dictyochophyceae,Dictyochophyceae_X,Pedinellales,Pseudopedinella,NA,Stramenopiles
ASV_1502,0,0,0,0,0,0,0,0,0,0,0,0,0,0,0,0,0,0,0,0,0,0,0,0,0,0,111,0,0,0,0,0,0,0,0,0,0,0,0,0,0,0,0,0,0,Eukaryota,Cryptista,Cryptophyta,Cryptophyta_X,Cryptophyceae,Cryptomonadales,Cryptomonadales_X,Plagioselmis,Plagioselmis_nannoplanctica,Cryptophyta
ASV_1503,0,0,0,0,0,0,0,0,0,0,110,0,0,0,0,0,0,0,0,0,0,0,0,0,0,0,0,0,0,0,0,0,0,0,0,0,0,0,0,0,0,0,0,0,0,Eukaryota,Obazoa,Opisthokonta,Metazoa,Arthropoda,Hexapoda,Insecta,Anopheles,Anopheles_pseudopunctipennis,Opisthokonta_Arthropoda
ASV_1504,0,0,0,0,0,0,0,0,0,0,0,0,0,0,0,58,0,0,48,0,0,0,0,4,0,0,0,0,0,0,0,0,0,0,0,0,0,0,0,0,0,0,0,0,0,Eukaryota,Obazoa,Opisthokonta,Fungi,Chytridiomycota,Rhizophydiales,Kappamycetaceae,Kappamyces,Kappamyces_sp.,Opisthokonta_Chytridiomycota
ASV_1505,0,0,0,0,0,0,0,0,0,0,0,0,0,0,0,0,0,0,110,0,0,0,0,0,0,0,0,0,0,0,0,0,0,0,0,0,0,0,0,0,0,0,0,0,0,Eukaryota,TSAR,Stramenopiles,Gyrista,Bacillariophyceae,Fragilariales,Fragilariaceae,Fragilaria,Fragilaria_vaucheriae,Stramenopiles
ASV_1506,0,0,0,0,0,0,0,0,0,0,0,0,0,0,0,0,0,0,21,10,0,0,0,14,8,34,0,0,0,0,0,0,0,23,0,0,0,0,0,0,0,0,0,0,0,Eukaryota,CRuMs,Rigifilida,Rigifilida_X,Rigifilida_XX,Rigifilida_XXX,Rigifilida_XXXX,Rigifila,Rigifila_ramosa,Rigifilida
ASV_1507,0,0,0,0,0,0,0,0,0,0,0,0,0,0,0,0,0,0,0,0,110,0,0,0,0,0,0,0,0,0,0,0,0,0,0,0,0,0,0,0,0,0,0,0,0,Eukaryota,Cryptista,Cryptophyta,Cryptophyta_X,Cryptophyceae,NA,NA,NA,NA,Cryptophyta
ASV_1508,0,0,0,0,0,0,0,0,0,0,0,0,0,0,0,0,0,0,0,0,110,0,0,0,0,0,0,0,0,0,0,0,0,0,0,0,0,0,0,0,0,0,0,0,0,Eukaryota,Obazoa,Opisthokonta,Fungi,Ascomycota,Pezizomycotina,Sordariomycetes,Bionectria,Bionectria_ochroleuca,Opisthokonta_Ascomycota
ASV_1509,0,0,0,0,0,0,0,0,0,0,0,0,0,0,0,0,0,0,0,0,110,0,0,0,0,0,0,0,0,0,0,0,0,0,0,0,0,0,0,0,0,0,0,0,0,Eukaryota,TSAR,Rhizaria,Cercozoa,NA,NA,NA,NA,NA,Rhizaria
ASV_1510,0,0,0,0,0,0,0,0,0,0,0,0,0,0,0,0,0,0,0,0,0,0,0,0,0,0,0,0,110,0,0,0,0,0,0,0,0,0,0,0,0,0,0,0,0,Eukaryota,Archaeplastida,Chlorophyta,Chlorophyta_X,Chlorophyceae,Sphaeropleales,Sphaeropleales_X,Desmodesmus,Desmodesmus_pannonicus,Chlorophyta
ASV_1511,0,0,0,0,0,0,0,0,0,0,0,0,0,0,0,0,0,0,0,0,0,0,0,0,0,0,0,0,110,0,0,0,0,0,0,0,0,0,0,0,0,0,0,0,0,Eukaryota,Archaeplastida,Chlorophyta,Chlorophyta_X,Chlorophyceae,Sphaeropleales,Sphaeropleales_X,NA,NA,Chlorophyta
ASV_1512,0,0,0,0,0,0,0,0,0,0,0,0,0,0,0,0,0,0,0,0,0,0,0,0,0,0,0,0,0,0,0,0,0,0,0,0,110,0,0,0,0,0,0,0,0,Eukaryota,Archaeplastida,Chlorophyta,Chlorophyta_X,Chlorophyceae,Chlamydomonadales,Chlamydomonadales_X,Vitreochlamys,Vitreochlamys_nekrassovii,Chlorophyta
ASV_1513,0,0,0,0,0,0,0,0,0,0,0,0,0,0,0,0,0,0,0,0,109,0,0,0,0,0,0,0,0,0,0,0,0,0,0,0,0,0,0,0,0,0,0,0,0,Eukaryota,TSAR,Stramenopiles,Gyrista,Chrysophyceae,NA,NA,NA,NA,Stramenopiles
ASV_1514,0,0,0,0,0,0,0,0,0,0,0,0,0,0,0,0,0,0,0,0,0,0,0,0,32,0,0,77,0,0,0,0,0,0,0,0,0,0,0,0,0,0,0,0,0,Eukaryota,TSAR,Stramenopiles,Gyrista,Chrysophyceae,Ochromonadales,Ochromonadaceae,Poteriospumella,NA,Stramenopiles
ASV_1515,0,0,0,0,0,0,0,0,0,0,0,0,0,0,0,0,0,0,0,0,0,0,0,0,0,109,0,0,0,0,0,0,0,0,0,0,0,0,0,0,0,0,0,0,0,Eukaryota,Obazoa,Opisthokonta,Fungi,Mucoromycota,Mucoromycotina,Mucoromycotina_X,Modicella,NA,Opisthokonta_Mucoromycota
ASV_1516,0,0,0,0,0,0,0,0,0,0,0,0,0,0,0,0,0,0,0,0,0,0,0,0,0,0,0,0,109,0,0,0,0,0,0,0,0,0,0,0,0,0,0,0,0,Eukaryota,Obazoa,Opisthokonta,Choanoflagellata,Choanoflagellatea,NA,NA,NA,NA,Opisthokonta_Choanoflagellatea
ASV_1517,0,0,0,0,0,0,0,0,0,0,0,0,0,0,0,0,0,0,0,0,0,0,0,0,0,0,0,0,0,0,0,0,0,82,0,0,0,0,27,0,0,0,0,0,0,Eukaryota,TSAR,Stramenopiles,Bigyra,Bicoecea,Pseudodendromonadales,Pseudodendromonadales_X,Pseudodendromonadales_XX,Pseudodendromonadales_XX_sp.,Stramenopiles
ASV_1518,0,108,0,0,0,0,0,0,0,0,0,0,0,0,0,0,0,0,0,0,0,0,0,0,0,0,0,0,0,0,0,0,0,0,0,0,0,0,0,0,0,0,0,0,0,Eukaryota,Obazoa,Opisthokonta,Fungi,Chytridiomycota,NA,NA,NA,NA,Opisthokonta_Chytridiomycota
ASV_1519,0,0,0,0,86,16,6,0,0,0,0,0,0,0,0,0,0,0,0,0,0,0,0,0,0,0,0,0,0,0,0,0,0,0,0,0,0,0,0,0,0,0,0,0,0,Eukaryota,Archaeplastida,Chlorophyta,Chlorophyta_X,Chlorophyceae,Sphaeropleales,Sphaeropleales_X,Radiococcus,Radiococcus_polycoccus,Chlorophyta
ASV_1520,0,0,0,0,0,0,0,0,0,0,0,0,0,0,0,108,0,0,0,0,0,0,0,0,0,0,0,0,0,0,0,0,0,0,0,0,0,0,0,0,0,0,0,0,0,Eukaryota,TSAR,Stramenopiles,Gyrista,Peronosporomycetes,Peronosporomycetes,Saprolegniales,Saprolegniales_X,Saprolegniales_X_sp.,Stramenopiles
ASV_1521,0,0,0,0,0,0,0,0,0,0,0,0,0,0,0,0,15,93,0,0,0,0,0,0,0,0,0,0,0,0,0,0,0,0,0,0,0,0,0,0,0,0,0,0,0,Eukaryota,Cryptista,Cryptophyta,Cryptophyta_X,Cryptophyceae,Cryptophyceae_X,Basal_Cryptophyceae-1,Basal_Cryptophyceae-1_X,Basal_Cryptophyceae-1_X_sp.,Cryptophyta
ASV_1522,0,0,0,0,0,0,0,0,0,0,0,0,0,0,0,0,0,0,0,108,0,0,0,0,0,0,0,0,0,0,0,0,0,0,0,0,0,0,0,0,0,0,0,0,0,Eukaryota,TSAR,Rhizaria,Cercozoa,Filosa-SarcomoNAdea,Pansomonadida,Agitatidae,Agitatidae_X,Agitatidae_X_sp.,Rhizaria
ASV_1523,0,0,0,0,0,0,0,0,0,0,0,0,0,0,0,0,0,0,0,0,0,0,0,108,0,0,0,0,0,0,0,0,0,0,0,0,0,0,0,0,0,0,0,0,0,Eukaryota,TSAR,Stramenopiles,Bigyra,Opalozoa,Opalozoa_X,MAST-12,MAST-12_X,MAST-12_X_sp.,Stramenopiles
ASV_1524,0,0,0,0,0,0,0,0,0,0,0,0,0,0,0,0,0,0,0,0,0,0,0,0,108,0,0,0,0,0,0,0,0,0,0,0,0,0,0,0,0,0,0,0,0,Eukaryota,Obazoa,Opisthokonta,Fungi,Chytridiomycota,NA,NA,NA,NA,Opisthokonta_Chytridiomycota
ASV_1525,0,0,0,0,0,0,0,0,0,0,0,0,0,0,0,0,0,0,0,0,0,0,0,0,0,0,0,108,0,0,0,0,0,0,0,0,0,0,0,0,0,0,0,0,0,Eukaryota,Obazoa,Opisthokonta,Metazoa,Nematoda,Chromadorea,Chromadorea_X,Tylocephalus,Tylocephalus_auriculatus,Opisthokonta_Nematoda
ASV_1526,0,107,0,0,0,0,0,0,0,0,0,0,0,0,0,0,0,0,0,0,0,0,0,0,0,0,0,0,0,0,0,0,0,0,0,0,0,0,0,0,0,0,0,0,0,Eukaryota,Obazoa,Opisthokonta,NA,NA,NA,NA,NA,NA,Opisthokonta_Unclassified
ASV_1527,0,0,0,0,0,0,0,0,0,0,0,0,0,0,0,107,0,0,0,0,0,0,0,0,0,0,0,0,0,0,0,0,0,0,0,0,0,0,0,0,0,0,0,0,0,Eukaryota,TSAR,Stramenopiles,Gyrista,Peronosporomycetes,Peronosporomycetes,Saprolegniales,Saprolegniales_X,Saprolegniales_X_sp.,Stramenopiles
ASV_1528,0,0,0,0,0,0,0,0,0,0,0,0,0,0,0,107,0,0,0,0,0,0,0,0,0,0,0,0,0,0,0,0,0,0,0,0,0,0,0,0,0,0,0,0,0,Eukaryota,Obazoa,Opisthokonta,Fungi,Chytridiomycota,Cladochytriales,Nowakowskiellaceae,Nowakowskiella,Nowakowskiella_hemisphaerospora,Opisthokonta_Chytridiomycota
ASV_1529,0,0,0,0,0,0,0,0,0,0,0,0,0,0,0,107,0,0,0,0,0,0,0,0,0,0,0,0,0,0,0,0,0,0,0,0,0,0,0,0,0,0,0,0,0,Eukaryota,Obazoa,Opisthokonta,Fungi,Ascomycota,Pezizomycotina,Sordariomycetes,Ophiocordyceps,NA,Opisthokonta_Ascomycota
ASV_1530,0,0,0,0,0,0,0,0,0,0,0,0,0,0,0,0,79,28,0,0,0,0,0,0,0,0,0,0,0,0,0,0,0,0,0,0,0,0,0,0,0,0,0,0,0,Eukaryota,TSAR,Stramenopiles,Gyrista,Peronosporomycetes,Peronosporomycetes,Peronosporales,NA,NA,Stramenopiles
ASV_1531,0,0,0,0,0,0,0,0,0,0,0,0,0,0,0,0,0,14,93,0,0,0,0,0,0,0,0,0,0,0,0,0,0,0,0,0,0,0,0,0,0,0,0,0,0,Eukaryota,TSAR,Stramenopiles,Gyrista,Chrysophyceae,Chrysosaccales,Chrysosaccaceae,Chrysosaccus,Chrysosaccus_sp.,Stramenopiles
ASV_1532,0,0,0,0,0,0,0,0,0,0,0,0,0,0,0,0,0,0,0,0,107,0,0,0,0,0,0,0,0,0,0,0,0,0,0,0,0,0,0,0,0,0,0,0,0,Eukaryota,Archaeplastida,Chlorophyta,Chlorophyta_X,Chlorophyceae,Chlamydomonadales,Chlamydomonadales_X,Carteria,Carteria_lunzensis,Chlorophyta
ASV_1533,0,0,0,0,0,0,0,0,0,0,0,0,0,0,0,0,0,0,0,0,0,0,0,0,0,0,0,0,0,0,0,0,0,0,0,0,0,107,0,0,0,0,0,0,0,Eukaryota,TSAR,Stramenopiles,Gyrista,Chrysophyceae,Paraphysomonadales,Paraphysomonadales_Clade-EC1Gb,Paraphysomonadales_Clade-EC1Gb_X,Paraphysomonadales_Clade-EC1Gb_X_sp.,Stramenopiles
ASV_1534,12,94,0,0,0,0,0,0,0,0,0,0,0,0,0,0,0,0,0,0,0,0,0,0,0,0,0,0,0,0,0,0,0,0,0,0,0,0,0,0,0,0,0,0,0,Eukaryota,Obazoa,Opisthokonta,Fungi,Chytridiomycota,NA,NA,NA,NA,Opisthokonta_Chytridiomycota
ASV_1535,0,0,0,13,0,0,0,0,0,0,0,0,0,0,0,49,0,21,19,0,0,0,0,0,4,0,0,0,0,0,0,0,0,0,0,0,0,0,0,0,0,0,0,0,0,Eukaryota,Obazoa,Opisthokonta,Metazoa,Craniata,Craniata_X,Teleostei,Macquaria,Macquaria_ambigua,Opisthokonta_Craniata
ASV_1536,0,0,0,0,64,42,0,0,0,0,0,0,0,0,0,0,0,0,0,0,0,0,0,0,0,0,0,0,0,0,0,0,0,0,0,0,0,0,0,0,0,0,0,0,0,Eukaryota,TSAR,Stramenopiles,Gyrista,Mediophyceae,Thalassiosirales,Stephanodiscaceae,Cyclotella,Cyclotella_meneghiniana,Stramenopiles
ASV_1537,0,0,0,0,0,0,0,0,0,0,0,0,0,0,0,95,0,0,11,0,0,0,0,0,0,0,0,0,0,0,0,0,0,0,0,0,0,0,0,0,0,0,0,0,0,Eukaryota,NA,NA,NA,NA,NA,NA,NA,NA,NA
ASV_1538,0,0,0,0,0,0,0,0,0,0,0,0,0,0,0,0,0,0,6,0,94,6,0,0,0,0,0,0,0,0,0,0,0,0,0,0,0,0,0,0,0,0,0,0,0,Eukaryota,TSAR,Rhizaria,Cercozoa,Endomyxa,Vampyrellida,Vampyrellida_X,Placopus,Placopus_flabellus,Rhizaria
ASV_1539,0,0,0,0,0,0,0,0,0,0,0,0,0,0,0,0,0,0,0,106,0,0,0,0,0,0,0,0,0,0,0,0,0,0,0,0,0,0,0,0,0,0,0,0,0,Eukaryota,Obazoa,Opisthokonta,Fungi,Chytridiomycota,NA,NA,NA,NA,Opisthokonta_Chytridiomycota
ASV_1540,0,0,0,0,0,0,0,0,0,0,0,0,0,0,0,0,0,0,0,46,0,0,0,38,22,0,0,0,0,0,0,0,0,0,0,0,0,0,0,0,0,0,0,0,0,Eukaryota,Obazoa,Opisthokonta,Fungi,NA,NA,NA,NA,NA,Opisthokonta_Unclassified
ASV_1541,0,0,0,0,0,0,0,0,0,0,0,0,0,0,0,0,0,0,0,0,106,0,0,0,0,0,0,0,0,0,0,0,0,0,0,0,0,0,0,0,0,0,0,0,0,Eukaryota,TSAR,Rhizaria,Cercozoa,NA,NA,NA,NA,NA,Rhizaria
ASV_1542,0,0,0,0,0,0,0,0,0,0,0,0,0,0,0,0,0,0,0,0,106,0,0,0,0,0,0,0,0,0,0,0,0,0,0,0,0,0,0,0,0,0,0,0,0,Eukaryota,Obazoa,Opisthokonta,Fungi,Chytridiomycota,Rhizophydiales,Rhizophydiaceae,Rhizophydium,Rhizophydium_sp.,Opisthokonta_Chytridiomycota
ASV_1543,0,0,0,0,0,0,0,0,0,0,0,0,0,0,0,0,0,0,0,0,0,0,0,0,0,0,0,0,106,0,0,0,0,0,0,0,0,0,0,0,0,0,0,0,0,Eukaryota,Archaeplastida,Chlorophyta,Chlorophyta_X,Mamiellophyceae,Monomastigales,Monomastigaceae,Monomastix,Monomastix_minuta,Chlorophyta
ASV_1544,0,0,0,0,0,0,0,0,0,29,0,0,0,0,16,0,0,0,0,0,0,0,0,0,0,0,0,0,0,0,0,0,0,0,0,14,0,0,21,0,0,0,0,25,0,Eukaryota,Obazoa,Opisthokonta,Metazoa,Arthropoda,Crustacea,Maxillopoda,NA,NA,Opisthokonta_Arthropoda
ASV_1545,0,0,0,0,0,0,0,0,0,0,0,0,0,0,0,105,0,0,0,0,0,0,0,0,0,0,0,0,0,0,0,0,0,0,0,0,0,0,0,0,0,0,0,0,0,Eukaryota,Obazoa,Opisthokonta,Fungi,Chytridiomycota,Chytridiales,Chytridiaceae,Chytridium,Chytridium_polysiphoniae,Opisthokonta_Chytridiomycota
ASV_1546,0,0,0,0,0,0,0,0,0,0,0,0,0,0,0,0,0,0,0,0,0,0,0,0,0,0,0,92,0,0,0,0,0,0,0,0,0,0,13,0,0,0,0,0,0,Eukaryota,Obazoa,Opisthokonta,Metazoa,Gastrotricha,Gastrotricha_X,Gastrotricha_XX,Chaetonotus,Chaetonotus_daphnes,Opisthokonta_Gastrotricha
ASV_1547,0,0,0,0,0,0,0,0,0,0,0,0,0,0,0,0,0,0,0,0,0,0,0,0,0,0,0,0,0,0,105,0,0,0,0,0,0,0,0,0,0,0,0,0,0,Eukaryota,Obazoa,Opisthokonta,Metazoa,Arthropoda,Crustacea,Branchiopoda,Acroperus,Acroperus_harpae,Opisthokonta_Arthropoda
ASV_1548,0,0,0,0,0,0,0,0,0,0,0,0,0,0,0,0,0,0,0,0,0,0,0,0,0,0,0,0,0,0,0,0,0,105,0,0,0,0,0,0,0,0,0,0,0,Eukaryota,Obazoa,Opisthokonta,Fungi,NA,NA,NA,NA,NA,Opisthokonta_Unclassified
ASV_1549,0,0,0,0,0,0,0,0,0,0,0,0,0,0,0,0,0,0,0,0,0,0,0,0,0,0,0,0,0,0,0,0,0,0,105,0,0,0,0,0,0,0,0,0,0,Eukaryota,Obazoa,Opisthokonta,Metazoa,Arthropoda,Crustacea,Branchiopoda,Bosmina,Bosmina_longirostris,Opisthokonta_Arthropoda
ASV_1550,0,0,104,0,0,0,0,0,0,0,0,0,0,0,0,0,0,0,0,0,0,0,0,0,0,0,0,0,0,0,0,0,0,0,0,0,0,0,0,0,0,0,0,0,0,Eukaryota,Archaeplastida,Streptophyta,Streptophyta_X,Embryophyceae,Embryophyceae_X,Embryophyceae_XX,Fragaria,NA,Streptophyta
ASV_1551,0,0,0,0,0,0,30,0,0,0,0,0,0,0,0,0,0,0,0,0,0,0,0,0,0,0,0,0,0,23,0,0,0,0,0,0,0,0,0,51,0,0,0,0,0,Eukaryota,TSAR,Stramenopiles,Bigyra,Opalozoa,Opalozoa_X,MAST-12,MAST-12C,MAST-12C_sp.,Stramenopiles
ASV_1552,0,0,0,0,0,0,0,0,0,0,0,0,0,0,0,104,0,0,0,0,0,0,0,0,0,0,0,0,0,0,0,0,0,0,0,0,0,0,0,0,0,0,0,0,0,Eukaryota,Archaeplastida,Chlorophyta,Chlorophyta_X,Chlorophyceae,Oedogoniales,Oedogoniales_X,Oedogonium,Oedogonium_sp.,Chlorophyta
ASV_1553,0,0,0,0,0,0,0,0,0,0,0,0,0,0,0,104,0,0,0,0,0,0,0,0,0,0,0,0,0,0,0,0,0,0,0,0,0,0,0,0,0,0,0,0,0,Eukaryota,Archaeplastida,Chlorophyta,Chlorophyta_X,Chlorophyceae,Sphaeropleales,Sphaeropleales_X,Raphidocelis,Raphidocelis_subcapitata,Chlorophyta
ASV_1554,0,0,0,0,0,0,0,0,0,0,0,0,0,0,0,104,0,0,0,0,0,0,0,0,0,0,0,0,0,0,0,0,0,0,0,0,0,0,0,0,0,0,0,0,0,Eukaryota,Obazoa,Opisthokonta,Fungi,Chytridiomycota,Spizellomycetales,NA,NA,NA,Opisthokonta_Chytridiomycota
ASV_1555,0,0,0,0,0,0,0,0,0,0,0,0,0,0,0,0,0,0,0,0,0,0,0,0,0,0,104,0,0,0,0,0,0,0,0,0,0,0,0,0,0,0,0,0,0,Eukaryota,TSAR,Alveolata,Chrompodellids,Colpodellidea,Colpodellida,Colpodellida_CHR1,Colpodellida_CHR1_X,Colpodellida_CHR1_X_sp.,Alveolata
ASV_1556,0,0,0,0,0,0,0,0,0,0,0,0,0,0,0,0,0,0,0,0,0,0,0,0,0,0,0,0,104,0,0,0,0,0,0,0,0,0,0,0,0,0,0,0,0,Eukaryota,TSAR,Stramenopiles,Bigyra,Bicoecea,Pseudodendromonadales,Pseudodendromonadales_X,Pseudodendromonadales_XX,Pseudodendromonadales_XX_sp.,Stramenopiles
ASV_1557,0,0,0,0,0,0,0,0,0,0,0,0,0,0,0,0,0,0,0,0,0,0,0,0,0,0,0,0,0,0,0,0,0,104,0,0,0,0,0,0,0,0,0,0,0,Eukaryota,TSAR,Rhizaria,Cercozoa,NA,NA,NA,NA,NA,Rhizaria
ASV_1558,0,0,0,0,0,0,0,0,0,0,0,0,0,0,0,0,0,0,0,0,0,0,0,0,0,0,0,0,0,0,0,0,0,104,0,0,0,0,0,0,0,0,0,0,0,Eukaryota,Obazoa,Opisthokonta,Fungi,NA,NA,NA,NA,NA,Opisthokonta_Unclassified
ASV_1559,38,0,0,0,0,0,0,0,0,0,0,0,0,0,0,0,0,0,0,0,0,0,0,0,0,0,0,0,0,0,65,0,0,0,0,0,0,0,0,0,0,0,0,0,0,Eukaryota,TSAR,Stramenopiles,Gyrista,Peronosporomycetes,Peronosporomycetes,Peronosporales,NA,NA,Stramenopiles
ASV_1560,0,36,0,0,0,0,0,0,0,0,26,0,0,0,0,0,17,0,0,24,0,0,0,0,0,0,0,0,0,0,0,0,0,0,0,0,0,0,0,0,0,0,0,0,0,Eukaryota,Obazoa,Opisthokonta,Fungi,Ascomycota,Pezizomycotina,Dothideomycetes,Cochliobolus,Cochliobolus_sp.,Opisthokonta_Ascomycota
ASV_1561,0,0,0,0,0,0,0,103,0,0,0,0,0,0,0,0,0,0,0,0,0,0,0,0,0,0,0,0,0,0,0,0,0,0,0,0,0,0,0,0,0,0,0,0,0,Eukaryota,TSAR,Stramenopiles,Gyrista,Peronosporomycetes,Peronosporomycetes,Peronosporales,Pythium,NA,Stramenopiles
ASV_1562,0,0,0,0,0,0,0,0,0,0,0,0,0,0,0,103,0,0,0,0,0,0,0,0,0,0,0,0,0,0,0,0,0,0,0,0,0,0,0,0,0,0,0,0,0,Eukaryota,TSAR,Stramenopiles,Gyrista,Peronosporomycetes,Peronosporomycetes,Haliphthorales,NA,NA,Stramenopiles
ASV_1563,0,0,0,0,0,0,0,0,0,0,0,0,0,0,0,103,0,0,0,0,0,0,0,0,0,0,0,0,0,0,0,0,0,0,0,0,0,0,0,0,0,0,0,0,0,Eukaryota,TSAR,Stramenopiles,Gyrista,Chrysophyceae,NA,NA,NA,NA,Stramenopiles
ASV_1564,0,0,0,0,0,0,0,0,0,0,0,0,0,0,0,103,0,0,0,0,0,0,0,0,0,0,0,0,0,0,0,0,0,0,0,0,0,0,0,0,0,0,0,0,0,Eukaryota,TSAR,Stramenopiles,Gyrista,Eustigmatophyceae,Eustigmatophyceae_X,Eustigmatophyceae_XX,NA,NA,Stramenopiles
ASV_1565,0,0,0,0,0,0,0,0,0,0,0,0,0,0,0,0,0,0,0,0,0,0,0,0,0,0,0,0,103,0,0,0,0,0,0,0,0,0,0,0,0,0,0,0,0,Eukaryota,Archaeplastida,Chlorophyta,Chlorophyta_X,Chlorophyceae,Sphaeropleales,Sphaeropleales_X,Desmodesmus,Desmodesmus_pannonicus,Chlorophyta
ASV_1566,0,0,0,0,0,0,0,0,0,0,0,0,0,0,0,0,0,0,0,0,0,0,0,0,0,0,0,0,0,0,0,0,0,103,0,0,0,0,0,0,0,0,0,0,0,Eukaryota,TSAR,Stramenopiles,Gyrista,NA,NA,NA,NA,NA,Stramenopiles
ASV_1567,0,0,102,0,0,0,0,0,0,0,0,0,0,0,0,0,0,0,0,0,0,0,0,0,0,0,0,0,0,0,0,0,0,0,0,0,0,0,0,0,0,0,0,0,0,Eukaryota,TSAR,Stramenopiles,Bigyra,Bicoecea,Pseudodendromonadales,Pseudodendromonadales_X,Pseudodendromonadales_XX,Pseudodendromonadales_XX_sp.,Stramenopiles
ASV_1568,0,0,0,0,0,0,0,0,0,0,0,0,0,0,0,102,0,0,0,0,0,0,0,0,0,0,0,0,0,0,0,0,0,0,0,0,0,0,0,0,0,0,0,0,0,Eukaryota,TSAR,Stramenopiles,Bigyra,Opalozoa,Opalozoa_X,MAST-12,MAST-12C,MAST-12C_sp.,Stramenopiles
ASV_1569,0,0,0,0,0,0,0,0,0,0,0,0,0,0,0,102,0,0,0,0,0,0,0,0,0,0,0,0,0,0,0,0,0,0,0,0,0,0,0,0,0,0,0,0,0,Eukaryota,TSAR,Stramenopiles,Gyrista,Chrysophyceae,Chrysophyceae_X,Chrysophyceae_XX,Chrysastrella,NA,Stramenopiles
ASV_1570,0,0,0,0,0,0,0,0,0,0,0,0,0,0,0,0,67,0,25,0,0,0,0,10,0,0,0,0,0,0,0,0,0,0,0,0,0,0,0,0,0,0,0,0,0,Eukaryota,TSAR,Stramenopiles,Gyrista,Mediophyceae,Thalassiosirales,Stephanodiscaceae,Stephanodiscus,NA,Stramenopiles
ASV_1571,0,0,0,0,0,0,0,0,0,0,0,0,0,0,0,0,0,0,0,0,0,0,0,0,0,0,0,102,0,0,0,0,0,0,0,0,0,0,0,0,0,0,0,0,0,Eukaryota,Haptista,Haptophyta,Haptophyta_X,Prymnesiophyceae,Prymnesiales,Chrysochromulinaceae,Chrysochromulina,Chrysochromulina_tobin,Haptophyta
ASV_1572,0,0,0,0,0,0,0,0,0,0,0,0,0,0,0,0,0,0,0,0,0,0,0,0,0,0,0,0,0,0,57,0,0,45,0,0,0,0,0,0,0,0,0,0,0,Eukaryota,Obazoa,Opisthokonta,Fungi,Blastocladiomycota,Blastocladiomycotina,Blastocladiomycetes,Catenaria,Catenaria_anguillulae,Opisthokonta_Blastocladiomycota
ASV_1573,0,0,101,0,0,0,0,0,0,0,0,0,0,0,0,0,0,0,0,0,0,0,0,0,0,0,0,0,0,0,0,0,0,0,0,0,0,0,0,0,0,0,0,0,0,Eukaryota,Obazoa,Opisthokonta,Metazoa,Platyhelminthes,Turbellaria,Macrostomorpha,Microstomum,Microstomum_lineare,Opisthokonta_Platyhelminthes
ASV_1574,0,0,0,0,0,0,0,0,0,0,0,0,0,0,0,101,0,0,0,0,0,0,0,0,0,0,0,0,0,0,0,0,0,0,0,0,0,0,0,0,0,0,0,0,0,Eukaryota,Obazoa,Opisthokonta,Fungi,Chytridiomycota,Spizellomycetales,Spizellomycetales_X,Spizellomycetales_XX,Spizellomycetales_XX_sp.,Opisthokonta_Chytridiomycota
ASV_1575,0,0,0,0,0,0,0,0,0,0,0,0,0,0,0,0,77,24,0,0,0,0,0,0,0,0,0,0,0,0,0,0,0,0,0,0,0,0,0,0,0,0,0,0,0,Eukaryota,TSAR,Rhizaria,Cercozoa,Endomyxa,Vampyrellida,Leptophryidae,Vernalophrys,Vernalophrys_algivore,Rhizaria
ASV_1576,0,0,0,0,0,0,0,0,0,0,0,0,0,0,0,0,64,0,37,0,0,0,0,0,0,0,0,0,0,0,0,0,0,0,0,0,0,0,0,0,0,0,0,0,0,Eukaryota,TSAR,Stramenopiles,Gyrista,Bacillariophyceae,Cymbellales,Gomphonemataceae,Gomphonema,NA,Stramenopiles
ASV_1577,0,0,0,0,0,0,0,0,0,0,0,0,0,0,0,0,0,0,101,0,0,0,0,0,0,0,0,0,0,0,0,0,0,0,0,0,0,0,0,0,0,0,0,0,0,Eukaryota,TSAR,Stramenopiles,Gyrista,Bacillariophyceae,Cymbellales,Gomphonemataceae,Gomphonema,Gomphonema_subclavatum,Stramenopiles
ASV_1578,0,0,0,0,0,0,0,0,0,0,0,0,0,0,0,0,0,0,92,9,0,0,0,0,0,0,0,0,0,0,0,0,0,0,0,0,0,0,0,0,0,0,0,0,0,Eukaryota,Archaeplastida,Chlorophyta,Chlorophyta_X,Chlorophyceae,Chlamydomonadales,Chlamydomonadales_X,NA,NA,Chlorophyta
ASV_1579,0,0,0,0,0,0,0,0,0,0,0,0,0,0,0,0,0,0,0,0,101,0,0,0,0,0,0,0,0,0,0,0,0,0,0,0,0,0,0,0,0,0,0,0,0,Eukaryota,Archaeplastida,Chlorophyta,Chlorophyta_X,Chlorophyceae,Chlamydomonadales,Chlamydomonadales_X,Carteria,Carteria_sp.,Chlorophyta
ASV_1580,0,0,0,0,0,0,0,0,0,0,0,0,0,0,0,0,0,0,0,0,101,0,0,0,0,0,0,0,0,0,0,0,0,0,0,0,0,0,0,0,0,0,0,0,0,Eukaryota,TSAR,Stramenopiles,Gyrista,Eustigmatophyceae,Eustigmatophyceae_X,Eustigmatophyceae_XX,Pseudocharaciopsis,Pseudocharaciopsis_ovalis,Stramenopiles
ASV_1581,0,0,0,0,0,0,0,0,0,0,0,0,0,0,0,0,0,0,0,0,0,0,0,34,0,67,0,0,0,0,0,0,0,0,0,0,0,0,0,0,0,0,0,0,0,Eukaryota,TSAR,Stramenopiles,Gyrista,Bacillariophyceae,Naviculales,Naviculaceae,Navicula,Navicula_cryptotenella,Stramenopiles
ASV_1582,0,0,0,0,0,0,0,0,0,0,0,0,0,0,0,0,0,0,0,0,0,0,0,0,0,0,0,101,0,0,0,0,0,0,0,0,0,0,0,0,0,0,0,0,0,Eukaryota,Obazoa,Opisthokonta,Fungi,Zoopagomycota,Entomophthoromycotina,Entomophthorales,Entomophthora,NA,Opisthokonta_Zoopagomycota
ASV_1583,0,0,0,0,0,0,0,0,0,0,0,0,0,0,0,0,0,0,0,0,0,0,0,0,0,0,0,0,0,0,0,0,0,101,0,0,0,0,0,0,0,0,0,0,0,Eukaryota,TSAR,Stramenopiles,Bigyra,Bicoecea,Pseudodendromonadales,Pseudodendromonadales_X,Pseudodendromonadales_XX,Pseudodendromonadales_XX_sp.,Stramenopiles
ASV_1584,0,0,0,0,0,0,0,0,0,0,0,0,0,0,0,0,0,15,0,0,0,0,0,0,0,0,0,0,0,0,63,22,0,0,0,0,0,0,0,0,0,0,0,0,0,Eukaryota,Obazoa,Opisthokonta,Choanoflagellata,Choanoflagellatea,NA,NA,NA,NA,Opisthokonta_Choanoflagellatea
ASV_1585,0,0,0,0,0,0,0,0,0,0,0,0,0,0,0,0,0,0,100,0,0,0,0,0,0,0,0,0,0,0,0,0,0,0,0,0,0,0,0,0,0,0,0,0,0,Eukaryota,Archaeplastida,Streptophyta,Streptophyta_X,Zygnemophyceae, Zygnemophyceae, ZygnemophyceaeX,Cosmarium,Cosmarium_trilobulatum,Streptophyta
ASV_1586,0,0,0,0,0,0,0,0,0,0,0,0,0,0,0,0,0,0,0,0,0,0,0,100,0,0,0,0,0,0,0,0,0,0,0,0,0,0,0,0,0,0,0,0,0,Eukaryota,TSAR,Stramenopiles,Gyrista,Peronosporomycetes,Peronosporomycetes,Peronosporales,NA,NA,Stramenopiles
ASV_1587,0,0,0,0,0,0,0,0,0,0,0,0,0,0,0,0,0,0,0,0,0,0,0,0,67,33,0,0,0,0,0,0,0,0,0,0,0,0,0,0,0,0,0,0,0,Eukaryota,TSAR,Stramenopiles,Gyrista,Eustigmatophyceae,Eustigmatophyceae_X,Eustigmatophyceae_XX,Goniochloris,Goniochloris_mutica,Stramenopiles
ASV_1588,0,0,0,0,0,0,0,0,0,0,0,0,0,0,0,0,0,0,0,0,0,0,0,0,0,0,0,100,0,0,0,0,0,0,0,0,0,0,0,0,0,0,0,0,0,Eukaryota,TSAR,Stramenopiles,Gyrista,Dictyochophyceae,Dictyochophyceae_X,Pedinellales,Pseudopedinella,Pseudopedinella_sp.,Stramenopiles
ASV_1589,0,0,0,0,0,0,0,0,0,0,0,0,0,0,0,0,0,0,0,0,0,0,0,0,0,0,0,0,100,0,0,0,0,0,0,0,0,0,0,0,0,0,0,0,0,Eukaryota,Obazoa,Opisthokonta,Fungi,Chytridiomycota,Rhizophydiales,Rhizophydiaceae,Rhizophydium,NA,Opisthokonta_Chytridiomycota
ASV_1590,0,0,0,0,0,0,0,0,0,0,0,0,0,0,0,0,0,0,0,0,0,0,0,0,0,0,0,0,0,0,25,0,0,75,0,0,0,0,0,0,0,0,0,0,0,Eukaryota,Archaeplastida,Chlorophyta,Chlorophyta_X,Trebouxiophyceae,Trebouxiophyceae_X,Trebouxiophyceae_XX,Botryococcus,Botryococcus_terribilis,Chlorophyta
ASV_1591,0,0,0,0,0,0,0,0,0,0,0,0,0,0,0,0,0,0,0,0,0,0,0,0,0,0,0,0,0,0,0,0,0,100,0,0,0,0,0,0,0,0,0,0,0,Eukaryota,TSAR,Stramenopiles,Bigyra,Bicoecea,Pseudodendromonadales,Pseudodendromonadales_X,Pseudodendromonadales_XX,Pseudodendromonadales_XX_sp.,Stramenopiles
ASV_1592,0,0,0,99,0,0,0,0,0,0,0,0,0,0,0,0,0,0,0,0,0,0,0,0,0,0,0,0,0,0,0,0,0,0,0,0,0,0,0,0,0,0,0,0,0,Eukaryota,Obazoa,Opisthokonta,Fungi,Chytridiomycota,Spizellomycetales,Spizellomycetales_X,Spizellomycetales_XX,Spizellomycetales_XX_sp.,Opisthokonta_Chytridiomycota
ASV_1593,0,0,0,0,0,37,62,0,0,0,0,0,0,0,0,0,0,0,0,0,0,0,0,0,0,0,0,0,0,0,0,0,0,0,0,0,0,0,0,0,0,0,0,0,0,Eukaryota,Obazoa,Opisthokonta,Fungi,NA,NA,NA,NA,NA,Opisthokonta_Unclassified
ASV_1594,0,0,0,0,0,0,0,0,0,0,0,0,0,0,0,99,0,0,0,0,0,0,0,0,0,0,0,0,0,0,0,0,0,0,0,0,0,0,0,0,0,0,0,0,0,Eukaryota,TSAR,Rhizaria,Cercozoa,Endomyxa,Vampyrellida,Leptophryidae,Arachnomyxa,Arachnomyxa_cryptophaga,Rhizaria
ASV_1595,0,0,0,0,0,0,0,0,0,0,0,0,0,0,0,99,0,0,0,0,0,0,0,0,0,0,0,0,0,0,0,0,0,0,0,0,0,0,0,0,0,0,0,0,0,Eukaryota,TSAR,Stramenopiles,Gyrista,Peronosporomycetes,Peronosporomycetes,Haliphthorales,Haliphthoros,Haliphthoros_sp.,Stramenopiles
ASV_1596,0,0,0,0,0,0,0,0,0,0,0,0,0,0,0,99,0,0,0,0,0,0,0,0,0,0,0,0,0,0,0,0,0,0,0,0,0,0,0,0,0,0,0,0,0,Eukaryota,Archaeplastida,Streptophyta,Streptophyta_X,Zygnemophyceae, Zygnemophyceae, ZygnemophyceaeX,Mougeotia,Mougeotia_sp.,Streptophyta
ASV_1597,0,0,0,0,0,0,0,0,0,0,0,0,0,0,0,0,0,0,0,0,99,0,0,0,0,0,0,0,0,0,0,0,0,0,0,0,0,0,0,0,0,0,0,0,0,Eukaryota,Obazoa,Opisthokonta,Fungi,NA,NA,NA,NA,NA,Opisthokonta_Unclassified
ASV_1598,0,0,0,0,0,0,0,0,0,0,0,0,0,0,0,0,0,0,0,0,0,0,0,0,99,0,0,0,0,0,0,0,0,0,0,0,0,0,0,0,0,0,0,0,0,Eukaryota,Archaeplastida,Chlorophyta,Chlorophyta_X,Trebouxiophyceae,Chlorellales,Chlorellales_X,Amphikrikos,Amphikrikos_sp.,Chlorophyta
ASV_1599,0,0,0,0,0,0,0,0,0,0,0,0,0,0,0,0,0,0,0,0,0,0,0,0,0,0,0,99,0,0,0,0,0,0,0,0,0,0,0,0,0,0,0,0,0,Eukaryota,TSAR,Stramenopiles,Gyrista,Chrysophyceae,Ochromonadales,Ochromonadaceae,Poteriospumella,NA,Stramenopiles
ASV_1600,0,0,0,0,0,0,0,0,0,0,0,0,0,0,0,0,0,0,0,0,0,0,0,0,0,0,0,0,0,0,0,0,0,0,0,0,78,0,0,0,0,21,0,0,0,Eukaryota,TSAR,Rhizaria,Cercozoa,Novel-clade-10-12,Tremulida,Tremulidae,Tremula,Tremula_longifila,Rhizaria
ASV_1601,0,0,0,0,0,0,0,0,0,0,0,0,0,0,0,0,0,0,0,0,0,0,0,0,0,0,0,0,0,0,0,0,0,0,0,0,60,39,0,0,0,0,0,0,0,Eukaryota,Archaeplastida,Chlorophyta,Chlorophyta_X,Chlorophyceae,Chlamydomonadales,Chlamydomonadales_X,Wislouchiella,Wislouchiella_planctonica,Chlorophyta
ASV_1602,0,0,0,0,0,0,0,0,0,0,0,0,0,0,0,0,0,90,8,0,0,0,0,0,0,0,0,0,0,0,0,0,0,0,0,0,0,0,0,0,0,0,0,0,0,Eukaryota,TSAR,Stramenopiles,Gyrista,NA,NA,NA,NA,NA,Stramenopiles
ASV_1603,0,0,0,0,0,0,0,0,0,0,0,0,0,0,0,0,0,0,0,0,98,0,0,0,0,0,0,0,0,0,0,0,0,0,0,0,0,0,0,0,0,0,0,0,0,Eukaryota,Archaeplastida,Chlorophyta,Chlorophyta_X,Chlorophyceae,Chlamydomonadales,Chlamydomonadales_X,Carteria,Carteria_lunzensis,Chlorophyta
ASV_1604,0,0,0,0,0,0,0,0,0,0,0,0,0,0,0,0,0,0,0,0,0,0,0,0,98,0,0,0,0,0,0,0,0,0,0,0,0,0,0,0,0,0,0,0,0,Eukaryota,Obazoa,Opisthokonta,Fungi,Ascomycota,Pezizomycotina,Leotiomycetes,NA,NA,Opisthokonta_Ascomycota
ASV_1605,0,0,0,0,0,0,0,0,0,0,0,0,0,0,0,0,0,0,0,0,0,0,0,0,0,0,0,0,98,0,0,0,0,0,0,0,0,0,0,0,0,0,0,0,0,Eukaryota,Cryptista,Cryptophyta,Cryptophyta_X,Cryptophyceae,Goniomonadales,Goniomonadales_X,Goniomonas,Goniomonas_truncata,Cryptophyta
ASV_1606,0,0,0,0,0,0,0,0,0,0,0,0,0,0,0,0,0,0,0,0,0,0,0,0,0,0,0,0,0,0,0,0,0,98,0,0,0,0,0,0,0,0,0,0,0,Eukaryota,TSAR,Stramenopiles,Bigyra,Bicoecea,Pseudodendromonadales,Pseudodendromonadales_X,Pseudodendromonadales_XX,Pseudodendromonadales_XX_sp.,Stramenopiles
ASV_1607,0,0,0,0,0,0,0,0,0,0,0,0,0,0,0,0,0,0,0,0,0,0,0,0,0,0,0,0,0,0,0,0,0,0,0,0,98,0,0,0,0,0,0,0,0,Eukaryota,TSAR,Stramenopiles,Bigyra,Bicoecea,Pseudodendromonadales,Pseudodendromonadales_X,Pseudodendromonadales_XX,Pseudodendromonadales_XX_sp.,Stramenopiles
ASV_1608,0,0,0,0,0,0,0,0,0,0,0,0,0,0,0,0,0,0,0,0,0,0,0,0,0,0,0,0,0,0,0,0,0,0,0,0,98,0,0,0,0,0,0,0,0,Eukaryota,Obazoa,Opisthokonta,Choanoflagellata,Choanoflagellatea,Craspedida,Salpingoecidae_Group_C1,Salpingoecidae_Group_C1_X,Salpingoecidae_Group_C1_X_sp.,Opisthokonta_Choanoflagellatea
ASV_1609,0,0,0,0,0,0,0,0,0,0,0,0,0,0,0,0,0,0,0,0,0,0,0,0,0,0,0,0,0,0,0,0,0,0,0,0,65,0,0,0,0,33,0,0,0,Eukaryota,TSAR,Rhizaria,Cercozoa,Novel-clade-10-12,Tremulida,Tremulidae,Tremula,NA,Rhizaria
ASV_1610,61,36,0,0,0,0,0,0,0,0,0,0,0,0,0,0,0,0,0,0,0,0,0,0,0,0,0,0,0,0,0,0,0,0,0,0,0,0,0,0,0,0,0,0,0,Eukaryota,Obazoa,Opisthokonta,Fungi,Rozellomycota,Rozellomycota_X,Rozellomycota_XX,Rozella,Rozella_allomycis,Opisthokonta_Rozellomycota
ASV_1611,0,0,0,0,27,0,0,0,0,0,0,0,0,0,0,0,0,0,0,0,0,0,0,0,0,0,0,0,0,0,0,0,0,46,0,0,0,0,24,0,0,0,0,0,0,Eukaryota,TSAR,Stramenopiles,Gyrista,Chrysophyceae,NA,NA,NA,NA,Stramenopiles
ASV_1612,0,0,0,0,0,0,47,0,0,14,36,0,0,0,0,0,0,0,0,0,0,0,0,0,0,0,0,0,0,0,0,0,0,0,0,0,0,0,0,0,0,0,0,0,0,Eukaryota,Obazoa,Opisthokonta,Fungi,Chytridiomycota,Chytridiales,Chytridiaceae,Diplochytridium,Diplochytridium_lagenarium,Opisthokonta_Chytridiomycota
ASV_1613,0,0,0,0,0,0,0,0,0,0,0,0,97,0,0,0,0,0,0,0,0,0,0,0,0,0,0,0,0,0,0,0,0,0,0,0,0,0,0,0,0,0,0,0,0,Eukaryota,Archaeplastida,Streptophyta,Streptophyta_X,Zygnemophyceae, Zygnemophyceae, ZygnemophyceaeX,Closterium,NA,Streptophyta
ASV_1614,0,0,0,0,0,0,0,0,0,0,0,0,0,10,0,87,0,0,0,0,0,0,0,0,0,0,0,0,0,0,0,0,0,0,0,0,0,0,0,0,0,0,0,0,0,Eukaryota,Obazoa,Opisthokonta,Metazoa,Platyhelminthes,Monogenea,Monopisthocotylea,NA,NA,Opisthokonta_Platyhelminthes
ASV_1615,0,0,0,0,0,0,0,0,0,0,0,0,0,0,0,97,0,0,0,0,0,0,0,0,0,0,0,0,0,0,0,0,0,0,0,0,0,0,0,0,0,0,0,0,0,Eukaryota,Obazoa,Opisthokonta,Fungi,Chytridiomycota,Rhizophydiales,Rhizophydiales_X,Rhizophydiales_XX,Rhizophydiales_XX_sp.,Opisthokonta_Chytridiomycota
ASV_1616,0,0,0,0,0,0,0,0,0,0,0,0,0,0,0,0,0,0,0,13,0,28,0,12,37,7,0,0,0,0,0,0,0,0,0,0,0,0,0,0,0,0,0,0,0,Eukaryota,TSAR,Rhizaria,Cercozoa,Filosa-SarcomoNAdea,Cercomonadida,Cercomonadidae,Cercomonadidae_X,Cercomonadidae_X_sp.,Rhizaria
ASV_1617,0,0,0,0,0,0,0,0,0,0,0,0,0,0,0,0,0,0,0,0,0,0,0,0,0,0,0,0,0,0,0,0,0,0,0,0,70,27,0,0,0,0,0,0,0,Eukaryota,TSAR,Stramenopiles,Bigyra,Bicoecea,Pseudodendromonadales,Pseudodendromonadales_X,Siluania,Siluania_monomastiga,Stramenopiles
ASV_1618,0,0,0,0,0,0,0,0,0,0,0,0,0,0,0,0,0,0,0,0,0,0,0,0,0,0,0,0,0,0,0,0,0,0,0,0,0,0,0,0,0,97,0,0,0,Eukaryota,Archaeplastida,Chlorophyta,Chlorophyta_X,Chlorophyceae,Chlamydomonadales,Chlamydomonadales_X,Chlamydomonas,Chlamydomonas_raudensis,Chlorophyta
ASV_1619,0,0,0,0,0,0,0,0,0,0,0,0,0,0,0,0,96,0,0,0,0,0,0,0,0,0,0,0,0,0,0,0,0,0,0,0,0,0,0,0,0,0,0,0,0,Eukaryota,TSAR,Stramenopiles,Bigyra,Opalozoa,Opalozoa_X,MAST-12,MAST-12C,MAST-12C_sp.,Stramenopiles
ASV_1620,0,0,0,0,0,0,0,0,0,0,0,0,0,0,0,0,0,0,0,0,0,0,0,0,0,0,96,0,0,0,0,0,0,0,0,0,0,0,0,0,0,0,0,0,0,Eukaryota,Archaeplastida,Chlorophyta,Chlorophyta_X,Chlorophyceae,Chlamydomonadales,Chlamydomonadales_X,Carteria,Carteria_lunzensis,Chlorophyta
ASV_1621,0,0,0,0,0,0,0,0,0,0,0,0,0,0,0,0,0,0,0,0,0,0,0,0,0,0,0,96,0,0,0,0,0,0,0,0,0,0,0,0,0,0,0,0,0,Eukaryota,Obazoa,Opisthokonta,Fungi,Chytridiomycota,Rhizophydiales,NA,NA,NA,Opisthokonta_Chytridiomycota
ASV_1622,0,0,0,0,0,0,0,0,0,0,0,0,0,0,0,0,0,0,0,0,0,0,0,0,0,0,0,0,0,0,24,0,0,59,0,0,0,0,0,0,0,0,13,0,0,Eukaryota,TSAR,Rhizaria,Rhizaria_X,Rhizaria_XX,Aquavolonida,Aquavolonida_X,Aquavolon,Aquavolon_hoantrani,Rhizaria
ASV_1623,0,0,0,0,0,0,0,0,0,0,0,0,0,0,0,0,0,0,0,0,0,0,0,0,0,0,0,0,0,0,0,0,0,31,0,0,0,65,0,0,0,0,0,0,0,Eukaryota,TSAR,Stramenopiles,Bigyra,Bicoecea,Pseudodendromonadales,Pseudodendromonadales_X,Pseudodendromonadales_XX,Pseudodendromonadales_XX_sp.,Stramenopiles
ASV_1624,0,0,0,0,0,0,0,0,0,0,0,0,0,0,0,0,0,0,0,0,95,0,0,0,0,0,0,0,0,0,0,0,0,0,0,0,0,0,0,0,0,0,0,0,0,Eukaryota,Obazoa,Opisthokonta,Choanoflagellata,Choanoflagellatea,Craspedida,Monosigidae_Group_A,Codosiga,Codosiga_botrytis,Opisthokonta_Choanoflagellatea
ASV_1625,0,0,0,0,0,0,0,0,0,0,0,0,0,0,0,0,0,0,0,0,95,0,0,0,0,0,0,0,0,0,0,0,0,0,0,0,0,0,0,0,0,0,0,0,0,Eukaryota,TSAR,Stramenopiles,Gyrista,Chrysophyceae,Paraphysomonadales,Paraphysomonadaceae,Paraphysomonas,Paraphysomonas_variosa,Stramenopiles
ASV_1626,0,0,0,0,0,0,0,0,0,0,0,0,0,0,0,0,0,0,0,0,0,0,0,21,0,74,0,0,0,0,0,0,0,0,0,0,0,0,0,0,0,0,0,0,0,Eukaryota,TSAR,Stramenopiles,Bigyra,NA,NA,NA,NA,NA,Stramenopiles
ASV_1627,0,0,0,0,0,0,0,0,0,0,0,0,0,0,0,0,0,0,0,0,0,0,0,0,0,0,95,0,0,0,0,0,0,0,0,0,0,0,0,0,0,0,0,0,0,Eukaryota,Obazoa,Opisthokonta,Metazoa,Arthropoda,Crustacea,Ostracoda,NA,NA,Opisthokonta_Arthropoda
ASV_1628,0,0,0,0,0,0,0,0,0,0,0,0,0,0,0,0,0,0,0,0,0,0,0,0,0,0,0,0,0,0,0,0,0,95,0,0,0,0,0,0,0,0,0,0,0,Eukaryota,Obazoa,Opisthokonta,Metazoa,Gastrotricha,Gastrotricha_X,Gastrotricha_XX,Chaetonotus,NA,Opisthokonta_Gastrotricha
ASV_1629,0,0,0,0,0,0,0,0,0,0,0,0,0,0,0,0,0,0,0,0,0,0,0,0,0,0,0,0,0,0,0,0,0,0,0,0,95,0,0,0,0,0,0,0,0,Eukaryota,TSAR,Stramenopiles,Bigyra,Bicoecea,Pseudodendromonadales,Pseudodendromonadales_X,Pseudodendromonadales_XX,Pseudodendromonadales_XX_sp.,Stramenopiles
ASV_1630,0,0,94,0,0,0,0,0,0,0,0,0,0,0,0,0,0,0,0,0,0,0,0,0,0,0,0,0,0,0,0,0,0,0,0,0,0,0,0,0,0,0,0,0,0,Eukaryota,Obazoa,Opisthokonta,Fungi,Basidiomycota,Agaricomycotina,Tremellomycetes,Filobasidium,Filobasidium_uniguttulatum,Opisthokonta_Basidiomycota
ASV_1631,0,0,0,0,0,0,0,0,0,0,42,0,0,0,40,0,0,0,0,0,0,0,0,0,0,0,0,0,0,0,0,0,0,0,0,0,0,0,0,0,12,0,0,0,0,Eukaryota,Obazoa,Opisthokonta,Metazoa,Arthropoda,Crustacea,Maxillopoda,Macrocyclops,Macrocyclops_albidus,Opisthokonta_Arthropoda
ASV_1632,0,0,0,0,0,0,0,0,0,0,0,0,0,19,0,0,0,0,0,0,0,0,0,0,0,0,0,0,0,0,0,0,0,0,0,0,38,27,0,10,0,0,0,0,0,Eukaryota,TSAR,Stramenopiles,Bigyra,Opalozoa,Opalozoa_X,MAST-12,MAST-12C,MAST-12C_sp.,Stramenopiles
ASV_1633,0,0,0,0,0,0,0,0,0,0,0,0,0,0,0,94,0,0,0,0,0,0,0,0,0,0,0,0,0,0,0,0,0,0,0,0,0,0,0,0,0,0,0,0,0,Eukaryota,Obazoa,Opisthokonta,Fungi,Ascomycota,Pezizomycotina,Sordariomycetes,Verticillium,Verticillium_albo-atrum,Opisthokonta_Ascomycota
ASV_1634,0,0,0,0,0,0,0,0,0,0,0,0,0,0,0,94,0,0,0,0,0,0,0,0,0,0,0,0,0,0,0,0,0,0,0,0,0,0,0,0,0,0,0,0,0,Eukaryota,Obazoa,Opisthokonta,Fungi,Zoopagomycota,Entomophthoromycotina,Entomophthorales,Entomophthora,Entomophthora_muscae,Opisthokonta_Zoopagomycota
ASV_1635,0,0,0,0,0,0,0,0,0,0,0,0,0,0,0,0,0,94,0,0,0,0,0,0,0,0,0,0,0,0,0,0,0,0,0,0,0,0,0,0,0,0,0,0,0,Eukaryota,TSAR,Rhizaria,Cercozoa,Filosa-Imbricatea,NA,NA,NA,NA,Rhizaria
ASV_1636,0,0,0,0,0,0,0,0,0,0,0,0,0,0,0,0,0,0,0,94,0,0,0,0,0,0,0,0,0,0,0,0,0,0,0,0,0,0,0,0,0,0,0,0,0,Eukaryota,TSAR,Rhizaria,Cercozoa,Filosa-SarcomoNAdea,Pansomonadida,Pansomonadida_X,Pansomonadida_XX,Pansomonadida_XX_sp.,Rhizaria
ASV_1637,0,0,0,0,0,0,0,0,0,0,0,0,0,0,0,0,0,0,0,0,94,0,0,0,0,0,0,0,0,0,0,0,0,0,0,0,0,0,0,0,0,0,0,0,0,Eukaryota,Haptista,Centroplasthelida,Centroplasthelida_X,Pterocystida,Pterista,Heterophryidae,Heterophrys,Heterophrys_sp.,Centroplasthelida
ASV_1638,0,0,0,0,0,0,0,0,0,0,0,0,0,0,0,0,0,0,0,0,0,0,0,0,94,0,0,0,0,0,0,0,0,0,0,0,0,0,0,0,0,0,0,0,0,Eukaryota,TSAR,Stramenopiles,Gyrista,Peronosporomycetes,Peronosporomycetes,Peronosporales,Pythiaceae,Pythiaceae_sp.,Stramenopiles
ASV_1639,0,0,0,0,0,0,0,0,0,0,0,0,0,0,0,0,0,0,0,0,0,0,0,0,0,0,0,94,0,0,0,0,0,0,0,0,0,0,0,0,0,0,0,0,0,Eukaryota,Obazoa,Opisthokonta,Fungi,Chytridiomycota,Zygophlyctidales,Zygophlyctidaceae,Zygophlyctis,Zygophlyctis_melosirae,Opisthokonta_Chytridiomycota
ASV_1640,0,0,0,0,0,0,0,0,0,0,0,0,0,0,0,0,0,0,0,0,0,0,0,0,0,0,0,94,0,0,0,0,0,0,0,0,0,0,0,0,0,0,0,0,0,Eukaryota,Obazoa,Opisthokonta,Choanoflagellata,Choanoflagellatea,NA,NA,NA,NA,Opisthokonta_Choanoflagellatea
ASV_1641,0,0,0,0,0,0,0,0,0,0,0,0,0,0,0,0,0,0,0,0,0,0,0,0,0,0,0,0,0,0,94,0,0,0,0,0,0,0,0,0,0,0,0,0,0,Eukaryota,TSAR,Stramenopiles,Gyrista,Peronosporomycetes,Peronosporomycetes,Peronosporales,Peronosporales_X,Peronosporales_X_sp.,Stramenopiles
ASV_1642,0,0,0,0,0,0,0,0,0,0,0,0,0,0,0,0,0,0,0,0,0,0,0,0,0,0,0,0,0,0,0,0,0,94,0,0,0,0,0,0,0,0,0,0,0,Eukaryota,Archaeplastida,Chlorophyta,Chlorophyta_X,Chlorophyceae,Chlamydomonadales,Chlamydomonadales_X,Chlamydopodium,Chlamydopodium_starrii,Chlorophyta
ASV_1643,0,0,0,82,0,0,0,0,0,0,0,0,11,0,0,0,0,0,0,0,0,0,0,0,0,0,0,0,0,0,0,0,0,0,0,0,0,0,0,0,0,0,0,0,0,Eukaryota,TSAR,Stramenopiles,Gyrista,Peronosporomycetes,Peronosporomycetes,Peronosporales,Peronosporales_X,Peronosporales_X_sp.,Stramenopiles
ASV_1644,0,0,0,0,26,23,44,0,0,0,0,0,0,0,0,0,0,0,0,0,0,0,0,0,0,0,0,0,0,0,0,0,0,0,0,0,0,0,0,0,0,0,0,0,0,Eukaryota,Archaeplastida,Chlorophyta,Chlorophyta_X,Chlorophyceae,Sphaeropleales,Sphaeropleales_X,NA,NA,Chlorophyta
ASV_1645,0,0,0,0,17,62,0,0,0,0,14,0,0,0,0,0,0,0,0,0,0,0,0,0,0,0,0,0,0,0,0,0,0,0,0,0,0,0,0,0,0,0,0,0,0,Eukaryota,TSAR,Stramenopiles,Gyrista,Bacillariophyceae,Achnanthales,Achnanthidiaceae,Lemnicola,Lemnicola_hungarica,Stramenopiles
ASV_1646,0,0,0,0,0,26,0,0,0,0,0,0,0,0,0,67,0,0,0,0,0,0,0,0,0,0,0,0,0,0,0,0,0,0,0,0,0,0,0,0,0,0,0,0,0,Eukaryota,Obazoa,Opisthokonta,Metazoa,Gastrotricha,Gastrotricha_X,Gastrotricha_XX,Chaetonotus,NA,Opisthokonta_Gastrotricha
ASV_1647,0,0,0,0,0,0,0,0,0,0,32,0,0,0,0,0,0,0,0,0,0,0,0,0,0,0,0,0,0,0,0,0,0,0,0,0,0,0,0,51,0,10,0,0,0,Eukaryota,Archaeplastida,Chlorophyta,Chlorophyta_X,Chlorophyceae,Chlamydomonadales,Chlamydomonadales_X,Vitreochlamys,Vitreochlamys_nekrassovii,Chlorophyta
ASV_1648,0,0,0,0,0,0,0,0,0,0,0,0,0,0,0,93,0,0,0,0,0,0,0,0,0,0,0,0,0,0,0,0,0,0,0,0,0,0,0,0,0,0,0,0,0,Eukaryota,Obazoa,Opisthokonta,Metazoa,Arthropoda,Crustacea,Ostracoda,Cypridopsis,Cypridopsis_japonica,Opisthokonta_Arthropoda
ASV_1649,0,0,0,0,0,0,0,0,0,0,0,0,0,0,0,0,0,0,0,0,0,0,0,0,0,0,0,93,0,0,0,0,0,0,0,0,0,0,0,0,0,0,0,0,0,Eukaryota,Obazoa,Opisthokonta,Fungi,NA,NA,NA,NA,NA,Opisthokonta_Unclassified
ASV_1650,0,0,0,0,0,0,0,0,0,0,0,0,0,0,0,0,0,0,0,0,0,0,0,0,0,0,0,0,0,0,0,0,0,93,0,0,0,0,0,0,0,0,0,0,0,Eukaryota,TSAR,Stramenopiles,Bigyra,Bicoecea,Pseudodendromonadales,Pseudodendromonadales_X,Pseudodendromonadales_XX,Pseudodendromonadales_XX_sp.,Stramenopiles
ASV_1651,0,20,2,0,0,0,0,0,0,0,26,0,0,0,0,0,26,0,3,0,0,0,0,0,0,0,0,0,0,0,15,0,0,0,0,0,0,0,0,0,0,0,0,0,0,Eukaryota,TSAR,Stramenopiles,Gyrista,Peronosporomycetes,Peronosporomycetes,Peronosporales,NA,NA,Stramenopiles
ASV_1652,0,0,0,92,0,0,0,0,0,0,0,0,0,0,0,0,0,0,0,0,0,0,0,0,0,0,0,0,0,0,0,0,0,0,0,0,0,0,0,0,0,0,0,0,0,Eukaryota,NA,NA,NA,NA,NA,NA,NA,NA,NA
ASV_1653,0,0,0,0,0,0,0,0,30,37,9,0,16,0,0,0,0,0,0,0,0,0,0,0,0,0,0,0,0,0,0,0,0,0,0,0,0,0,0,0,0,0,0,0,0,Eukaryota,Obazoa,Opisthokonta,Fungi,Chytridiomycota,NA,NA,NA,NA,Opisthokonta_Chytridiomycota
ASV_1654,0,0,0,0,0,0,0,0,0,0,0,0,0,0,0,0,23,0,69,0,0,0,0,0,0,0,0,0,0,0,0,0,0,0,0,0,0,0,0,0,0,0,0,0,0,Eukaryota,Obazoa,Opisthokonta,Fungi,Opisthosporidia,Microsporida,Microsporida_X,Paramicrosporidium,Paramicrosporidium_saccamoebae,Opisthokonta_Opisthosporidia
ASV_1655,0,0,0,0,0,0,0,0,0,0,0,0,0,0,0,0,0,0,0,0,92,0,0,0,0,0,0,0,0,0,0,0,0,0,0,0,0,0,0,0,0,0,0,0,0,Eukaryota,Obazoa,Opisthokonta,Metazoa,Platyhelminthes,Monogenea,Monopisthocotylea,NA,NA,Opisthokonta_Platyhelminthes
ASV_1656,0,0,0,0,0,0,0,0,0,0,0,0,0,0,0,0,0,0,0,0,0,0,61,0,0,0,0,0,0,31,0,0,0,0,0,0,0,0,0,0,0,0,0,0,0,Eukaryota,TSAR,Stramenopiles,Gyrista,Eustigmatophyceae,Eustigmatophyceae_X,Eustigmatophyceae_XX,NA,NA,Stramenopiles
ASV_1657,0,0,0,0,0,0,0,0,0,0,0,0,0,0,0,0,0,0,0,0,0,0,0,92,0,0,0,0,0,0,0,0,0,0,0,0,0,0,0,0,0,0,0,0,0,Eukaryota,TSAR,Rhizaria,Cercozoa,Filosa-SarcomoNAdea,Pansomonadida,Agitatidae,Agitatidae_X,Agitatidae_X_sp.,Rhizaria
ASV_1658,0,0,0,0,0,0,0,0,0,0,0,0,0,0,0,0,0,0,0,0,0,0,0,0,0,0,92,0,0,0,0,0,0,0,0,0,0,0,0,0,0,0,0,0,0,Eukaryota,Archaeplastida,Chlorophyta,Chlorophyta_X,Chlorophyceae,Chlamydomonadales,Chlamydomonadales_X,Carteria,Carteria_lunzensis,Chlorophyta
ASV_1659,0,0,0,0,0,0,0,0,0,0,0,0,0,0,0,0,0,0,0,0,0,0,0,0,0,0,0,0,92,0,0,0,0,0,0,0,0,0,0,0,0,0,0,0,0,Eukaryota,Obazoa,Opisthokonta,Metazoa,Gastrotricha,Gastrotricha_X,Gastrotricha_XX,Chaetonotus,NA,Opisthokonta_Gastrotricha
ASV_1660,0,0,0,0,0,0,0,0,0,0,0,0,0,0,0,91,0,0,0,0,0,0,0,0,0,0,0,0,0,0,0,0,0,0,0,0,0,0,0,0,0,0,0,0,0,Eukaryota,Obazoa,Opisthokonta,Fungi,Ascomycota,Pezizomycotina,Sordariomycetes,Phomatospora,Phomatospora_biseriata,Opisthokonta_Ascomycota
ASV_1661,0,0,0,0,0,0,0,0,0,0,0,0,0,0,0,91,0,0,0,0,0,0,0,0,0,0,0,0,0,0,0,0,0,0,0,0,0,0,0,0,0,0,0,0,0,Eukaryota,Haptista,Centroplasthelida,Centroplasthelida_X,Pterocystida,Pterista,Pterocystidae,Pterocystis,Pterocystis_sp.,Centroplasthelida
ASV_1662,0,0,0,0,0,0,0,0,0,0,0,0,0,0,0,91,0,0,0,0,0,0,0,0,0,0,0,0,0,0,0,0,0,0,0,0,0,0,0,0,0,0,0,0,0,Eukaryota,TSAR,Rhizaria,Cercozoa,NA,NA,NA,NA,NA,Rhizaria
ASV_1663,0,0,0,0,0,0,0,0,0,0,0,0,0,0,0,0,0,0,91,0,0,0,0,0,0,0,0,0,0,0,0,0,0,0,0,0,0,0,0,0,0,0,0,0,0,Eukaryota,TSAR,Stramenopiles,Gyrista,Chrysophyceae,Chromulinales,Chromulinales_X,Chromulinales_XX,Chromulinales_XX_sp.,Stramenopiles
ASV_1664,0,0,0,0,0,0,0,0,0,0,0,0,0,0,0,0,0,0,0,0,91,0,0,0,0,0,0,0,0,0,0,0,0,0,0,0,0,0,0,0,0,0,0,0,0,Eukaryota,Obazoa,Opisthokonta,Fungi,Basidiomycota,Agaricomycotina,Agaricomycetes,Resinicium,Resinicium_bicolor,Opisthokonta_Basidiomycota
ASV_1665,0,0,0,0,0,0,0,0,0,0,0,0,0,0,0,0,0,0,0,0,0,0,0,0,0,0,91,0,0,0,0,0,0,0,0,0,0,0,0,0,0,0,0,0,0,Eukaryota,Cryptista,Cryptophyta,Cryptophyta_X,Cryptophyceae,Cryptomonadales,Cryptomonadales_X,Plagioselmis,Plagioselmis_nannoplanctica,Cryptophyta
ASV_1666,0,0,0,0,0,0,0,0,0,0,0,0,0,0,0,0,0,0,0,0,0,0,0,0,0,0,0,0,91,0,0,0,0,0,0,0,0,0,0,0,0,0,0,0,0,Eukaryota,Obazoa,Opisthokonta,NA,NA,NA,NA,NA,NA,Opisthokonta_Unclassified
ASV_1667,0,0,0,0,0,0,0,0,0,0,0,0,0,0,0,0,0,0,0,0,0,0,0,0,0,0,0,0,91,0,0,0,0,0,0,0,0,0,0,0,0,0,0,0,0,Eukaryota,TSAR,Stramenopiles,Gyrista,Mediophyceae,Thalassiosirales,Stephanodiscaceae,Stephanodiscus,Stephanodiscus_hantzschii,Stramenopiles
ASV_1668,0,0,0,0,0,0,0,0,0,0,0,0,0,0,0,0,0,0,0,0,0,0,0,0,0,0,0,0,0,0,0,0,0,0,0,0,91,0,0,0,0,0,0,0,0,Eukaryota,TSAR,Stramenopiles,Bigyra,Bicoecea,Pseudodendromonadales,Pseudodendromonadales_X,Pseudodendromonadales_XX,Pseudodendromonadales_XX_sp.,Stramenopiles
ASV_1669,0,0,0,0,0,0,0,0,0,0,0,0,0,0,0,90,0,0,0,0,0,0,0,0,0,0,0,0,0,0,0,0,0,0,0,0,0,0,0,0,0,0,0,0,0,Eukaryota,Archaeplastida,Chlorophyta,Chlorophyta_X,Chlorophyceae,Sphaeropleales,Sphaeropleales_X,Pediastrum,Pediastrum_duplex,Chlorophyta
ASV_1670,0,0,0,0,0,0,0,0,0,0,0,0,0,0,0,90,0,0,0,0,0,0,0,0,0,0,0,0,0,0,0,0,0,0,0,0,0,0,0,0,0,0,0,0,0,Eukaryota,TSAR,Stramenopiles,Gyrista,Chrysophyceae,Paraphysomonadales,Paraphysomonadaceae,Paraphysomonas,Paraphysomonas_uniformis,Stramenopiles
ASV_1671,0,0,0,0,0,0,0,0,0,0,0,0,0,0,0,0,0,0,0,0,90,0,0,0,0,0,0,0,0,0,0,0,0,0,0,0,0,0,0,0,0,0,0,0,0,Eukaryota,Obazoa,Opisthokonta,Fungi,NA,NA,NA,NA,NA,Opisthokonta_Unclassified
ASV_1672,0,0,0,0,0,0,0,0,0,0,0,0,0,0,0,0,0,0,0,0,90,0,0,0,0,0,0,0,0,0,0,0,0,0,0,0,0,0,0,0,0,0,0,0,0,Eukaryota,Obazoa,Opisthokonta,Choanoflagellata,Choanoflagellatea,Craspedida,Monosigidae_Group_A,Codosiga,Codosiga_botrytis,Opisthokonta_Choanoflagellatea
ASV_1673,0,0,0,0,0,0,0,0,0,0,0,0,0,0,0,0,0,0,0,0,0,0,0,0,0,0,0,0,90,0,0,0,0,0,0,0,0,0,0,0,0,0,0,0,0,Eukaryota,TSAR,Stramenopiles,Gyrista,Chrysophyceae,Ochromonadales,Ochromonadaceae,Chlorochromonas,Chlorochromonas_sp.,Stramenopiles
ASV_1674,0,0,0,0,0,0,0,0,0,0,0,0,0,0,0,0,0,0,0,0,0,0,0,0,0,0,0,0,0,0,0,0,0,0,0,90,0,0,0,0,0,0,0,0,0,Eukaryota,TSAR,Stramenopiles,Gyrista,Chrysophyceae,Ochromonadales,Ochromonadaceae,Dinobryon,Dinobryon_sp.,Stramenopiles
ASV_1675,0,0,0,0,0,0,0,0,0,0,0,0,0,0,0,0,0,0,0,0,0,0,0,0,0,0,0,0,0,0,0,0,0,0,0,0,0,0,0,0,0,90,0,0,0,Eukaryota,TSAR,Stramenopiles,Bigyra,Bicoecea,Pseudodendromonadales,Pseudodendromonadales_X,Pseudodendromonadales_XX,Pseudodendromonadales_XX_sp.,Stramenopiles
ASV_1676,0,0,0,0,0,0,0,0,0,0,0,0,0,0,0,0,0,0,0,0,0,0,0,0,0,70,0,0,19,0,0,0,0,0,0,0,0,0,0,0,0,0,0,0,0,Eukaryota,Obazoa,Opisthokonta,Fungi,NA,NA,NA,NA,NA,Opisthokonta_Unclassified
ASV_1677,0,0,0,0,0,0,0,0,0,0,0,0,0,0,0,0,0,0,0,0,0,0,0,0,0,0,0,0,89,0,0,0,0,0,0,0,0,0,0,0,0,0,0,0,0,Eukaryota,Cryptista,Cryptophyta,Cryptophyta_X,Cryptophyceae,Cryptomonadales,Cryptomonadales_X,Cryptomonas,Cryptomonas_pyrenoidifera,Cryptophyta
ASV_1678,0,0,0,0,0,0,0,0,0,0,0,0,0,0,0,0,0,0,0,0,0,0,0,0,0,0,0,0,0,0,0,0,0,89,0,0,0,0,0,0,0,0,0,0,0,Eukaryota,Obazoa,Opisthokonta,Fungi,NA,NA,NA,NA,NA,Opisthokonta_Unclassified
ASV_1679,0,0,0,0,0,0,0,0,0,0,0,0,0,0,0,0,0,0,0,0,0,0,0,0,0,0,0,0,0,0,0,0,0,0,0,0,0,0,0,0,0,0,89,0,0,Eukaryota,TSAR,Stramenopiles,Gyrista,Peronosporomycetes,Peronosporomycetes,Peronosporales,Peronosporales_X,Peronosporales_X_sp.,Stramenopiles
ASV_1680,0,88,0,0,0,0,0,0,0,0,0,0,0,0,0,0,0,0,0,0,0,0,0,0,0,0,0,0,0,0,0,0,0,0,0,0,0,0,0,0,0,0,0,0,0,Eukaryota,Obazoa,Opisthokonta,NA,NA,NA,NA,NA,NA,Opisthokonta_Unclassified
ASV_1681,0,0,88,0,0,0,0,0,0,0,0,0,0,0,0,0,0,0,0,0,0,0,0,0,0,0,0,0,0,0,0,0,0,0,0,0,0,0,0,0,0,0,0,0,0,Eukaryota,Archaeplastida,Chlorophyta,Chlorophyta_X,Chlorophyceae,Chlamydomonadales,Chlamydomonadales_X,Asterococcus,Asterococcus_superbus,Chlorophyta
ASV_1682,0,0,0,0,0,0,0,0,12,27,12,0,0,0,0,0,0,0,0,0,0,0,0,0,0,0,0,0,0,0,0,37,0,0,0,0,0,0,0,0,0,0,0,0,0,Eukaryota,TSAR,Stramenopiles,Gyrista,Chrysophyceae,Ochromonadales,Ochromonadaceae,Acrispumella,Acrispumella_sp.,Stramenopiles
ASV_1683,0,0,0,0,0,0,0,0,0,0,0,0,0,0,0,88,0,0,0,0,0,0,0,0,0,0,0,0,0,0,0,0,0,0,0,0,0,0,0,0,0,0,0,0,0,Eukaryota,TSAR,Stramenopiles,Gyrista,Chrysophyceae,Chrysosaccales,Chrysosaccaceae,Chrysosphaera,Chrysosphaera_parvula,Stramenopiles
ASV_1684,0,0,0,0,0,0,0,0,0,0,0,0,0,0,0,0,0,0,88,0,0,0,0,0,0,0,0,0,0,0,0,0,0,0,0,0,0,0,0,0,0,0,0,0,0,Eukaryota,Obazoa,Opisthokonta,Fungi,NA,NA,NA,NA,NA,Opisthokonta_Unclassified
ASV_1685,0,0,0,0,0,0,0,0,0,0,0,0,0,0,0,0,0,0,0,0,0,0,0,0,0,0,0,0,0,0,0,0,0,0,0,0,0,88,0,0,0,0,0,0,0,Eukaryota,TSAR,Stramenopiles,Gyrista,Chrysophyceae,Paraphysomonadales,Paraphysomonadales_Clade-EC1Gb,Paraphysomonadales_Clade-EC1Gb_X,Paraphysomonadales_Clade-EC1Gb_X_sp.,Stramenopiles
ASV_1686,0,0,0,0,0,0,0,0,0,0,87,0,0,0,0,0,0,0,0,0,0,0,0,0,0,0,0,0,0,0,0,0,0,0,0,0,0,0,0,0,0,0,0,0,0,Eukaryota,Obazoa,Opisthokonta,Fungi,Basidiomycota,Agaricomycotina,Agaricomycetes,Lachnella,Lachnella_villosa,Opisthokonta_Basidiomycota
ASV_1687,0,0,0,0,0,0,0,0,0,0,0,0,0,0,0,87,0,0,0,0,0,0,0,0,0,0,0,0,0,0,0,0,0,0,0,0,0,0,0,0,0,0,0,0,0,Eukaryota,Archaeplastida,Chlorophyta,Chlorophyta_X,Chlorophyceae,Sphaeropleales,NA,NA,NA,Chlorophyta
ASV_1688,0,0,0,0,0,0,0,0,0,0,0,0,0,0,0,87,0,0,0,0,0,0,0,0,0,0,0,0,0,0,0,0,0,0,0,0,0,0,0,0,0,0,0,0,0,Eukaryota,TSAR,Stramenopiles,Gyrista,Hyphochytriomyceta,Hyphochytriales,Hyphochytrydiales_X,Hyphochytrydiales_XX,Hyphochytrydiales_XX_sp.,Stramenopiles
ASV_1689,0,0,0,0,0,0,0,0,0,0,0,0,0,0,0,0,0,0,0,67,0,20,0,0,0,0,0,0,0,0,0,0,0,0,0,0,0,0,0,0,0,0,0,0,0,Eukaryota,Obazoa,Opisthokonta,Choanoflagellata,Choanoflagellatea,Craspedida,Salpingoecidae_Group_C1,Salpingoecidae_Group_C1_X,Salpingoecidae_Group_C1_X_sp.,Opisthokonta_Choanoflagellatea
ASV_1690,0,0,0,0,0,0,0,0,0,0,0,0,0,0,0,0,0,0,0,0,0,11,0,0,0,0,0,0,0,0,0,0,0,0,0,0,76,0,0,0,0,0,0,0,0,Eukaryota,TSAR,Rhizaria,Cercozoa,Filosa-SarcomoNAdea,Glissomonadida,Glissomonadida_Clade-Y,Glissomonadida_Clade-Y_X,Glissomonadida_Clade-Y_X_sp.,Rhizaria
ASV_1691,0,0,0,0,0,0,0,0,0,0,0,0,0,0,0,0,0,0,0,0,0,0,87,0,0,0,0,0,0,0,0,0,0,0,0,0,0,0,0,0,0,0,0,0,0,Eukaryota,Obazoa,Opisthokonta,Ichthyosporea,Ichthyophonida,Ichthyosphonida_X,Ichthyophonidae_Freshwater,Ichthyophonidae_Freshwater_X,Ichthyophonidae_Freshwater_X_sp.,Opisthokonta_Ichthyophonida
ASV_1692,0,0,0,0,0,0,0,0,0,0,0,0,0,0,0,0,0,0,0,0,0,0,0,0,58,29,0,0,0,0,0,0,0,0,0,0,0,0,0,0,0,0,0,0,0,Eukaryota,Archaeplastida,Chlorophyta,Chlorophyta_X,Chlorophyceae,Chlamydomonadales,Chlamydomonadales_X,Chlamydomonas,Chlamydomonas_monadina,Chlorophyta
ASV_1693,0,0,0,0,0,0,0,0,0,0,0,0,0,0,0,0,0,0,0,0,0,0,0,0,31,56,0,0,0,0,0,0,0,0,0,0,0,0,0,0,0,0,0,0,0,Eukaryota,TSAR,Stramenopiles,Bigyra,Bicoecea,Pseudodendromonadales,Pseudodendromonadales_X,Pseudodendromonadales_XX,Pseudodendromonadales_XX_sp.,Stramenopiles
ASV_1694,0,0,0,0,0,0,0,0,0,0,0,0,0,0,0,0,0,0,0,0,0,0,0,0,0,0,87,0,0,0,0,0,0,0,0,0,0,0,0,0,0,0,0,0,0,Eukaryota,Archaeplastida,Chlorophyta,Chlorophyta_X,Chlorophyceae,Sphaeropleales,Sphaeropleales_X,Pseudomuriella,NA,Chlorophyta
ASV_1695,0,0,0,0,0,0,0,0,0,0,0,0,0,0,0,0,0,0,0,0,0,0,0,0,0,0,0,0,0,0,0,87,0,0,0,0,0,0,0,0,0,0,0,0,0,Eukaryota,Obazoa,Opisthokonta,Metazoa,Arthropoda,Hexapoda,Collembola,NA,NA,Opisthokonta_Arthropoda
ASV_1696,0,0,0,0,86,0,0,0,0,0,0,0,0,0,0,0,0,0,0,0,0,0,0,0,0,0,0,0,0,0,0,0,0,0,0,0,0,0,0,0,0,0,0,0,0,Eukaryota,TSAR,Stramenopiles,Gyrista,Peronosporomycetes,Peronosporomycetes,Peronosporales,Peronosporales_X,Peronosporales_X_sp.,Stramenopiles
ASV_1697,0,0,0,0,0,0,0,0,0,86,0,0,0,0,0,0,0,0,0,0,0,0,0,0,0,0,0,0,0,0,0,0,0,0,0,0,0,0,0,0,0,0,0,0,0,Eukaryota,Obazoa,Opisthokonta,Metazoa,Gastrotricha,Gastrotricha_X,Gastrotricha_XX,Chaetonotus,Chaetonotus_sp.,Opisthokonta_Gastrotricha
ASV_1698,0,0,0,0,0,0,0,0,0,0,0,0,0,0,0,0,45,0,11,0,0,0,0,6,0,0,0,0,0,0,0,0,0,24,0,0,0,0,0,0,0,0,0,0,0,Eukaryota,Obazoa,Opisthokonta,NA,NA,NA,NA,NA,NA,Opisthokonta_Unclassified
ASV_1699,0,0,0,0,0,0,0,0,0,0,0,0,0,0,0,0,0,0,86,0,0,0,0,0,0,0,0,0,0,0,0,0,0,0,0,0,0,0,0,0,0,0,0,0,0,Eukaryota,Obazoa,Opisthokonta,Fungi,NA,NA,NA,NA,NA,Opisthokonta_Unclassified
ASV_1700,0,0,0,0,0,0,0,0,0,0,0,0,0,0,0,0,0,0,0,0,86,0,0,0,0,0,0,0,0,0,0,0,0,0,0,0,0,0,0,0,0,0,0,0,0,Eukaryota,Obazoa,Opisthokonta,Fungi,Chytridiomycota,Spizellomycetales,Spizellomycetaceae,NA,NA,Opisthokonta_Chytridiomycota
ASV_1701,0,0,0,0,0,0,0,0,0,0,0,0,0,0,0,0,0,0,0,0,0,0,0,0,0,86,0,0,0,0,0,0,0,0,0,0,0,0,0,0,0,0,0,0,0,Eukaryota,TSAR,Stramenopiles,Bigyra,Opalozoa,Opalozoa_X,MAST-12,MAST-12C,MAST-12C_sp.,Stramenopiles
ASV_1702,0,0,0,0,0,0,0,0,0,0,0,0,0,0,0,0,0,0,0,0,0,0,0,0,0,0,0,86,0,0,0,0,0,0,0,0,0,0,0,0,0,0,0,0,0,Eukaryota,Cryptista,Cryptophyta,Cryptophyta_X,Cryptophyceae,Cryptophyceae_X,Basal_Cryptophyceae-1,Basal_Cryptophyceae-1_X,Basal_Cryptophyceae-1_X_sp.,Cryptophyta
ASV_1703,0,0,0,40,0,0,45,0,0,0,0,0,0,0,0,0,0,0,0,0,0,0,0,0,0,0,0,0,0,0,0,0,0,0,0,0,0,0,0,0,0,0,0,0,0,Eukaryota,TSAR,Stramenopiles,Gyrista,Peronosporomycetes,Peronosporomycetes,Peronosporales,NA,NA,Stramenopiles
ASV_1704,0,0,0,0,0,0,0,0,0,0,0,0,0,0,0,85,0,0,0,0,0,0,0,0,0,0,0,0,0,0,0,0,0,0,0,0,0,0,0,0,0,0,0,0,0,Eukaryota,TSAR,Stramenopiles,Gyrista,Chrysophyceae,Chrysosaccales,Chrysosaccaceae,NA,NA,Stramenopiles
ASV_1705,0,0,0,0,0,0,0,0,0,0,0,0,0,0,0,0,0,75,0,0,0,0,0,0,0,10,0,0,0,0,0,0,0,0,0,0,0,0,0,0,0,0,0,0,0,Eukaryota,TSAR,Stramenopiles,Bigyra,Bicoecea,NA,NA,NA,NA,Stramenopiles
ASV_1706,0,0,0,0,0,0,0,0,0,0,0,0,0,0,0,0,0,0,85,0,0,0,0,0,0,0,0,0,0,0,0,0,0,0,0,0,0,0,0,0,0,0,0,0,0,Eukaryota,TSAR,Stramenopiles,Gyrista,Chrysophyceae,NA,NA,NA,NA,Stramenopiles
ASV_1707,0,0,0,0,0,0,0,0,0,0,0,0,0,0,0,0,0,0,85,0,0,0,0,0,0,0,0,0,0,0,0,0,0,0,0,0,0,0,0,0,0,0,0,0,0,Eukaryota,TSAR,Stramenopiles,Gyrista,Chrysophyceae,NA,NA,NA,NA,Stramenopiles
ASV_1708,0,0,0,0,0,0,0,0,0,0,0,0,0,0,0,0,0,0,0,0,0,0,0,0,0,0,0,0,0,0,0,0,0,85,0,0,0,0,0,0,0,0,0,0,0,Eukaryota,Obazoa,Opisthokonta,Metazoa,Arthropoda,Crustacea,Maxillopoda,Eucyclops,Eucyclops_serrulatus,Opisthokonta_Arthropoda
ASV_1709,0,0,45,0,0,0,0,39,0,0,0,0,0,0,0,0,0,0,0,0,0,0,0,0,0,0,0,0,0,0,0,0,0,0,0,0,0,0,0,0,0,0,0,0,0,Eukaryota,Obazoa,Opisthokonta,Fungi,Chytridiomycota,Spizellomycetales,Spizellomycetales_X,Spizellomycetales_XX,Spizellomycetales_XX_sp.,Opisthokonta_Chytridiomycota
ASV_1710,0,0,0,0,0,0,84,0,0,0,0,0,0,0,0,0,0,0,0,0,0,0,0,0,0,0,0,0,0,0,0,0,0,0,0,0,0,0,0,0,0,0,0,0,0,Eukaryota,Obazoa,Opisthokonta,Choanoflagellata,Choanoflagellatea,Craspedida,Salpingoecidae_Group_C1,Salpingoecidae_Group_C1_X,Salpingoecidae_Group_C1_X_sp.,Opisthokonta_Choanoflagellatea
ASV_1711,0,0,0,0,0,0,0,0,0,0,0,0,0,0,0,0,54,0,0,0,0,0,0,0,30,0,0,0,0,0,0,0,0,0,0,0,0,0,0,0,0,0,0,0,0,Eukaryota,Archaeplastida,Chlorophyta,Chlorophyta_X,Trebouxiophyceae,Watanabea-Clade,Watanabea-Clade_X,Chloroidium,Chloroidium_lichenum,Chlorophyta
ASV_1712,0,0,0,0,0,0,0,0,0,0,0,0,0,0,0,0,0,0,84,0,0,0,0,0,0,0,0,0,0,0,0,0,0,0,0,0,0,0,0,0,0,0,0,0,0,Eukaryota,Obazoa,Opisthokonta,Fungi,NA,NA,NA,NA,NA,Opisthokonta_Unclassified
ASV_1713,0,0,0,0,0,0,0,0,0,0,0,0,0,0,0,0,0,0,0,0,84,0,0,0,0,0,0,0,0,0,0,0,0,0,0,0,0,0,0,0,0,0,0,0,0,Eukaryota,TSAR,Stramenopiles,Gyrista,Chrysophyceae,Ochromonadales,Ochromonadales_clade-X,Ochromonadales_clade-X_X,Ochromonadales_clade-X_X_sp.,Stramenopiles
ASV_1714,0,0,0,0,0,0,0,0,0,0,0,0,0,0,0,0,0,0,0,0,78,0,0,6,0,0,0,0,0,0,0,0,0,0,0,0,0,0,0,0,0,0,0,0,0,Eukaryota,Obazoa,Opisthokonta,Fungi,Mucoromycota,Mucoromycotina,Mucoromycotina_X,Rhizomucor,Rhizomucor_variabilis,Opisthokonta_Mucoromycota
ASV_1715,0,0,0,0,0,0,0,0,0,0,0,0,0,0,0,0,0,0,0,0,0,0,25,59,0,0,0,0,0,0,0,0,0,0,0,0,0,0,0,0,0,0,0,0,0,Eukaryota,TSAR,Stramenopiles,Gyrista,Chrysophyceae,Ochromonadales,Ochromonadaceae,NA,NA,Stramenopiles
ASV_1716,0,0,0,0,0,0,0,0,0,0,0,0,0,0,0,0,0,0,0,0,0,0,8,0,51,4,0,18,3,0,0,0,0,0,0,0,0,0,0,0,0,0,0,0,0,Eukaryota,Archaeplastida,Chlorophyta,Chlorophyta_X,Chlorophyceae,Sphaeropleales,Sphaeropleales_X,Scenedesmus,Scenedesmus_obliquus,Chlorophyta
ASV_1717,0,0,0,0,0,0,0,0,0,0,0,0,0,0,0,0,0,0,0,0,0,0,0,0,0,0,0,0,0,0,84,0,0,0,0,0,0,0,0,0,0,0,0,0,0,Eukaryota,TSAR,Stramenopiles,Bigyra,Bicoecea,Pseudodendromonadales,Pseudodendromonadales_X,Pseudodendromonadales_XX,Pseudodendromonadales_XX_sp.,Stramenopiles
ASV_1718,0,0,0,0,0,0,0,0,0,0,0,0,0,0,0,0,0,0,0,0,0,0,0,0,0,0,0,0,0,0,84,0,0,0,0,0,0,0,0,0,0,0,0,0,0,Eukaryota,TSAR,Stramenopiles,Bigyra,Bicoecea,Pseudodendromonadales,Pseudodendromonadales_X,Pseudodendromonadales_XX,Pseudodendromonadales_XX_sp.,Stramenopiles
ASV_1719,0,0,0,0,0,0,0,0,0,0,0,0,0,0,0,0,0,0,0,0,0,0,0,0,0,0,0,0,0,0,0,0,0,0,0,0,38,34,0,0,0,9,3,0,0,Eukaryota,Obazoa,Opisthokonta,Choanoflagellata,Choanoflagellatea,Craspedida,Monosigidae_Group_A,Codosiga,Codosiga_sp.,Opisthokonta_Choanoflagellatea
ASV_1720,0,0,8,16,0,0,0,0,0,0,0,0,0,0,0,0,0,0,0,0,0,0,0,0,0,0,0,0,0,0,0,0,0,31,0,0,0,0,28,0,0,0,0,0,0,Eukaryota,TSAR,Stramenopiles,Bigyra,Bicoecea,Pseudodendromonadales,Pseudodendromonadales_X,Pseudodendromonadales_XX,Pseudodendromonadales_XX_sp.,Stramenopiles
ASV_1721,0,0,0,0,0,0,0,0,0,0,0,0,0,0,0,0,0,0,9,17,0,0,0,0,11,46,0,0,0,0,0,0,0,0,0,0,0,0,0,0,0,0,0,0,0,Eukaryota,TSAR,Rhizaria,Cercozoa,NA,NA,NA,NA,NA,Rhizaria
ASV_1722,0,0,0,0,0,0,0,0,0,0,0,0,0,0,0,0,0,0,0,0,83,0,0,0,0,0,0,0,0,0,0,0,0,0,0,0,0,0,0,0,0,0,0,0,0,Eukaryota,Archaeplastida,Chlorophyta,Chlorophyta_X,Trebouxiophyceae,Watanabea-Clade,Watanabea-Clade_X,Chloroidium,Chloroidium_lichenum,Chlorophyta
ASV_1723,0,0,0,0,0,0,0,0,0,0,0,0,0,0,0,0,0,0,0,0,83,0,0,0,0,0,0,0,0,0,0,0,0,0,0,0,0,0,0,0,0,0,0,0,0,Eukaryota,Obazoa,Opisthokonta,Fungi,Basidiomycota,Ustilaginomycotina,Exobasidiomycetes,Malassezia,Malassezia_globosa,Opisthokonta_Basidiomycota
ASV_1724,0,0,0,0,0,0,0,0,0,0,0,0,0,0,0,0,0,0,0,0,0,0,0,30,53,0,0,0,0,0,0,0,0,0,0,0,0,0,0,0,0,0,0,0,0,Eukaryota,Obazoa,Opisthokonta,Fungi,Ascomycota,Pezizomycotina,Dothideomycetes,Stomiopeltis,Stomiopeltis_sp.,Opisthokonta_Ascomycota
ASV_1725,0,0,0,0,0,0,0,0,0,0,0,0,0,0,0,0,0,0,0,0,0,0,0,0,59,24,0,0,0,0,0,0,0,0,0,0,0,0,0,0,0,0,0,0,0,Eukaryota,TSAR,Stramenopiles,Gyrista,Peronosporomycetes,Peronosporomycetes,Peronosporales,Lagenidium,Lagenidium_caudatum,Stramenopiles
ASV_1726,0,0,0,0,0,0,0,0,0,0,0,0,0,0,0,0,0,0,0,0,0,0,0,0,0,0,0,0,83,0,0,0,0,0,0,0,0,0,0,0,0,0,0,0,0,Eukaryota,Archaeplastida,Chlorophyta,Chlorophyta_X,Chlorophyceae,Chlamydomonadales,Chlamydomonadales_X,Gloeomonas,Gloeomonas_anomalipyrenoides,Chlorophyta
ASV_1727,0,0,0,0,0,0,0,0,0,0,0,0,0,0,0,0,0,0,0,0,0,0,0,0,0,0,0,0,0,0,0,0,0,83,0,0,0,0,0,0,0,0,0,0,0,Eukaryota,TSAR,Stramenopiles,Bigyra,Bicoecea,Pseudodendromonadales,Pseudodendromonadales_X,Pseudodendromonadales_XX,Pseudodendromonadales_XX_sp.,Stramenopiles
ASV_1728,0,0,0,0,0,0,0,0,0,0,0,0,0,0,0,0,0,0,0,0,0,0,0,0,0,0,0,0,0,0,0,0,0,0,0,0,83,0,0,0,0,0,0,0,0,Eukaryota,Obazoa,Opisthokonta,Metazoa,Arthropoda,Crustacea,Ostracoda,Cypridopsis,Cypridopsis_japonica,Opisthokonta_Arthropoda
ASV_1729,0,0,0,0,0,0,0,0,0,0,0,0,0,0,0,0,82,0,0,0,0,0,0,0,0,0,0,0,0,0,0,0,0,0,0,0,0,0,0,0,0,0,0,0,0,Eukaryota,Archaeplastida,Chlorophyta,Chlorophyta_X,Chlorophyceae,Sphaeropleales,Sphaeropleales_X,Scenedesmus,NA,Chlorophyta
ASV_1730,0,0,0,0,0,0,0,0,0,0,0,0,0,0,0,0,30,43,9,0,0,0,0,0,0,0,0,0,0,0,0,0,0,0,0,0,0,0,0,0,0,0,0,0,0,Eukaryota,TSAR,Stramenopiles,NA,NA,NA,NA,NA,NA,Stramenopiles
ASV_1731,0,0,0,0,0,0,0,0,0,0,0,0,0,0,0,0,19,0,63,0,0,0,0,0,0,0,0,0,0,0,0,0,0,0,0,0,0,0,0,0,0,0,0,0,0,Eukaryota,TSAR,Stramenopiles,Gyrista,Chrysophyceae,NA,NA,NA,NA,Stramenopiles
ASV_1732,0,0,0,0,0,0,0,0,0,0,0,0,0,0,0,0,0,82,0,0,0,0,0,0,0,0,0,0,0,0,0,0,0,0,0,0,0,0,0,0,0,0,0,0,0,Eukaryota,TSAR,Stramenopiles,Gyrista,Peronosporomycetes,Peronosporomycetes,Peronosporales,Peronosporales_X,Peronosporales_X_sp.,Stramenopiles
ASV_1733,0,0,0,0,0,0,0,0,0,0,0,0,0,0,0,0,0,0,0,0,82,0,0,0,0,0,0,0,0,0,0,0,0,0,0,0,0,0,0,0,0,0,0,0,0,Eukaryota,Archaeplastida,Chlorophyta,Chlorophyta_X,Trebouxiophyceae,Chlorellales,Chlorellales_X,Crucigenia,Crucigenia_pulchra,Chlorophyta
ASV_1734,0,0,0,0,0,0,0,0,0,0,0,0,0,0,0,0,0,0,0,0,0,0,0,56,26,0,0,0,0,0,0,0,0,0,0,0,0,0,0,0,0,0,0,0,0,Eukaryota,TSAR,Stramenopiles,Bigyra,Opalozoa,Opalozoa_X,MAST-12,MAST-12_X,MAST-12_X_sp.,Stramenopiles
ASV_1735,0,0,0,0,0,0,0,0,0,0,0,0,0,0,0,0,0,0,0,0,0,0,0,25,0,0,0,0,0,0,0,0,0,40,0,0,17,0,0,0,0,0,0,0,0,Eukaryota,TSAR,Stramenopiles,Gyrista,Bolidophyceae,Parmales,Triparmaceae,Triparma,NA,Stramenopiles
ASV_1736,0,0,0,0,0,0,0,0,0,0,0,0,0,0,0,0,0,0,0,0,0,0,0,0,0,0,0,0,82,0,0,0,0,0,0,0,0,0,0,0,0,0,0,0,0,Eukaryota,Archaeplastida,Chlorophyta,Chlorophyta_X,Chlorophyceae,Chlamydomonadales,Chlamydomonadales_X,Chlamydomonas,Chlamydomonas_noctigama,Chlorophyta
ASV_1737,0,0,0,0,0,0,0,0,0,0,0,0,0,0,0,0,0,0,0,0,0,0,0,0,0,0,0,0,0,0,0,0,0,82,0,0,0,0,0,0,0,0,0,0,0,Eukaryota,TSAR,Stramenopiles,Gyrista,Chrysophyceae,Ochromonadales,Ochromonadaceae,Poterioochromonas,Poterioochromonas_malhamensis,Stramenopiles
ASV_1738,0,0,0,0,0,0,0,0,0,0,0,0,0,0,0,0,0,0,0,0,0,0,0,0,0,0,0,0,0,0,0,0,0,82,0,0,0,0,0,0,0,0,0,0,0,Eukaryota,TSAR,Rhizaria,Cercozoa,Novel-clade-10-12,Novel-clade-10,Novel-clade-10_X,Novel-clade-10_XX,Novel-clade-10_XX_sp.,Rhizaria
ASV_1739,0,0,0,0,0,0,0,0,0,0,0,0,0,0,0,0,0,0,0,0,0,0,0,0,0,0,0,0,0,0,0,0,0,0,0,82,0,0,0,0,0,0,0,0,0,Eukaryota,TSAR,Stramenopiles,Bigyra,Bicoecea,Pseudodendromonadales,Pseudodendromonadales_X,Pseudodendromonadales_XX,Pseudodendromonadales_XX_sp.,Stramenopiles
ASV_1740,0,0,0,0,0,0,0,0,0,0,0,0,0,0,0,0,0,0,0,0,0,0,0,0,0,0,0,0,0,0,0,0,0,0,0,0,82,0,0,0,0,0,0,0,0,Eukaryota,Obazoa,Opisthokonta,Fungi,Chytridiomycota,Chytridiales,Chytridiaceae,Diplochytridium,Diplochytridium_lagenarium,Opisthokonta_Chytridiomycota
ASV_1741,0,0,0,0,0,0,0,0,0,0,0,0,0,0,0,0,0,0,0,0,0,0,0,0,0,0,0,0,0,0,0,0,0,0,0,0,0,0,0,12,0,70,0,0,0,Eukaryota,Obazoa,Opisthokonta,Metazoa,Arthropoda,Crustacea,Maxillopoda,Eucyclops,NA,Opisthokonta_Arthropoda
ASV_1742,0,0,0,0,0,0,0,0,0,0,0,0,0,0,0,0,0,0,0,0,0,0,0,0,0,0,0,0,0,0,0,0,0,0,0,0,0,0,0,0,0,72,0,10,0,Eukaryota,TSAR,Stramenopiles,Gyrista,Chrysophyceae,Chromulinales,Chromulinaceae,NA,NA,Stramenopiles
ASV_1743,0,0,0,0,0,0,0,0,0,0,0,0,0,0,0,0,10,55,0,0,0,0,0,0,16,0,0,0,0,0,0,0,0,0,0,0,0,0,0,0,0,0,0,0,0,Eukaryota,TSAR,Rhizaria,Cercozoa,Filosa-Thecofilosea,Cryomonadida,Rhogostoma-lineage,Rhogostoma-lineage_X,Rhogostoma-lineage_X_sp.,Rhizaria
ASV_1744,0,0,0,0,0,0,0,0,0,0,0,0,0,0,0,0,0,0,8,24,0,0,19,0,0,0,0,0,0,0,0,30,0,0,0,0,0,0,0,0,0,0,0,0,0,Eukaryota,TSAR,Stramenopiles,Gyrista,Peronosporomycetes,Peronosporomycetes,Peronosporales,Peronosporales_X,Peronosporales_X_sp.,Stramenopiles
ASV_1745,0,0,0,0,0,0,0,0,0,0,0,0,0,0,0,0,0,0,0,81,0,0,0,0,0,0,0,0,0,0,0,0,0,0,0,0,0,0,0,0,0,0,0,0,0,Eukaryota,Archaeplastida,Chlorophyta,Chlorophyta_X,Chlorophyceae,Chlamydomonadales,Chlamydomonadales_X,NA,NA,Chlorophyta
ASV_1746,0,0,0,0,0,0,0,0,0,0,0,0,0,0,0,0,0,0,0,71,0,0,0,6,4,0,0,0,0,0,0,0,0,0,0,0,0,0,0,0,0,0,0,0,0,Eukaryota,Obazoa,Opisthokonta,Fungi,NA,NA,NA,NA,NA,Opisthokonta_Unclassified
ASV_1747,0,0,0,0,0,0,0,0,0,0,0,0,0,0,0,0,0,0,0,0,0,0,0,26,0,40,0,0,0,0,0,0,0,0,0,0,0,0,0,0,0,0,0,15,0,Eukaryota,TSAR,Stramenopiles,Gyrista,Peronosporomycetes,Peronosporomycetes,Peronosporales,NA,NA,Stramenopiles
ASV_1748,0,0,0,0,0,0,0,0,0,0,0,0,0,0,0,0,0,0,0,0,0,0,0,0,81,0,0,0,0,0,0,0,0,0,0,0,0,0,0,0,0,0,0,0,0,Eukaryota,TSAR,Stramenopiles,Gyrista,Chrysophyceae,Ochromonadales,Ochromonadales_clade-XII,Ochromonadales_clade-XII_X,Ochromonadales_clade-XII_X_sp.,Stramenopiles
ASV_1749,0,0,0,0,0,0,0,0,0,0,0,0,0,0,0,0,0,0,0,0,0,0,0,0,0,0,0,0,0,0,0,0,0,81,0,0,0,0,0,0,0,0,0,0,0,Eukaryota,TSAR,Rhizaria,Cercozoa,Novel-clade-10-12,Novel-clade-10,Novel-clade-10_X,Novel-clade-10_XX,Novel-clade-10_XX_sp.,Rhizaria
ASV_1750,0,0,0,0,0,0,0,0,0,0,0,0,0,0,0,0,0,0,0,0,0,0,0,0,0,0,0,0,0,0,0,0,0,0,0,0,0,81,0,0,0,0,0,0,0,Eukaryota,TSAR,Stramenopiles,Bigyra,Bicoecea,Pseudodendromonadales,Pseudodendromonadales_X,Pseudodendromonadales_XX,Pseudodendromonadales_XX_sp.,Stramenopiles
ASV_1751,0,0,0,0,0,0,0,0,0,0,0,0,0,0,0,0,0,0,0,0,0,0,0,0,0,0,0,0,0,0,0,0,0,80,0,0,0,0,0,0,0,0,0,0,0,Eukaryota,TSAR,Stramenopiles,Bigyra,Bicoecea,Pseudodendromonadales,Pseudodendromonadales_X,Pseudodendromonadales_XX,Pseudodendromonadales_XX_sp.,Stramenopiles
ASV_1752,0,0,0,0,0,0,0,0,0,0,0,0,0,0,0,0,0,0,0,0,0,0,0,0,0,0,0,0,0,0,0,0,0,80,0,0,0,0,0,0,0,0,0,0,0,Eukaryota,TSAR,Stramenopiles,Gyrista,Peronosporomycetes,Peronosporomycetes,Peronosporales,Peronosporales_X,Peronosporales_X_sp.,Stramenopiles
ASV_1753,0,0,0,0,0,0,0,0,0,0,0,0,0,0,0,0,0,0,0,0,0,0,0,0,0,0,0,0,0,0,0,0,0,0,0,0,80,0,0,0,0,0,0,0,0,Eukaryota,Obazoa,Opisthokonta,Fungi,Chytridiomycota,Cladochytriales,Nowakowskiellaceae,Nowakowskiella,Nowakowskiella_sp.,Opisthokonta_Chytridiomycota
ASV_1754,0,0,0,0,0,0,0,0,0,0,0,0,0,0,0,0,0,0,0,0,0,0,0,0,0,0,0,0,0,0,0,0,0,0,0,0,80,0,0,0,0,0,0,0,0,Eukaryota,Archaeplastida,Chlorophyta,Chlorophyta_X,Chlorophyceae,Chlamydomonadales,Chlamydomonadales_X,Gonium,Gonium_pectorale,Chlorophyta
ASV_1755,0,0,0,0,0,0,0,0,0,0,0,0,0,0,0,0,0,0,0,0,0,0,0,0,0,0,0,0,0,0,0,0,0,0,0,0,0,80,0,0,0,0,0,0,0,Eukaryota,TSAR,Stramenopiles,Gyrista,Chrysophyceae,Ochromonadales,Ochromonadaceae,Poterioochromonas,Poterioochromonas_stipitata,Stramenopiles
ASV_1756,0,0,0,0,0,27,27,0,0,0,0,0,0,0,0,0,0,0,25,0,0,0,0,0,0,0,0,0,0,0,0,0,0,0,0,0,0,0,0,0,0,0,0,0,0,Eukaryota,Obazoa,Opisthokonta,Fungi,Rozellomycota,Rozellomycota_X,Rozellomycota_XX,Rozella,Rozella_multimorpha,Opisthokonta_Rozellomycota
ASV_1757,0,0,0,0,0,0,0,0,0,0,0,0,0,0,0,79,0,0,0,0,0,0,0,0,0,0,0,0,0,0,0,0,0,0,0,0,0,0,0,0,0,0,0,0,0,Eukaryota,TSAR,Stramenopiles,Gyrista,Chrysophyceae,Ochromonadales,Ochromonadaceae,Spumella,NA,Stramenopiles
ASV_1758,0,0,0,0,0,0,0,0,0,0,0,0,0,0,0,0,0,0,0,0,79,0,0,0,0,0,0,0,0,0,0,0,0,0,0,0,0,0,0,0,0,0,0,0,0,Eukaryota,Archaeplastida,Chlorophyta,Chlorophyta_X,Chlorophyceae,Chlorophyceae_X,Chlorophyceae_XX,Treubaria,NA,Chlorophyta
ASV_1759,0,0,0,0,0,0,0,0,0,0,0,0,0,0,0,0,0,0,0,0,0,0,0,0,0,79,0,0,0,0,0,0,0,0,0,0,0,0,0,0,0,0,0,0,0,Eukaryota,TSAR,Stramenopiles,Bigyra,Bicoecea,Pseudodendromonadales,Pseudodendromonadales_X,Pseudodendromonadales_XX,Pseudodendromonadales_XX_sp.,Stramenopiles
ASV_1760,0,0,0,0,0,0,0,0,0,0,0,0,0,0,0,0,0,0,0,0,0,0,0,0,0,0,0,79,0,0,0,0,0,0,0,0,0,0,0,0,0,0,0,0,0,Eukaryota,Obazoa,Opisthokonta,Choanoflagellata,Choanoflagellatea,NA,NA,NA,NA,Opisthokonta_Choanoflagellatea
ASV_1761,0,0,0,0,0,0,0,0,0,0,0,0,0,0,0,0,0,0,0,0,0,0,0,0,0,0,0,0,0,0,79,0,0,0,0,0,0,0,0,0,0,0,0,0,0,Eukaryota,Obazoa,Opisthokonta,Metazoa,Arthropoda,Crustacea,Branchiopoda,NA,NA,Opisthokonta_Arthropoda
ASV_1762,0,0,0,0,0,0,0,0,0,0,0,0,0,0,0,0,0,0,0,0,0,0,0,0,0,0,0,0,0,0,0,0,0,79,0,0,0,0,0,0,0,0,0,0,0,Eukaryota,Obazoa,Opisthokonta,Fungi,Chytridiomycota,NA,NA,NA,NA,Opisthokonta_Chytridiomycota
ASV_1763,0,0,0,0,0,0,0,0,0,0,0,0,0,0,0,0,0,0,0,0,0,0,0,0,0,0,0,0,0,0,0,0,0,0,0,0,79,0,0,0,0,0,0,0,0,Eukaryota,Archaeplastida,Chlorophyta,Chlorophyta_X,Chlorophyceae,Chlamydomonadales,Chlamydomonadales_X,Chlorococcum,NA,Chlorophyta
ASV_1764,6,0,0,0,23,0,0,14,0,0,0,0,0,0,0,0,0,0,0,0,0,0,0,0,0,0,0,0,0,0,0,0,0,0,0,0,0,0,0,19,0,16,0,0,0,Eukaryota,Obazoa,Opisthokonta,Metazoa,Arthropoda,Crustacea,NA,NA,NA,Opisthokonta_Arthropoda
ASV_1765,0,0,0,0,0,0,35,0,0,0,0,0,0,0,0,0,0,0,0,0,0,0,0,0,0,0,0,0,0,0,0,0,0,24,0,0,19,0,0,0,0,0,0,0,0,Eukaryota,Obazoa,Opisthokonta,Choanoflagellata,Choanoflagellatea,Choanoflagellatea_X,Choanoflagellatea_XX,Salpingoeca,Salpingoeca_macrocollata,Opisthokonta_Choanoflagellatea
ASV_1766,0,0,0,0,0,0,0,0,0,0,54,0,0,0,0,0,0,0,0,0,0,9,0,15,0,0,0,0,0,0,0,0,0,0,0,0,0,0,0,0,0,0,0,0,0,Eukaryota,Obazoa,Opisthokonta,Fungi,Chytridiomycota,Rhizophydiales,Rhizophydiaceae,Rhizophydium,Rhizophydium_sphaerotheca,Opisthokonta_Chytridiomycota
ASV_1767,0,0,0,0,0,0,0,0,0,0,0,0,0,0,0,1,0,33,37,0,3,0,4,0,0,0,0,0,0,0,0,0,0,0,0,0,0,0,0,0,0,0,0,0,0,Eukaryota,TSAR,Stramenopiles,Gyrista,Eustigmatophyceae,Eustigmatophyceae_X,Eustigmatophyceae_XX,Trachydiscus,Trachydiscus_sp.,Stramenopiles
ASV_1768,0,0,0,0,0,0,0,0,0,0,0,0,0,0,0,0,0,78,0,0,0,0,0,0,0,0,0,0,0,0,0,0,0,0,0,0,0,0,0,0,0,0,0,0,0,Eukaryota,TSAR,Stramenopiles,Bigyra,Bicoecea,Pseudodendromonadales,Pseudodendromonadales_X,Pseudodendromonadales_XX,Pseudodendromonadales_XX_sp.,Stramenopiles
ASV_1769,0,0,0,0,0,0,0,0,0,0,0,0,0,0,0,0,0,0,78,0,0,0,0,0,0,0,0,0,0,0,0,0,0,0,0,0,0,0,0,0,0,0,0,0,0,Eukaryota,TSAR,Stramenopiles,Gyrista,Bacillariophyceae,Fragilariales,Fragilariaceae,Fragilaria,Fragilaria_vaucheriae,Stramenopiles
ASV_1770,0,0,0,0,0,0,0,0,0,0,0,0,0,0,0,0,0,0,0,78,0,0,0,0,0,0,0,0,0,0,0,0,0,0,0,0,0,0,0,0,0,0,0,0,0,Eukaryota,Obazoa,Opisthokonta,Fungi,Chytridiomycota,NA,NA,NA,NA,Opisthokonta_Chytridiomycota
ASV_1771,0,0,0,0,0,0,0,0,0,0,0,0,0,0,0,0,0,0,0,0,78,0,0,0,0,0,0,0,0,0,0,0,0,0,0,0,0,0,0,0,0,0,0,0,0,Eukaryota,Archaeplastida,Chlorophyta,Chlorophyta_X,Chlorophyceae,Sphaeropleales,Sphaeropleales_X,NA,NA,Chlorophyta
ASV_1772,0,0,0,0,0,0,0,0,0,0,0,0,0,0,0,0,0,0,0,0,78,0,0,0,0,0,0,0,0,0,0,0,0,0,0,0,0,0,0,0,0,0,0,0,0,Eukaryota,TSAR,Stramenopiles,Gyrista,Peronosporomycetes,Peronosporomycetes,Haptoglossales,Haptoglossa,Haptoglossa_sp.,Stramenopiles
ASV_1773,0,0,0,0,0,0,0,0,0,0,0,0,0,0,0,0,0,0,0,0,0,0,0,0,0,0,0,0,78,0,0,0,0,0,0,0,0,0,0,0,0,0,0,0,0,Eukaryota,TSAR,Rhizaria,Cercozoa,Filosa-Imbricatea,Filosa-Imbricatea_X,Novel-clade-2,Novel-clade-2_X,Novel-clade-2_X_sp.,Rhizaria
ASV_1774,0,0,0,0,0,0,0,0,0,0,0,0,0,0,0,0,0,0,0,0,0,0,0,0,0,0,0,0,0,0,0,0,0,78,0,0,0,0,0,0,0,0,0,0,0,Eukaryota,Obazoa,Opisthokonta,Fungi,Chytridiomycota,Spizellomycetales,NA,NA,NA,Opisthokonta_Chytridiomycota
ASV_1775,0,0,0,0,0,0,0,0,77,0,0,0,0,0,0,0,0,0,0,0,0,0,0,0,0,0,0,0,0,0,0,0,0,0,0,0,0,0,0,0,0,0,0,0,0,Eukaryota,Obazoa,Opisthokonta,Fungi,Chytridiomycota,Rhizophydiales,Rhizophydiales_X,Rhizophydiales_XX,Rhizophydiales_XX_sp.,Opisthokonta_Chytridiomycota
ASV_1776,0,0,0,0,0,0,0,0,0,0,0,0,0,11,0,0,0,0,0,0,0,0,0,0,0,0,0,0,0,0,0,0,0,66,0,0,0,0,0,0,0,0,0,0,0,Eukaryota,TSAR,Stramenopiles,Gyrista,Chrysophyceae,NA,NA,NA,NA,Stramenopiles
ASV_1777,0,0,0,0,0,0,0,0,0,0,0,0,0,0,0,0,0,0,0,67,0,0,0,0,0,0,0,0,0,0,10,0,0,0,0,0,0,0,0,0,0,0,0,0,0,Eukaryota,Obazoa,Opisthokonta,Fungi,Basidiomycota,Agaricomycotina,Agaricomycetes,NA,NA,Opisthokonta_Basidiomycota
ASV_1778,0,0,0,0,0,0,0,0,0,0,0,0,0,0,0,0,0,0,0,0,77,0,0,0,0,0,0,0,0,0,0,0,0,0,0,0,0,0,0,0,0,0,0,0,0,Eukaryota,Archaeplastida,Chlorophyta,Chlorophyta_X,Chlorophyceae,Chlamydomonadales,Chlamydomonadales_X,Carteria,Carteria_lunzensis,Chlorophyta
ASV_1779,0,0,0,0,0,0,0,0,0,0,0,0,0,0,0,0,0,0,0,0,0,0,77,0,0,0,0,0,0,0,0,0,0,0,0,0,0,0,0,0,0,0,0,0,0,Eukaryota,Obazoa,Opisthokonta,Fungi,Chytridiomycota,Rhizophydiales,NA,NA,NA,Opisthokonta_Chytridiomycota
ASV_1780,0,0,0,0,0,0,0,0,0,0,0,0,0,0,0,0,0,0,0,0,0,0,0,0,0,0,77,0,0,0,0,0,0,0,0,0,0,0,0,0,0,0,0,0,0,Eukaryota,Obazoa,Opisthokonta,Metazoa,Arthropoda,Crustacea,Ostracoda,Cypridopsis,Cypridopsis_adusta,Opisthokonta_Arthropoda
ASV_1781,0,0,0,0,0,0,0,0,0,0,0,0,0,0,0,0,0,0,0,0,0,0,0,0,0,0,0,77,0,0,0,0,0,0,0,0,0,0,0,0,0,0,0,0,0,Eukaryota,TSAR,Rhizaria,Cercozoa,Filosa-SarcomoNAdea,Pansomonadida,Agitatidae,Agitatidae_X,Agitatidae_X_sp.,Rhizaria
ASV_1782,0,0,0,0,0,0,0,0,0,0,0,0,0,0,0,0,0,0,0,0,0,0,0,0,0,0,0,0,77,0,0,0,0,0,0,0,0,0,0,0,0,0,0,0,0,Eukaryota,Obazoa,Opisthokonta,Fungi,Basidiomycota,Agaricomycotina,Agaricomycetes,Baeospora,Baeospora_myosura,Opisthokonta_Basidiomycota
ASV_1783,0,0,0,0,0,0,0,0,0,0,0,0,0,0,0,0,0,0,0,0,0,0,0,0,0,0,0,0,0,0,13,0,0,64,0,0,0,0,0,0,0,0,0,0,0,Eukaryota,TSAR,Stramenopiles,Gyrista,Peronosporomycetes,Peronosporomycetes,Peronosporales,Peronosporales_X,Peronosporales_X_sp.,Stramenopiles
ASV_1784,0,0,0,0,0,0,0,0,0,0,0,0,0,0,0,0,0,0,0,0,0,0,0,0,0,0,0,0,0,0,0,0,0,36,0,0,41,0,0,0,0,0,0,0,0,Eukaryota,Archaeplastida,Chlorophyta,Chlorophyta_X,Chlorophyceae,Chlamydomonadales,Chlamydomonadales_X,NA,NA,Chlorophyta
ASV_1785,0,0,0,0,0,0,0,0,0,0,0,0,0,0,0,0,0,0,0,0,0,0,0,0,0,0,0,0,0,0,0,0,0,0,0,77,0,0,0,0,0,0,0,0,0,Eukaryota,Obazoa,Opisthokonta,Metazoa,Arthropoda,Crustacea,Ostracoda,Cypridopsis,Cypridopsis_japonica,Opisthokonta_Arthropoda
ASV_1786,0,0,0,0,0,0,0,0,0,0,0,0,0,0,0,0,0,0,0,0,0,0,0,0,0,0,0,0,0,0,0,0,0,0,0,0,32,45,0,0,0,0,0,0,0,Eukaryota,Archaeplastida,Chlorophyta,Chlorophyta_X,Chlorophyceae,Chaetophorales,Chaetophorales_X,Aphanochaete,Aphanochaete_sp.,Chlorophyta
ASV_1787,0,0,0,0,0,0,0,0,0,0,0,0,0,0,0,0,0,0,0,0,0,0,0,0,0,0,0,0,0,0,0,0,0,0,0,0,0,77,0,0,0,0,0,0,0,Eukaryota,TSAR,Stramenopiles,Bigyra,Bicoecea,Pseudodendromonadales,Pseudodendromonadales_X,Pseudodendromonadales_XX,Pseudodendromonadales_XX_sp.,Stramenopiles
ASV_1788,0,0,0,0,0,0,0,0,0,0,0,0,0,0,0,0,0,0,0,0,0,0,0,0,0,0,0,0,0,0,0,0,0,0,0,0,0,0,0,0,0,77,0,0,0,Eukaryota,Archaeplastida,Chlorophyta,Chlorophyta_X,Chlorophyceae,Chlamydomonadales,Chlamydomonadales_X,Chlamydomonas,NA,Chlorophyta
ASV_1789,0,0,0,10,0,0,0,0,0,0,0,0,0,0,0,0,0,0,0,0,0,0,0,0,0,0,0,0,0,0,43,0,0,0,0,0,23,0,0,0,0,0,0,0,0,Eukaryota,TSAR,Rhizaria,Cercozoa,NA,NA,NA,NA,NA,Rhizaria
ASV_1790,0,0,0,0,0,9,19,0,0,0,0,0,0,0,0,0,0,0,0,0,0,0,0,0,48,0,0,0,0,0,0,0,0,0,0,0,0,0,0,0,0,0,0,0,0,Eukaryota,Obazoa,Opisthokonta,Fungi,Ascomycota,Pezizomycotina,Dothideomycetes,NA,NA,Opisthokonta_Ascomycota
ASV_1791,0,0,0,0,0,0,0,0,0,0,0,0,0,0,0,76,0,0,0,0,0,0,0,0,0,0,0,0,0,0,0,0,0,0,0,0,0,0,0,0,0,0,0,0,0,Eukaryota,Obazoa,Opisthokonta,Fungi,Ascomycota,Pezizomycotina,NA,NA,NA,Opisthokonta_Ascomycota
ASV_1792,0,0,0,0,0,0,0,0,0,0,0,0,0,0,0,76,0,0,0,0,0,0,0,0,0,0,0,0,0,0,0,0,0,0,0,0,0,0,0,0,0,0,0,0,0,Eukaryota,TSAR,NA,NA,NA,NA,NA,NA,NA,NA
ASV_1793,0,0,0,0,0,0,0,0,0,0,0,0,0,0,0,53,0,0,23,0,0,0,0,0,0,0,0,0,0,0,0,0,0,0,0,0,0,0,0,0,0,0,0,0,0,Eukaryota,TSAR,Stramenopiles,Gyrista,Chrysophyceae,NA,NA,NA,NA,Stramenopiles
ASV_1794,0,0,0,0,0,0,0,0,0,0,0,0,0,0,0,36,12,0,28,0,0,0,0,0,0,0,0,0,0,0,0,0,0,0,0,0,0,0,0,0,0,0,0,0,0,Eukaryota,Obazoa,Opisthokonta,Fungi,NA,NA,NA,NA,NA,Opisthokonta_Unclassified
ASV_1795,0,0,0,0,0,0,0,0,0,0,0,0,0,0,0,28,9,0,39,0,0,0,0,0,0,0,0,0,0,0,0,0,0,0,0,0,0,0,0,0,0,0,0,0,0,Eukaryota,TSAR,Rhizaria,Cercozoa,Endomyxa,Vampyrellida,Leptophryidae,Leptophryidae_X,Leptophryidae_X_sp.,Rhizaria
ASV_1796,0,0,0,0,0,0,0,0,0,0,0,0,0,0,0,0,0,8,68,0,0,0,0,0,0,0,0,0,0,0,0,0,0,0,0,0,0,0,0,0,0,0,0,0,0,Eukaryota,Obazoa,Opisthokonta,Metazoa,Porifera,Porifera_X,Demospongiae,Spongilla,NA,Opisthokonta_Porifera
ASV_1797,0,0,0,0,0,0,0,0,0,0,0,0,0,0,0,0,0,0,0,0,76,0,0,0,0,0,0,0,0,0,0,0,0,0,0,0,0,0,0,0,0,0,0,0,0,Eukaryota,TSAR,Stramenopiles,Bigyra,Bicoecea,Pseudodendromonadales,Pseudodendromonadales_X,NA,NA,Stramenopiles
ASV_1798,0,0,0,0,0,0,0,0,0,0,0,0,0,0,0,0,0,0,0,0,0,0,0,0,0,0,0,0,76,0,0,0,0,0,0,0,0,0,0,0,0,0,0,0,0,Eukaryota,Archaeplastida,Streptophyta,Streptophyta_X,Zygnemophyceae, Zygnemophyceae, ZygnemophyceaeX,Chlorokybus,Chlorokybus_atmophyticus,Streptophyta
ASV_1799,0,0,0,0,0,0,0,0,0,0,0,0,0,0,0,0,0,0,0,0,0,0,0,0,0,0,0,0,76,0,0,0,0,0,0,0,0,0,0,0,0,0,0,0,0,Eukaryota,TSAR,Stramenopiles,Bigyra,Opalozoa,Opalozoa_X,MAST-12,MAST-12_X,MAST-12_X_sp.,Stramenopiles
ASV_1800,0,0,0,0,0,0,0,0,0,0,0,0,0,0,0,0,0,0,0,0,0,0,0,0,0,0,0,0,0,0,0,12,0,0,0,0,0,44,0,0,0,0,20,0,0,Eukaryota,Obazoa,Opisthokonta,Choanoflagellata,Choanoflagellatea,NA,NA,NA,NA,Opisthokonta_Choanoflagellatea
ASV_1801,0,5,27,0,0,0,0,20,0,0,0,0,0,0,0,0,0,0,0,0,0,0,0,0,0,0,0,0,0,0,0,0,0,23,0,0,0,0,0,0,0,0,0,0,0,Eukaryota,Archaeplastida,Chlorophyta,Chlorophyta_X,Chlorophyceae,Chaetophorales,Chaetophorales_X,Stigeoclonium,Stigeoclonium_tenue,Chlorophyta
ASV_1802,0,0,41,34,0,0,0,0,0,0,0,0,0,0,0,0,0,0,0,0,0,0,0,0,0,0,0,0,0,0,0,0,0,0,0,0,0,0,0,0,0,0,0,0,0,Eukaryota,TSAR,Stramenopiles,Bigyra,Bicoecea,Pseudodendromonadales,Pseudodendromonadales_X,Pseudodendromonadales_XX,Pseudodendromonadales_XX_sp.,Stramenopiles
ASV_1803,0,0,0,8,0,0,0,0,0,0,0,0,0,0,0,67,0,0,0,0,0,0,0,0,0,0,0,0,0,0,0,0,0,0,0,0,0,0,0,0,0,0,0,0,0,Eukaryota,Obazoa,Opisthokonta,Fungi,Chytridiomycota,Monoblepharidales,Monoblepharidaceae,Monoblepharis,NA,Opisthokonta_Chytridiomycota
ASV_1804,0,0,0,0,0,0,0,0,0,0,0,0,0,0,0,75,0,0,0,0,0,0,0,0,0,0,0,0,0,0,0,0,0,0,0,0,0,0,0,0,0,0,0,0,0,Eukaryota,Archaeplastida,Chlorophyta,Chlorophyta_X,Chlorophyceae,Sphaeropleales,NA,NA,NA,Chlorophyta
ASV_1805,0,0,0,0,0,0,0,0,0,0,0,0,0,0,0,0,0,0,0,0,75,0,0,0,0,0,0,0,0,0,0,0,0,0,0,0,0,0,0,0,0,0,0,0,0,Eukaryota,Archaeplastida,Chlorophyta,Chlorophyta_X,Trebouxiophyceae,Prasiolales,Prasiolales_X,Pseudostichococcus,Pseudostichococcus_monallantoides,Chlorophyta
ASV_1806,0,0,0,0,0,0,0,0,0,0,0,0,0,0,0,0,0,0,0,0,0,62,0,0,13,0,0,0,0,0,0,0,0,0,0,0,0,0,0,0,0,0,0,0,0,Eukaryota,Archaeplastida,Chlorophyta,Chlorophyta_X,Chlorophyceae,Chlamydomonadales,Chlamydomonadales_X,Carteria,Carteria_lunzensis,Chlorophyta
ASV_1807,0,0,0,0,0,0,0,0,0,0,0,0,0,0,0,0,0,0,0,0,0,0,0,0,0,75,0,0,0,0,0,0,0,0,0,0,0,0,0,0,0,0,0,0,0,Eukaryota,Obazoa,Opisthokonta,Fungi,NA,NA,NA,NA,NA,Opisthokonta_Unclassified
ASV_1808,0,0,0,0,0,0,0,0,0,0,0,0,0,0,0,0,0,0,0,0,0,0,0,0,0,0,0,0,0,0,75,0,0,0,0,0,0,0,0,0,0,0,0,0,0,Eukaryota,Obazoa,Opisthokonta,Fungi,NA,NA,NA,NA,NA,Opisthokonta_Unclassified
ASV_1809,0,0,0,0,0,0,0,0,0,0,0,0,0,0,0,0,0,0,0,0,0,0,0,0,0,0,0,0,0,0,0,0,0,16,0,0,59,0,0,0,0,0,0,0,0,Eukaryota,TSAR,Stramenopiles,Gyrista,Chrysophyceae,Paraphysomonadales,Paraphysomonadaceae,Paraphysomonas,Paraphysomonas_petronia,Stramenopiles
ASV_1810,0,0,0,0,0,0,0,0,0,0,0,0,0,0,0,0,0,0,0,0,0,0,0,0,0,0,0,0,0,0,0,0,0,0,0,0,0,0,27,8,0,15,0,25,0,Eukaryota,Cryptista,Cryptophyta,Cryptophyta_X,Cryptophyceae,Goniomonadales,Goniomonadales_X,Goniomonas,Goniomonas_amphinema,Cryptophyta
ASV_1811,0,0,0,0,0,0,0,74,0,0,0,0,0,0,0,0,0,0,0,0,0,0,0,0,0,0,0,0,0,0,0,0,0,0,0,0,0,0,0,0,0,0,0,0,0,Eukaryota,Obazoa,Opisthokonta,Fungi,Chytridiomycota,Spizellomycetales,Spizellomycetales_X,Spizellomycetales_XX,Spizellomycetales_XX_sp.,Opisthokonta_Chytridiomycota
ASV_1812,0,0,0,0,0,0,0,0,0,0,0,74,0,0,0,0,0,0,0,0,0,0,0,0,0,0,0,0,0,0,0,0,0,0,0,0,0,0,0,0,0,0,0,0,0,Eukaryota,TSAR,Stramenopiles,Bigyra,Bicoecea,Pseudodendromonadales,Pseudodendromonadales_X,Pseudodendromonadales_XX,Pseudodendromonadales_XX_sp.,Stramenopiles
ASV_1813,0,0,0,0,0,0,0,0,0,0,0,0,0,0,0,74,0,0,0,0,0,0,0,0,0,0,0,0,0,0,0,0,0,0,0,0,0,0,0,0,0,0,0,0,0,Eukaryota,Archaeplastida,Streptophyta,Streptophyta_X,Zygnemophyceae, Zygnemophyceae, ZygnemophyceaeX,Chlorokybus,Chlorokybus_atmophyticus,Streptophyta
ASV_1814,0,0,0,0,0,0,0,0,0,0,0,0,0,0,0,0,0,0,74,0,0,0,0,0,0,0,0,0,0,0,0,0,0,0,0,0,0,0,0,0,0,0,0,0,0,Eukaryota,Obazoa,Opisthokonta,Metazoa,Platyhelminthes,Turbellaria,Catenulida,Stenostomum,Stenostomum_sphagnetorum,Opisthokonta_Platyhelminthes
ASV_1815,0,0,0,0,0,0,0,0,0,0,0,0,0,0,0,0,0,0,0,0,74,0,0,0,0,0,0,0,0,0,0,0,0,0,0,0,0,0,0,0,0,0,0,0,0,Eukaryota,TSAR,Stramenopiles,Gyrista,Chrysophyceae,Paraphysomonadales,Paraphysomonadaceae,Paraphysomonas,Paraphysomonas_vulgaris,Stramenopiles
ASV_1816,0,0,0,0,0,0,0,0,0,0,0,0,0,0,0,0,0,0,0,0,0,0,0,0,0,74,0,0,0,0,0,0,0,0,0,0,0,0,0,0,0,0,0,0,0,Eukaryota,Archaeplastida,Streptophyta,Streptophyta_X,Embryophyceae,Embryophyceae_X,Embryophyceae_XX,Helianthus,Helianthus_annuus,Streptophyta
ASV_1817,0,0,0,0,0,0,0,0,0,0,0,0,0,0,0,0,0,0,0,0,0,0,0,0,0,0,74,0,0,0,0,0,0,0,0,0,0,0,0,0,0,0,0,0,0,Eukaryota,Archaeplastida,Chlorophyta,Chlorophyta_X,Chlorophyceae,Chlamydomonadales,Chlamydomonadales_X,Carteria,Carteria_lunzensis,Chlorophyta
ASV_1818,0,0,0,0,0,0,0,0,0,0,0,0,0,0,0,0,0,0,0,0,0,0,0,0,0,0,74,0,0,0,0,0,0,0,0,0,0,0,0,0,0,0,0,0,0,Eukaryota,Obazoa,Opisthokonta,Metazoa,Arthropoda,Hexapoda,Insecta,NA,NA,Opisthokonta_Arthropoda
ASV_1819,0,0,0,0,0,0,0,0,0,0,0,0,0,0,0,0,0,0,0,0,0,0,0,0,0,0,0,0,0,0,74,0,0,0,0,0,0,0,0,0,0,0,0,0,0,Eukaryota,TSAR,Rhizaria,Cercozoa,Filosa-SarcomoNAdea,Glissomonadida,NA,NA,NA,Rhizaria
ASV_1820,0,0,0,0,0,0,0,0,0,0,0,0,0,0,0,0,0,0,0,0,0,0,0,0,0,0,0,0,0,0,0,0,0,74,0,0,0,0,0,0,0,0,0,0,0,Eukaryota,TSAR,Rhizaria,Cercozoa,Filosa-Thecofilosea,Cryomonadida,Rhogostoma-lineage,Rhogostoma,Rhogostoma_sp.,Rhizaria
ASV_1821,0,0,0,0,0,0,0,0,0,0,0,0,0,0,0,0,0,0,0,0,0,0,0,0,0,0,0,0,0,0,0,0,0,74,0,0,0,0,0,0,0,0,0,0,0,Eukaryota,TSAR,Rhizaria,Cercozoa,Filosa-SarcomoNAdea,Glissomonadida,Allapsidae,Viridiraptor,Viridiraptor_invadens,Rhizaria
ASV_1822,0,10,0,0,0,0,0,0,0,0,0,0,0,0,0,0,0,0,63,0,0,0,0,0,0,0,0,0,0,0,0,0,0,0,0,0,0,0,0,0,0,0,0,0,0,Eukaryota,TSAR,Stramenopiles,Bigyra,Opalozoa,Opalozoa_X,MAST-12,MAST-12C,MAST-12C_sp.,Stramenopiles
ASV_1823,0,0,29,44,0,0,0,0,0,0,0,0,0,0,0,0,0,0,0,0,0,0,0,0,0,0,0,0,0,0,0,0,0,0,0,0,0,0,0,0,0,0,0,0,0,Eukaryota,Archaeplastida,Chlorophyta,Chlorophyta_X,Trebouxiophyceae,Chlorellales,Chlorellales_X,Amphikrikos,Amphikrikos_sp.,Chlorophyta
ASV_1824,0,0,0,73,0,0,0,0,0,0,0,0,0,0,0,0,0,0,0,0,0,0,0,0,0,0,0,0,0,0,0,0,0,0,0,0,0,0,0,0,0,0,0,0,0,Eukaryota,Obazoa,Opisthokonta,Fungi,Chytridiomycota,NA,NA,NA,NA,Opisthokonta_Chytridiomycota
ASV_1825,0,0,0,0,51,0,0,22,0,0,0,0,0,0,0,0,0,0,0,0,0,0,0,0,0,0,0,0,0,0,0,0,0,0,0,0,0,0,0,0,0,0,0,0,0,Eukaryota,Obazoa,Opisthokonta,Fungi,NA,NA,NA,NA,NA,Opisthokonta_Unclassified
ASV_1826,0,0,0,0,0,0,0,0,0,0,0,0,73,0,0,0,0,0,0,0,0,0,0,0,0,0,0,0,0,0,0,0,0,0,0,0,0,0,0,0,0,0,0,0,0,Eukaryota,TSAR,Stramenopiles,Bigyra,Bicoecea,Pseudodendromonadales,Pseudodendromonadales_X,Pseudodendromonadales_XX,Pseudodendromonadales_XX_sp.,Stramenopiles
ASV_1827,0,0,0,0,0,0,0,0,0,0,0,0,0,0,0,73,0,0,0,0,0,0,0,0,0,0,0,0,0,0,0,0,0,0,0,0,0,0,0,0,0,0,0,0,0,Eukaryota,TSAR,Stramenopiles,Gyrista,Eustigmatophyceae,Eustigmatophyceae_X,Eustigmatophyceae_XX,Trachydiscus,Trachydiscus_sp.,Stramenopiles
ASV_1828,0,0,0,0,0,0,0,0,0,0,0,0,0,0,0,73,0,0,0,0,0,0,0,0,0,0,0,0,0,0,0,0,0,0,0,0,0,0,0,0,0,0,0,0,0,Eukaryota,TSAR,Rhizaria,Cercozoa,Endomyxa,Vampyrellida,Leptophryidae,Vernalophrys,Vernalophrys_algivore,Rhizaria
ASV_1829,0,0,0,0,0,0,0,0,0,0,0,0,0,0,0,0,0,73,0,0,0,0,0,0,0,0,0,0,0,0,0,0,0,0,0,0,0,0,0,0,0,0,0,0,0,Eukaryota,Obazoa,Opisthokonta,Metazoa,Arthropoda,Crustacea,Ostracoda,Darwinula,Darwinula_stevensoni,Opisthokonta_Arthropoda
ASV_1830,0,0,0,0,0,0,0,0,0,0,0,0,0,0,0,0,0,0,30,0,0,0,0,11,32,0,0,0,0,0,0,0,0,0,0,0,0,0,0,0,0,0,0,0,0,Eukaryota,TSAR,Rhizaria,Cercozoa,Endomyxa,Vampyrellida,Leptophryidae,Leptophryidae_X,Leptophryidae_X_sp.,Rhizaria
ASV_1831,0,0,0,0,0,0,0,0,0,0,0,0,0,0,0,0,0,0,0,0,0,0,37,0,0,0,0,0,0,0,0,0,0,0,0,36,0,0,0,0,0,0,0,0,0,Eukaryota,TSAR,Stramenopiles,Gyrista,Peronosporomycetes,Peronosporomycetes,NA,NA,NA,Stramenopiles
ASV_1832,0,0,0,0,0,0,0,0,0,0,0,0,0,0,0,0,0,0,0,0,0,0,0,0,73,0,0,0,0,0,0,0,0,0,0,0,0,0,0,0,0,0,0,0,0,Eukaryota,Obazoa,Opisthokonta,Ichthyosporea,Ichthyophonida,Ichthyosphonida_X,Ichthyophonidae_Freshwater,Ichthyophonidae_Freshwater_X,Ichthyophonidae_Freshwater_X_sp.,Opisthokonta_Ichthyophonida
ASV_1833,0,0,0,0,0,0,0,0,0,0,0,0,0,0,0,0,0,0,0,0,0,0,0,0,0,73,0,0,0,0,0,0,0,0,0,0,0,0,0,0,0,0,0,0,0,Eukaryota,Obazoa,Opisthokonta,Fungi,Ascomycota,Pezizomycotina,Sordariomycetes,NA,NA,Opisthokonta_Ascomycota
ASV_1834,0,0,0,0,0,0,0,0,0,0,0,0,0,0,0,0,0,0,0,0,0,0,0,0,0,0,0,0,0,0,27,0,0,46,0,0,0,0,0,0,0,0,0,0,0,Eukaryota,Obazoa,Opisthokonta,Metazoa,Arthropoda,Crustacea,Maxillopoda,Tropocyclops,Tropocyclops_ishidai,Opisthokonta_Arthropoda
ASV_1835,0,0,0,0,0,0,0,0,0,0,0,0,0,0,0,0,0,0,0,0,0,0,0,0,0,0,0,0,0,0,0,13,10,50,0,0,0,0,0,0,0,0,0,0,0,Eukaryota,TSAR,Stramenopiles,Bigyra,Bicoecea,Pseudodendromonadales,Pseudodendromonadales_X,Pseudodendromonadales_XX,Pseudodendromonadales_XX_sp.,Stramenopiles
ASV_1836,0,72,0,0,0,0,0,0,0,0,0,0,0,0,0,0,0,0,0,0,0,0,0,0,0,0,0,0,0,0,0,0,0,0,0,0,0,0,0,0,0,0,0,0,0,Eukaryota,Obazoa,Opisthokonta,Fungi,NA,NA,NA,NA,NA,Opisthokonta_Unclassified
ASV_1837,0,0,0,0,0,0,31,0,0,0,0,0,0,0,0,0,0,0,0,0,0,0,0,0,0,0,0,0,0,0,0,0,0,0,0,0,0,0,0,0,0,0,41,0,0,Eukaryota,TSAR,Stramenopiles,Bigyra,Bicoecea,Pseudodendromonadales,Pseudodendromonadales_X,Pseudodendromonadales_XX,Pseudodendromonadales_XX_sp.,Stramenopiles
ASV_1838,0,0,0,0,0,0,15,0,0,0,0,0,0,0,0,0,0,0,0,0,0,0,0,0,0,0,0,0,57,0,0,0,0,0,0,0,0,0,0,0,0,0,0,0,0,Eukaryota,TSAR,Stramenopiles,Bigyra,Opalozoa,Opalozoa_X,MAST-12,MAST-12C,MAST-12C_sp.,Stramenopiles
ASV_1839,0,0,0,0,0,0,0,0,0,0,0,0,0,0,0,72,0,0,0,0,0,0,0,0,0,0,0,0,0,0,0,0,0,0,0,0,0,0,0,0,0,0,0,0,0,Eukaryota,Obazoa,Opisthokonta,Fungi,Chytridiomycota,Rhizophydiales,Kappamycetaceae,Kappamyces,NA,Opisthokonta_Chytridiomycota
ASV_1840,0,0,0,0,0,0,0,0,0,0,0,0,0,0,0,72,0,0,0,0,0,0,0,0,0,0,0,0,0,0,0,0,0,0,0,0,0,0,0,0,0,0,0,0,0,Eukaryota,Obazoa,Opisthokonta,Fungi,Ascomycota,Pezizomycotina,Sordariomycetes,Phomatospora,Phomatospora_biseriata,Opisthokonta_Ascomycota
ASV_1841,0,0,0,0,0,0,0,0,0,0,0,0,0,0,0,0,72,0,0,0,0,0,0,0,0,0,0,0,0,0,0,0,0,0,0,0,0,0,0,0,0,0,0,0,0,Eukaryota,TSAR,Stramenopiles,Gyrista,Peronosporomycetes,Peronosporomycetes,NA,NA,NA,Stramenopiles
ASV_1842,0,0,0,0,0,0,0,0,0,0,0,0,0,0,0,0,0,0,0,37,0,0,35,0,0,0,0,0,0,0,0,0,0,0,0,0,0,0,0,0,0,0,0,0,0,Eukaryota,TSAR,Rhizaria,Cercozoa,Endomyxa,Vampyrellida,Leptophryidae,Leptophryidae_X,Leptophryidae_X_sp.,Rhizaria
ASV_1843,0,0,0,0,0,0,0,0,0,0,0,0,0,0,0,0,0,0,0,0,0,0,0,0,0,0,0,0,72,0,0,0,0,0,0,0,0,0,0,0,0,0,0,0,0,Eukaryota,Cryptista,Kathablepharidacea,Kathablepharida,Kathablepharidea,Kathablepharidida,Kathablepharidida_X,Kathablepharidida_XX,Kathablepharidida_XX_sp.,Kathablepharidacea
ASV_1844,0,0,0,0,0,0,0,0,0,0,0,0,0,0,0,0,0,0,0,0,0,0,0,0,0,0,0,0,72,0,0,0,0,0,0,0,0,0,0,0,0,0,0,0,0,Eukaryota,Obazoa,Opisthokonta,Metazoa,Arthropoda,Crustacea,Maxillopoda,Eudiaptomus,Eudiaptomus_graciloides,Opisthokonta_Arthropoda
ASV_1845,0,0,0,0,0,0,0,0,0,0,0,0,0,0,0,0,0,0,0,0,0,0,0,0,0,0,0,0,0,0,0,0,0,0,0,0,72,0,0,0,0,0,0,0,0,Eukaryota,Obazoa,Opisthokonta,Fungi,Basidiomycota,Agaricomycotina,Agaricomycetes,Trametes,NA,Opisthokonta_Basidiomycota
ASV_1846,0,0,0,0,51,0,0,0,0,0,0,0,0,0,0,0,0,0,0,0,0,0,0,0,0,0,0,0,0,0,0,0,0,0,0,0,0,0,0,0,0,0,0,20,0,Eukaryota,TSAR,Stramenopiles,Bigyra,Opalozoa,Opalozoa_X,MAST-12,MAST-12_X,MAST-12_X_sp.,Stramenopiles
ASV_1847,0,0,0,0,0,0,0,0,0,0,0,0,0,0,0,1,0,0,0,0,0,0,12,0,0,0,10,0,0,0,0,0,0,0,0,0,1,0,0,0,0,47,0,0,0,Eukaryota,Obazoa,Opisthokonta,Metazoa,Arthropoda,Hexapoda,Insecta,NA,NA,Opisthokonta_Arthropoda
ASV_1848,0,0,0,0,0,0,0,0,0,0,0,0,0,0,0,0,4,0,0,0,0,0,0,0,0,0,0,0,0,0,0,0,0,67,0,0,0,0,0,0,0,0,0,0,0,Eukaryota,Obazoa,Opisthokonta,Choanoflagellata,Choanoflagellatea,Choanoflagellatea_X,Choanoflagellatea_XX,Salpingoeca,Salpingoeca_punica,Opisthokonta_Choanoflagellatea
ASV_1849,0,0,0,0,0,0,0,0,0,0,0,0,0,0,0,0,0,71,0,0,0,0,0,0,0,0,0,0,0,0,0,0,0,0,0,0,0,0,0,0,0,0,0,0,0,Eukaryota,Obazoa,Opisthokonta,Metazoa,Arthropoda,Hexapoda,Insecta,NA,NA,Opisthokonta_Arthropoda
ASV_1850,0,0,0,0,0,0,0,0,0,0,0,0,0,0,0,0,0,0,28,41,0,0,0,0,0,0,0,0,2,0,0,0,0,0,0,0,0,0,0,0,0,0,0,0,0,Eukaryota,Archaeplastida,Chlorophyta,Chlorophyta_X,Trebouxiophyceae,Chlorellales,Chlorellales_X,Oocystella,Oocystella_oogama,Chlorophyta
ASV_1851,0,0,0,0,0,0,0,0,0,0,0,0,0,0,0,0,0,0,0,54,0,17,0,0,0,0,0,0,0,0,0,0,0,0,0,0,0,0,0,0,0,0,0,0,0,Eukaryota,TSAR,Rhizaria,Cercozoa,Novel-clade-10-12,Novel-clade-10,Novel-clade-10_X,Novel-clade-10_XX,Novel-clade-10_XX_sp.,Rhizaria
ASV_1852,0,0,0,0,0,0,0,0,0,0,0,0,0,0,0,0,0,0,0,36,0,0,0,0,0,35,0,0,0,0,0,0,0,0,0,0,0,0,0,0,0,0,0,0,0,Eukaryota,TSAR,Stramenopiles,Gyrista,Chrysophyceae,NA,NA,NA,NA,Stramenopiles
ASV_1853,0,0,0,0,0,0,0,0,0,0,0,0,0,0,0,0,0,0,0,0,0,0,0,0,0,0,0,0,0,0,0,0,0,59,0,0,12,0,0,0,0,0,0,0,0,Eukaryota,TSAR,Rhizaria,Cercozoa,Filosa-Imbricatea,Spongomonadida,Spongomonadidae,Spongomonas,Spongomonas_sp.,Rhizaria
ASV_1854,0,0,0,0,0,0,0,0,0,0,0,0,0,0,0,0,0,0,0,0,0,0,0,0,0,0,0,0,0,0,0,0,0,0,0,0,0,0,0,0,0,0,71,0,0,Eukaryota,Archaeplastida,Chlorophyta,Chlorophyta_X,Chlorophyceae,Sphaeropleales,Selenastraceae,Monoraphidium,Monoraphidium_griffithi,Chlorophyta
ASV_1855,0,0,0,0,0,0,22,0,0,4,8,0,0,0,0,0,0,0,0,0,0,0,0,0,0,0,0,0,0,0,0,0,0,0,0,0,23,0,0,0,0,13,0,0,0,Eukaryota,TSAR,Rhizaria,Cercozoa,Filosa-Imbricatea,Paracercomonadida,Paracercomonadida_X,Phytocercomonas,Phytocercomonas_venanatans,Rhizaria
ASV_1856,0,0,0,0,0,0,0,0,0,0,0,0,0,0,0,70,0,0,0,0,0,0,0,0,0,0,0,0,0,0,0,0,0,0,0,0,0,0,0,0,0,0,0,0,0,Eukaryota,Obazoa,Opisthokonta,Fungi,Rozellomycota,Rozellomycota_X,Rozellomycota_XX,Rozella,Rozella_allomycis,Opisthokonta_Rozellomycota
ASV_1857,0,0,0,0,0,0,0,0,0,0,0,0,0,0,0,0,0,0,0,0,0,0,0,0,0,25,0,0,0,45,0,0,0,0,0,0,0,0,0,0,0,0,0,0,0,Eukaryota,Obazoa,Opisthokonta,Fungi,NA,NA,NA,NA,NA,Opisthokonta_Unclassified
ASV_1858,0,0,0,0,0,0,0,0,0,0,0,0,0,0,0,0,0,0,0,0,0,0,0,0,0,0,0,0,70,0,0,0,0,0,0,0,0,0,0,0,0,0,0,0,0,Eukaryota,TSAR,Stramenopiles,Gyrista,Bacillariophyceae,Achnanthales,Cocconeidaceae,Cocconeis,Cocconeis_placentula,Stramenopiles
ASV_1859,0,0,0,0,0,0,0,0,0,0,0,0,0,0,0,0,0,0,0,0,0,0,0,0,0,0,0,0,0,0,0,0,70,0,0,0,0,0,0,0,0,0,0,0,0,Eukaryota,Obazoa,Opisthokonta,Metazoa,Arthropoda,Crustacea,Maxillopoda,Skistodiaptomus,NA,Opisthokonta_Arthropoda
ASV_1860,0,0,0,0,23,34,0,0,0,0,0,0,0,0,0,0,0,0,0,0,0,0,0,0,0,0,0,0,0,0,0,0,0,0,0,0,12,0,0,0,0,0,0,0,0,Eukaryota,Archaeplastida,Streptophyta,Streptophyta_X,Coleochaetophyceae,Coleochaetophyceae_X,Coleochaetophyceae_XX,Coleochaete,Coleochaete_sp.,Streptophyta
ASV_1861,0,0,0,0,0,0,0,0,0,0,0,0,0,0,0,69,0,0,0,0,0,0,0,0,0,0,0,0,0,0,0,0,0,0,0,0,0,0,0,0,0,0,0,0,0,Eukaryota,Obazoa,Opisthokonta,Ichthyosporea,Ichthyophonida,Ichthyophonidae,Amoebidianae,Amoebidium,NA,Opisthokonta_Ichthyophonida
ASV_1862,0,0,0,0,0,0,0,0,0,0,0,0,0,0,0,69,0,0,0,0,0,0,0,0,0,0,0,0,0,0,0,0,0,0,0,0,0,0,0,0,0,0,0,0,0,Eukaryota,Obazoa,Opisthokonta,Fungi,Zoopagomycota,Entomophthoromycotina,Entomophthorales,Entomophthora,NA,Opisthokonta_Zoopagomycota
ASV_1863,0,0,0,0,0,0,0,0,0,0,0,0,0,0,0,0,0,0,0,0,69,0,0,0,0,0,0,0,0,0,0,0,0,0,0,0,0,0,0,0,0,0,0,0,0,Eukaryota,Obazoa,Opisthokonta,Fungi,Chytridiomycota,Chytridiales,Chytridiaceae,Chytridium,Chytridium_polysiphoniae,Opisthokonta_Chytridiomycota
ASV_1864,0,0,0,0,0,0,0,0,0,0,0,0,0,0,0,0,0,0,0,0,0,0,0,0,0,0,69,0,0,0,0,0,0,0,0,0,0,0,0,0,0,0,0,0,0,Eukaryota,Obazoa,Opisthokonta,Fungi,Chytridiomycota,Spizellomycetales,Spizellomycetales_X,Spizellomycetales_XX,Spizellomycetales_XX_sp.,Opisthokonta_Chytridiomycota
ASV_1865,0,0,0,0,0,0,0,0,0,0,0,0,0,0,0,0,0,0,0,0,0,0,0,0,0,0,69,0,0,0,0,0,0,0,0,0,0,0,0,0,0,0,0,0,0,Eukaryota,Archaeplastida,Streptophyta,Streptophyta_X,Zygnemophyceae, Zygnemophyceae, ZygnemophyceaeX,Actinotaenium,Actinotaenium_cruciferum,Streptophyta
ASV_1866,0,0,0,0,0,0,0,0,0,0,0,0,0,0,0,0,0,0,0,0,0,0,0,0,0,0,0,0,69,0,0,0,0,0,0,0,0,0,0,0,0,0,0,0,0,Eukaryota,Archaeplastida,Chlorophyta,Chlorophyta_X,Chlorophyceae,Sphaeropleales,Sphaeropleales_X,NA,NA,Chlorophyta
ASV_1867,0,0,0,0,0,0,0,0,0,0,0,0,0,0,0,0,0,0,0,0,0,0,0,0,0,0,0,0,69,0,0,0,0,0,0,0,0,0,0,0,0,0,0,0,0,Eukaryota,Cryptista,Cryptophyta,Cryptophyta_X,Cryptophyceae,Cryptomonadales,Cryptomonadales_X,Cryptomonas,Cryptomonas_vietnamica,Cryptophyta
ASV_1868,0,0,0,0,0,0,0,0,0,0,0,0,0,0,0,0,0,0,0,0,0,0,0,0,0,0,0,0,69,0,0,0,0,0,0,0,0,0,0,0,0,0,0,0,0,Eukaryota,Obazoa,Opisthokonta,Fungi,Ascomycota,Pezizomycotina,Sordariomycetes,Trichoderma,Trichoderma_virens,Opisthokonta_Ascomycota
ASV_1869,0,0,0,0,0,0,0,0,0,0,0,0,0,0,0,0,0,0,0,0,0,0,0,0,0,0,0,0,0,0,69,0,0,0,0,0,0,0,0,0,0,0,0,0,0,Eukaryota,TSAR,Stramenopiles,Gyrista,Peronosporomycetes,Peronosporomycetes,Peronosporales,NA,NA,Stramenopiles
ASV_1870,0,0,0,0,0,0,0,0,0,0,0,0,0,0,0,0,0,0,0,0,0,0,0,0,0,0,0,0,0,0,0,0,0,69,0,0,0,0,0,0,0,0,0,0,0,Eukaryota,TSAR,Alveolata,Ciliophora,Colpodea,Colpodea_X,Bursariomorphida,Bursariomorphida_X,Bursariomorphida_X_sp.,Alveolata
ASV_1871,0,0,0,0,0,0,0,0,0,0,0,0,0,0,0,0,0,0,0,0,0,0,0,0,0,0,0,0,0,0,0,0,0,0,0,0,69,0,0,0,0,0,0,0,0,Eukaryota,TSAR,Rhizaria,Cercozoa,Novel-clade-10-12,Tremulida,Tremulidae,Tremula,Tremula_sp.,Rhizaria
ASV_1872,0,0,0,0,0,0,68,0,0,0,0,0,0,0,0,0,0,0,0,0,0,0,0,0,0,0,0,0,0,0,0,0,0,0,0,0,0,0,0,0,0,0,0,0,0,Eukaryota,TSAR,Stramenopiles,Gyrista,Peronosporomycetes,Peronosporomycetes,Saprolegniales,Saprolegniales_X,Saprolegniales_X_sp.,Stramenopiles
ASV_1873,0,0,0,0,0,0,0,0,0,0,0,0,0,0,0,0,0,0,0,0,68,0,0,0,0,0,0,0,0,0,0,0,0,0,0,0,0,0,0,0,0,0,0,0,0,Eukaryota,Archaeplastida,Chlorophyta,Chlorophyta_X,Chlorophyceae,Sphaeropleales,Sphaeropleales_X,Tetraedron,Tetraedron_minimum,Chlorophyta
ASV_1874,0,0,0,0,0,0,0,0,0,0,0,0,0,0,0,0,0,0,0,0,0,0,0,0,0,0,0,0,68,0,0,0,0,0,0,0,0,0,0,0,0,0,0,0,0,Eukaryota,TSAR,Stramenopiles,Gyrista,Eustigmatophyceae,Eustigmatophyceae_X,Eustigmatophyceae_XX,Trachydiscus,Trachydiscus_sp.,Stramenopiles
ASV_1875,0,0,0,0,0,0,0,0,0,0,0,0,0,0,0,0,0,0,0,0,0,0,0,0,0,0,0,0,0,0,32,0,0,22,0,0,0,14,0,0,0,0,0,0,0,Eukaryota,Obazoa,Opisthokonta,Choanoflagellata,Choanoflagellatea,Craspedida,Monosigidae_Group_O,Monosigidae_Group_O_X,Monosigidae_Group_O_X_sp.,Opisthokonta_Choanoflagellatea
ASV_1876,0,0,0,0,0,0,0,0,0,0,0,0,0,0,0,0,0,0,0,0,0,0,0,0,0,0,0,0,0,0,0,68,0,0,0,0,0,0,0,0,0,0,0,0,0,Eukaryota,TSAR,Stramenopiles,Gyrista,Chrysophyceae,NA,NA,NA,NA,Stramenopiles
ASV_1877,0,0,0,0,0,0,0,0,0,0,0,0,0,0,0,0,0,0,0,0,0,0,0,0,0,0,0,0,0,0,0,0,0,68,0,0,0,0,0,0,0,0,0,0,0,Eukaryota,Obazoa,Opisthokonta,Fungi,Ascomycota,Pezizomycotina,Sordariomycetes,Phomopsis,Phomopsis_amygdali,Opisthokonta_Ascomycota
ASV_1878,0,0,0,0,0,0,0,0,0,0,0,0,0,0,0,0,0,0,0,0,0,0,0,0,0,0,0,0,0,0,0,0,0,68,0,0,0,0,0,0,0,0,0,0,0,Eukaryota,TSAR,Rhizaria,Cercozoa,Filosa-SarcomoNAdea,Glissomonadida,Glissomonadida_Clade-Y,Glissomonadida_Clade-Y_X,Glissomonadida_Clade-Y_X_sp.,Rhizaria
ASV_1879,0,67,0,0,0,0,0,0,0,0,0,0,0,0,0,0,0,0,0,0,0,0,0,0,0,0,0,0,0,0,0,0,0,0,0,0,0,0,0,0,0,0,0,0,0,Eukaryota,Obazoa,Opisthokonta,Fungi,Basidiomycota,Agaricomycotina,Agaricomycetes,NA,NA,Opisthokonta_Basidiomycota
ASV_1880,0,0,0,0,0,0,0,0,0,0,0,0,0,0,0,67,0,0,0,0,0,0,0,0,0,0,0,0,0,0,0,0,0,0,0,0,0,0,0,0,0,0,0,0,0,Eukaryota,TSAR,Rhizaria,Cercozoa,Filosa-Thecofilosea,Tectofilosida,Pseudodifflugiidae,Pseudodifflugia,Pseudodifflugia_gracilis,Rhizaria
ASV_1881,0,0,0,0,0,0,0,0,0,0,0,0,0,0,0,0,0,0,0,67,0,0,0,0,0,0,0,0,0,0,0,0,0,0,0,0,0,0,0,0,0,0,0,0,0,Eukaryota,Archaeplastida,Chlorophyta,Chlorophyta_X,Chlorophyceae,Chlamydomonadales,Chlamydomonadales_X,Lobochlamys,Lobochlamys_segnis,Chlorophyta
ASV_1882,0,0,0,0,0,0,0,0,0,0,0,0,0,0,0,0,0,0,0,0,67,0,0,0,0,0,0,0,0,0,0,0,0,0,0,0,0,0,0,0,0,0,0,0,0,Eukaryota,TSAR,Stramenopiles,Gyrista,Chrysophyceae,Apoikiales,Apoikiaceae,Apoikia,Apoikia_sp.,Stramenopiles
ASV_1883,0,0,0,0,0,0,0,0,0,0,0,0,0,0,0,0,0,0,0,0,0,0,0,0,67,0,0,0,0,0,0,0,0,0,0,0,0,0,0,0,0,0,0,0,0,Eukaryota,Obazoa,Opisthokonta,Fungi,Basidiomycota,Agaricomycotina,Agaricomycetes,NA,NA,Opisthokonta_Basidiomycota
ASV_1884,0,0,0,0,0,0,0,0,0,0,0,0,0,0,0,0,0,0,0,0,0,0,0,0,67,0,0,0,0,0,0,0,0,0,0,0,0,0,0,0,0,0,0,0,0,Eukaryota,Obazoa,Opisthokonta,Fungi,NA,NA,NA,NA,NA,Opisthokonta_Unclassified
ASV_1885,0,0,0,0,0,0,0,0,0,0,0,0,0,0,0,0,0,0,0,0,0,0,0,0,0,67,0,0,0,0,0,0,0,0,0,0,0,0,0,0,0,0,0,0,0,Eukaryota,Archaeplastida,Streptophyta,Streptophyta_X,Embryophyceae,Embryophyceae_X,Embryophyceae_XX,Pilea,Pilea_cadierei,Streptophyta
ASV_1886,0,0,0,0,0,0,0,0,0,0,0,0,0,0,0,0,0,0,0,0,0,0,0,0,0,0,0,67,0,0,0,0,0,0,0,0,0,0,0,0,0,0,0,0,0,Eukaryota,Obazoa,Opisthokonta,Fungi,NA,NA,NA,NA,NA,Opisthokonta_Unclassified
ASV_1887,0,0,0,0,0,0,0,0,0,0,0,0,0,0,0,0,0,0,0,0,0,0,0,0,0,0,0,67,0,0,0,0,0,0,0,0,0,0,0,0,0,0,0,0,0,Eukaryota,Obazoa,Opisthokonta,Fungi,Chytridiomycota,Rhizophydiales,NA,NA,NA,Opisthokonta_Chytridiomycota
ASV_1888,0,0,0,0,0,0,0,0,0,0,0,0,0,0,0,0,0,0,0,0,0,0,0,0,0,0,0,0,67,0,0,0,0,0,0,0,0,0,0,0,0,0,0,0,0,Eukaryota,Obazoa,Opisthokonta,Fungi,NA,NA,NA,NA,NA,Opisthokonta_Unclassified
ASV_1889,0,0,0,0,0,0,0,0,0,0,0,0,0,0,0,0,0,0,0,0,0,0,0,0,0,0,0,0,0,0,0,0,0,67,0,0,0,0,0,0,0,0,0,0,0,Eukaryota,Archaeplastida,Chlorophyta,Chlorophyta_X,Chlorophyceae,Sphaeropleales,Sphaeropleales_X,NA,NA,Chlorophyta
ASV_1890,0,0,0,0,0,0,0,0,0,0,0,0,0,0,0,0,0,0,0,0,0,0,0,0,0,0,0,0,0,0,0,0,0,67,0,0,0,0,0,0,0,0,0,0,0,Eukaryota,TSAR,Rhizaria,Cercozoa,Filosa-SarcomoNAdea,Cercomonadida,Paracercomonadidae,Paracercomonas,Paracercomonas_crassicauda,Rhizaria
ASV_1891,0,0,0,0,0,0,0,0,0,0,0,0,0,0,0,0,0,0,0,0,0,0,0,0,0,0,0,0,0,0,0,0,0,0,0,0,0,0,0,0,0,0,67,0,0,Eukaryota,Obazoa,Opisthokonta,Fungi,NA,NA,NA,NA,NA,Opisthokonta_Unclassified
ASV_1892,0,0,0,0,11,0,0,0,0,0,0,0,0,13,0,0,0,0,0,0,0,0,0,0,0,0,0,0,0,0,0,0,0,0,0,0,0,0,0,0,0,0,42,0,0,Eukaryota,TSAR,Stramenopiles,Bigyra,Bicoecea,Pseudodendromonadales,Pseudodendromonadales_X,Pseudodendromonadales_XX,Pseudodendromonadales_XX_sp.,Stramenopiles
ASV_1893,0,0,0,0,0,0,66,0,0,0,0,0,0,0,0,0,0,0,0,0,0,0,0,0,0,0,0,0,0,0,0,0,0,0,0,0,0,0,0,0,0,0,0,0,0,Eukaryota,Obazoa,Opisthokonta,Metazoa,Arthropoda,Crustacea,Maxillopoda,Eucyclops,NA,Opisthokonta_Arthropoda
ASV_1894,0,0,0,0,0,0,0,0,0,0,0,0,0,0,0,0,0,66,0,0,0,0,0,0,0,0,0,0,0,0,0,0,0,0,0,0,0,0,0,0,0,0,0,0,0,Eukaryota,Obazoa,Opisthokonta,Metazoa,Arthropoda,Crustacea,Ostracoda,Darwinula,Darwinula_stevensoni,Opisthokonta_Arthropoda
ASV_1895,0,0,0,0,0,0,0,0,0,0,0,0,0,0,0,0,0,0,66,0,0,0,0,0,0,0,0,0,0,0,0,0,0,0,0,0,0,0,0,0,0,0,0,0,0,Eukaryota,Obazoa,Opisthokonta,Fungi,Chytridiomycota,NA,NA,NA,NA,Opisthokonta_Chytridiomycota
ASV_1896,0,0,0,0,0,0,0,0,0,0,0,0,0,0,0,0,0,0,0,0,0,0,0,0,0,0,66,0,0,0,0,0,0,0,0,0,0,0,0,0,0,0,0,0,0,Eukaryota,TSAR,Stramenopiles,Gyrista,Eustigmatophyceae,Eustigmatophyceae_X,Eustigmatophyceae_XX,NA,NA,Stramenopiles
ASV_1897,0,0,0,0,0,0,0,0,0,0,0,0,0,0,0,0,0,0,0,0,0,0,0,0,0,0,0,66,0,0,0,0,0,0,0,0,0,0,0,0,0,0,0,0,0,Eukaryota,Obazoa,Opisthokonta,Fungi,Ascomycota,Pezizomycotina,Sordariomycetes,Gibberella,Gibberella_zeae,Opisthokonta_Ascomycota
ASV_1898,0,0,0,0,0,0,0,0,0,0,0,0,0,0,0,0,0,0,0,0,0,0,0,0,0,0,0,0,0,0,66,0,0,0,0,0,0,0,0,0,0,0,0,0,0,Eukaryota,TSAR,Stramenopiles,Gyrista,Synchromophyceae,Synchromophyceae_X,Synchromophyceae_XX,Synchromophyceae_XXX,Synchromophyceae_XXX_sp.,Stramenopiles
ASV_1899,0,0,65,0,0,0,0,0,0,0,0,0,0,0,0,0,0,0,0,0,0,0,0,0,0,0,0,0,0,0,0,0,0,0,0,0,0,0,0,0,0,0,0,0,0,Eukaryota,Obazoa,Opisthokonta,Metazoa,Arthropoda,Crustacea,Ostracoda,Cypridopsis,Cypridopsis_japonica,Opisthokonta_Arthropoda
ASV_1900,0,0,0,65,0,0,0,0,0,0,0,0,0,0,0,0,0,0,0,0,0,0,0,0,0,0,0,0,0,0,0,0,0,0,0,0,0,0,0,0,0,0,0,0,0,Eukaryota,TSAR,Rhizaria,Cercozoa,Novel-clade-10-12,Tremulida,Tremulidae,Tremula,Tremula_longifila,Rhizaria
ASV_1901,0,0,0,17,0,0,0,0,0,0,0,0,0,0,0,0,0,0,0,0,0,0,0,0,0,0,0,0,0,0,0,0,0,12,0,0,36,0,0,0,0,0,0,0,0,Eukaryota,Archaeplastida,Chlorophyta,Chlorophyta_X,Chlorophyceae,Chlamydomonadales,Chlamydomonadales_X,Chlorococcum,Chlorococcum_vacuolatum,Chlorophyta
ASV_1902,0,0,0,0,0,0,57,0,0,0,0,8,0,0,0,0,0,0,0,0,0,0,0,0,0,0,0,0,0,0,0,0,0,0,0,0,0,0,0,0,0,0,0,0,0,Eukaryota,Obazoa,Opisthokonta,Fungi,Chytridiomycota,NA,NA,NA,NA,Opisthokonta_Chytridiomycota
ASV_1903,0,0,0,0,0,0,15,0,0,0,0,0,0,0,0,0,0,0,0,13,0,0,37,0,0,0,0,0,0,0,0,0,0,0,0,0,0,0,0,0,0,0,0,0,0,Eukaryota,Obazoa,Opisthokonta,Fungi,Chytridiomycota,NA,NA,NA,NA,Opisthokonta_Chytridiomycota
ASV_1904,0,0,0,0,0,0,0,0,0,0,0,0,0,0,0,65,0,0,0,0,0,0,0,0,0,0,0,0,0,0,0,0,0,0,0,0,0,0,0,0,0,0,0,0,0,Eukaryota,Archaeplastida,Streptophyta,Streptophyta_X,Embryophyceae,Embryophyceae_X,Embryophyceae_XX,Pisum,Pisum_sativum,Streptophyta
ASV_1905,0,0,0,0,0,0,0,0,0,0,0,0,0,0,0,65,0,0,0,0,0,0,0,0,0,0,0,0,0,0,0,0,0,0,0,0,0,0,0,0,0,0,0,0,0,Eukaryota,Obazoa,Opisthokonta,Metazoa,Gastrotricha,Gastrotricha_X,Gastrotricha_XX,Chaetonotus,Chaetonotus_hystrix,Opisthokonta_Gastrotricha
ASV_1906,0,0,0,0,0,0,0,0,0,0,0,0,0,0,0,0,0,0,0,0,0,0,0,0,65,0,0,0,0,0,0,0,0,0,0,0,0,0,0,0,0,0,0,0,0,Eukaryota,TSAR,Stramenopiles,Bigyra,Bicoecea,Pseudodendromonadales,Pseudodendromonadales_X,Pseudodendromonadales_XX,Pseudodendromonadales_XX_sp.,Stramenopiles
ASV_1907,0,0,0,0,0,0,0,0,0,0,0,0,0,0,0,0,0,0,0,0,0,0,0,0,0,0,65,0,0,0,0,0,0,0,0,0,0,0,0,0,0,0,0,0,0,Eukaryota,Cryptista,Cryptophyta,Cryptophyta_X,Cryptophyceae,Cryptomonadales,Cryptomonadales_X,Cryptomonas,Cryptomonas_curvata,Cryptophyta
ASV_1908,0,0,0,0,0,0,0,0,0,0,0,0,0,0,0,0,0,0,0,0,0,0,0,0,0,0,65,0,0,0,0,0,0,0,0,0,0,0,0,0,0,0,0,0,0,Eukaryota,Obazoa,Opisthokonta,Fungi,Ascomycota,Pezizomycotina,Pezizomycetes,NA,NA,Opisthokonta_Ascomycota
ASV_1909,0,0,0,0,0,0,0,0,0,0,0,0,0,0,0,0,0,0,0,0,0,0,0,0,0,0,0,0,0,0,0,0,0,0,0,0,65,0,0,0,0,0,0,0,0,Eukaryota,TSAR,Rhizaria,Cercozoa,Novel-clade-10-12,Tremulida,Tremulidae,Tremula,Tremula_longifila,Rhizaria
ASV_1910,0,0,0,0,0,0,0,0,0,0,0,0,0,0,0,0,0,0,0,0,0,0,0,0,0,0,0,0,0,0,0,0,0,0,0,0,0,0,65,0,0,0,0,0,0,Eukaryota,Obazoa,Opisthokonta,Fungi,Basidiomycota,Agaricomycotina,Agaricomycetes,NA,NA,Opisthokonta_Basidiomycota
ASV_1911,13,0,14,2,0,12,0,0,0,0,0,0,18,0,0,0,0,0,0,0,0,0,0,0,3,0,0,0,0,0,0,0,0,0,0,0,2,0,0,0,0,0,0,0,0,Eukaryota,TSAR,Stramenopiles,Gyrista,Peronosporomycetes,Peronosporomycetes,Peronosporales,Peronosporales_X,Peronosporales_X_sp.,Stramenopiles
ASV_1912,0,0,17,0,0,0,0,0,0,0,0,0,0,0,0,0,24,0,23,0,0,0,0,0,0,0,0,0,0,0,0,0,0,0,0,0,0,0,0,0,0,0,0,0,0,Eukaryota,TSAR,Stramenopiles,Gyrista,Chrysophyceae,Ochromonadales,Ochromonadales_clade-XII,Ochromonadales_clade-XII_X,Ochromonadales_clade-XII_X_sp.,Stramenopiles
ASV_1913,0,0,0,0,0,0,0,0,0,0,0,0,0,0,0,0,33,0,31,0,0,0,0,0,0,0,0,0,0,0,0,0,0,0,0,0,0,0,0,0,0,0,0,0,0,Eukaryota,Archaeplastida,Streptophyta,Streptophyta_X,Coleochaetophyceae,Coleochaetophyceae_X,Coleochaetophyceae_XX,Coleochaete,Coleochaete_sp.,Streptophyta
ASV_1914,0,0,0,0,0,0,0,0,0,0,0,0,0,0,0,0,0,0,64,0,0,0,0,0,0,0,0,0,0,0,0,0,0,0,0,0,0,0,0,0,0,0,0,0,0,Eukaryota,TSAR,Stramenopiles,Bigyra,Bicoecea,Pseudodendromonadales,Pseudodendromonadales_X,Pseudodendromonadales_XX,Pseudodendromonadales_XX_sp.,Stramenopiles
ASV_1915,0,0,0,0,0,0,0,0,0,0,0,0,0,0,0,0,0,0,0,26,0,0,0,0,38,0,0,0,0,0,0,0,0,0,0,0,0,0,0,0,0,0,0,0,0,Eukaryota,Obazoa,Opisthokonta,Fungi,Ascomycota,Pezizomycotina,Dothideomycetes,NA,NA,Opisthokonta_Ascomycota
ASV_1916,0,0,0,0,0,0,0,0,0,0,0,0,0,0,0,0,0,0,0,0,64,0,0,0,0,0,0,0,0,0,0,0,0,0,0,0,0,0,0,0,0,0,0,0,0,Eukaryota,Obazoa,Opisthokonta,Fungi,Chytridiomycota,Spizellomycetales,NA,NA,NA,Opisthokonta_Chytridiomycota
ASV_1917,0,0,0,0,0,0,0,0,0,0,0,0,0,0,0,0,0,0,0,0,0,0,0,64,0,0,0,0,0,0,0,0,0,0,0,0,0,0,0,0,0,0,0,0,0,Eukaryota,Cryptista,Cryptophyta,Cryptophyta_X,Cryptophyceae,Cryptophyceae_X,Basal_Cryptophyceae-1,Basal_Cryptophyceae-1_X,Basal_Cryptophyceae-1_X_sp.,Cryptophyta
ASV_1918,0,0,0,0,0,0,0,0,0,0,0,0,0,0,0,0,0,0,0,0,0,0,0,0,35,0,0,0,0,29,0,0,0,0,0,0,0,0,0,0,0,0,0,0,0,Eukaryota,TSAR,Stramenopiles,Gyrista,Peronosporomycetes,Peronosporomycetes,PeronosporomycetesX,Plasmopara,Plasmopara_viticola,Stramenopiles
ASV_1919,0,0,0,0,0,0,0,0,0,0,0,0,0,0,0,0,0,0,0,0,0,0,0,0,0,64,0,0,0,0,0,0,0,0,0,0,0,0,0,0,0,0,0,0,0,Eukaryota,TSAR,Stramenopiles,Bigyra,Bicoecea,Pseudodendromonadales,Pseudodendromonadales_X,Pseudodendromonadales_XX,Pseudodendromonadales_XX_sp.,Stramenopiles
ASV_1920,0,0,0,0,0,0,0,0,0,0,0,0,0,0,0,0,0,0,0,0,0,0,0,0,0,0,0,64,0,0,0,0,0,0,0,0,0,0,0,0,0,0,0,0,0,Eukaryota,Archaeplastida,Chlorophyta,Chlorophyta_X,Chlorophyceae,Chlamydomonadales,Chlamydomonadales_X,NA,NA,Chlorophyta
ASV_1921,0,0,0,0,0,0,0,0,0,0,0,0,0,0,0,0,0,0,0,0,0,0,0,0,0,0,0,0,0,0,0,0,0,64,0,0,0,0,0,0,0,0,0,0,0,Eukaryota,Obazoa,Opisthokonta,Metazoa,Gastrotricha,Gastrotricha_X,Gastrotricha_XX,Chaetonotus,NA,Opisthokonta_Gastrotricha
ASV_1922,0,0,0,0,0,0,0,0,0,0,0,0,0,0,0,0,0,0,0,0,0,0,0,0,0,0,0,0,0,0,0,0,0,0,0,0,0,0,64,0,0,0,0,0,0,Eukaryota,TSAR,Stramenopiles,Gyrista,Synchromophyceae,Synchromophyceae_X,Synchromophyceae_XX,Synchromophyceae_XXX,Synchromophyceae_XXX_sp.,Stramenopiles
ASV_1923,0,0,0,0,0,0,0,0,0,0,17,0,0,0,0,0,0,0,0,0,0,0,0,0,0,46,0,0,0,0,0,0,0,0,0,0,0,0,0,0,0,0,0,0,0,Eukaryota,Obazoa,Opisthokonta,Fungi,Basidiomycota,Ustilaginomycotina,Exobasidiomycetes,NA,NA,Opisthokonta_Basidiomycota
ASV_1924,0,0,0,0,0,0,0,0,0,0,0,0,0,0,0,63,0,0,0,0,0,0,0,0,0,0,0,0,0,0,0,0,0,0,0,0,0,0,0,0,0,0,0,0,0,Eukaryota,TSAR,Stramenopiles,Gyrista,Peronosporomycetes,Peronosporomycetes,Saprolegniales,Aphanomyces,NA,Stramenopiles
ASV_1925,0,0,0,0,0,0,0,0,0,0,0,0,0,0,0,63,0,0,0,0,0,0,0,0,0,0,0,0,0,0,0,0,0,0,0,0,0,0,0,0,0,0,0,0,0,Eukaryota,TSAR,Stramenopiles,Bigyra,Opalozoa,Opalozoa_X,MAST-12,MAST-12C,MAST-12C_sp.,Stramenopiles
ASV_1926,0,0,0,0,0,0,0,0,0,0,0,0,0,0,0,0,0,0,63,0,0,0,0,0,0,0,0,0,0,0,0,0,0,0,0,0,0,0,0,0,0,0,0,0,0,Eukaryota,Haptista,Centroplasthelida,Centroplasthelida_X,Pterocystida,Pterista,Heterophryidae,Sphaerastrum,Sphaerastrum_fockii,Centroplasthelida
ASV_1927,0,0,0,0,0,0,0,0,0,0,0,0,0,0,0,0,0,0,0,27,0,0,36,0,0,0,0,0,0,0,0,0,0,0,0,0,0,0,0,0,0,0,0,0,0,Eukaryota,TSAR,Alveolata,Dinoflagellata,Dinophyceae,Suessiales,Suessiaceae,Asulcocephalium,Asulcocephalium_miricentonis,Alveolata
ASV_1928,0,0,0,0,0,0,0,0,0,0,0,0,0,0,0,0,0,0,0,0,0,27,36,0,0,0,0,0,0,0,0,0,0,0,0,0,0,0,0,0,0,0,0,0,0,Eukaryota,Obazoa,Opisthokonta,Fungi,Chytridiomycota,NA,NA,NA,NA,Opisthokonta_Chytridiomycota
ASV_1929,0,0,0,0,0,0,0,0,0,0,0,0,0,0,0,0,0,0,0,0,0,0,0,0,0,63,0,0,0,0,0,0,0,0,0,0,0,0,0,0,0,0,0,0,0,Eukaryota,Obazoa,Opisthokonta,Fungi,NA,NA,NA,NA,NA,Opisthokonta_Unclassified
ASV_1930,0,0,0,0,0,0,0,0,0,0,0,0,0,0,0,0,0,0,0,0,0,0,0,0,0,0,63,0,0,0,0,0,0,0,0,0,0,0,0,0,0,0,0,0,0,Eukaryota,Obazoa,Opisthokonta,Metazoa,Arthropoda,Chelicerata,Arachnida,NA,NA,Opisthokonta_Arthropoda
ASV_1931,0,0,0,0,0,0,0,0,0,0,0,0,0,0,0,0,0,0,0,0,0,0,0,0,0,0,0,0,0,0,0,0,0,63,0,0,0,0,0,0,0,0,0,0,0,Eukaryota,TSAR,Stramenopiles,Gyrista,Peronosporomycetes,Peronosporomycetes,Peronosporales,NA,NA,Stramenopiles
ASV_1932,0,0,0,0,0,0,0,0,0,0,0,0,0,0,0,0,0,0,0,0,0,0,0,0,0,0,0,0,0,0,0,0,0,63,0,0,0,0,0,0,0,0,0,0,0,Eukaryota,TSAR,Stramenopiles,Gyrista,Peronosporomycetes,Peronosporomycetes,Haptoglossales,Haptoglossa,Haptoglossa_sp.,Stramenopiles
ASV_1933,0,0,0,0,0,0,0,0,0,0,0,0,0,0,0,0,0,0,0,0,0,0,0,0,0,0,0,0,0,0,0,0,0,63,0,0,0,0,0,0,0,0,0,0,0,Eukaryota,Obazoa,Opisthokonta,Metazoa,Gastrotricha,Gastrotricha_X,Gastrotricha_XX,NA,NA,Opisthokonta_Gastrotricha
ASV_1934,0,0,0,0,0,0,62,0,0,0,0,0,0,0,0,0,0,0,0,0,0,0,0,0,0,0,0,0,0,0,0,0,0,0,0,0,0,0,0,0,0,0,0,0,0,Eukaryota,Obazoa,Opisthokonta,Metazoa,Arthropoda,Crustacea,Ostracoda,Cypridopsis,Cypridopsis_adusta,Opisthokonta_Arthropoda
ASV_1935,0,0,0,0,0,0,0,0,0,0,0,0,0,0,0,62,0,0,0,0,0,0,0,0,0,0,0,0,0,0,0,0,0,0,0,0,0,0,0,0,0,0,0,0,0,Eukaryota,Obazoa,Opisthokonta,Metazoa,Mollusca,Bivalvia,Palaeoheterodonta,NA,NA,Opisthokonta_Mollusca
ASV_1936,0,0,0,0,0,0,0,0,0,0,0,0,0,0,0,49,0,0,0,0,0,13,0,0,0,0,0,0,0,0,0,0,0,0,0,0,0,0,0,0,0,0,0,0,0,Eukaryota,Cryptista,Cryptophyta,Cryptophyta_X,Cryptophyceae,Goniomonadales,Goniomonadales_X,Goniomonas,Goniomonas_truncata,Cryptophyta
ASV_1937,0,0,0,0,0,0,0,0,0,0,0,0,0,0,0,20,12,0,30,0,0,0,0,0,0,0,0,0,0,0,0,0,0,0,0,0,0,0,0,0,0,0,0,0,0,Eukaryota,Obazoa,Opisthokonta,Fungi,Chytridiomycota,Chytridiales,Chytridiomycetaceae,Podochytrium,Podochytrium_dentatum,Opisthokonta_Chytridiomycota
ASV_1938,0,0,0,0,0,0,0,0,0,0,0,0,0,0,0,0,0,0,62,0,0,0,0,0,0,0,0,0,0,0,0,0,0,0,0,0,0,0,0,0,0,0,0,0,0,Eukaryota,TSAR,Rhizaria,Cercozoa,Filosa-Granofilosea,Limnofilida,Limnofilidae,Limnofilidae_X,Limnofilidae_X_sp.,Rhizaria
ASV_1939,0,0,0,0,0,0,0,0,0,0,0,0,0,0,0,0,0,0,0,0,0,7,0,45,0,0,0,0,0,10,0,0,0,0,0,0,0,0,0,0,0,0,0,0,0,Eukaryota,Obazoa,Opisthokonta,Fungi,Chytridiomycota,Rhizophydiales,Rhizophydiales_X,Rhizophydiales_XX,Rhizophydiales_XX_sp.,Opisthokonta_Chytridiomycota
ASV_1940,0,0,0,0,0,0,0,0,0,0,0,0,0,0,0,0,0,0,0,0,0,0,0,0,62,0,0,0,0,0,0,0,0,0,0,0,0,0,0,0,0,0,0,0,0,Eukaryota,TSAR,Stramenopiles,Bigyra,Bicoecea,Pseudodendromonadales,Pseudodendromonadales_X,Pseudodendromonadales_XX,Pseudodendromonadales_XX_sp.,Stramenopiles
ASV_1941,0,0,0,0,0,0,0,0,0,0,0,0,0,0,0,0,0,0,0,0,0,0,0,0,0,0,62,0,0,0,0,0,0,0,0,0,0,0,0,0,0,0,0,0,0,Eukaryota,TSAR,Stramenopiles,Gyrista,Chrysophyceae,Paraphysomonadales,Paraphysomonadaceae,Paraphysomonas,Paraphysomonas_vulgaris,Stramenopiles
ASV_1942,0,0,0,0,0,0,0,0,0,0,0,0,0,0,0,0,0,0,0,0,0,0,0,0,0,0,0,62,0,0,0,0,0,0,0,0,0,0,0,0,0,0,0,0,0,Eukaryota,Archaeplastida,Chlorophyta,Chlorophyta_X,Chlorophyceae,Chlamydomonadales,Chlamydomonadales_X,NA,NA,Chlorophyta
ASV_1943,0,0,0,0,0,0,0,0,0,0,0,0,0,0,0,0,0,0,0,0,0,0,0,0,0,0,0,0,0,62,0,0,0,0,0,0,0,0,0,0,0,0,0,0,0,Eukaryota,Obazoa,Opisthokonta,Fungi,Basidiomycota,Agaricomycotina,Agaricomycetes,Phlebia,Phlebia_radiata,Opisthokonta_Basidiomycota
ASV_1944,0,0,0,0,0,0,0,0,0,0,0,0,0,0,0,0,0,0,0,0,0,0,0,0,0,0,0,0,0,0,62,0,0,0,0,0,0,0,0,0,0,0,0,0,0,Eukaryota,TSAR,Stramenopiles,Gyrista,Peronosporomycetes,Peronosporomycetes,Peronosporales,Peronosporales_X,Peronosporales_X_sp.,Stramenopiles
ASV_1945,0,0,0,0,0,0,0,0,0,0,0,0,0,0,0,0,0,0,0,0,0,0,0,0,0,0,0,0,0,0,62,0,0,0,0,0,0,0,0,0,0,0,0,0,0,Eukaryota,Obazoa,Opisthokonta,Metazoa,Arthropoda,Crustacea,Branchiopoda,NA,NA,Opisthokonta_Arthropoda
ASV_1946,0,0,0,0,0,0,0,0,0,0,0,0,0,0,0,0,0,0,0,0,0,0,0,0,0,0,0,0,0,0,62,0,0,0,0,0,0,0,0,0,0,0,0,0,0,Eukaryota,Archaeplastida,Chlorophyta,Chlorophyta_X,Trebouxiophyceae,Chlorellales,Chlorellales_X,Chlorella,Chlorella_variabilis,Chlorophyta
ASV_1947,0,0,0,0,0,0,0,0,0,0,0,0,0,0,0,0,0,0,0,0,0,0,0,0,0,0,0,0,0,0,16,0,0,46,0,0,0,0,0,0,0,0,0,0,0,Eukaryota,TSAR,Stramenopiles,Gyrista,Bolidophyceae,Parmales,Triparmaceae,Triparma,NA,Stramenopiles
ASV_1948,0,0,0,0,0,0,0,0,0,0,0,0,0,0,0,0,0,0,0,0,0,0,0,0,0,0,0,0,0,0,0,0,0,62,0,0,0,0,0,0,0,0,0,0,0,Eukaryota,TSAR,Rhizaria,Cercozoa,Filosa-SarcomoNAdea,Glissomonadida,Sandonidae,Sandona,Sandona_aporians,Rhizaria
ASV_1949,0,0,0,0,0,0,0,0,0,0,0,0,0,0,0,0,0,0,0,0,0,0,0,0,0,0,0,0,0,0,0,0,0,62,0,0,0,0,0,0,0,0,0,0,0,Eukaryota,TSAR,Stramenopiles,Bigyra,Bicoecea,Pseudodendromonadales,Pseudodendromonadales_X,Pseudodendromonadales_XX,Pseudodendromonadales_XX_sp.,Stramenopiles
ASV_1950,0,0,0,0,0,0,0,0,0,0,0,0,0,0,0,0,0,0,0,0,0,0,0,0,0,0,0,0,0,0,0,0,0,0,0,0,0,0,0,0,0,13,0,43,6,Eukaryota,Obazoa,Opisthokonta,NA,NA,NA,NA,NA,NA,Opisthokonta_Unclassified
ASV_1951,0,0,0,0,0,0,0,0,0,0,0,61,0,0,0,0,0,0,0,0,0,0,0,0,0,0,0,0,0,0,0,0,0,0,0,0,0,0,0,0,0,0,0,0,0,Eukaryota,Obazoa,Opisthokonta,Metazoa,Arthropoda,Crustacea,Maxillopoda,NA,NA,Opisthokonta_Arthropoda
ASV_1952,0,0,0,0,0,0,0,0,0,0,0,0,61,0,0,0,0,0,0,0,0,0,0,0,0,0,0,0,0,0,0,0,0,0,0,0,0,0,0,0,0,0,0,0,0,Eukaryota,Archaeplastida,Chlorophyta,Chlorophyta_X,Chlorophyceae,Chlamydomonadales,Chlamydomonadales_X,NA,NA,Chlorophyta
ASV_1953,0,0,0,0,0,0,0,0,0,0,0,0,0,0,0,61,0,0,0,0,0,0,0,0,0,0,0,0,0,0,0,0,0,0,0,0,0,0,0,0,0,0,0,0,0,Eukaryota,Cryptista,Cryptophyta,Cryptophyta_X,Cryptophyceae,Cryptomonadales,Cryptomonadales_X,Cryptomonas,Cryptomonas_pyrenoidifera,Cryptophyta
ASV_1954,0,0,0,0,0,0,0,0,0,0,0,0,0,0,0,61,0,0,0,0,0,0,0,0,0,0,0,0,0,0,0,0,0,0,0,0,0,0,0,0,0,0,0,0,0,Eukaryota,TSAR,Stramenopiles,Gyrista,Peronosporomycetes,Peronosporomycetes,Peronosporales,Lagenidium,Lagenidium_caudatum,Stramenopiles
ASV_1955,0,0,0,0,0,0,0,0,0,0,0,0,0,0,0,50,0,0,11,0,0,0,0,0,0,0,0,0,0,0,0,0,0,0,0,0,0,0,0,0,0,0,0,0,0,Eukaryota,Obazoa,Opisthokonta,Fungi,NA,NA,NA,NA,NA,Opisthokonta_Unclassified
ASV_1956,0,0,0,0,0,0,0,0,0,0,0,0,0,0,0,0,0,0,0,61,0,0,0,0,0,0,0,0,0,0,0,0,0,0,0,0,0,0,0,0,0,0,0,0,0,Eukaryota,TSAR,Stramenopiles,Bigyra,Bicoecea,Pseudodendromonadales,Pseudodendromonadales_X,Pseudodendromonadales_XX,Pseudodendromonadales_XX_sp.,Stramenopiles
ASV_1957,0,0,0,0,0,0,0,0,0,0,0,0,0,0,0,0,0,0,0,26,0,0,35,0,0,0,0,0,0,0,0,0,0,0,0,0,0,0,0,0,0,0,0,0,0,Eukaryota,Archaeplastida,Chlorophyta,Chlorophyta_X,Chlorophyceae,Chlamydomonadales,Chlamydomonadales_X,NA,NA,Chlorophyta
ASV_1958,0,0,0,0,0,0,0,0,0,0,0,0,0,0,0,0,0,0,0,0,61,0,0,0,0,0,0,0,0,0,0,0,0,0,0,0,0,0,0,0,0,0,0,0,0,Eukaryota,TSAR,Stramenopiles,Bigyra,Bicoecea,Bicoecales,Bicoecaceae,Bicoecaceae_X,Bicoecaceae_X_sp.,Stramenopiles
ASV_1959,0,0,0,0,0,0,0,0,0,0,0,0,0,0,0,0,0,0,0,0,0,0,0,61,0,0,0,0,0,0,0,0,0,0,0,0,0,0,0,0,0,0,0,0,0,Eukaryota,TSAR,Stramenopiles,Gyrista,Chrysophyceae,NA,NA,NA,NA,Stramenopiles
ASV_1960,0,0,0,0,0,0,0,0,0,0,0,0,0,0,0,0,0,0,0,0,0,0,0,0,61,0,0,0,0,0,0,0,0,0,0,0,0,0,0,0,0,0,0,0,0,Eukaryota,TSAR,Stramenopiles,Bigyra,Bicoecea,Pseudodendromonadales,Pseudodendromonadales_X,Pseudodendromonadales_XX,Pseudodendromonadales_XX_sp.,Stramenopiles
ASV_1961,0,0,0,0,0,0,0,0,0,0,0,0,0,0,0,0,0,0,0,0,0,0,0,0,0,61,0,0,0,0,0,0,0,0,0,0,0,0,0,0,0,0,0,0,0,Eukaryota,TSAR,Stramenopiles,Gyrista,Raphidophyceae,Raphidophyceae_X,Raphidophyceae_XX,NA,NA,Stramenopiles
ASV_1962,0,0,0,0,0,0,0,0,0,0,0,0,0,0,0,0,0,0,0,0,0,0,0,0,0,0,0,61,0,0,0,0,0,0,0,0,0,0,0,0,0,0,0,0,0,Eukaryota,TSAR,Stramenopiles,Gyrista,Eustigmatophyceae,Eustigmatophyceae_X,Eustigmatophyceae_XX,Vacuoliviride,Vacuoliviride_crystalliferum,Stramenopiles
ASV_1963,0,0,0,0,0,0,0,0,0,0,0,0,0,0,0,0,0,0,0,0,0,0,0,0,0,0,0,61,0,0,0,0,0,0,0,0,0,0,0,0,0,0,0,0,0,Eukaryota,Archaeplastida,Chlorophyta,Chlorophyta_X,Chlorophyceae,Chlamydomonadales,Chlamydomonadales_X,Carteria,Carteria_lunzensis,Chlorophyta
ASV_1964,0,0,0,0,0,0,0,0,0,0,0,0,0,0,0,0,0,0,0,0,0,0,0,0,0,0,0,0,61,0,0,0,0,0,0,0,0,0,0,0,0,0,0,0,0,Eukaryota,Archaeplastida,Chlorophyta,Chlorophyta_X,Chlorophyceae,Chaetopeltidales,Chaetopeltidales_X,Floydiella,Floydiella_terrestris,Chlorophyta
ASV_1965,0,0,0,0,0,0,0,0,0,0,0,0,0,0,0,0,0,0,0,0,0,0,0,0,0,0,0,0,61,0,0,0,0,0,0,0,0,0,0,0,0,0,0,0,0,Eukaryota,Archaeplastida,Chlorophyta,Chlorophyta_X,Chlorophyceae,Chlamydomonadales,Chlamydomonadales_X,NA,NA,Chlorophyta
ASV_1966,0,0,0,0,0,0,0,0,0,0,0,0,0,0,0,0,0,0,0,0,0,0,0,0,0,0,0,0,0,0,61,0,0,0,0,0,0,0,0,0,0,0,0,0,0,Eukaryota,TSAR,Stramenopiles,Bigyra,Bicoecea,Pseudodendromonadales,Pseudodendromonadales_X,Nerada,Nerada_mexicana,Stramenopiles
ASV_1967,0,0,0,0,0,0,0,0,0,0,0,0,0,0,0,0,0,0,0,0,0,0,0,0,0,0,0,0,0,0,0,0,0,61,0,0,0,0,0,0,0,0,0,0,0,Eukaryota,Obazoa,Opisthokonta,Metazoa,Arthropoda,Crustacea,Maxillopoda,Acanthocyclops,Acanthocyclops_viridis,Opisthokonta_Arthropoda
ASV_1968,0,0,0,0,0,0,0,0,0,0,0,0,0,0,0,0,0,0,0,0,0,0,0,0,0,0,0,0,0,0,0,0,0,0,61,0,0,0,0,0,0,0,0,0,0,Eukaryota,Obazoa,Opisthokonta,Metazoa,Arthropoda,Crustacea,Branchiopoda,NA,NA,Opisthokonta_Arthropoda
ASV_1969,0,0,0,0,0,0,0,0,0,0,0,0,0,0,0,0,0,0,0,0,0,0,0,0,0,0,0,0,0,0,0,0,0,0,0,0,44,17,0,0,0,0,0,0,0,Eukaryota,TSAR,Rhizaria,Rhizaria_X,Rhizaria_XX,Aquavolonida,Aquavolonida_X,Aquavolon,NA,Rhizaria
ASV_1970,0,0,0,0,0,0,0,0,0,0,0,0,0,0,0,0,0,0,0,0,0,0,0,0,0,0,0,0,0,0,0,0,0,0,0,0,0,61,0,0,0,0,0,0,0,Eukaryota,TSAR,Stramenopiles,Gyrista,Chrysophyceae,NA,NA,NA,NA,Stramenopiles
ASV_1971,0,0,0,60,0,0,0,0,0,0,0,0,0,0,0,0,0,0,0,0,0,0,0,0,0,0,0,0,0,0,0,0,0,0,0,0,0,0,0,0,0,0,0,0,0,Eukaryota,TSAR,Stramenopiles,Bigyra,Bicoecea,Pseudodendromonadales,Pseudodendromonadales_X,Pseudodendromonadales_XX,Pseudodendromonadales_XX_sp.,Stramenopiles
ASV_1972,0,0,0,60,0,0,0,0,0,0,0,0,0,0,0,0,0,0,0,0,0,0,0,0,0,0,0,0,0,0,0,0,0,0,0,0,0,0,0,0,0,0,0,0,0,Eukaryota,Obazoa,Opisthokonta,NA,NA,NA,NA,NA,NA,Opisthokonta_Unclassified
ASV_1973,0,0,0,0,0,0,60,0,0,0,0,0,0,0,0,0,0,0,0,0,0,0,0,0,0,0,0,0,0,0,0,0,0,0,0,0,0,0,0,0,0,0,0,0,0,Eukaryota,TSAR,Stramenopiles,Bigyra,Bicoecea,Pseudodendromonadales,Pseudodendromonadales_X,Pseudodendromonadales_XX,Pseudodendromonadales_XX_sp.,Stramenopiles
ASV_1974,0,0,0,0,0,0,0,0,0,9,0,0,0,0,0,0,15,0,0,0,0,0,0,0,0,0,0,0,0,0,0,0,0,36,0,0,0,0,0,0,0,0,0,0,0,Eukaryota,Obazoa,Opisthokonta,Fungi,Chytridiomycota,Chytridiales,Chytridiaceae,Chytridium,Chytridium_polysiphoniae,Opisthokonta_Chytridiomycota
ASV_1975,0,0,0,0,0,0,0,0,0,0,16,0,0,0,0,0,0,0,15,0,0,0,0,0,0,0,0,0,0,0,0,0,0,0,0,5,24,0,0,0,0,0,0,0,0,Eukaryota,TSAR,Rhizaria,Cercozoa,Filosa-Granofilosea,Limnofilida,Limnofilidae,Limnofila,Limnofila_borokensis,Rhizaria
ASV_1976,0,0,0,0,0,0,0,0,0,0,0,0,0,0,0,0,60,0,0,0,0,0,0,0,0,0,0,0,0,0,0,0,0,0,0,0,0,0,0,0,0,0,0,0,0,Eukaryota,Archaeplastida,Streptophyta,Streptophyta_X,Zygnemophyceae, Zygnemophyceae, ZygnemophyceaeX,Pleurotaenium,Pleurotaenium_ehrenbergii,Streptophyta
ASV_1977,0,0,0,0,0,0,0,0,0,0,0,0,0,0,0,0,0,60,0,0,0,0,0,0,0,0,0,0,0,0,0,0,0,0,0,0,0,0,0,0,0,0,0,0,0,Eukaryota,TSAR,Stramenopiles,Bigyra,Bicoecea,NA,NA,NA,NA,Stramenopiles
ASV_1978,0,0,0,0,0,0,0,0,0,0,0,0,0,0,0,0,0,0,60,0,0,0,0,0,0,0,0,0,0,0,0,0,0,0,0,0,0,0,0,0,0,0,0,0,0,Eukaryota,TSAR,Rhizaria,Cercozoa,Endomyxa,Vampyrellida,Vampyrellidae,Vampyrella,Vampyrella_pendula,Rhizaria
ASV_1979,0,0,0,0,0,0,0,0,0,0,0,0,0,0,0,0,0,0,0,0,60,0,0,0,0,0,0,0,0,0,0,0,0,0,0,0,0,0,0,0,0,0,0,0,0,Eukaryota,Obazoa,Opisthokonta,NA,NA,NA,NA,NA,NA,Opisthokonta_Unclassified
ASV_1980,0,0,0,0,0,0,0,0,0,0,0,0,0,0,0,0,0,0,0,0,0,0,0,0,47,13,0,0,0,0,0,0,0,0,0,0,0,0,0,0,0,0,0,0,0,Eukaryota,Obazoa,Opisthokonta,Fungi,Ascomycota,Taphrinomycotina,Taphrinomycetes,Taphrina,NA,Opisthokonta_Ascomycota
ASV_1981,0,0,0,0,0,0,0,0,0,0,0,0,0,0,0,0,0,0,0,0,0,0,0,0,0,0,0,0,0,0,0,0,0,0,0,0,60,0,0,0,0,0,0,0,0,Eukaryota,TSAR,Stramenopiles,Bigyra,Opalozoa,Opalozoa_X,MAST-12,MAST-12C,MAST-12C_sp.,Stramenopiles
ASV_1982,0,0,0,59,0,0,0,0,0,0,0,0,0,0,0,0,0,0,0,0,0,0,0,0,0,0,0,0,0,0,0,0,0,0,0,0,0,0,0,0,0,0,0,0,0,Eukaryota,Obazoa,Opisthokonta,NA,NA,NA,NA,NA,NA,Opisthokonta_Unclassified
ASV_1983,0,0,0,0,0,0,0,0,0,0,0,0,0,0,0,59,0,0,0,0,0,0,0,0,0,0,0,0,0,0,0,0,0,0,0,0,0,0,0,0,0,0,0,0,0,Eukaryota,TSAR,Rhizaria,Cercozoa,Novel-clade-10-12,Novel-clade-12,NC12B-lineage,NC12B-lineage_X,NC12B-lineage_X_sp.,Rhizaria
ASV_1984,0,0,0,0,0,0,0,0,0,0,0,0,0,0,0,0,59,0,0,0,0,0,0,0,0,0,0,0,0,0,0,0,0,0,0,0,0,0,0,0,0,0,0,0,0,Eukaryota,TSAR,Rhizaria,Cercozoa,Filosa-SarcomoNAdea,Glissomonadida,Sandonidae,Flectomonas,Flectomonas_ekelundi,Rhizaria
ASV_1985,0,0,0,0,0,0,0,0,0,0,0,0,0,0,0,0,0,0,59,0,0,0,0,0,0,0,0,0,0,0,0,0,0,0,0,0,0,0,0,0,0,0,0,0,0,Eukaryota,TSAR,Rhizaria,Cercozoa,Filosa-SarcomoNAdea,Pansomonadida,Pansomonadida_X,Pansomonadida_XX,Pansomonadida_XX_sp.,Rhizaria
ASV_1986,0,0,0,0,0,0,0,0,0,0,0,0,0,0,0,0,0,0,59,0,0,0,0,0,0,0,0,0,0,0,0,0,0,0,0,0,0,0,0,0,0,0,0,0,0,Eukaryota,Archaeplastida,Streptophyta,Streptophyta_X,Zygnemophyceae, Zygnemophyceae, ZygnemophyceaeX,Closterium,NA,Streptophyta
ASV_1987,0,0,0,0,0,0,0,0,0,0,0,0,0,0,0,0,0,0,0,0,59,0,0,0,0,0,0,0,0,0,0,0,0,0,0,0,0,0,0,0,0,0,0,0,0,Eukaryota,Obazoa,Opisthokonta,Fungi,NA,NA,NA,NA,NA,Opisthokonta_Unclassified
ASV_1988,0,0,0,0,0,0,0,0,0,0,0,0,0,0,0,0,0,0,0,0,59,0,0,0,0,0,0,0,0,0,0,0,0,0,0,0,0,0,0,0,0,0,0,0,0,Eukaryota,Obazoa,Opisthokonta,Fungi,Chytridiomycota,NA,NA,NA,NA,Opisthokonta_Chytridiomycota
ASV_1989,0,0,0,0,0,0,0,0,0,0,0,0,0,0,0,0,0,0,0,0,0,0,0,0,0,0,59,0,0,0,0,0,0,0,0,0,0,0,0,0,0,0,0,0,0,Eukaryota,Obazoa,Opisthokonta,Fungi,Basidiomycota,Pucciniomycotina,Cystobasidiomycetes,Rhodotorula,Rhodotorula_phylloplana,Opisthokonta_Basidiomycota
ASV_1990,0,0,0,0,0,0,0,0,0,0,0,0,0,0,0,0,0,0,0,0,0,0,0,0,0,0,0,0,0,0,0,0,0,59,0,0,0,0,0,0,0,0,0,0,0,Eukaryota,TSAR,Stramenopiles,Bigyra,Bicoecea,Bicoecales,Bicoecaceae,Bicoecaceae_X,Bicoecaceae_X_sp.,Stramenopiles
ASV_1991,0,0,0,0,0,0,0,0,0,0,0,0,0,0,0,0,0,0,0,0,0,0,0,0,0,0,0,0,0,0,0,0,0,59,0,0,0,0,0,0,0,0,0,0,0,Eukaryota,Obazoa,Opisthokonta,Fungi,NA,NA,NA,NA,NA,Opisthokonta_Unclassified
ASV_1992,0,0,0,0,0,0,0,0,0,0,0,0,0,0,0,0,0,0,0,0,0,0,0,0,0,0,0,0,0,0,0,0,0,59,0,0,0,0,0,0,0,0,0,0,0,Eukaryota,Obazoa,Opisthokonta,Fungi,NA,NA,NA,NA,NA,Opisthokonta_Unclassified
ASV_1993,0,0,0,0,0,0,0,0,0,0,0,0,0,0,0,0,0,0,0,0,0,0,0,0,0,0,0,0,0,0,0,0,0,0,0,26,0,0,33,0,0,0,0,0,0,Eukaryota,Archaeplastida,Chlorophyta,Chlorophyta_X,Mamiellophyceae,Dolichomastigales,Crustomastigaceae,Crustomastigaceae-AB,Crustomastigaceae-AB_sp.,Chlorophyta
ASV_1994,0,0,0,0,0,0,0,0,0,0,0,0,0,0,0,0,0,0,0,0,0,0,0,0,0,0,0,0,0,0,0,0,0,0,0,0,0,0,0,0,0,0,32,27,0,Eukaryota,Obazoa,Opisthokonta,Metazoa,Arthropoda,Crustacea,Maxillopoda,NA,NA,Opisthokonta_Arthropoda
ASV_1995,0,0,44,0,0,0,0,0,0,0,0,0,0,0,0,0,0,0,14,0,0,0,0,0,0,0,0,0,0,0,0,0,0,0,0,0,0,0,0,0,0,0,0,0,0,Eukaryota,Obazoa,Opisthokonta,Fungi,Chytridiomycota,Spizellomycetales,Spizellomycetaceae,NA,NA,Opisthokonta_Chytridiomycota
ASV_1996,0,0,0,58,0,0,0,0,0,0,0,0,0,0,0,0,0,0,0,0,0,0,0,0,0,0,0,0,0,0,0,0,0,0,0,0,0,0,0,0,0,0,0,0,0,Eukaryota,TSAR,Stramenopiles,Bigyra,Bicoecea,Pseudodendromonadales,Pseudodendromonadales_X,Pseudodendromonadales_XX,Pseudodendromonadales_XX_sp.,Stramenopiles
ASV_1997,0,0,0,22,0,0,0,0,0,0,0,0,0,0,0,0,0,0,0,0,0,0,0,0,0,0,0,0,0,0,0,0,0,0,0,19,0,0,0,0,0,17,0,0,0,Eukaryota,Obazoa,Opisthokonta,Fungi,Chytridiomycota,Neocallimastigales,Neocallimastigaceae,NA,NA,Opisthokonta_Chytridiomycota
ASV_1998,0,0,0,0,0,0,16,0,0,0,28,0,0,0,14,0,0,0,0,0,0,0,0,0,0,0,0,0,0,0,0,0,0,0,0,0,0,0,0,0,0,0,0,0,0,Eukaryota,Obazoa,Opisthokonta,Fungi,NA,NA,NA,NA,NA,Opisthokonta_Unclassified
ASV_1999,0,0,0,0,0,0,0,0,0,0,0,0,0,0,0,0,15,0,43,0,0,0,0,0,0,0,0,0,0,0,0,0,0,0,0,0,0,0,0,0,0,0,0,0,0,Eukaryota,Obazoa,Opisthokonta,Metazoa,Annelida,Annelida_X,Annelida_XX,Chaetogaster,Chaetogaster_diaphanus,Opisthokonta_Annelida
ASV_2000,0,0,0,0,0,0,0,0,0,0,0,0,0,0,0,0,8,13,37,0,0,0,0,0,0,0,0,0,0,0,0,0,0,0,0,0,0,0,0,0,0,0,0,0,0,Eukaryota,TSAR,Stramenopiles,Gyrista,Dictyochophyceae,Dictyochophyceae_X,Pedinellales,Pseudopedinella,Pseudopedinella_sp.,Stramenopiles
ASV_2001,0,0,0,0,0,0,0,0,0,0,0,0,0,0,0,0,0,0,0,0,0,0,0,0,0,58,0,0,0,0,0,0,0,0,0,0,0,0,0,0,0,0,0,0,0,Eukaryota,Obazoa,Opisthokonta,Fungi,Ascomycota,Pezizomycotina,Eurotiomycetes,Penicillium,NA,Opisthokonta_Ascomycota
ASV_2002,0,0,0,0,0,0,0,0,0,0,0,0,0,0,0,0,0,0,0,0,0,0,0,0,0,0,0,0,0,0,58,0,0,0,0,0,0,0,0,0,0,0,0,0,0,Eukaryota,TSAR,Stramenopiles,Gyrista,Peronosporomycetes,Peronosporomycetes,Peronosporales,Halophytophthora,NA,Stramenopiles
ASV_2003,0,0,0,0,0,0,0,0,0,0,0,0,0,0,0,0,0,0,0,0,0,0,0,0,0,0,0,0,0,0,22,0,0,24,0,0,0,12,0,0,0,0,0,0,0,Eukaryota,TSAR,Stramenopiles,Gyrista,Chrysophyceae,NA,NA,NA,NA,Stramenopiles
ASV_2004,0,0,0,0,0,0,0,0,0,0,0,0,0,0,0,0,0,0,0,0,0,0,0,0,0,0,0,0,0,0,0,0,0,0,0,0,58,0,0,0,0,0,0,0,0,Eukaryota,Obazoa,Opisthokonta,Fungi,Chytridiomycota,NA,NA,NA,NA,Opisthokonta_Chytridiomycota
ASV_2005,0,0,0,0,0,0,0,0,0,0,0,0,0,0,0,0,0,0,0,0,0,0,0,0,0,0,0,0,0,0,0,0,0,0,0,0,0,0,0,0,0,58,0,0,0,Eukaryota,TSAR,Stramenopiles,Gyrista,Chrysophyceae,Synurales,Synuraceae,Mallomonas,NA,Stramenopiles
ASV_2006,0,0,0,13,0,0,21,0,23,0,0,0,0,0,0,0,0,0,0,0,0,0,0,0,0,0,0,0,0,0,0,0,0,0,0,0,0,0,0,0,0,0,0,0,0,Eukaryota,Obazoa,Opisthokonta,Fungi,Ascomycota,Pezizomycotina,Dothideomycetes,Mycosphaerella,Mycosphaerella_graminicola,Opisthokonta_Ascomycota
ASV_2007,0,0,0,0,0,0,0,0,0,0,0,0,0,0,0,57,0,0,0,0,0,0,0,0,0,0,0,0,0,0,0,0,0,0,0,0,0,0,0,0,0,0,0,0,0,Eukaryota,TSAR,Stramenopiles,Bigyra,Opalozoa,Opalozoa_X,MAST-12,MAST-12_X,MAST-12_X_sp.,Stramenopiles
ASV_2008,0,0,0,0,0,0,0,0,0,0,0,0,0,0,0,57,0,0,0,0,0,0,0,0,0,0,0,0,0,0,0,0,0,0,0,0,0,0,0,0,0,0,0,0,0,Eukaryota,Cryptista,Cryptophyta,Cryptophyta_X,Cryptophyceae,Cryptomonadales,Cryptomonadales_X,Cryptomonas,Cryptomonas_pyrenoidifera,Cryptophyta
ASV_2009,0,0,0,0,0,0,0,0,0,0,0,0,0,0,0,0,0,0,0,0,0,0,57,0,0,0,0,0,0,0,0,0,0,0,0,0,0,0,0,0,0,0,0,0,0,Eukaryota,TSAR,Stramenopiles,Gyrista,Chrysophyceae,Paraphysomonadales,Lepidochromonadaceae,Lepidochromonas,Lepidochromonas_caroni,Stramenopiles
ASV_2010,0,0,0,0,0,0,0,0,0,0,0,0,0,0,0,0,0,0,0,0,0,0,57,0,0,0,0,0,0,0,0,0,0,0,0,0,0,0,0,0,0,0,0,0,0,Eukaryota,TSAR,Stramenopiles,Gyrista,Peronosporomycetes,Peronosporomycetes,Peronosporales,NA,NA,Stramenopiles
ASV_2011,0,0,0,0,0,0,0,0,0,0,0,0,0,0,0,0,0,0,0,0,0,0,19,0,0,0,0,0,38,0,0,0,0,0,0,0,0,0,0,0,0,0,0,0,0,Eukaryota,Obazoa,Opisthokonta,Fungi,Ascomycota,Pezizomycotina,Dothideomycetes,Capnodiales,Capnodiales_sp.,Opisthokonta_Ascomycota
ASV_2012,0,0,0,0,0,0,0,0,0,0,0,0,0,0,0,0,0,0,0,0,0,0,0,57,0,0,0,0,0,0,0,0,0,0,0,0,0,0,0,0,0,0,0,0,0,Eukaryota,Archaeplastida,Chlorophyta,Chlorophyta_X,Trebouxiophyceae,Trebouxiophyceae_X,Trebouxiophyceae_XX,Botryococcus,Botryococcus_terribilis,Chlorophyta
ASV_2013,0,0,0,0,0,0,0,0,0,0,0,0,0,0,0,0,0,0,0,0,0,0,0,0,0,0,57,0,0,0,0,0,0,0,0,0,0,0,0,0,0,0,0,0,0,Eukaryota,TSAR,Stramenopiles,Gyrista,Raphidophyceae,Raphidophyceae_X,Raphidophyceae_XX,Vacuolaria,Vacuolaria_virescens,Stramenopiles
ASV_2014,0,0,0,0,0,0,0,0,0,0,0,0,0,0,0,0,0,0,0,0,0,0,0,0,0,0,0,0,0,0,0,57,0,0,0,0,0,0,0,0,0,0,0,0,0,Eukaryota,Obazoa,Opisthokonta,Metazoa,Gastrotricha,Gastrotricha_X,Gastrotricha_XX,Chaetonotus,NA,Opisthokonta_Gastrotricha
ASV_2015,0,0,0,0,0,0,0,0,0,0,0,0,0,0,0,0,0,0,0,0,0,0,0,0,0,0,0,0,0,0,0,0,0,57,0,0,0,0,0,0,0,0,0,0,0,Eukaryota,Obazoa,Opisthokonta,Fungi,Basidiomycota,NA,NA,NA,NA,Opisthokonta_Basidiomycota
ASV_2016,0,0,0,0,0,0,0,0,0,0,0,0,0,0,0,0,0,0,0,0,0,0,0,0,0,0,0,0,0,0,0,0,0,0,0,45,0,0,0,12,0,0,0,0,0,Eukaryota,Obazoa,Opisthokonta,Fungi,Chytridiomycota,Zygophlyctidales,Zygophlyctidaceae,Zygophlyctis,NA,Opisthokonta_Chytridiomycota
ASV_2017,0,0,0,0,0,0,0,0,0,0,0,0,0,0,0,0,0,0,0,0,0,0,0,0,0,0,0,0,0,0,0,0,0,0,0,0,57,0,0,0,0,0,0,0,0,Eukaryota,TSAR,Rhizaria,Cercozoa,Filosa-SarcomoNAdea,Glissomonadida,Bodomorphidae,Bodomorpha,Bodomorpha_sp.,Rhizaria
ASV_2018,0,56,0,0,0,0,0,0,0,0,0,0,0,0,0,0,0,0,0,0,0,0,0,0,0,0,0,0,0,0,0,0,0,0,0,0,0,0,0,0,0,0,0,0,0,Eukaryota,Obazoa,Opisthokonta,Metazoa,NA,NA,NA,NA,NA,Opisthokonta_Unclassified
ASV_2019,0,0,0,0,0,9,8,0,0,0,0,0,0,0,0,0,0,21,7,0,0,0,9,0,0,0,0,0,0,0,0,0,0,0,2,0,0,0,0,0,0,0,0,0,0,Eukaryota,Archaeplastida,Chlorophyta,Chlorophyta_X,Chlorophyceae,Sphaeropleales,Sphaeropleales_X,Mychonastes,Mychonastes_homosphaera,Chlorophyta
ASV_2020,0,0,0,0,0,0,0,0,0,0,0,56,0,0,0,0,0,0,0,0,0,0,0,0,0,0,0,0,0,0,0,0,0,0,0,0,0,0,0,0,0,0,0,0,0,Eukaryota,Obazoa,Opisthokonta,Metazoa,Arthropoda,Crustacea,Maxillopoda,NA,NA,Opisthokonta_Arthropoda
ASV_2021,0,0,0,0,0,0,0,0,0,0,0,0,0,0,0,0,0,0,56,0,0,0,0,0,0,0,0,0,0,0,0,0,0,0,0,0,0,0,0,0,0,0,0,0,0,Eukaryota,TSAR,Stramenopiles,Gyrista,Peronosporomycetes,Peronosporomycetes,Peronosporales,Phytophthora,NA,Stramenopiles
ASV_2022,0,0,0,0,0,0,0,0,0,0,0,0,0,0,0,0,0,0,0,0,56,0,0,0,0,0,0,0,0,0,0,0,0,0,0,0,0,0,0,0,0,0,0,0,0,Eukaryota,NA,NA,NA,NA,NA,NA,NA,NA,NA
ASV_2023,0,0,0,0,0,0,0,0,0,0,0,0,0,0,0,0,0,0,0,0,0,0,56,0,0,0,0,0,0,0,0,0,0,0,0,0,0,0,0,0,0,0,0,0,0,Eukaryota,Haptista,Haptophyta,Haptophyta_X,Prymnesiophyceae,Prymnesiales,Chrysochromulinaceae,Chrysochromulina,Chrysochromulina_tobin,Haptophyta
ASV_2024,0,0,0,0,0,0,0,0,0,0,0,0,0,0,0,0,0,0,0,0,0,0,0,0,0,0,0,0,0,0,56,0,0,0,0,0,0,0,0,0,0,0,0,0,0,Eukaryota,TSAR,Stramenopiles,Bigyra,Bicoecea,Pseudodendromonadales,Pseudodendromonadales_X,Pseudodendromonadales_XX,Pseudodendromonadales_XX_sp.,Stramenopiles
ASV_2025,0,0,0,0,22,0,0,0,14,0,0,0,0,0,0,0,0,0,0,0,0,0,0,0,0,19,0,0,0,0,0,0,0,0,0,0,0,0,0,0,0,0,0,0,0,Eukaryota,Obazoa,Opisthokonta,Fungi,Ascomycota,Pezizomycotina,Dothideomycetes,Minutisphaera,Minutisphaera_fimbriatispora,Opisthokonta_Ascomycota
ASV_2026,0,0,0,0,0,0,55,0,0,0,0,0,0,0,0,0,0,0,0,0,0,0,0,0,0,0,0,0,0,0,0,0,0,0,0,0,0,0,0,0,0,0,0,0,0,Eukaryota,Obazoa,Opisthokonta,Metazoa,Arthropoda,Crustacea,Ostracoda,Cypridopsis,NA,Opisthokonta_Arthropoda
ASV_2027,0,0,0,0,0,0,0,6,0,0,0,33,0,0,0,0,0,0,0,0,0,0,0,0,0,0,0,0,0,0,0,0,0,0,0,0,0,0,0,0,0,0,0,0,16,Eukaryota,Obazoa,Opisthokonta,Metazoa,Arthropoda,Crustacea,Maxillopoda,NA,NA,Opisthokonta_Arthropoda
ASV_2028,0,0,0,0,0,0,0,0,0,0,0,0,33,0,22,0,0,0,0,0,0,0,0,0,0,0,0,0,0,0,0,0,0,0,0,0,0,0,0,0,0,0,0,0,0,Eukaryota,Amoebozoa,Tubulinea,Tubulinea_X,Elardia,Euamoebida,Hartmannellidae,Copromyxa,Copromyxa_laresi,Tubulinea
ASV_2029,0,0,0,0,0,0,0,0,0,0,0,0,0,0,55,0,0,0,0,0,0,0,0,0,0,0,0,0,0,0,0,0,0,0,0,0,0,0,0,0,0,0,0,0,0,Eukaryota,Archaeplastida,Chlorophyta,Chlorophyta_X,Chlorophyceae,Oedogoniales,Oedogoniales_X,Oedogonium,Oedogonium_sp.,Chlorophyta
ASV_2030,0,0,0,0,0,0,0,0,0,0,0,0,0,0,0,55,0,0,0,0,0,0,0,0,0,0,0,0,0,0,0,0,0,0,0,0,0,0,0,0,0,0,0,0,0,Eukaryota,Obazoa,Opisthokonta,Ichthyosporea,NA,NA,NA,NA,NA,Opisthokonta_Unclassified
ASV_2031,0,0,0,0,0,0,0,0,0,0,0,0,0,0,0,0,22,0,0,0,0,0,33,0,0,0,0,0,0,0,0,0,0,0,0,0,0,0,0,0,0,0,0,0,0,Eukaryota,TSAR,Stramenopiles,Gyrista,Eustigmatophyceae,Eustigmatophyceae_X,Eustigmatophyceae_XX,Eustigmatophyceae_XXX,Eustigmatophyceae_XXX_sp.,Stramenopiles
ASV_2032,0,0,0,0,0,0,0,0,0,0,0,0,0,0,0,0,0,55,0,0,0,0,0,0,0,0,0,0,0,0,0,0,0,0,0,0,0,0,0,0,0,0,0,0,0,Eukaryota,Cryptista,Cryptophyta,Cryptophyta_X,Cryptophyceae,Cryptomonadales,Cryptomonadales_X,Cryptomonas,Cryptomonas_parapyrenoidifera,Cryptophyta
ASV_2033,0,0,0,0,0,0,0,0,0,0,0,0,0,0,0,0,0,55,0,0,0,0,0,0,0,0,0,0,0,0,0,0,0,0,0,0,0,0,0,0,0,0,0,0,0,Eukaryota,TSAR,Stramenopiles,Gyrista,Chrysophyceae,Ochromonadales,Ochromonadaceae,Chlorochromonas,Chlorochromonas_sp.,Stramenopiles
ASV_2034,0,0,0,0,0,0,0,0,0,0,0,0,0,0,0,0,0,0,55,0,0,0,0,0,0,0,0,0,0,0,0,0,0,0,0,0,0,0,0,0,0,0,0,0,0,Eukaryota,TSAR,Stramenopiles,Gyrista,Chrysophyceae,Ochromonadales,Ochromonadales_clade-VIII,Ochromonadales_clade-VIII_X,Ochromonadales_clade-VIII_X_sp.,Stramenopiles
ASV_2035,0,0,0,0,0,0,0,0,0,0,0,0,0,0,0,0,0,0,0,38,0,0,17,0,0,0,0,0,0,0,0,0,0,0,0,0,0,0,0,0,0,0,0,0,0,Eukaryota,Obazoa,Opisthokonta,Choanoflagellata,Choanoflagellatea,Craspedida,Salpingoecidae_Group_C1,Salpingoecidae_Group_C1_X,Salpingoecidae_Group_C1_X_sp.,Opisthokonta_Choanoflagellatea
ASV_2036,0,0,0,0,0,0,0,0,0,0,0,0,0,0,0,0,0,0,0,0,55,0,0,0,0,0,0,0,0,0,0,0,0,0,0,0,0,0,0,0,0,0,0,0,0,Eukaryota,TSAR,Stramenopiles,Gyrista,Chrysophyceae,NA,NA,NA,NA,Stramenopiles
ASV_2037,0,0,0,0,0,0,0,0,0,0,0,0,0,0,0,0,0,0,0,0,55,0,0,0,0,0,0,0,0,0,0,0,0,0,0,0,0,0,0,0,0,0,0,0,0,Eukaryota,Archaeplastida,Chlorophyta,Chlorophyta_X,Trebouxiophyceae,Trebouxiophyceae_X,Trebouxiophyceae_XX,Botryococcus,Botryococcus_terribilis,Chlorophyta
ASV_2038,0,0,0,0,0,0,0,0,0,0,0,0,0,0,0,0,0,0,0,0,55,0,0,0,0,0,0,0,0,0,0,0,0,0,0,0,0,0,0,0,0,0,0,0,0,Eukaryota,TSAR,Alveolata,Chrompodellids,Colpodellidea,Colpodellida,Colpodellida_CHR1,Colpodellida_CHR1_X,Colpodellida_CHR1_X_sp.,Alveolata
ASV_2039,0,0,0,0,0,0,0,0,0,0,0,0,0,0,0,0,0,0,0,0,0,0,0,0,55,0,0,0,0,0,0,0,0,0,0,0,0,0,0,0,0,0,0,0,0,Eukaryota,Obazoa,Apusomonada,Apusomonada_X,ApusomoNAdidae,Apusomonadidae_X,Apusomonadidae_XX,Chelonemonas,Chelonemonas_masanensis,Apusomonada
ASV_2040,0,0,0,0,0,0,0,0,0,0,0,0,0,0,0,0,0,0,0,0,0,0,0,0,0,0,0,55,0,0,0,0,0,0,0,0,0,0,0,0,0,0,0,0,0,Eukaryota,TSAR,Rhizaria,Cercozoa,NA,NA,NA,NA,NA,Rhizaria
ASV_2041,0,0,0,0,0,0,0,0,0,0,0,0,0,0,0,0,0,0,0,0,0,0,0,0,0,0,0,0,0,0,0,20,0,0,0,35,0,0,0,0,0,0,0,0,0,Eukaryota,Obazoa,Opisthokonta,Fungi,Chytridiomycota,Spizellomycetales,Spizellomycetales_X,Spizellomycetales_XX,Spizellomycetales_XX_sp.,Opisthokonta_Chytridiomycota
ASV_2042,0,0,0,0,0,0,0,0,0,0,0,0,0,0,0,0,0,0,0,0,0,0,0,0,0,0,0,0,0,0,0,0,0,0,0,0,55,0,0,0,0,0,0,0,0,Eukaryota,TSAR,Rhizaria,Cercozoa,Novel-clade-10-12,Tremulida,Tremulidae,Tremula,NA,Rhizaria
ASV_2043,0,0,54,0,0,0,0,0,0,0,0,0,0,0,0,0,0,0,0,0,0,0,0,0,0,0,0,0,0,0,0,0,0,0,0,0,0,0,0,0,0,0,0,0,0,Eukaryota,Archaeplastida,Chlorophyta,Chlorophyta_X,Ulvophyceae,Ulotrichales,Ulotrichales_X,Trichosarcina,Trichosarcina_polymorpha,Chlorophyta
ASV_2044,0,0,0,0,0,0,0,0,0,0,0,0,0,0,0,46,0,0,8,0,0,0,0,0,0,0,0,0,0,0,0,0,0,0,0,0,0,0,0,0,0,0,0,0,0,Eukaryota,TSAR,Stramenopiles,Gyrista,Chrysophyceae,Ochromonadales,Ochromonadaceae,Dinobryon,Dinobryon_sp.,Stramenopiles
ASV_2045,0,0,0,0,0,0,0,0,0,0,0,0,0,0,0,0,31,0,23,0,0,0,0,0,0,0,0,0,0,0,0,0,0,0,0,0,0,0,0,0,0,0,0,0,0,Eukaryota,Obazoa,Opisthokonta,Ichthyosporea,Ichthyophonida,NA,NA,NA,NA,Opisthokonta_Ichthyophonida
ASV_2046,0,0,0,0,0,0,0,0,0,0,0,0,0,0,0,0,0,20,0,0,0,0,0,0,0,27,0,7,0,0,0,0,0,0,0,0,0,0,0,0,0,0,0,0,0,Eukaryota,TSAR,Alveolata,Alveolata_X,Alveolata_XX,Alveolata_XXX,Alveolata_XXXX,Alveolata_XXXXX,Alveolata_XXXXX_sp.,Alveolata
ASV_2047,0,0,0,0,0,0,0,0,0,0,0,0,0,0,0,0,0,0,54,0,0,0,0,0,0,0,0,0,0,0,0,0,0,0,0,0,0,0,0,0,0,0,0,0,0,Eukaryota,Obazoa,Opisthokonta,Fungi,Chytridiomycota,NA,NA,NA,NA,Opisthokonta_Chytridiomycota
ASV_2048,0,0,0,0,0,0,0,0,0,0,0,0,0,0,0,0,0,0,30,0,0,0,0,0,24,0,0,0,0,0,0,0,0,0,0,0,0,0,0,0,0,0,0,0,0,Eukaryota,TSAR,Stramenopiles,Gyrista,Bolidophyceae,Parmales,NA,NA,NA,Stramenopiles
ASV_2049,0,0,0,0,0,0,0,0,0,0,0,0,0,0,0,0,0,0,0,44,0,0,10,0,0,0,0,0,0,0,0,0,0,0,0,0,0,0,0,0,0,0,0,0,0,Eukaryota,Obazoa,Opisthokonta,Fungi,Chytridiomycota,NA,NA,NA,NA,Opisthokonta_Chytridiomycota
ASV_2050,0,0,0,0,0,0,0,0,0,0,0,0,0,0,0,0,0,0,0,27,0,0,0,0,0,0,0,0,0,0,0,0,0,0,0,0,27,0,0,0,0,0,0,0,0,Eukaryota,TSAR,Rhizaria,Cercozoa,Filosa-SarcomoNAdea,Glissomonadida,NA,NA,NA,Rhizaria
ASV_2051,0,0,0,0,0,0,0,0,0,0,0,0,0,0,0,0,0,0,0,0,54,0,0,0,0,0,0,0,0,0,0,0,0,0,0,0,0,0,0,0,0,0,0,0,0,Eukaryota,Obazoa,Opisthokonta,Fungi,Chytridiomycota,Rhizophydiales,NA,NA,NA,Opisthokonta_Chytridiomycota
ASV_2052,0,0,0,0,0,0,0,0,0,0,0,0,0,0,0,0,0,0,0,0,0,0,0,54,0,0,0,0,0,0,0,0,0,0,0,0,0,0,0,0,0,0,0,0,0,Eukaryota,Cryptista,Kathablepharidacea,Kathablepharida,Kathablepharidea,Kathablepharidida,Kathablepharidida_X,Kathablepharidida_XX,Kathablepharidida_XX_sp.,Kathablepharidacea
ASV_2053,0,0,0,0,0,0,0,0,0,0,0,0,0,0,0,0,0,0,0,0,0,0,0,0,0,54,0,0,0,0,0,0,0,0,0,0,0,0,0,0,0,0,0,0,0,Eukaryota,Archaeplastida,Chlorophyta,Chlorophyta_X,Trebouxiophyceae,Microthamniales,Microthamniales_X,Asterochloris,Asterochloris_phycobiontica,Chlorophyta
ASV_2054,0,0,0,0,0,0,0,0,0,0,0,0,0,0,0,0,0,0,0,0,0,0,0,0,0,0,0,54,0,0,0,0,0,0,0,0,0,0,0,0,0,0,0,0,0,Eukaryota,Obazoa,Opisthokonta,NA,NA,NA,NA,NA,NA,Opisthokonta_Unclassified
ASV_2055,0,0,0,0,0,0,0,0,0,0,0,0,0,0,0,0,0,0,0,0,0,0,0,0,0,0,0,0,54,0,0,0,0,0,0,0,0,0,0,0,0,0,0,0,0,Eukaryota,TSAR,Stramenopiles,Bigyra,Opalozoa,Opalozoa_X,MAST-12,MAST-12_X,MAST-12_X_sp.,Stramenopiles
ASV_2056,0,0,0,0,0,0,0,0,0,0,0,0,0,0,0,0,0,0,0,0,0,0,0,0,0,0,0,0,0,0,0,0,0,54,0,0,0,0,0,0,0,0,0,0,0,Eukaryota,Obazoa,Opisthokonta,Choanoflagellata,Choanoflagellatea,NA,NA,NA,NA,Opisthokonta_Choanoflagellatea
ASV_2057,0,0,0,0,0,0,0,0,0,0,0,0,0,0,0,0,0,0,0,0,0,0,0,0,0,0,0,0,0,0,0,0,0,0,0,0,54,0,0,0,0,0,0,0,0,Eukaryota,TSAR,Rhizaria,Cercozoa,Novel-clade-10-12,Tremulida,Tremulidae,Tremula,Tremula_sp.,Rhizaria
ASV_2058,0,0,0,0,0,0,0,0,0,0,0,0,0,0,0,0,0,0,0,0,0,0,0,0,0,0,0,0,0,0,0,0,0,0,0,0,0,40,14,0,0,0,0,0,0,Eukaryota,Cryptista,Cryptophyta,Cryptophyta_X,Cryptophyceae,Cryptophyceae_X,Basal_Cryptophyceae-1,Basal_Cryptophyceae-1_X,Basal_Cryptophyceae-1_X_sp.,Cryptophyta
ASV_2059,0,0,0,0,0,0,0,0,0,0,0,0,0,0,0,32,0,0,21,0,0,0,0,0,0,0,0,0,0,0,0,0,0,0,0,0,0,0,0,0,0,0,0,0,0,Eukaryota,TSAR,Rhizaria,Cercozoa,Filosa-Granofilosea,Filosa-Granofilosea_X,Novel-Gran-5,Novel-Gran-5_X,Novel-Gran-5_X_sp.,Rhizaria
ASV_2060,0,0,0,0,0,0,0,0,0,0,0,0,0,0,0,0,53,0,0,0,0,0,0,0,0,0,0,0,0,0,0,0,0,0,0,0,0,0,0,0,0,0,0,0,0,Eukaryota,TSAR,Stramenopiles,Gyrista,Chrysophyceae,NA,NA,NA,NA,Stramenopiles
ASV_2061,0,0,0,0,0,0,0,0,0,0,0,0,0,0,0,0,25,28,0,0,0,0,0,0,0,0,0,0,0,0,0,0,0,0,0,0,0,0,0,0,0,0,0,0,0,Eukaryota,Obazoa,Opisthokonta,Fungi,Rozellomycota,Rozellomycota_X,Rozellomycota_XX,Rozella,NA,Opisthokonta_Rozellomycota
ASV_2062,0,0,0,0,0,0,0,0,0,0,0,0,0,0,0,0,0,23,30,0,0,0,0,0,0,0,0,0,0,0,0,0,0,0,0,0,0,0,0,0,0,0,0,0,0,Eukaryota,TSAR,Stramenopiles,Bigyra,Bicoecea,Pseudodendromonadales,Pseudodendromonadales_X,Pseudodendromonadales_XX,Pseudodendromonadales_XX_sp.,Stramenopiles
ASV_2063,0,0,0,0,0,0,0,0,0,0,0,0,0,0,0,0,0,0,53,0,0,0,0,0,0,0,0,0,0,0,0,0,0,0,0,0,0,0,0,0,0,0,0,0,0,Eukaryota,TSAR,Alveolata,Ciliophora,Oligohymenophorea,Scuticociliatia_2,Scuticociliatia_2_X,Scuticociliatia_2_XX,Scuticociliatia_2_XX_sp.,Alveolata
ASV_2064,0,0,0,0,0,0,0,0,0,0,0,0,0,0,0,0,0,0,0,0,53,0,0,0,0,0,0,0,0,0,0,0,0,0,0,0,0,0,0,0,0,0,0,0,0,Eukaryota,TSAR,Stramenopiles,Gyrista,Chrysophyceae,NA,NA,NA,NA,Stramenopiles
ASV_2065,0,0,0,0,0,0,0,0,0,0,0,0,0,0,0,0,0,0,0,0,0,0,0,0,0,53,0,0,0,0,0,0,0,0,0,0,0,0,0,0,0,0,0,0,0,Eukaryota,Obazoa,Opisthokonta,Fungi,Basidiomycota,Ustilaginomycotina,Exobasidiomycetes,Tilletiopsis,Tilletiopsis_pallescens,Opisthokonta_Basidiomycota
ASV_2066,0,0,0,0,0,0,0,0,0,0,0,0,0,0,0,0,0,0,0,0,0,0,0,0,0,0,0,0,53,0,0,0,0,0,0,0,0,0,0,0,0,0,0,0,0,Eukaryota,TSAR,Rhizaria,Cercozoa,Filosa-Imbricatea,Spongomonadida,Spongomonadidae,Spongomonas,Spongomonas_minima,Rhizaria
ASV_2067,0,0,0,0,0,0,0,0,0,0,0,0,0,0,0,0,0,0,0,0,0,0,0,0,0,0,0,0,0,0,0,0,0,0,0,0,0,0,0,0,9,0,44,0,0,Eukaryota,Obazoa,Opisthokonta,Choanoflagellata,Choanoflagellatea,Craspedida,Monosigidae_Group_A,Monosiga,Monosiga_ovata,Opisthokonta_Choanoflagellatea
ASV_2068,0,0,0,0,0,0,0,0,0,0,0,0,0,0,0,0,0,0,0,0,0,0,0,0,0,0,0,0,0,0,0,0,0,0,0,0,0,0,0,0,0,53,0,0,0,Eukaryota,TSAR,Stramenopiles,Gyrista,Chrysophyceae,NA,NA,NA,NA,Stramenopiles
ASV_2069,0,0,0,0,0,0,0,0,0,0,0,52,0,0,0,0,0,0,0,0,0,0,0,0,0,0,0,0,0,0,0,0,0,0,0,0,0,0,0,0,0,0,0,0,0,Eukaryota,Obazoa,Opisthokonta,Fungi,Ascomycota,Saccharomycotina,Saccharomycetales,NA,NA,Opisthokonta_Ascomycota
ASV_2070,0,0,0,0,0,0,0,0,0,0,0,0,52,0,0,0,0,0,0,0,0,0,0,0,0,0,0,0,0,0,0,0,0,0,0,0,0,0,0,0,0,0,0,0,0,Eukaryota,Archaeplastida,Chlorophyta,Chlorophyta_X,Chlorophyceae,Chlamydomonadales,Chlamydomonadales_X,NA,NA,Chlorophyta
ASV_2071,0,0,0,0,0,0,0,0,0,0,0,0,0,0,0,52,0,0,0,0,0,0,0,0,0,0,0,0,0,0,0,0,0,0,0,0,0,0,0,0,0,0,0,0,0,Eukaryota,Cryptista,Cryptophyta,Cryptophyta_X,Cryptophyceae,Cryptomonadales,Cryptomonadales_X,Cryptomonas,Cryptomonas_pyrenoidifera,Cryptophyta
ASV_2072,0,0,0,0,0,0,0,0,0,0,0,0,0,0,0,52,0,0,0,0,0,0,0,0,0,0,0,0,0,0,0,0,0,0,0,0,0,0,0,0,0,0,0,0,0,Eukaryota,Obazoa,Opisthokonta,Fungi,Basidiomycota,Pucciniomycotina,Cystobasidiomycetes,Rhodotorula,Rhodotorula_phylloplana,Opisthokonta_Basidiomycota
ASV_2073,0,0,0,0,0,0,0,0,0,0,0,0,0,0,0,52,0,0,0,0,0,0,0,0,0,0,0,0,0,0,0,0,0,0,0,0,0,0,0,0,0,0,0,0,0,Eukaryota,Obazoa,Opisthokonta,Fungi,Chytridiomycota,Monoblepharidales,Monoblepharidaceae,Monoblepharis,NA,Opisthokonta_Chytridiomycota
ASV_2074,0,0,0,0,0,0,0,0,0,0,0,0,0,0,0,52,0,0,0,0,0,0,0,0,0,0,0,0,0,0,0,0,0,0,0,0,0,0,0,0,0,0,0,0,0,Eukaryota,Archaeplastida,Chlorophyta,Chlorophyta_X,Chlorophyceae,Sphaeropleales,NA,NA,NA,Chlorophyta
ASV_2075,0,0,0,0,0,0,0,0,0,0,0,0,0,0,0,15,0,0,37,0,0,0,0,0,0,0,0,0,0,0,0,0,0,0,0,0,0,0,0,0,0,0,0,0,0,Eukaryota,TSAR,Stramenopiles,Gyrista,Coscinodiscophyceae,Rhizosoleniales,Rhizosoleniaceae,Urosolenia,Urosolenia_eriensis,Stramenopiles
ASV_2076,0,0,0,0,0,0,0,0,0,0,0,0,0,0,0,0,0,0,0,52,0,0,0,0,0,0,0,0,0,0,0,0,0,0,0,0,0,0,0,0,0,0,0,0,0,Eukaryota,Haptista,Haptophyta,Haptophyta_X,Prymnesiophyceae,Prymnesiales,Chrysochromulinaceae,Chrysochromulina,NA,Haptophyta
ASV_2077,0,0,0,0,0,0,0,0,0,0,0,0,0,0,0,0,0,0,0,0,0,0,0,0,52,0,0,0,0,0,0,0,0,0,0,0,0,0,0,0,0,0,0,0,0,Eukaryota,Obazoa,Opisthokonta,Fungi,Ascomycota,Pezizomycotina,Dothideomycetes,Dothidea,Dothidea_ribesia,Opisthokonta_Ascomycota
ASV_2078,0,0,0,0,0,0,0,0,0,0,0,0,0,0,0,0,0,0,0,0,0,0,0,0,0,52,0,0,0,0,0,0,0,0,0,0,0,0,0,0,0,0,0,0,0,Eukaryota,TSAR,Stramenopiles,Gyrista,Chrysophyceae,NA,NA,NA,NA,Stramenopiles
ASV_2079,0,0,0,0,0,0,0,0,0,0,0,0,0,0,0,0,0,0,0,0,0,0,0,0,0,0,0,52,0,0,0,0,0,0,0,0,0,0,0,0,0,0,0,0,0,Eukaryota,Obazoa,Opisthokonta,Metazoa,Arthropoda,Crustacea,Maxillopoda,NA,NA,Opisthokonta_Arthropoda
ASV_2080,0,0,0,0,0,0,0,0,0,0,0,0,0,0,0,0,0,0,0,0,0,0,0,0,0,0,0,52,0,0,0,0,0,0,0,0,0,0,0,0,0,0,0,0,0,Eukaryota,Obazoa,Opisthokonta,Metazoa,Arthropoda,Crustacea,Maxillopoda,NA,NA,Opisthokonta_Arthropoda
ASV_2081,0,0,0,0,0,0,0,0,0,0,0,0,0,0,0,0,0,0,0,0,0,0,0,0,0,0,0,0,0,0,31,0,0,21,0,0,0,0,0,0,0,0,0,0,0,Eukaryota,Archaeplastida,Chlorophyta,Chlorophyta_X,Chlorophyceae,Chlamydomonadales,Chlamydomonadales_X,NA,NA,Chlorophyta
ASV_2082,0,51,0,0,0,0,0,0,0,0,0,0,0,0,0,0,0,0,0,0,0,0,0,0,0,0,0,0,0,0,0,0,0,0,0,0,0,0,0,0,0,0,0,0,0,Eukaryota,Obazoa,Opisthokonta,Fungi,NA,NA,NA,NA,NA,Opisthokonta_Unclassified
ASV_2083,0,0,0,0,8,0,0,0,0,0,0,0,0,0,0,0,0,0,0,0,0,0,0,0,0,0,0,0,0,0,43,0,0,0,0,0,0,0,0,0,0,0,0,0,0,Eukaryota,TSAR,Rhizaria,Rhizaria_X,Rhizaria_XX,Aquavolonida,Aquavolonida_X,Aquavolon,Aquavolon_hoantrani,Rhizaria
ASV_2084,0,0,0,0,0,0,0,0,12,13,0,0,0,0,0,26,0,0,0,0,0,0,0,0,0,0,0,0,0,0,0,0,0,0,0,0,0,0,0,0,0,0,0,0,0,Eukaryota,Archaeplastida,Streptophyta,Streptophyta_X,Zygnemophyceae, Zygnemophyceae, ZygnemophyceaeX,Mougeotia,Mougeotia_sp.,Streptophyta
ASV_2085,0,0,0,0,0,0,0,0,0,0,7,0,0,0,0,0,0,0,0,0,0,0,0,0,0,0,0,0,0,0,0,0,0,0,0,0,44,0,0,0,0,0,0,0,0,Eukaryota,TSAR,Stramenopiles,Bigyra,Bicoecea,Pseudodendromonadales,Pseudodendromonadales_X,Pseudodendromonadales_XX,Pseudodendromonadales_XX_sp.,Stramenopiles
ASV_2086,0,0,0,0,0,0,0,0,0,0,0,0,51,0,0,0,0,0,0,0,0,0,0,0,0,0,0,0,0,0,0,0,0,0,0,0,0,0,0,0,0,0,0,0,0,Eukaryota,Archaeplastida,Streptophyta,Streptophyta_X,Zygnemophyceae, Zygnemophyceae, ZygnemophyceaeX,Closterium,Closterium_incurvum,Streptophyta
ASV_2087,0,0,0,0,0,0,0,0,0,0,0,0,0,0,0,51,0,0,0,0,0,0,0,0,0,0,0,0,0,0,0,0,0,0,0,0,0,0,0,0,0,0,0,0,0,Eukaryota,TSAR,Stramenopiles,Gyrista,Peronosporomycetes,Peronosporomycetes,Peronosporales,NA,NA,Stramenopiles
ASV_2088,0,0,0,0,0,0,0,0,0,0,0,0,0,0,0,0,51,0,0,0,0,0,0,0,0,0,0,0,0,0,0,0,0,0,0,0,0,0,0,0,0,0,0,0,0,Eukaryota,TSAR,Stramenopiles,Gyrista,Chrysophyceae,Apoikiales,Apoikiaceae,Apoikia,Apoikia_sp.,Stramenopiles
ASV_2089,0,0,0,0,0,0,0,0,0,0,0,0,0,0,0,0,0,17,7,0,0,0,0,0,0,27,0,0,0,0,0,0,0,0,0,0,0,0,0,0,0,0,0,0,0,Eukaryota,TSAR,Stramenopiles,Bigyra,Opalozoa,Opalozoa_X,MAST-12,MAST-12C,MAST-12C_sp.,Stramenopiles
ASV_2090,0,0,0,0,0,0,0,0,0,0,0,0,0,0,0,0,0,0,0,0,51,0,0,0,0,0,0,0,0,0,0,0,0,0,0,0,0,0,0,0,0,0,0,0,0,Eukaryota,Archaeplastida,Chlorophyta,Chlorophyta_X,Chlorophyceae,Sphaeropleales,Sphaeropleales_X,Protodesmus,Protodesmus_globulifer,Chlorophyta
ASV_2091,0,0,0,0,0,0,0,0,0,0,0,0,0,0,0,0,0,0,0,0,0,0,0,0,0,0,0,0,0,0,0,0,13,0,0,0,0,0,0,0,0,0,0,38,0,Eukaryota,Archaeplastida,Chlorophyta,Chlorophyta_X,Chlorophyceae,Chlamydomonadales,Chlamydomonadales_X,Volvox,Volvox_aureus,Chlorophyta
ASV_2092,0,0,0,0,0,0,0,0,0,0,0,0,0,0,0,0,0,0,0,0,0,0,0,0,0,0,0,0,0,0,0,0,0,51,0,0,0,0,0,0,0,0,0,0,0,Eukaryota,Obazoa,Opisthokonta,Pluriformea,Pluriformea_X,Pluriformea_XX,Pluriformea_XXX,Syssomonas,Syssomonas_multiformis,Opisthokonta_Pluriformea
ASV_2093,0,0,0,0,0,0,0,0,0,0,0,0,0,0,0,0,0,0,0,0,0,0,0,0,0,0,0,0,0,0,0,0,0,0,0,0,0,51,0,0,0,0,0,0,0,Eukaryota,TSAR,Stramenopiles,Bigyra,Bicoecea,Pseudodendromonadales,Pseudodendromonadales_X,Pseudodendromonadales_XX,Pseudodendromonadales_XX_sp.,Stramenopiles
ASV_2094,8,0,12,0,0,0,30,0,0,0,0,0,0,0,0,0,0,0,0,0,0,0,0,0,0,0,0,0,0,0,0,0,0,0,0,0,0,0,0,0,0,0,0,0,0,Eukaryota,Archaeplastida,Chlorophyta,Chlorophyta_X,Chlorophyceae,Chlamydomonadales,Chlamydomonadales_X,NA,NA,Chlorophyta
ASV_2095,0,29,0,0,0,0,0,0,0,0,0,0,0,0,0,0,0,0,0,0,0,0,0,0,0,0,0,0,0,0,0,0,0,0,21,0,0,0,0,0,0,0,0,0,0,Eukaryota,Obazoa,Opisthokonta,Metazoa,Arthropoda,Crustacea,Branchiopoda,Bosmina,Bosmina_longirostris,Opisthokonta_Arthropoda
ASV_2096,0,0,50,0,0,0,0,0,0,0,0,0,0,0,0,0,0,0,0,0,0,0,0,0,0,0,0,0,0,0,0,0,0,0,0,0,0,0,0,0,0,0,0,0,0,Eukaryota,Obazoa,Opisthokonta,Fungi,Ascomycota,Pezizomycotina,Sordariomycetes,Geniculisynnema,Geniculisynnema_termiticola,Opisthokonta_Ascomycota
ASV_2097,0,0,0,0,50,0,0,0,0,0,0,0,0,0,0,0,0,0,0,0,0,0,0,0,0,0,0,0,0,0,0,0,0,0,0,0,0,0,0,0,0,0,0,0,0,Eukaryota,Obazoa,Opisthokonta,Fungi,Chytridiomycota,NA,NA,NA,NA,Opisthokonta_Chytridiomycota
ASV_2098,0,0,0,0,5,0,0,0,0,0,7,0,0,0,0,0,0,0,0,0,0,0,0,0,0,0,0,0,0,0,0,0,0,0,0,38,0,0,0,0,0,0,0,0,0,Eukaryota,Obazoa,Opisthokonta,Metazoa,Arthropoda,Crustacea,Maxillopoda,Macrocyclops,Macrocyclops_albidus,Opisthokonta_Arthropoda
ASV_2099,0,0,0,0,0,0,0,0,4,0,16,0,30,0,0,0,0,0,0,0,0,0,0,0,0,0,0,0,0,0,0,0,0,0,0,0,0,0,0,0,0,0,0,0,0,Eukaryota,Obazoa,Opisthokonta,Fungi,Monoblepharomycota,Sanchytriales,Sanchytriaceae,Sanchytrium,Sanchytrium_tribonematis,Opisthokonta_Monoblepharomycota
ASV_2100,0,0,0,0,0,0,0,0,0,0,0,0,50,0,0,0,0,0,0,0,0,0,0,0,0,0,0,0,0,0,0,0,0,0,0,0,0,0,0,0,0,0,0,0,0,Eukaryota,Archaeplastida,Streptophyta,Streptophyta_X,Zygnemophyceae, Zygnemophyceae, ZygnemophyceaeX,Closterium,Closterium_incurvum,Streptophyta
ASV_2101,0,0,0,0,0,0,0,0,0,0,0,0,16,0,0,0,0,0,0,0,0,0,0,0,0,0,0,0,0,0,34,0,0,0,0,0,0,0,0,0,0,0,0,0,0,Eukaryota,TSAR,Stramenopiles,Bigyra,Bicoecea,Pseudodendromonadales,Pseudodendromonadales_X,Pseudodendromonadales_XX,Pseudodendromonadales_XX_sp.,Stramenopiles
ASV_2102,0,0,0,0,0,0,0,0,0,0,0,0,0,0,0,0,0,0,0,0,50,0,0,0,0,0,0,0,0,0,0,0,0,0,0,0,0,0,0,0,0,0,0,0,0,Eukaryota,Archaeplastida,Chlorophyta,Chlorophyta_X,Chlorophyceae,Chlamydomonadales,Chlamydomonadales_X,Carteria,Carteria_lunzensis,Chlorophyta
ASV_2103,0,0,0,0,0,0,0,0,0,0,0,0,0,0,0,0,0,0,0,0,50,0,0,0,0,0,0,0,0,0,0,0,0,0,0,0,0,0,0,0,0,0,0,0,0,Eukaryota,TSAR,Rhizaria,Cercozoa,Filosa-SarcomoNAdea,Glissomonadida,Bodomorphidae,Bodomorpha,Bodomorpha_sp.,Rhizaria
ASV_2104,0,0,0,0,0,0,0,0,0,0,0,0,0,0,0,0,0,0,0,0,0,50,0,0,0,0,0,0,0,0,0,0,0,0,0,0,0,0,0,0,0,0,0,0,0,Eukaryota,TSAR,Stramenopiles,Bigyra,Opalozoa,Opalozoa_X,MAST-12,MAST-12_X,MAST-12_X_sp.,Stramenopiles
ASV_2105,0,0,0,0,0,0,0,0,0,0,0,0,0,0,0,0,0,0,0,0,0,0,0,50,0,0,0,0,0,0,0,0,0,0,0,0,0,0,0,0,0,0,0,0,0,Eukaryota,TSAR,Stramenopiles,Bigyra,Opalozoa,Opalozoa_X,MAST-12,MAST-12C,MAST-12C_sp.,Stramenopiles
ASV_2106,0,0,0,0,0,0,0,0,0,0,0,0,0,0,0,0,0,0,0,0,0,0,0,33,17,0,0,0,0,0,0,0,0,0,0,0,0,0,0,0,0,0,0,0,0,Eukaryota,Obazoa,Opisthokonta,Fungi,Ascomycota,NA,NA,NA,NA,Opisthokonta_Ascomycota
ASV_2107,0,0,0,0,0,0,0,0,0,0,0,0,0,0,0,0,0,0,0,0,0,0,0,0,0,50,0,0,0,0,0,0,0,0,0,0,0,0,0,0,0,0,0,0,0,Eukaryota,Obazoa,Opisthokonta,Fungi,Chytridiomycota,Spizellomycetales,Spizellomycetales_X,Spizellomycetales_XX,Spizellomycetales_XX_sp.,Opisthokonta_Chytridiomycota
ASV_2108,0,0,0,0,0,0,0,0,0,0,0,0,0,0,0,0,0,0,0,0,0,0,0,0,0,0,0,50,0,0,0,0,0,0,0,0,0,0,0,0,0,0,0,0,0,Eukaryota,Archaeplastida,Chlorophyta,Chlorophyta_X,Chlorophyceae,Sphaeropleales,NA,NA,NA,Chlorophyta
ASV_2109,0,0,0,0,0,0,0,0,0,0,0,0,0,0,0,0,0,0,0,0,0,0,0,0,0,0,0,0,0,50,0,0,0,0,0,0,0,0,0,0,0,0,0,0,0,Eukaryota,Cryptista,Cryptophyta,Cryptophyta_X,Cryptophyceae,Cryptomonadales,Cryptomonadales_X,Cryptomonas,NA,Cryptophyta
ASV_2110,0,0,0,0,0,0,0,0,0,0,0,0,0,0,0,0,0,0,0,0,0,0,0,0,0,0,0,0,0,0,0,0,0,50,0,0,0,0,0,0,0,0,0,0,0,Eukaryota,Obazoa,Opisthokonta,Fungi,Chytridiomycota,Rhizophydiales,Rhizophydiales_X,Rhizophydiales_XX,Rhizophydiales_XX_sp.,Opisthokonta_Chytridiomycota
ASV_2111,0,0,0,0,0,0,0,0,0,0,0,0,0,0,0,0,0,0,0,0,0,0,0,0,0,0,0,0,0,0,0,0,0,0,0,0,0,50,0,0,0,0,0,0,0,Eukaryota,Obazoa,Opisthokonta,Metazoa,Gastrotricha,Gastrotricha_X,Gastrotricha_XX,Chaetonotus,Chaetonotus_sp.,Opisthokonta_Gastrotricha
ASV_2112,0,49,0,0,0,0,0,0,0,0,0,0,0,0,0,0,0,0,0,0,0,0,0,0,0,0,0,0,0,0,0,0,0,0,0,0,0,0,0,0,0,0,0,0,0,Eukaryota,Obazoa,Opisthokonta,Fungi,Basidiomycota,Agaricomycotina,Agaricomycetes,Cerrena,Cerrena_unicolor,Opisthokonta_Basidiomycota
ASV_2113,0,0,0,0,0,0,0,0,0,0,0,0,49,0,0,0,0,0,0,0,0,0,0,0,0,0,0,0,0,0,0,0,0,0,0,0,0,0,0,0,0,0,0,0,0,Eukaryota,Archaeplastida,Streptophyta,Streptophyta_X,Zygnemophyceae, Zygnemophyceae, ZygnemophyceaeX,Closterium,NA,Streptophyta
ASV_2114,0,0,0,0,0,0,0,0,0,0,0,0,0,0,0,49,0,0,0,0,0,0,0,0,0,0,0,0,0,0,0,0,0,0,0,0,0,0,0,0,0,0,0,0,0,Eukaryota,Obazoa,Opisthokonta,Fungi,NA,NA,NA,NA,NA,Opisthokonta_Unclassified
ASV_2115,0,0,0,0,0,0,0,0,0,0,0,0,0,0,0,49,0,0,0,0,0,0,0,0,0,0,0,0,0,0,0,0,0,0,0,0,0,0,0,0,0,0,0,0,0,Eukaryota,TSAR,Rhizaria,Cercozoa,Endomyxa,Vampyrellida,Leptophryidae,Arachnomyxa,Arachnomyxa_cryptophaga,Rhizaria
ASV_2116,0,0,0,0,0,0,0,0,0,0,0,0,0,0,0,49,0,0,0,0,0,0,0,0,0,0,0,0,0,0,0,0,0,0,0,0,0,0,0,0,0,0,0,0,0,Eukaryota,TSAR,Stramenopiles,Gyrista,Chrysophyceae,Ochromonadales,Ochromonadales_clade-XI,Ochromonadales_clade-XI_X,Ochromonadales_clade-XI_X_sp.,Stramenopiles
ASV_2117,0,0,0,0,0,0,0,0,0,0,0,0,0,0,0,0,0,0,0,0,49,0,0,0,0,0,0,0,0,0,0,0,0,0,0,0,0,0,0,0,0,0,0,0,0,Eukaryota,Obazoa,Opisthokonta,Fungi,Ascomycota,Pezizomycotina,Lecanoromycetes,NA,NA,Opisthokonta_Ascomycota
ASV_2118,0,0,0,0,0,0,0,0,0,0,0,0,0,0,0,0,0,0,0,0,0,49,0,0,0,0,0,0,0,0,0,0,0,0,0,0,0,0,0,0,0,0,0,0,0,Eukaryota,TSAR,Rhizaria,Cercozoa,Filosa-SarcomoNAdea,Pansomonadida,Pansomonadida_X,Pansomonadida_XX,Pansomonadida_XX_sp.,Rhizaria
ASV_2119,0,0,0,0,0,0,0,0,0,0,0,0,0,0,0,0,0,0,0,0,0,0,0,0,49,0,0,0,0,0,0,0,0,0,0,0,0,0,0,0,0,0,0,0,0,Eukaryota,Obazoa,Opisthokonta,Fungi,Chytridiomycota,NA,NA,NA,NA,Opisthokonta_Chytridiomycota
ASV_2120,0,0,0,0,0,0,0,0,0,0,0,0,0,0,0,0,0,0,0,0,0,0,0,0,0,0,0,0,49,0,0,0,0,0,0,0,0,0,0,0,0,0,0,0,0,Eukaryota,Obazoa,Opisthokonta,Metazoa,Arthropoda,Crustacea,Maxillopoda,Eudiaptomus,Eudiaptomus_graciloides,Opisthokonta_Arthropoda
ASV_2121,0,0,0,0,26,0,0,0,0,0,0,0,0,22,0,0,0,0,0,0,0,0,0,0,0,0,0,0,0,0,0,0,0,0,0,0,0,0,0,0,0,0,0,0,0,Eukaryota,Archaeplastida,Chlorophyta,Chlorophyta_X,Chlorophyceae,Sphaeropleales,Sphaeropleales_X,Pediastrum,Pediastrum_duplex,Chlorophyta
ASV_2122,0,0,0,0,0,0,0,0,0,0,0,0,0,0,0,0,0,0,0,37,0,11,0,0,0,0,0,0,0,0,0,0,0,0,0,0,0,0,0,0,0,0,0,0,0,Eukaryota,TSAR,Stramenopiles,Gyrista,Chrysophyceae,Chrysosaccales,Chrysosaccaceae,NA,NA,Stramenopiles
ASV_2123,0,0,0,0,0,0,0,0,0,0,0,0,0,0,0,0,0,0,0,23,0,0,0,0,0,3,0,0,0,22,0,0,0,0,0,0,0,0,0,0,0,0,0,0,0,Eukaryota,Obazoa,Opisthokonta,NA,NA,NA,NA,NA,NA,Opisthokonta_Unclassified
ASV_2124,0,0,0,0,0,0,0,0,0,0,0,0,0,0,0,0,0,0,0,0,0,17,0,0,0,31,0,0,0,0,0,0,0,0,0,0,0,0,0,0,0,0,0,0,0,Eukaryota,Obazoa,Opisthokonta,Fungi,Chytridiomycota,NA,NA,NA,NA,Opisthokonta_Chytridiomycota
ASV_2125,0,0,0,0,0,0,0,0,0,0,0,0,0,0,0,0,0,0,0,0,0,0,48,0,0,0,0,0,0,0,0,0,0,0,0,0,0,0,0,0,0,0,0,0,0,Eukaryota,Archaeplastida,Chlorophyta,Chlorophyta_X,Trebouxiophyceae,Microthamniales,Microthamniales_X,Microthamniales_XX,Microthamniales_XX_sp.,Chlorophyta
ASV_2126,0,0,0,0,0,0,0,0,0,0,0,0,0,0,0,0,0,0,0,0,0,0,0,48,0,0,0,0,0,0,0,0,0,0,0,0,0,0,0,0,0,0,0,0,0,Eukaryota,TSAR,Stramenopiles,Gyrista,Peronosporomycetes,Peronosporomycetes,Peronosporales,NA,NA,Stramenopiles
ASV_2127,0,0,0,0,0,0,0,0,0,0,0,0,0,0,0,0,0,0,0,0,0,0,0,0,0,0,0,0,48,0,0,0,0,0,0,0,0,0,0,0,0,0,0,0,0,Eukaryota,Obazoa,Opisthokonta,Metazoa,Rotifera,Rotifera_X,Rotifera_XX,NA,NA,Opisthokonta_Rotifera
ASV_2128,0,0,0,0,0,0,0,0,0,0,0,0,0,0,0,0,0,0,0,0,0,0,0,0,0,0,0,0,0,0,24,0,0,24,0,0,0,0,0,0,0,0,0,0,0,Eukaryota,TSAR,Stramenopiles,Gyrista,Chrysophyceae,Chrysosaccales,Chrysosaccaceae,Chromophyton,Chromophyton_rosanoffii,Stramenopiles
ASV_2129,0,0,0,0,0,0,0,0,0,0,0,0,0,0,0,0,0,0,0,0,0,0,0,0,0,0,0,0,0,0,0,0,0,48,0,0,0,0,0,0,0,0,0,0,0,Eukaryota,TSAR,Alveolata,Ciliophora,Oligohymenophorea,Scuticociliatia_2,Scuticociliatia_2_X,Scuticociliatia_2_XX,Scuticociliatia_2_XX_sp.,Alveolata
ASV_2130,0,0,0,0,0,0,0,0,0,0,0,0,0,0,0,0,0,0,0,0,0,0,0,0,0,0,0,0,0,0,0,0,0,0,15,0,25,8,0,0,0,0,0,0,0,Eukaryota,Archaeplastida,Chlorophyta,Chlorophyta_X,Chlorophyceae,Chlamydomonadales,Chlamydomonadales_X,Tetracystis,NA,Chlorophyta
ASV_2131,0,0,0,0,0,0,0,0,0,0,0,0,0,0,0,0,0,0,0,0,0,0,0,0,0,0,0,0,0,0,0,0,0,0,0,0,0,48,0,0,0,0,0,0,0,Eukaryota,Archaeplastida,Chlorophyta,Chlorophyta_X,Trebouxiophyceae,Prasiolales,Prasiolales_X,Koliella,Koliella_spiculiformis,Chlorophyta
ASV_2132,0,47,0,0,0,0,0,0,0,0,0,0,0,0,0,0,0,0,0,0,0,0,0,0,0,0,0,0,0,0,0,0,0,0,0,0,0,0,0,0,0,0,0,0,0,Eukaryota,TSAR,Stramenopiles,Gyrista,Peronosporomycetes,Peronosporomycetes,Peronosporales,Peronosporales_X,Peronosporales_X_sp.,Stramenopiles
ASV_2133,0,0,0,47,0,0,0,0,0,0,0,0,0,0,0,0,0,0,0,0,0,0,0,0,0,0,0,0,0,0,0,0,0,0,0,0,0,0,0,0,0,0,0,0,0,Eukaryota,Obazoa,Opisthokonta,NA,NA,NA,NA,NA,NA,Opisthokonta_Unclassified
ASV_2134,0,0,0,0,0,0,47,0,0,0,0,0,0,0,0,0,0,0,0,0,0,0,0,0,0,0,0,0,0,0,0,0,0,0,0,0,0,0,0,0,0,0,0,0,0,Eukaryota,Archaeplastida,Chlorophyta,Chlorophyta_X,Chlorophyceae,Sphaeropleales,Sphaeropleales_X,Pediastrum,Pediastrum_duplex,Chlorophyta
ASV_2135,0,0,0,0,0,0,0,0,0,0,22,0,16,0,0,0,0,0,0,0,0,0,9,0,0,0,0,0,0,0,0,0,0,0,0,0,0,0,0,0,0,0,0,0,0,Eukaryota,TSAR,Stramenopiles,Gyrista,Hyphochytriomyceta,Hyphochytriales,Hyphochrytriaceae,Rhizidiomyces,Rhizidiomyces_apophysatus,Stramenopiles
ASV_2136,0,0,0,0,0,0,0,0,0,0,0,0,47,0,0,0,0,0,0,0,0,0,0,0,0,0,0,0,0,0,0,0,0,0,0,0,0,0,0,0,0,0,0,0,0,Eukaryota,Archaeplastida,Chlorophyta,Chlorophyta_X,Chlorophyceae,Chlamydomonadales,Chlamydomonadales_X,NA,NA,Chlorophyta
ASV_2137,0,0,0,0,0,0,0,0,0,0,0,0,0,0,0,47,0,0,0,0,0,0,0,0,0,0,0,0,0,0,0,0,0,0,0,0,0,0,0,0,0,0,0,0,0,Eukaryota,Cryptista,Cryptophyta,Cryptophyta_X,Cryptophyceae,Cryptomonadales,Cryptomonadales_X,Cryptomonas,NA,Cryptophyta
ASV_2138,0,0,0,0,0,0,0,0,0,0,0,0,0,0,0,0,0,0,47,0,0,0,0,0,0,0,0,0,0,0,0,0,0,0,0,0,0,0,0,0,0,0,0,0,0,Eukaryota,TSAR,Rhizaria,Cercozoa,Filosa-Imbricatea,Thaumatomonadida,Esquamulidae,Esquamula,Esquamula_lacrimiformis,Rhizaria
ASV_2139,0,0,0,0,0,0,0,0,0,0,0,0,0,0,0,0,0,0,0,0,47,0,0,0,0,0,0,0,0,0,0,0,0,0,0,0,0,0,0,0,0,0,0,0,0,Eukaryota,TSAR,Stramenopiles,Gyrista,Chrysophyceae,NA,NA,NA,NA,Stramenopiles
ASV_2140,0,0,0,0,0,0,0,0,0,0,0,0,0,0,0,0,0,0,0,0,41,0,0,0,0,6,0,0,0,0,0,0,0,0,0,0,0,0,0,0,0,0,0,0,0,Eukaryota,Archaeplastida,Chlorophyta,Chlorophyta_X,Trebouxiophyceae,Prasiolales,Prasiolales_X,NA,NA,Chlorophyta
ASV_2141,0,0,0,0,0,0,0,0,0,0,0,0,0,0,0,0,0,0,0,0,0,0,0,47,0,0,0,0,0,0,0,0,0,0,0,0,0,0,0,0,0,0,0,0,0,Eukaryota,Obazoa,Opisthokonta,Fungi,Ascomycota,Pezizomycotina,Eurotiomycetes,Knufia,Knufia_cryptophialidica,Opisthokonta_Ascomycota
ASV_2142,0,0,0,0,0,0,0,0,0,0,0,0,0,0,0,0,0,0,0,0,0,0,0,47,0,0,0,0,0,0,0,0,0,0,0,0,0,0,0,0,0,0,0,0,0,Eukaryota,TSAR,Stramenopiles,Gyrista,Chrysophyceae,Chrysosaccales,Chrysosaccaceae,Chrysosphaera,Chrysosphaera_parvula,Stramenopiles
ASV_2143,0,0,0,0,0,0,0,0,0,0,0,0,0,0,0,0,0,0,0,0,0,0,0,0,0,0,0,0,47,0,0,0,0,0,0,0,0,0,0,0,0,0,0,0,0,Eukaryota,Cryptista,Kathablepharidacea,Kathablepharida,Kathablepharidea,Kathablepharidida,Kathablepharidida_X,Kathablepharidida_XX,Kathablepharidida_XX_sp.,Kathablepharidacea
ASV_2144,0,0,0,0,0,0,0,0,0,0,0,0,0,0,0,0,0,0,0,0,0,0,0,0,0,0,0,0,0,0,0,0,0,47,0,0,0,0,0,0,0,0,0,0,0,Eukaryota,TSAR,Stramenopiles,Bigyra,Bicoecea,Pseudodendromonadales,Pseudodendromonadales_X,Pseudodendromonadales_XX,Pseudodendromonadales_XX_sp.,Stramenopiles
ASV_2145,0,0,0,0,0,0,0,0,0,0,0,0,0,0,0,0,0,0,0,0,0,0,0,0,0,0,0,0,0,0,0,0,0,47,0,0,0,0,0,0,0,0,0,0,0,Eukaryota,Archaeplastida,Chlorophyta,Chlorophyta_X,Chlorophyceae,NA,NA,NA,NA,Chlorophyta
ASV_2146,0,0,0,0,0,0,0,0,0,0,0,0,0,0,0,0,0,0,0,0,0,0,0,0,0,0,0,0,0,0,0,0,0,0,47,0,0,0,0,0,0,0,0,0,0,Eukaryota,Archaeplastida,Chlorophyta,Chlorophyta_X,Chlorophyceae,Sphaeropleales,Sphaeropleales_X,Raphidocelis,Raphidocelis_subcapitata,Chlorophyta
ASV_2147,0,0,0,0,0,0,0,0,0,0,0,0,0,0,0,0,0,0,0,0,0,0,0,0,0,0,0,0,0,0,0,0,0,0,0,0,0,47,0,0,0,0,0,0,0,Eukaryota,Archaeplastida,Chlorophyta,Chlorophyta_X,Chlorophyceae,Chlamydomonadales,Chlamydomonadales_X,NA,NA,Chlorophyta
ASV_2148,0,0,0,0,0,0,0,0,0,0,0,0,0,0,0,0,0,0,0,0,0,0,0,0,0,0,0,0,0,0,0,0,0,0,0,0,0,0,0,0,0,47,0,0,0,Eukaryota,TSAR,Stramenopiles,Gyrista,Chrysophyceae,Synurales,Synuraceae,Mallomonas,NA,Stramenopiles
ASV_2149,0,0,0,0,46,0,0,0,0,0,0,0,0,0,0,0,0,0,0,0,0,0,0,0,0,0,0,0,0,0,0,0,0,0,0,0,0,0,0,0,0,0,0,0,0,Eukaryota,Obazoa,Opisthokonta,Metazoa,Gastrotricha,Gastrotricha_X,Gastrotricha_XX,Lepidodermella,Lepidodermella_squamata,Opisthokonta_Gastrotricha
ASV_2150,0,0,0,0,0,0,0,0,0,0,0,0,0,0,0,46,0,0,0,0,0,0,0,0,0,0,0,0,0,0,0,0,0,0,0,0,0,0,0,0,0,0,0,0,0,Eukaryota,TSAR,Rhizaria,Cercozoa,Endomyxa,Vampyrellida,Leptophryidae,NA,NA,Rhizaria
ASV_2151,0,0,0,0,0,0,0,0,0,0,0,0,0,0,0,0,36,0,10,0,0,0,0,0,0,0,0,0,0,0,0,0,0,0,0,0,0,0,0,0,0,0,0,0,0,Eukaryota,Archaeplastida,Chlorophyta,Chlorophyta_X,Chlorophyceae,Chlamydomonadales,Chlamydomonadales_X,NA,NA,Chlorophyta
ASV_2152,0,0,0,0,0,0,0,0,0,0,0,0,0,0,0,0,0,46,0,0,0,0,0,0,0,0,0,0,0,0,0,0,0,0,0,0,0,0,0,0,0,0,0,0,0,Eukaryota,Obazoa,Opisthokonta,Metazoa,Arthropoda,Crustacea,Ostracoda,Darwinula,Darwinula_stevensoni,Opisthokonta_Arthropoda
ASV_2153,0,0,0,0,0,0,0,0,0,0,0,0,0,0,0,0,0,46,0,0,0,0,0,0,0,0,0,0,0,0,0,0,0,0,0,0,0,0,0,0,0,0,0,0,0,Eukaryota,TSAR,Stramenopiles,Bigyra,Bicoecea,Pseudodendromonadales,Pseudodendromonadales_X,Pseudodendromonadales_XX,Pseudodendromonadales_XX_sp.,Stramenopiles
ASV_2154,0,0,0,0,0,0,0,0,0,0,0,0,0,0,0,0,0,0,46,0,0,0,0,0,0,0,0,0,0,0,0,0,0,0,0,0,0,0,0,0,0,0,0,0,0,Eukaryota,Obazoa,Opisthokonta,Metazoa,Craniata,Craniata_X,Archosauria,Gallus,Gallus_gallus,Opisthokonta_Craniata
ASV_2155,0,0,0,0,0,0,0,0,0,0,0,0,0,0,0,0,0,0,27,0,0,0,19,0,0,0,0,0,0,0,0,0,0,0,0,0,0,0,0,0,0,0,0,0,0,Eukaryota,Obazoa,Opisthokonta,Filasterea,Filasterea_X,Filasterea_XX,Filasterea_XXX,Pigoraptor,Pigoraptor_chileana,Opisthokonta_Filasterea
ASV_2156,0,0,0,0,0,0,0,0,0,0,0,0,0,0,0,0,0,0,13,0,0,0,0,12,0,21,0,0,0,0,0,0,0,0,0,0,0,0,0,0,0,0,0,0,0,Eukaryota,Archaeplastida,Chlorophyta,Chlorophyta_X,Chlorophyceae,Sphaeropleales,Sphaeropleales_X,Coelastrella,Coelastrella_oocystiformis,Chlorophyta
ASV_2157,0,0,0,0,0,0,0,0,0,0,0,0,0,0,0,0,0,0,0,0,0,46,0,0,0,0,0,0,0,0,0,0,0,0,0,0,0,0,0,0,0,0,0,0,0,Eukaryota,Archaeplastida,Chlorophyta,Chlorophyta_X,Chlorophyceae,Chlamydomonadales,Chlamydomonadales_X,Carteria,NA,Chlorophyta
ASV_2158,0,0,0,0,0,0,0,0,0,0,0,0,0,0,0,0,0,0,0,0,0,0,0,0,46,0,0,0,0,0,0,0,0,0,0,0,0,0,0,0,0,0,0,0,0,Eukaryota,Obazoa,Opisthokonta,Fungi,Chytridiomycota,Spizellomycetales,Spizellomycetales_X,Spizellomycetales_XX,Spizellomycetales_XX_sp.,Opisthokonta_Chytridiomycota
ASV_2159,0,0,0,0,0,0,0,0,0,0,0,0,0,0,0,0,0,0,0,0,0,0,0,0,0,0,0,46,0,0,0,0,0,0,0,0,0,0,0,0,0,0,0,0,0,Eukaryota,NA,NA,NA,NA,NA,NA,NA,NA,NA
ASV_2160,0,0,0,0,0,0,0,0,0,0,0,0,0,0,0,0,0,0,0,0,0,0,0,0,0,0,0,0,46,0,0,0,0,0,0,0,0,0,0,0,0,0,0,0,0,Eukaryota,Cryptista,Cryptophyta,Cryptophyta_X,Cryptophyceae,Cryptomonadales,Cryptomonadales_X,Cryptomonas,NA,Cryptophyta
ASV_2161,0,0,0,0,0,0,0,0,0,0,0,0,0,0,0,0,0,0,0,0,0,0,0,0,0,0,0,0,0,46,0,0,0,0,0,0,0,0,0,0,0,0,0,0,0,Eukaryota,Obazoa,Opisthokonta,Metazoa,Arthropoda,Crustacea,Ostracoda,Cypridopsis,Cypridopsis_japonica,Opisthokonta_Arthropoda
ASV_2162,0,0,0,0,0,0,0,0,0,0,0,0,0,0,0,0,0,0,0,0,0,0,0,0,0,0,0,0,0,0,0,0,0,46,0,0,0,0,0,0,0,0,0,0,0,Eukaryota,TSAR,Stramenopiles,Gyrista,Eustigmatophyceae,Eustigmatophyceae_X,Eustigmatophyceae_XX,Pseudocharaciopsis,Pseudocharaciopsis_ovalis,Stramenopiles
ASV_2163,0,0,0,0,0,0,0,0,0,0,0,0,0,0,0,0,0,0,0,0,0,0,0,0,0,0,0,0,0,0,0,0,0,46,0,0,0,0,0,0,0,0,0,0,0,Eukaryota,TSAR,Stramenopiles,Gyrista,Chrysophyceae,NA,NA,NA,NA,Stramenopiles
ASV_2164,0,0,0,0,0,0,0,0,0,0,0,0,0,0,0,0,0,0,0,0,0,0,0,0,0,0,0,0,0,0,0,0,0,46,0,0,0,0,0,0,0,0,0,0,0,Eukaryota,TSAR,Rhizaria,Cercozoa,Filosa-SarcomoNAdea,Pansomonadida,Agitatidae,Agitatidae_X,Agitatidae_X_sp.,Rhizaria
ASV_2165,0,0,0,0,0,0,0,0,0,0,0,0,0,0,0,0,0,0,0,0,0,0,0,0,0,0,0,0,0,0,0,0,0,46,0,0,0,0,0,0,0,0,0,0,0,Eukaryota,TSAR,Stramenopiles,Gyrista,Peronosporomycetes,Peronosporomycetes,Peronosporales,NA,NA,Stramenopiles
ASV_2166,0,0,0,0,0,0,0,0,0,0,0,0,0,0,0,0,0,0,0,0,0,0,0,0,0,0,0,0,0,0,0,0,0,0,0,0,46,0,0,0,0,0,0,0,0,Eukaryota,Obazoa,Opisthokonta,Fungi,Basidiomycota,Ustilaginomycotina,Exobasidiomycetes,NA,NA,Opisthokonta_Basidiomycota
ASV_2167,0,45,0,0,0,0,0,0,0,0,0,0,0,0,0,0,0,0,0,0,0,0,0,0,0,0,0,0,0,0,0,0,0,0,0,0,0,0,0,0,0,0,0,0,0,Eukaryota,Obazoa,Opisthokonta,Fungi,Chytridiomycota,NA,NA,NA,NA,Opisthokonta_Chytridiomycota
ASV_2168,0,0,0,0,0,0,0,0,0,0,0,0,0,0,0,0,0,0,45,0,0,0,0,0,0,0,0,0,0,0,0,0,0,0,0,0,0,0,0,0,0,0,0,0,0,Eukaryota,Amoebozoa,Discosea,Discosea_X,Flabellinia,Flabellinia_X,LKM74-lineage,LKM74-lineage_X,LKM74-lineage_X_sp.,Discosea
ASV_2169,0,0,0,0,0,0,0,0,0,0,0,0,0,0,0,0,0,0,45,0,0,0,0,0,0,0,0,0,0,0,0,0,0,0,0,0,0,0,0,0,0,0,0,0,0,Eukaryota,TSAR,Alveolata,Dinoflagellata,Dinophyceae,Gymnodiniales,NA,NA,NA,Alveolata
ASV_2170,0,0,0,0,0,0,0,0,0,0,0,0,0,0,0,0,0,0,13,0,0,0,0,0,32,0,0,0,0,0,0,0,0,0,0,0,0,0,0,0,0,0,0,0,0,Eukaryota,Archaeplastida,Chlorophyta,Chlorophyta_X,Trebouxiophyceae,Microthamniales,Microthamniales_X,Microthamniales_XX,Microthamniales_XX_sp.,Chlorophyta
ASV_2171,0,0,0,0,0,0,0,0,0,0,0,0,0,0,0,0,0,0,0,45,0,0,0,0,0,0,0,0,0,0,0,0,0,0,0,0,0,0,0,0,0,0,0,0,0,Eukaryota,Obazoa,Opisthokonta,Fungi,NA,NA,NA,NA,NA,Opisthokonta_Unclassified
ASV_2172,0,0,0,0,0,0,0,0,0,0,0,0,0,0,0,0,0,0,0,0,45,0,0,0,0,0,0,0,0,0,0,0,0,0,0,0,0,0,0,0,0,0,0,0,0,Eukaryota,Obazoa,Opisthokonta,Fungi,NA,NA,NA,NA,NA,Opisthokonta_Unclassified
ASV_2173,0,0,0,0,0,0,0,0,0,0,0,0,0,0,0,0,0,0,0,0,0,0,0,0,0,0,0,14,0,0,0,0,0,0,0,0,0,31,0,0,0,0,0,0,0,Eukaryota,TSAR,Stramenopiles,Gyrista,Mediophyceae,Thalassiosirales,Stephanodiscaceae,Cyclotella,Cyclotella_meneghiniana,Stramenopiles
ASV_2174,0,0,0,0,0,0,0,0,0,0,0,0,0,0,0,0,0,0,0,0,0,0,0,0,0,0,0,0,45,0,0,0,0,0,0,0,0,0,0,0,0,0,0,0,0,Eukaryota,Archaeplastida,Chlorophyta,Chlorophyta_X,Chlorophyceae,Chlamydomonadales,Chlamydomonadales_X,NA,NA,Chlorophyta
ASV_2175,0,0,0,0,0,0,0,0,0,0,0,0,0,0,0,0,0,0,0,0,0,0,0,0,0,0,0,0,0,0,0,0,0,45,0,0,0,0,0,0,0,0,0,0,0,Eukaryota,Obazoa,Opisthokonta,Metazoa,Arthropoda,Crustacea,Branchiopoda,Scapholeberis,Scapholeberis_mucronata,Opisthokonta_Arthropoda
ASV_2176,0,0,0,0,0,0,0,0,0,0,0,0,0,0,0,0,0,0,0,0,0,0,0,0,0,0,0,0,0,0,0,0,0,45,0,0,0,0,0,0,0,0,0,0,0,Eukaryota,TSAR,Stramenopiles,Gyrista,Peronosporomycetes,Peronosporomycetes,Peronosporales,NA,NA,Stramenopiles
ASV_2177,0,0,0,0,0,0,0,0,0,0,0,0,0,0,0,0,0,0,0,0,0,0,0,0,0,0,0,0,0,0,0,0,0,45,0,0,0,0,0,0,0,0,0,0,0,Eukaryota,Obazoa,Opisthokonta,Choanoflagellata,Choanoflagellatea,Craspedida,Salpingoecidae_Group_C1,Salpingoecidae_Group_C1_X,Salpingoecidae_Group_C1_X_sp.,Opisthokonta_Choanoflagellatea
ASV_2178,0,0,0,0,0,0,0,0,0,0,0,0,0,0,0,0,0,0,0,0,0,0,0,0,0,0,0,0,0,0,0,0,0,0,0,0,0,45,0,0,0,0,0,0,0,Eukaryota,TSAR,Stramenopiles,Bigyra,Bicoecea,Pseudodendromonadales,Pseudodendromonadales_X,Pseudodendromonadales_XX,Pseudodendromonadales_XX_sp.,Stramenopiles
ASV_2179,44,0,0,0,0,0,0,0,0,0,0,0,0,0,0,0,0,0,0,0,0,0,0,0,0,0,0,0,0,0,0,0,0,0,0,0,0,0,0,0,0,0,0,0,0,Eukaryota,Obazoa,Opisthokonta,Metazoa,Arthropoda,Crustacea,Branchiopoda,Bosmina,Bosmina_longirostris,Opisthokonta_Arthropoda
ASV_2180,0,0,0,0,0,0,19,0,0,0,0,0,25,0,0,0,0,0,0,0,0,0,0,0,0,0,0,0,0,0,0,0,0,0,0,0,0,0,0,0,0,0,0,0,0,Eukaryota,Obazoa,Opisthokonta,Fungi,Chytridiomycota,NA,NA,NA,NA,Opisthokonta_Chytridiomycota
ASV_2181,0,0,0,0,0,0,0,0,0,0,37,0,0,7,0,0,0,0,0,0,0,0,0,0,0,0,0,0,0,0,0,0,0,0,0,0,0,0,0,0,0,0,0,0,0,Eukaryota,TSAR,Stramenopiles,Bigyra,Opalozoa,Opalozoa_X,MAST-12,MAST-12_X,MAST-12_X_sp.,Stramenopiles
ASV_2182,0,0,0,0,0,0,0,0,0,0,0,0,0,0,0,0,0,44,0,0,0,0,0,0,0,0,0,0,0,0,0,0,0,0,0,0,0,0,0,0,0,0,0,0,0,Eukaryota,Obazoa,Opisthokonta,Choanoflagellata,Choanoflagellatea,Craspedida,Salpingoecidae_Group_C1,Salpingoeca_C1,Salpingoeca_fusiformis,Opisthokonta_Choanoflagellatea
ASV_2183,0,0,0,0,0,0,0,0,0,0,0,0,0,0,0,0,0,0,0,25,0,0,0,0,0,0,0,0,0,0,0,0,0,0,0,0,19,0,0,0,0,0,0,0,0,Eukaryota,Obazoa,Opisthokonta,Fungi,Ascomycota,Pezizomycotina,Sordariomycetes,Phomopsis,Phomopsis_amygdali,Opisthokonta_Ascomycota
ASV_2184,0,0,0,0,0,0,0,0,0,0,0,0,0,0,0,0,0,0,0,0,44,0,0,0,0,0,0,0,0,0,0,0,0,0,0,0,0,0,0,0,0,0,0,0,0,Eukaryota,Archaeplastida,Streptophyta,Streptophyta_X,Klebsormidiophyceae,Klebsormidiophyceae_X,Klebsormidiophyceae_XX,Interfilum,Interfilum_sp.,Streptophyta
ASV_2185,0,0,0,0,0,0,0,0,0,0,0,0,0,0,0,0,0,0,0,0,44,0,0,0,0,0,0,0,0,0,0,0,0,0,0,0,0,0,0,0,0,0,0,0,0,Eukaryota,Obazoa,Opisthokonta,Fungi,Chytridiomycota,Chytridiales,Chytridiaceae,Diplochytridium,Diplochytridium_lagenarium,Opisthokonta_Chytridiomycota
ASV_2186,0,0,0,0,0,0,0,0,0,0,0,0,0,0,0,0,0,0,0,0,44,0,0,0,0,0,0,0,0,0,0,0,0,0,0,0,0,0,0,0,0,0,0,0,0,Eukaryota,Obazoa,Opisthokonta,Metazoa,Platyhelminthes,Turbellaria,Catenulida,Stenostomum,Stenostomum_sp.,Opisthokonta_Platyhelminthes
ASV_2187,0,0,0,0,0,0,0,0,0,0,0,0,0,0,0,0,0,0,0,0,0,44,0,0,0,0,0,0,0,0,0,0,0,0,0,0,0,0,0,0,0,0,0,0,0,Eukaryota,Archaeplastida,Chlorophyta,Chlorophyta_X,Chlorophyceae,Chlamydomonadales,Chlamydomonadales_X,Carteria,Carteria_lunzensis,Chlorophyta
ASV_2188,0,0,0,0,0,0,0,0,0,0,0,0,0,0,0,0,0,0,0,0,0,44,0,0,0,0,0,0,0,0,0,0,0,0,0,0,0,0,0,0,0,0,0,0,0,Eukaryota,Archaeplastida,Chlorophyta,Chlorophyta_X,Chlorophyceae,Chlamydomonadales,Chlamydomonadales_X,Carteria,Carteria_lunzensis,Chlorophyta
ASV_2189,0,0,0,0,0,0,0,0,0,0,0,0,0,0,0,0,0,0,0,0,0,0,0,0,0,44,0,0,0,0,0,0,0,0,0,0,0,0,0,0,0,0,0,0,0,Eukaryota,Obazoa,Opisthokonta,Fungi,Basidiomycota,Agaricomycotina,Agaricomycetes,Sistotrema,NA,Opisthokonta_Basidiomycota
ASV_2190,0,0,0,0,0,0,0,0,0,0,0,0,0,0,0,0,0,0,0,0,0,0,0,0,0,0,44,0,0,0,0,0,0,0,0,0,0,0,0,0,0,0,0,0,0,Eukaryota,Obazoa,Opisthokonta,Metazoa,Arthropoda,Hexapoda,Insecta,Corethrella,Corethrella_wirthi,Opisthokonta_Arthropoda
ASV_2191,0,0,0,0,0,0,0,0,0,0,0,0,0,0,0,0,0,0,0,0,0,0,0,0,0,0,0,0,44,0,0,0,0,0,0,0,0,0,0,0,0,0,0,0,0,Eukaryota,Obazoa,Opisthokonta,Ichthyosporea,Ichthyophonida,Pseudoperkinsidae,Pseudoperkinsidae_X,Pseudoperkinsidae_XX,Pseudoperkinsidae_XX_sp.,Opisthokonta_Ichthyophonida
ASV_2192,0,0,0,0,0,0,0,0,0,0,0,0,0,0,0,0,0,0,0,0,0,0,0,0,0,0,0,0,0,0,0,20,0,0,0,0,24,0,0,0,0,0,0,0,0,Eukaryota,TSAR,Alveolata,Ciliophora,Spirotrichea,Hypotrichia,Halteriidae,Halteriidae_X,Halteriidae_X_sp.,Alveolata
ASV_2193,0,0,0,0,0,0,0,0,0,0,0,0,0,0,0,0,0,0,0,0,0,0,0,0,0,0,0,0,0,0,0,0,0,44,0,0,0,0,0,0,0,0,0,0,0,Eukaryota,TSAR,Stramenopiles,Gyrista,Synchromophyceae,Synchromophyceae_X,Synchromophyceae_XX,Synchromophyceae_XXX,Synchromophyceae_XXX_sp.,Stramenopiles
ASV_2194,0,0,0,0,0,0,0,0,0,0,0,0,0,0,0,0,0,0,0,0,0,0,0,0,0,0,0,0,0,0,0,0,0,44,0,0,0,0,0,0,0,0,0,0,0,Eukaryota,Archaeplastida,Chlorophyta,Chlorophyta_X,Chlorophyceae,Chlamydomonadales,Chlamydomonadales_X,NA,NA,Chlorophyta
ASV_2195,0,0,0,0,0,0,0,0,0,0,0,0,0,0,0,0,0,0,0,0,0,0,0,0,0,0,0,0,0,0,0,0,0,0,0,0,44,0,0,0,0,0,0,0,0,Eukaryota,Archaeplastida,Chlorophyta,Chlorophyta_X,Chlorophyceae,Chlamydomonadales,Chlamydomonadales_X,Chlamydomonas,Chlamydomonas_raudensis,Chlorophyta
ASV_2196,0,0,0,0,0,0,0,0,0,0,0,0,0,0,0,0,0,0,0,0,0,0,0,0,0,0,0,0,0,0,0,0,0,0,0,0,33,0,0,0,0,11,0,0,0,Eukaryota,Archaeplastida,Chlorophyta,Chlorophyta_X,Trebouxiophyceae,Trebouxiophyceae_X,Trebouxiophyceae_XX,Botryococcus,Botryococcus_braunii,Chlorophyta
ASV_2197,0,3,0,0,0,0,0,0,0,0,0,0,0,0,0,0,0,0,0,0,0,0,0,7,0,0,0,0,0,0,0,0,0,33,0,0,0,0,0,0,0,0,0,0,0,Eukaryota,Obazoa,Opisthokonta,Metazoa,Annelida,Annelida_X,Annelida_XX,Pristina,Pristina_longiseta,Opisthokonta_Annelida
ASV_2198,0,0,0,0,0,0,0,43,0,0,0,0,0,0,0,0,0,0,0,0,0,0,0,0,0,0,0,0,0,0,0,0,0,0,0,0,0,0,0,0,0,0,0,0,0,Eukaryota,Archaeplastida,Streptophyta,Streptophyta_X,Zygnemophyceae, Zygnemophyceae, ZygnemophyceaeX,Staurastrum,NA,Streptophyta
ASV_2199,0,0,0,0,0,0,0,0,0,0,0,0,0,0,0,0,43,0,0,0,0,0,0,0,0,0,0,0,0,0,0,0,0,0,0,0,0,0,0,0,0,0,0,0,0,Eukaryota,Obazoa,Opisthokonta,Fungi,NA,NA,NA,NA,NA,Opisthokonta_Unclassified
ASV_2200,0,0,0,0,0,0,0,0,0,0,0,0,0,0,0,0,27,0,16,0,0,0,0,0,0,0,0,0,0,0,0,0,0,0,0,0,0,0,0,0,0,0,0,0,0,Eukaryota,TSAR,Stramenopiles,Gyrista,Chrysophyceae,Paraphysomonadales,Paraphysomonadaceae,Paraphysomonas,Paraphysomonas_longispina,Stramenopiles
ASV_2201,0,0,0,0,0,0,0,0,0,0,0,0,0,0,0,0,23,0,0,0,0,0,0,0,0,0,0,0,0,0,17,0,0,3,0,0,0,0,0,0,0,0,0,0,0,Eukaryota,TSAR,Stramenopiles,Gyrista,Peronosporomycetes,Peronosporomycetes,Peronosporales,NA,NA,Stramenopiles
ASV_2202,0,0,0,0,0,0,0,0,0,0,0,0,0,0,0,0,0,0,14,14,0,0,15,0,0,0,0,0,0,0,0,0,0,0,0,0,0,0,0,0,0,0,0,0,0,Eukaryota,TSAR,Alveolata,Ciliophora,Litostomatea,Haptoria_5,Pleurostomatida,Acineria,Acineria_incurvata,Alveolata
ASV_2203,0,0,0,0,0,0,0,0,0,0,0,0,0,0,0,0,0,0,0,0,43,0,0,0,0,0,0,0,0,0,0,0,0,0,0,0,0,0,0,0,0,0,0,0,0,Eukaryota,Archaeplastida,Chlorophyta,Chlorophyta_X,Trebouxiophyceae,Chlorellales,Chlorellales_X,Micractinium,NA,Chlorophyta
ASV_2204,0,0,0,0,0,0,0,0,0,0,0,0,0,0,0,0,0,0,0,0,0,43,0,0,0,0,0,0,0,0,0,0,0,0,0,0,0,0,0,0,0,0,0,0,0,Eukaryota,Obazoa,Opisthokonta,Fungi,Chytridiomycota,Cladochytriales,Endochytriaceae,Diplophlyctis,Diplophlyctis_sp.,Opisthokonta_Chytridiomycota
ASV_2205,0,0,0,0,0,0,0,0,0,0,0,0,0,0,0,0,0,0,0,0,0,0,0,0,0,43,0,0,0,0,0,0,0,0,0,0,0,0,0,0,0,0,0,0,0,Eukaryota,Obazoa,Opisthokonta,Fungi,Zoopagomycota,Entomophthoromycotina,Entomophthoromycotina_X,Zoophthora,Zoophthora_radicans,Opisthokonta_Zoopagomycota
ASV_2206,0,0,0,0,0,0,0,0,0,0,0,0,0,0,0,0,0,0,0,0,0,0,0,0,0,0,0,43,0,0,0,0,0,0,0,0,0,0,0,0,0,0,0,0,0,Eukaryota,TSAR,Stramenopiles,Gyrista,Eustigmatophyceae,Eustigmatophyceae_X,Eustigmatophyceae_XX,Trachydiscus,Trachydiscus_sp.,Stramenopiles
ASV_2207,0,0,0,0,0,0,0,0,0,0,0,0,0,0,0,0,0,0,0,0,0,0,0,0,0,0,0,0,0,0,43,0,0,0,0,0,0,0,0,0,0,0,0,0,0,Eukaryota,Obazoa,Opisthokonta,Metazoa,Arthropoda,Crustacea,Branchiopoda,NA,NA,Opisthokonta_Arthropoda
ASV_2208,0,0,0,0,0,0,0,0,0,0,0,0,0,0,0,0,0,0,0,0,0,0,0,0,0,0,0,0,0,0,0,0,0,43,0,0,0,0,0,0,0,0,0,0,0,Eukaryota,TSAR,Stramenopiles,Bigyra,Bicoecea,Pseudodendromonadales,Pseudodendromonadales_X,Pseudodendromonadales_XX,Pseudodendromonadales_XX_sp.,Stramenopiles
ASV_2209,0,0,0,0,0,0,0,0,0,0,0,0,0,0,0,0,0,0,0,0,0,0,0,0,0,0,0,0,0,0,0,0,0,0,0,0,0,43,0,0,0,0,0,0,0,Eukaryota,TSAR,Stramenopiles,Bigyra,Bicoecea,Pseudodendromonadales,Pseudodendromonadales_X,Pseudodendromonadales_XX,Pseudodendromonadales_XX_sp.,Stramenopiles
ASV_2210,0,0,0,0,0,0,0,0,0,0,0,0,0,0,0,0,0,0,0,0,0,0,0,0,0,0,0,0,0,0,0,0,0,0,0,0,0,0,0,22,0,12,9,0,0,Eukaryota,Obazoa,Opisthokonta,Fungi,Chytridiomycota,Zygophlyctidales,Zygophlyctidaceae,Zygophlyctis,NA,Opisthokonta_Chytridiomycota
ASV_2211,42,0,0,0,0,0,0,0,0,0,0,0,0,0,0,0,0,0,0,0,0,0,0,0,0,0,0,0,0,0,0,0,0,0,0,0,0,0,0,0,0,0,0,0,0,Eukaryota,Obazoa,Opisthokonta,Metazoa,Arthropoda,Crustacea,Maxillopoda,NA,NA,Opisthokonta_Arthropoda
ASV_2212,0,42,0,0,0,0,0,0,0,0,0,0,0,0,0,0,0,0,0,0,0,0,0,0,0,0,0,0,0,0,0,0,0,0,0,0,0,0,0,0,0,0,0,0,0,Eukaryota,Obazoa,Opisthokonta,Fungi,Chytridiomycota,Spizellomycetales,Spizellomycetales_X,Spizellomycetales_XX,Spizellomycetales_XX_sp.,Opisthokonta_Chytridiomycota
ASV_2213,0,0,0,42,0,0,0,0,0,0,0,0,0,0,0,0,0,0,0,0,0,0,0,0,0,0,0,0,0,0,0,0,0,0,0,0,0,0,0,0,0,0,0,0,0,Eukaryota,Obazoa,Opisthokonta,Fungi,Chytridiomycota,NA,NA,NA,NA,Opisthokonta_Chytridiomycota
ASV_2214,0,0,0,0,0,20,22,0,0,0,0,0,0,0,0,0,0,0,0,0,0,0,0,0,0,0,0,0,0,0,0,0,0,0,0,0,0,0,0,0,0,0,0,0,0,Eukaryota,TSAR,Rhizaria,Cercozoa,Endomyxa,Vampyrellida,Leptophryidae,NA,NA,Rhizaria
ASV_2215,0,0,0,0,0,0,42,0,0,0,0,0,0,0,0,0,0,0,0,0,0,0,0,0,0,0,0,0,0,0,0,0,0,0,0,0,0,0,0,0,0,0,0,0,0,Eukaryota,Obazoa,Opisthokonta,Fungi,Chytridiomycota,Rhizophydiales,NA,NA,NA,Opisthokonta_Chytridiomycota
ASV_2216,0,0,0,0,0,0,0,0,0,23,19,0,0,0,0,0,0,0,0,0,0,0,0,0,0,0,0,0,0,0,0,0,0,0,0,0,0,0,0,0,0,0,0,0,0,Eukaryota,Obazoa,Opisthokonta,Fungi,NA,NA,NA,NA,NA,Opisthokonta_Unclassified
ASV_2217,0,0,0,0,0,0,0,0,0,0,0,0,0,42,0,0,0,0,0,0,0,0,0,0,0,0,0,0,0,0,0,0,0,0,0,0,0,0,0,0,0,0,0,0,0,Eukaryota,Obazoa,Opisthokonta,Fungi,Chytridiomycota,Chytridiales,Chytridiaceae,Chytriomyces,NA,Opisthokonta_Chytridiomycota
ASV_2218,0,0,0,0,0,0,0,0,0,0,0,0,0,0,0,42,0,0,0,0,0,0,0,0,0,0,0,0,0,0,0,0,0,0,0,0,0,0,0,0,0,0,0,0,0,Eukaryota,TSAR,Stramenopiles,Gyrista,Chrysophyceae,Chrysosaccales,Chrysosaccaceae,Chrysosphaera,Chrysosphaera_parvula,Stramenopiles
ASV_2219,0,0,0,0,0,0,0,0,0,0,0,0,0,0,0,0,0,42,0,0,0,0,0,0,0,0,0,0,0,0,0,0,0,0,0,0,0,0,0,0,0,0,0,0,0,Eukaryota,TSAR,Stramenopiles,Bigyra,Bicoecea,Pseudodendromonadales,Pseudodendromonadales_X,Pseudodendromonadales_XX,Pseudodendromonadales_XX_sp.,Stramenopiles
ASV_2220,0,0,0,0,0,0,0,0,0,0,0,0,0,0,0,0,0,10,0,0,0,0,0,0,0,32,0,0,0,0,0,0,0,0,0,0,0,0,0,0,0,0,0,0,0,Eukaryota,TSAR,Stramenopiles,Bigyra,Opalozoa,Opalozoa_X,MAST-12,MAST-12_X,MAST-12_X_sp.,Stramenopiles
ASV_2221,0,0,0,0,0,0,0,0,0,0,0,0,0,0,0,0,0,0,42,0,0,0,0,0,0,0,0,0,0,0,0,0,0,0,0,0,0,0,0,0,0,0,0,0,0,Eukaryota,Archaeplastida,Chlorophyta,Chlorophyta_X,Mamiellophyceae,Monomastigales,Monomastigaceae,Monomastigaceae_X,Monomastigaceae_X_sp.,Chlorophyta
ASV_2222,0,0,0,0,0,0,0,0,0,0,0,0,0,0,0,0,0,0,42,0,0,0,0,0,0,0,0,0,0,0,0,0,0,0,0,0,0,0,0,0,0,0,0,0,0,Eukaryota,Obazoa,Opisthokonta,Fungi,Rozellomycota,Rozellomycota_X,Rozellomycota_XX,Rozella,NA,Opisthokonta_Rozellomycota
ASV_2223,0,0,0,0,0,0,0,0,0,0,0,0,0,0,0,0,0,0,0,0,42,0,0,0,0,0,0,0,0,0,0,0,0,0,0,0,0,0,0,0,0,0,0,0,0,Eukaryota,Archaeplastida,Chlorophyta,Chlorophyta_X,Trebouxiophyceae,Watanabea-Clade,Watanabea-Clade_X,Chloroidium,Chloroidium_saccharophila,Chlorophyta
ASV_2224,0,0,0,0,0,0,0,0,0,0,0,0,0,0,0,0,0,0,0,0,28,0,0,0,0,0,0,0,0,0,0,0,0,0,14,0,0,0,0,0,0,0,0,0,0,Eukaryota,Archaeplastida,Chlorophyta,Chlorophyta_X,Chlorophyceae,Sphaeropleales,Selenastraceae,Monoraphidium,Monoraphidium_griffithi,Chlorophyta
ASV_2225,0,0,0,0,0,0,0,0,0,0,0,0,0,0,0,0,0,0,0,0,5,0,0,0,0,0,0,0,0,0,0,0,0,37,0,0,0,0,0,0,0,0,0,0,0,Eukaryota,TSAR,Alveolata,Ciliophora,Oligohymenophorea,Scuticociliatia_2,Scuticociliatia_2_X,Scuticociliatia_2_XX,Tardigrada_environmental,Alveolata
ASV_2226,0,0,0,0,0,0,0,0,0,0,0,0,0,0,0,0,0,0,0,0,0,0,42,0,0,0,0,0,0,0,0,0,0,0,0,0,0,0,0,0,0,0,0,0,0,Eukaryota,Archaeplastida,Chlorophyta,Chlorophyta_X,Trebouxiophyceae,Watanabea-Clade,Watanabea-Clade_X,Dictyochloropsis,NA,Chlorophyta
ASV_2227,0,0,0,0,0,0,0,0,0,0,0,0,0,0,0,0,0,0,0,0,0,0,0,0,42,0,0,0,0,0,0,0,0,0,0,0,0,0,0,0,0,0,0,0,0,Eukaryota,Archaeplastida,Chlorophyta,Chlorophyta_X,Chlorophyceae,Sphaeropleales,Sphaeropleales_X,NA,NA,Chlorophyta
ASV_2228,0,0,0,0,0,0,0,0,0,0,0,0,0,0,0,0,0,0,0,0,0,0,0,0,0,22,0,0,0,0,0,0,0,0,0,0,0,20,0,0,0,0,0,0,0,Eukaryota,Archaeplastida,Chlorophyta,Chlorophyta_X,Mamiellophyceae,Dolichomastigales,Crustomastigaceae,Crustomastigaceae-AB,Crustomastigaceae-AB_sp.,Chlorophyta
ASV_2229,0,0,0,0,0,0,0,0,0,0,0,0,0,0,0,0,0,0,0,0,0,0,0,0,0,0,42,0,0,0,0,0,0,0,0,0,0,0,0,0,0,0,0,0,0,Eukaryota,Obazoa,Opisthokonta,Metazoa,Platyhelminthes,Turbellaria,Catenulida,Stenostomum,Stenostomum_sp.,Opisthokonta_Platyhelminthes
ASV_2230,0,0,0,0,0,0,0,0,0,0,0,0,0,0,0,0,0,0,0,0,0,0,0,0,0,0,0,0,0,0,16,0,0,26,0,0,0,0,0,0,0,0,0,0,0,Eukaryota,TSAR,Stramenopiles,Bigyra,Bicoecea,Pseudodendromonadales,Pseudodendromonadales_X,Pseudodendromonadales_XX,Pseudodendromonadales_XX_sp.,Stramenopiles
ASV_2231,0,0,0,0,0,0,0,0,0,0,0,0,0,0,0,0,0,0,0,0,0,0,0,0,0,0,0,0,0,0,0,0,0,42,0,0,0,0,0,0,0,0,0,0,0,Eukaryota,Archaeplastida,Chlorophyta,Chlorophyta_X,Chlorophyceae,Chlamydomonadales,Chlamydomonadales_X,NA,NA,Chlorophyta
ASV_2232,0,0,0,0,0,0,0,0,0,0,0,0,0,0,0,0,0,0,0,0,0,0,0,0,0,0,0,0,0,0,0,0,0,0,0,42,0,0,0,0,0,0,0,0,0,Eukaryota,TSAR,Stramenopiles,Bigyra,Bicoecea,Pseudodendromonadales,Pseudodendromonadales_X,Pseudodendromonadales_XX,Pseudodendromonadales_XX_sp.,Stramenopiles
ASV_2233,0,0,0,0,0,0,0,0,0,0,0,0,0,0,0,0,0,0,0,0,0,0,0,0,0,0,0,0,0,0,0,0,0,0,0,0,42,0,0,0,0,0,0,0,0,Eukaryota,Obazoa,Opisthokonta,Fungi,Chytridiomycota,Rhizophydiales,Rhizophydiaceae,Rhizophydium,NA,Opisthokonta_Chytridiomycota
ASV_2234,0,0,0,0,0,0,0,0,0,0,0,0,0,0,0,0,0,0,0,0,0,0,0,0,0,0,0,0,0,0,0,0,0,0,0,0,42,0,0,0,0,0,0,0,0,Eukaryota,TSAR,Stramenopiles,Bigyra,Bicoecea,Pseudodendromonadales,Pseudodendromonadales_X,Pseudodendromonadales_XX,Pseudodendromonadales_XX_sp.,Stramenopiles
ASV_2235,0,0,0,0,0,0,0,0,0,0,0,0,0,0,0,0,0,0,0,0,0,0,0,0,0,0,0,0,0,0,0,0,0,0,0,0,0,0,0,0,0,0,42,0,0,Eukaryota,Archaeplastida,Chlorophyta,Chlorophyta_X,Chlorophyceae,Sphaeropleales,Sphaeropleales_X,Protodesmus,Protodesmus_globulifer,Chlorophyta
ASV_2236,0,0,0,0,0,0,0,0,0,0,0,0,0,0,6,0,0,0,0,0,0,0,0,0,0,0,0,0,0,0,0,0,0,19,16,0,0,0,0,0,0,0,0,0,0,Eukaryota,TSAR,Stramenopiles,Gyrista,Synchromophyceae,Synchromophyceae_X,Synchromophyceae_XX,Synchromophyceae_XXX,Synchromophyceae_XXX_sp.,Stramenopiles
ASV_2237,0,0,0,0,0,0,0,0,0,0,0,0,0,0,0,18,0,0,0,0,0,0,23,0,0,0,0,0,0,0,0,0,0,0,0,0,0,0,0,0,0,0,0,0,0,Eukaryota,Archaeplastida,Chlorophyta,Chlorophyta_X,Chlorophyceae,Sphaeropleales,Scenedesmaceae,Scenedesmaceae_X,Scenedesmaceae_X_sp.,Chlorophyta
ASV_2238,0,0,0,0,0,0,0,0,0,0,0,0,0,0,0,5,0,21,0,0,0,0,15,0,0,0,0,0,0,0,0,0,0,0,0,0,0,0,0,0,0,0,0,0,0,Eukaryota,Archaeplastida,Chlorophyta,Chlorophyta_X,Chlorophyceae,Sphaeropleales,Selenastraceae,Monoraphidium,Monoraphidium_griffithi,Chlorophyta
ASV_2239,0,0,0,0,0,0,0,0,0,0,0,0,0,0,0,0,0,0,41,0,0,0,0,0,0,0,0,0,0,0,0,0,0,0,0,0,0,0,0,0,0,0,0,0,0,Eukaryota,Archaeplastida,Streptophyta,Streptophyta_X,Embryophyceae,Embryophyceae_X,Embryophyceae_XX,Pinus,Pinus_taeda,Streptophyta
ASV_2240,0,0,0,0,0,0,0,0,0,0,0,0,0,0,0,0,0,0,20,0,0,0,0,0,0,21,0,0,0,0,0,0,0,0,0,0,0,0,0,0,0,0,0,0,0,Eukaryota,Obazoa,Opisthokonta,Fungi,Blastocladiomycota,Blastocladiomycotina,Blastocladiomycetes,Paraphysoderma,Paraphysoderma_sedebokerense,Opisthokonta_Blastocladiomycota
ASV_2241,0,0,0,0,0,0,0,0,0,0,0,0,0,0,0,0,0,0,0,41,0,0,0,0,0,0,0,0,0,0,0,0,0,0,0,0,0,0,0,0,0,0,0,0,0,Eukaryota,TSAR,Rhizaria,Cercozoa,Filosa-SarcomoNAdea,Pansomonadida,Pansomonadida_X,Pansomonadida_XX,Pansomonadida_XX_sp.,Rhizaria
ASV_2242,0,0,0,0,0,0,0,0,0,0,0,0,0,0,0,0,0,0,0,0,0,41,0,0,0,0,0,0,0,0,0,0,0,0,0,0,0,0,0,0,0,0,0,0,0,Eukaryota,Archaeplastida,Chlorophyta,Chlorophyta_X,Chlorophyceae,Chlamydomonadales,Chlamydomonadales_X,Carteria,Carteria_lunzensis,Chlorophyta
ASV_2243,0,0,0,0,0,0,0,0,0,0,0,0,0,0,0,0,0,0,0,0,0,0,0,0,0,41,0,0,0,0,0,0,0,0,0,0,0,0,0,0,0,0,0,0,0,Eukaryota,TSAR,Stramenopiles,Gyrista,Dictyochophyceae,Dictyochophyceae_X,Pedinellales,NA,NA,Stramenopiles
ASV_2244,0,0,0,0,0,0,0,0,0,0,0,0,0,0,0,0,0,0,0,0,0,0,0,0,0,0,0,0,0,0,0,0,0,41,0,0,0,0,0,0,0,0,0,0,0,Eukaryota,Obazoa,Opisthokonta,Fungi,Opisthosporidia,Microsporida,Microsporida_X,Paramicrosporidium,Paramicrosporidium_saccamoebae,Opisthokonta_Opisthosporidia
ASV_2245,0,0,0,0,0,0,0,0,0,0,0,0,0,0,0,0,0,0,0,0,0,0,0,0,0,0,0,0,0,0,0,0,0,41,0,0,0,0,0,0,0,0,0,0,0,Eukaryota,TSAR,Alveolata,Ciliophora,Spirotrichea,Hypotrichia,Oxytrichidae,NA,NA,Alveolata
ASV_2246,0,0,0,0,0,0,0,0,0,0,0,0,0,0,0,0,0,0,0,0,0,0,0,0,0,0,0,0,0,0,0,0,0,0,0,0,0,0,0,0,0,0,41,0,0,Eukaryota,Obazoa,Opisthokonta,Metazoa,Arthropoda,Crustacea,Maxillopoda,NA,NA,Opisthokonta_Arthropoda
ASV_2247,0,0,0,40,0,0,0,0,0,0,0,0,0,0,0,0,0,0,0,0,0,0,0,0,0,0,0,0,0,0,0,0,0,0,0,0,0,0,0,0,0,0,0,0,0,Eukaryota,TSAR,Stramenopiles,Gyrista,Chrysophyceae,Ochromonadales,Ochromonadaceae,NA,NA,Stramenopiles
ASV_2248,0,0,0,0,0,0,0,40,0,0,0,0,0,0,0,0,0,0,0,0,0,0,0,0,0,0,0,0,0,0,0,0,0,0,0,0,0,0,0,0,0,0,0,0,0,Eukaryota,Obazoa,Opisthokonta,Fungi,Ascomycota,Pezizomycotina,Sordariomycetes,NA,NA,Opisthokonta_Ascomycota
ASV_2249,0,0,0,0,0,0,0,0,0,0,0,0,0,0,0,40,0,0,0,0,0,0,0,0,0,0,0,0,0,0,0,0,0,0,0,0,0,0,0,0,0,0,0,0,0,Eukaryota,TSAR,Stramenopiles,Gyrista,Bacillariophyceae,Fragilariales,Fragilariaceae,Fragilaria,Fragilaria_vaucheriae,Stramenopiles
ASV_2250,0,0,0,0,0,0,0,0,0,0,0,0,0,0,0,0,40,0,0,0,0,0,0,0,0,0,0,0,0,0,0,0,0,0,0,0,0,0,0,0,0,0,0,0,0,Eukaryota,TSAR,Stramenopiles,Gyrista,Chrysophyceae,Ochromonadales,Ochromonadales_clade-X,Ochromonadales_clade-X_X,Ochromonadales_clade-X_X_sp.,Stramenopiles
ASV_2251,0,0,0,0,0,0,0,0,0,0,0,0,0,0,0,0,15,25,0,0,0,0,0,0,0,0,0,0,0,0,0,0,0,0,0,0,0,0,0,0,0,0,0,0,0,Eukaryota,TSAR,Stramenopiles,Bigyra,Bicoecea,Pseudodendromonadales,Pseudodendromonadales_X,Pseudodendromonadales_XX,Pseudodendromonadales_XX_sp.,Stramenopiles
ASV_2252,0,0,0,0,0,0,0,0,0,0,0,0,0,0,0,0,13,0,22,0,0,0,0,0,0,0,0,0,0,0,0,0,0,0,0,0,5,0,0,0,0,0,0,0,0,Eukaryota,Obazoa,Opisthokonta,Metazoa,Mollusca,Gastropoda,Heterobranchia,Ferrissia,Ferrissia_rivularis,Opisthokonta_Mollusca
ASV_2253,0,0,0,0,0,0,0,0,0,0,0,0,0,0,0,0,10,0,21,9,0,0,0,0,0,0,0,0,0,0,0,0,0,0,0,0,0,0,0,0,0,0,0,0,0,Eukaryota,TSAR,Alveolata,Chrompodellids,Colpodellidea,Colpodellida,Colpodellida_CHR1,Colpodellida_CHR1_X,Colpodellida_CHR1_X_sp.,Alveolata
ASV_2254,0,0,0,0,0,0,0,0,0,0,0,0,0,0,0,0,0,0,40,0,0,0,0,0,0,0,0,0,0,0,0,0,0,0,0,0,0,0,0,0,0,0,0,0,0,Eukaryota,TSAR,Stramenopiles,Gyrista,Bacillariophyceae,Rhabdonematales,Tabellariaceae,Asterionella,Asterionella_formosa,Stramenopiles
ASV_2255,0,0,0,0,0,0,0,0,0,0,0,0,0,0,0,0,0,0,40,0,0,0,0,0,0,0,0,0,0,0,0,0,0,0,0,0,0,0,0,0,0,0,0,0,0,Eukaryota,TSAR,Stramenopiles,Gyrista,Chrysophyceae,Ochromonadales,Ochromonadales_clade-XI,Ochromonadales_clade-XI_X,Ochromonadales_clade-XI_X_sp.,Stramenopiles
ASV_2256,0,0,0,0,0,0,0,0,0,0,0,0,0,0,0,0,0,0,0,0,40,0,0,0,0,0,0,0,0,0,0,0,0,0,0,0,0,0,0,0,0,0,0,0,0,Eukaryota,Obazoa,Opisthokonta,Fungi,NA,NA,NA,NA,NA,Opisthokonta_Unclassified
ASV_2257,0,0,0,0,0,0,0,0,0,0,0,0,0,0,0,0,0,0,0,0,0,0,0,0,0,40,0,0,0,0,0,0,0,0,0,0,0,0,0,0,0,0,0,0,0,Eukaryota,TSAR,Stramenopiles,Bigyra,Bicoecea,Bicoecales,Bicoecaceae,Bicosoeca,Bicosoeca_petiolata,Stramenopiles
ASV_2258,0,0,0,0,0,0,0,0,0,0,0,0,0,0,0,0,0,0,0,0,0,0,0,0,0,0,0,0,0,0,40,0,0,0,0,0,0,0,0,0,0,0,0,0,0,Eukaryota,TSAR,Stramenopiles,Gyrista,Peronosporomycetes,Peronosporomycetes,Peronosporales,NA,NA,Stramenopiles
ASV_2259,0,0,0,0,0,0,0,0,0,0,0,0,0,0,0,0,0,0,0,0,0,0,0,0,0,0,0,0,0,0,0,0,0,40,0,0,0,0,0,0,0,0,0,0,0,Eukaryota,Archaeplastida,Chlorophyta,Chlorophyta_X,Chlorophyceae,Chlamydomonadales,Chlamydomonadales_X,NA,NA,Chlorophyta
ASV_2260,0,0,0,0,0,0,0,0,0,0,0,0,0,0,0,0,0,0,0,0,0,0,0,0,0,0,0,0,0,0,0,0,0,0,0,0,0,40,0,0,0,0,0,0,0,Eukaryota,TSAR,Stramenopiles,Bigyra,Bicoecea,Pseudodendromonadales,Pseudodendromonadales_X,Pseudodendromonadales_XX,Pseudodendromonadales_XX_sp.,Stramenopiles
ASV_2261,0,0,0,0,0,0,0,0,0,0,0,0,0,0,0,0,0,0,0,0,0,0,0,0,0,0,0,0,0,0,0,0,0,0,0,0,0,0,0,0,0,0,0,0,40,Eukaryota,Obazoa,Opisthokonta,Metazoa,Arthropoda,Crustacea,Maxillopoda,NA,NA,Opisthokonta_Arthropoda
ASV_2262,0,39,0,0,0,0,0,0,0,0,0,0,0,0,0,0,0,0,0,0,0,0,0,0,0,0,0,0,0,0,0,0,0,0,0,0,0,0,0,0,0,0,0,0,0,Eukaryota,Obazoa,Opisthokonta,Metazoa,Gastrotricha,Gastrotricha_X,Gastrotricha_XX,Chaetonotus,Chaetonotus_sp.,Opisthokonta_Gastrotricha
ASV_2263,0,0,39,0,0,0,0,0,0,0,0,0,0,0,0,0,0,0,0,0,0,0,0,0,0,0,0,0,0,0,0,0,0,0,0,0,0,0,0,0,0,0,0,0,0,Eukaryota,TSAR,Stramenopiles,Gyrista,Peronosporomycetes,Peronosporomycetes,Peronosporales,Pythium,NA,Stramenopiles
ASV_2264,0,0,0,39,0,0,0,0,0,0,0,0,0,0,0,0,0,0,0,0,0,0,0,0,0,0,0,0,0,0,0,0,0,0,0,0,0,0,0,0,0,0,0,0,0,Eukaryota,Obazoa,Opisthokonta,NA,NA,NA,NA,NA,NA,Opisthokonta_Unclassified
ASV_2265,0,0,0,0,39,0,0,0,0,0,0,0,0,0,0,0,0,0,0,0,0,0,0,0,0,0,0,0,0,0,0,0,0,0,0,0,0,0,0,0,0,0,0,0,0,Eukaryota,TSAR,Rhizaria,Cercozoa,Filosa-SarcomoNAdea,Glissomonadida,Sandonidae,NA,NA,Rhizaria
ASV_2266,0,0,0,0,0,0,0,0,0,0,39,0,0,0,0,0,0,0,0,0,0,0,0,0,0,0,0,0,0,0,0,0,0,0,0,0,0,0,0,0,0,0,0,0,0,Eukaryota,Obazoa,Opisthokonta,Fungi,NA,NA,NA,NA,NA,Opisthokonta_Unclassified
ASV_2267,0,0,0,0,0,0,0,0,0,0,0,0,0,0,0,39,0,0,0,0,0,0,0,0,0,0,0,0,0,0,0,0,0,0,0,0,0,0,0,0,0,0,0,0,0,Eukaryota,TSAR,Stramenopiles,Bigyra,Bicoecea,Pseudodendromonadales,Pseudodendromonadales_X,Pseudodendromonadales_XX,Pseudodendromonadales_XX_sp.,Stramenopiles
ASV_2268,0,0,0,0,0,0,0,0,0,0,0,0,0,0,0,0,0,39,0,0,0,0,0,0,0,0,0,0,0,0,0,0,0,0,0,0,0,0,0,0,0,0,0,0,0,Eukaryota,TSAR,Stramenopiles,Bigyra,Bicoecea,Pseudodendromonadales,Pseudodendromonadales_X,Pseudodendromonadales_XX,Pseudodendromonadales_XX_sp.,Stramenopiles
ASV_2269,0,0,0,0,0,0,0,0,0,0,0,0,0,0,0,0,0,0,39,0,0,0,0,0,0,0,0,0,0,0,0,0,0,0,0,0,0,0,0,0,0,0,0,0,0,Eukaryota,TSAR,Stramenopiles,Gyrista,Peronosporomycetes,Peronosporomycetes,Peronosporales,NA,NA,Stramenopiles
ASV_2270,0,0,0,0,0,0,0,0,0,0,0,0,0,0,0,0,0,0,20,0,0,0,0,19,0,0,0,0,0,0,0,0,0,0,0,0,0,0,0,0,0,0,0,0,0,Eukaryota,TSAR,Rhizaria,Cercozoa,Filosa-Imbricatea,Thaumatomonadida,Thaumatomonadidae,Thaumatomonas,NA,Rhizaria
ASV_2271,0,0,0,0,0,0,0,0,0,0,0,0,0,0,0,0,0,0,0,0,39,0,0,0,0,0,0,0,0,0,0,0,0,0,0,0,0,0,0,0,0,0,0,0,0,Eukaryota,Obazoa,Opisthokonta,Fungi,Chytridiomycota,Rhizophydiales,Kappamycetaceae,Kappamyces,Kappamyces_sp.,Opisthokonta_Chytridiomycota
ASV_2272,0,0,0,0,0,0,0,0,0,0,0,0,0,0,0,0,0,0,0,0,0,0,0,0,39,0,0,0,0,0,0,0,0,0,0,0,0,0,0,0,0,0,0,0,0,Eukaryota,Obazoa,Opisthokonta,Fungi,Ascomycota,Taphrinomycotina,Taphrinomycetes,Taphrina,Taphrina_sadebeckii,Opisthokonta_Ascomycota
ASV_2273,0,0,0,0,0,0,0,0,0,0,0,0,0,0,0,0,0,0,0,0,0,0,0,0,0,0,0,0,39,0,0,0,0,0,0,0,0,0,0,0,0,0,0,0,0,Eukaryota,Cryptista,Cryptophyta,Cryptophyta_X,Cryptophyceae,Cryptomonadales,Cryptomonadales_X,Cryptomonas,Cryptomonas_pyrenoidifera,Cryptophyta
ASV_2274,0,0,0,0,0,0,0,0,0,0,0,0,0,0,0,0,0,0,0,0,0,0,0,0,0,0,0,0,0,0,39,0,0,0,0,0,0,0,0,0,0,0,0,0,0,Eukaryota,TSAR,Alveolata,Ciliophora,Spirotrichea,Hypotrichia,Halteriidae,Halteriidae_X,Halteriidae_X_sp.,Alveolata
ASV_2275,0,0,0,0,0,0,0,0,0,0,0,0,0,0,0,0,0,0,0,0,0,0,0,0,0,0,0,0,0,0,0,0,0,0,39,0,0,0,0,0,0,0,0,0,0,Eukaryota,Archaeplastida,Chlorophyta,Chlorophyta_X,Chlorophyceae,Chlamydomonadales,Chlamydomonadales_X,Chlamydomonas,Chlamydomonas_noctigama,Chlorophyta
ASV_2276,0,0,0,0,0,0,0,0,0,0,0,0,0,0,0,0,0,0,0,0,0,0,0,0,0,0,0,0,0,0,0,0,0,0,0,21,0,0,9,0,0,0,9,0,0,Eukaryota,TSAR,Stramenopiles,Gyrista,Peronosporomycetes,Peronosporomycetes,Haptoglossales,Haptoglossa,Haptoglossa_sp.,Stramenopiles
ASV_2277,0,0,0,0,0,0,0,0,0,0,0,0,0,0,0,0,0,0,0,0,0,0,0,0,0,0,0,0,0,0,0,0,0,0,0,0,39,0,0,0,0,0,0,0,0,Eukaryota,TSAR,Stramenopiles,Bigyra,Bicoecea,Pseudodendromonadales,Pseudodendromonadales_X,Pseudodendromonadales_XX,Pseudodendromonadales_XX_sp.,Stramenopiles
ASV_2278,0,0,0,0,0,0,0,0,0,0,0,0,0,0,0,0,0,0,0,0,0,0,0,0,0,0,0,0,0,0,0,0,0,0,0,0,0,0,22,17,0,0,0,0,0,Eukaryota,TSAR,Stramenopiles,Gyrista,Chrysophyceae,Ochromonadales,Ochromonadaceae,Acrispumella,Acrispumella_sp.,Stramenopiles
ASV_2279,0,0,0,38,0,0,0,0,0,0,0,0,0,0,0,0,0,0,0,0,0,0,0,0,0,0,0,0,0,0,0,0,0,0,0,0,0,0,0,0,0,0,0,0,0,NA,NA,NA,NA,NA,NA,NA,NA,NA,NA
ASV_2280,0,0,0,2,0,0,0,0,0,0,0,0,0,0,0,0,0,0,36,0,0,0,0,0,0,0,0,0,0,0,0,0,0,0,0,0,0,0,0,0,0,0,0,0,0,Eukaryota,TSAR,Alveolata,Ciliophora,Litostomatea,Haptoria_5,Pleurostomatida,Hemiophrys,Hemiophrys_procera,Alveolata
ASV_2281,0,0,0,0,0,0,0,38,0,0,0,0,0,0,0,0,0,0,0,0,0,0,0,0,0,0,0,0,0,0,0,0,0,0,0,0,0,0,0,0,0,0,0,0,0,Eukaryota,Obazoa,Opisthokonta,Fungi,Ascomycota,Pezizomycotina,Leotiomycetes,Anguillospora,Anguillospora_longissima,Opisthokonta_Ascomycota
ASV_2282,0,0,0,0,0,0,0,0,0,0,0,0,0,0,38,0,0,0,0,0,0,0,0,0,0,0,0,0,0,0,0,0,0,0,0,0,0,0,0,0,0,0,0,0,0,Eukaryota,Archaeplastida,Chlorophyta,Chlorophyta_X,Chlorophyceae,Chlamydomonadales,Chlamydomonadales_X,Chlorococcum,NA,Chlorophyta
ASV_2283,0,0,0,0,0,0,0,0,0,0,0,0,0,0,38,0,0,0,0,0,0,0,0,0,0,0,0,0,0,0,0,0,0,0,0,0,0,0,0,0,0,0,0,0,0,Eukaryota,Archaeplastida,Chlorophyta,Chlorophyta_X,Chlorophyceae,Chlamydomonadales,Chlamydomonadales_X,NA,NA,Chlorophyta
ASV_2284,0,0,0,0,0,0,0,0,0,0,0,0,0,0,0,38,0,0,0,0,0,0,0,0,0,0,0,0,0,0,0,0,0,0,0,0,0,0,0,0,0,0,0,0,0,Eukaryota,Archaeplastida,Chlorophyta,Chlorophyta_X,Chlorophyceae,Sphaeropleales,Sphaeropleales_X,Ankistrodesmus,Ankistrodesmus_fusiformis,Chlorophyta
ASV_2285,0,0,0,0,0,0,0,0,0,0,0,0,0,0,0,38,0,0,0,0,0,0,0,0,0,0,0,0,0,0,0,0,0,0,0,0,0,0,0,0,0,0,0,0,0,Eukaryota,TSAR,Rhizaria,Cercozoa,Filosa-Thecofilosea,Cryomonadida,Rhogostoma-lineage,Rhogostoma,Rhogostoma_sp.,Rhizaria
ASV_2286,0,0,0,0,0,0,0,0,0,0,0,0,0,0,0,0,38,0,0,0,0,0,0,0,0,0,0,0,0,0,0,0,0,0,0,0,0,0,0,0,0,0,0,0,0,Eukaryota,TSAR,Stramenopiles,Gyrista,Peronosporomycetes,Peronosporomycetes,Peronosporales,NA,NA,Stramenopiles
ASV_2287,0,0,0,0,0,0,0,0,0,0,0,0,0,0,0,0,38,0,0,0,0,0,0,0,0,0,0,0,0,0,0,0,0,0,0,0,0,0,0,0,0,0,0,0,0,Eukaryota,Obazoa,Opisthokonta,Fungi,Rozellomycota,Rozellomycota_X,Rozellomycota_XX,Rozella,NA,Opisthokonta_Rozellomycota
ASV_2288,0,0,0,0,0,0,0,0,0,0,0,0,0,0,0,0,0,0,38,0,0,0,0,0,0,0,0,0,0,0,0,0,0,0,0,0,0,0,0,0,0,0,0,0,0,Eukaryota,Obazoa,Opisthokonta,Fungi,Basidiomycota,Agaricomycotina,Agaricomycetes,NA,NA,Opisthokonta_Basidiomycota
ASV_2289,0,0,0,0,0,0,0,0,0,0,0,0,0,0,0,0,0,0,0,23,0,0,0,0,0,0,0,0,15,0,0,0,0,0,0,0,0,0,0,0,0,0,0,0,0,Eukaryota,Archaeplastida,Chlorophyta,Chlorophyta_X,Trebouxiophyceae,Trebouxiophyceae_X,Trebouxiophyceae_XX,Lemmermannia,Lemmermannia_tetrapedia,Chlorophyta
ASV_2290,0,0,0,0,0,0,0,0,0,0,0,0,0,0,0,0,0,0,0,0,0,38,0,0,0,0,0,0,0,0,0,0,0,0,0,0,0,0,0,0,0,0,0,0,0,Eukaryota,TSAR,Alveolata,Chrompodellids,Colpodellidea,Colpodellida,Colpodellida_CHR1,Colpodellida_CHR1_X,Colpodellida_CHR1_X_sp.,Alveolata
ASV_2291,0,0,0,0,0,0,0,0,0,0,0,0,0,0,0,0,0,0,0,0,0,0,0,0,0,0,0,0,38,0,0,0,0,0,0,0,0,0,0,0,0,0,0,0,0,Eukaryota,Obazoa,Opisthokonta,Fungi,Chytridiomycota,Rhizophydiales,Rhizophydiales_X,Rhizophydiales_XX,Rhizophydiales_XX_sp.,Opisthokonta_Chytridiomycota
ASV_2292,0,0,0,0,0,0,0,0,0,0,0,0,0,0,0,0,0,0,0,0,0,0,0,0,0,0,0,0,38,0,0,0,0,0,0,0,0,0,0,0,0,0,0,0,0,Eukaryota,Archaeplastida,Chlorophyta,Chlorophyta_X,Trebouxiophyceae,Chlorellales,Chlorellales_X,Oocystella,Oocystella_oogama,Chlorophyta
ASV_2293,0,0,0,0,0,0,0,0,0,0,0,0,0,0,0,0,0,0,0,0,0,0,0,0,0,0,0,0,38,0,0,0,0,0,0,0,0,0,0,0,0,0,0,0,0,Eukaryota,Cryptista,Kathablepharidacea,Kathablepharida,Kathablepharidea,Kathablepharidida,Kathablepharidida_X,NA,NA,Kathablepharidacea
ASV_2294,0,0,0,0,0,0,0,0,0,0,0,0,0,0,0,0,0,0,0,0,0,0,0,0,0,0,0,0,0,0,38,0,0,0,0,0,0,0,0,0,0,0,0,0,0,Eukaryota,Archaeplastida,Chlorophyta,Chlorophyta_X,Chlorophyceae,Chlamydomonadales,Chlamydomonadales_X,NA,NA,Chlorophyta
ASV_2295,0,0,0,0,0,0,0,0,0,0,0,0,0,0,0,0,0,0,0,0,0,0,0,0,0,0,0,0,0,0,0,0,0,38,0,0,0,0,0,0,0,0,0,0,0,Eukaryota,Obazoa,Opisthokonta,Fungi,NA,NA,NA,NA,NA,Opisthokonta_Unclassified
ASV_2296,0,0,0,0,0,0,0,0,0,0,0,0,0,0,0,0,0,0,0,0,0,0,0,0,0,0,0,0,0,0,0,0,0,0,20,18,0,0,0,0,0,0,0,0,0,Eukaryota,TSAR,Stramenopiles,Gyrista,Peronosporomycetes,Peronosporomycetes,Peronosporales,NA,NA,Stramenopiles
ASV_2297,0,0,0,0,0,0,0,0,0,0,0,0,0,0,0,0,0,0,0,0,0,0,0,0,0,0,0,0,0,0,0,0,0,0,0,38,0,0,0,0,0,0,0,0,0,Eukaryota,Obazoa,Opisthokonta,Metazoa,Arthropoda,Crustacea,Ostracoda,Cypridopsis,Cypridopsis_japonica,Opisthokonta_Arthropoda
ASV_2298,0,0,0,0,0,0,0,0,0,0,0,0,0,0,0,0,0,0,0,0,0,0,0,0,0,0,0,0,0,0,0,0,0,0,0,0,0,0,38,0,0,0,0,0,0,Eukaryota,TSAR,Stramenopiles,Bigyra,Bicoecea,Bicoecales,Bicoecaceae,Bicoecaceae_X,Bicoecaceae_X_sp.,Stramenopiles
ASV_2299,0,0,0,37,0,0,0,0,0,0,0,0,0,0,0,0,0,0,0,0,0,0,0,0,0,0,0,0,0,0,0,0,0,0,0,0,0,0,0,0,0,0,0,0,0,Eukaryota,Archaeplastida,Streptophyta,Streptophyta_X,Zygnemophyceae, Zygnemophyceae, ZygnemophyceaeX,Chlorokybus,Chlorokybus_atmophyticus,Streptophyta
ASV_2300,0,0,0,0,0,0,0,0,0,0,0,0,37,0,0,0,0,0,0,0,0,0,0,0,0,0,0,0,0,0,0,0,0,0,0,0,0,0,0,0,0,0,0,0,0,Eukaryota,Archaeplastida,Streptophyta,Streptophyta_X,Zygnemophyceae, Zygnemophyceae, ZygnemophyceaeX,Closterium,NA,Streptophyta
ASV_2301,0,0,0,0,0,0,0,0,0,0,0,0,0,0,0,0,0,32,0,0,0,0,0,0,0,0,0,0,0,0,5,0,0,0,0,0,0,0,0,0,0,0,0,0,0,Eukaryota,TSAR,Stramenopiles,NA,NA,NA,NA,NA,NA,Stramenopiles
ASV_2302,0,0,0,0,0,0,0,0,0,0,0,0,0,0,0,0,0,0,0,37,0,0,0,0,0,0,0,0,0,0,0,0,0,0,0,0,0,0,0,0,0,0,0,0,0,Eukaryota,Obazoa,Opisthokonta,Fungi,Chytridiomycota,Spizellomycetales,Spizellomycetales_X,Spizellomycetales_XX,Spizellomycetales_XX_sp.,Opisthokonta_Chytridiomycota
ASV_2303,0,0,0,0,0,0,0,0,0,0,0,0,0,0,0,0,0,0,0,11,0,0,0,0,0,26,0,0,0,0,0,0,0,0,0,0,0,0,0,0,0,0,0,0,0,Eukaryota,Obazoa,Opisthokonta,Fungi,Basidiomycota,Agaricomycotina,Agaricomycetes,NA,NA,Opisthokonta_Basidiomycota
ASV_2304,0,0,0,0,0,0,0,0,0,0,0,0,0,0,0,0,0,0,0,0,0,0,0,0,25,0,0,0,0,0,0,0,0,0,0,0,12,0,0,0,0,0,0,0,0,Eukaryota,Obazoa,Opisthokonta,Fungi,Ascomycota,Pezizomycotina,Sordariomycetes,Colletotrichum,Colletotrichum_nymphaeae,Opisthokonta_Ascomycota
ASV_2305,0,0,0,0,0,0,0,0,0,0,0,0,0,0,0,0,0,0,0,0,0,0,0,0,0,0,0,0,0,0,37,0,0,0,0,0,0,0,0,0,0,0,0,0,0,Eukaryota,Obazoa,Opisthokonta,Fungi,NA,NA,NA,NA,NA,Opisthokonta_Unclassified
ASV_2306,0,0,0,0,0,0,0,0,0,0,0,0,0,0,0,0,0,0,0,0,0,0,0,0,0,0,0,0,0,0,37,0,0,0,0,0,0,0,0,0,0,0,0,0,0,Eukaryota,TSAR,Stramenopiles,Bigyra,Bicoecea,Pseudodendromonadales,Pseudodendromonadales_X,Pseudodendromonadales_XX,Pseudodendromonadales_XX_sp.,Stramenopiles
ASV_2307,0,0,0,0,0,0,0,0,0,0,0,0,0,0,0,0,0,0,0,0,0,0,0,0,0,0,0,0,0,0,0,0,0,37,0,0,0,0,0,0,0,0,0,0,0,Eukaryota,TSAR,Stramenopiles,Gyrista,Peronosporomycetes,Peronosporomycetes,NA,NA,NA,Stramenopiles
ASV_2308,0,0,0,0,0,0,0,0,0,0,0,0,0,0,0,0,0,0,0,0,0,0,0,0,0,0,0,0,0,0,0,0,0,37,0,0,0,0,0,0,0,0,0,0,0,Eukaryota,TSAR,Alveolata,Dinoflagellata,Dinophyceae,Dinophyceae_X,Tovelliaceae,Esoptrodinium,Esoptrodinium_sp.,Alveolata
ASV_2309,0,0,0,0,0,0,0,0,0,0,0,0,0,0,0,0,0,0,0,0,0,0,0,0,0,0,0,0,0,0,0,0,0,37,0,0,0,0,0,0,0,0,0,0,0,Eukaryota,Obazoa,Opisthokonta,Metazoa,Gastrotricha,Gastrotricha_X,Gastrotricha_XX,NA,NA,Opisthokonta_Gastrotricha
ASV_2310,0,0,0,0,0,0,0,0,0,0,0,0,0,0,0,0,0,0,0,0,0,0,0,0,0,0,0,0,0,0,0,0,0,37,0,0,0,0,0,0,0,0,0,0,0,Eukaryota,Amoebozoa,Evosea,Evosea_X,Variosea,Variosea_X,Ischnamoebidae,Darbyshirella,Darbyshirella_terrestris,Evosea
ASV_2311,0,0,0,0,0,0,0,0,0,0,0,0,0,0,0,0,0,0,0,0,0,0,0,0,0,0,0,0,0,0,0,0,0,0,37,0,0,0,0,0,0,0,0,0,0,Eukaryota,TSAR,Stramenopiles,Bigyra,Bicoecea,Pseudodendromonadales,Pseudodendromonadales_X,Pseudodendromonadales_XX,Pseudodendromonadales_XX_sp.,Stramenopiles
ASV_2312,0,0,0,0,0,0,0,0,0,0,0,0,0,0,0,0,0,0,0,0,0,0,0,0,0,0,0,0,0,0,0,0,0,0,0,0,37,0,0,0,0,0,0,0,0,Eukaryota,TSAR,Rhizaria,Cercozoa,NA,NA,NA,NA,NA,Rhizaria
ASV_2313,0,0,36,0,0,0,0,0,0,0,0,0,0,0,0,0,0,0,0,0,0,0,0,0,0,0,0,0,0,0,0,0,0,0,0,0,0,0,0,0,0,0,0,0,0,Eukaryota,Obazoa,Opisthokonta,Fungi,Chytridiomycota,Zygophlyctidales,Zygophlyctidaceae,Zygophlyctis,Zygophlyctis_melosirae,Opisthokonta_Chytridiomycota
ASV_2314,0,0,0,36,0,0,0,0,0,0,0,0,0,0,0,0,0,0,0,0,0,0,0,0,0,0,0,0,0,0,0,0,0,0,0,0,0,0,0,0,0,0,0,0,0,Eukaryota,Obazoa,Opisthokonta,Fungi,Chytridiomycota,Rhizophydiales,NA,NA,NA,Opisthokonta_Chytridiomycota
ASV_2315,0,0,0,0,16,0,0,0,0,0,0,0,0,0,0,0,0,0,0,0,0,0,0,0,0,0,0,0,0,0,0,0,0,0,0,0,0,0,0,8,0,12,0,0,0,Eukaryota,Obazoa,Opisthokonta,Metazoa,Arthropoda,Crustacea,Maxillopoda,NA,NA,Opisthokonta_Arthropoda
ASV_2316,0,0,0,0,0,0,36,0,0,0,0,0,0,0,0,0,0,0,0,0,0,0,0,0,0,0,0,0,0,0,0,0,0,0,0,0,0,0,0,0,0,0,0,0,0,Eukaryota,Archaeplastida,Chlorophyta,Chlorophyta_X,Chlorophyceae,Chlamydomonadales,Chlamydomonadales_X,Chlorococcum,NA,Chlorophyta
ASV_2317,0,0,0,0,0,0,6,0,0,0,30,0,0,0,0,0,0,0,0,0,0,0,0,0,0,0,0,0,0,0,0,0,0,0,0,0,0,0,0,0,0,0,0,0,0,Eukaryota,Obazoa,Opisthokonta,Fungi,Ascomycota,Pezizomycotina,Leotiomycetes,Tetracladium,Tetracladium_marchalianum,Opisthokonta_Ascomycota
ASV_2318,0,0,0,0,0,0,0,0,0,0,0,0,0,0,0,0,0,0,36,0,0,0,0,0,0,0,0,0,0,0,0,0,0,0,0,0,0,0,0,0,0,0,0,0,0,Eukaryota,CRuMs,Rigifilida,Rigifilida_X,Rigifilida_XX,Rigifilida_XXX,Rigifilida_XXXX,Micronuclearia,Micronuclearia_podoventralis,Rigifilida
ASV_2319,0,0,0,0,0,0,0,0,0,0,0,0,0,0,0,0,0,0,36,0,0,0,0,0,0,0,0,0,0,0,0,0,0,0,0,0,0,0,0,0,0,0,0,0,0,Eukaryota,Obazoa,Opisthokonta,Fungi,Basidiomycota,NA,NA,NA,NA,Opisthokonta_Basidiomycota
ASV_2320,0,0,0,0,0,0,0,0,0,0,0,0,0,0,0,0,0,0,28,0,0,8,0,0,0,0,0,0,0,0,0,0,0,0,0,0,0,0,0,0,0,0,0,0,0,Eukaryota,TSAR,Rhizaria,Cercozoa,Filosa-SarcomoNAdea,Glissomonadida,Bodomorphidae,Bodomorpha,Bodomorpha_minima,Rhizaria
ASV_2321,0,0,0,0,0,0,0,0,0,0,0,0,0,0,0,0,0,0,20,0,0,0,0,0,0,0,0,0,0,0,0,0,0,16,0,0,0,0,0,0,0,0,0,0,0,Eukaryota,TSAR,Stramenopiles,Bigyra,Bicoecea,Pseudodendromonadales,Pseudodendromonadales_X,Pseudodendromonadales_XX,Pseudodendromonadales_XX_sp.,Stramenopiles
ASV_2322,0,0,0,0,0,0,0,0,0,0,0,0,0,0,0,0,0,0,17,0,0,11,8,0,0,0,0,0,0,0,0,0,0,0,0,0,0,0,0,0,0,0,0,0,0,Eukaryota,Amoebozoa,Evosea,Evosea_X,Variosea,Variosea_X,Ischnamoebidae,Darbyshirella,Darbyshirella_terrestris,Evosea
ASV_2323,0,0,0,0,0,0,0,0,0,0,0,0,0,0,0,0,0,0,0,10,0,0,26,0,0,0,0,0,0,0,0,0,0,0,0,0,0,0,0,0,0,0,0,0,0,Eukaryota,Obazoa,Opisthokonta,Fungi,Blastocladiomycota,Blastocladiomycotina,Blastocladiomycetes,Paraphysoderma,Paraphysoderma_sedebokerense,Opisthokonta_Blastocladiomycota
ASV_2324,0,0,0,0,0,0,0,0,0,0,0,0,0,0,0,0,0,0,0,0,0,0,0,0,0,36,0,0,0,0,0,0,0,0,0,0,0,0,0,0,0,0,0,0,0,Eukaryota,TSAR,Stramenopiles,Gyrista,Chrysophyceae,Chrysophyceae_Cluster-I,Chrysophyceae_Cluster-I_X,Chrysophyceae_Cluster-I_XX,Chrysophyceae_Cluster-I_XX_sp.,Stramenopiles
ASV_2325,0,0,0,0,0,0,0,0,0,0,0,0,0,0,0,0,0,0,0,0,0,0,0,0,0,0,0,0,36,0,0,0,0,0,0,0,0,0,0,0,0,0,0,0,0,Eukaryota,Archaeplastida,Chlorophyta,Chlorophyta_X,Trebouxiophyceae,Prasiolales,Prasiolales_X,NA,NA,Chlorophyta
ASV_2326,0,0,0,0,0,0,0,0,0,0,0,0,0,0,0,0,0,0,0,0,0,0,0,0,0,0,0,0,36,0,0,0,0,0,0,0,0,0,0,0,0,0,0,0,0,Eukaryota,Obazoa,Opisthokonta,Fungi,Basidiomycota,Agaricomycotina,Agaricomycetes,Trichaptum,Trichaptum_abietinum,Opisthokonta_Basidiomycota
ASV_2327,0,0,0,0,0,0,0,0,0,0,0,0,0,0,0,0,0,0,0,0,0,0,0,0,0,0,0,0,0,0,36,0,0,0,0,0,0,0,0,0,0,0,0,0,0,Eukaryota,TSAR,Stramenopiles,Bigyra,Bicoecea,Pseudodendromonadales,Pseudodendromonadales_X,NA,NA,Stramenopiles
ASV_2328,0,0,0,0,0,0,0,0,0,0,0,0,0,0,0,0,0,0,0,0,0,0,0,0,0,0,0,0,0,0,0,0,0,0,0,0,36,0,0,0,0,0,0,0,0,Eukaryota,Cryptista,Cryptophyta,Cryptophyta_X,Cryptophyceae,Cryptomonadales,Cryptomonadales_X,Komma,Komma_caudata,Cryptophyta
ASV_2329,0,0,0,35,0,0,0,0,0,0,0,0,0,0,0,0,0,0,0,0,0,0,0,0,0,0,0,0,0,0,0,0,0,0,0,0,0,0,0,0,0,0,0,0,0,Eukaryota,TSAR,Stramenopiles,Bigyra,Bicoecea,Pseudodendromonadales,Pseudodendromonadales_X,Pseudodendromonadales_XX,Pseudodendromonadales_XX_sp.,Stramenopiles
ASV_2330,0,0,0,0,0,0,0,0,0,0,0,0,0,0,0,35,0,0,0,0,0,0,0,0,0,0,0,0,0,0,0,0,0,0,0,0,0,0,0,0,0,0,0,0,0,Eukaryota,Obazoa,Opisthokonta,Fungi,Zoopagomycota,Entomophthoromycotina,Entomophthoromycotina_X,Conidiobolus,Conidiobolus_osmodes,Opisthokonta_Zoopagomycota
ASV_2331,0,0,0,0,0,0,0,0,0,0,0,0,0,0,0,35,0,0,0,0,0,0,0,0,0,0,0,0,0,0,0,0,0,0,0,0,0,0,0,0,0,0,0,0,0,Eukaryota,TSAR,Stramenopiles,Gyrista,Bacillariophyceae,Naviculales,Naviculaceae,Navicula,Navicula_cryptocephala,Stramenopiles
ASV_2332,0,0,0,0,0,0,0,0,0,0,0,0,0,0,0,0,35,0,0,0,0,0,0,0,0,0,0,0,0,0,0,0,0,0,0,0,0,0,0,0,0,0,0,0,0,Eukaryota,Obazoa,Opisthokonta,Fungi,Ascomycota,Pezizomycotina,Pezizomycetes,NA,NA,Opisthokonta_Ascomycota
ASV_2333,0,0,0,0,0,0,0,0,0,0,0,0,0,0,0,0,8,9,0,0,0,0,18,0,0,0,0,0,0,0,0,0,0,0,0,0,0,0,0,0,0,0,0,0,0,Eukaryota,TSAR,Stramenopiles,Bigyra,Opalozoa,Opalozoa_X,MAST-12,MAST-12C,MAST-12C_sp.,Stramenopiles
ASV_2334,0,0,0,0,0,0,0,0,0,0,0,0,0,0,0,0,0,0,0,0,0,0,0,0,0,35,0,0,0,0,0,0,0,0,0,0,0,0,0,0,0,0,0,0,0,Eukaryota,Obazoa,Opisthokonta,Fungi,Basidiomycota,Agaricomycotina,Agaricomycetes,Sistotrema,Sistotrema_oblongisporum,Opisthokonta_Basidiomycota
ASV_2335,0,0,0,0,0,0,0,0,0,0,0,0,0,0,0,0,0,0,0,0,0,0,0,0,0,0,0,35,0,0,0,0,0,0,0,0,0,0,0,0,0,0,0,0,0,Eukaryota,Obazoa,Opisthokonta,Metazoa,Arthropoda,Crustacea,Maxillopoda,Eudiaptomus,Eudiaptomus_graciloides,Opisthokonta_Arthropoda
ASV_2336,0,0,0,0,0,0,0,0,0,0,0,0,0,0,0,0,0,0,0,0,0,0,0,0,0,0,0,0,35,0,0,0,0,0,0,0,0,0,0,0,0,0,0,0,0,Eukaryota,Archaeplastida,Chlorophyta,Chlorophyta_X,Trebouxiophyceae,Chlorellales,Chlorellales_X,Amphikrikos,Amphikrikos_sp.,Chlorophyta
ASV_2337,0,0,0,0,0,0,0,0,0,0,0,0,0,0,0,0,0,0,0,0,0,0,0,0,0,0,0,0,0,35,0,0,0,0,0,0,0,0,0,0,0,0,0,0,0,Eukaryota,TSAR,Stramenopiles,Bigyra,Bicoecea,Pseudodendromonadales,Pseudodendromonadales_X,Pseudodendromonadales_XX,Pseudodendromonadales_XX_sp.,Stramenopiles
ASV_2338,0,0,0,0,0,0,0,0,0,0,0,0,0,0,0,0,0,0,0,0,0,0,0,0,0,0,0,0,0,0,0,0,0,35,0,0,0,0,0,0,0,0,0,0,0,Eukaryota,Archaeplastida,Chlorophyta,Chlorophyta_X,Chlorophyceae,Chlamydomonadales,Chlamydomonadales_X,Fasciculochloris,Fasciculochloris_boldii,Chlorophyta
ASV_2339,0,0,0,0,0,0,0,0,0,0,0,0,0,0,0,0,0,0,0,0,0,0,0,0,0,0,0,0,0,0,0,0,0,0,0,35,0,0,0,0,0,0,0,0,0,Eukaryota,TSAR,Stramenopiles,Bigyra,Bicoecea,Pseudodendromonadales,Pseudodendromonadales_X,Pseudodendromonadales_XX,Pseudodendromonadales_XX_sp.,Stramenopiles
ASV_2340,0,0,0,0,0,0,0,0,0,0,0,0,0,0,0,0,0,0,0,0,0,0,0,0,0,0,0,0,0,0,0,0,0,0,0,0,35,0,0,0,0,0,0,0,0,Eukaryota,TSAR,Alveolata,Ciliophora,Oligohymenophorea,Scuticociliatia_2,Scuticociliatia_2_X,Scuticociliatia_2_XX,Tardigrada_environmental,Alveolata
ASV_2341,0,0,0,0,0,0,0,0,0,0,0,0,0,0,0,0,0,0,0,0,0,0,0,0,0,0,0,0,0,0,0,0,0,0,0,0,0,0,0,0,0,0,35,0,0,Eukaryota,TSAR,Stramenopiles,Gyrista,Chrysophyceae,Paraphysomonadales,Paraphysomonadaceae,Paraphysomonas,Paraphysomonas_vulgaris,Stramenopiles
ASV_2342,0,0,0,0,0,0,0,0,0,0,0,0,0,0,0,0,0,0,0,0,0,0,0,0,0,0,0,0,0,0,0,0,0,0,0,0,0,0,0,0,0,0,28,7,0,Eukaryota,TSAR,Stramenopiles,Gyrista,Eustigmatophyceae,Eustigmatophyceae_X,Eustigmatophyceae_XX,Characiopsis,Characiopsis_sp.,Stramenopiles
ASV_2343,0,34,0,0,0,0,0,0,0,0,0,0,0,0,0,0,0,0,0,0,0,0,0,0,0,0,0,0,0,0,0,0,0,0,0,0,0,0,0,0,0,0,0,0,0,Eukaryota,Obazoa,Opisthokonta,Metazoa,Arthropoda,Crustacea,Maxillopoda,Eucyclops,NA,Opisthokonta_Arthropoda
ASV_2344,0,0,34,0,0,0,0,0,0,0,0,0,0,0,0,0,0,0,0,0,0,0,0,0,0,0,0,0,0,0,0,0,0,0,0,0,0,0,0,0,0,0,0,0,0,Eukaryota,Obazoa,Opisthokonta,Metazoa,Arthropoda,Hexapoda,Collembola,Sinella,Sinella_curviseta,Opisthokonta_Arthropoda
ASV_2345,0,0,0,34,0,0,0,0,0,0,0,0,0,0,0,0,0,0,0,0,0,0,0,0,0,0,0,0,0,0,0,0,0,0,0,0,0,0,0,0,0,0,0,0,0,Eukaryota,TSAR,Stramenopiles,Bigyra,Bicoecea,Pseudodendromonadales,Pseudodendromonadales_X,Pseudodendromonadales_XX,Pseudodendromonadales_XX_sp.,Stramenopiles
ASV_2346,0,0,0,0,0,0,0,0,0,0,0,0,0,0,0,34,0,0,0,0,0,0,0,0,0,0,0,0,0,0,0,0,0,0,0,0,0,0,0,0,0,0,0,0,0,Eukaryota,TSAR,Alveolata,Apicomplexa,Gregarinomorphea,Neogregarinorida,Actinocephalidae,Hoplorhynchus,Hoplorhynchus_acanthatholius,Alveolata
ASV_2347,0,0,0,0,0,0,0,0,0,0,0,0,0,0,0,0,0,0,34,0,0,0,0,0,0,0,0,0,0,0,0,0,0,0,0,0,0,0,0,0,0,0,0,0,0,Eukaryota,Obazoa,Opisthokonta,Fungi,Ascomycota,Pezizomycotina,NA,NA,NA,Opisthokonta_Ascomycota
ASV_2348,0,0,0,0,0,0,0,0,0,0,0,0,0,0,0,0,0,0,0,0,0,19,15,0,0,0,0,0,0,0,0,0,0,0,0,0,0,0,0,0,0,0,0,0,0,Eukaryota,Obazoa,Opisthokonta,Fungi,Chytridiomycota,NA,NA,NA,NA,Opisthokonta_Chytridiomycota
ASV_2349,0,0,0,0,0,0,0,0,0,0,0,0,0,0,0,0,0,0,0,0,0,0,0,0,34,0,0,0,0,0,0,0,0,0,0,0,0,0,0,0,0,0,0,0,0,Eukaryota,Cryptista,Cryptophyta,Cryptophyta_X,Cryptophyceae,Cryptophyceae_X,Basal_Cryptophyceae-1,Basal_Cryptophyceae-1_X,Basal_Cryptophyceae-1_X_sp.,Cryptophyta
ASV_2350,0,0,0,0,0,0,0,0,0,0,0,0,0,0,0,0,0,0,0,0,0,0,0,0,0,34,0,0,0,0,0,0,0,0,0,0,0,0,0,0,0,0,0,0,0,Eukaryota,Obazoa,Opisthokonta,Fungi,Ascomycota,Pezizomycotina,Dothideomycetes,NA,NA,Opisthokonta_Ascomycota
ASV_2351,0,0,0,0,0,0,0,0,0,0,0,0,0,0,0,0,0,0,0,0,0,0,0,0,0,34,0,0,0,0,0,0,0,0,0,0,0,0,0,0,0,0,0,0,0,Eukaryota,Obazoa,Opisthokonta,Fungi,Mucoromycota,Mucoromycotina,Mucorales,Choanephora,Choanephora_infundibulifera_f._cucurbitarum,Opisthokonta_Mucoromycota
ASV_2352,0,0,0,0,0,0,0,0,0,0,0,0,0,0,0,0,0,0,0,0,0,0,0,0,0,0,0,0,34,0,0,0,0,0,0,0,0,0,0,0,0,0,0,0,0,Eukaryota,TSAR,Rhizaria,Cercozoa,NA,NA,NA,NA,NA,Rhizaria
ASV_2353,0,0,0,0,0,0,0,0,0,0,0,0,0,0,0,0,0,0,0,0,0,0,0,0,0,0,0,0,0,0,34,0,0,0,0,0,0,0,0,0,0,0,0,0,0,Eukaryota,TSAR,Rhizaria,Cercozoa,Novel-clade-10-12,Tremulida,Tremulidae,Tremula,Tremula_longifila,Rhizaria
ASV_2354,0,0,0,0,0,0,0,0,0,0,0,0,0,0,0,0,0,0,0,0,0,0,0,0,0,0,0,0,0,0,0,0,0,34,0,0,0,0,0,0,0,0,0,0,0,Eukaryota,Obazoa,Opisthokonta,Metazoa,Arthropoda,Crustacea,Branchiopoda,Alonopsis,Alonopsis_elongata,Opisthokonta_Arthropoda
ASV_2355,0,0,0,0,0,0,0,0,0,0,0,0,0,0,0,0,0,0,0,0,0,0,0,0,0,0,0,0,0,0,0,0,0,34,0,0,0,0,0,0,0,0,0,0,0,Eukaryota,TSAR,Stramenopiles,Bigyra,Bicoecea,Pseudodendromonadales,Pseudodendromonadales_X,Pseudodendromonadales_XX,Pseudodendromonadales_XX_sp.,Stramenopiles
ASV_2356,0,0,0,0,0,0,0,0,0,0,0,0,0,0,0,0,0,0,0,0,0,0,0,0,0,0,0,0,0,0,0,0,0,34,0,0,0,0,0,0,0,0,0,0,0,Eukaryota,Obazoa,Opisthokonta,Fungi,Basidiomycota,NA,NA,NA,NA,Opisthokonta_Basidiomycota
ASV_2357,0,0,0,0,0,0,0,0,0,0,0,0,0,0,0,0,0,0,0,0,0,0,0,0,0,0,0,0,0,0,0,0,0,34,0,0,0,0,0,0,0,0,0,0,0,Eukaryota,TSAR,Stramenopiles,Gyrista,Peronosporomycetes,Peronosporomycetes,Saprolegniales,Aphanomyces,Aphanomyces_sp.,Stramenopiles
ASV_2358,0,0,0,0,0,0,0,0,0,0,0,0,0,0,0,0,0,0,0,0,0,0,0,0,0,0,0,0,0,0,0,0,0,34,0,0,0,0,0,0,0,0,0,0,0,Eukaryota,Archaeplastida,Chlorophyta,Chlorophyta_X,Chlorophyceae,Chlamydomonadales,Chlamydomonadales_X,Lobochlamys,Lobochlamys_segnis,Chlorophyta
ASV_2359,0,0,0,0,0,0,0,0,0,0,0,0,0,0,0,0,0,0,0,0,0,0,0,0,0,0,0,0,0,0,0,0,0,34,0,0,0,0,0,0,0,0,0,0,0,Eukaryota,Obazoa,Opisthokonta,Fungi,NA,NA,NA,NA,NA,Opisthokonta_Unclassified
ASV_2360,0,0,0,0,0,0,0,0,0,0,0,0,0,0,0,0,0,0,0,0,0,0,0,0,0,0,0,0,0,0,0,0,0,0,34,0,0,0,0,0,0,0,0,0,0,Eukaryota,Cryptista,Cryptophyta,Cryptophyta_X,Cryptophyceae,Cryptomonadales,Cryptomonadales_X,Cryptomonas,Cryptomonas_curvata,Cryptophyta
ASV_2361,0,0,0,0,0,0,0,0,0,0,0,0,0,0,0,0,0,0,0,0,0,0,0,0,0,0,0,0,0,0,0,0,0,0,0,0,34,0,0,0,0,0,0,0,0,Eukaryota,Archaeplastida,Chlorophyta,Chlorophyta_X,Trebouxiophyceae,Trebouxiophyceae_X,Trebouxiophyceae_XX,Botryococcus,NA,Chlorophyta
ASV_2362,0,0,0,0,0,0,0,0,0,0,0,0,0,0,0,0,0,0,0,0,0,0,0,0,0,0,0,0,0,0,0,0,0,0,0,0,0,0,0,0,0,34,0,0,0,Eukaryota,TSAR,Stramenopiles,Gyrista,Chrysophyceae,NA,NA,NA,NA,Stramenopiles
ASV_2363,0,33,0,0,0,0,0,0,0,0,0,0,0,0,0,0,0,0,0,0,0,0,0,0,0,0,0,0,0,0,0,0,0,0,0,0,0,0,0,0,0,0,0,0,0,Eukaryota,Obazoa,Opisthokonta,NA,NA,NA,NA,NA,NA,Opisthokonta_Unclassified
ASV_2364,0,33,0,0,0,0,0,0,0,0,0,0,0,0,0,0,0,0,0,0,0,0,0,0,0,0,0,0,0,0,0,0,0,0,0,0,0,0,0,0,0,0,0,0,0,Eukaryota,Obazoa,Opisthokonta,Fungi,Chytridiomycota,Lobulomycetales,Lobulomycetaceae,Lobulomyces,NA,Opisthokonta_Chytridiomycota
ASV_2365,0,33,0,0,0,0,0,0,0,0,0,0,0,0,0,0,0,0,0,0,0,0,0,0,0,0,0,0,0,0,0,0,0,0,0,0,0,0,0,0,0,0,0,0,0,Eukaryota,Obazoa,Opisthokonta,Metazoa,Arthropoda,Crustacea,Ostracoda,Cypridopsis,Cypridopsis_japonica,Opisthokonta_Arthropoda
ASV_2366,0,0,0,33,0,0,0,0,0,0,0,0,0,0,0,0,0,0,0,0,0,0,0,0,0,0,0,0,0,0,0,0,0,0,0,0,0,0,0,0,0,0,0,0,0,Eukaryota,Obazoa,Opisthokonta,Fungi,NA,NA,NA,NA,NA,Opisthokonta_Unclassified
ASV_2367,0,0,0,33,0,0,0,0,0,0,0,0,0,0,0,0,0,0,0,0,0,0,0,0,0,0,0,0,0,0,0,0,0,0,0,0,0,0,0,0,0,0,0,0,0,Eukaryota,TSAR,Stramenopiles,Bigyra,Bicoecea,Pseudodendromonadales,Pseudodendromonadales_X,Pseudodendromonadales_XX,Pseudodendromonadales_XX_sp.,Stramenopiles
ASV_2368,0,0,0,0,0,0,4,0,0,0,0,0,0,0,0,0,0,0,0,0,0,0,0,0,0,0,0,0,0,0,0,0,0,0,0,0,0,0,0,0,0,24,5,0,0,Eukaryota,Amoebozoa,Evosea,Evosea_X,Variosea,Flamellidae,Flamella-lineage,Flamella,Flamella_fluviatilis,Evosea
ASV_2369,0,0,0,0,0,0,0,0,0,0,33,0,0,0,0,0,0,0,0,0,0,0,0,0,0,0,0,0,0,0,0,0,0,0,0,0,0,0,0,0,0,0,0,0,0,Eukaryota,Obazoa,Opisthokonta,Metazoa,Gastrotricha,Gastrotricha_X,Gastrotricha_XX,Lepidodermella,Lepidodermella_squamata,Opisthokonta_Gastrotricha
ASV_2370,0,0,0,0,0,0,0,0,0,0,0,0,33,0,0,0,0,0,0,0,0,0,0,0,0,0,0,0,0,0,0,0,0,0,0,0,0,0,0,0,0,0,0,0,0,Eukaryota,Archaeplastida,Streptophyta,Streptophyta_X,Zygnemophyceae, Zygnemophyceae, ZygnemophyceaeX,Closterium,NA,Streptophyta
ASV_2371,0,0,0,0,0,0,0,0,0,0,0,0,0,0,0,33,0,0,0,0,0,0,0,0,0,0,0,0,0,0,0,0,0,0,0,0,0,0,0,0,0,0,0,0,0,Eukaryota,TSAR,Rhizaria,Cercozoa,Filosa-Granofilosea,Filosa-Granofilosea_X,NA,NA,NA,Rhizaria
ASV_2372,0,0,0,0,0,0,0,0,0,0,0,0,0,0,0,33,0,0,0,0,0,0,0,0,0,0,0,0,0,0,0,0,0,0,0,0,0,0,0,0,0,0,0,0,0,Eukaryota,TSAR,Stramenopiles,Bigyra,Bicoecea,Bicoecales,Bicoecaceae,Bicosoeca,Bicosoeca_petiolata,Stramenopiles
ASV_2373,0,0,0,0,0,0,0,0,0,0,0,0,0,0,0,0,33,0,0,0,0,0,0,0,0,0,0,0,0,0,0,0,0,0,0,0,0,0,0,0,0,0,0,0,0,Eukaryota,Obazoa,Opisthokonta,Metazoa,Gastrotricha,Gastrotricha_X,Gastrotricha_XX,NA,NA,Opisthokonta_Gastrotricha
ASV_2374,0,0,0,0,0,0,0,0,0,0,0,0,0,0,0,0,0,0,33,0,0,0,0,0,0,0,0,0,0,0,0,0,0,0,0,0,0,0,0,0,0,0,0,0,0,Eukaryota,Obazoa,Opisthokonta,Choanoflagellata,Choanoflagellatea,Craspedida,Salpingoecidae_Group_C1,Salpingoeca_C1,Salpingoeca_fusiformis,Opisthokonta_Choanoflagellatea
ASV_2375,0,0,0,0,0,0,0,0,0,0,0,0,0,0,0,0,0,0,0,33,0,0,0,0,0,0,0,0,0,0,0,0,0,0,0,0,0,0,0,0,0,0,0,0,0,Eukaryota,Archaeplastida,Chlorophyta,Chlorophyta_X,Chlorophyceae,Chlamydomonadales,Chlamydomonadales_X,Carteria,NA,Chlorophyta
ASV_2376,0,0,0,0,0,0,0,0,0,0,0,0,0,0,0,0,0,0,0,0,33,0,0,0,0,0,0,0,0,0,0,0,0,0,0,0,0,0,0,0,0,0,0,0,0,Eukaryota,TSAR,Stramenopiles,Gyrista,Chrysophyceae,NA,NA,NA,NA,Stramenopiles
ASV_2377,0,0,0,0,0,0,0,0,0,0,0,0,0,0,0,0,0,0,0,0,33,0,0,0,0,0,0,0,0,0,0,0,0,0,0,0,0,0,0,0,0,0,0,0,0,Eukaryota,TSAR,Rhizaria,Cercozoa,Novel-clade-10-12,Novel-clade-10,Novel-clade-10_X,Novel-clade-10_XX,Novel-clade-10_XX_sp.,Rhizaria
ASV_2378,0,0,0,0,0,0,0,0,0,0,0,0,0,0,0,0,0,0,0,0,33,0,0,0,0,0,0,0,0,0,0,0,0,0,0,0,0,0,0,0,0,0,0,0,0,Eukaryota,Archaeplastida,Chlorophyta,Chlorophyta_X,Chlorophyceae,Sphaeropleales,Sphaeropleales_X,NA,NA,Chlorophyta
ASV_2379,0,0,0,0,0,0,0,0,0,0,0,0,0,0,0,0,0,0,0,0,0,33,0,0,0,0,0,0,0,0,0,0,0,0,0,0,0,0,0,0,0,0,0,0,0,Eukaryota,TSAR,Stramenopiles,Bigyra,Bicoecea,Pseudodendromonadales,Pseudodendromonadales_X,NA,NA,Stramenopiles
ASV_2380,0,0,0,0,0,0,0,0,0,0,0,0,0,0,0,0,0,0,0,0,0,33,0,0,0,0,0,0,0,0,0,0,0,0,0,0,0,0,0,0,0,0,0,0,0,Eukaryota,Archaeplastida,Chlorophyta,Chlorophyta_X,Chlorophyceae,Chlamydomonadales,Chlamydomonadales_X,Carteria,Carteria_lunzensis,Chlorophyta
ASV_2381,0,0,0,0,0,0,0,0,0,0,0,0,0,0,0,0,0,0,0,0,0,0,33,0,0,0,0,0,0,0,0,0,0,0,0,0,0,0,0,0,0,0,0,0,0,Eukaryota,Obazoa,Opisthokonta,Fungi,Ascomycota,Pezizomycotina,Leotiomycetes,Sclerotinia,Sclerotinia_trifoliorum,Opisthokonta_Ascomycota
ASV_2382,0,0,0,0,0,0,0,0,0,0,0,0,0,0,0,0,0,0,0,0,0,0,0,0,33,0,0,0,0,0,0,0,0,0,0,0,0,0,0,0,0,0,0,0,0,Eukaryota,Obazoa,Opisthokonta,Fungi,Ascomycota,Pezizomycotina,Eurotiomycetes,Ceramothyrium,Ceramothyrium_linnaeae,Opisthokonta_Ascomycota
ASV_2383,0,0,0,0,0,0,0,0,0,0,0,0,0,0,0,0,0,0,0,0,0,0,0,0,33,0,0,0,0,0,0,0,0,0,0,0,0,0,0,0,0,0,0,0,0,Eukaryota,Archaeplastida,Chlorophyta,Chlorophyta_X,Chlorophyceae,Chlamydomonadales,Chlamydomonadales_X,NA,NA,Chlorophyta
ASV_2384,0,0,0,0,0,0,0,0,0,0,0,0,0,0,0,0,0,0,0,0,0,0,0,0,33,0,0,0,0,0,0,0,0,0,0,0,0,0,0,0,0,0,0,0,0,Eukaryota,Obazoa,Opisthokonta,Ichthyosporea,Ichthyophonida,Ichthyophonidae,Amoebidianae,NA,NA,Opisthokonta_Ichthyophonida
ASV_2385,0,0,0,0,0,0,0,0,0,0,0,0,0,0,0,0,0,0,0,0,0,0,0,0,0,33,0,0,0,0,0,0,0,0,0,0,0,0,0,0,0,0,0,0,0,Eukaryota,Obazoa,Opisthokonta,Fungi,NA,NA,NA,NA,NA,Opisthokonta_Unclassified
ASV_2386,0,0,0,0,0,0,0,0,0,0,0,0,0,0,0,0,0,0,0,0,0,0,0,0,0,33,0,0,0,0,0,0,0,0,0,0,0,0,0,0,0,0,0,0,0,Eukaryota,Obazoa,Opisthokonta,Fungi,NA,NA,NA,NA,NA,Opisthokonta_Unclassified
ASV_2387,0,0,0,0,0,0,0,0,0,0,0,0,0,0,0,0,0,0,0,0,0,0,0,0,0,33,0,0,0,0,0,0,0,0,0,0,0,0,0,0,0,0,0,0,0,Eukaryota,Archaeplastida,Streptophyta,Streptophyta_X,Embryophyceae,Embryophyceae_X,Embryophyceae_XX,Pteridium,NA,Streptophyta
ASV_2388,0,0,0,0,0,0,0,0,0,0,0,0,0,0,0,0,0,0,0,0,0,0,0,0,0,0,33,0,0,0,0,0,0,0,0,0,0,0,0,0,0,0,0,0,0,Eukaryota,TSAR,Stramenopiles,Gyrista,Chrysophyceae,NA,NA,NA,NA,Stramenopiles
ASV_2389,0,0,0,0,0,0,0,0,0,0,0,0,0,0,0,0,0,0,0,0,0,0,0,0,0,0,0,0,0,0,0,0,0,33,0,0,0,0,0,0,0,0,0,0,0,Eukaryota,TSAR,Stramenopiles,Bigyra,Bicoecea,Pseudodendromonadales,Pseudodendromonadales_X,Pseudodendromonadales_XX,Pseudodendromonadales_XX_sp.,Stramenopiles
ASV_2390,0,0,0,0,0,0,0,0,0,0,0,0,0,0,0,0,0,0,0,0,0,0,0,0,0,0,0,0,0,0,0,0,0,33,0,0,0,0,0,0,0,0,0,0,0,Eukaryota,TSAR,Stramenopiles,Bigyra,Bicoecea,Pseudodendromonadales,Pseudodendromonadales_X,Pseudodendromonadales_XX,Pseudodendromonadales_XX_sp.,Stramenopiles
ASV_2391,0,0,0,0,0,0,0,0,0,0,0,0,0,0,0,0,0,0,0,0,0,0,0,0,0,0,0,0,0,0,0,0,0,0,33,0,0,0,0,0,0,0,0,0,0,Eukaryota,Cryptista,Cryptophyta,Cryptophyta_X,Cryptophyceae,Cryptomonadales,Cryptomonadales_X,Cryptomonas,Cryptomonas_pyrenoidifera,Cryptophyta
ASV_2392,0,0,0,0,0,0,0,0,0,0,0,0,0,0,0,0,0,0,0,0,0,0,0,0,0,0,0,0,0,0,0,0,0,0,0,33,0,0,0,0,0,0,0,0,0,Eukaryota,TSAR,Stramenopiles,Gyrista,Chrysophyceae,Ochromonadales,Ochromonadaceae,Dinobryon,Dinobryon_cylindricum,Stramenopiles
ASV_2393,0,0,0,0,0,0,0,0,0,0,0,0,0,0,0,0,0,0,0,0,0,0,0,0,0,0,0,0,0,0,0,0,0,0,0,0,33,0,0,0,0,0,0,0,0,Eukaryota,TSAR,Stramenopiles,Gyrista,Bacillariophyceae,Bacillariales,Bacillariaceae,NA,NA,Stramenopiles
ASV_2394,0,32,0,0,0,0,0,0,0,0,0,0,0,0,0,0,0,0,0,0,0,0,0,0,0,0,0,0,0,0,0,0,0,0,0,0,0,0,0,0,0,0,0,0,0,Eukaryota,Obazoa,Opisthokonta,Fungi,Basidiomycota,Agaricomycotina,Agaricomycetes,NA,NA,Opisthokonta_Basidiomycota
ASV_2395,0,0,32,0,0,0,0,0,0,0,0,0,0,0,0,0,0,0,0,0,0,0,0,0,0,0,0,0,0,0,0,0,0,0,0,0,0,0,0,0,0,0,0,0,0,Eukaryota,Obazoa,Opisthokonta,Metazoa,Arthropoda,Crustacea,Maxillopoda,NA,NA,Opisthokonta_Arthropoda
ASV_2396,0,0,0,32,0,0,0,0,0,0,0,0,0,0,0,0,0,0,0,0,0,0,0,0,0,0,0,0,0,0,0,0,0,0,0,0,0,0,0,0,0,0,0,0,0,Eukaryota,Obazoa,Opisthokonta,Fungi,Blastocladiomycota,Blastocladiomycotina,Blastocladiomycetes,Hyaloraphidium,Hyaloraphidium_curvatum,Opisthokonta_Blastocladiomycota
ASV_2397,0,0,0,0,0,0,0,0,0,0,0,0,0,0,0,32,0,0,0,0,0,0,0,0,0,0,0,0,0,0,0,0,0,0,0,0,0,0,0,0,0,0,0,0,0,Eukaryota,Obazoa,Opisthokonta,Metazoa,Nematoda,Chromadorea,Chromadorea_X,Eumonhystera,Eumonhystera_sp.,Opisthokonta_Nematoda
ASV_2398,0,0,0,0,0,0,0,0,0,0,0,0,0,0,0,0,22,0,10,0,0,0,0,0,0,0,0,0,0,0,0,0,0,0,0,0,0,0,0,0,0,0,0,0,0,Eukaryota,TSAR,Stramenopiles,Gyrista,Dictyochophyceae,Dictyochophyceae_X,Pedinellales,Pseudopedinella,NA,Stramenopiles
ASV_2399,0,0,0,0,0,0,0,0,0,0,0,0,0,0,0,0,0,0,32,0,0,0,0,0,0,0,0,0,0,0,0,0,0,0,0,0,0,0,0,0,0,0,0,0,0,Eukaryota,Obazoa,Opisthokonta,Fungi,Chytridiomycota,Cladochytriales,Cladochytriaceae,Cladochytrium,Cladochytrium_replicatum,Opisthokonta_Chytridiomycota
ASV_2400,0,0,0,0,0,0,0,0,0,0,0,0,0,0,0,0,0,0,32,0,0,0,0,0,0,0,0,0,0,0,0,0,0,0,0,0,0,0,0,0,0,0,0,0,0,Eukaryota,TSAR,Alveolata,Ciliophora,Spirotrichea,Hypotrichia,NA,NA,NA,Alveolata
ASV_2401,0,0,0,0,0,0,0,0,0,0,0,0,0,0,0,0,0,0,0,32,0,0,0,0,0,0,0,0,0,0,0,0,0,0,0,0,0,0,0,0,0,0,0,0,0,Eukaryota,Obazoa,Opisthokonta,Fungi,Basidiomycota,Agaricomycotina,Agaricomycetes,Schizophyllum,NA,Opisthokonta_Basidiomycota
ASV_2402,0,0,0,0,0,0,0,0,0,0,0,0,0,0,0,0,0,0,0,0,32,0,0,0,0,0,0,0,0,0,0,0,0,0,0,0,0,0,0,0,0,0,0,0,0,Eukaryota,Archaeplastida,Chlorophyta,Chlorophyta_X,Chlorophyceae,Chlamydomonadales,Chlamydomonadales_X,Carteria,Carteria_lunzensis,Chlorophyta
ASV_2403,0,0,0,0,0,0,0,0,0,0,0,0,0,0,0,0,0,0,0,0,0,32,0,0,0,0,0,0,0,0,0,0,0,0,0,0,0,0,0,0,0,0,0,0,0,Eukaryota,Obazoa,Opisthokonta,Metazoa,Arthropoda,NA,NA,NA,NA,Opisthokonta_Arthropoda
ASV_2404,0,0,0,0,0,0,0,0,0,0,0,0,0,0,0,0,0,0,0,0,0,0,0,0,32,0,0,0,0,0,0,0,0,0,0,0,0,0,0,0,0,0,0,0,0,Eukaryota,TSAR,Stramenopiles,Bigyra,Bicoecea,Pseudodendromonadales,Pseudodendromonadales_X,Pseudodendromonadales_XX,Pseudodendromonadales_XX_sp.,Stramenopiles
ASV_2405,0,0,0,0,0,0,0,0,0,0,0,0,0,0,0,0,0,0,0,0,0,0,0,0,0,0,0,32,0,0,0,0,0,0,0,0,0,0,0,0,0,0,0,0,0,Eukaryota,Obazoa,Opisthokonta,Fungi,NA,NA,NA,NA,NA,Opisthokonta_Unclassified
ASV_2406,0,0,0,0,0,0,0,0,0,0,0,0,0,0,0,0,0,0,0,0,0,0,0,0,0,0,0,0,0,0,32,0,0,0,0,0,0,0,0,0,0,0,0,0,0,Eukaryota,Obazoa,Opisthokonta,Fungi,NA,NA,NA,NA,NA,Opisthokonta_Unclassified
ASV_2407,0,0,0,0,0,0,0,0,0,0,0,0,0,0,0,0,0,0,0,0,0,0,0,0,0,0,0,0,0,0,0,32,0,0,0,0,0,0,0,0,0,0,0,0,0,Eukaryota,Obazoa,Opisthokonta,Fungi,NA,NA,NA,NA,NA,Opisthokonta_Unclassified
ASV_2408,0,0,0,0,0,0,0,0,0,0,0,0,0,0,0,0,0,0,0,0,0,0,0,0,0,0,0,0,0,0,0,0,0,32,0,0,0,0,0,0,0,0,0,0,0,Eukaryota,Obazoa,Opisthokonta,Metazoa,Arthropoda,Crustacea,Maxillopoda,Mesocyclops,Mesocyclops_dissimilis,Opisthokonta_Arthropoda
ASV_2409,0,0,0,31,0,0,0,0,0,0,0,0,0,0,0,0,0,0,0,0,0,0,0,0,0,0,0,0,0,0,0,0,0,0,0,0,0,0,0,0,0,0,0,0,0,Eukaryota,TSAR,Stramenopiles,Bigyra,Bicoecea,Pseudodendromonadales,Pseudodendromonadales_X,Pseudodendromonadales_XX,Pseudodendromonadales_XX_sp.,Stramenopiles
ASV_2410,0,0,0,0,31,0,0,0,0,0,0,0,0,0,0,0,0,0,0,0,0,0,0,0,0,0,0,0,0,0,0,0,0,0,0,0,0,0,0,0,0,0,0,0,0,Eukaryota,Obazoa,Opisthokonta,Fungi,Basidiomycota,Agaricomycotina,Agaricomycetes,NA,NA,Opisthokonta_Basidiomycota
ASV_2411,0,0,0,0,0,4,0,0,0,0,13,0,0,0,0,0,0,0,0,0,0,0,0,0,14,0,0,0,0,0,0,0,0,0,0,0,0,0,0,0,0,0,0,0,0,Eukaryota,TSAR,Stramenopiles,Gyrista,Peronosporomycetes,Peronosporomycetes,Haptoglossales,Haptoglossa,Haptoglossa_sp.,Stramenopiles
ASV_2412,0,0,0,0,0,0,0,0,10,0,0,0,0,0,0,0,0,0,0,0,0,0,0,0,0,0,0,0,0,0,0,0,0,0,0,0,0,0,0,21,0,0,0,0,0,Eukaryota,Obazoa,Opisthokonta,Metazoa,Arthropoda,Crustacea,Maxillopoda,NA,NA,Opisthokonta_Arthropoda
ASV_2413,0,0,0,0,0,0,0,0,0,0,0,0,31,0,0,0,0,0,0,0,0,0,0,0,0,0,0,0,0,0,0,0,0,0,0,0,0,0,0,0,0,0,0,0,0,Eukaryota,Archaeplastida,Streptophyta,Streptophyta_X,Zygnemophyceae, Zygnemophyceae, ZygnemophyceaeX,Staurastrum,NA,Streptophyta
ASV_2414,0,0,0,0,0,0,0,0,0,0,0,0,0,0,16,0,0,0,0,0,0,0,0,0,0,0,0,0,0,0,0,0,0,0,0,0,0,15,0,0,0,0,0,0,0,Eukaryota,Archaeplastida,Chlorophyta,Chlorophyta_X,Chlorophyceae,Chlamydomonadales,Chlamydomonadales_X,NA,NA,Chlorophyta
ASV_2415,0,0,0,0,0,0,0,0,0,0,0,0,0,0,0,0,0,31,0,0,0,0,0,0,0,0,0,0,0,0,0,0,0,0,0,0,0,0,0,0,0,0,0,0,0,Eukaryota,Obazoa,Opisthokonta,Metazoa,Arthropoda,Crustacea,Ostracoda,Darwinula,Darwinula_stevensoni,Opisthokonta_Arthropoda
ASV_2416,0,0,0,0,0,0,0,0,0,0,0,0,0,0,0,0,0,6,0,0,0,0,0,0,0,0,0,0,0,0,0,0,0,25,0,0,0,0,0,0,0,0,0,0,0,Eukaryota,Obazoa,Opisthokonta,Fungi,NA,NA,NA,NA,NA,Opisthokonta_Unclassified
ASV_2417,0,0,0,0,0,0,0,0,0,0,0,0,0,0,0,0,0,0,31,0,0,0,0,0,0,0,0,0,0,0,0,0,0,0,0,0,0,0,0,0,0,0,0,0,0,Eukaryota,TSAR,Stramenopiles,Gyrista,Bacillariophyceae,Cymbellales,Cymbellaceae,Cymbella,Cymbella_fulva,Stramenopiles
ASV_2418,0,0,0,0,0,0,0,0,0,0,0,0,0,0,0,0,0,0,31,0,0,0,0,0,0,0,0,0,0,0,0,0,0,0,0,0,0,0,0,0,0,0,0,0,0,Eukaryota,TSAR,Alveolata,Ciliophora,Litostomatea,Litostomatea_X,Litostomatea_XX,NA,NA,Alveolata
ASV_2419,0,0,0,0,0,0,0,0,0,0,0,0,0,0,0,0,0,0,31,0,0,0,0,0,0,0,0,0,0,0,0,0,0,0,0,0,0,0,0,0,0,0,0,0,0,Eukaryota,NA,NA,NA,NA,NA,NA,NA,NA,NA
ASV_2420,0,0,0,0,0,0,0,0,0,0,0,0,0,0,0,0,0,0,14,0,0,0,0,0,0,0,0,0,0,0,0,0,0,17,0,0,0,0,0,0,0,0,0,0,0,Eukaryota,TSAR,Stramenopiles,Gyrista,Bacillariophyceae,Naviculales,Naviculaceae,Navicula,Navicula_cryptocephala,Stramenopiles
ASV_2421,0,0,0,0,0,0,0,0,0,0,0,0,0,0,0,0,0,0,0,31,0,0,0,0,0,0,0,0,0,0,0,0,0,0,0,0,0,0,0,0,0,0,0,0,0,Eukaryota,Obazoa,Opisthokonta,Fungi,Ascomycota,Pezizomycotina,Dothideomycetes,Uwebraunia,Uwebraunia_dekkeri,Opisthokonta_Ascomycota
ASV_2422,0,0,0,0,0,0,0,0,0,0,0,0,0,0,0,0,0,0,0,0,31,0,0,0,0,0,0,0,0,0,0,0,0,0,0,0,0,0,0,0,0,0,0,0,0,Eukaryota,TSAR,Stramenopiles,Gyrista,Eustigmatophyceae,Eustigmatophyceae_X,Eustigmatophyceae_XX,Trachydiscus,Trachydiscus_sp.,Stramenopiles
ASV_2423,0,0,0,0,0,0,0,0,0,0,0,0,0,0,0,0,0,0,0,0,0,25,0,0,0,0,0,0,0,0,0,0,0,0,0,0,0,0,0,0,6,0,0,0,0,Eukaryota,Obazoa,Opisthokonta,Choanoflagellata,Choanoflagellatea,NA,NA,NA,NA,Opisthokonta_Choanoflagellatea
ASV_2424,0,0,0,0,0,0,0,0,0,0,0,0,0,0,0,0,0,0,0,0,0,0,31,0,0,0,0,0,0,0,0,0,0,0,0,0,0,0,0,0,0,0,0,0,0,Eukaryota,Archaeplastida,Chlorophyta,Chlorophyta_X,Trebouxiophyceae,Watanabea-Clade,Watanabea-Clade_X,Dictyochloropsis,Dictyochloropsis_irregularis,Chlorophyta
ASV_2425,0,0,0,0,0,0,0,0,0,0,0,0,0,0,0,0,0,0,0,0,0,0,5,0,0,11,0,0,0,15,0,0,0,0,0,0,0,0,0,0,0,0,0,0,0,Eukaryota,TSAR,Rhizaria,Cercozoa,Filosa-Granofilosea,Filosa-Granofilosea_X,Novel-Gran-6,Novel-Gran-6_X,Novel-Gran-6_X_sp.,Rhizaria
ASV_2426,0,0,0,0,0,0,0,0,0,0,0,0,0,0,0,0,0,0,0,0,0,0,0,31,0,0,0,0,0,0,0,0,0,0,0,0,0,0,0,0,0,0,0,0,0,Eukaryota,TSAR,Stramenopiles,Bigyra,Bicoecea,Pseudodendromonadales,Pseudodendromonadales_X,Pseudodendromonadales_XX,Pseudodendromonadales_XX_sp.,Stramenopiles
ASV_2427,0,0,0,0,0,0,0,0,0,0,0,0,0,0,0,0,0,0,0,0,0,0,0,0,31,0,0,0,0,0,0,0,0,0,0,0,0,0,0,0,0,0,0,0,0,Eukaryota,TSAR,Stramenopiles,Gyrista,Peronosporomycetes,Peronosporomycetes,Peronosporales,NA,NA,Stramenopiles
ASV_2428,0,0,0,0,0,0,0,0,0,0,0,0,0,0,0,0,0,0,0,0,0,0,0,0,0,31,0,0,0,0,0,0,0,0,0,0,0,0,0,0,0,0,0,0,0,Eukaryota,TSAR,Stramenopiles,Gyrista,Eustigmatophyceae,Eustigmatophyceae_X,Eustigmatophyceae_XX,Vacuoliviride,Vacuoliviride_crystalliferum,Stramenopiles
ASV_2429,0,0,0,0,0,0,0,0,0,0,0,0,0,0,0,0,0,0,0,0,0,0,0,0,0,31,0,0,0,0,0,0,0,0,0,0,0,0,0,0,0,0,0,0,0,Eukaryota,TSAR,Stramenopiles,Gyrista,Chrysophyceae,Ochromonadales,Ochromonadaceae,Poteriospumella,NA,Stramenopiles
ASV_2430,0,0,0,0,0,0,0,0,0,0,0,0,0,0,0,0,0,0,0,0,0,0,0,0,0,0,0,0,0,0,31,0,0,0,0,0,0,0,0,0,0,0,0,0,0,Eukaryota,Obazoa,Opisthokonta,Choanoflagellata,Choanoflagellatea,Craspedida,Monosigidae_Group_O,Monosigidae_Group_O_X,Monosigidae_Group_O_X_sp.,Opisthokonta_Choanoflagellatea
ASV_2431,0,0,0,0,0,0,0,0,0,0,0,0,0,0,0,0,0,0,0,0,0,0,0,0,0,0,0,0,0,0,0,31,0,0,0,0,0,0,0,0,0,0,0,0,0,Eukaryota,TSAR,Stramenopiles,Gyrista,Peronosporomycetes,Peronosporomycetes,Saprolegniales,Aphanomyces,Aphanomyces_sp.,Stramenopiles
ASV_2432,0,0,0,0,0,0,0,0,0,0,0,0,0,0,0,0,0,0,0,0,0,0,0,0,0,0,0,0,0,0,0,0,0,0,31,0,0,0,0,0,0,0,0,0,0,Eukaryota,Cryptista,Cryptophyta,Cryptophyta_X,Cryptophyceae,Cryptomonadales,Cryptomonadales_X,Cryptomonas,Cryptomonas_ovata,Cryptophyta
ASV_2433,0,0,0,0,0,0,0,0,0,0,0,0,0,0,0,0,0,0,0,0,0,0,0,0,0,0,0,0,0,0,0,0,0,0,31,0,0,0,0,0,0,0,0,0,0,Eukaryota,Archaeplastida,Chlorophyta,Chlorophyta_X,Chlorophyceae,Sphaeropleales,Sphaeropleales_X,NA,NA,Chlorophyta
ASV_2434,0,0,0,0,0,0,0,0,0,0,0,0,0,0,0,0,0,0,0,0,0,0,0,0,0,0,0,0,0,0,0,0,0,0,0,0,31,0,0,0,0,0,0,0,0,Eukaryota,TSAR,Rhizaria,Cercozoa,Novel-clade-10-12,Tremulida,Tremulidae,Tremula,Tremula_longifila,Rhizaria
ASV_2435,0,0,0,0,0,0,0,0,0,0,0,0,0,0,0,0,0,0,0,0,0,0,0,0,0,0,0,0,0,0,0,0,0,0,0,0,31,0,0,0,0,0,0,0,0,Eukaryota,TSAR,Stramenopiles,Bigyra,Opalozoa,Opalozoa_X,MAST-12,MAST-12C,MAST-12C_sp.,Stramenopiles
ASV_2436,0,0,0,0,0,0,0,0,0,0,0,0,0,0,0,0,0,0,0,0,0,0,0,0,0,0,0,0,0,0,0,0,0,0,0,0,0,0,31,0,0,0,0,0,0,Eukaryota,TSAR,Stramenopiles,Bigyra,Bicoecea,Bicoecales,Bicoecaceae,Bicoecaceae_X,Bicoecaceae_X_sp.,Stramenopiles
ASV_2437,0,0,0,0,0,0,0,0,0,0,0,0,0,0,0,0,0,0,0,0,0,0,0,0,0,0,0,0,0,0,0,0,0,0,0,0,0,0,0,0,0,31,0,0,0,Eukaryota,TSAR,Stramenopiles,Bigyra,Opalozoa,Opalozoa_X,MAST-12,MAST-12C,MAST-12C_sp.,Stramenopiles
ASV_2438,0,0,0,0,0,0,0,0,30,0,0,0,0,0,0,0,0,0,0,0,0,0,0,0,0,0,0,0,0,0,0,0,0,0,0,0,0,0,0,0,0,0,0,0,0,Eukaryota,Obazoa,Opisthokonta,Fungi,Ascomycota,Pezizomycotina,Lecanoromycetes,Lecidella,Lecidella_meiococca,Opisthokonta_Ascomycota
ASV_2439,0,0,0,0,0,0,0,0,0,0,0,0,30,0,0,0,0,0,0,0,0,0,0,0,0,0,0,0,0,0,0,0,0,0,0,0,0,0,0,0,0,0,0,0,0,Eukaryota,Archaeplastida,Chlorophyta,Chlorophyta_X,Chlorophyceae,Chlamydomonadales,Chlamydomonadales_X,NA,NA,Chlorophyta
ASV_2440,0,0,0,0,0,0,0,0,0,0,0,0,0,0,0,30,0,0,0,0,0,0,0,0,0,0,0,0,0,0,0,0,0,0,0,0,0,0,0,0,0,0,0,0,0,Eukaryota,TSAR,Rhizaria,Cercozoa,Endomyxa,Vampyrellida,Leptophryidae,Arachnomyxa,Arachnomyxa_cryptophaga,Rhizaria
ASV_2441,0,0,0,0,0,0,0,0,0,0,0,0,0,0,0,30,0,0,0,0,0,0,0,0,0,0,0,0,0,0,0,0,0,0,0,0,0,0,0,0,0,0,0,0,0,Eukaryota,Obazoa,Opisthokonta,Metazoa,Arthropoda,Crustacea,Ostracoda,Spinileberis,Spinileberis_quadriaculeata,Opisthokonta_Arthropoda
ASV_2442,0,0,0,0,0,0,0,0,0,0,0,0,0,0,0,0,0,0,30,0,0,0,0,0,0,0,0,0,0,0,0,0,0,0,0,0,0,0,0,0,0,0,0,0,0,Eukaryota,Obazoa,Opisthokonta,Fungi,Chytridiomycota,NA,NA,NA,NA,Opisthokonta_Chytridiomycota
ASV_2443,0,0,0,0,0,0,0,0,0,0,0,0,0,0,0,0,0,0,30,0,0,0,0,0,0,0,0,0,0,0,0,0,0,0,0,0,0,0,0,0,0,0,0,0,0,Eukaryota,Obazoa,Opisthokonta,Fungi,Basidiomycota,NA,NA,NA,NA,Opisthokonta_Basidiomycota
ASV_2444,0,0,0,0,0,0,0,0,0,0,0,0,0,0,0,0,0,0,0,0,30,0,0,0,0,0,0,0,0,0,0,0,0,0,0,0,0,0,0,0,0,0,0,0,0,Eukaryota,TSAR,Stramenopiles,Gyrista,Chrysophyceae,NA,NA,NA,NA,Stramenopiles
ASV_2445,0,0,0,0,0,0,0,0,0,0,0,0,0,0,0,0,0,0,0,0,0,0,0,0,30,0,0,0,0,0,0,0,0,0,0,0,0,0,0,0,0,0,0,0,0,Eukaryota,Obazoa,Opisthokonta,Metazoa,Rotifera,Rotifera_X,Rotifera_XX,NA,NA,Opisthokonta_Rotifera
ASV_2446,0,0,0,0,0,0,0,0,0,0,0,0,0,0,0,0,0,0,0,0,0,0,0,0,0,30,0,0,0,0,0,0,0,0,0,0,0,0,0,0,0,0,0,0,0,Eukaryota,TSAR,Stramenopiles,Gyrista,Chrysophyceae,Apoikiales,Apoikiaceae,Apoikia,Apoikia_sp.,Stramenopiles
ASV_2447,0,0,0,0,0,0,0,0,0,0,0,0,0,0,0,0,0,0,0,0,0,0,0,0,0,30,0,0,0,0,0,0,0,0,0,0,0,0,0,0,0,0,0,0,0,Eukaryota,Obazoa,Opisthokonta,Fungi,Chytridiomycota,Zygorhizidiales,Zygorhizidiaceae,Zygorhizidium,Zygorhizidium_planktonicum,Opisthokonta_Chytridiomycota
ASV_2448,0,0,0,0,0,0,0,0,0,0,0,0,0,0,0,0,0,0,0,0,0,0,0,0,0,0,30,0,0,0,0,0,0,0,0,0,0,0,0,0,0,0,0,0,0,Eukaryota,Obazoa,Opisthokonta,Metazoa,Arthropoda,Crustacea,Ostracoda,Cypridopsis,Cypridopsis_adusta,Opisthokonta_Arthropoda
ASV_2449,0,0,0,0,0,0,0,0,0,0,0,0,0,0,0,0,0,0,0,0,0,0,0,0,0,0,0,0,0,0,0,0,0,30,0,0,0,0,0,0,0,0,0,0,0,Eukaryota,Archaeplastida,Chlorophyta,Chlorophyta_X,Chlorophyceae,Chlamydomonadales,Chlamydomonadales_X,Gonium,Gonium_pectorale,Chlorophyta
ASV_2450,0,0,0,0,0,0,0,0,0,0,0,0,0,0,0,0,0,0,0,0,0,0,0,0,0,0,0,0,0,0,0,0,0,30,0,0,0,0,0,0,0,0,0,0,0,Eukaryota,TSAR,Stramenopiles,Gyrista,Peronosporomycetes,Peronosporomycetes,Saprolegniales,Saprolegniales_X,Saprolegniales_X_sp.,Stramenopiles
ASV_2451,0,0,0,0,0,0,0,0,0,0,0,0,0,0,0,0,0,0,0,0,0,0,0,0,0,0,0,0,0,0,0,0,0,30,0,0,0,0,0,0,0,0,0,0,0,Eukaryota,TSAR,Stramenopiles,Bigyra,Bicoecea,Pseudodendromonadales,Pseudodendromonadales_X,Pseudodendromonadales_XX,Pseudodendromonadales_XX_sp.,Stramenopiles
ASV_2452,0,0,0,0,0,0,0,0,0,0,0,0,0,0,0,0,0,0,0,0,0,0,0,0,0,0,0,0,0,0,0,0,0,0,0,30,0,0,0,0,0,0,0,0,0,Eukaryota,TSAR,Stramenopiles,Bigyra,Bicoecea,Pseudodendromonadales,Pseudodendromonadales_X,Pseudodendromonadales_XX,Pseudodendromonadales_XX_sp.,Stramenopiles
ASV_2453,0,0,0,0,0,0,0,0,0,0,0,0,0,0,0,0,0,0,0,0,0,0,0,0,0,0,0,0,0,0,0,0,0,0,0,0,30,0,0,0,0,0,0,0,0,Eukaryota,Obazoa,Opisthokonta,Fungi,NA,NA,NA,NA,NA,Opisthokonta_Unclassified
ASV_2454,0,0,0,0,0,0,0,0,0,0,0,0,0,0,0,0,0,0,0,0,0,0,0,0,0,0,0,0,0,0,0,0,0,0,0,0,30,0,0,0,0,0,0,0,0,Eukaryota,Archaeplastida,Chlorophyta,Chlorophyta_X,Chlorophyceae,Chlamydomonadales,Chlamydomonadales_X,Pachycladella,Pachycladella_umbrina,Chlorophyta
ASV_2455,0,0,0,0,0,0,0,0,0,0,0,0,0,0,0,0,0,0,0,0,0,0,0,0,0,0,0,0,0,0,0,0,0,0,0,0,30,0,0,0,0,0,0,0,0,Eukaryota,TSAR,Stramenopiles,Gyrista,Peronosporomycetes,Peronosporomycetes,NA,NA,NA,Stramenopiles
ASV_2456,0,0,0,0,0,0,0,0,0,0,0,0,0,0,0,0,0,0,0,0,0,0,0,0,0,0,0,0,0,0,0,0,0,0,0,0,0,0,0,0,0,0,30,0,0,Eukaryota,Archaeplastida,Chlorophyta,Chlorophyta_X,Chlorophyceae,Chlamydomonadales,Chlamydomonadales_X,Asterococcus,Asterococcus_superbus,Chlorophyta
ASV_2457,0,20,0,0,0,0,0,0,0,0,0,0,0,0,0,0,0,0,0,0,0,0,0,0,0,0,0,0,0,0,0,0,0,9,0,0,0,0,0,0,0,0,0,0,0,Eukaryota,Obazoa,Opisthokonta,Fungi,Ascomycota,Pezizomycotina,Leotiomycetes,Articulospora,Articulospora_tetracladia,Opisthokonta_Ascomycota
ASV_2458,0,14,0,0,0,0,0,0,0,0,0,0,0,0,4,0,0,0,11,0,0,0,0,0,0,0,0,0,0,0,0,0,0,0,0,0,0,0,0,0,0,0,0,0,0,Eukaryota,Obazoa,Opisthokonta,Fungi,Basidiomycota,Agaricomycotina,Agaricomycetes,Cystofilobasidium,Cystofilobasidium_sp.,Opisthokonta_Basidiomycota
ASV_2459,0,3,26,0,0,0,0,0,0,0,0,0,0,0,0,0,0,0,0,0,0,0,0,0,0,0,0,0,0,0,0,0,0,0,0,0,0,0,0,0,0,0,0,0,0,Eukaryota,Obazoa,Opisthokonta,Fungi,Basidiomycota,NA,NA,NA,NA,Opisthokonta_Basidiomycota
ASV_2460,0,0,0,0,0,29,0,0,0,0,0,0,0,0,0,0,0,0,0,0,0,0,0,0,0,0,0,0,0,0,0,0,0,0,0,0,0,0,0,0,0,0,0,0,0,Eukaryota,TSAR,Stramenopiles,Gyrista,Bacillariophyceae,Achnanthales,Achnanthidiaceae,Lemnicola,Lemnicola_hungarica,Stramenopiles
ASV_2461,0,0,0,0,0,0,0,0,0,0,0,0,0,0,29,0,0,0,0,0,0,0,0,0,0,0,0,0,0,0,0,0,0,0,0,0,0,0,0,0,0,0,0,0,0,Eukaryota,Archaeplastida,Chlorophyta,Chlorophyta_X,Chlorophyceae,Chlamydomonadales,Chlamydomonadales_X,Eudorina,Eudorina_elegans,Chlorophyta
ASV_2462,0,0,0,0,0,0,0,0,0,0,0,0,0,0,0,29,0,0,0,0,0,0,0,0,0,0,0,0,0,0,0,0,0,0,0,0,0,0,0,0,0,0,0,0,0,Eukaryota,Obazoa,Opisthokonta,Fungi,Chytridiomycota,Rhizophydiales,Rhizophydiales_X,Rhizophydiales_XX,Rhizophydiales_XX_sp.,Opisthokonta_Chytridiomycota
ASV_2463,0,0,0,0,0,0,0,0,0,0,0,0,0,0,0,29,0,0,0,0,0,0,0,0,0,0,0,0,0,0,0,0,0,0,0,0,0,0,0,0,0,0,0,0,0,Eukaryota,Obazoa,Opisthokonta,Fungi,Chytridiomycota,Rhizophydiales,Rhizophydiaceae,Rhizophydium,NA,Opisthokonta_Chytridiomycota
ASV_2464,0,0,0,0,0,0,0,0,0,0,0,0,0,0,0,0,29,0,0,0,0,0,0,0,0,0,0,0,0,0,0,0,0,0,0,0,0,0,0,0,0,0,0,0,0,Eukaryota,Cryptista,Cryptophyta,Cryptophyta_X,Cryptophyceae,Cryptomonadales,Cryptomonadales_X,Cryptomonas,NA,Cryptophyta
ASV_2465,0,0,0,0,0,0,0,0,0,0,0,0,0,0,0,0,0,0,0,29,0,0,0,0,0,0,0,0,0,0,0,0,0,0,0,0,0,0,0,0,0,0,0,0,0,Eukaryota,TSAR,Stramenopiles,Bigyra,Bicoecea,Pseudodendromonadales,Pseudodendromonadales_X,Pseudodendromonadales_XX,Pseudodendromonadales_XX_sp.,Stramenopiles
ASV_2466,0,0,0,0,0,0,0,0,0,0,0,0,0,0,0,0,0,0,0,14,0,0,0,0,0,15,0,0,0,0,0,0,0,0,0,0,0,0,0,0,0,0,0,0,0,Eukaryota,Obazoa,Opisthokonta,Choanoflagellata,Choanoflagellatea,Choanoflagellatea_X,Choanoflagellata_XX_Clade-2,Sphaeroeca,Sphaeroeca_volvox,Opisthokonta_Choanoflagellatea
ASV_2467,0,0,0,0,0,0,0,0,0,0,0,0,0,0,0,0,0,0,0,0,0,0,0,0,17,12,0,0,0,0,0,0,0,0,0,0,0,0,0,0,0,0,0,0,0,Eukaryota,Obazoa,Opisthokonta,Ichthyosporea,Ichthyophonida,Ichthyophonidae,Amoebidianae,NA,NA,Opisthokonta_Ichthyophonida
ASV_2468,0,0,0,0,0,0,0,0,0,0,0,0,0,0,0,0,0,0,0,0,0,0,0,0,15,14,0,0,0,0,0,0,0,0,0,0,0,0,0,0,0,0,0,0,0,Eukaryota,Obazoa,Opisthokonta,Ichthyosporea,Ichthyophonida,Pseudoperkinsidae,Pseudoperkinsidae_X,Anurofeca,Anurofeca_sp.,Opisthokonta_Ichthyophonida
ASV_2469,0,0,0,0,0,0,0,0,0,0,0,0,0,0,0,0,0,0,0,0,0,0,0,0,0,29,0,0,0,0,0,0,0,0,0,0,0,0,0,0,0,0,0,0,0,Eukaryota,Obazoa,Opisthokonta,Fungi,Chytridiomycota,NA,NA,NA,NA,Opisthokonta_Chytridiomycota
ASV_2470,0,0,0,0,0,0,0,0,0,0,0,0,0,0,0,0,0,0,0,0,0,0,0,0,0,0,0,0,0,29,0,0,0,0,0,0,0,0,0,0,0,0,0,0,0,Eukaryota,Obazoa,Opisthokonta,Fungi,NA,NA,NA,NA,NA,Opisthokonta_Unclassified
ASV_2471,0,0,0,0,0,0,0,0,0,0,0,0,0,0,0,0,0,0,0,0,0,0,0,0,0,0,0,0,0,0,29,0,0,0,0,0,0,0,0,0,0,0,0,0,0,Eukaryota,TSAR,Stramenopiles,Bigyra,Bicoecea,Pseudodendromonadales,Pseudodendromonadales_X,Pseudodendromonadales_XX,Pseudodendromonadales_XX_sp.,Stramenopiles
ASV_2472,0,0,0,0,0,0,0,0,0,0,0,0,0,0,0,0,0,0,0,0,0,0,0,0,0,0,0,0,0,0,0,0,0,29,0,0,0,0,0,0,0,0,0,0,0,Eukaryota,TSAR,Stramenopiles,Bigyra,Bicoecea,Pseudodendromonadales,Pseudodendromonadales_X,Pseudodendromonadales_XX,Pseudodendromonadales_XX_sp.,Stramenopiles
ASV_2473,0,0,0,0,0,0,0,0,0,0,0,0,0,0,0,0,0,0,0,0,0,0,0,0,0,0,0,0,0,0,0,0,0,29,0,0,0,0,0,0,0,0,0,0,0,Eukaryota,TSAR,Stramenopiles,Gyrista,Chrysophyceae,Synurales,Synuraceae,Synura,Synura_sp.,Stramenopiles
ASV_2474,0,0,0,0,0,0,0,0,0,0,0,0,0,0,0,0,0,0,0,0,0,0,0,0,0,0,0,0,0,0,0,0,0,29,0,0,0,0,0,0,0,0,0,0,0,Eukaryota,TSAR,Rhizaria,Cercozoa,Filosa-SarcomoNAdea,Glissomonadida,Allapsidae,Orciraptor,Orciraptor_agilis,Rhizaria
ASV_2475,0,0,0,0,0,0,0,0,0,0,0,0,0,0,0,0,0,0,0,0,0,0,0,0,0,0,0,0,0,0,0,0,0,0,15,0,0,0,9,5,0,0,0,0,0,Eukaryota,TSAR,Stramenopiles,Gyrista,Eustigmatophyceae,Eustigmatophyceae_X,Eustigmatophyceae_XX,Vacuoliviride,Vacuoliviride_crystalliferum,Stramenopiles
ASV_2476,0,0,0,0,0,0,0,0,0,0,0,0,0,0,0,0,0,0,0,0,0,0,0,0,0,0,0,0,0,0,0,0,0,0,0,0,23,0,0,0,0,0,6,0,0,Eukaryota,CRuMs,Collodictyonidae,Collodictyonidae_X,Collodictyonidae_XX,Collodictyonidae_XXX,Collodictyonidae_XXXX,NA,NA,Collodictyonidae
ASV_2477,0,0,0,0,0,0,0,0,0,0,0,0,0,0,0,0,0,0,0,0,0,0,0,0,0,0,0,0,0,0,0,0,0,0,0,0,21,0,0,0,0,8,0,0,0,Eukaryota,TSAR,Stramenopiles,Bigyra,Opalozoa,Opalozoa_X,MAST-12,MAST-12C,MAST-12C_sp.,Stramenopiles
ASV_2478,0,0,0,0,0,0,0,0,0,0,0,0,0,0,0,0,0,0,0,0,0,0,0,0,0,0,0,0,0,0,0,0,0,0,0,0,0,0,29,0,0,0,0,0,0,Eukaryota,TSAR,Stramenopiles,Gyrista,Peronosporomycetes,Peronosporomycetes,Saprolegniales,Aphanomyces,Aphanomyces_sp.,Stramenopiles
ASV_2479,0,0,0,0,0,0,0,0,0,0,0,0,0,0,0,0,0,0,0,0,0,0,0,0,0,0,0,0,0,0,0,0,0,0,0,0,0,0,0,18,11,0,0,0,0,Eukaryota,Obazoa,Opisthokonta,Metazoa,Arthropoda,Crustacea,Maxillopoda,NA,NA,Opisthokonta_Arthropoda
ASV_2480,28,0,0,0,0,0,0,0,0,0,0,0,0,0,0,0,0,0,0,0,0,0,0,0,0,0,0,0,0,0,0,0,0,0,0,0,0,0,0,0,0,0,0,0,0,Eukaryota,Obazoa,Opisthokonta,Metazoa,Arthropoda,Crustacea,Branchiopoda,Bosmina,Bosmina_longirostris,Opisthokonta_Arthropoda
ASV_2481,0,0,28,0,0,0,0,0,0,0,0,0,0,0,0,0,0,0,0,0,0,0,0,0,0,0,0,0,0,0,0,0,0,0,0,0,0,0,0,0,0,0,0,0,0,Eukaryota,Archaeplastida,Chlorophyta,Chlorophyta_X,Chlorophyceae,Chlamydomonadales,Chlamydomonadales_X,NA,NA,Chlorophyta
ASV_2482,0,0,0,28,0,0,0,0,0,0,0,0,0,0,0,0,0,0,0,0,0,0,0,0,0,0,0,0,0,0,0,0,0,0,0,0,0,0,0,0,0,0,0,0,0,Eukaryota,Obazoa,Opisthokonta,Fungi,Chytridiomycota,Rhizophydiales,Rhizophydiales_X,Rhizophydiales_XX,Rhizophydiales_XX_sp.,Opisthokonta_Chytridiomycota
ASV_2483,0,0,0,0,0,28,0,0,0,0,0,0,0,0,0,0,0,0,0,0,0,0,0,0,0,0,0,0,0,0,0,0,0,0,0,0,0,0,0,0,0,0,0,0,0,Eukaryota,TSAR,Stramenopiles,Gyrista,Peronosporomycetes,Peronosporomycetes,Peronosporales,NA,NA,Stramenopiles
ASV_2484,0,0,0,0,0,0,28,0,0,0,0,0,0,0,0,0,0,0,0,0,0,0,0,0,0,0,0,0,0,0,0,0,0,0,0,0,0,0,0,0,0,0,0,0,0,Eukaryota,Obazoa,Opisthokonta,Fungi,Chytridiomycota,NA,NA,NA,NA,Opisthokonta_Chytridiomycota
ASV_2485,0,0,0,0,0,0,0,0,28,0,0,0,0,0,0,0,0,0,0,0,0,0,0,0,0,0,0,0,0,0,0,0,0,0,0,0,0,0,0,0,0,0,0,0,0,Eukaryota,Obazoa,Opisthokonta,Fungi,Ascomycota,Pezizomycotina,Dothideomycetes,NA,NA,Opisthokonta_Ascomycota
ASV_2486,0,0,0,0,0,0,0,0,0,0,0,0,0,0,0,28,0,0,0,0,0,0,0,0,0,0,0,0,0,0,0,0,0,0,0,0,0,0,0,0,0,0,0,0,0,Eukaryota,TSAR,Rhizaria,Cercozoa,Filosa-SarcomoNAdea,Glissomonadida,Bodomorphidae,Bodomorpha,Bodomorpha_minima,Rhizaria
ASV_2487,0,0,0,0,0,0,0,0,0,0,0,0,0,0,0,0,12,0,16,0,0,0,0,0,0,0,0,0,0,0,0,0,0,0,0,0,0,0,0,0,0,0,0,0,0,Eukaryota,TSAR,Stramenopiles,Bigyra,Sagenista,Labyrinthulomycetes,Amphitraemidae,Amphitrema,Amphitrema_sp.,Stramenopiles
ASV_2488,0,0,0,0,0,0,0,0,0,0,0,0,0,0,0,0,0,0,28,0,0,0,0,0,0,0,0,0,0,0,0,0,0,0,0,0,0,0,0,0,0,0,0,0,0,Eukaryota,Obazoa,Opisthokonta,Choanoflagellata,Choanoflagellatea,Craspedida,Monosigidae_Group_A,Codosiga,Codosiga_botrytis,Opisthokonta_Choanoflagellatea
ASV_2489,0,0,0,0,0,0,0,0,0,0,0,0,0,0,0,0,0,0,0,0,0,0,0,28,0,0,0,0,0,0,0,0,0,0,0,0,0,0,0,0,0,0,0,0,0,Eukaryota,TSAR,Stramenopiles,Gyrista,Chrysophyceae,NA,NA,NA,NA,Stramenopiles
ASV_2490,0,0,0,0,0,0,0,0,0,0,0,0,0,0,0,0,0,0,0,0,0,0,0,0,28,0,0,0,0,0,0,0,0,0,0,0,0,0,0,0,0,0,0,0,0,Eukaryota,TSAR,Alveolata,Ciliophora,Spirotrichea,Hypotrichia,Oxytrichidae,NA,NA,Alveolata
ASV_2491,0,0,0,0,0,0,0,0,0,0,0,0,0,0,0,0,0,0,0,0,0,0,0,0,28,0,0,0,0,0,0,0,0,0,0,0,0,0,0,0,0,0,0,0,0,Eukaryota,Obazoa,Opisthokonta,Fungi,Ascomycota,Pezizomycotina,Lecanoromycetes,NA,NA,Opisthokonta_Ascomycota
ASV_2492,0,0,0,0,0,0,0,0,0,0,0,0,0,0,0,0,0,0,0,0,0,0,0,0,0,28,0,0,0,0,0,0,0,0,0,0,0,0,0,0,0,0,0,0,0,Eukaryota,Obazoa,Opisthokonta,Fungi,NA,NA,NA,NA,NA,Opisthokonta_Unclassified
ASV_2493,0,0,0,0,0,0,0,0,0,0,0,0,0,0,0,0,0,0,0,0,0,0,0,0,0,0,0,0,28,0,0,0,0,0,0,0,0,0,0,0,0,0,0,0,0,Eukaryota,Cryptista,Cryptophyta,Cryptophyta_X,Cryptophyceae,Cryptomonadales,Cryptomonadales_X,Cryptomonas,NA,Cryptophyta
ASV_2494,0,0,0,0,0,0,0,0,0,0,0,0,0,0,0,0,0,0,0,0,0,0,0,0,0,0,0,0,0,0,28,0,0,0,0,0,0,0,0,0,0,0,0,0,0,Eukaryota,Archaeplastida,Chlorophyta,Chlorophyta_X,Chlorophyceae,Chlamydomonadales,Chlamydomonadales_X,Vitreochlamys,Vitreochlamys_nekrassovii,Chlorophyta
ASV_2495,0,0,0,0,0,0,0,0,0,0,0,0,0,0,0,0,0,0,0,0,0,0,0,0,0,0,0,0,0,0,0,0,0,28,0,0,0,0,0,0,0,0,0,0,0,Eukaryota,Amoebozoa,Tubulinea,Tubulinea_X,Elardia,Euamoebida,Nolandellidae,Nolandellidae_X,Nolandellidae_X_sp.,Tubulinea
ASV_2496,0,0,0,0,0,0,0,0,0,0,0,0,0,0,0,0,0,0,0,0,0,0,0,0,0,0,0,0,0,0,0,0,0,28,0,0,0,0,0,0,0,0,0,0,0,Eukaryota,TSAR,Stramenopiles,Gyrista,Peronosporomycetes,Peronosporomycetes,Peronosporales,Lagenidium,Lagenidium_caudatum,Stramenopiles
ASV_2497,0,0,0,0,0,0,0,0,0,0,0,0,0,0,0,0,0,0,0,0,0,0,0,0,0,0,0,0,0,0,0,0,0,0,0,0,0,0,0,0,0,0,28,0,0,Eukaryota,Obazoa,Opisthokonta,Fungi,Chytridiomycota,NA,NA,NA,NA,Opisthokonta_Chytridiomycota
ASV_2498,0,27,0,0,0,0,0,0,0,0,0,0,0,0,0,0,0,0,0,0,0,0,0,0,0,0,0,0,0,0,0,0,0,0,0,0,0,0,0,0,0,0,0,0,0,Eukaryota,Obazoa,Opisthokonta,NA,NA,NA,NA,NA,NA,Opisthokonta_Unclassified
ASV_2499,0,27,0,0,0,0,0,0,0,0,0,0,0,0,0,0,0,0,0,0,0,0,0,0,0,0,0,0,0,0,0,0,0,0,0,0,0,0,0,0,0,0,0,0,0,Eukaryota,Obazoa,Opisthokonta,Fungi,Ascomycota,Pezizomycotina,Sordariomycetes,Melanconis,Melanconis_stilbostoma,Opisthokonta_Ascomycota
ASV_2500,0,0,16,0,0,0,0,0,0,0,0,11,0,0,0,0,0,0,0,0,0,0,0,0,0,0,0,0,0,0,0,0,0,0,0,0,0,0,0,0,0,0,0,0,0,Eukaryota,TSAR,Stramenopiles,Bigyra,Opalozoa,Opalozoa_X,MAST-12,MAST-12C,MAST-12C_sp.,Stramenopiles
ASV_2501,0,0,0,0,27,0,0,0,0,0,0,0,0,0,0,0,0,0,0,0,0,0,0,0,0,0,0,0,0,0,0,0,0,0,0,0,0,0,0,0,0,0,0,0,0,Eukaryota,TSAR,Stramenopiles,Gyrista,Eustigmatophyceae,Eustigmatophyceae_X,Eustigmatophyceae_XX,Vacuoliviride,Vacuoliviride_crystalliferum,Stramenopiles
ASV_2502,0,0,0,0,0,0,0,0,0,0,0,0,0,0,0,27,0,0,0,0,0,0,0,0,0,0,0,0,0,0,0,0,0,0,0,0,0,0,0,0,0,0,0,0,0,Eukaryota,Obazoa,Opisthokonta,Fungi,NA,NA,NA,NA,NA,Opisthokonta_Unclassified
ASV_2503,0,0,0,0,0,0,0,0,0,0,0,0,0,0,0,27,0,0,0,0,0,0,0,0,0,0,0,0,0,0,0,0,0,0,0,0,0,0,0,0,0,0,0,0,0,Eukaryota,TSAR,Stramenopiles,Gyrista,Chrysophyceae,NA,NA,NA,NA,Stramenopiles
ASV_2504,0,0,0,0,0,0,0,0,0,0,0,0,0,0,0,27,0,0,0,0,0,0,0,0,0,0,0,0,0,0,0,0,0,0,0,0,0,0,0,0,0,0,0,0,0,Eukaryota,Haptista,Centroplasthelida,Centroplasthelida_X,Pterocystida,Pterista,Heterophryidae,Sphaerastrum,Sphaerastrum_fockii,Centroplasthelida
ASV_2505,0,0,0,0,0,0,0,0,0,0,0,0,0,0,0,0,0,0,0,0,0,0,0,0,27,0,0,0,0,0,0,0,0,0,0,0,0,0,0,0,0,0,0,0,0,Eukaryota,TSAR,Stramenopiles,Gyrista,Eustigmatophyceae,Eustigmatophyceae_X,Eustigmatophyceae_XX,Pseudocharaciopsis,Pseudocharaciopsis_ovalis,Stramenopiles
ASV_2506,0,0,0,0,0,0,0,0,0,0,0,0,0,0,0,0,0,0,0,0,0,0,0,0,27,0,0,0,0,0,0,0,0,0,0,0,0,0,0,0,0,0,0,0,0,Eukaryota,TSAR,Rhizaria,Cercozoa,Filosa-Imbricatea,Spongomonadida,Spongomonadidae,Spongomonas,Spongomonas_minima,Rhizaria
ASV_2507,0,0,0,0,0,0,0,0,0,0,0,0,0,0,0,0,0,0,0,0,0,0,0,0,0,27,0,0,0,0,0,0,0,0,0,0,0,0,0,0,0,0,0,0,0,Eukaryota,Obazoa,Opisthokonta,Fungi,Ascomycota,Pezizomycotina,Sordariomycetes,NA,NA,Opisthokonta_Ascomycota
ASV_2508,0,0,0,0,0,0,0,0,0,0,0,0,0,0,0,0,0,0,0,0,0,0,0,0,0,0,0,0,0,0,0,0,0,27,0,0,0,0,0,0,0,0,0,0,0,Eukaryota,Obazoa,Opisthokonta,Ichthyosporea,Ichthyophonida,Ichthyosphonida_X,Ichthyophonidae_Freshwater,Ichthyophonidae_Freshwater_X,Ichthyophonidae_Freshwater_X_sp.,Opisthokonta_Ichthyophonida
ASV_2509,0,0,0,0,0,0,0,0,0,0,0,0,0,0,0,0,0,0,0,0,0,0,0,0,0,0,0,0,0,0,0,0,0,27,0,0,0,0,0,0,0,0,0,0,0,Eukaryota,Obazoa,Opisthokonta,Fungi,Chytridiomycota,Rhizophydiales,Rhizophydiaceae,Rhizophydium,Rhizophydium_sp.,Opisthokonta_Chytridiomycota
ASV_2510,0,0,0,0,0,0,0,0,0,0,0,0,0,0,0,0,0,0,0,0,0,0,0,0,0,0,0,0,0,0,0,0,0,27,0,0,0,0,0,0,0,0,0,0,0,Eukaryota,TSAR,Stramenopiles,Gyrista,Peronosporomycetes,Peronosporomycetes,Peronosporales,NA,NA,Stramenopiles
ASV_2511,0,0,0,0,0,0,0,0,0,0,0,0,0,0,0,0,0,0,0,0,0,0,0,0,0,0,0,0,0,0,0,0,0,27,0,0,0,0,0,0,0,0,0,0,0,Eukaryota,Obazoa,Opisthokonta,Choanoflagellata,Choanoflagellatea,Craspedida,Salpingoecidae_Group_C2,Salpingoeca_C2,Salpingoeca_napiformis,Opisthokonta_Choanoflagellatea
ASV_2512,0,0,0,0,0,0,0,0,0,0,0,0,0,0,0,0,0,0,0,0,0,0,0,0,0,0,0,0,0,0,0,0,0,0,0,0,0,27,0,0,0,0,0,0,0,Eukaryota,TSAR,Stramenopiles,Bigyra,Bicoecea,Pseudodendromonadales,Pseudodendromonadales_X,Pseudodendromonadales_XX,Pseudodendromonadales_XX_sp.,Stramenopiles
ASV_2513,0,0,0,0,0,0,0,0,0,0,0,0,0,0,0,0,0,0,0,0,0,0,0,0,0,0,0,0,0,0,0,0,0,0,0,0,0,27,0,0,0,0,0,0,0,Eukaryota,Obazoa,Opisthokonta,Metazoa,Gastrotricha,Gastrotricha_X,Gastrotricha_XX,Chaetonotus,Chaetonotus_sp.,Opisthokonta_Gastrotricha
ASV_2514,0,0,0,0,0,0,0,0,0,0,0,0,0,0,0,0,0,0,0,0,0,0,0,0,0,0,0,0,0,0,0,0,0,0,0,0,0,0,0,0,0,27,0,0,0,Eukaryota,Archaeplastida,Chlorophyta,Chlorophyta_X,Chlorophyceae,Chlamydomonadales,Chlamydomonadales_X,NA,NA,Chlorophyta
ASV_2515,0,0,0,0,0,0,0,0,0,0,0,0,0,0,0,0,0,0,0,0,0,0,0,0,0,0,0,0,0,0,0,0,0,0,0,0,0,0,0,0,0,0,0,0,27,Eukaryota,Obazoa,Opisthokonta,Fungi,Chytridiomycota,Zygophlyctidales,Zygophlyctidaceae,Zygophlyctis,NA,Opisthokonta_Chytridiomycota
ASV_2516,0,0,0,0,0,0,26,0,0,0,0,0,0,0,0,0,0,0,0,0,0,0,0,0,0,0,0,0,0,0,0,0,0,0,0,0,0,0,0,0,0,0,0,0,0,Eukaryota,Obazoa,Opisthokonta,Choanoflagellata,Choanoflagellatea,Craspedida,Monosigidae_Group_A,Codosiga,Codosiga_botrytis,Opisthokonta_Choanoflagellatea
ASV_2517,0,0,0,0,0,0,0,0,0,0,0,0,26,0,0,0,0,0,0,0,0,0,0,0,0,0,0,0,0,0,0,0,0,0,0,0,0,0,0,0,0,0,0,0,0,Eukaryota,Archaeplastida,Chlorophyta,Chlorophyta_X,Chlorophyceae,Chlamydomonadales,Chlamydomonadales_X,Gonium,Gonium_pectorale,Chlorophyta
ASV_2518,0,0,0,0,0,0,0,0,0,0,0,0,20,0,6,0,0,0,0,0,0,0,0,0,0,0,0,0,0,0,0,0,0,0,0,0,0,0,0,0,0,0,0,0,0,Eukaryota,TSAR,Alveolata,Chrompodellids,Colpodellidea,Colpodellida,Colpodellida_CHR1,Colpodellida_CHR1_X,Colpodellida_CHR1_X_sp.,Alveolata
ASV_2519,0,0,0,0,0,0,0,0,0,0,0,0,0,26,0,0,0,0,0,0,0,0,0,0,0,0,0,0,0,0,0,0,0,0,0,0,0,0,0,0,0,0,0,0,0,Eukaryota,TSAR,Stramenopiles,Bigyra,Bicoecea,Pseudodendromonadales,Pseudodendromonadales_X,Pseudodendromonadales_XX,Pseudodendromonadales_XX_sp.,Stramenopiles
ASV_2520,0,0,0,0,0,0,0,0,0,0,0,0,0,26,0,0,0,0,0,0,0,0,0,0,0,0,0,0,0,0,0,0,0,0,0,0,0,0,0,0,0,0,0,0,0,Bacteria,Terrabacteria,Firmicutes,Firmicutes_X,Bacilli,Lactobacillales,Streptococcaceae,Streptococcus,Streptococcus_pyogenes,Firmicutes
ASV_2521,0,0,0,0,0,0,0,0,0,0,0,0,0,0,0,0,0,0,26,0,0,0,0,0,0,0,0,0,0,0,0,0,0,0,0,0,0,0,0,0,0,0,0,0,0,Eukaryota,TSAR,Stramenopiles,Gyrista,Chrysophyceae,Chrysosaccales,Chrysosaccaceae,Chrysosphaera,Chrysosphaera_parvula,Stramenopiles
ASV_2522,0,0,0,0,0,0,0,0,0,0,0,0,0,0,0,0,0,0,0,0,0,0,13,0,0,0,0,0,0,0,0,0,0,13,0,0,0,0,0,0,0,0,0,0,0,Eukaryota,Obazoa,Opisthokonta,Fungi,Ascomycota,Pezizomycotina,Dothideomycetes,Capnodiales,Capnodiales_sp.,Opisthokonta_Ascomycota
ASV_2523,0,0,0,0,0,0,0,0,0,0,0,0,0,0,0,0,0,0,0,0,0,0,0,0,26,0,0,0,0,0,0,0,0,0,0,0,0,0,0,0,0,0,0,0,0,Eukaryota,TSAR,Stramenopiles,Gyrista,Eustigmatophyceae,Eustigmatophyceae_X,Eustigmatophyceae_XX,Trachydiscus,Trachydiscus_sp.,Stramenopiles
ASV_2524,0,0,0,0,0,0,0,0,0,0,0,0,0,0,0,0,0,0,0,0,0,0,0,0,26,0,0,0,0,0,0,0,0,0,0,0,0,0,0,0,0,0,0,0,0,Eukaryota,TSAR,Stramenopiles,Gyrista,Peronosporomycetes,Peronosporomycetes,Peronosporales,NA,NA,Stramenopiles
ASV_2525,0,0,0,0,0,0,0,0,0,0,0,0,0,0,0,0,0,0,0,0,0,0,0,0,0,0,0,0,0,0,0,26,0,0,0,0,0,0,0,0,0,0,0,0,0,Eukaryota,Obazoa,Opisthokonta,Metazoa,Arthropoda,Hexapoda,Collembola,NA,NA,Opisthokonta_Arthropoda
ASV_2526,0,0,0,0,0,0,0,0,0,0,0,0,0,0,0,0,0,0,0,0,0,0,0,0,0,0,0,0,0,0,0,0,0,26,0,0,0,0,0,0,0,0,0,0,0,Eukaryota,TSAR,Stramenopiles,Bigyra,Opalozoa,Opalozoa_X,MAST-12,MAST-12C,MAST-12C_sp.,Stramenopiles
ASV_2527,0,0,0,0,0,0,0,0,0,0,0,0,0,0,0,0,0,0,0,0,0,0,0,0,0,0,0,0,0,0,0,0,0,26,0,0,0,0,0,0,0,0,0,0,0,Eukaryota,Archaeplastida,Chlorophyta,Chlorophyta_X,Chlorophyceae,Chlamydomonadales,Chlamydomonadales_X,Fasciculochloris,Fasciculochloris_boldii,Chlorophyta
ASV_2528,0,0,0,0,0,0,0,0,0,0,0,0,0,0,0,0,0,0,0,0,0,0,0,0,0,0,0,0,0,0,0,0,0,26,0,0,0,0,0,0,0,0,0,0,0,Eukaryota,TSAR,Rhizaria,Cercozoa,Endomyxa,Vampyrellida,Leptophryidae,Leptophryidae_X,Leptophryidae_X_sp.,Rhizaria
ASV_2529,0,0,0,0,0,0,0,0,0,0,0,0,0,0,0,0,0,0,0,0,0,0,0,0,0,0,0,0,0,0,0,0,0,26,0,0,0,0,0,0,0,0,0,0,0,Eukaryota,TSAR,Stramenopiles,Gyrista,Peronosporomycetes,Peronosporomycetes,Peronosporales,Peronosporales_X,Peronosporales_X_sp.,Stramenopiles
ASV_2530,0,0,0,0,0,0,0,0,0,0,0,0,0,0,0,0,0,0,0,0,0,0,0,0,0,0,0,0,0,0,0,0,0,26,0,0,0,0,0,0,0,0,0,0,0,Eukaryota,Obazoa,Opisthokonta,Fungi,Ascomycota,Pezizomycotina,Sordariomycetes,Diatrype,Diatrype_stigma,Opisthokonta_Ascomycota
ASV_2531,0,0,0,0,0,0,0,0,0,0,0,0,0,0,0,0,0,0,0,0,0,0,0,0,0,0,0,0,0,0,0,0,0,0,26,0,0,0,0,0,0,0,0,0,0,Eukaryota,Obazoa,Opisthokonta,Metazoa,Arthropoda,Crustacea,Maxillopoda,NA,NA,Opisthokonta_Arthropoda
ASV_2532,0,0,0,0,0,0,0,0,0,0,0,0,0,0,0,0,0,0,0,0,0,0,0,0,0,0,0,0,0,0,0,0,0,0,0,17,0,0,0,0,0,0,9,0,0,Eukaryota,TSAR,Stramenopiles,Gyrista,NA,NA,NA,NA,NA,Stramenopiles
ASV_2533,0,0,0,0,0,0,0,0,0,0,0,0,0,0,0,0,0,0,0,0,0,0,0,0,0,0,0,0,0,0,0,0,0,0,0,0,26,0,0,0,0,0,0,0,0,Eukaryota,TSAR,Stramenopiles,Gyrista,Eustigmatophyceae,Eustigmatophyceae_X,Eustigmatophyceae_XX,NA,NA,Stramenopiles
ASV_2534,0,0,0,0,0,0,0,0,0,0,0,0,0,0,0,0,0,0,0,0,0,0,0,0,0,0,0,0,0,0,0,0,0,0,0,0,26,0,0,0,0,0,0,0,0,Eukaryota,Obazoa,Opisthokonta,Fungi,Rozellomycota,Rozellomycota_X,Rozellomycota_XX,Rozellomycota_XXX,Rozellomycota_XXX_sp.,Opisthokonta_Rozellomycota
ASV_2535,0,0,0,0,0,0,0,0,0,0,0,0,0,0,0,0,0,0,0,0,0,0,0,0,0,0,0,0,0,0,0,0,0,0,0,0,13,0,0,0,0,13,0,0,0,Eukaryota,Archaeplastida,Chlorophyta,Chlorophyta_X,Chlorophyceae,Chlamydomonadales,Chlamydomonadales_X,NA,NA,Chlorophyta
ASV_2536,0,0,0,0,0,0,0,0,0,0,0,0,0,0,0,0,0,0,0,0,0,0,0,0,0,0,0,0,0,0,0,0,0,0,0,0,0,0,0,26,0,0,0,0,0,Eukaryota,Obazoa,Opisthokonta,Metazoa,Arthropoda,Crustacea,Maxillopoda,Eudiaptomus,Eudiaptomus_graciloides,Opisthokonta_Arthropoda
ASV_2537,0,0,0,0,0,0,0,0,0,0,0,0,0,0,0,0,0,0,0,0,0,0,0,0,0,0,0,0,0,0,0,0,0,0,0,0,0,0,0,0,19,0,7,0,0,Eukaryota,TSAR,Rhizaria,Cercozoa,Filosa-Imbricatea,NA,NA,NA,NA,Rhizaria
ASV_2538,0,0,0,0,0,0,0,0,0,0,0,0,0,0,0,0,0,0,0,0,0,0,0,0,0,0,0,0,0,0,0,0,0,0,0,0,0,0,0,0,0,0,26,0,0,Eukaryota,Obazoa,Opisthokonta,Fungi,Chytridiomycota,Rhizophydiales,Rhizophydiales_X,Rhizophydiales_XX,Rhizophydiales_XX_sp.,Opisthokonta_Chytridiomycota
ASV_2539,0,0,0,0,0,0,0,0,0,0,0,0,0,0,0,0,0,0,0,0,0,0,0,0,0,0,0,0,0,0,0,0,0,0,0,0,0,0,0,0,0,0,0,26,0,Eukaryota,TSAR,Stramenopiles,Bigyra,Bicoecea,Bicoecales,Bicoecaceae,Bicoecaceae_X,Bicoecaceae_X_sp.,Stramenopiles
ASV_2540,0,0,0,25,0,0,0,0,0,0,0,0,0,0,0,0,0,0,0,0,0,0,0,0,0,0,0,0,0,0,0,0,0,0,0,0,0,0,0,0,0,0,0,0,0,Eukaryota,TSAR,Stramenopiles,Bigyra,Opalozoa,Opalozoa_X,MAST-12,MAST-12C,MAST-12C_sp.,Stramenopiles
ASV_2541,0,0,0,0,25,0,0,0,0,0,0,0,0,0,0,0,0,0,0,0,0,0,0,0,0,0,0,0,0,0,0,0,0,0,0,0,0,0,0,0,0,0,0,0,0,Eukaryota,TSAR,Stramenopiles,Bigyra,Bicoecea,Pseudodendromonadales,Pseudodendromonadales_X,Pseudodendromonadales_XX,Pseudodendromonadales_XX_sp.,Stramenopiles
ASV_2542,0,0,0,0,25,0,0,0,0,0,0,0,0,0,0,0,0,0,0,0,0,0,0,0,0,0,0,0,0,0,0,0,0,0,0,0,0,0,0,0,0,0,0,0,0,Eukaryota,Archaeplastida,Chlorophyta,Chlorophyta_X,Chlorophyceae,Sphaeropleales,Sphaeropleales_X,NA,NA,Chlorophyta
ASV_2543,0,0,0,0,25,0,0,0,0,0,0,0,0,0,0,0,0,0,0,0,0,0,0,0,0,0,0,0,0,0,0,0,0,0,0,0,0,0,0,0,0,0,0,0,0,Eukaryota,Obazoa,Opisthokonta,Metazoa,Gastrotricha,Gastrotricha_X,Gastrotricha_XX,Chaetonotus,Chaetonotus_sp.,Opisthokonta_Gastrotricha
ASV_2544,0,0,0,0,0,25,0,0,0,0,0,0,0,0,0,0,0,0,0,0,0,0,0,0,0,0,0,0,0,0,0,0,0,0,0,0,0,0,0,0,0,0,0,0,0,Eukaryota,Archaeplastida,Chlorophyta,Chlorophyta_X,Chlorophyceae,Sphaeropleales,NA,NA,NA,Chlorophyta
ASV_2545,0,0,0,0,0,0,0,0,0,0,25,0,0,0,0,0,0,0,0,0,0,0,0,0,0,0,0,0,0,0,0,0,0,0,0,0,0,0,0,0,0,0,0,0,0,Eukaryota,Obazoa,Opisthokonta,Fungi,Ascomycota,Pezizomycotina,Leotiomycetes,Tetracladium,Tetracladium_marchalianum,Opisthokonta_Ascomycota
ASV_2546,0,0,0,0,0,0,0,0,0,0,0,0,0,0,0,0,25,0,0,0,0,0,0,0,0,0,0,0,0,0,0,0,0,0,0,0,0,0,0,0,0,0,0,0,0,Eukaryota,NA,NA,NA,NA,NA,NA,NA,NA,NA
ASV_2547,0,0,0,0,0,0,0,0,0,0,0,0,0,0,0,0,11,0,0,0,0,0,0,0,0,14,0,0,0,0,0,0,0,0,0,0,0,0,0,0,0,0,0,0,0,Eukaryota,Obazoa,Opisthokonta,Ichthyosporea,Ichthyophonida,Ichthyophonidae,NA,NA,NA,Opisthokonta_Ichthyophonida
ASV_2548,0,0,0,0,0,0,0,0,0,0,0,0,0,0,0,0,0,0,25,0,0,0,0,0,0,0,0,0,0,0,0,0,0,0,0,0,0,0,0,0,0,0,0,0,0,Eukaryota,TSAR,Rhizaria,Cercozoa,Endomyxa,Vampyrellida,Leptophryidae,Leptophrys,Leptophrys_sp.,Rhizaria
ASV_2549,0,0,0,0,0,0,0,0,0,0,0,0,0,0,0,0,0,0,25,0,0,0,0,0,0,0,0,0,0,0,0,0,0,0,0,0,0,0,0,0,0,0,0,0,0,Eukaryota,Obazoa,Opisthokonta,Fungi,Chytridiomycota,NA,NA,NA,NA,Opisthokonta_Chytridiomycota
ASV_2550,0,0,0,0,0,0,0,0,0,0,0,0,0,0,0,0,0,0,25,0,0,0,0,0,0,0,0,0,0,0,0,0,0,0,0,0,0,0,0,0,0,0,0,0,0,Eukaryota,TSAR,Stramenopiles,Gyrista,Peronosporomycetes,Peronosporomycetes,Leptomitales,Leptomitales_X,Leptomitales_X_sp.,Stramenopiles
ASV_2551,0,0,0,0,0,0,0,0,0,0,0,0,0,0,0,0,0,0,25,0,0,0,0,0,0,0,0,0,0,0,0,0,0,0,0,0,0,0,0,0,0,0,0,0,0,Eukaryota,TSAR,Stramenopiles,Gyrista,Bacillariophyceae,Achnanthales,Cocconeidaceae,Cocconeis,Cocconeis_placentula,Stramenopiles
ASV_2552,0,0,0,0,0,0,0,0,0,0,0,0,0,0,0,0,0,0,0,0,25,0,0,0,0,0,0,0,0,0,0,0,0,0,0,0,0,0,0,0,0,0,0,0,0,Eukaryota,Obazoa,Opisthokonta,Fungi,NA,NA,NA,NA,NA,Opisthokonta_Unclassified
ASV_2553,0,0,0,0,0,0,0,0,0,0,0,0,0,0,0,0,0,0,0,0,0,0,0,23,0,2,0,0,0,0,0,0,0,0,0,0,0,0,0,0,0,0,0,0,0,Eukaryota,TSAR,Stramenopiles,Gyrista,Chrysophyceae,Ochromonadales,Ochromonadales_clade-VIII,Ochromonadales_clade-VIII_X,Ochromonadales_clade-VIII_X_sp.,Stramenopiles
ASV_2554,0,0,0,0,0,0,0,0,0,0,0,0,0,0,0,0,0,0,0,0,0,0,0,0,0,25,0,0,0,0,0,0,0,0,0,0,0,0,0,0,0,0,0,0,0,Eukaryota,Obazoa,Opisthokonta,Fungi,Basidiomycota,Agaricomycotina,Tremellomycetes,Bullera,NA,Opisthokonta_Basidiomycota
ASV_2555,0,0,0,0,0,0,0,0,0,0,0,0,0,0,0,0,0,0,0,0,0,0,0,0,0,0,0,0,25,0,0,0,0,0,0,0,0,0,0,0,0,0,0,0,0,Eukaryota,Obazoa,Opisthokonta,Fungi,Chytridiomycota,Spizellomycetales,Spizellomycetales_X,Spizellomycetales_XX,Spizellomycetales_XX_sp.,Opisthokonta_Chytridiomycota
ASV_2556,0,0,0,0,0,0,0,0,0,0,0,0,0,0,0,0,0,0,0,0,0,0,0,0,0,0,0,0,25,0,0,0,0,0,0,0,0,0,0,0,0,0,0,0,0,Eukaryota,Obazoa,Opisthokonta,Fungi,Ascomycota,Pezizomycotina,Sordariomycetes,NA,NA,Opisthokonta_Ascomycota
ASV_2557,0,0,0,0,0,0,0,0,0,0,0,0,0,0,0,0,0,0,0,0,0,0,0,0,0,0,0,0,0,25,0,0,0,0,0,0,0,0,0,0,0,0,0,0,0,Eukaryota,TSAR,Stramenopiles,Gyrista,Eustigmatophyceae,Eustigmatophyceae_X,Eustigmatophyceae_XX,Vacuoliviride,Vacuoliviride_crystalliferum,Stramenopiles
ASV_2558,0,0,0,0,0,0,0,0,0,0,0,0,0,0,0,0,0,0,0,0,0,0,0,0,0,0,0,0,0,0,0,0,0,25,0,0,0,0,0,0,0,0,0,0,0,Eukaryota,Archaeplastida,Chlorophyta,Chlorophyta_X,Chlorophyceae,Chlamydomonadales,Chlamydomonadales_X,Vitreochlamys,Vitreochlamys_nekrassovii,Chlorophyta
ASV_2559,0,0,0,0,0,0,0,0,0,0,0,0,0,0,0,0,0,0,0,0,0,0,0,0,0,0,0,0,0,0,0,0,0,0,0,0,25,0,0,0,0,0,0,0,0,Eukaryota,TSAR,Rhizaria,Cercozoa,Filosa-SarcomoNAdea,Pansomonadida,Pansomonadida_X,Pansomonadida_XX,Pansomonadida_XX_sp.,Rhizaria
ASV_2560,0,0,0,0,0,0,0,0,0,0,0,0,0,0,0,0,0,0,0,0,0,0,0,0,0,0,0,0,0,0,0,0,0,0,0,0,25,0,0,0,0,0,0,0,0,Eukaryota,Obazoa,Opisthokonta,Fungi,Chytridiomycota,NA,NA,NA,NA,Opisthokonta_Chytridiomycota
ASV_2561,0,0,0,0,0,0,0,0,0,0,0,0,0,0,0,0,0,0,0,0,0,0,0,0,0,0,0,0,0,0,0,0,0,0,0,0,0,0,0,0,0,0,7,18,0,Eukaryota,Obazoa,Opisthokonta,Fungi,NA,NA,NA,NA,NA,Opisthokonta_Unclassified
ASV_2562,0,24,0,0,0,0,0,0,0,0,0,0,0,0,0,0,0,0,0,0,0,0,0,0,0,0,0,0,0,0,0,0,0,0,0,0,0,0,0,0,0,0,0,0,0,Eukaryota,Archaeplastida,Chlorophyta,Chlorophyta_X,Trebouxiophyceae,Trebouxiophyceae_X,Trebouxiophyceae_XX,Botryococcus,Botryococcus_braunii,Chlorophyta
ASV_2563,0,24,0,0,0,0,0,0,0,0,0,0,0,0,0,0,0,0,0,0,0,0,0,0,0,0,0,0,0,0,0,0,0,0,0,0,0,0,0,0,0,0,0,0,0,Eukaryota,Obazoa,Opisthokonta,Metazoa,Arthropoda,Crustacea,Ostracoda,Cypridopsis,Cypridopsis_japonica,Opisthokonta_Arthropoda
ASV_2564,0,0,0,24,0,0,0,0,0,0,0,0,0,0,0,0,0,0,0,0,0,0,0,0,0,0,0,0,0,0,0,0,0,0,0,0,0,0,0,0,0,0,0,0,0,Eukaryota,Archaeplastida,Chlorophyta,Chlorophyta_X,Trebouxiophyceae,Chlorellales,Chlorellales_X,Amphikrikos,Amphikrikos_sp.,Chlorophyta
ASV_2565,0,0,0,24,0,0,0,0,0,0,0,0,0,0,0,0,0,0,0,0,0,0,0,0,0,0,0,0,0,0,0,0,0,0,0,0,0,0,0,0,0,0,0,0,0,Eukaryota,Obazoa,Opisthokonta,Fungi,NA,NA,NA,NA,NA,Opisthokonta_Unclassified
ASV_2566,0,0,0,0,24,0,0,0,0,0,0,0,0,0,0,0,0,0,0,0,0,0,0,0,0,0,0,0,0,0,0,0,0,0,0,0,0,0,0,0,0,0,0,0,0,Eukaryota,Obazoa,Opisthokonta,Fungi,Ascomycota,Pezizomycotina,Sordariomycetes,Phomopsis,Phomopsis_amygdali,Opisthokonta_Ascomycota
ASV_2567,0,0,0,0,24,0,0,0,0,0,0,0,0,0,0,0,0,0,0,0,0,0,0,0,0,0,0,0,0,0,0,0,0,0,0,0,0,0,0,0,0,0,0,0,0,Eukaryota,Archaeplastida,Chlorophyta,Chlorophyta_X,Trebouxiophyceae,Trebouxiophyceae_X,Trebouxiophyceae_XX,Botryococcus,Botryococcus_braunii,Chlorophyta
ASV_2568,0,0,0,0,0,24,0,0,0,0,0,0,0,0,0,0,0,0,0,0,0,0,0,0,0,0,0,0,0,0,0,0,0,0,0,0,0,0,0,0,0,0,0,0,0,Eukaryota,Archaeplastida,Chlorophyta,Chlorophyta_X,Chlorophyceae,Sphaeropleales,Sphaeropleales_X,Scenedesmus,NA,Chlorophyta
ASV_2569,0,0,0,0,0,0,0,0,0,0,0,13,11,0,0,0,0,0,0,0,0,0,0,0,0,0,0,0,0,0,0,0,0,0,0,0,0,0,0,0,0,0,0,0,0,Eukaryota,Archaeplastida,Streptophyta,Streptophyta_X,Zygnemophyceae, Zygnemophyceae, ZygnemophyceaeX,Closterium,Closterium_sp.,Streptophyta
ASV_2570,0,0,0,0,0,0,0,0,0,0,0,0,0,0,0,24,0,0,0,0,0,0,0,0,0,0,0,0,0,0,0,0,0,0,0,0,0,0,0,0,0,0,0,0,0,Eukaryota,Obazoa,Opisthokonta,Fungi,Opisthosporidia,Microsporida,Microsporida_X,Paramicrosporidium,Paramicrosporidium_saccamoebae,Opisthokonta_Opisthosporidia
ASV_2571,0,0,0,0,0,0,0,0,0,0,0,0,0,0,0,0,24,0,0,0,0,0,0,0,0,0,0,0,0,0,0,0,0,0,0,0,0,0,0,0,0,0,0,0,0,Eukaryota,TSAR,Rhizaria,Cercozoa,Endomyxa,Vampyrellida,Leptophryidae,NA,NA,Rhizaria
ASV_2572,0,0,0,0,0,0,0,0,0,0,0,0,0,0,0,0,0,24,0,0,0,0,0,0,0,0,0,0,0,0,0,0,0,0,0,0,0,0,0,0,0,0,0,0,0,Eukaryota,TSAR,Stramenopiles,Bigyra,Bicoecea,Pseudodendromonadales,Pseudodendromonadales_X,Pseudodendromonadales_XX,Pseudodendromonadales_XX_sp.,Stramenopiles
ASV_2573,0,0,0,0,0,0,0,0,0,0,0,0,0,0,0,0,0,0,24,0,0,0,0,0,0,0,0,0,0,0,0,0,0,0,0,0,0,0,0,0,0,0,0,0,0,Eukaryota,Obazoa,Opisthokonta,Fungi,Rozellomycota,Rozellomycota_X,Rozellomycota_XX,Rozella,Rozella_multimorpha,Opisthokonta_Rozellomycota
ASV_2574,0,0,0,0,0,0,0,0,0,0,0,0,0,0,0,0,0,0,0,24,0,0,0,0,0,0,0,0,0,0,0,0,0,0,0,0,0,0,0,0,0,0,0,0,0,Eukaryota,Obazoa,Opisthokonta,Fungi,Basidiomycota,Agaricomycotina,Agaricomycetes,NA,NA,Opisthokonta_Basidiomycota
ASV_2575,0,0,0,0,0,0,0,0,0,0,0,0,0,0,0,0,0,0,0,24,0,0,0,0,0,0,0,0,0,0,0,0,0,0,0,0,0,0,0,0,0,0,0,0,0,Eukaryota,Obazoa,Opisthokonta,Fungi,Ascomycota,Pezizomycotina,Eurotiomycetes,Aspergillus,Aspergillus_ustus,Opisthokonta_Ascomycota
ASV_2576,0,0,0,0,0,0,0,0,0,0,0,0,0,0,0,0,0,0,0,24,0,0,0,0,0,0,0,0,0,0,0,0,0,0,0,0,0,0,0,0,0,0,0,0,0,Eukaryota,TSAR,Stramenopiles,Bigyra,Opalozoa,Opalozoa_X,MAST-12,MAST-12_X,MAST-12_X_sp.,Stramenopiles
ASV_2577,0,0,0,0,0,0,0,0,0,0,0,0,0,0,0,0,0,0,0,11,0,13,0,0,0,0,0,0,0,0,0,0,0,0,0,0,0,0,0,0,0,0,0,0,0,Eukaryota,NA,NA,NA,NA,NA,NA,NA,NA,NA
ASV_2578,0,0,0,0,0,0,0,0,0,0,0,0,0,0,0,0,0,0,0,0,24,0,0,0,0,0,0,0,0,0,0,0,0,0,0,0,0,0,0,0,0,0,0,0,0,Eukaryota,Obazoa,Opisthokonta,Fungi,Opisthosporidia,Microsporida,Microsporida_X,Paramicrosporidium,Paramicrosporidium_saccamoebae,Opisthokonta_Opisthosporidia
ASV_2579,0,0,0,0,0,0,0,0,0,0,0,0,0,0,0,0,0,0,0,0,24,0,0,0,0,0,0,0,0,0,0,0,0,0,0,0,0,0,0,0,0,0,0,0,0,Eukaryota,TSAR,Rhizaria,Cercozoa,Filosa-Granofilosea,Filosa-Granofilosea_X,Novel-Gran-6,Novel-Gran-6_X,Novel-Gran-6_X_sp.,Rhizaria
ASV_2580,0,0,0,0,0,0,0,0,0,0,0,0,0,0,0,0,0,0,0,0,24,0,0,0,0,0,0,0,0,0,0,0,0,0,0,0,0,0,0,0,0,0,0,0,0,Eukaryota,TSAR,Stramenopiles,Bigyra,Bicoecea,Pseudodendromonadales,Pseudodendromonadales_X,NA,NA,Stramenopiles
ASV_2581,0,0,0,0,0,0,0,0,0,0,0,0,0,0,0,0,0,0,0,0,24,0,0,0,0,0,0,0,0,0,0,0,0,0,0,0,0,0,0,0,0,0,0,0,0,Eukaryota,Archaeplastida,Streptophyta,Streptophyta_X,Zygnemophyceae, Zygnemophyceae, ZygnemophyceaeX,Cosmarium,NA,Streptophyta
ASV_2582,0,0,0,0,0,0,0,0,0,0,0,0,0,0,0,0,0,0,0,0,0,0,0,0,0,0,0,0,24,0,0,0,0,0,0,0,0,0,0,0,0,0,0,0,0,Eukaryota,Obazoa,Opisthokonta,Ichthyosporea,Ichthyophonida,Pseudoperkinsidae,Pseudoperkinsidae_X,Pseudoperkinsidae_XX,Pseudoperkinsidae_XX_sp.,Opisthokonta_Ichthyophonida
ASV_2583,0,0,0,0,0,0,0,0,0,0,0,0,0,0,0,0,0,0,0,0,0,0,0,0,0,0,0,0,24,0,0,0,0,0,0,0,0,0,0,0,0,0,0,0,0,Eukaryota,TSAR,Rhizaria,Cercozoa,Filosa-SarcomoNAdea,Glissomonadida,Sandonidae,Sandona,Sandona_aporians,Rhizaria
ASV_2584,0,0,0,0,0,0,0,0,0,0,0,0,0,0,0,0,0,0,0,0,0,0,0,0,0,0,0,0,0,0,0,0,0,24,0,0,0,0,0,0,0,0,0,0,0,Eukaryota,TSAR,Rhizaria,Cercozoa,Filosa-Granofilosea,Cryptofilida,Mesofilidae,Mesofila,Mesofila_limnetica,Rhizaria
ASV_2585,0,0,0,0,0,0,0,0,0,0,0,0,0,0,0,0,0,0,0,0,0,0,0,0,0,0,0,0,0,0,0,0,0,24,0,0,0,0,0,0,0,0,0,0,0,Eukaryota,Amoebozoa,Discosea,Discosea_X,Flabellinia,Flabellinia_X,LKM74-lineage,LKM74-lineage_X,LKM74-lineage_X_sp.,Discosea
ASV_2586,0,0,0,0,0,0,0,0,0,0,0,0,0,0,0,0,0,0,0,0,0,0,0,0,0,0,0,0,0,0,0,0,0,0,0,24,0,0,0,0,0,0,0,0,0,Eukaryota,TSAR,Stramenopiles,Bigyra,Bicoecea,Pseudodendromonadales,Pseudodendromonadales_X,Pseudodendromonadales_XX,Pseudodendromonadales_XX_sp.,Stramenopiles
ASV_2587,0,0,0,0,0,0,0,0,0,0,0,0,0,0,0,0,0,0,0,0,0,0,0,0,0,0,0,0,0,0,0,0,0,0,0,0,24,0,0,0,0,0,0,0,0,Eukaryota,Cryptista,Cryptophyta,Cryptophyta_X,Cryptophyceae,Cryptomonadales,Cryptomonadales_X,Cryptomonas,Cryptomonas_meshchyorana,Cryptophyta
ASV_2588,0,0,0,0,0,0,0,0,0,0,0,0,0,0,0,0,0,0,0,0,0,0,0,0,0,0,0,0,0,0,0,0,0,0,0,0,24,0,0,0,0,0,0,0,0,Eukaryota,TSAR,Stramenopiles,Gyrista,Chrysophyceae,Ochromonadales,Ochromonadaceae,Poterioochromonas,Poterioochromonas_malhamensis,Stramenopiles
ASV_2589,0,0,0,0,0,0,0,0,0,0,0,0,0,0,0,0,0,0,0,0,0,0,0,0,0,0,0,0,0,0,0,0,0,0,0,0,24,0,0,0,0,0,0,0,0,Eukaryota,Archaeplastida,Chlorophyta,Chlorophyta_X,Chlorophyceae,Chlamydomonadales,Chlamydomonadales_X,Neochlorosarcina,Neochlorosarcina_negevensis,Chlorophyta
ASV_2590,0,23,0,0,0,0,0,0,0,0,0,0,0,0,0,0,0,0,0,0,0,0,0,0,0,0,0,0,0,0,0,0,0,0,0,0,0,0,0,0,0,0,0,0,0,Eukaryota,Obazoa,Opisthokonta,Ichthyosporea,Ichthyophonida,Ichthyophonidae,Amoebidianae,Amoebidium,Amoebidium_parasiticum,Opisthokonta_Ichthyophonida
ASV_2591,0,0,0,13,0,0,0,0,0,0,0,0,0,0,0,0,10,0,0,0,0,0,0,0,0,0,0,0,0,0,0,0,0,0,0,0,0,0,0,0,0,0,0,0,0,Eukaryota,Archaeplastida,Chlorophyta,Chlorophyta_X,Ulvophyceae,Cladophorales,Cladophorales_X,Cladophora,Cladophora_vagabunda,Chlorophyta
ASV_2592,0,0,0,0,23,0,0,0,0,0,0,0,0,0,0,0,0,0,0,0,0,0,0,0,0,0,0,0,0,0,0,0,0,0,0,0,0,0,0,0,0,0,0,0,0,Eukaryota,Obazoa,Opisthokonta,Fungi,NA,NA,NA,NA,NA,Opisthokonta_Unclassified
ASV_2593,0,0,0,0,0,23,0,0,0,0,0,0,0,0,0,0,0,0,0,0,0,0,0,0,0,0,0,0,0,0,0,0,0,0,0,0,0,0,0,0,0,0,0,0,0,Eukaryota,Obazoa,Opisthokonta,Metazoa,Arthropoda,Crustacea,Ostracoda,Cypridopsis,Cypridopsis_japonica,Opisthokonta_Arthropoda
ASV_2594,0,0,0,0,0,0,23,0,0,0,0,0,0,0,0,0,0,0,0,0,0,0,0,0,0,0,0,0,0,0,0,0,0,0,0,0,0,0,0,0,0,0,0,0,0,Eukaryota,Obazoa,Opisthokonta,Fungi,NA,NA,NA,NA,NA,Opisthokonta_Unclassified
ASV_2595,0,0,0,0,0,0,0,0,0,0,23,0,0,0,0,0,0,0,0,0,0,0,0,0,0,0,0,0,0,0,0,0,0,0,0,0,0,0,0,0,0,0,0,0,0,Eukaryota,Obazoa,Opisthokonta,Metazoa,Gastrotricha,Gastrotricha_X,Gastrotricha_XX,Chaetonotus,NA,Opisthokonta_Gastrotricha
ASV_2596,0,0,0,0,0,0,0,0,0,0,23,0,0,0,0,0,0,0,0,0,0,0,0,0,0,0,0,0,0,0,0,0,0,0,0,0,0,0,0,0,0,0,0,0,0,Eukaryota,Archaeplastida,Chlorophyta,Chlorophyta_X,Chlorophyceae,Chlamydomonadales,Chlamydomonadales_X,Fasciculochloris,Fasciculochloris_boldii,Chlorophyta
ASV_2597,0,0,0,0,0,0,0,0,0,0,14,0,0,0,9,0,0,0,0,0,0,0,0,0,0,0,0,0,0,0,0,0,0,0,0,0,0,0,0,0,0,0,0,0,0,Eukaryota,Archaeplastida,Chlorophyta,Chlorophyta_X,Chlorophyceae,Chlamydomonadales,Chlamydomonadales_X,Chlamydopodium,Chlamydopodium_starrii,Chlorophyta
ASV_2598,0,0,0,0,0,0,0,0,0,0,0,0,0,0,0,0,23,0,0,0,0,0,0,0,0,0,0,0,0,0,0,0,0,0,0,0,0,0,0,0,0,0,0,0,0,Eukaryota,Obazoa,Opisthokonta,Ichthyosporea,Ichthyophonida,Ichthyophonidae,NA,NA,NA,Opisthokonta_Ichthyophonida
ASV_2599,0,0,0,0,0,0,0,0,0,0,0,0,0,0,0,0,15,0,8,0,0,0,0,0,0,0,0,0,0,0,0,0,0,0,0,0,0,0,0,0,0,0,0,0,0,Eukaryota,TSAR,Rhizaria,Cercozoa,Filosa-SarcomoNAdea,Glissomonadida,Allapsidae,Allapsidae_X,Allapsidae_X_sp.,Rhizaria
ASV_2600,0,0,0,0,0,0,0,0,0,0,0,0,0,0,0,0,7,0,0,0,0,0,0,0,16,0,0,0,0,0,0,0,0,0,0,0,0,0,0,0,0,0,0,0,0,Eukaryota,TSAR,Stramenopiles,Gyrista,Chrysophyceae,Synurales,Synuraceae,Mallomonas,NA,Stramenopiles
ASV_2601,0,0,0,0,0,0,0,0,0,0,0,0,0,0,0,0,0,15,0,8,0,0,0,0,0,0,0,0,0,0,0,0,0,0,0,0,0,0,0,0,0,0,0,0,0,Eukaryota,TSAR,Rhizaria,Cercozoa,Filosa-SarcomoNAdea,Pansomonadida,Pansomonadida_X,Pansomonadida_XX,Pansomonadida_XX_sp.,Rhizaria
ASV_2602,0,0,0,0,0,0,0,0,0,0,0,0,0,0,0,0,0,10,13,0,0,0,0,0,0,0,0,0,0,0,0,0,0,0,0,0,0,0,0,0,0,0,0,0,0,Eukaryota,Obazoa,Opisthokonta,Fungi,Chytridiomycota,Rhizophydiales,Rhizophydiaceae,Rhizophydium,NA,Opisthokonta_Chytridiomycota
ASV_2603,0,0,0,0,0,0,0,0,0,0,0,0,0,0,0,0,0,0,23,0,0,0,0,0,0,0,0,0,0,0,0,0,0,0,0,0,0,0,0,0,0,0,0,0,0,Eukaryota,Archaeplastida,Streptophyta,Streptophyta_X,Embryophyceae,Embryophyceae_X,Embryophyceae_XX,Myriophyllum,Myriophyllum_spicatum,Streptophyta
ASV_2604,0,0,0,0,0,0,0,0,0,0,0,0,0,0,0,0,0,0,23,0,0,0,0,0,0,0,0,0,0,0,0,0,0,0,0,0,0,0,0,0,0,0,0,0,0,Eukaryota,NA,NA,NA,NA,NA,NA,NA,NA,NA
ASV_2605,0,0,0,0,0,0,0,0,0,0,0,0,0,0,0,0,0,0,0,0,0,23,0,0,0,0,0,0,0,0,0,0,0,0,0,0,0,0,0,0,0,0,0,0,0,Eukaryota,Obazoa,Opisthokonta,Fungi,NA,NA,NA,NA,NA,Opisthokonta_Unclassified
ASV_2606,0,0,0,0,0,0,0,0,0,0,0,0,0,0,0,0,0,0,0,0,0,0,0,0,23,0,0,0,0,0,0,0,0,0,0,0,0,0,0,0,0,0,0,0,0,Eukaryota,TSAR,Alveolata,Ciliophora,Spirotrichea,Hypotrichia,NA,NA,NA,Alveolata
ASV_2607,0,0,0,0,0,0,0,0,0,0,0,0,0,0,0,0,0,0,0,0,0,0,0,0,23,0,0,0,0,0,0,0,0,0,0,0,0,0,0,0,0,0,0,0,0,Eukaryota,Cryptista,Cryptophyta,Cryptophyta_X,Cryptophyceae,Cryptomonadales,Cryptomonadales_X,Cryptomonas,Cryptomonas_uralensis,Cryptophyta
ASV_2608,0,0,0,0,0,0,0,0,0,0,0,0,0,0,0,0,0,0,0,0,0,0,0,0,0,23,0,0,0,0,0,0,0,0,0,0,0,0,0,0,0,0,0,0,0,Eukaryota,Obazoa,Opisthokonta,NA,NA,NA,NA,NA,NA,Opisthokonta_Unclassified
ASV_2609,0,0,0,0,0,0,0,0,0,0,0,0,0,0,0,0,0,0,0,0,0,0,0,0,0,23,0,0,0,0,0,0,0,0,0,0,0,0,0,0,0,0,0,0,0,Eukaryota,Archaeplastida,Chlorophyta,Chlorophyta_X,Trebouxiophyceae,Watanabea-Clade,Watanabea-Clade_X,NA,NA,Chlorophyta
ASV_2610,0,0,0,0,0,0,0,0,0,0,0,0,0,0,0,0,0,0,0,0,0,0,0,0,0,0,23,0,0,0,0,0,0,0,0,0,0,0,0,0,0,0,0,0,0,Eukaryota,TSAR,Stramenopiles,Gyrista,Chrysophyceae,Hibberdiales,Hibberdiaceae,Chrysocapsa,Chrysocapsa_vernalis,Stramenopiles
ASV_2611,0,0,0,0,0,0,0,0,0,0,0,0,0,0,0,0,0,0,0,0,0,0,0,0,0,0,0,0,0,0,23,0,0,0,0,0,0,0,0,0,0,0,0,0,0,Eukaryota,Cryptista,Cryptophyta,Cryptophyta_X,Cryptophyceae,Cryptomonadales,Cryptomonadales_X,Plagioselmis,Plagioselmis_nannoplanctica,Cryptophyta
ASV_2612,0,0,0,0,0,0,0,0,0,0,0,0,0,0,0,0,0,0,0,0,0,0,0,0,0,0,0,0,0,0,23,0,0,0,0,0,0,0,0,0,0,0,0,0,0,Eukaryota,TSAR,Stramenopiles,Bigyra,Bicoecea,Pseudodendromonadales,Pseudodendromonadales_X,Pseudodendromonadales_XX,Pseudodendromonadales_XX_sp.,Stramenopiles
ASV_2613,0,0,0,0,0,0,0,0,0,0,0,0,0,0,0,0,0,0,0,0,0,0,0,0,0,0,0,0,0,0,0,0,0,23,0,0,0,0,0,0,0,0,0,0,0,Eukaryota,Archaeplastida,Chlorophyta,Chlorophyta_X,Chlorophyceae,Chlamydomonadales,Chlamydomonadales_X,Vitreochlamys,Vitreochlamys_nekrassovii,Chlorophyta
ASV_2614,0,0,0,0,0,0,0,0,0,0,0,0,0,0,0,0,0,0,0,0,0,0,0,0,0,0,0,0,0,0,0,0,0,23,0,0,0,0,0,0,0,0,0,0,0,Eukaryota,Obazoa,Opisthokonta,Fungi,Chytridiomycota,NA,NA,NA,NA,Opisthokonta_Chytridiomycota
ASV_2615,0,0,0,0,0,0,0,0,0,0,0,0,0,0,0,0,0,0,0,0,0,0,0,0,0,0,0,0,0,0,0,0,0,0,0,0,23,0,0,0,0,0,0,0,0,Eukaryota,Cryptista,Cryptophyta,Cryptophyta_X,Cryptophyceae,NA,NA,NA,NA,Cryptophyta
ASV_2616,0,0,0,0,0,0,0,0,0,0,0,0,0,0,0,0,0,0,0,0,0,0,0,0,0,0,0,0,0,0,0,0,0,0,0,0,9,14,0,0,0,0,0,0,0,Eukaryota,TSAR,Rhizaria,Cercozoa,NA,NA,NA,NA,NA,Rhizaria
ASV_2617,0,0,0,0,0,0,0,0,0,0,0,0,0,0,0,0,0,0,0,0,0,0,0,0,0,0,0,0,0,0,0,0,0,0,0,0,0,0,0,0,4,0,19,0,0,Eukaryota,Archaeplastida,Chlorophyta,Chlorophyta_X,Chlorophyceae,Chlamydomonadales,Chlamydomonadales_X,Chlamydomonas,NA,Chlorophyta
ASV_2618,0,22,0,0,0,0,0,0,0,0,0,0,0,0,0,0,0,0,0,0,0,0,0,0,0,0,0,0,0,0,0,0,0,0,0,0,0,0,0,0,0,0,0,0,0,Eukaryota,Obazoa,Opisthokonta,Fungi,NA,NA,NA,NA,NA,Opisthokonta_Unclassified
ASV_2619,0,0,0,22,0,0,0,0,0,0,0,0,0,0,0,0,0,0,0,0,0,0,0,0,0,0,0,0,0,0,0,0,0,0,0,0,0,0,0,0,0,0,0,0,0,Eukaryota,TSAR,Stramenopiles,NA,NA,NA,NA,NA,NA,Stramenopiles
ASV_2620,0,0,0,0,22,0,0,0,0,0,0,0,0,0,0,0,0,0,0,0,0,0,0,0,0,0,0,0,0,0,0,0,0,0,0,0,0,0,0,0,0,0,0,0,0,Eukaryota,TSAR,Stramenopiles,Bigyra,Bicoecea,Pseudodendromonadales,Pseudodendromonadales_X,Pseudodendromonadales_XX,Pseudodendromonadales_XX_sp.,Stramenopiles
ASV_2621,0,0,0,0,0,0,0,0,22,0,0,0,0,0,0,0,0,0,0,0,0,0,0,0,0,0,0,0,0,0,0,0,0,0,0,0,0,0,0,0,0,0,0,0,0,Eukaryota,Obazoa,Opisthokonta,Fungi,NA,NA,NA,NA,NA,Opisthokonta_Unclassified
ASV_2622,0,0,0,0,0,0,0,0,0,0,22,0,0,0,0,0,0,0,0,0,0,0,0,0,0,0,0,0,0,0,0,0,0,0,0,0,0,0,0,0,0,0,0,0,0,Eukaryota,Archaeplastida,Chlorophyta,Chlorophyta_X,Chlorophyceae,Chlamydomonadales,Chlamydomonadales_X,Eudorina,Eudorina_elegans,Chlorophyta
ASV_2623,0,0,0,0,0,0,0,0,0,0,17,0,0,0,0,0,0,0,5,0,0,0,0,0,0,0,0,0,0,0,0,0,0,0,0,0,0,0,0,0,0,0,0,0,0,Eukaryota,Obazoa,Opisthokonta,Fungi,Ascomycota,Pezizomycotina,Sordariomycetes,Pestalosphaeria,Pestalosphaeria_sp.,Opisthokonta_Ascomycota
ASV_2624,0,0,0,0,0,0,0,0,0,0,0,0,0,0,0,22,0,0,0,0,0,0,0,0,0,0,0,0,0,0,0,0,0,0,0,0,0,0,0,0,0,0,0,0,0,Eukaryota,Archaeplastida,Chlorophyta,Chlorophyta_X,Trebouxiophyceae,Trebouxiophyceae_X,Trebouxiophyceae_XX,Botryococcus,Botryococcus_terribilis,Chlorophyta
ASV_2625,0,0,0,0,0,0,0,0,0,0,0,0,0,0,0,0,22,0,0,0,0,0,0,0,0,0,0,0,0,0,0,0,0,0,0,0,0,0,0,0,0,0,0,0,0,Eukaryota,Obazoa,Opisthokonta,Fungi,Chytridiomycota,Chytridiales,Chytridiaceae,Diplochytridium,Diplochytridium_lagenarium,Opisthokonta_Chytridiomycota
ASV_2626,0,0,0,0,0,0,0,0,0,0,0,0,0,0,0,0,22,0,0,0,0,0,0,0,0,0,0,0,0,0,0,0,0,0,0,0,0,0,0,0,0,0,0,0,0,Eukaryota,TSAR,Stramenopiles,Gyrista,Chrysophyceae,Chrysosaccales,Chrysosaccaceae,Chrysosphaera,Chrysosphaera_parvula,Stramenopiles
ASV_2627,0,0,0,0,0,0,0,0,0,0,0,0,0,0,0,0,0,0,22,0,0,0,0,0,0,0,0,0,0,0,0,0,0,0,0,0,0,0,0,0,0,0,0,0,0,Eukaryota,Archaeplastida,Chlorophyta,Chlorophyta_X,Trebouxiophyceae,Trebouxiophyceae_X,Trebouxiophyceae_XX,Botryococcus,Botryococcus_terribilis,Chlorophyta
ASV_2628,0,0,0,0,0,0,0,0,0,0,0,0,0,0,0,0,0,0,22,0,0,0,0,0,0,0,0,0,0,0,0,0,0,0,0,0,0,0,0,0,0,0,0,0,0,Eukaryota,TSAR,Stramenopiles,Gyrista,Peronosporomycetes,Peronosporomycetes,Leptomitales,NA,NA,Stramenopiles
ASV_2629,0,0,0,0,0,0,0,0,0,0,0,0,0,0,0,0,0,0,22,0,0,0,0,0,0,0,0,0,0,0,0,0,0,0,0,0,0,0,0,0,0,0,0,0,0,Eukaryota,Archaeplastida,Chlorophyta,Chlorophyta_X,Trebouxiophyceae,Trebouxiophyceae_X,Trebouxiophyceae_XX,Botryococcus,Botryococcus_terribilis,Chlorophyta
ASV_2630,0,0,0,0,0,0,0,0,0,0,0,0,0,0,0,0,0,0,0,22,0,0,0,0,0,0,0,0,0,0,0,0,0,0,0,0,0,0,0,0,0,0,0,0,0,Eukaryota,TSAR,Stramenopiles,Gyrista,Chrysophyceae,Ochromonadales,Ochromonadales_clade-XII,Ochromonadales_clade-XII_X,Ochromonadales_clade-XII_X_sp.,Stramenopiles
ASV_2631,0,0,0,0,0,0,0,0,0,0,0,0,0,0,0,0,0,0,0,0,22,0,0,0,0,0,0,0,0,0,0,0,0,0,0,0,0,0,0,0,0,0,0,0,0,Eukaryota,Obazoa,Opisthokonta,Fungi,Chytridiomycota,Rhizophydiales,Rhizophydiales_X,Rhizophydiales_XX,Rhizophydiales_XX_sp.,Opisthokonta_Chytridiomycota
ASV_2632,0,0,0,0,0,0,0,0,0,0,0,0,0,0,0,0,0,0,0,0,0,22,0,0,0,0,0,0,0,0,0,0,0,0,0,0,0,0,0,0,0,0,0,0,0,Eukaryota,Obazoa,Opisthokonta,Fungi,NA,NA,NA,NA,NA,Opisthokonta_Unclassified
ASV_2633,0,0,0,0,0,0,0,0,0,0,0,0,0,0,0,0,0,0,0,0,0,0,22,0,0,0,0,0,0,0,0,0,0,0,0,0,0,0,0,0,0,0,0,0,0,Eukaryota,Archaeplastida,Chlorophyta,Chlorophyta_X,Chlorophyceae,Sphaeropleales,Sphaeropleales_X,NA,NA,Chlorophyta
ASV_2634,0,0,0,0,0,0,0,0,0,0,0,0,0,0,0,0,0,0,0,0,0,0,0,22,0,0,0,0,0,0,0,0,0,0,0,0,0,0,0,0,0,0,0,0,0,Eukaryota,Obazoa,Opisthokonta,Fungi,Chytridiomycota,NA,NA,NA,NA,Opisthokonta_Chytridiomycota
ASV_2635,0,0,0,0,0,0,0,0,0,0,0,0,0,0,0,0,0,0,0,0,0,0,0,22,0,0,0,0,0,0,0,0,0,0,0,0,0,0,0,0,0,0,0,0,0,Eukaryota,TSAR,Rhizaria,Cercozoa,Filosa-SarcomoNAdea,Cercomonadida,Cercomonadidae,Cercomonas,Cercomonas_sp.,Rhizaria
ASV_2636,0,0,0,0,0,0,0,0,0,0,0,0,0,0,0,0,0,0,0,0,0,0,0,0,0,22,0,0,0,0,0,0,0,0,0,0,0,0,0,0,0,0,0,0,0,Eukaryota,TSAR,Stramenopiles,Gyrista,Dictyochophyceae,Dictyochophyceae_X,Pedinellales,Pteridomonas,NA,Stramenopiles
ASV_2637,0,0,0,0,0,0,0,0,0,0,0,0,0,0,0,0,0,0,0,0,0,0,0,0,0,0,0,22,0,0,0,0,0,0,0,0,0,0,0,0,0,0,0,0,0,Eukaryota,TSAR,Alveolata,Ciliophora,Spirotrichea,Oligotrichida,Pelagostrombidiidae,Pelagostrombidiidae_X,Pelagostrombidiidae_X_sp.,Alveolata
ASV_2638,0,0,0,0,0,0,0,0,0,0,0,0,0,0,0,0,0,0,0,0,0,0,0,0,0,0,0,22,0,0,0,0,0,0,0,0,0,0,0,0,0,0,0,0,0,Eukaryota,TSAR,Stramenopiles,Gyrista,Coscinodiscophyceae,Rhizosoleniales,Rhizosoleniaceae,Urosolenia,Urosolenia_eriensis,Stramenopiles
ASV_2639,0,0,0,0,0,0,0,0,0,0,0,0,0,0,0,0,0,0,0,0,0,0,0,0,0,0,0,0,22,0,0,0,0,0,0,0,0,0,0,0,0,0,0,0,0,Eukaryota,Obazoa,Opisthokonta,Fungi,Basidiomycota,Agaricomycotina,Agaricomycetes,Trichaptum,Trichaptum_abietinum,Opisthokonta_Basidiomycota
ASV_2640,0,0,0,0,0,0,0,0,0,0,0,0,0,0,0,0,0,0,0,0,0,0,0,0,0,0,0,0,12,0,0,0,0,10,0,0,0,0,0,0,0,0,0,0,0,Eukaryota,Obazoa,Opisthokonta,Fungi,Basidiomycota,Ustilaginomycotina,Exobasidiomycetes,Malassezia,Malassezia_globosa,Opisthokonta_Basidiomycota
ASV_2641,0,0,0,0,0,0,0,0,0,0,0,0,0,0,0,0,0,0,0,0,0,0,0,0,0,0,0,0,0,0,22,0,0,0,0,0,0,0,0,0,0,0,0,0,0,Eukaryota,TSAR,Rhizaria,Cercozoa,Filosa-SarcomoNAdea,Cercomonadida,Paracercomonadidae,Paracercomonas,NA,Rhizaria
ASV_2642,0,0,0,0,0,0,0,0,0,0,0,0,0,0,0,0,0,0,0,0,0,0,0,0,0,0,0,0,0,0,22,0,0,0,0,0,0,0,0,0,0,0,0,0,0,Eukaryota,TSAR,Stramenopiles,Bigyra,Bicoecea,Pseudodendromonadales,Pseudodendromonadales_X,Pseudodendromonadales_XX,Pseudodendromonadales_XX_sp.,Stramenopiles
ASV_2643,0,0,0,0,0,0,0,0,0,0,0,0,0,0,0,0,0,0,0,0,0,0,0,0,0,0,0,0,0,0,0,0,0,22,0,0,0,0,0,0,0,0,0,0,0,Eukaryota,NA,NA,NA,NA,NA,NA,NA,NA,NA
ASV_2644,0,0,0,0,0,0,0,0,0,0,0,0,0,0,0,0,0,0,0,0,0,0,0,0,0,0,0,0,0,0,0,0,0,22,0,0,0,0,0,0,0,0,0,0,0,Eukaryota,Obazoa,Opisthokonta,Fungi,Monoblepharomycota,Sanchytriales,Sanchytriaceae,Sanchytrium,Sanchytrium_tribonematis,Opisthokonta_Monoblepharomycota
ASV_2645,0,0,0,0,0,0,0,0,0,0,0,0,0,0,0,0,0,0,0,0,0,0,0,0,0,0,0,0,0,0,0,0,0,22,0,0,0,0,0,0,0,0,0,0,0,Eukaryota,TSAR,Stramenopiles,Bigyra,Bicoecea,Pseudodendromonadales,Pseudodendromonadales_X,Pseudodendromonadales_XX,Pseudodendromonadales_XX_sp.,Stramenopiles
ASV_2646,0,0,0,0,0,0,0,0,0,0,0,0,0,0,0,0,0,0,0,0,0,0,0,0,0,0,0,0,0,0,0,0,0,22,0,0,0,0,0,0,0,0,0,0,0,Eukaryota,TSAR,Stramenopiles,Bigyra,Bicoecea,Pseudodendromonadales,Pseudodendromonadales_X,Adriamonas,Adriamonas_peritocrescens,Stramenopiles
ASV_2647,0,0,0,0,0,0,0,0,0,0,0,0,0,0,0,0,0,0,0,0,0,0,0,0,0,0,0,0,0,0,0,0,0,22,0,0,0,0,0,0,0,0,0,0,0,Eukaryota,TSAR,Rhizaria,Cercozoa,Filosa-Granofilosea,Limnofilida,Limnofilidae,Limnofilidae_X,Limnofilidae_X_sp.,Rhizaria
ASV_2648,0,0,0,0,0,0,0,0,0,0,0,0,0,0,0,0,0,0,0,0,0,0,0,0,0,0,0,0,0,0,0,0,0,22,0,0,0,0,0,0,0,0,0,0,0,Eukaryota,Obazoa,Opisthokonta,Metazoa,Gastrotricha,Gastrotricha_X,Gastrotricha_XX,Chaetonotus,NA,Opisthokonta_Gastrotricha
ASV_2649,0,0,0,0,0,0,0,0,0,0,0,0,0,0,0,0,0,0,0,0,0,0,0,0,0,0,0,0,0,0,0,0,0,0,22,0,0,0,0,0,0,0,0,0,0,Eukaryota,Obazoa,Opisthokonta,Fungi,NA,NA,NA,NA,NA,Opisthokonta_Unclassified
ASV_2650,0,0,0,0,0,0,0,0,0,0,0,0,0,0,0,0,0,0,0,0,0,0,0,0,0,0,0,0,0,0,0,0,0,0,22,0,0,0,0,0,0,0,0,0,0,Eukaryota,TSAR,Stramenopiles,Bigyra,Bicoecea,Pseudodendromonadales,Pseudodendromonadales_X,Pseudodendromonadales_XX,Pseudodendromonadales_XX_sp.,Stramenopiles
ASV_2651,0,0,0,0,0,0,0,0,0,0,0,0,0,0,0,0,0,0,0,0,0,0,0,0,0,0,0,0,0,0,0,0,0,0,10,0,0,0,0,0,0,12,0,0,0,Eukaryota,TSAR,Alveolata,Chrompodellids,Colpodellidea,Colpodellida,Colpodellida_CHR1,Colpodellida_CHR1_X,Colpodellida_CHR1_X_sp.,Alveolata
ASV_2652,0,0,0,0,0,0,0,0,0,0,0,0,0,0,0,0,0,0,0,0,0,0,0,0,0,0,0,0,0,0,0,0,0,0,0,0,22,0,0,0,0,0,0,0,0,Eukaryota,Obazoa,Opisthokonta,Fungi,Basidiomycota,Agaricomycotina,Agaricomycetes,NA,NA,Opisthokonta_Basidiomycota
ASV_2653,0,0,0,0,0,0,0,0,0,0,0,0,0,0,0,0,0,0,0,0,0,0,0,0,0,0,0,0,0,0,0,0,0,0,0,0,22,0,0,0,0,0,0,0,0,Eukaryota,Cryptista,Cryptophyta,Cryptophyta_X,Cryptophyceae,Goniomonadales,Goniomonadales_X,Goniomonas,Goniomonas_amphinema,Cryptophyta
ASV_2654,0,0,0,0,0,0,0,0,0,0,0,0,0,0,0,0,0,0,0,0,0,0,0,0,0,0,0,0,0,0,0,0,0,0,0,0,22,0,0,0,0,0,0,0,0,Eukaryota,TSAR,NA,NA,NA,NA,NA,NA,NA,NA
ASV_2655,0,0,0,0,0,0,0,0,0,0,0,0,0,0,0,0,0,0,0,0,0,0,0,0,0,0,0,0,0,0,0,0,0,0,0,0,0,22,0,0,0,0,0,0,0,Eukaryota,Archaeplastida,Chlorophyta,Chlorophyta_X,Chlorophyceae,Chlamydomonadales,Chlamydomonadales_X,Chlamydomonas,NA,Chlorophyta
ASV_2656,0,0,0,0,0,0,0,0,0,0,0,0,0,0,0,0,0,0,0,0,0,0,0,0,0,0,0,0,0,0,0,0,0,0,0,0,0,0,22,0,0,0,0,0,0,Eukaryota,Obazoa,Opisthokonta,Fungi,Chytridiomycota,Zygophlyctidales,Zygophlyctidaceae,Zygophlyctis,NA,Opisthokonta_Chytridiomycota
ASV_2657,0,0,0,0,0,0,0,0,0,0,0,0,0,0,0,0,0,0,0,0,0,0,0,0,0,0,0,0,0,0,0,0,0,0,0,0,0,0,0,22,0,0,0,0,0,Eukaryota,Obazoa,Opisthokonta,NA,NA,NA,NA,NA,NA,Opisthokonta_Unclassified
ASV_2658,0,0,0,0,0,0,0,0,0,0,0,0,0,0,0,0,0,0,0,0,0,0,0,0,0,0,0,0,0,0,0,0,0,0,0,0,0,0,0,10,0,12,0,0,0,Eukaryota,Obazoa,Opisthokonta,Metazoa,Arthropoda,Crustacea,Maxillopoda,Eudiaptomus,Eudiaptomus_graciloides,Opisthokonta_Arthropoda
ASV_2659,0,0,0,0,0,0,0,0,0,0,0,0,0,0,0,0,0,0,0,0,0,0,0,0,0,0,0,0,0,0,0,0,0,0,0,0,0,0,0,0,0,22,0,0,0,Eukaryota,Cryptista,Cryptophyta,Cryptophyta_X,Cryptophyceae,Cryptomonadales,Hemiselmidaceae,Chroomonas,Chroomonas_sp.,Cryptophyta
ASV_2660,0,0,0,0,0,0,0,0,0,0,0,0,0,0,0,0,0,0,0,0,0,0,0,0,0,0,0,0,0,0,0,0,0,0,0,0,0,0,0,0,0,22,0,0,0,Eukaryota,TSAR,Rhizaria,Cercozoa,Filosa-SarcomoNAdea,Glissomonadida,Glissomonadida_Clade-Y,Glissomonadida_Clade-Y_X,Glissomonadida_Clade-Y_X_sp.,Rhizaria
ASV_2661,0,0,0,0,0,0,0,0,0,0,0,0,0,0,0,0,0,0,0,0,0,0,0,0,0,0,0,0,0,0,0,0,0,0,0,0,0,0,0,0,0,22,0,0,0,Eukaryota,TSAR,Stramenopiles,Bigyra,Bicoecea,Pseudodendromonadales,Pseudodendromonadales_X,Pseudodendromonadales_XX,Pseudodendromonadales_XX_sp.,Stramenopiles
ASV_2662,0,0,0,0,0,0,0,0,0,0,0,0,0,0,0,0,0,0,0,0,0,0,0,0,0,0,0,0,0,0,0,0,0,0,0,0,0,0,0,0,0,0,22,0,0,Eukaryota,Obazoa,Opisthokonta,Fungi,Chytridiomycota,NA,NA,NA,NA,Opisthokonta_Chytridiomycota
ASV_2663,0,21,0,0,0,0,0,0,0,0,0,0,0,0,0,0,0,0,0,0,0,0,0,0,0,0,0,0,0,0,0,0,0,0,0,0,0,0,0,0,0,0,0,0,0,Eukaryota,Obazoa,Opisthokonta,Metazoa,Arthropoda,Crustacea,Ostracoda,Cypridopsis,Cypridopsis_japonica,Opisthokonta_Arthropoda
ASV_2664,0,21,0,0,0,0,0,0,0,0,0,0,0,0,0,0,0,0,0,0,0,0,0,0,0,0,0,0,0,0,0,0,0,0,0,0,0,0,0,0,0,0,0,0,0,Eukaryota,TSAR,Stramenopiles,Bigyra,Bicoecea,Pseudodendromonadales,Pseudodendromonadales_X,Pseudodendromonadales_XX,Pseudodendromonadales_XX_sp.,Stramenopiles
ASV_2665,0,0,0,0,0,21,0,0,0,0,0,0,0,0,0,0,0,0,0,0,0,0,0,0,0,0,0,0,0,0,0,0,0,0,0,0,0,0,0,0,0,0,0,0,0,Eukaryota,Obazoa,Opisthokonta,Metazoa,Arthropoda,Crustacea,Maxillopoda,Eucyclops,NA,Opisthokonta_Arthropoda
ASV_2666,0,0,0,0,0,0,21,0,0,0,0,0,0,0,0,0,0,0,0,0,0,0,0,0,0,0,0,0,0,0,0,0,0,0,0,0,0,0,0,0,0,0,0,0,0,Eukaryota,Obazoa,Opisthokonta,Fungi,NA,NA,NA,NA,NA,Opisthokonta_Unclassified
ASV_2667,0,0,0,0,0,0,0,0,0,0,0,0,0,0,0,21,0,0,0,0,0,0,0,0,0,0,0,0,0,0,0,0,0,0,0,0,0,0,0,0,0,0,0,0,0,Eukaryota,NA,NA,NA,NA,NA,NA,NA,NA,NA
ASV_2668,0,0,0,0,0,0,0,0,0,0,0,0,0,0,0,21,0,0,0,0,0,0,0,0,0,0,0,0,0,0,0,0,0,0,0,0,0,0,0,0,0,0,0,0,0,Eukaryota,TSAR,Stramenopiles,Gyrista,Peronosporomycetes,Peronosporomycetes,Peronosporales,Peronosporales_X,Peronosporales_X_sp.,Stramenopiles
ASV_2669,0,0,0,0,0,0,0,0,0,0,0,0,0,0,0,0,21,0,0,0,0,0,0,0,0,0,0,0,0,0,0,0,0,0,0,0,0,0,0,0,0,0,0,0,0,Eukaryota,TSAR,Stramenopiles,Gyrista,Peronosporomycetes,Peronosporomycetes,Haptoglossales,Haptoglossa,Haptoglossa_sp.,Stramenopiles
ASV_2670,0,0,0,0,0,0,0,0,0,0,0,0,0,0,0,0,0,21,0,0,0,0,0,0,0,0,0,0,0,0,0,0,0,0,0,0,0,0,0,0,0,0,0,0,0,Eukaryota,Obazoa,Opisthokonta,Choanoflagellata,Choanoflagellatea,Acanthoecida,NA,NA,NA,Opisthokonta_Choanoflagellatea
ASV_2671,0,0,0,0,0,0,0,0,0,0,0,0,0,0,0,0,0,0,21,0,0,0,0,0,0,0,0,0,0,0,0,0,0,0,0,0,0,0,0,0,0,0,0,0,0,Eukaryota,Obazoa,Opisthokonta,Fungi,Ascomycota,Pezizomycotina,Leotiomycetes,NA,NA,Opisthokonta_Ascomycota
ASV_2672,0,0,0,0,0,0,0,0,0,0,0,0,0,0,0,0,0,0,21,0,0,0,0,0,0,0,0,0,0,0,0,0,0,0,0,0,0,0,0,0,0,0,0,0,0,Eukaryota,Obazoa,Opisthokonta,Choanoflagellata,Choanoflagellatea,Craspedida,Monosigidae_Group_A,Codosiga,Codosiga_botrytis,Opisthokonta_Choanoflagellatea
ASV_2673,0,0,0,0,0,0,0,0,0,0,0,0,0,0,0,0,0,0,21,0,0,0,0,0,0,0,0,0,0,0,0,0,0,0,0,0,0,0,0,0,0,0,0,0,0,Eukaryota,Obazoa,Opisthokonta,Fungi,NA,NA,NA,NA,NA,Opisthokonta_Unclassified
ASV_2674,0,0,0,0,0,0,0,0,0,0,0,0,0,0,0,0,0,0,21,0,0,0,0,0,0,0,0,0,0,0,0,0,0,0,0,0,0,0,0,0,0,0,0,0,0,Eukaryota,TSAR,Rhizaria,Cercozoa,Filosa-SarcomoNAdea,Glissomonadida,Sandonidae,Sandona,Sandona_aporians,Rhizaria
ASV_2675,0,0,0,0,0,0,0,0,0,0,0,0,0,0,0,0,0,0,21,0,0,0,0,0,0,0,0,0,0,0,0,0,0,0,0,0,0,0,0,0,0,0,0,0,0,Eukaryota,Archaeplastida,Chlorophyta,Chlorophyta_X,Chlorophyceae,Chlamydomonadales,Chlamydomonadales_X,Lobochlamys,Lobochlamys_segnis,Chlorophyta
ASV_2676,0,0,0,0,0,0,0,0,0,0,0,0,0,0,0,0,0,0,0,0,0,10,0,0,0,0,0,0,0,0,0,0,0,0,0,0,11,0,0,0,0,0,0,0,0,Eukaryota,CRuMs,Collodictyonidae,Collodictyonidae_X,Collodictyonidae_XX,Collodictyonidae_XXX,Collodictyonidae_XXXX,Diphylleia,Diphylleia_rotans,Collodictyonidae
ASV_2677,0,0,0,0,0,0,0,0,0,0,0,0,0,0,0,0,0,0,0,0,0,0,21,0,0,0,0,0,0,0,0,0,0,0,0,0,0,0,0,0,0,0,0,0,0,Eukaryota,Archaeplastida,Chlorophyta,Chlorophyta_X,Chlorophyceae,Sphaeropleales,Sphaeropleales_X,Tetraedron,Tetraedron_minimum,Chlorophyta
ASV_2678,0,0,0,0,0,0,0,0,0,0,0,0,0,0,0,0,0,0,0,0,0,0,0,21,0,0,0,0,0,0,0,0,0,0,0,0,0,0,0,0,0,0,0,0,0,Eukaryota,Obazoa,Opisthokonta,Fungi,Ascomycota,Pezizomycotina,Dothideomycetes,NA,NA,Opisthokonta_Ascomycota
ASV_2679,0,0,0,0,0,0,0,0,0,0,0,0,0,0,0,0,0,0,0,0,0,0,0,0,0,21,0,0,0,0,0,0,0,0,0,0,0,0,0,0,0,0,0,0,0,Eukaryota,Obazoa,Opisthokonta,Fungi,NA,NA,NA,NA,NA,Opisthokonta_Unclassified
ASV_2680,0,0,0,0,0,0,0,0,0,0,0,0,0,0,0,0,0,0,0,0,0,0,0,0,0,21,0,0,0,0,0,0,0,0,0,0,0,0,0,0,0,0,0,0,0,Eukaryota,TSAR,Stramenopiles,Gyrista,Chrysophyceae,Chrysosaccales,Stylococcaceae,Lagynion,Lagynion_scherffelii,Stramenopiles
ASV_2681,0,0,0,0,0,0,0,0,0,0,0,0,0,0,0,0,0,0,0,0,0,0,0,0,0,21,0,0,0,0,0,0,0,0,0,0,0,0,0,0,0,0,0,0,0,Eukaryota,Obazoa,Opisthokonta,Fungi,Ascomycota,Pezizomycotina,Dothideomycetes,Venturia,Venturia_inaequalis,Opisthokonta_Ascomycota
ASV_2682,0,0,0,0,0,0,0,0,0,0,0,0,0,0,0,0,0,0,0,0,0,0,0,0,0,0,0,0,21,0,0,0,0,0,0,0,0,0,0,0,0,0,0,0,0,Eukaryota,Archaeplastida,Streptophyta,Streptophyta_X,Embryophyceae,Embryophyceae_X,Embryophyceae_XX,Apium,Apium_graveolens,Streptophyta
ASV_2683,0,0,0,0,0,0,0,0,0,0,0,0,0,0,0,0,0,0,0,0,0,0,0,0,0,0,0,0,0,0,0,21,0,0,0,0,0,0,0,0,0,0,0,0,0,Eukaryota,Obazoa,Opisthokonta,Fungi,NA,NA,NA,NA,NA,Opisthokonta_Unclassified
ASV_2684,0,0,0,0,0,0,0,0,0,0,0,0,0,0,0,0,0,0,0,0,0,0,0,0,0,0,0,0,0,0,0,0,0,21,0,0,0,0,0,0,0,0,0,0,0,Eukaryota,Obazoa,Opisthokonta,Metazoa,Arthropoda,Crustacea,Maxillopoda,Eucyclops,NA,Opisthokonta_Arthropoda
ASV_2685,0,0,0,0,0,0,0,0,0,0,0,0,0,0,0,0,0,0,0,0,0,0,0,0,0,0,0,0,0,0,0,0,0,21,0,0,0,0,0,0,0,0,0,0,0,Eukaryota,Obazoa,Opisthokonta,Metazoa,Gastrotricha,Gastrotricha_X,Gastrotricha_XX,NA,NA,Opisthokonta_Gastrotricha
ASV_2686,0,0,0,0,0,0,0,0,0,0,0,0,0,0,0,0,0,0,0,0,0,0,0,0,0,0,0,0,0,0,0,0,0,21,0,0,0,0,0,0,0,0,0,0,0,Eukaryota,Cryptista,Cryptophyta,Cryptophyta_X,Cryptophyceae,Cryptomonadales,Cryptomonadales_X,Komma,Komma_caudata,Cryptophyta
ASV_2687,0,0,0,0,0,0,0,0,0,0,0,0,0,0,0,0,0,0,0,0,0,0,0,0,0,0,0,0,0,0,0,0,0,0,0,0,21,0,0,0,0,0,0,0,0,Eukaryota,TSAR,Stramenopiles,Gyrista,Synchromophyceae,Synchromophyceae_X,Synchromophyceae_XX,Synchromophyceae_XXX,Synchromophyceae_XXX_sp.,Stramenopiles
ASV_2688,0,0,0,0,0,0,0,0,0,0,0,0,0,0,0,0,0,0,0,0,0,0,0,0,0,0,0,0,0,0,0,0,0,0,0,0,21,0,0,0,0,0,0,0,0,Eukaryota,TSAR,Stramenopiles,Gyrista,Chrysophyceae,Ochromonadales,Ochromonadales_clade-X,Ochromonadales_clade-X_X,Ochromonadales_clade-X_X_sp.,Stramenopiles
ASV_2689,0,0,0,0,0,0,0,0,0,0,0,0,0,0,0,0,0,0,0,0,0,0,0,0,0,0,0,0,0,0,0,0,0,0,0,0,21,0,0,0,0,0,0,0,0,Eukaryota,TSAR,Stramenopiles,Gyrista,Chrysophyceae,Paraphysomonadales,NA,NA,NA,Stramenopiles
ASV_2690,0,0,0,0,0,0,0,0,0,0,0,0,0,0,0,0,0,0,0,0,0,0,0,0,0,0,0,0,0,0,0,0,0,0,0,0,0,21,0,0,0,0,0,0,0,Eukaryota,Archaeplastida,Chlorophyta,Chlorophyta_X,Chlorophyceae,Chlamydomonadales,Chlamydomonadales_X,Chlorococcum,Chlorococcum_aquaticum,Chlorophyta
ASV_2691,0,20,0,0,0,0,0,0,0,0,0,0,0,0,0,0,0,0,0,0,0,0,0,0,0,0,0,0,0,0,0,0,0,0,0,0,0,0,0,0,0,0,0,0,0,Eukaryota,Archaeplastida,Chlorophyta,Chlorophyta_X,Trebouxiophyceae,Trebouxiophyceae_X,Trebouxiophyceae_XX,Botryococcus,Botryococcus_terribilis,Chlorophyta
ASV_2692,0,0,0,0,20,0,0,0,0,0,0,0,0,0,0,0,0,0,0,0,0,0,0,0,0,0,0,0,0,0,0,0,0,0,0,0,0,0,0,0,0,0,0,0,0,Eukaryota,TSAR,Stramenopiles,Gyrista,Eustigmatophyceae,Eustigmatophyceae_X,Eustigmatophyceae_XX,Trachydiscus,Trachydiscus_sp.,Stramenopiles
ASV_2693,0,0,0,0,0,0,0,20,0,0,0,0,0,0,0,0,0,0,0,0,0,0,0,0,0,0,0,0,0,0,0,0,0,0,0,0,0,0,0,0,0,0,0,0,0,Eukaryota,Archaeplastida,Chlorophyta,Chlorophyta_X,Chlorophyceae,Chlamydomonadales,Chlamydomonadales_X,Fasciculochloris,Fasciculochloris_boldii,Chlorophyta
ASV_2694,0,0,0,0,0,0,0,0,0,0,0,0,0,0,0,0,8,12,0,0,0,0,0,0,0,0,0,0,0,0,0,0,0,0,0,0,0,0,0,0,0,0,0,0,0,Eukaryota,Obazoa,Opisthokonta,Fungi,NA,NA,NA,NA,NA,Opisthokonta_Unclassified
ASV_2695,0,0,0,0,0,0,0,0,0,0,0,0,0,0,0,0,0,16,0,0,0,0,0,0,0,0,0,0,0,0,0,0,0,0,0,0,0,0,0,0,0,0,0,4,0,Eukaryota,Archaeplastida,Streptophyta,Streptophyta_X,Embryophyceae,Embryophyceae_X,Embryophyceae_XX,NA,NA,Streptophyta
ASV_2696,0,0,0,0,0,0,0,0,0,0,0,0,0,0,0,0,0,12,0,0,0,0,0,0,0,0,0,0,0,0,0,0,0,8,0,0,0,0,0,0,0,0,0,0,0,Eukaryota,Obazoa,Opisthokonta,Fungi,Ascomycota,Taphrinomycotina,Taphrinomycetes,Taphrina,Taphrina_alni,Opisthokonta_Ascomycota
ASV_2697,0,0,0,0,0,0,0,0,0,0,0,0,0,0,0,0,0,0,20,0,0,0,0,0,0,0,0,0,0,0,0,0,0,0,0,0,0,0,0,0,0,0,0,0,0,Eukaryota,TSAR,Stramenopiles,Gyrista,Peronosporomycetes,Peronosporomycetes,Peronosporales,NA,NA,Stramenopiles
ASV_2698,0,0,0,0,0,0,0,0,0,0,0,0,0,0,0,0,0,0,20,0,0,0,0,0,0,0,0,0,0,0,0,0,0,0,0,0,0,0,0,0,0,0,0,0,0,Eukaryota,Obazoa,Opisthokonta,Fungi,Ascomycota,NA,NA,NA,NA,Opisthokonta_Ascomycota
ASV_2699,0,0,0,0,0,0,0,0,0,0,0,0,0,0,0,0,0,0,20,0,0,0,0,0,0,0,0,0,0,0,0,0,0,0,0,0,0,0,0,0,0,0,0,0,0,Eukaryota,TSAR,Stramenopiles,Bigyra,Bicoecea,Pseudodendromonadales,Pseudodendromonadales_X,Pseudodendromonadales_XX,Pseudodendromonadales_XX_sp.,Stramenopiles
ASV_2700,0,0,0,0,0,0,0,0,0,0,0,0,0,0,0,0,0,0,0,20,0,0,0,0,0,0,0,0,0,0,0,0,0,0,0,0,0,0,0,0,0,0,0,0,0,Eukaryota,Archaeplastida,Chlorophyta,Chlorophyta_X,Chlorophyceae,Sphaeropleales,Sphaeropleales_X,Raphidocelis,Raphidocelis_subcapitata,Chlorophyta
ASV_2701,0,0,0,0,0,0,0,0,0,0,0,0,0,0,0,0,0,0,0,20,0,0,0,0,0,0,0,0,0,0,0,0,0,0,0,0,0,0,0,0,0,0,0,0,0,Eukaryota,Obazoa,Opisthokonta,Fungi,Chytridiomycota,NA,NA,NA,NA,Opisthokonta_Chytridiomycota
ASV_2702,0,0,0,0,0,0,0,0,0,0,0,0,0,0,0,0,0,0,0,20,0,0,0,0,0,0,0,0,0,0,0,0,0,0,0,0,0,0,0,0,0,0,0,0,0,Eukaryota,TSAR,Stramenopiles,Gyrista,Eustigmatophyceae,Eustigmatophyceae_X,Eustigmatophyceae_XX,NA,NA,Stramenopiles
ASV_2703,0,0,0,0,0,0,0,0,0,0,0,0,0,0,0,0,0,0,0,0,20,0,0,0,0,0,0,0,0,0,0,0,0,0,0,0,0,0,0,0,0,0,0,0,0,Eukaryota,TSAR,Alveolata,Ciliophora,Spirotrichea,Choreotrichida,Strobilidiidae,Strobilidiidae_X,Strobilidiidae_X_sp.,Alveolata
ASV_2704,0,0,0,0,0,0,0,0,0,0,0,0,0,0,0,0,0,0,0,0,0,0,20,0,0,0,0,0,0,0,0,0,0,0,0,0,0,0,0,0,0,0,0,0,0,Eukaryota,TSAR,Rhizaria,Cercozoa,NA,NA,NA,NA,NA,Rhizaria
ASV_2705,0,0,0,0,0,0,0,0,0,0,0,0,0,0,0,0,0,0,0,0,0,0,20,0,0,0,0,0,0,0,0,0,0,0,0,0,0,0,0,0,0,0,0,0,0,Eukaryota,Archaeplastida,Chlorophyta,Chlorophyta_X,Trebouxiophyceae,Watanabea-Clade,Watanabea-Clade_X,Chloroidium,NA,Chlorophyta
ASV_2706,0,0,0,0,0,0,0,0,0,0,0,0,0,0,0,0,0,0,0,0,0,0,20,0,0,0,0,0,0,0,0,0,0,0,0,0,0,0,0,0,0,0,0,0,0,Eukaryota,Haptista,Haptophyta,Haptophyta_X,Prymnesiophyceae,Prymnesiales,Chrysochromulinaceae,Chrysochromulina,Chrysochromulina_tobin,Haptophyta
ASV_2707,0,0,0,0,0,0,0,0,0,0,0,0,0,0,0,0,0,0,0,0,0,0,0,16,0,0,0,0,0,0,0,4,0,0,0,0,0,0,0,0,0,0,0,0,0,Eukaryota,TSAR,Rhizaria,Cercozoa,Filosa-SarcomoNAdea,Pansomonadida,Agitatidae,Agitatidae_X,Agitatidae_X_sp.,Rhizaria
ASV_2708,0,0,0,0,0,0,0,0,0,0,0,0,0,0,0,0,0,0,0,0,0,0,0,0,20,0,0,0,0,0,0,0,0,0,0,0,0,0,0,0,0,0,0,0,0,Eukaryota,Obazoa,Opisthokonta,Fungi,Basidiomycota,Ustilaginomycotina,Exobasidiomycetes,Exobasidium,Exobasidium_rhododendri,Opisthokonta_Basidiomycota
ASV_2709,0,0,0,0,0,0,0,0,0,0,0,0,0,0,0,0,0,0,0,0,0,0,0,0,20,0,0,0,0,0,0,0,0,0,0,0,0,0,0,0,0,0,0,0,0,Eukaryota,Archaeplastida,Chlorophyta,Chlorophyta_X,Chlorophyceae,Chlamydomonadales,Chlamydomonadales_X,NA,NA,Chlorophyta
ASV_2710,0,0,0,0,0,0,0,0,0,0,0,0,0,0,0,0,0,0,0,0,0,0,0,0,0,20,0,0,0,0,0,0,0,0,0,0,0,0,0,0,0,0,0,0,0,Eukaryota,Archaeplastida,Chlorophyta,Chlorophyta_X,Chlorophyceae,Chlamydomonadales,Chlamydomonadales_X,Asterococcus,Asterococcus_superbus,Chlorophyta
ASV_2711,0,0,0,0,0,0,0,0,0,0,0,0,0,0,0,0,0,0,0,0,0,0,0,0,0,0,0,20,0,0,0,0,0,0,0,0,0,0,0,0,0,0,0,0,0,Eukaryota,TSAR,Stramenopiles,Gyrista,Eustigmatophyceae,Eustigmatophyceae_X,Eustigmatophyceae_XX,Goniochloris,Goniochloris_mutica,Stramenopiles
ASV_2712,0,0,0,0,0,0,0,0,0,0,0,0,0,0,0,0,0,0,0,0,0,0,0,0,0,0,0,0,20,0,0,0,0,0,0,0,0,0,0,0,0,0,0,0,0,Eukaryota,Cryptista,Cryptophyta,Cryptophyta_X,Cryptophyceae,Goniomonadales,Goniomonadales_X,Goniomonas,NA,Cryptophyta
ASV_2713,0,0,0,0,0,0,0,0,0,0,0,0,0,0,0,0,0,0,0,0,0,0,0,0,0,0,0,0,0,0,0,0,0,20,0,0,0,0,0,0,0,0,0,0,0,Eukaryota,TSAR,Stramenopiles,Bigyra,Bicoecea,Pseudodendromonadales,Pseudodendromonadales_X,Pseudodendromonadales_XX,Pseudodendromonadales_XX_sp.,Stramenopiles
ASV_2714,0,0,0,0,0,0,0,0,0,0,0,0,0,0,0,0,0,0,0,0,0,0,0,0,0,0,0,0,0,0,0,0,0,20,0,0,0,0,0,0,0,0,0,0,0,Eukaryota,Obazoa,Opisthokonta,Fungi,Chytridiomycota,Chytridiales,Chytridiaceae,Diplochytridium,Diplochytridium_lagenarium,Opisthokonta_Chytridiomycota
ASV_2715,0,0,0,0,0,0,0,0,0,0,0,0,0,0,0,0,0,0,0,0,0,0,0,0,0,0,0,0,0,0,0,0,0,20,0,0,0,0,0,0,0,0,0,0,0,Eukaryota,Obazoa,Opisthokonta,Fungi,Chytridiomycota,Chytridiales,Chytridiaceae,Allochytridium,Allochytridium_luteum,Opisthokonta_Chytridiomycota
ASV_2716,0,0,0,0,0,0,0,0,0,0,0,0,0,0,0,0,0,0,0,0,0,0,0,0,0,0,0,0,0,0,0,0,0,0,0,20,0,0,0,0,0,0,0,0,0,Eukaryota,Obazoa,Opisthokonta,Fungi,Chytridiomycota,NA,NA,NA,NA,Opisthokonta_Chytridiomycota
ASV_2717,0,0,0,0,0,0,0,0,0,0,0,0,0,0,0,0,0,0,0,0,0,0,0,0,0,0,0,0,0,0,0,0,0,0,0,0,20,0,0,0,0,0,0,0,0,Eukaryota,TSAR,Rhizaria,Cercozoa,Filosa-SarcomoNAdea,Pansomonadida,Pansomonadida_X,Pansomonadida_XX,Pansomonadida_XX_sp.,Rhizaria
ASV_2718,0,0,0,0,0,0,0,0,0,0,0,0,0,0,0,0,0,0,0,0,0,0,0,0,0,0,0,0,0,0,0,0,0,0,0,0,20,0,0,0,0,0,0,0,0,Eukaryota,Cryptista,Cryptophyta,Cryptophyta_X,Cryptophyceae,Cryptomonadales,Cryptomonadales_X,Komma,Komma_caudata,Cryptophyta
ASV_2719,0,0,0,0,0,0,0,0,0,0,0,0,0,0,0,0,0,0,0,0,0,0,0,0,0,0,0,0,0,0,0,0,0,0,0,0,0,20,0,0,0,0,0,0,0,Eukaryota,Archaeplastida,Chlorophyta,Chlorophyta_X,Chlorophyceae,Chlamydomonadales,Chlamydomonadales_X,NA,NA,Chlorophyta
ASV_2720,0,0,0,0,0,0,0,0,0,0,0,0,0,0,0,0,0,0,0,0,0,0,0,0,0,0,0,0,0,0,0,0,0,0,0,0,0,0,20,0,0,0,0,0,0,Eukaryota,Obazoa,Opisthokonta,Fungi,Chytridiomycota,Zygophlyctidales,Zygophlyctidaceae,Zygophlyctis,NA,Opisthokonta_Chytridiomycota
ASV_2721,19,0,0,0,0,0,0,0,0,0,0,0,0,0,0,0,0,0,0,0,0,0,0,0,0,0,0,0,0,0,0,0,0,0,0,0,0,0,0,0,0,0,0,0,0,Eukaryota,Obazoa,Opisthokonta,Metazoa,Arthropoda,Crustacea,Branchiopoda,NA,NA,Opisthokonta_Arthropoda
ASV_2722,0,19,0,0,0,0,0,0,0,0,0,0,0,0,0,0,0,0,0,0,0,0,0,0,0,0,0,0,0,0,0,0,0,0,0,0,0,0,0,0,0,0,0,0,0,Eukaryota,Obazoa,Opisthokonta,Metazoa,Arthropoda,Chelicerata,Arachnida,NA,NA,Opisthokonta_Arthropoda
ASV_2723,0,0,19,0,0,0,0,0,0,0,0,0,0,0,0,0,0,0,0,0,0,0,0,0,0,0,0,0,0,0,0,0,0,0,0,0,0,0,0,0,0,0,0,0,0,Eukaryota,TSAR,Stramenopiles,Bigyra,Bicoecea,Pseudodendromonadales,Pseudodendromonadales_X,Pseudodendromonadales_XX,Pseudodendromonadales_XX_sp.,Stramenopiles
ASV_2724,0,0,0,19,0,0,0,0,0,0,0,0,0,0,0,0,0,0,0,0,0,0,0,0,0,0,0,0,0,0,0,0,0,0,0,0,0,0,0,0,0,0,0,0,0,Eukaryota,Obazoa,Opisthokonta,Fungi,NA,NA,NA,NA,NA,Opisthokonta_Unclassified
ASV_2725,0,0,0,19,0,0,0,0,0,0,0,0,0,0,0,0,0,0,0,0,0,0,0,0,0,0,0,0,0,0,0,0,0,0,0,0,0,0,0,0,0,0,0,0,0,Eukaryota,TSAR,Alveolata,Ciliophora,Spirotrichea,Hypotrichia,Oxytrichidae,NA,NA,Alveolata
ASV_2726,0,0,0,0,19,0,0,0,0,0,0,0,0,0,0,0,0,0,0,0,0,0,0,0,0,0,0,0,0,0,0,0,0,0,0,0,0,0,0,0,0,0,0,0,0,Eukaryota,Archaeplastida,Streptophyta,Streptophyta_X,Zygnemophyceae, Zygnemophyceae, ZygnemophyceaeX,Chlorokybus,Chlorokybus_atmophyticus,Streptophyta
ASV_2727,0,0,0,0,0,0,19,0,0,0,0,0,0,0,0,0,0,0,0,0,0,0,0,0,0,0,0,0,0,0,0,0,0,0,0,0,0,0,0,0,0,0,0,0,0,Eukaryota,Obazoa,Opisthokonta,Fungi,Chytridiomycota,NA,NA,NA,NA,Opisthokonta_Chytridiomycota
ASV_2728,0,0,0,0,0,0,19,0,0,0,0,0,0,0,0,0,0,0,0,0,0,0,0,0,0,0,0,0,0,0,0,0,0,0,0,0,0,0,0,0,0,0,0,0,0,Eukaryota,Obazoa,Opisthokonta,Metazoa,Annelida,Annelida_X,Annelida_XX,Dero,Dero_vaga,Opisthokonta_Annelida
ASV_2729,0,0,0,0,0,0,0,19,0,0,0,0,0,0,0,0,0,0,0,0,0,0,0,0,0,0,0,0,0,0,0,0,0,0,0,0,0,0,0,0,0,0,0,0,0,Eukaryota,Obazoa,Opisthokonta,Fungi,Ascomycota,Pezizomycotina,Dothideomycetes,Phaeosphaeria,Phaeosphaeria_avenaria,Opisthokonta_Ascomycota
ASV_2730,0,0,0,0,0,0,0,0,0,0,19,0,0,0,0,0,0,0,0,0,0,0,0,0,0,0,0,0,0,0,0,0,0,0,0,0,0,0,0,0,0,0,0,0,0,Eukaryota,Obazoa,Opisthokonta,Fungi,Ascomycota,Pezizomycotina,Dothideomycetes,Shiraia,Shiraia_sp.,Opisthokonta_Ascomycota
ASV_2731,0,0,0,0,0,0,0,0,0,0,19,0,0,0,0,0,0,0,0,0,0,0,0,0,0,0,0,0,0,0,0,0,0,0,0,0,0,0,0,0,0,0,0,0,0,Eukaryota,Obazoa,Opisthokonta,Metazoa,Arthropoda,Crustacea,Ostracoda,Cypridopsis,Cypridopsis_adusta,Opisthokonta_Arthropoda
ASV_2732,0,0,0,0,0,0,0,0,0,0,19,0,0,0,0,0,0,0,0,0,0,0,0,0,0,0,0,0,0,0,0,0,0,0,0,0,0,0,0,0,0,0,0,0,0,Eukaryota,Archaeplastida,Streptophyta,Streptophyta_X,Embryophyceae,Embryophyceae_X,Embryophyceae_XX,Wolffiella,NA,Streptophyta
ASV_2733,0,0,0,0,0,0,0,0,0,0,0,0,19,0,0,0,0,0,0,0,0,0,0,0,0,0,0,0,0,0,0,0,0,0,0,0,0,0,0,0,0,0,0,0,0,Eukaryota,TSAR,Stramenopiles,Bigyra,Opalozoa,Opalozoa_X,MAST-12,MAST-12C,MAST-12C_sp.,Stramenopiles
ASV_2734,0,0,0,0,0,0,0,0,0,0,0,0,0,0,0,0,19,0,0,0,0,0,0,0,0,0,0,0,0,0,0,0,0,0,0,0,0,0,0,0,0,0,0,0,0,Eukaryota,Obazoa,Opisthokonta,Metazoa,Gastrotricha,Gastrotricha_X,Gastrotricha_XX,Lepidodermella,Lepidodermella_squamata,Opisthokonta_Gastrotricha
ASV_2735,0,0,0,0,0,0,0,0,0,0,0,0,0,0,0,0,19,0,0,0,0,0,0,0,0,0,0,0,0,0,0,0,0,0,0,0,0,0,0,0,0,0,0,0,0,Eukaryota,TSAR,Stramenopiles,Gyrista,Peronosporomycetes,Peronosporomycetes,Saprolegniales,Saprolegnia,Saprolegnia_parasitica,Stramenopiles
ASV_2736,0,0,0,0,0,0,0,0,0,0,0,0,0,0,0,0,0,19,0,0,0,0,0,0,0,0,0,0,0,0,0,0,0,0,0,0,0,0,0,0,0,0,0,0,0,Eukaryota,Obazoa,Opisthokonta,Fungi,NA,NA,NA,NA,NA,Opisthokonta_Unclassified
ASV_2737,0,0,0,0,0,0,0,0,0,0,0,0,0,0,0,0,0,0,19,0,0,0,0,0,0,0,0,0,0,0,0,0,0,0,0,0,0,0,0,0,0,0,0,0,0,Eukaryota,Obazoa,Opisthokonta,Metazoa,Gastrotricha,Gastrotricha_X,Gastrotricha_XX,Chaetonotus,NA,Opisthokonta_Gastrotricha
ASV_2738,0,0,0,0,0,0,0,0,0,0,0,0,0,0,0,0,0,0,19,0,0,0,0,0,0,0,0,0,0,0,0,0,0,0,0,0,0,0,0,0,0,0,0,0,0,Eukaryota,TSAR,Stramenopiles,Bigyra,Bicoecea,Bicoecales,Bicoecaceae,Bicoecaceae_X,Bicoecaceae_X_sp.,Stramenopiles
ASV_2739,0,0,0,0,0,0,0,0,0,0,0,0,0,0,0,0,0,0,19,0,0,0,0,0,0,0,0,0,0,0,0,0,0,0,0,0,0,0,0,0,0,0,0,0,0,Eukaryota,Obazoa,Opisthokonta,Metazoa,Gastrotricha,Gastrotricha_X,Gastrotricha_XX,NA,NA,Opisthokonta_Gastrotricha
ASV_2740,0,0,0,0,0,0,0,0,0,0,0,0,0,0,0,0,0,0,0,19,0,0,0,0,0,0,0,0,0,0,0,0,0,0,0,0,0,0,0,0,0,0,0,0,0,Eukaryota,TSAR,Alveolata,Dinoflagellata,Dinophyceae,Peridiniales,NA,NA,NA,Alveolata
ASV_2741,0,0,0,0,0,0,0,0,0,0,0,0,0,0,0,0,0,0,0,0,0,19,0,0,0,0,0,0,0,0,0,0,0,0,0,0,0,0,0,0,0,0,0,0,0,Eukaryota,Archaeplastida,Chlorophyta,Chlorophyta_X,Chlorophyceae,Chlamydomonadales,Chlamydomonadales_X,Carteria,Carteria_lunzensis,Chlorophyta
ASV_2742,0,0,0,0,0,0,0,0,0,0,0,0,0,0,0,0,0,0,0,0,0,0,19,0,0,0,0,0,0,0,0,0,0,0,0,0,0,0,0,0,0,0,0,0,0,Eukaryota,Obazoa,Opisthokonta,Metazoa,Arthropoda,Crustacea,Ostracoda,Cypria,Cypria_crenulata,Opisthokonta_Arthropoda
ASV_2743,0,0,0,0,0,0,0,0,0,0,0,0,0,0,0,0,0,0,0,0,0,0,19,0,0,0,0,0,0,0,0,0,0,0,0,0,0,0,0,0,0,0,0,0,0,Eukaryota,Obazoa,Opisthokonta,Metazoa,Arthropoda,Hexapoda,Insecta,NA,NA,Opisthokonta_Arthropoda
ASV_2744,0,0,0,0,0,0,0,0,0,0,0,0,0,0,0,0,0,0,0,0,0,0,4,0,0,15,0,0,0,0,0,0,0,0,0,0,0,0,0,0,0,0,0,0,0,Eukaryota,Obazoa,Opisthokonta,Fungi,NA,NA,NA,NA,NA,Opisthokonta_Unclassified
ASV_2745,0,0,0,0,0,0,0,0,0,0,0,0,0,0,0,0,0,0,0,0,0,0,0,0,0,19,0,0,0,0,0,0,0,0,0,0,0,0,0,0,0,0,0,0,0,Eukaryota,TSAR,Stramenopiles,Gyrista,Eustigmatophyceae,Eustigmatophyceae_X,Eustigmatophyceae_XX,Eustigmatophyceae_XXX,Eustigmatophyceae_XXX_sp.,Stramenopiles
ASV_2746,0,0,0,0,0,0,0,0,0,0,0,0,0,0,0,0,0,0,0,0,0,0,0,0,0,19,0,0,0,0,0,0,0,0,0,0,0,0,0,0,0,0,0,0,0,Eukaryota,Obazoa,Opisthokonta,Fungi,Ascomycota,Pezizomycotina,NA,NA,NA,Opisthokonta_Ascomycota
ASV_2747,0,0,0,0,0,0,0,0,0,0,0,0,0,0,0,0,0,0,0,0,0,0,0,0,0,0,19,0,0,0,0,0,0,0,0,0,0,0,0,0,0,0,0,0,0,Eukaryota,TSAR,Stramenopiles,Bigyra,Bicoecea,Pseudodendromonadales,Pseudodendromonadales_X,Pseudodendromonadales_XX,Pseudodendromonadales_XX_sp.,Stramenopiles
ASV_2748,0,0,0,0,0,0,0,0,0,0,0,0,0,0,0,0,0,0,0,0,0,0,0,0,0,0,0,0,19,0,0,0,0,0,0,0,0,0,0,0,0,0,0,0,0,Eukaryota,NA,NA,NA,NA,NA,NA,NA,NA,NA
ASV_2749,0,0,0,0,0,0,0,0,0,0,0,0,0,0,0,0,0,0,0,0,0,0,0,0,0,0,0,0,0,0,19,0,0,0,0,0,0,0,0,0,0,0,0,0,0,Eukaryota,Archaeplastida,Chlorophyta,Chlorophyta_X,Chlorophyceae,Chlamydomonadales,Chlamydomonadales_X,NA,NA,Chlorophyta
ASV_2750,0,0,0,0,0,0,0,0,0,0,0,0,0,0,0,0,0,0,0,0,0,0,0,0,0,0,0,0,0,0,19,0,0,0,0,0,0,0,0,0,0,0,0,0,0,Eukaryota,Obazoa,Opisthokonta,Fungi,NA,NA,NA,NA,NA,Opisthokonta_Unclassified
ASV_2751,0,0,0,0,0,0,0,0,0,0,0,0,0,0,0,0,0,0,0,0,0,0,0,0,0,0,0,0,0,0,0,19,0,0,0,0,0,0,0,0,0,0,0,0,0,NA,NA,NA,NA,NA,NA,NA,NA,NA,NA
ASV_2752,0,0,0,0,0,0,0,0,0,0,0,0,0,0,0,0,0,0,0,0,0,0,0,0,0,0,0,0,0,0,0,5,0,14,0,0,0,0,0,0,0,0,0,0,0,Eukaryota,Obazoa,Opisthokonta,Fungi,NA,NA,NA,NA,NA,Opisthokonta_Unclassified
ASV_2753,0,0,0,0,0,0,0,0,0,0,0,0,0,0,0,0,0,0,0,0,0,0,0,0,0,0,0,0,0,0,0,0,0,19,0,0,0,0,0,0,0,0,0,0,0,Eukaryota,TSAR,Stramenopiles,Bigyra,Bicoecea,Pseudodendromonadales,Pseudodendromonadales_X,Paramonas,Paramonas_globosa,Stramenopiles
ASV_2754,0,0,0,0,0,0,0,0,0,0,0,0,0,0,0,0,0,0,0,0,0,0,0,0,0,0,0,0,0,0,0,0,0,19,0,0,0,0,0,0,0,0,0,0,0,Eukaryota,Obazoa,Opisthokonta,Metazoa,Arthropoda,Crustacea,Branchiopoda,NA,NA,Opisthokonta_Arthropoda
ASV_2755,0,0,0,0,0,0,0,0,0,0,0,0,0,0,0,0,0,0,0,0,0,0,0,0,0,0,0,0,0,0,0,0,0,19,0,0,0,0,0,0,0,0,0,0,0,Eukaryota,TSAR,Alveolata,Ciliophora,Oligohymenophorea,Scuticociliatia_2,Scuticociliatia_2_X,NA,NA,Alveolata
ASV_2756,0,0,0,0,0,0,0,0,0,0,0,0,0,0,0,0,0,0,0,0,0,0,0,0,0,0,0,0,0,0,0,0,0,19,0,0,0,0,0,0,0,0,0,0,0,Eukaryota,Archaeplastida,Chlorophyta,Chlorophyta_X,Chlorophyceae,Sphaeropleales,Sphaeropleales_X,Pseudomuriella,Pseudomuriella_engadinensis,Chlorophyta
ASV_2757,0,0,0,0,0,0,0,0,0,0,0,0,0,0,0,0,0,0,0,0,0,0,0,0,0,0,0,0,0,0,0,0,0,0,19,0,0,0,0,0,0,0,0,0,0,Eukaryota,Obazoa,Opisthokonta,Metazoa,Arthropoda,Crustacea,Branchiopoda,Diaphanosoma,Diaphanosoma_sp.,Opisthokonta_Arthropoda
ASV_2758,0,0,0,0,0,0,0,0,0,0,0,0,0,0,0,0,0,0,0,0,0,0,0,0,0,0,0,0,0,0,0,0,0,0,19,0,0,0,0,0,0,0,0,0,0,Eukaryota,Cryptista,Cryptophyta,Cryptophyta_X,Cryptophyceae,Cryptomonadales,Cryptomonadales_X,Cryptomonas,Cryptomonas_vietnamica,Cryptophyta
ASV_2759,0,0,0,0,0,0,0,0,0,0,0,0,0,0,0,0,0,0,0,0,0,0,0,0,0,0,0,0,0,0,0,0,0,0,11,0,0,8,0,0,0,0,0,0,0,Eukaryota,Obazoa,Opisthokonta,Ichthyosporea,Ichthyophonida,Ichthyosphonida_X,Ichthyophonidae_Freshwater,Ichthyophonidae_Freshwater_X,Ichthyophonidae_Freshwater_X_sp.,Opisthokonta_Ichthyophonida
ASV_2760,0,0,0,0,0,0,0,0,0,0,0,0,0,0,0,0,0,0,0,0,0,0,0,0,0,0,0,0,0,0,0,0,0,0,0,19,0,0,0,0,0,0,0,0,0,Eukaryota,Obazoa,Opisthokonta,Fungi,Blastocladiomycota,Blastocladiomycotina,Blastocladiomycetes,Hyaloraphidium,Hyaloraphidium_curvatum,Opisthokonta_Blastocladiomycota
ASV_2761,0,0,0,0,0,0,0,0,0,0,0,0,0,0,0,0,0,0,0,0,0,0,0,0,0,0,0,0,0,0,0,0,0,0,0,0,19,0,0,0,0,0,0,0,0,Eukaryota,TSAR,Stramenopiles,Bigyra,Bicoecea,Pseudodendromonadales,Pseudodendromonadales_X,Pseudodendromonadales_XX,Pseudodendromonadales_XX_sp.,Stramenopiles
ASV_2762,0,0,0,0,0,0,0,0,0,0,0,0,0,0,0,0,0,0,0,0,0,0,0,0,0,0,0,0,0,0,0,0,0,0,0,0,19,0,0,0,0,0,0,0,0,Eukaryota,TSAR,Stramenopiles,Bigyra,Bicoecea,Bicoecales,Bicoecaceae,Bicoecaceae_X,Bicoecaceae_X_sp.,Stramenopiles
ASV_2763,0,0,0,0,0,0,0,0,0,0,0,0,0,0,0,0,0,0,0,0,0,0,0,0,0,0,0,0,0,0,0,0,0,0,0,0,19,0,0,0,0,0,0,0,0,Eukaryota,Obazoa,Opisthokonta,Fungi,Ascomycota,Pezizomycotina,Sordariomycetes,Geosmithia,Geosmithia_putterillii,Opisthokonta_Ascomycota
ASV_2764,0,0,0,0,0,0,0,0,0,0,0,0,0,0,0,0,0,0,0,0,0,0,0,0,0,0,0,0,0,0,0,0,0,0,0,0,0,19,0,0,0,0,0,0,0,Eukaryota,Archaeplastida,Chlorophyta,Chlorophyta_X,Chlorophyceae,Chlamydomonadales,Chlamydomonadales_X,NA,NA,Chlorophyta
ASV_2765,0,0,0,0,0,0,0,0,0,0,0,0,0,0,0,0,0,0,0,0,0,0,0,0,0,0,0,0,0,0,0,0,0,0,0,0,0,19,0,0,0,0,0,0,0,Eukaryota,Archaeplastida,Chlorophyta,Chlorophyta_X,Chlorophyceae,Chlamydomonadales,Chlamydomonadales_X,Fasciculochloris,Fasciculochloris_boldii,Chlorophyta
ASV_2766,0,0,0,0,0,0,0,0,0,0,0,0,0,0,0,0,0,0,0,0,0,0,0,0,0,0,0,0,0,0,0,0,0,0,0,0,0,0,0,0,0,19,0,0,0,Eukaryota,TSAR,Rhizaria,Cercozoa,Filosa-Granofilosea,Filosa-Granofilosea_X,Novel-Gran-6,Novel-Gran-6_X,Novel-Gran-6_X_sp.,Rhizaria
ASV_2767,0,18,0,0,0,0,0,0,0,0,0,0,0,0,0,0,0,0,0,0,0,0,0,0,0,0,0,0,0,0,0,0,0,0,0,0,0,0,0,0,0,0,0,0,0,Eukaryota,Obazoa,Opisthokonta,Fungi,Basidiomycota,Agaricomycotina,Agaricomycetes,NA,NA,Opisthokonta_Basidiomycota
ASV_2768,0,18,0,0,0,0,0,0,0,0,0,0,0,0,0,0,0,0,0,0,0,0,0,0,0,0,0,0,0,0,0,0,0,0,0,0,0,0,0,0,0,0,0,0,0,Eukaryota,TSAR,Rhizaria,Cercozoa,Novel-clade-10-12,Novel-clade-12,NC12B-lineage,NC12B-lineage_X,NC12B-lineage_X_sp.,Rhizaria
ASV_2769,0,18,0,0,0,0,0,0,0,0,0,0,0,0,0,0,0,0,0,0,0,0,0,0,0,0,0,0,0,0,0,0,0,0,0,0,0,0,0,0,0,0,0,0,0,Eukaryota,Obazoa,Opisthokonta,NA,NA,NA,NA,NA,NA,Opisthokonta_Unclassified
ASV_2770,0,18,0,0,0,0,0,0,0,0,0,0,0,0,0,0,0,0,0,0,0,0,0,0,0,0,0,0,0,0,0,0,0,0,0,0,0,0,0,0,0,0,0,0,0,Eukaryota,TSAR,Stramenopiles,Bigyra,Opalozoa,Opalozoa_X,MAST-12,MAST-12C,MAST-12C_sp.,Stramenopiles
ASV_2771,0,0,18,0,0,0,0,0,0,0,0,0,0,0,0,0,0,0,0,0,0,0,0,0,0,0,0,0,0,0,0,0,0,0,0,0,0,0,0,0,0,0,0,0,0,Eukaryota,TSAR,Stramenopiles,Bigyra,Bicoecea,Pseudodendromonadales,Pseudodendromonadales_X,Pseudodendromonadales_XX,Pseudodendromonadales_XX_sp.,Stramenopiles
ASV_2772,0,0,18,0,0,0,0,0,0,0,0,0,0,0,0,0,0,0,0,0,0,0,0,0,0,0,0,0,0,0,0,0,0,0,0,0,0,0,0,0,0,0,0,0,0,Eukaryota,Obazoa,Opisthokonta,Fungi,Opisthosporidia,Microsporida,Microsporida_X,NA,NA,Opisthokonta_Opisthosporidia
ASV_2773,0,0,0,0,18,0,0,0,0,0,0,0,0,0,0,0,0,0,0,0,0,0,0,0,0,0,0,0,0,0,0,0,0,0,0,0,0,0,0,0,0,0,0,0,0,Eukaryota,Archaeplastida,Chlorophyta,Chlorophyta_X,Chlorophyceae,Chlamydomonadales,Chlamydomonadales_X,Chlorochytrium,Chlorochytrium_lemnae,Chlorophyta
ASV_2774,0,0,0,0,0,0,18,0,0,0,0,0,0,0,0,0,0,0,0,0,0,0,0,0,0,0,0,0,0,0,0,0,0,0,0,0,0,0,0,0,0,0,0,0,0,Eukaryota,TSAR,Stramenopiles,Bigyra,Bicoecea,Pseudodendromonadales,Pseudodendromonadales_X,Pseudodendromonadales_XX,Pseudodendromonadales_XX_sp.,Stramenopiles
ASV_2775,0,0,0,0,0,0,0,0,0,0,18,0,0,0,0,0,0,0,0,0,0,0,0,0,0,0,0,0,0,0,0,0,0,0,0,0,0,0,0,0,0,0,0,0,0,Eukaryota,Archaeplastida,Chlorophyta,Chlorophyta_X,Chlorophyceae,Oedogoniales,Oedogoniales_X,Oedogonium,NA,Chlorophyta
ASV_2776,0,0,0,0,0,0,0,0,0,0,0,0,18,0,0,0,0,0,0,0,0,0,0,0,0,0,0,0,0,0,0,0,0,0,0,0,0,0,0,0,0,0,0,0,0,Eukaryota,TSAR,Stramenopiles,Gyrista,Chrysophyceae,Ochromonadales,Ochromonadaceae,Acrispumella,Acrispumella_sp.,Stramenopiles
ASV_2777,0,0,0,0,0,0,0,0,0,0,0,0,11,0,0,0,0,0,0,0,0,0,0,0,0,0,0,0,0,0,0,0,0,0,7,0,0,0,0,0,0,0,0,0,0,Eukaryota,TSAR,Rhizaria,Cercozoa,Filosa-SarcomoNAdea,Pansomonadida,Agitatidae,Agitatidae_X,Agitatidae_X_sp.,Rhizaria
ASV_2778,0,0,0,0,0,0,0,0,0,0,0,0,4,0,0,0,0,0,0,0,0,0,0,0,0,0,0,0,0,0,0,0,0,0,14,0,0,0,0,0,0,0,0,0,0,Eukaryota,TSAR,Stramenopiles,Bigyra,Bicoecea,Pseudodendromonadales,Pseudodendromonadales_X,Pseudodendromonadales_XX,Pseudodendromonadales_XX_sp.,Stramenopiles
ASV_2779,0,0,0,0,0,0,0,0,0,0,0,0,0,0,0,18,0,0,0,0,0,0,0,0,0,0,0,0,0,0,0,0,0,0,0,0,0,0,0,0,0,0,0,0,0,Eukaryota,TSAR,Rhizaria,Cercozoa,Filosa-SarcomoNAdea,Glissomonadida,Sandonidae,Sandonidae_Clade-N/F-A,Sandonidae_Clade_N/F-A_sp.,Rhizaria
ASV_2780,0,0,0,0,0,0,0,0,0,0,0,0,0,0,0,18,0,0,0,0,0,0,0,0,0,0,0,0,0,0,0,0,0,0,0,0,0,0,0,0,0,0,0,0,0,Eukaryota,Obazoa,Opisthokonta,Ichthyosporea,Ichthyophonida,Abeoformidae,Abeoformidae_Group_MAIP_3,Abeoformidae_Group_MAIP_3_X,Abeoformidae_Group_MAIP_3_X_sp.,Opisthokonta_Ichthyophonida
ASV_2781,0,0,0,0,0,0,0,0,0,0,0,0,0,0,0,0,0,18,0,0,0,0,0,0,0,0,0,0,0,0,0,0,0,0,0,0,0,0,0,0,0,0,0,0,0,Eukaryota,TSAR,Rhizaria,Cercozoa,Filosa-Granofilosea,Filosa-Granofilosea_X,Novel-Gran-6,Novel-Gran-6_X,Novel-Gran-6_X_sp.,Rhizaria
ASV_2782,0,0,0,0,0,0,0,0,0,0,0,0,0,0,0,0,0,0,18,0,0,0,0,0,0,0,0,0,0,0,0,0,0,0,0,0,0,0,0,0,0,0,0,0,0,Eukaryota,Obazoa,Opisthokonta,Fungi,NA,NA,NA,NA,NA,Opisthokonta_Unclassified
ASV_2783,0,0,0,0,0,0,0,0,0,0,0,0,0,0,0,0,0,0,18,0,0,0,0,0,0,0,0,0,0,0,0,0,0,0,0,0,0,0,0,0,0,0,0,0,0,Eukaryota,Obazoa,Opisthokonta,Choanoflagellata,Choanoflagellatea,NA,NA,NA,NA,Opisthokonta_Choanoflagellatea
ASV_2784,0,0,0,0,0,0,0,0,0,0,0,0,0,0,0,0,0,0,18,0,0,0,0,0,0,0,0,0,0,0,0,0,0,0,0,0,0,0,0,0,0,0,0,0,0,Eukaryota,Obazoa,Opisthokonta,Fungi,NA,NA,NA,NA,NA,Opisthokonta_Unclassified
ASV_2785,0,0,0,0,0,0,0,0,0,0,0,0,0,0,0,0,0,0,0,0,0,0,0,8,0,10,0,0,0,0,0,0,0,0,0,0,0,0,0,0,0,0,0,0,0,Eukaryota,Obazoa,Opisthokonta,Fungi,Chytridiomycota,Rhizophydiales,NA,NA,NA,Opisthokonta_Chytridiomycota
ASV_2786,0,0,0,0,0,0,0,0,0,0,0,0,0,0,0,0,0,0,0,0,0,0,0,0,18,0,0,0,0,0,0,0,0,0,0,0,0,0,0,0,0,0,0,0,0,Eukaryota,Obazoa,Opisthokonta,Fungi,Ascomycota,Pezizomycotina,Sordariomycetes,NA,NA,Opisthokonta_Ascomycota
ASV_2787,0,0,0,0,0,0,0,0,0,0,0,0,0,0,0,0,0,0,0,0,0,0,0,0,18,0,0,0,0,0,0,0,0,0,0,0,0,0,0,0,0,0,0,0,0,Eukaryota,Obazoa,Opisthokonta,Fungi,Ascomycota,Pezizomycotina,Pezizomycotina_X,Microthyriales,Neomicrothyrium_siamense,Opisthokonta_Ascomycota
ASV_2788,0,0,0,0,0,0,0,0,0,0,0,0,0,0,0,0,0,0,0,0,0,0,0,0,0,18,0,0,0,0,0,0,0,0,0,0,0,0,0,0,0,0,0,0,0,Eukaryota,TSAR,Stramenopiles,Gyrista,Eustigmatophyceae,Eustigmatophyceae_X,Eustigmatophyceae_XX,Vacuoliviride,Vacuoliviride_crystalliferum,Stramenopiles
ASV_2789,0,0,0,0,0,0,0,0,0,0,0,0,0,0,0,0,0,0,0,0,0,0,0,0,0,18,0,0,0,0,0,0,0,0,0,0,0,0,0,0,0,0,0,0,0,Eukaryota,TSAR,Stramenopiles,Gyrista,Eustigmatophyceae,Eustigmatophyceae_X,Eustigmatophyceae_XX,Pseudostaurastrum,Pseudostaurastrum_enorme,Stramenopiles
ASV_2790,0,0,0,0,0,0,0,0,0,0,0,0,0,0,0,0,0,0,0,0,0,0,0,0,0,18,0,0,0,0,0,0,0,0,0,0,0,0,0,0,0,0,0,0,0,Eukaryota,Obazoa,Opisthokonta,Choanoflagellata,Choanoflagellatea,Craspedida,Monosigidae_Group_A,Monosiga,Monosiga_ovata,Opisthokonta_Choanoflagellatea
ASV_2791,0,0,0,0,0,0,0,0,0,0,0,0,0,0,0,0,0,0,0,0,0,0,0,0,0,0,0,0,0,0,18,0,0,0,0,0,0,0,0,0,0,0,0,0,0,Eukaryota,TSAR,Stramenopiles,Bigyra,Bicoecea,Pseudodendromonadales,Pseudodendromonadales_X,Pseudodendromonadales_XX,Pseudodendromonadales_XX_sp.,Stramenopiles
ASV_2792,0,0,0,0,0,0,0,0,0,0,0,0,0,0,0,0,0,0,0,0,0,0,0,0,0,0,0,0,0,0,0,18,0,0,0,0,0,0,0,0,0,0,0,0,0,Eukaryota,TSAR,Stramenopiles,Bigyra,Bicoecea,Pseudodendromonadales,Pseudodendromonadales_X,Pseudodendromonadales_XX,Pseudodendromonadales_XX_sp.,Stramenopiles
ASV_2793,0,0,0,0,0,0,0,0,0,0,0,0,0,0,0,0,0,0,0,0,0,0,0,0,0,0,0,0,0,0,0,0,0,18,0,0,0,0,0,0,0,0,0,0,0,Eukaryota,TSAR,Stramenopiles,Gyrista,Peronosporomycetes,Peronosporomycetes,Peronosporales,NA,NA,Stramenopiles
ASV_2794,0,0,0,0,0,0,0,0,0,0,0,0,0,0,0,0,0,0,0,0,0,0,0,0,0,0,0,0,0,0,0,0,0,18,0,0,0,0,0,0,0,0,0,0,0,Eukaryota,TSAR,Rhizaria,Cercozoa,Filosa-SarcomoNAdea,Cercomonadida,Paracercomonadidae,Paracercomonas,NA,Rhizaria
ASV_2795,0,0,0,0,0,0,0,0,0,0,0,0,0,0,0,0,0,0,0,0,0,0,0,0,0,0,0,0,0,0,0,0,0,18,0,0,0,0,0,0,0,0,0,0,0,Eukaryota,TSAR,Stramenopiles,Bigyra,Opalozoa,Opalozoa_X,MAST-12,MAST-12C,MAST-12C_sp.,Stramenopiles
ASV_2796,0,0,0,0,0,0,0,0,0,0,0,0,0,0,0,0,0,0,0,0,0,0,0,0,0,0,0,0,0,0,0,0,0,18,0,0,0,0,0,0,0,0,0,0,0,Eukaryota,Obazoa,Opisthokonta,Choanoflagellata,Choanoflagellatea,NA,NA,NA,NA,Opisthokonta_Choanoflagellatea
ASV_2797,0,0,0,0,0,0,0,0,0,0,0,0,0,0,0,0,0,0,0,0,0,0,0,0,0,0,0,0,0,0,0,0,0,18,0,0,0,0,0,0,0,0,0,0,0,Eukaryota,TSAR,Stramenopiles,Gyrista,Xanthophyceae,Xanthophyceae_X,Xanthophyceae_XX,Xanthonema,Xanthonema_sp.,Stramenopiles
ASV_2798,0,0,0,0,0,0,0,0,0,0,0,0,0,0,0,0,0,0,0,0,0,0,0,0,0,0,0,0,0,0,0,0,0,0,0,18,0,0,0,0,0,0,0,0,0,Eukaryota,TSAR,Stramenopiles,Bigyra,Bicoecea,Pseudodendromonadales,Pseudodendromonadales_X,Adriamonas,Adriamonas_peritocrescens,Stramenopiles
ASV_2799,0,0,0,0,0,0,0,0,0,0,0,0,0,0,0,0,0,0,0,0,0,0,0,0,0,0,0,0,0,0,0,0,0,0,0,0,18,0,0,0,0,0,0,0,0,Eukaryota,NA,NA,NA,NA,NA,NA,NA,NA,NA
ASV_2800,0,0,0,0,0,0,0,0,0,0,0,0,0,0,0,0,0,0,0,0,0,0,0,0,0,0,0,0,0,0,0,0,0,0,0,0,18,0,0,0,0,0,0,0,0,Eukaryota,NA,NA,NA,NA,NA,NA,NA,NA,NA
ASV_2801,0,0,0,0,0,0,0,0,0,0,0,0,0,0,0,0,0,0,0,0,0,0,0,0,0,0,0,0,0,0,0,0,0,0,0,0,0,0,0,0,0,18,0,0,0,Eukaryota,TSAR,Stramenopiles,Bigyra,Bicoecea,Bicoecales,Bicoecaceae,Bicoecaceae_X,Bicoecaceae_X_sp.,Stramenopiles
ASV_2802,0,0,0,0,0,0,0,0,0,0,0,0,0,0,0,0,0,0,0,0,0,0,0,0,0,0,0,0,0,0,0,0,0,0,0,0,0,0,0,0,0,9,9,0,0,Eukaryota,TSAR,Alveolata,Dinoflagellata,Dinophyceae,Gonyaulacales,Ceratiaceae,Ceratium,Ceratium_hirundinella,Alveolata
ASV_2803,0,0,0,0,0,0,0,0,0,0,0,0,0,0,0,0,0,0,0,0,0,0,0,0,0,0,0,0,0,0,0,0,0,0,0,0,0,0,0,0,0,0,18,0,0,Eukaryota,Obazoa,Opisthokonta,Fungi,Chytridiomycota,Spizellomycetales,Spizellomycetales_X,Spizellomycetales_XX,Spizellomycetales_XX_sp.,Opisthokonta_Chytridiomycota
ASV_2804,0,0,0,0,0,0,0,0,0,0,0,0,0,0,0,0,0,0,0,0,0,0,0,0,0,0,0,0,0,0,0,0,0,0,0,0,0,0,0,0,0,0,18,0,0,Eukaryota,TSAR,Stramenopiles,Gyrista,Synchromophyceae,Synchromophyceae_X,Synchromophyceae_XX,Synchromophyceae_XXX,Synchromophyceae_XXX_sp.,Stramenopiles
ASV_2805,0,0,17,0,0,0,0,0,0,0,0,0,0,0,0,0,0,0,0,0,0,0,0,0,0,0,0,0,0,0,0,0,0,0,0,0,0,0,0,0,0,0,0,0,0,Eukaryota,Obazoa,Opisthokonta,Fungi,Zoopagomycota,Entomophthoromycotina,Entomophthorales,Entomophthora,Entomophthora_muscae,Opisthokonta_Zoopagomycota
ASV_2806,0,0,0,17,0,0,0,0,0,0,0,0,0,0,0,0,0,0,0,0,0,0,0,0,0,0,0,0,0,0,0,0,0,0,0,0,0,0,0,0,0,0,0,0,0,Eukaryota,Obazoa,Opisthokonta,NA,NA,NA,NA,NA,NA,Opisthokonta_Unclassified
ASV_2807,0,0,0,0,0,0,0,0,0,0,17,0,0,0,0,0,0,0,0,0,0,0,0,0,0,0,0,0,0,0,0,0,0,0,0,0,0,0,0,0,0,0,0,0,0,Eukaryota,TSAR,Stramenopiles,Gyrista,Peronosporomycetes,Peronosporomycetes,NA,NA,NA,Stramenopiles
ASV_2808,0,0,0,0,0,0,0,0,0,0,0,0,17,0,0,0,0,0,0,0,0,0,0,0,0,0,0,0,0,0,0,0,0,0,0,0,0,0,0,0,0,0,0,0,0,Eukaryota,Archaeplastida,Chlorophyta,Chlorophyta_X,Chlorophyceae,Chlamydomonadales,Chlamydomonadales_X,NA,NA,Chlorophyta
ASV_2809,0,0,0,0,0,0,0,0,0,0,0,0,0,0,0,17,0,0,0,0,0,0,0,0,0,0,0,0,0,0,0,0,0,0,0,0,0,0,0,0,0,0,0,0,0,Eukaryota,Obazoa,Opisthokonta,Metazoa,Cnidaria,Cnidaria_X,Hydrozoa,Hydra,Hydra_robusta,Opisthokonta_Cnidaria
ASV_2810,0,0,0,0,0,0,0,0,0,0,0,0,0,0,0,0,17,0,0,0,0,0,0,0,0,0,0,0,0,0,0,0,0,0,0,0,0,0,0,0,0,0,0,0,0,Eukaryota,Cryptista,Cryptophyta,Cryptophyta_X,Cryptophyceae,Cryptomonadales,Cryptomonadales_X,Cryptomonas,NA,Cryptophyta
ASV_2811,0,0,0,0,0,0,0,0,0,0,0,0,0,0,0,0,17,0,0,0,0,0,0,0,0,0,0,0,0,0,0,0,0,0,0,0,0,0,0,0,0,0,0,0,0,Eukaryota,TSAR,Stramenopiles,Bigyra,Bicoecea,Pseudodendromonadales,Pseudodendromonadales_X,Pseudodendromonadales_XX,Pseudodendromonadales_XX_sp.,Stramenopiles
ASV_2812,0,0,0,0,0,0,0,0,0,0,0,0,0,0,0,0,0,17,0,0,0,0,0,0,0,0,0,0,0,0,0,0,0,0,0,0,0,0,0,0,0,0,0,0,0,Eukaryota,Obazoa,Opisthokonta,Fungi,Chytridiomycota,Rhizophydiales,Rhizophydiales_X,Rhizophydiales_XX,Rhizophydiales_XX_sp.,Opisthokonta_Chytridiomycota
ASV_2813,0,0,0,0,0,0,0,0,0,0,0,0,0,0,0,0,0,0,17,0,0,0,0,0,0,0,0,0,0,0,0,0,0,0,0,0,0,0,0,0,0,0,0,0,0,Eukaryota,TSAR,Stramenopiles,Gyrista,Coscinodiscophyceae,Rhizosoleniales,Rhizosoleniaceae,Urosolenia,Urosolenia_eriensis,Stramenopiles
ASV_2814,0,0,0,0,0,0,0,0,0,0,0,0,0,0,0,0,0,0,17,0,0,0,0,0,0,0,0,0,0,0,0,0,0,0,0,0,0,0,0,0,0,0,0,0,0,Eukaryota,Obazoa,Opisthokonta,Fungi,Chytridiomycota,NA,NA,NA,NA,Opisthokonta_Chytridiomycota
ASV_2815,0,0,0,0,0,0,0,0,0,0,0,0,0,0,0,0,0,0,17,0,0,0,0,0,0,0,0,0,0,0,0,0,0,0,0,0,0,0,0,0,0,0,0,0,0,Eukaryota,Obazoa,Opisthokonta,Fungi,Chytridiomycota,Chytridiales,Chytridiaceae,Phlyctochytrium,Phlyctochytrium_planicorne,Opisthokonta_Chytridiomycota
ASV_2816,0,0,0,0,0,0,0,0,0,0,0,0,0,0,0,0,0,0,0,17,0,0,0,0,0,0,0,0,0,0,0,0,0,0,0,0,0,0,0,0,0,0,0,0,0,Eukaryota,Archaeplastida,Chlorophyta,Chlorophyta_X,Chlorophyceae,Sphaeropleales,Sphaeropleales_X,Schroederia,Schroederia_setigera,Chlorophyta
ASV_2817,0,0,0,0,0,0,0,0,0,0,0,0,0,0,0,0,0,0,0,17,0,0,0,0,0,0,0,0,0,0,0,0,0,0,0,0,0,0,0,0,0,0,0,0,0,Eukaryota,TSAR,Stramenopiles,Gyrista,Chrysophyceae,Paraphysomonadales,Lepidochromonadaceae,Lepidochromonas,Lepidochromonas_caroni,Stramenopiles
ASV_2818,0,0,0,0,0,0,0,0,0,0,0,0,0,0,0,0,0,0,0,0,0,0,17,0,0,0,0,0,0,0,0,0,0,0,0,0,0,0,0,0,0,0,0,0,0,Eukaryota,Archaeplastida,Streptophyta,Streptophyta_X,Embryophyceae,Embryophyceae_X,Embryophyceae_XX,NA,NA,Streptophyta
ASV_2819,0,0,0,0,0,0,0,0,0,0,0,0,0,0,0,0,0,0,0,0,0,0,17,0,0,0,0,0,0,0,0,0,0,0,0,0,0,0,0,0,0,0,0,0,0,Eukaryota,TSAR,Stramenopiles,Gyrista,Eustigmatophyceae,Eustigmatophyceae_X,Eustigmatophyceae_XX,Trachydiscus,Trachydiscus_minutus,Stramenopiles
ASV_2820,0,0,0,0,0,0,0,0,0,0,0,0,0,0,0,0,0,0,0,0,0,0,0,17,0,0,0,0,0,0,0,0,0,0,0,0,0,0,0,0,0,0,0,0,0,Eukaryota,TSAR,Alveolata,Ciliophora,Spirotrichea,Hypotrichia,NA,NA,NA,Alveolata
ASV_2821,0,0,0,0,0,0,0,0,0,0,0,0,0,0,0,0,0,0,0,0,0,0,0,0,17,0,0,0,0,0,0,0,0,0,0,0,0,0,0,0,0,0,0,0,0,Eukaryota,Obazoa,Opisthokonta,Fungi,Ascomycota,Pezizomycotina,Eurotiomycetes,NA,NA,Opisthokonta_Ascomycota
ASV_2822,0,0,0,0,0,0,0,0,0,0,0,0,0,0,0,0,0,0,0,0,0,0,0,0,17,0,0,0,0,0,0,0,0,0,0,0,0,0,0,0,0,0,0,0,0,Eukaryota,Archaeplastida,Chlorophyta,Chlorophyta_X,Chlorophyceae,Chlamydomonadales,Chlamydomonadales_X,Carteria,NA,Chlorophyta
ASV_2823,0,0,0,0,0,0,0,0,0,0,0,0,0,0,0,0,0,0,0,0,0,0,0,0,17,0,0,0,0,0,0,0,0,0,0,0,0,0,0,0,0,0,0,0,0,Eukaryota,Obazoa,Opisthokonta,Fungi,Basidiomycota,Agaricomycotina,Agaricomycetes,NA,NA,Opisthokonta_Basidiomycota
ASV_2824,0,0,0,0,0,0,0,0,0,0,0,0,0,0,0,0,0,0,0,0,0,0,0,0,17,0,0,0,0,0,0,0,0,0,0,0,0,0,0,0,0,0,0,0,0,Eukaryota,Archaeplastida,Chlorophyta,Chlorophyta_X,Chlorophyceae,Chlamydomonadales,Chlamydomonadales_X,NA,NA,Chlorophyta
ASV_2825,0,0,0,0,0,0,0,0,0,0,0,0,0,0,0,0,0,0,0,0,0,0,0,0,0,17,0,0,0,0,0,0,0,0,0,0,0,0,0,0,0,0,0,0,0,Eukaryota,Obazoa,Opisthokonta,Fungi,Ascomycota,Pezizomycotina,Sordariomycetes,Gibberella,Gibberella_moniliformis,Opisthokonta_Ascomycota
ASV_2826,0,0,0,0,0,0,0,0,0,0,0,0,0,0,0,0,0,0,0,0,0,0,0,0,0,17,0,0,0,0,0,0,0,0,0,0,0,0,0,0,0,0,0,0,0,Eukaryota,Obazoa,Opisthokonta,Fungi,Ascomycota,Pezizomycotina,Sordariomycetes,NA,NA,Opisthokonta_Ascomycota
ASV_2827,0,0,0,0,0,0,0,0,0,0,0,0,0,0,0,0,0,0,0,0,0,0,0,0,0,17,0,0,0,0,0,0,0,0,0,0,0,0,0,0,0,0,0,0,0,Eukaryota,Obazoa,Opisthokonta,Choanoflagellata,Choanoflagellatea,Craspedida,Salpingoecidae_Group_C2,Salpingoeca_C2,Salpingoeca_napiformis,Opisthokonta_Choanoflagellatea
ASV_2828,0,0,0,0,0,0,0,0,0,0,0,0,0,0,0,0,0,0,0,0,0,0,0,0,0,0,0,0,17,0,0,0,0,0,0,0,0,0,0,0,0,0,0,0,0,Eukaryota,TSAR,Alveolata,Ciliophora,Spirotrichea,Choreotrichida,Strobilidiidae,Strobilidiidae_X,Strobilidiidae_X_sp.,Alveolata
ASV_2829,0,0,0,0,0,0,0,0,0,0,0,0,0,0,0,0,0,0,0,0,0,0,0,0,0,0,0,0,0,0,17,0,0,0,0,0,0,0,0,0,0,0,0,0,0,Eukaryota,TSAR,Stramenopiles,Bigyra,Bicoecea,Pseudodendromonadales,Pseudodendromonadales_X,Pseudodendromonadales_XX,Pseudodendromonadales_XX_sp.,Stramenopiles
ASV_2830,0,0,0,0,0,0,0,0,0,0,0,0,0,0,0,0,0,0,0,0,0,0,0,0,0,0,0,0,0,0,17,0,0,0,0,0,0,0,0,0,0,0,0,0,0,Eukaryota,TSAR,Stramenopiles,Bigyra,Bicoecea,Pseudodendromonadales,Pseudodendromonadales_X,Pseudodendromonadales_XX,Pseudodendromonadales_XX_sp.,Stramenopiles
ASV_2831,0,0,0,0,0,0,0,0,0,0,0,0,0,0,0,0,0,0,0,0,0,0,0,0,0,0,0,0,0,0,0,0,17,0,0,0,0,0,0,0,0,0,0,0,0,Eukaryota,Obazoa,Opisthokonta,Metazoa,Arthropoda,Crustacea,Maxillopoda,NA,NA,Opisthokonta_Arthropoda
ASV_2832,0,0,0,0,0,0,0,0,0,0,0,0,0,0,0,0,0,0,0,0,0,0,0,0,0,0,0,0,0,0,0,0,0,17,0,0,0,0,0,0,0,0,0,0,0,Eukaryota,TSAR,Rhizaria,Cercozoa,Filosa-SarcomoNAdea,Cercomonadida,Paracercomonadidae,NA,NA,Rhizaria
ASV_2833,0,0,0,0,0,0,0,0,0,0,0,0,0,0,0,0,0,0,0,0,0,0,0,0,0,0,0,0,0,0,0,0,0,17,0,0,0,0,0,0,0,0,0,0,0,Eukaryota,Archaeplastida,Chlorophyta,Chlorophyta_X,Chlorophyceae,Sphaeropleales,Sphaeropleales_X,Raphidocelis,Raphidocelis_subcapitata,Chlorophyta
ASV_2834,0,0,0,0,0,0,0,0,0,0,0,0,0,0,0,0,0,0,0,0,0,0,0,0,0,0,0,0,0,0,0,0,0,17,0,0,0,0,0,0,0,0,0,0,0,Eukaryota,Archaeplastida,Chlorophyta,Chlorophyta_X,Chlorophyceae,Sphaeropleales,Sphaeropleales_X,NA,NA,Chlorophyta
ASV_2835,0,0,0,0,0,0,0,0,0,0,0,0,0,0,0,0,0,0,0,0,0,0,0,0,0,0,0,0,0,0,0,0,0,17,0,0,0,0,0,0,0,0,0,0,0,Eukaryota,Obazoa,Opisthokonta,Fungi,Ascomycota,Pezizomycotina,Dothideomycetes,Phaeosphaeria,Phaeosphaeria_avenaria,Opisthokonta_Ascomycota
ASV_2836,0,0,0,0,0,0,0,0,0,0,0,0,0,0,0,0,0,0,0,0,0,0,0,0,0,0,0,0,0,0,0,0,0,17,0,0,0,0,0,0,0,0,0,0,0,Eukaryota,Archaeplastida,NA,NA,NA,NA,NA,NA,NA,NA
ASV_2837,0,0,0,0,0,0,0,0,0,0,0,0,0,0,0,0,0,0,0,0,0,0,0,0,0,0,0,0,0,0,0,0,0,0,17,0,0,0,0,0,0,0,0,0,0,Eukaryota,TSAR,NA,NA,NA,NA,NA,NA,NA,NA
ASV_2838,0,0,0,0,0,0,0,0,0,0,0,0,0,0,0,0,0,0,0,0,0,0,0,0,0,0,0,0,0,0,0,0,0,0,17,0,0,0,0,0,0,0,0,0,0,Eukaryota,Obazoa,Opisthokonta,Fungi,Rozellomycota,Rozellomycota_X,Rozellomycota_XX,Rozella,Rozella_allomycis,Opisthokonta_Rozellomycota
ASV_2839,0,0,0,0,0,0,0,0,0,0,0,0,0,0,0,0,0,0,0,0,0,0,0,0,0,0,0,0,0,0,0,0,0,0,0,0,17,0,0,0,0,0,0,0,0,Eukaryota,TSAR,Stramenopiles,Bigyra,Bicoecea,Pseudodendromonadales,Pseudodendromonadales_X,Pseudodendromonadales_XX,Pseudodendromonadales_XX_sp.,Stramenopiles
ASV_2840,0,0,0,0,0,0,0,0,0,0,0,0,0,0,0,0,0,0,0,0,0,0,0,0,0,0,0,0,0,0,0,0,0,0,0,0,17,0,0,0,0,0,0,0,0,Eukaryota,Obazoa,Opisthokonta,Choanoflagellata,Choanoflagellatea,Craspedida,Salpingoecidae_Group_C1,Salpingoeca_C1,Salpingoeca_fusiformis,Opisthokonta_Choanoflagellatea
ASV_2841,0,0,0,0,0,0,0,0,0,0,0,0,0,0,0,0,0,0,0,0,0,0,0,0,0,0,0,0,0,0,0,0,0,0,0,0,17,0,0,0,0,0,0,0,0,Eukaryota,TSAR,Stramenopiles,Gyrista,Eustigmatophyceae,Eustigmatophyceae_X,Eustigmatophyceae_XX,Trachydiscus,Trachydiscus_sp.,Stramenopiles
ASV_2842,0,0,0,0,0,0,0,0,0,0,0,0,0,0,0,0,0,0,0,0,0,0,0,0,0,0,0,0,0,0,0,0,0,0,0,0,0,17,0,0,0,0,0,0,0,Eukaryota,TSAR,Rhizaria,Cercozoa,Filosa-SarcomoNAdea,Glissomonadida,Allapsidae,NA,NA,Rhizaria
ASV_2843,0,0,0,0,0,0,0,0,0,0,0,0,0,0,0,0,0,0,0,0,0,0,0,0,0,0,0,0,0,0,0,0,0,0,0,0,0,17,0,0,0,0,0,0,0,Eukaryota,Archaeplastida,Chlorophyta,Chlorophyta_X,Chlorophyceae,NA,NA,NA,NA,Chlorophyta
ASV_2844,0,0,0,0,0,0,0,0,0,0,0,0,0,0,0,0,0,0,0,0,0,0,0,0,0,0,0,0,0,0,0,0,0,0,0,0,0,17,0,0,0,0,0,0,0,Eukaryota,TSAR,Rhizaria,Cercozoa,Novel-clade-10-12,Tremulida,Tremulidae,Tremula,Tremula_longifila,Rhizaria
ASV_2845,0,0,0,0,0,0,0,0,0,0,0,0,0,0,0,0,0,0,0,0,0,0,0,0,0,0,0,0,0,0,0,0,0,0,0,0,0,0,0,17,0,0,0,0,0,Eukaryota,TSAR,Stramenopiles,Bigyra,Bicoecea,Pseudodendromonadales,Pseudodendromonadales_X,Pseudodendromonadales_XX,Pseudodendromonadales_XX_sp.,Stramenopiles
ASV_2846,0,0,0,0,0,0,0,0,0,0,0,0,0,0,0,0,0,0,0,0,0,0,0,0,0,0,0,0,0,0,0,0,0,0,0,0,0,0,0,0,0,0,17,0,0,Eukaryota,TSAR,Stramenopiles,Bigyra,Bicoecea,Bicoecales,Bicoecaceae,Bicoecaceae_X,Bicoecaceae_X_sp.,Stramenopiles
ASV_2847,0,0,0,0,0,0,0,0,0,0,0,0,0,0,0,0,0,0,0,0,0,0,0,0,0,0,0,0,0,0,0,0,0,0,0,0,0,0,0,0,0,0,17,0,0,Eukaryota,Obazoa,Opisthokonta,Fungi,Basidiomycota,Agaricomycotina,Agaricomycetes,Phlebia,Phlebia_radiata,Opisthokonta_Basidiomycota
ASV_2848,11,0,0,0,0,0,0,0,0,0,0,0,0,0,0,0,0,0,0,0,0,0,0,0,0,0,0,0,0,0,0,0,5,0,0,0,0,0,0,0,0,0,0,0,0,Eukaryota,Obazoa,Opisthokonta,Metazoa,Arthropoda,Crustacea,Branchiopoda,Chydorus,Chydorus_sphaericus,Opisthokonta_Arthropoda
ASV_2849,0,16,0,0,0,0,0,0,0,0,0,0,0,0,0,0,0,0,0,0,0,0,0,0,0,0,0,0,0,0,0,0,0,0,0,0,0,0,0,0,0,0,0,0,0,Eukaryota,TSAR,Stramenopiles,Bigyra,Opalozoa,Opalozoa_X,MAST-12,MAST-12C,MAST-12C_sp.,Stramenopiles
ASV_2850,0,16,0,0,0,0,0,0,0,0,0,0,0,0,0,0,0,0,0,0,0,0,0,0,0,0,0,0,0,0,0,0,0,0,0,0,0,0,0,0,0,0,0,0,0,Eukaryota,TSAR,Stramenopiles,Gyrista,Peronosporomycetes,Peronosporomycetes,Peronosporales,Phytophthora,NA,Stramenopiles
ASV_2851,0,0,0,0,0,0,16,0,0,0,0,0,0,0,0,0,0,0,0,0,0,0,0,0,0,0,0,0,0,0,0,0,0,0,0,0,0,0,0,0,0,0,0,0,0,Eukaryota,Archaeplastida,Streptophyta,Streptophyta_X,Coleochaetophyceae,Coleochaetophyceae_X,Coleochaetophyceae_XX,Coleochaete,Coleochaete_sp.,Streptophyta
ASV_2852,0,0,0,0,0,0,16,0,0,0,0,0,0,0,0,0,0,0,0,0,0,0,0,0,0,0,0,0,0,0,0,0,0,0,0,0,0,0,0,0,0,0,0,0,0,Eukaryota,TSAR,Stramenopiles,Gyrista,Hyphochytriomyceta,Hyphochytriales,Hyphochrytriaceae,Hyphochytrium,Hyphochytrium_catenoides,Stramenopiles
ASV_2853,0,0,0,0,0,0,0,0,0,0,16,0,0,0,0,0,0,0,0,0,0,0,0,0,0,0,0,0,0,0,0,0,0,0,0,0,0,0,0,0,0,0,0,0,0,Eukaryota,Archaeplastida,Streptophyta,Streptophyta_X,Embryophyceae,Embryophyceae_X,Embryophyceae_XX,Lemna,Lemna_minor,Streptophyta
ASV_2854,0,0,0,0,0,0,0,0,0,0,0,0,0,16,0,0,0,0,0,0,0,0,0,0,0,0,0,0,0,0,0,0,0,0,0,0,0,0,0,0,0,0,0,0,0,Eukaryota,TSAR,Stramenopiles,Bigyra,Bicoecea,Pseudodendromonadales,Pseudodendromonadales_X,Pseudodendromonadales_XX,Pseudodendromonadales_XX_sp.,Stramenopiles
ASV_2855,0,0,0,0,0,0,0,0,0,0,0,0,0,0,0,16,0,0,0,0,0,0,0,0,0,0,0,0,0,0,0,0,0,0,0,0,0,0,0,0,0,0,0,0,0,Eukaryota,TSAR,Alveolata,Dinoflagellata,Dinophyceae,Peridiniales,Thoracosphaeraceae,NA,NA,Alveolata
ASV_2856,0,0,0,0,0,0,0,0,0,0,0,0,0,0,0,3,0,0,0,0,0,0,0,0,0,0,0,0,0,0,0,0,0,13,0,0,0,0,0,0,0,0,0,0,0,Eukaryota,Obazoa,Opisthokonta,Choanoflagellata,Choanoflagellatea,Choanoflagellatea_X,Choanoflagellata_XX_Clade-2,Sphaeroeca,Sphaeroeca_volvox,Opisthokonta_Choanoflagellatea
ASV_2857,0,0,0,0,0,0,0,0,0,0,0,0,0,0,0,0,16,0,0,0,0,0,0,0,0,0,0,0,0,0,0,0,0,0,0,0,0,0,0,0,0,0,0,0,0,Eukaryota,NA,NA,NA,NA,NA,NA,NA,NA,NA
ASV_2858,0,0,0,0,0,0,0,0,0,0,0,0,0,0,0,0,16,0,0,0,0,0,0,0,0,0,0,0,0,0,0,0,0,0,0,0,0,0,0,0,0,0,0,0,0,Eukaryota,Archaeplastida,Chlorophyta,Chlorophyta_X,Mamiellophyceae,Dolichomastigales,Crustomastigaceae,Crustomastix,Crustomastix_didyma,Chlorophyta
ASV_2859,0,0,0,0,0,0,0,0,0,0,0,0,0,0,0,0,0,16,0,0,0,0,0,0,0,0,0,0,0,0,0,0,0,0,0,0,0,0,0,0,0,0,0,0,0,Eukaryota,Obazoa,Opisthokonta,Fungi,NA,NA,NA,NA,NA,Opisthokonta_Unclassified
ASV_2860,0,0,0,0,0,0,0,0,0,0,0,0,0,0,0,0,0,0,16,0,0,0,0,0,0,0,0,0,0,0,0,0,0,0,0,0,0,0,0,0,0,0,0,0,0,Eukaryota,TSAR,Rhizaria,Cercozoa,Endomyxa,Vampyrellida,Leptophryidae,Arachnomyxa,Arachnomyxa_cryptophaga,Rhizaria
ASV_2861,0,0,0,0,0,0,0,0,0,0,0,0,0,0,0,0,0,0,16,0,0,0,0,0,0,0,0,0,0,0,0,0,0,0,0,0,0,0,0,0,0,0,0,0,0,Eukaryota,TSAR,Stramenopiles,Bigyra,Opalozoa,Opalozoa_X,MAST-12,MAST-12_X,MAST-12_X_sp.,Stramenopiles
ASV_2862,0,0,0,0,0,0,0,0,0,0,0,0,0,0,0,0,0,0,0,0,16,0,0,0,0,0,0,0,0,0,0,0,0,0,0,0,0,0,0,0,0,0,0,0,0,Eukaryota,Obazoa,Opisthokonta,Fungi,Rozellomycota,Rozellomycota_X,Rozellomycota_XX,Rozellomycota_XXX,Rozellomycota_XXX_sp.,Opisthokonta_Rozellomycota
ASV_2863,0,0,0,0,0,0,0,0,0,0,0,0,0,0,0,0,0,0,0,0,0,16,0,0,0,0,0,0,0,0,0,0,0,0,0,0,0,0,0,0,0,0,0,0,0,Eukaryota,Obazoa,Opisthokonta,Fungi,Zoopagomycota,Entomophthoromycotina,Entomophthoromycotina_X,Conidiobolus,Conidiobolus_coronatus,Opisthokonta_Zoopagomycota
ASV_2864,0,0,0,0,0,0,0,0,0,0,0,0,0,0,0,0,0,0,0,0,0,0,16,0,0,0,0,0,0,0,0,0,0,0,0,0,0,0,0,0,0,0,0,0,0,Eukaryota,TSAR,Stramenopiles,Bigyra,Opalozoa,Opalozoa_X,MAST-12,MAST-12C,MAST-12C_sp.,Stramenopiles
ASV_2865,0,0,0,0,0,0,0,0,0,0,0,0,0,0,0,0,0,0,0,0,0,0,16,0,0,0,0,0,0,0,0,0,0,0,0,0,0,0,0,0,0,0,0,0,0,Eukaryota,Obazoa,Opisthokonta,Fungi,Chytridiomycota,NA,NA,NA,NA,Opisthokonta_Chytridiomycota
ASV_2866,0,0,0,0,0,0,0,0,0,0,0,0,0,0,0,0,0,0,0,0,0,0,0,13,0,3,0,0,0,0,0,0,0,0,0,0,0,0,0,0,0,0,0,0,0,Eukaryota,Obazoa,Opisthokonta,Fungi,NA,NA,NA,NA,NA,Opisthokonta_Unclassified
ASV_2867,0,0,0,0,0,0,0,0,0,0,0,0,0,0,0,0,0,0,0,0,0,0,0,0,16,0,0,0,0,0,0,0,0,0,0,0,0,0,0,0,0,0,0,0,0,Eukaryota,TSAR,Stramenopiles,Gyrista,Peronosporomycetes,Peronosporomycetes,Haliphthorales,Haliphthoros,Haliphthoros_sp.,Stramenopiles
ASV_2868,0,0,0,0,0,0,0,0,0,0,0,0,0,0,0,0,0,0,0,0,0,0,0,0,16,0,0,0,0,0,0,0,0,0,0,0,0,0,0,0,0,0,0,0,0,Eukaryota,Archaeplastida,Chlorophyta,Chlorophyta_X,Ulvophyceae,Ulvales-relatives,Ulvales-relatives_X,Ulva,NA,Chlorophyta
ASV_2869,0,0,0,0,0,0,0,0,0,0,0,0,0,0,0,0,0,0,0,0,0,0,0,0,16,0,0,0,0,0,0,0,0,0,0,0,0,0,0,0,0,0,0,0,0,Eukaryota,TSAR,Rhizaria,Cercozoa,Filosa-Thecofilosea,Tectofilosida,Pseudodifflugiidae,Pseudodifflugiidae_X,Pseudodifflugiidae_X_sp.,Rhizaria
ASV_2870,0,0,0,0,0,0,0,0,0,0,0,0,0,0,0,0,0,0,0,0,0,0,0,0,16,0,0,0,0,0,0,0,0,0,0,0,0,0,0,0,0,0,0,0,0,Eukaryota,Obazoa,Opisthokonta,Fungi,Basidiomycota,Agaricomycotina,Tremellomycetes,NA,NA,Opisthokonta_Basidiomycota
ASV_2871,0,0,0,0,0,0,0,0,0,0,0,0,0,0,0,0,0,0,0,0,0,0,0,0,0,16,0,0,0,0,0,0,0,0,0,0,0,0,0,0,0,0,0,0,0,Eukaryota,Obazoa,Opisthokonta,Fungi,Basidiomycota,Agaricomycotina,Agaricomycetes,Sistotrema,NA,Opisthokonta_Basidiomycota
ASV_2872,0,0,0,0,0,0,0,0,0,0,0,0,0,0,0,0,0,0,0,0,0,0,0,0,0,16,0,0,0,0,0,0,0,0,0,0,0,0,0,0,0,0,0,0,0,Eukaryota,TSAR,Stramenopiles,Gyrista,Eustigmatophyceae,Eustigmatophyceae_X,Eustigmatophyceae_XX,Characiopsis,NA,Stramenopiles
ASV_2873,0,0,0,0,0,0,0,0,0,0,0,0,0,0,0,0,0,0,0,0,0,0,0,0,0,16,0,0,0,0,0,0,0,0,0,0,0,0,0,0,0,0,0,0,0,Eukaryota,TSAR,Stramenopiles,Gyrista,Chrysophyceae,Chrysophyceae_X,Chrysophyceae_XX,NA,NA,Stramenopiles
ASV_2874,0,0,0,0,0,0,0,0,0,0,0,0,0,0,0,0,0,0,0,0,0,0,0,0,0,16,0,0,0,0,0,0,0,0,0,0,0,0,0,0,0,0,0,0,0,Eukaryota,Obazoa,Opisthokonta,Fungi,Basidiomycota,Agaricomycotina,Tremellomycetes,Asterotremella,Asterotremella_humicola,Opisthokonta_Basidiomycota
ASV_2875,0,0,0,0,0,0,0,0,0,0,0,0,0,0,0,0,0,0,0,0,0,0,0,0,0,0,0,0,0,16,0,0,0,0,0,0,0,0,0,0,0,0,0,0,0,Eukaryota,TSAR,Rhizaria,Cercozoa,Novel-clade-10-12,Tremulida,Tremulidae,Tremula,Tremula_longifila,Rhizaria
ASV_2876,0,0,0,0,0,0,0,0,0,0,0,0,0,0,0,0,0,0,0,0,0,0,0,0,0,0,0,0,0,0,16,0,0,0,0,0,0,0,0,0,0,0,0,0,0,Eukaryota,Archaeplastida,Streptophyta,Streptophyta_X,Zygnemophyceae, Zygnemophyceae, ZygnemophyceaeX,Spirogyra,Spirogyra_maxima,Streptophyta
ASV_2877,0,0,0,0,0,0,0,0,0,0,0,0,0,0,0,0,0,0,0,0,0,0,0,0,0,0,0,0,0,0,0,0,0,16,0,0,0,0,0,0,0,0,0,0,0,Eukaryota,Archaeplastida,Chlorophyta,Chlorophyta_X,Chlorophyceae,Sphaeropleales,Sphaeropleales_X,NA,NA,Chlorophyta
ASV_2878,0,0,0,0,0,0,0,0,0,0,0,0,0,0,0,0,0,0,0,0,0,0,0,0,0,0,0,0,0,0,0,0,0,16,0,0,0,0,0,0,0,0,0,0,0,Eukaryota,Obazoa,Opisthokonta,Fungi,Chytridiomycota,Rhizophydiales,Rhizophydiaceae,Rhizophydium,Rhizophydium_sp.,Opisthokonta_Chytridiomycota
ASV_2879,0,0,0,0,0,0,0,0,0,0,0,0,0,0,0,0,0,0,0,0,0,0,0,0,0,0,0,0,0,0,0,0,0,16,0,0,0,0,0,0,0,0,0,0,0,Eukaryota,Obazoa,Opisthokonta,Fungi,Chytridiomycota,Rhizophydiales,Kappamycetaceae,Kappamyces,Kappamyces_sp.,Opisthokonta_Chytridiomycota
ASV_2880,0,0,0,0,0,0,0,0,0,0,0,0,0,0,0,0,0,0,0,0,0,0,0,0,0,0,0,0,0,0,0,0,0,16,0,0,0,0,0,0,0,0,0,0,0,Eukaryota,Obazoa,Opisthokonta,Fungi,Blastocladiomycota,Blastocladiomycotina,Blastocladiomycetes,Hyaloraphidium,Hyaloraphidium_curvatum,Opisthokonta_Blastocladiomycota
ASV_2881,0,0,0,0,0,0,0,0,0,0,0,0,0,0,0,0,0,0,0,0,0,0,0,0,0,0,0,0,0,0,0,0,0,0,0,0,0,0,16,0,0,0,0,0,0,Eukaryota,TSAR,Rhizaria,Cercozoa,Filosa-SarcomoNAdea,Pansomonadida,Agitatidae,Agitatidae_X,Agitatidae_X_sp.,Rhizaria
ASV_2882,0,0,0,0,0,0,0,0,0,0,0,0,0,0,0,0,0,0,0,0,0,0,0,0,0,0,0,0,0,0,0,0,0,0,0,0,0,0,16,0,0,0,0,0,0,Eukaryota,TSAR,Stramenopiles,Gyrista,Synchromophyceae,Synchromophyceae_X,Synchromophyceae_XX,Synchromophyceae_XXX,Synchromophyceae_XXX_sp.,Stramenopiles
ASV_2883,0,0,0,0,0,0,0,0,0,0,0,0,0,0,0,0,0,0,0,0,0,0,0,0,0,0,0,0,0,0,0,0,0,0,0,0,0,0,0,0,16,0,0,0,0,Eukaryota,Obazoa,Opisthokonta,Metazoa,Arthropoda,Crustacea,Maxillopoda,Eudiaptomus,Eudiaptomus_graciloides,Opisthokonta_Arthropoda
ASV_2884,0,8,0,0,0,0,0,0,0,0,0,0,0,0,0,0,0,0,0,0,0,0,0,0,0,0,0,0,0,0,7,0,0,0,0,0,0,0,0,0,0,0,0,0,0,Eukaryota,Obazoa,Opisthokonta,Fungi,Blastocladiomycota,Blastocladiomycotina,Blastocladiomycetes,Hyaloraphidium,Hyaloraphidium_curvatum,Opisthokonta_Blastocladiomycota
ASV_2885,0,0,0,15,0,0,0,0,0,0,0,0,0,0,0,0,0,0,0,0,0,0,0,0,0,0,0,0,0,0,0,0,0,0,0,0,0,0,0,0,0,0,0,0,0,Eukaryota,Archaeplastida,Chlorophyta,Chlorophyta_X,Ulvophyceae,Ulotrichales,Ulotrichales_X,NA,NA,Chlorophyta
ASV_2886,0,0,0,0,0,0,15,0,0,0,0,0,0,0,0,0,0,0,0,0,0,0,0,0,0,0,0,0,0,0,0,0,0,0,0,0,0,0,0,0,0,0,0,0,0,Eukaryota,Obazoa,Opisthokonta,Fungi,NA,NA,NA,NA,NA,Opisthokonta_Unclassified
ASV_2887,0,0,0,0,0,0,6,0,0,0,0,0,0,0,0,0,0,0,0,0,0,0,0,0,0,0,0,0,0,0,0,0,0,0,0,0,0,0,0,0,0,9,0,0,0,Eukaryota,TSAR,Stramenopiles,Bigyra,Bicoecea,Pseudodendromonadales,Pseudodendromonadales_X,Paramonas,Paramonas_globosa,Stramenopiles
ASV_2888,0,0,0,0,0,0,0,0,0,0,15,0,0,0,0,0,0,0,0,0,0,0,0,0,0,0,0,0,0,0,0,0,0,0,0,0,0,0,0,0,0,0,0,0,0,Eukaryota,TSAR,Stramenopiles,Gyrista,Eustigmatophyceae,Eustigmatophyceae_X,Eustigmatophyceae_XX,NA,NA,Stramenopiles
ASV_2889,0,0,0,0,0,0,0,0,0,0,0,0,0,0,15,0,0,0,0,0,0,0,0,0,0,0,0,0,0,0,0,0,0,0,0,0,0,0,0,0,0,0,0,0,0,Eukaryota,Archaeplastida,Chlorophyta,Chlorophyta_X,Chlorophyceae,Chlamydomonadales,Chlamydomonadales_X,NA,NA,Chlorophyta
ASV_2890,0,0,0,0,0,0,0,0,0,0,0,0,0,0,0,15,0,0,0,0,0,0,0,0,0,0,0,0,0,0,0,0,0,0,0,0,0,0,0,0,0,0,0,0,0,Eukaryota,TSAR,Rhizaria,Cercozoa,Endomyxa,Vampyrellida,Leptophryidae,Leptophrys,Leptophrys_vorax,Rhizaria
ASV_2891,0,0,0,0,0,0,0,0,0,0,0,0,0,0,0,15,0,0,0,0,0,0,0,0,0,0,0,0,0,0,0,0,0,0,0,0,0,0,0,0,0,0,0,0,0,Eukaryota,NA,NA,NA,NA,NA,NA,NA,NA,NA
ASV_2892,0,0,0,0,0,0,0,0,0,0,0,0,0,0,0,15,0,0,0,0,0,0,0,0,0,0,0,0,0,0,0,0,0,0,0,0,0,0,0,0,0,0,0,0,0,Eukaryota,TSAR,Stramenopiles,Gyrista,Peronosporomycetes,Peronosporomycetes,Peronosporales,NA,NA,Stramenopiles
ASV_2893,0,0,0,0,0,0,0,0,0,0,0,0,0,0,0,0,15,0,0,0,0,0,0,0,0,0,0,0,0,0,0,0,0,0,0,0,0,0,0,0,0,0,0,0,0,Eukaryota,TSAR,Stramenopiles,Gyrista,Dictyochophyceae,Dictyochophyceae_X,Pedinellales,NA,NA,Stramenopiles
ASV_2894,0,0,0,0,0,0,0,0,0,0,0,0,0,0,0,0,0,15,0,0,0,0,0,0,0,0,0,0,0,0,0,0,0,0,0,0,0,0,0,0,0,0,0,0,0,Eukaryota,Obazoa,Opisthokonta,Metazoa,Arthropoda,Crustacea,Ostracoda,Darwinula,Darwinula_stevensoni,Opisthokonta_Arthropoda
ASV_2895,0,0,0,0,0,0,0,0,0,0,0,0,0,0,0,0,0,0,15,0,0,0,0,0,0,0,0,0,0,0,0,0,0,0,0,0,0,0,0,0,0,0,0,0,0,Eukaryota,NA,NA,NA,NA,NA,NA,NA,NA,NA
ASV_2896,0,0,0,0,0,0,0,0,0,0,0,0,0,0,0,0,0,0,15,0,0,0,0,0,0,0,0,0,0,0,0,0,0,0,0,0,0,0,0,0,0,0,0,0,0,Eukaryota,TSAR,Stramenopiles,Gyrista,Peronosporomycetes,Peronosporomycetes,Peronosporales,Peronosporales_X,Peronosporales_X_sp.,Stramenopiles
ASV_2897,0,0,0,0,0,0,0,0,0,0,0,0,0,0,0,0,0,0,15,0,0,0,0,0,0,0,0,0,0,0,0,0,0,0,0,0,0,0,0,0,0,0,0,0,0,Eukaryota,Haptista,Centroplasthelida,Centroplasthelida_X,Pterocystida,Pterista,Pterocystidae,Pterocystis,Pterocystis_sp.,Centroplasthelida
ASV_2898,0,0,0,0,0,0,0,0,0,0,0,0,0,0,0,0,0,0,15,0,0,0,0,0,0,0,0,0,0,0,0,0,0,0,0,0,0,0,0,0,0,0,0,0,0,Eukaryota,TSAR,Stramenopiles,Gyrista,Chrysophyceae,Chrysophyceae_env_clade-I,Chrysophyceae_env_clade-I_X,Chrysophyceae_env_clade-I_XX,Chrysophyceae_env_clade-I_XX_sp.,Stramenopiles
ASV_2899,0,0,0,0,0,0,0,0,0,0,0,0,0,0,0,0,0,0,0,15,0,0,0,0,0,0,0,0,0,0,0,0,0,0,0,0,0,0,0,0,0,0,0,0,0,Eukaryota,Archaeplastida,Chlorophyta,Chlorophyta_X,Chlorophyceae,Sphaeropleales,Sphaeropleales_X,NA,NA,Chlorophyta
ASV_2900,0,0,0,0,0,0,0,0,0,0,0,0,0,0,0,0,0,0,0,15,0,0,0,0,0,0,0,0,0,0,0,0,0,0,0,0,0,0,0,0,0,0,0,0,0,Eukaryota,TSAR,Alveolata,NA,NA,NA,NA,NA,NA,Alveolata
ASV_2901,0,0,0,0,0,0,0,0,0,0,0,0,0,0,0,0,0,0,0,0,0,15,0,0,0,0,0,0,0,0,0,0,0,0,0,0,0,0,0,0,0,0,0,0,0,Eukaryota,Obazoa,Opisthokonta,Fungi,NA,NA,NA,NA,NA,Opisthokonta_Unclassified
ASV_2902,0,0,0,0,0,0,0,0,0,0,0,0,0,0,0,0,0,0,0,0,0,15,0,0,0,0,0,0,0,0,0,0,0,0,0,0,0,0,0,0,0,0,0,0,0,Eukaryota,Obazoa,Opisthokonta,Metazoa,Arthropoda,Hexapoda,Insecta,Sympetrum,Sympetrum_pedemontanum,Opisthokonta_Arthropoda
ASV_2903,0,0,0,0,0,0,0,0,0,0,0,0,0,0,0,0,0,0,0,0,0,7,0,0,0,0,0,0,0,0,0,0,0,0,0,0,0,0,0,0,0,8,0,0,0,Eukaryota,Archaeplastida,Streptophyta,Streptophyta_X,Embryophyceae,Embryophyceae_X,Embryophyceae_XX,Boehmeria,Boehmeria_macrophylla,Streptophyta
ASV_2904,0,0,0,0,0,0,0,0,0,0,0,0,0,0,0,0,0,0,0,0,0,0,15,0,0,0,0,0,0,0,0,0,0,0,0,0,0,0,0,0,0,0,0,0,0,Eukaryota,Obazoa,Opisthokonta,Fungi,Rozellomycota,Rozellomycota_X,Rozellomycota_XX,Rozella,Rozella_multimorpha,Opisthokonta_Rozellomycota
ASV_2905,0,0,0,0,0,0,0,0,0,0,0,0,0,0,0,0,0,0,0,0,0,0,0,15,0,0,0,0,0,0,0,0,0,0,0,0,0,0,0,0,0,0,0,0,0,Eukaryota,Archaeplastida,Streptophyta,Streptophyta_X,Embryophyceae,Embryophyceae_X,Embryophyceae_XX,Urtica,Urtica_angustifolia,Streptophyta
ASV_2906,0,0,0,0,0,0,0,0,0,0,0,0,0,0,0,0,0,0,0,0,0,0,0,0,15,0,0,0,0,0,0,0,0,0,0,0,0,0,0,0,0,0,0,0,0,Eukaryota,Haptista,Haptophyta,Haptophyta_X,Prymnesiophyceae,Prymnesiales,Chrysochromulinaceae,Chrysochromulina,Chrysochromulina_tobin,Haptophyta
ASV_2907,0,0,0,0,0,0,0,0,0,0,0,0,0,0,0,0,0,0,0,0,0,0,0,0,15,0,0,0,0,0,0,0,0,0,0,0,0,0,0,0,0,0,0,0,0,Eukaryota,Archaeplastida,Chlorophyta,Chlorophyta_X,Chlorophyceae,Sphaeropleales,Sphaeropleales_X,Ankyra,Ankyra_judayi,Chlorophyta
ASV_2908,0,0,0,0,0,0,0,0,0,0,0,0,0,0,0,0,0,0,0,0,0,0,0,0,15,0,0,0,0,0,0,0,0,0,0,0,0,0,0,0,0,0,0,0,0,Eukaryota,Obazoa,Opisthokonta,Fungi,Ascomycota,Pezizomycotina,Dothideomycetes,Phaeosphaeria,Phaeosphaeria_avenaria,Opisthokonta_Ascomycota
ASV_2909,0,0,0,0,0,0,0,0,0,0,0,0,0,0,0,0,0,0,0,0,0,0,0,0,0,15,0,0,0,0,0,0,0,0,0,0,0,0,0,0,0,0,0,0,0,Eukaryota,Obazoa,Opisthokonta,Fungi,NA,NA,NA,NA,NA,Opisthokonta_Unclassified
ASV_2910,0,0,0,0,0,0,0,0,0,0,0,0,0,0,0,0,0,0,0,0,0,0,0,0,0,15,0,0,0,0,0,0,0,0,0,0,0,0,0,0,0,0,0,0,0,Eukaryota,TSAR,Rhizaria,Cercozoa,Filosa-SarcomoNAdea,NA,NA,NA,NA,Rhizaria
ASV_2911,0,0,0,0,0,0,0,0,0,0,0,0,0,0,0,0,0,0,0,0,0,0,0,0,0,15,0,0,0,0,0,0,0,0,0,0,0,0,0,0,0,0,0,0,0,Eukaryota,Obazoa,Opisthokonta,Fungi,Chytridiomycota,Zygophlyctidales,Zygophlyctidaceae,Zygophlyctis,NA,Opisthokonta_Chytridiomycota
ASV_2912,0,0,0,0,0,0,0,0,0,0,0,0,0,0,0,0,0,0,0,0,0,0,0,0,0,15,0,0,0,0,0,0,0,0,0,0,0,0,0,0,0,0,0,0,0,Eukaryota,Haptista,Centroplasthelida,Centroplasthelida_X,Pterocystida,Pterista,Heterophryidae,NA,NA,Centroplasthelida
ASV_2913,0,0,0,0,0,0,0,0,0,0,0,0,0,0,0,0,0,0,0,0,0,0,0,0,0,7,0,0,0,8,0,0,0,0,0,0,0,0,0,0,0,0,0,0,0,Eukaryota,TSAR,Stramenopiles,Gyrista,Coscinodiscophyceae,Rhizosoleniales,Rhizosoleniaceae,Urosolenia,Urosolenia_eriensis,Stramenopiles
ASV_2914,0,0,0,0,0,0,0,0,0,0,0,0,0,0,0,0,0,0,0,0,0,0,0,0,0,0,0,0,0,15,0,0,0,0,0,0,0,0,0,0,0,0,0,0,0,Eukaryota,Obazoa,Opisthokonta,Choanoflagellata,Choanoflagellatea,Choanoflagellatea_X,Choanoflagellata_XX_Clade-2,Sphaeroeca,Sphaeroeca_volvox,Opisthokonta_Choanoflagellatea
ASV_2915,0,0,0,0,0,0,0,0,0,0,0,0,0,0,0,0,0,0,0,0,0,0,0,0,0,0,0,0,0,15,0,0,0,0,0,0,0,0,0,0,0,0,0,0,0,Eukaryota,TSAR,Stramenopiles,Gyrista,Chrysophyceae,NA,NA,NA,NA,Stramenopiles
ASV_2916,0,0,0,0,0,0,0,0,0,0,0,0,0,0,0,0,0,0,0,0,0,0,0,0,0,0,0,0,0,0,0,15,0,0,0,0,0,0,0,0,0,0,0,0,0,Eukaryota,Obazoa,Opisthokonta,Fungi,NA,NA,NA,NA,NA,Opisthokonta_Unclassified
ASV_2917,0,0,0,0,0,0,0,0,0,0,0,0,0,0,0,0,0,0,0,0,0,0,0,0,0,0,0,0,0,0,0,15,0,0,0,0,0,0,0,0,0,0,0,0,0,Eukaryota,Obazoa,Opisthokonta,Fungi,Chytridiomycota,NA,NA,NA,NA,Opisthokonta_Chytridiomycota
ASV_2918,0,0,0,0,0,0,0,0,0,0,0,0,0,0,0,0,0,0,0,0,0,0,0,0,0,0,0,0,0,0,0,0,0,15,0,0,0,0,0,0,0,0,0,0,0,Eukaryota,TSAR,Rhizaria,Cercozoa,Novel-clade-10-12,Novel-clade-12,NC12B-lineage,NC12B-lineage_X,NC12B-lineage_X_sp.,Rhizaria
ASV_2919,0,0,0,0,0,0,0,0,0,0,0,0,0,0,0,0,0,0,0,0,0,0,0,0,0,0,0,0,0,0,0,0,0,0,0,0,15,0,0,0,0,0,0,0,0,Eukaryota,TSAR,Stramenopiles,Bigyra,Opalozoa,Opalozoa_X,MAST-12,MAST-12C,MAST-12C_sp.,Stramenopiles
ASV_2920,0,0,0,0,0,0,0,0,0,0,0,0,0,0,0,0,0,0,0,0,0,0,0,0,0,0,0,0,0,0,0,0,0,0,0,0,15,0,0,0,0,0,0,0,0,Eukaryota,TSAR,Stramenopiles,Gyrista,Bacillariophyceae,Naviculales,Stauroneidaceae,Stauroneis,Stauroneis_latistauros,Stramenopiles
ASV_2921,0,0,0,0,0,0,0,0,0,0,0,0,0,0,0,0,0,0,0,0,0,0,0,0,0,0,0,0,0,0,0,0,0,0,0,0,0,0,0,15,0,0,0,0,0,Eukaryota,Archaeplastida,Chlorophyta,Chlorophyta_X,Trebouxiophyceae,Chlorellales,Chlorellales_X,Micractinium,Micractinium_reisseri,Chlorophyta
ASV_2922,0,0,0,0,0,0,0,0,0,0,0,0,0,0,0,0,0,0,0,0,0,0,0,0,0,0,0,0,0,0,0,0,0,0,0,0,0,0,0,15,0,0,0,0,0,Eukaryota,TSAR,Stramenopiles,Gyrista,Chrysophyceae,Apoikiales,Apoikiaceae,Apoikia,Apoikia_sp.,Stramenopiles
ASV_2923,0,0,0,0,0,0,0,0,0,0,0,0,0,0,0,0,0,0,0,0,0,0,0,0,0,0,0,0,0,0,0,0,0,0,0,0,0,0,0,0,0,0,0,15,0,Eukaryota,TSAR,Alveolata,Dinoflagellata,Dinophyceae,Gonyaulacales,Ceratiaceae,Ceratium,Ceratium_hirundinella,Alveolata
ASV_2924,0,0,0,0,0,0,0,0,0,0,0,0,0,0,0,0,0,0,0,0,0,0,0,0,0,0,0,0,0,0,0,0,0,0,0,0,0,0,0,0,0,0,0,15,0,Eukaryota,Obazoa,Opisthokonta,Metazoa,Arthropoda,Crustacea,Maxillopoda,NA,NA,Opisthokonta_Arthropoda
ASV_2925,14,0,0,0,0,0,0,0,0,0,0,0,0,0,0,0,0,0,0,0,0,0,0,0,0,0,0,0,0,0,0,0,0,0,0,0,0,0,0,0,0,0,0,0,0,Eukaryota,Obazoa,Opisthokonta,Fungi,Chytridiomycota,Rhizophydiales,NA,NA,NA,Opisthokonta_Chytridiomycota
ASV_2926,0,14,0,0,0,0,0,0,0,0,0,0,0,0,0,0,0,0,0,0,0,0,0,0,0,0,0,0,0,0,0,0,0,0,0,0,0,0,0,0,0,0,0,0,0,Eukaryota,Obazoa,Opisthokonta,Fungi,Chytridiomycota,NA,NA,NA,NA,Opisthokonta_Chytridiomycota
ASV_2927,0,14,0,0,0,0,0,0,0,0,0,0,0,0,0,0,0,0,0,0,0,0,0,0,0,0,0,0,0,0,0,0,0,0,0,0,0,0,0,0,0,0,0,0,0,Eukaryota,Obazoa,Opisthokonta,NA,NA,NA,NA,NA,NA,Opisthokonta_Unclassified
ASV_2928,0,0,0,0,14,0,0,0,0,0,0,0,0,0,0,0,0,0,0,0,0,0,0,0,0,0,0,0,0,0,0,0,0,0,0,0,0,0,0,0,0,0,0,0,0,Eukaryota,TSAR,Stramenopiles,Bigyra,Opalozoa,Opalozoa_X,MAST-12,MAST-12C,MAST-12C_sp.,Stramenopiles
ASV_2929,0,0,0,0,0,0,14,0,0,0,0,0,0,0,0,0,0,0,0,0,0,0,0,0,0,0,0,0,0,0,0,0,0,0,0,0,0,0,0,0,0,0,0,0,0,Eukaryota,Archaeplastida,Chlorophyta,Chlorophyta_X,Trebouxiophyceae,Chlorellales,Chlorellales_X,NA,NA,Chlorophyta
ASV_2930,0,0,0,0,0,0,14,0,0,0,0,0,0,0,0,0,0,0,0,0,0,0,0,0,0,0,0,0,0,0,0,0,0,0,0,0,0,0,0,0,0,0,0,0,0,Eukaryota,Obazoa,Opisthokonta,Choanoflagellata,Choanoflagellatea,NA,NA,NA,NA,Opisthokonta_Choanoflagellatea
ASV_2931,0,0,0,0,0,0,14,0,0,0,0,0,0,0,0,0,0,0,0,0,0,0,0,0,0,0,0,0,0,0,0,0,0,0,0,0,0,0,0,0,0,0,0,0,0,Eukaryota,Obazoa,Opisthokonta,Fungi,NA,NA,NA,NA,NA,Opisthokonta_Unclassified
ASV_2932,0,0,0,0,0,0,14,0,0,0,0,0,0,0,0,0,0,0,0,0,0,0,0,0,0,0,0,0,0,0,0,0,0,0,0,0,0,0,0,0,0,0,0,0,0,Eukaryota,TSAR,Stramenopiles,Gyrista,Peronosporomycetes,Peronosporomycetes,Peronosporales,Peronosporales_X,Peronosporales_X_sp.,Stramenopiles
ASV_2933,0,0,0,0,0,0,0,0,0,0,0,14,0,0,0,0,0,0,0,0,0,0,0,0,0,0,0,0,0,0,0,0,0,0,0,0,0,0,0,0,0,0,0,0,0,Eukaryota,TSAR,Rhizaria,Cercozoa,Novel-clade-10-12,Novel-clade-10,Novel-clade-10_X,Novel-clade-10_XX,Novel-clade-10_XX_sp.,Rhizaria
ASV_2934,0,0,0,0,0,0,0,0,0,0,0,14,0,0,0,0,0,0,0,0,0,0,0,0,0,0,0,0,0,0,0,0,0,0,0,0,0,0,0,0,0,0,0,0,0,Eukaryota,Obazoa,Opisthokonta,Fungi,Chytridiomycota,Zygophlyctidales,Zygophlyctidaceae,Zygophlyctis,NA,Opisthokonta_Chytridiomycota
ASV_2935,0,0,0,0,0,0,0,0,0,0,0,0,0,14,0,0,0,0,0,0,0,0,0,0,0,0,0,0,0,0,0,0,0,0,0,0,0,0,0,0,0,0,0,0,0,Eukaryota,TSAR,Stramenopiles,Gyrista,Chrysophyceae,Ochromonadales,Ochromonadaceae,Poterioochromonas,NA,Stramenopiles
ASV_2936,0,0,0,0,0,0,0,0,0,0,0,0,0,0,0,14,0,0,0,0,0,0,0,0,0,0,0,0,0,0,0,0,0,0,0,0,0,0,0,0,0,0,0,0,0,Eukaryota,Obazoa,Opisthokonta,Fungi,Ascomycota,Pezizomycotina,Dothideomycetes,Phaeosphaeria,Phaeosphaeria_avenaria,Opisthokonta_Ascomycota
ASV_2937,0,0,0,0,0,0,0,0,0,0,0,0,0,0,0,0,14,0,0,0,0,0,0,0,0,0,0,0,0,0,0,0,0,0,0,0,0,0,0,0,0,0,0,0,0,Eukaryota,Obazoa,Opisthokonta,Fungi,Basidiomycota,Agaricomycotina,Tremellomycetes,Trimorphomyces,Trimorphomyces_papilionaceus,Opisthokonta_Basidiomycota
ASV_2938,0,0,0,0,0,0,0,0,0,0,0,0,0,0,0,0,14,0,0,0,0,0,0,0,0,0,0,0,0,0,0,0,0,0,0,0,0,0,0,0,0,0,0,0,0,Eukaryota,Obazoa,Opisthokonta,Fungi,Chytridiomycota,Rhizophydiales,Rhizophydiaceae,Rhizophydium,Rhizophydium_sp.,Opisthokonta_Chytridiomycota
ASV_2939,0,0,0,0,0,0,0,0,0,0,0,0,0,0,0,0,14,0,0,0,0,0,0,0,0,0,0,0,0,0,0,0,0,0,0,0,0,0,0,0,0,0,0,0,0,Eukaryota,Obazoa,Opisthokonta,Choanoflagellata,Choanoflagellatea,Craspedida,Monosigidae_Group_A,Codosiga,Codosiga_botrytis,Opisthokonta_Choanoflagellatea
ASV_2940,0,0,0,0,0,0,0,0,0,0,0,0,0,0,0,0,14,0,0,0,0,0,0,0,0,0,0,0,0,0,0,0,0,0,0,0,0,0,0,0,0,0,0,0,0,Eukaryota,Obazoa,Opisthokonta,Fungi,Zoopagomycota,Entomophthoromycotina,Entomophthoromycotina_X,Pandora,NA,Opisthokonta_Zoopagomycota
ASV_2941,0,0,0,0,0,0,0,0,0,0,0,0,0,0,0,0,0,14,0,0,0,0,0,0,0,0,0,0,0,0,0,0,0,0,0,0,0,0,0,0,0,0,0,0,0,Eukaryota,NA,NA,NA,NA,NA,NA,NA,NA,NA
ASV_2942,0,0,0,0,0,0,0,0,0,0,0,0,0,0,0,0,0,0,14,0,0,0,0,0,0,0,0,0,0,0,0,0,0,0,0,0,0,0,0,0,0,0,0,0,0,Eukaryota,NA,NA,NA,NA,NA,NA,NA,NA,NA
ASV_2943,0,0,0,0,0,0,0,0,0,0,0,0,0,0,0,0,0,0,14,0,0,0,0,0,0,0,0,0,0,0,0,0,0,0,0,0,0,0,0,0,0,0,0,0,0,Eukaryota,Obazoa,Opisthokonta,Fungi,Chytridiomycota,Rhizophydiales,Rhizophydiales_X,Rhizophydiales_XX,Rhizophydiales_XX_sp.,Opisthokonta_Chytridiomycota
ASV_2944,0,0,0,0,0,0,0,0,0,0,0,0,0,0,0,0,0,0,0,14,0,0,0,0,0,0,0,0,0,0,0,0,0,0,0,0,0,0,0,0,0,0,0,0,0,Eukaryota,TSAR,Stramenopiles,Gyrista,Eustigmatophyceae,Eustigmatophyceae_X,Eustigmatophyceae_XX,Trachydiscus,Trachydiscus_sp.,Stramenopiles
ASV_2945,0,0,0,0,0,0,0,0,0,0,0,0,0,0,0,0,0,0,0,14,0,0,0,0,0,0,0,0,0,0,0,0,0,0,0,0,0,0,0,0,0,0,0,0,0,Eukaryota,Obazoa,Opisthokonta,Fungi,Chytridiomycota,Monoblepharidales,Monoblepharidaceae,Monoblepharis,Monoblepharis_sp.,Opisthokonta_Chytridiomycota
ASV_2946,0,0,0,0,0,0,0,0,0,0,0,0,0,0,0,0,0,0,0,14,0,0,0,0,0,0,0,0,0,0,0,0,0,0,0,0,0,0,0,0,0,0,0,0,0,Eukaryota,Obazoa,Opisthokonta,Fungi,Ascomycota,Pezizomycotina,Dothideomycetes,Phaeoisariopsis,Phaeoisariopsis_griseola,Opisthokonta_Ascomycota
ASV_2947,0,0,0,0,0,0,0,0,0,0,0,0,0,0,0,0,0,0,0,14,0,0,0,0,0,0,0,0,0,0,0,0,0,0,0,0,0,0,0,0,0,0,0,0,0,Eukaryota,Obazoa,Opisthokonta,Fungi,Ascomycota,Pezizomycotina,Dothideomycetes,NA,NA,Opisthokonta_Ascomycota
ASV_2948,0,0,0,0,0,0,0,0,0,0,0,0,0,0,0,0,0,0,0,0,0,14,0,0,0,0,0,0,0,0,0,0,0,0,0,0,0,0,0,0,0,0,0,0,0,Eukaryota,TSAR,Stramenopiles,Bigyra,Bicoecea,Pseudodendromonadales,Pseudodendromonadales_X,Pseudodendromonadales_XX,Pseudodendromonadales_XX_sp.,Stramenopiles
ASV_2949,0,0,0,0,0,0,0,0,0,0,0,0,0,0,0,0,0,0,0,0,0,0,0,14,0,0,0,0,0,0,0,0,0,0,0,0,0,0,0,0,0,0,0,0,0,Eukaryota,Obazoa,Opisthokonta,Fungi,Basidiomycota,Agaricomycotina,Agaricomycetes,NA,NA,Opisthokonta_Basidiomycota
ASV_2950,0,0,0,0,0,0,0,0,0,0,0,0,0,0,0,0,0,0,0,0,0,0,0,0,14,0,0,0,0,0,0,0,0,0,0,0,0,0,0,0,0,0,0,0,0,Eukaryota,TSAR,Rhizaria,Cercozoa,Endomyxa,Vampyrellida,Leptophryidae,NA,NA,Rhizaria
ASV_2951,0,0,0,0,0,0,0,0,0,0,0,0,0,0,0,0,0,0,0,0,0,0,0,0,14,0,0,0,0,0,0,0,0,0,0,0,0,0,0,0,0,0,0,0,0,Eukaryota,Cryptista,Cryptophyta,Cryptophyta_X,Cryptophyceae,Goniomonadales,Goniomonadales_X,Goniomonas,Goniomonas_truncata,Cryptophyta
ASV_2952,0,0,0,0,0,0,0,0,0,0,0,0,0,0,0,0,0,0,0,0,0,0,0,0,5,9,0,0,0,0,0,0,0,0,0,0,0,0,0,0,0,0,0,0,0,Eukaryota,TSAR,Stramenopiles,Gyrista,Chrysophyceae,Synurales,Synuraceae,Mallomonas,NA,Stramenopiles
ASV_2953,0,0,0,0,0,0,0,0,0,0,0,0,0,0,0,0,0,0,0,0,0,0,0,0,0,14,0,0,0,0,0,0,0,0,0,0,0,0,0,0,0,0,0,0,0,Eukaryota,TSAR,Stramenopiles,Gyrista,NA,NA,NA,NA,NA,Stramenopiles
ASV_2954,0,0,0,0,0,0,0,0,0,0,0,0,0,0,0,0,0,0,0,0,0,0,0,0,0,0,0,0,0,14,0,0,0,0,0,0,0,0,0,0,0,0,0,0,0,Eukaryota,Cryptista,Cryptophyta,Cryptophyta_X,Cryptophyceae,Cryptomonadales,Cryptomonadales_X,Cryptomonas,Cryptomonas_curvata,Cryptophyta
ASV_2955,0,0,0,0,0,0,0,0,0,0,0,0,0,0,0,0,0,0,0,0,0,0,0,0,0,0,0,0,0,0,14,0,0,0,0,0,0,0,0,0,0,0,0,0,0,Eukaryota,Obazoa,Opisthokonta,Metazoa,Arthropoda,Crustacea,Maxillopoda,NA,NA,Opisthokonta_Arthropoda
ASV_2956,0,0,0,0,0,0,0,0,0,0,0,0,0,0,0,0,0,0,0,0,0,0,0,0,0,0,0,0,0,0,14,0,0,0,0,0,0,0,0,0,0,0,0,0,0,Eukaryota,TSAR,Rhizaria,Cercozoa,Novel-clade-10-12,Tremulida,Tremulidae,Tremula,Tremula_sp.,Rhizaria
ASV_2957,0,0,0,0,0,0,0,0,0,0,0,0,0,0,0,0,0,0,0,0,0,0,0,0,0,0,0,0,0,0,0,0,0,14,0,0,0,0,0,0,0,0,0,0,0,Eukaryota,Cryptista,Cryptophyta,Cryptophyta_X,Cryptophyceae,Cryptophyceae_X,Basal_Cryptophyceae-1,Basal_Cryptophyceae-1_X,Basal_Cryptophyceae-1_X_sp.,Cryptophyta
ASV_2958,0,0,0,0,0,0,0,0,0,0,0,0,0,0,0,0,0,0,0,0,0,0,0,0,0,0,0,0,0,0,0,0,0,14,0,0,0,0,0,0,0,0,0,0,0,Eukaryota,NA,NA,NA,NA,NA,NA,NA,NA,NA
ASV_2959,0,0,0,0,0,0,0,0,0,0,0,0,0,0,0,0,0,0,0,0,0,0,0,0,0,0,0,0,0,0,0,0,0,0,0,0,0,0,14,0,0,0,0,0,0,Eukaryota,TSAR,Alveolata,Ciliophora,Spirotrichea,Hypotrichia,Oxytrichidae,NA,NA,Alveolata
ASV_2960,0,0,0,0,0,0,0,0,0,0,0,0,0,0,0,0,0,0,0,0,0,0,0,0,0,0,0,0,0,0,0,0,0,0,0,0,0,0,0,0,14,0,0,0,0,Eukaryota,Obazoa,Opisthokonta,Metazoa,Arthropoda,Crustacea,Maxillopoda,Macrocyclops,Macrocyclops_albidus,Opisthokonta_Arthropoda
ASV_2961,0,0,0,0,0,0,0,0,0,0,0,0,0,0,0,0,0,0,0,0,0,0,0,0,0,0,0,0,0,0,0,0,0,0,0,0,0,0,0,0,0,14,0,0,0,Eukaryota,NA,NA,NA,NA,NA,NA,NA,NA,NA
ASV_2962,0,0,0,0,0,0,0,0,0,0,0,0,0,0,0,0,0,0,0,0,0,0,0,0,0,0,0,0,0,0,0,0,0,0,0,0,0,0,0,0,0,14,0,0,0,Eukaryota,TSAR,Stramenopiles,Bigyra,Opalozoa,Opalozoa_X,MAST-12,MAST-12C,MAST-12C_sp.,Stramenopiles
ASV_2963,0,0,13,0,0,0,0,0,0,0,0,0,0,0,0,0,0,0,0,0,0,0,0,0,0,0,0,0,0,0,0,0,0,0,0,0,0,0,0,0,0,0,0,0,0,Eukaryota,Obazoa,Opisthokonta,Fungi,NA,NA,NA,NA,NA,Opisthokonta_Unclassified
ASV_2964,0,0,13,0,0,0,0,0,0,0,0,0,0,0,0,0,0,0,0,0,0,0,0,0,0,0,0,0,0,0,0,0,0,0,0,0,0,0,0,0,0,0,0,0,0,Eukaryota,TSAR,Stramenopiles,Gyrista,Peronosporomycetes,Peronosporomycetes,Peronosporales,Peronosporales_X,Peronosporales_X_sp.,Stramenopiles
ASV_2965,0,0,13,0,0,0,0,0,0,0,0,0,0,0,0,0,0,0,0,0,0,0,0,0,0,0,0,0,0,0,0,0,0,0,0,0,0,0,0,0,0,0,0,0,0,Eukaryota,Obazoa,Opisthokonta,Fungi,Ascomycota,Pezizomycotina,Sordariomycetes,Lasiosphaeris,Lasiosphaeris_hispida,Opisthokonta_Ascomycota
ASV_2966,0,0,0,13,0,0,0,0,0,0,0,0,0,0,0,0,0,0,0,0,0,0,0,0,0,0,0,0,0,0,0,0,0,0,0,0,0,0,0,0,0,0,0,0,0,Eukaryota,Obazoa,Opisthokonta,Fungi,Ascomycota,Pezizomycotina,Dothideomycetes,NA,NA,Opisthokonta_Ascomycota
ASV_2967,0,0,0,0,13,0,0,0,0,0,0,0,0,0,0,0,0,0,0,0,0,0,0,0,0,0,0,0,0,0,0,0,0,0,0,0,0,0,0,0,0,0,0,0,0,Eukaryota,Archaeplastida,Chlorophyta,Chlorophyta_X,Trebouxiophyceae,Chlorellales,Chlorellales_X,Ooplanctella,Ooplanctella_planoconvexa,Chlorophyta
ASV_2968,0,0,0,0,0,0,0,13,0,0,0,0,0,0,0,0,0,0,0,0,0,0,0,0,0,0,0,0,0,0,0,0,0,0,0,0,0,0,0,0,0,0,0,0,0,Eukaryota,NA,NA,NA,NA,NA,NA,NA,NA,NA
ASV_2969,0,0,0,0,0,0,0,0,0,0,0,13,0,0,0,0,0,0,0,0,0,0,0,0,0,0,0,0,0,0,0,0,0,0,0,0,0,0,0,0,0,0,0,0,0,Eukaryota,Obazoa,Opisthokonta,Fungi,Chytridiomycota,Zygophlyctidales,Zygophlyctidaceae,Zygophlyctis,NA,Opisthokonta_Chytridiomycota
ASV_2970,0,0,0,0,0,0,0,0,0,0,0,0,0,0,13,0,0,0,0,0,0,0,0,0,0,0,0,0,0,0,0,0,0,0,0,0,0,0,0,0,0,0,0,0,0,Eukaryota,Archaeplastida,Chlorophyta,Chlorophyta_X,Chlorophyceae,Chlamydomonadales,Chlamydomonadales_X,Protosiphon,Protosiphon_botryoides,Chlorophyta
ASV_2971,0,0,0,0,0,0,0,0,0,0,0,0,0,0,0,0,13,0,0,0,0,0,0,0,0,0,0,0,0,0,0,0,0,0,0,0,0,0,0,0,0,0,0,0,0,Eukaryota,Archaeplastida,Chlorophyta,Chlorophyta_X,Chlorophyceae,Chlamydomonadales,Chlamydomonadales_X,Chlamydomonas,Chlamydomonas_monadina,Chlorophyta
ASV_2972,0,0,0,0,0,0,0,0,0,0,0,0,0,0,0,0,13,0,0,0,0,0,0,0,0,0,0,0,0,0,0,0,0,0,0,0,0,0,0,0,0,0,0,0,0,Eukaryota,TSAR,Rhizaria,Cercozoa,Filosa-SarcomoNAdea,Glissomonadida,Allapsidae,Viridiraptor,Viridiraptor_invadens,Rhizaria
ASV_2973,0,0,0,0,0,0,0,0,0,0,0,0,0,0,0,0,7,0,6,0,0,0,0,0,0,0,0,0,0,0,0,0,0,0,0,0,0,0,0,0,0,0,0,0,0,Eukaryota,TSAR,Rhizaria,Cercozoa,Filosa-SarcomoNAdea,NA,NA,NA,NA,Rhizaria
ASV_2974,0,0,0,0,0,0,0,0,0,0,0,0,0,0,0,0,0,13,0,0,0,0,0,0,0,0,0,0,0,0,0,0,0,0,0,0,0,0,0,0,0,0,0,0,0,Eukaryota,TSAR,Stramenopiles,Gyrista,Peronosporomycetes,Peronosporomycetes,Saprolegniales,Aphanomyces,Aphanomyces_invadans,Stramenopiles
ASV_2975,0,0,0,0,0,0,0,0,0,0,0,0,0,0,0,0,0,0,13,0,0,0,0,0,0,0,0,0,0,0,0,0,0,0,0,0,0,0,0,0,0,0,0,0,0,Eukaryota,TSAR,Rhizaria,Cercozoa,Filosa-SarcomoNAdea,Cercomonadida,Paracercomonadidae,Paracercomonas,Paracercomonas_sp.,Rhizaria
ASV_2976,0,0,0,0,0,0,0,0,0,0,0,0,0,0,0,0,0,0,13,0,0,0,0,0,0,0,0,0,0,0,0,0,0,0,0,0,0,0,0,0,0,0,0,0,0,Eukaryota,TSAR,Stramenopiles,Gyrista,Hyphochytriomyceta,Hyphochytriales,Hyphochytrydiales_X,Hyphochytrydiales_XX,Hyphochytrydiales_XX_sp.,Stramenopiles
ASV_2977,0,0,0,0,0,0,0,0,0,0,0,0,0,0,0,0,0,0,13,0,0,0,0,0,0,0,0,0,0,0,0,0,0,0,0,0,0,0,0,0,0,0,0,0,0,Eukaryota,NA,NA,NA,NA,NA,NA,NA,NA,NA
ASV_2978,0,0,0,0,0,0,0,0,0,0,0,0,0,0,0,0,0,0,13,0,0,0,0,0,0,0,0,0,0,0,0,0,0,0,0,0,0,0,0,0,0,0,0,0,0,Eukaryota,TSAR,Alveolata,Ciliophora,Oligohymenophorea,Scuticociliatia_2,Scuticociliatia_2_X,Scuticociliatia_2_XX,Scuticociliatia_2_XX_sp.,Alveolata
ASV_2979,0,0,0,0,0,0,0,0,0,0,0,0,0,0,0,0,0,0,0,13,0,0,0,0,0,0,0,0,0,0,0,0,0,0,0,0,0,0,0,0,0,0,0,0,0,Eukaryota,TSAR,Stramenopiles,Gyrista,Chrysophyceae,Synurales,Synuraceae,Mallomonas,NA,Stramenopiles
ASV_2980,0,0,0,0,0,0,0,0,0,0,0,0,0,0,0,0,0,0,0,0,0,13,0,0,0,0,0,0,0,0,0,0,0,0,0,0,0,0,0,0,0,0,0,0,0,Eukaryota,TSAR,Alveolata,Dinoflagellata,Dinophyceae,Suessiales,Borghiellaceae,Baldinia,Baldinia_sp.,Alveolata
ASV_2981,0,0,0,0,0,0,0,0,0,0,0,0,0,0,0,0,0,0,0,0,0,0,13,0,0,0,0,0,0,0,0,0,0,0,0,0,0,0,0,0,0,0,0,0,0,Eukaryota,Obazoa,Opisthokonta,Fungi,Ascomycota,Pezizomycotina,Leotiomycetes,Erysiphe,Erysiphe_pisi,Opisthokonta_Ascomycota
ASV_2982,0,0,0,0,0,0,0,0,0,0,0,0,0,0,0,0,0,0,0,0,0,0,13,0,0,0,0,0,0,0,0,0,0,0,0,0,0,0,0,0,0,0,0,0,0,Eukaryota,TSAR,Stramenopiles,Gyrista,Bacillariophyceae,Rhabdonematales,Tabellariaceae,Diatoma,NA,Stramenopiles
ASV_2983,0,0,0,0,0,0,0,0,0,0,0,0,0,0,0,0,0,0,0,0,0,0,13,0,0,0,0,0,0,0,0,0,0,0,0,0,0,0,0,0,0,0,0,0,0,Eukaryota,Archaeplastida,Chlorophyta,Chlorophyta_X,Trebouxiophyceae,Trebouxiophyceae_X,Trebouxiophyceae_XX,Botryococcus,Botryococcus_terribilis,Chlorophyta
ASV_2984,0,0,0,0,0,0,0,0,0,0,0,0,0,0,0,0,0,0,0,0,0,0,13,0,0,0,0,0,0,0,0,0,0,0,0,0,0,0,0,0,0,0,0,0,0,Eukaryota,Obazoa,Opisthokonta,Fungi,Chytridiomycota,NA,NA,NA,NA,Opisthokonta_Chytridiomycota
ASV_2985,0,0,0,0,0,0,0,0,0,0,0,0,0,0,0,0,0,0,0,0,0,0,0,13,0,0,0,0,0,0,0,0,0,0,0,0,0,0,0,0,0,0,0,0,0,Eukaryota,Obazoa,Opisthokonta,Fungi,NA,NA,NA,NA,NA,Opisthokonta_Unclassified
ASV_2986,0,0,0,0,0,0,0,0,0,0,0,0,0,0,0,0,0,0,0,0,0,0,0,0,13,0,0,0,0,0,0,0,0,0,0,0,0,0,0,0,0,0,0,0,0,Eukaryota,NA,NA,NA,NA,NA,NA,NA,NA,NA
ASV_2987,0,0,0,0,0,0,0,0,0,0,0,0,0,0,0,0,0,0,0,0,0,0,0,0,0,13,0,0,0,0,0,0,0,0,0,0,0,0,0,0,0,0,0,0,0,Eukaryota,TSAR,Stramenopiles,Gyrista,Chrysophyceae,NA,NA,NA,NA,Stramenopiles
ASV_2988,0,0,0,0,0,0,0,0,0,0,0,0,0,0,0,0,0,0,0,0,0,0,0,0,0,13,0,0,0,0,0,0,0,0,0,0,0,0,0,0,0,0,0,0,0,Eukaryota,CRuMs,Rigifilida,Rigifilida_X,Rigifilida_XX,Rigifilida_XXX,Rigifilida_XXXX,Micronuclearia,Micronuclearia_podoventralis,Rigifilida
ASV_2989,0,0,0,0,0,0,0,0,0,0,0,0,0,0,0,0,0,0,0,0,0,0,0,0,0,0,13,0,0,0,0,0,0,0,0,0,0,0,0,0,0,0,0,0,0,Eukaryota,TSAR,Stramenopiles,Gyrista,Eustigmatophyceae,Eustigmatophyceae_X,Eustigmatophyceae_XX,Goniochloris,Goniochloris_mutica,Stramenopiles
ASV_2990,0,0,0,0,0,0,0,0,0,0,0,0,0,0,0,0,0,0,0,0,0,0,0,0,0,0,0,0,0,13,0,0,0,0,0,0,0,0,0,0,0,0,0,0,0,Eukaryota,TSAR,Stramenopiles,Bigyra,Bicoecea,Pseudodendromonadales,Pseudodendromonadales_X,Pseudodendromonadales_XX,Pseudodendromonadales_XX_sp.,Stramenopiles
ASV_2991,0,0,0,0,0,0,0,0,0,0,0,0,0,0,0,0,0,0,0,0,0,0,0,0,0,0,0,0,0,13,0,0,0,0,0,0,0,0,0,0,0,0,0,0,0,Eukaryota,TSAR,Stramenopiles,Gyrista,Raphidophyceae,Raphidophyceae_X,Raphidophyceae_XX,Vacuolaria,Vacuolaria_virescens,Stramenopiles
ASV_2992,0,0,0,0,0,0,0,0,0,0,0,0,0,0,0,0,0,0,0,0,0,0,0,0,0,0,0,0,0,0,13,0,0,0,0,0,0,0,0,0,0,0,0,0,0,Eukaryota,TSAR,Alveolata,Dinoflagellata,Dinophyceae,Suessiales,Borghiellaceae,Phytodinium,Phytodinium_sp.,Alveolata
ASV_2993,0,0,0,0,0,0,0,0,0,0,0,0,0,0,0,0,0,0,0,0,0,0,0,0,0,0,0,0,0,0,13,0,0,0,0,0,0,0,0,0,0,0,0,0,0,Eukaryota,Archaeplastida,Chlorophyta,Chlorophyta_X,Ulvophyceae,Ulotrichales,Ulotrichales_X,Trichosarcina,Trichosarcina_polymorpha,Chlorophyta
ASV_2994,0,0,0,0,0,0,0,0,0,0,0,0,0,0,0,0,0,0,0,0,0,0,0,0,0,0,0,0,0,0,0,0,0,13,0,0,0,0,0,0,0,0,0,0,0,Eukaryota,Obazoa,Opisthokonta,Fungi,Chytridiomycota,NA,NA,NA,NA,Opisthokonta_Chytridiomycota
ASV_2995,0,0,0,0,0,0,0,0,0,0,0,0,0,0,0,0,0,0,0,0,0,0,0,0,0,0,0,0,0,0,0,0,0,13,0,0,0,0,0,0,0,0,0,0,0,Eukaryota,Obazoa,Opisthokonta,Metazoa,Gastrotricha,Gastrotricha_X,Gastrotricha_XX,NA,NA,Opisthokonta_Gastrotricha
ASV_2996,0,0,0,0,0,0,0,0,0,0,0,0,0,0,0,0,0,0,0,0,0,0,0,0,0,0,0,0,0,0,0,0,0,13,0,0,0,0,0,0,0,0,0,0,0,Eukaryota,Obazoa,Opisthokonta,Fungi,NA,NA,NA,NA,NA,Opisthokonta_Unclassified
ASV_2997,0,0,0,0,0,0,0,0,0,0,0,0,0,0,0,0,0,0,0,0,0,0,0,0,0,0,0,0,0,0,0,0,0,13,0,0,0,0,0,0,0,0,0,0,0,Eukaryota,TSAR,Alveolata,Ciliophora,Litostomatea,Litostomatea_X,Litostomatea_XX,NA,NA,Alveolata
ASV_2998,0,0,0,0,0,0,0,0,0,0,0,0,0,0,0,0,0,0,0,0,0,0,0,0,0,0,0,0,0,0,0,0,0,13,0,0,0,0,0,0,0,0,0,0,0,Eukaryota,TSAR,Stramenopiles,Bigyra,Bicoecea,Pseudodendromonadales,Pseudodendromonadales_X,Pseudodendromonadales_XX,Pseudodendromonadales_XX_sp.,Stramenopiles
ASV_2999,0,0,0,0,0,0,0,0,0,0,0,0,0,0,0,0,0,0,0,0,0,0,0,0,0,0,0,0,0,0,0,0,0,13,0,0,0,0,0,0,0,0,0,0,0,Eukaryota,Obazoa,Opisthokonta,Fungi,Ascomycota,Pezizomycotina,Sordariomycetes,Jattaea,Jattaea_prunicola,Opisthokonta_Ascomycota
ASV_3000,0,0,0,0,0,0,0,0,0,0,0,0,0,0,0,0,0,0,0,0,0,0,0,0,0,0,0,0,0,0,0,0,0,0,0,13,0,0,0,0,0,0,0,0,0,Eukaryota,Obazoa,Opisthokonta,Metazoa,Arthropoda,Crustacea,Maxillopoda,Eudiaptomus,Eudiaptomus_graciloides,Opisthokonta_Arthropoda
ASV_3001,0,0,0,0,0,0,0,0,0,0,0,0,0,0,0,0,0,0,0,0,0,0,0,0,0,0,0,0,0,0,0,0,0,0,0,0,13,0,0,0,0,0,0,0,0,Eukaryota,TSAR,Rhizaria,Cercozoa,Filosa-SarcomoNAdea,Pansomonadida,Agitatidae,Agitatidae_X,Agitatidae_X_sp.,Rhizaria
ASV_3002,0,0,0,0,0,0,0,0,0,0,0,0,0,0,0,0,0,0,0,0,0,0,0,0,0,0,0,0,0,0,0,0,0,0,0,0,13,0,0,0,0,0,0,0,0,Eukaryota,Obazoa,Opisthokonta,Ichthyosporea,Ichthyophonida,Ichthyophonidae,Amoebidianae,Amoebidium,Amoebidium_parasiticum,Opisthokonta_Ichthyophonida
ASV_3003,0,0,0,0,0,0,0,0,0,0,0,0,0,0,0,0,0,0,0,0,0,0,0,0,0,0,0,0,0,0,0,0,0,0,0,0,13,0,0,0,0,0,0,0,0,Eukaryota,Cryptista,Cryptophyta,Cryptophyta_X,Cryptophyceae,Cryptomonadales,Cryptomonadales_X,Cryptomonas,NA,Cryptophyta
ASV_3004,0,0,0,0,0,0,0,0,0,0,0,0,0,0,0,0,0,0,0,0,0,0,0,0,0,0,0,0,0,0,0,0,0,0,0,0,0,13,0,0,0,0,0,0,0,Eukaryota,Obazoa,Opisthokonta,Metazoa,Arthropoda,Crustacea,Ostracoda,NA,NA,Opisthokonta_Arthropoda
ASV_3005,0,0,0,0,0,0,0,0,0,0,0,0,0,0,0,0,0,0,0,0,0,0,0,0,0,0,0,0,0,0,0,0,0,0,0,0,0,0,0,0,0,13,0,0,0,Eukaryota,TSAR,Stramenopiles,Bigyra,Bicoecea,Pseudodendromonadales,Pseudodendromonadales_X,Pseudodendromonadales_XX,Pseudodendromonadales_XX_sp.,Stramenopiles
ASV_3006,8,0,0,0,0,0,0,0,0,0,0,0,0,0,0,0,0,0,0,0,0,0,0,0,0,0,0,0,0,0,0,0,4,0,0,0,0,0,0,0,0,0,0,0,0,Eukaryota,Obazoa,Opisthokonta,Metazoa,Arthropoda,Crustacea,Maxillopoda,NA,NA,Opisthokonta_Arthropoda
ASV_3007,0,0,0,12,0,0,0,0,0,0,0,0,0,0,0,0,0,0,0,0,0,0,0,0,0,0,0,0,0,0,0,0,0,0,0,0,0,0,0,0,0,0,0,0,0,Eukaryota,Archaeplastida,Chlorophyta,Chlorophyta_X,Chlorophyceae,Sphaeropleales,Sphaeropleales_X,NA,NA,Chlorophyta
ASV_3008,0,0,0,0,0,0,0,0,0,0,12,0,0,0,0,0,0,0,0,0,0,0,0,0,0,0,0,0,0,0,0,0,0,0,0,0,0,0,0,0,0,0,0,0,0,Eukaryota,TSAR,Rhizaria,Cercozoa,Filosa-SarcomoNAdea,Cercomonadida,Paracercomonadidae,Paracercomonas,NA,Rhizaria
ASV_3009,0,0,0,0,0,0,0,0,0,0,12,0,0,0,0,0,0,0,0,0,0,0,0,0,0,0,0,0,0,0,0,0,0,0,0,0,0,0,0,0,0,0,0,0,0,Eukaryota,Obazoa,Opisthokonta,Fungi,Basidiomycota,Agaricomycotina,Tremellomycetes,Papiliotrema,Papiliotrema_laurentii,Opisthokonta_Basidiomycota
ASV_3010,0,0,0,0,0,0,0,0,0,0,0,0,12,0,0,0,0,0,0,0,0,0,0,0,0,0,0,0,0,0,0,0,0,0,0,0,0,0,0,0,0,0,0,0,0,Eukaryota,Archaeplastida,Chlorophyta,Chlorophyta_X,Chlorophyceae,Chlamydomonadales,Chlamydomonadales_X,NA,NA,Chlorophyta
ASV_3011,0,0,0,0,0,0,0,0,0,0,0,0,12,0,0,0,0,0,0,0,0,0,0,0,0,0,0,0,0,0,0,0,0,0,0,0,0,0,0,0,0,0,0,0,0,Eukaryota,TSAR,Stramenopiles,Bigyra,Bicoecea,Pseudodendromonadales,Pseudodendromonadales_X,NA,NA,Stramenopiles
ASV_3012,0,0,0,0,0,0,0,0,0,0,0,0,12,0,0,0,0,0,0,0,0,0,0,0,0,0,0,0,0,0,0,0,0,0,0,0,0,0,0,0,0,0,0,0,0,Eukaryota,Archaeplastida,Chlorophyta,Chlorophyta_X,Chlorophyceae,Chlamydomonadales,Chlamydomonadales_X,NA,NA,Chlorophyta
ASV_3013,0,0,0,0,0,0,0,0,0,0,0,0,0,12,0,0,0,0,0,0,0,0,0,0,0,0,0,0,0,0,0,0,0,0,0,0,0,0,0,0,0,0,0,0,0,Eukaryota,Cryptista,Cryptophyta,Cryptophyta_X,Cryptophyceae,Cryptomonadales,Cryptomonadales_X,Komma,Komma_caudata,Cryptophyta
ASV_3014,0,0,0,0,0,0,0,0,0,0,0,0,0,0,12,0,0,0,0,0,0,0,0,0,0,0,0,0,0,0,0,0,0,0,0,0,0,0,0,0,0,0,0,0,0,Eukaryota,Obazoa,Opisthokonta,Fungi,Ascomycota,Pezizomycotina,Sordariomycetes,Myrothecium,Myrothecium_cinctum,Opisthokonta_Ascomycota
ASV_3015,0,0,0,0,0,0,0,0,0,0,0,0,0,0,0,0,12,0,0,0,0,0,0,0,0,0,0,0,0,0,0,0,0,0,0,0,0,0,0,0,0,0,0,0,0,Eukaryota,Archaeplastida,Streptophyta,Streptophyta_X,Zygnemophyceae, Zygnemophyceae, ZygnemophyceaeX,Cosmarium,Cosmarium_lundellii,Streptophyta
ASV_3016,0,0,0,0,0,0,0,0,0,0,0,0,0,0,0,0,12,0,0,0,0,0,0,0,0,0,0,0,0,0,0,0,0,0,0,0,0,0,0,0,0,0,0,0,0,Eukaryota,Obazoa,NA,NA,NA,NA,NA,NA,NA,NA
ASV_3017,0,0,0,0,0,0,0,0,0,0,0,0,0,0,0,0,12,0,0,0,0,0,0,0,0,0,0,0,0,0,0,0,0,0,0,0,0,0,0,0,0,0,0,0,0,Eukaryota,Obazoa,Opisthokonta,Fungi,Ascomycota,Pezizomycotina,Sordariomycetes,NA,NA,Opisthokonta_Ascomycota
ASV_3018,0,0,0,0,0,0,0,0,0,0,0,0,0,0,0,0,4,0,0,0,0,0,0,0,0,0,0,0,0,0,0,8,0,0,0,0,0,0,0,0,0,0,0,0,0,Eukaryota,Archaeplastida,Chlorophyta,Chlorophyta_X,Chlorophyceae,Chaetophorales,Chaetophorales_X,Chaetophora,Chaetophora_elegans,Chlorophyta
ASV_3019,0,0,0,0,0,0,0,0,0,0,0,0,0,0,0,0,0,0,12,0,0,0,0,0,0,0,0,0,0,0,0,0,0,0,0,0,0,0,0,0,0,0,0,0,0,Eukaryota,TSAR,Rhizaria,Cercozoa,Endomyxa,Vampyrellida,Leptophryidae,NA,NA,Rhizaria
ASV_3020,0,0,0,0,0,0,0,0,0,0,0,0,0,0,0,0,0,0,12,0,0,0,0,0,0,0,0,0,0,0,0,0,0,0,0,0,0,0,0,0,0,0,0,0,0,Eukaryota,Obazoa,Opisthokonta,Fungi,NA,NA,NA,NA,NA,Opisthokonta_Unclassified
ASV_3021,0,0,0,0,0,0,0,0,0,0,0,0,0,0,0,0,0,0,12,0,0,0,0,0,0,0,0,0,0,0,0,0,0,0,0,0,0,0,0,0,0,0,0,0,0,Eukaryota,Archaeplastida,Chlorophyta,Chlorophyta_X,Chlorophyceae,Oedogoniales,Oedogoniales_X,Oedogonium,NA,Chlorophyta
ASV_3022,0,0,0,0,0,0,0,0,0,0,0,0,0,0,0,0,0,0,12,0,0,0,0,0,0,0,0,0,0,0,0,0,0,0,0,0,0,0,0,0,0,0,0,0,0,Eukaryota,Obazoa,Opisthokonta,Fungi,NA,NA,NA,NA,NA,Opisthokonta_Unclassified
ASV_3023,0,0,0,0,0,0,0,0,0,0,0,0,0,0,0,0,0,0,12,0,0,0,0,0,0,0,0,0,0,0,0,0,0,0,0,0,0,0,0,0,0,0,0,0,0,Eukaryota,Obazoa,Opisthokonta,Choanoflagellata,Choanoflagellatea,NA,NA,NA,NA,Opisthokonta_Choanoflagellatea
ASV_3024,0,0,0,0,0,0,0,0,0,0,0,0,0,0,0,0,0,0,12,0,0,0,0,0,0,0,0,0,0,0,0,0,0,0,0,0,0,0,0,0,0,0,0,0,0,Eukaryota,Obazoa,Opisthokonta,Fungi,Rozellomycota,Rozellomycota_X,Rozellomycota_XX,Rozella,Rozella_multimorpha,Opisthokonta_Rozellomycota
ASV_3025,0,0,0,0,0,0,0,0,0,0,0,0,0,0,0,0,0,0,0,12,0,0,0,0,0,0,0,0,0,0,0,0,0,0,0,0,0,0,0,0,0,0,0,0,0,Eukaryota,Archaeplastida,Streptophyta,Streptophyta_X,Zygnemophyceae, Zygnemophyceae, ZygnemophyceaeX,Closterium,Closterium_sp.,Streptophyta
ASV_3026,0,0,0,0,0,0,0,0,0,0,0,0,0,0,0,0,0,0,0,12,0,0,0,0,0,0,0,0,0,0,0,0,0,0,0,0,0,0,0,0,0,0,0,0,0,Eukaryota,Obazoa,Opisthokonta,Fungi,NA,NA,NA,NA,NA,Opisthokonta_Unclassified
ASV_3027,0,0,0,0,0,0,0,0,0,0,0,0,0,0,0,0,0,0,0,6,0,0,0,6,0,0,0,0,0,0,0,0,0,0,0,0,0,0,0,0,0,0,0,0,0,Eukaryota,Obazoa,Opisthokonta,Fungi,Chytridiomycota,Rhizophydiales,NA,NA,NA,Opisthokonta_Chytridiomycota
ASV_3028,0,0,0,0,0,0,0,0,0,0,0,0,0,0,0,0,0,0,0,0,12,0,0,0,0,0,0,0,0,0,0,0,0,0,0,0,0,0,0,0,0,0,0,0,0,Eukaryota,TSAR,Stramenopiles,Gyrista,Chrysophyceae,Chromulinales,Chrysamoebaceae,Chrysamoeba,Chrysamoeba_tenera,Stramenopiles
ASV_3029,0,0,0,0,0,0,0,0,0,0,0,0,0,0,0,0,0,0,0,0,0,12,0,0,0,0,0,0,0,0,0,0,0,0,0,0,0,0,0,0,0,0,0,0,0,Eukaryota,Archaeplastida,Chlorophyta,Chlorophyta_X,Chlorophyceae,Chlamydomonadales,Chlamydomonadales_X,Lobochlamys,Lobochlamys_segnis,Chlorophyta
ASV_3030,0,0,0,0,0,0,0,0,0,0,0,0,0,0,0,0,0,0,0,0,0,12,0,0,0,0,0,0,0,0,0,0,0,0,0,0,0,0,0,0,0,0,0,0,0,Eukaryota,Obazoa,Opisthokonta,Fungi,NA,NA,NA,NA,NA,Opisthokonta_Unclassified
ASV_3031,0,0,0,0,0,0,0,0,0,0,0,0,0,0,0,0,0,0,0,0,0,0,12,0,0,0,0,0,0,0,0,0,0,0,0,0,0,0,0,0,0,0,0,0,0,Eukaryota,TSAR,Stramenopiles,Bigyra,Opalozoa,Opalozoa_X,MAST-12,MAST-12C,MAST-12C_sp.,Stramenopiles
ASV_3032,0,0,0,0,0,0,0,0,0,0,0,0,0,0,0,0,0,0,0,0,0,0,12,0,0,0,0,0,0,0,0,0,0,0,0,0,0,0,0,0,0,0,0,0,0,Eukaryota,TSAR,Rhizaria,Cercozoa,Filosa-SarcomoNAdea,Pansomonadida,Agitatidae,Agitatidae_X,Agitatidae_X_sp.,Rhizaria
ASV_3033,0,0,0,0,0,0,0,0,0,0,0,0,0,0,0,0,0,0,0,0,0,0,0,12,0,0,0,0,0,0,0,0,0,0,0,0,0,0,0,0,0,0,0,0,0,Eukaryota,TSAR,Stramenopiles,Gyrista,Chrysophyceae,NA,NA,NA,NA,Stramenopiles
ASV_3034,0,0,0,0,0,0,0,0,0,0,0,0,0,0,0,0,0,0,0,0,0,0,0,12,0,0,0,0,0,0,0,0,0,0,0,0,0,0,0,0,0,0,0,0,0,Eukaryota,TSAR,Stramenopiles,Gyrista,Chrysophyceae,Paraphysomonadales,Paraphysomonadaceae,Paraphysomonas,Paraphysomonas_uniformis,Stramenopiles
ASV_3035,0,0,0,0,0,0,0,0,0,0,0,0,0,0,0,0,0,0,0,0,0,0,0,0,12,0,0,0,0,0,0,0,0,0,0,0,0,0,0,0,0,0,0,0,0,Eukaryota,TSAR,Rhizaria,Cercozoa,Filosa-SarcomoNAdea,Pansomonadida,Pansomonadida_X,Pansomonadida_XX,Pansomonadida_XX_sp.,Rhizaria
ASV_3036,0,0,0,0,0,0,0,0,0,0,0,0,0,0,0,0,0,0,0,0,0,0,0,0,0,12,0,0,0,0,0,0,0,0,0,0,0,0,0,0,0,0,0,0,0,Eukaryota,TSAR,Rhizaria,Cercozoa,Filosa-SarcomoNAdea,Cercomonadida,Cercomonadidae,Cercomonas,Cercomonas_sp.,Rhizaria
ASV_3037,0,0,0,0,0,0,0,0,0,0,0,0,0,0,0,0,0,0,0,0,0,0,0,0,0,12,0,0,0,0,0,0,0,0,0,0,0,0,0,0,0,0,0,0,0,Eukaryota,Obazoa,Opisthokonta,Fungi,Ascomycota,Pezizomycotina,Eurotiomycetes,Aspergillus,Aspergillus_ustus,Opisthokonta_Ascomycota
ASV_3038,0,0,0,0,0,0,0,0,0,0,0,0,0,0,0,0,0,0,0,0,0,0,0,0,0,0,0,0,0,0,12,0,0,0,0,0,0,0,0,0,0,0,0,0,0,Eukaryota,TSAR,Stramenopiles,Gyrista,Mediophyceae,Thalassiosirales,Stephanodiscaceae,Cyclotella,Cyclotella_meneghiniana,Stramenopiles
ASV_3039,0,0,0,0,0,0,0,0,0,0,0,0,0,0,0,0,0,0,0,0,0,0,0,0,0,0,0,0,0,0,0,12,0,0,0,0,0,0,0,0,0,0,0,0,0,Eukaryota,NA,NA,NA,NA,NA,NA,NA,NA,NA
ASV_3040,0,0,0,0,0,0,0,0,0,0,0,0,0,0,0,0,0,0,0,0,0,0,0,0,0,0,0,0,0,0,0,0,0,12,0,0,0,0,0,0,0,0,0,0,0,Eukaryota,TSAR,Stramenopiles,Gyrista,Chrysophyceae,Chrysophyceae_Cluster-I,Chrysophyceae_Cluster-I_X,Chrysophyceae_Cluster-I_XX,Chrysophyceae_Cluster-I_XX_sp.,Stramenopiles
ASV_3041,0,0,0,0,0,0,0,0,0,0,0,0,0,0,0,0,0,0,0,0,0,0,0,0,0,0,0,0,0,0,0,0,0,12,0,0,0,0,0,0,0,0,0,0,0,Eukaryota,TSAR,Stramenopiles,Bigyra,Bicoecea,Pseudodendromonadales,Pseudodendromonadales_X,Pseudodendromonadales_XX,Pseudodendromonadales_XX_sp.,Stramenopiles
ASV_3042,0,0,0,0,0,0,0,0,0,0,0,0,0,0,0,0,0,0,0,0,0,0,0,0,0,0,0,0,0,0,0,0,0,12,0,0,0,0,0,0,0,0,0,0,0,Eukaryota,TSAR,Stramenopiles,Gyrista,Bacillariophyceae,Bacillariales,Bacillariaceae,NA,NA,Stramenopiles
ASV_3043,0,0,0,0,0,0,0,0,0,0,0,0,0,0,0,0,0,0,0,0,0,0,0,0,0,0,0,0,0,0,0,0,0,0,0,12,0,0,0,0,0,0,0,0,0,Eukaryota,TSAR,Rhizaria,Cercozoa,Filosa-SarcomoNAdea,Pansomonadida,Agitatidae,Agitatidae_X,Agitatidae_X_sp.,Rhizaria
ASV_3044,0,0,0,0,0,0,0,0,0,0,0,0,0,0,0,0,0,0,0,0,0,0,0,0,0,0,0,0,0,0,0,0,0,0,0,12,0,0,0,0,0,0,0,0,0,Eukaryota,Obazoa,Opisthokonta,Metazoa,Arthropoda,Crustacea,Maxillopoda,NA,NA,Opisthokonta_Arthropoda
ASV_3045,0,0,0,0,0,0,0,0,0,0,0,0,0,0,0,0,0,0,0,0,0,0,0,0,0,0,0,0,0,0,0,0,0,0,0,0,12,0,0,0,0,0,0,0,0,Eukaryota,TSAR,Stramenopiles,Gyrista,Peronosporomycetes,Peronosporomycetes,Peronosporales,Pythiaceae,Pythiaceae_sp.,Stramenopiles
ASV_3046,0,0,0,0,0,0,0,0,0,0,0,0,0,0,0,0,0,0,0,0,0,0,0,0,0,0,0,0,0,0,0,0,0,0,0,0,12,0,0,0,0,0,0,0,0,Eukaryota,TSAR,Alveolata,Ciliophora,Litostomatea,Litostomatea_X,Litostomatea_XX,Enchelys,Enchelys_gasterosteus,Alveolata
ASV_3047,0,0,0,0,0,0,0,0,0,0,0,0,0,0,0,0,0,0,0,0,0,0,0,0,0,0,0,0,0,0,0,0,0,0,0,0,12,0,0,0,0,0,0,0,0,Eukaryota,TSAR,Rhizaria,Cercozoa,Novel-clade-10-12,Tremulida,Tremulidae,Tremula,Tremula_sp.,Rhizaria
ASV_3048,0,0,0,0,0,0,0,0,0,0,0,0,0,0,0,0,0,0,0,0,0,0,0,0,0,0,0,0,0,0,0,0,0,0,0,0,12,0,0,0,0,0,0,0,0,Eukaryota,TSAR,Stramenopiles,Bigyra,Opalozoa,Opalozoa_X,MAST-12,MAST-12C,MAST-12C_sp.,Stramenopiles
ASV_3049,0,0,0,0,0,0,0,0,0,0,0,0,0,0,0,0,0,0,0,0,0,0,0,0,0,0,0,0,0,0,0,0,0,0,0,0,0,12,0,0,0,0,0,0,0,Eukaryota,Archaeplastida,Chlorophyta,Chlorophyta_X,Chlorophyta_XX,Chlorophyta_XXX,Chlorophyta_XXXX,Scotinosphaera,Scotinosphaera_sp.,Chlorophyta
ASV_3050,0,0,0,0,0,0,0,0,0,0,0,0,0,0,0,0,0,0,0,0,0,0,0,0,0,0,0,0,0,0,0,0,0,0,0,0,0,0,0,0,0,0,12,0,0,Eukaryota,Archaeplastida,Chlorophyta,Chlorophyta_X,Trebouxiophyceae,Chlorellales,Chlorellales_X,Dictyosphaerium,NA,Chlorophyta
ASV_3051,0,0,0,0,0,0,0,0,0,0,0,0,0,0,0,0,0,0,0,0,0,0,0,0,0,0,0,0,0,0,0,0,0,0,0,0,0,0,0,0,0,0,0,12,0,Eukaryota,TSAR,Stramenopiles,Gyrista,Chrysophyceae,Chrysophyceae_env_clade-I,Chrysophyceae_env_clade-I_X,Chrysophyceae_env_clade-I_XX,Chrysophyceae_env_clade-I_XX_sp.,Stramenopiles
ASV_3052,0,0,0,0,0,0,0,0,0,0,0,0,0,0,0,0,0,0,0,0,0,0,0,0,0,0,0,0,0,0,0,0,0,0,0,0,0,0,0,0,0,0,0,12,0,Eukaryota,Obazoa,Opisthokonta,Metazoa,Arthropoda,Crustacea,Maxillopoda,Eudiaptomus,Eudiaptomus_graciloides,Opisthokonta_Arthropoda
ASV_3053,0,0,0,0,0,0,0,0,0,0,0,0,0,0,0,0,0,0,0,0,0,0,0,0,0,0,0,0,0,0,0,0,0,0,0,0,0,0,0,0,0,0,0,12,0,Eukaryota,Obazoa,Opisthokonta,Fungi,NA,NA,NA,NA,NA,Opisthokonta_Unclassified
ASV_3054,11,0,0,0,0,0,0,0,0,0,0,0,0,0,0,0,0,0,0,0,0,0,0,0,0,0,0,0,0,0,0,0,0,0,0,0,0,0,0,0,0,0,0,0,0,Eukaryota,TSAR,Stramenopiles,Bigyra,Bicoecea,Pseudodendromonadales,Pseudodendromonadales_X,Pseudodendromonadales_XX,Pseudodendromonadales_XX_sp.,Stramenopiles
ASV_3055,0,11,0,0,0,0,0,0,0,0,0,0,0,0,0,0,0,0,0,0,0,0,0,0,0,0,0,0,0,0,0,0,0,0,0,0,0,0,0,0,0,0,0,0,0,Eukaryota,Obazoa,Opisthokonta,Metazoa,Arthropoda,Hexapoda,Insecta,Chironomus,Chironomus_tentans,Opisthokonta_Arthropoda
ASV_3056,0,11,0,0,0,0,0,0,0,0,0,0,0,0,0,0,0,0,0,0,0,0,0,0,0,0,0,0,0,0,0,0,0,0,0,0,0,0,0,0,0,0,0,0,0,Eukaryota,TSAR,Stramenopiles,Gyrista,Hyphochytriomyceta,Hyphochytriales,Hyphochrytriaceae,Rhizidiomyces,Rhizidiomyces_apophysatus,Stramenopiles
ASV_3057,0,11,0,0,0,0,0,0,0,0,0,0,0,0,0,0,0,0,0,0,0,0,0,0,0,0,0,0,0,0,0,0,0,0,0,0,0,0,0,0,0,0,0,0,0,Eukaryota,NA,NA,NA,NA,NA,NA,NA,NA,NA
ASV_3058,0,11,0,0,0,0,0,0,0,0,0,0,0,0,0,0,0,0,0,0,0,0,0,0,0,0,0,0,0,0,0,0,0,0,0,0,0,0,0,0,0,0,0,0,0,Eukaryota,Archaeplastida,Chlorophyta,Chlorophyta_X,Ulvophyceae,Ulotrichales,Ulotrichales_X,Trichosarcina,Trichosarcina_polymorpha,Chlorophyta
ASV_3059,0,11,0,0,0,0,0,0,0,0,0,0,0,0,0,0,0,0,0,0,0,0,0,0,0,0,0,0,0,0,0,0,0,0,0,0,0,0,0,0,0,0,0,0,0,Eukaryota,Archaeplastida,Chlorophyta,Chlorophyta_X,Trebouxiophyceae,Trebouxiophyceae_X,Trebouxiophyceae_XX,Botryococcus,Botryococcus_terribilis,Chlorophyta
ASV_3060,0,11,0,0,0,0,0,0,0,0,0,0,0,0,0,0,0,0,0,0,0,0,0,0,0,0,0,0,0,0,0,0,0,0,0,0,0,0,0,0,0,0,0,0,0,Eukaryota,Obazoa,Opisthokonta,Fungi,Ascomycota,Pezizomycotina,Leotiomycetes,NA,NA,Opisthokonta_Ascomycota
ASV_3061,0,0,5,0,0,0,6,0,0,0,0,0,0,0,0,0,0,0,0,0,0,0,0,0,0,0,0,0,0,0,0,0,0,0,0,0,0,0,0,0,0,0,0,0,0,Eukaryota,TSAR,Stramenopiles,Gyrista,Eustigmatophyceae,Eustigmatophyceae_X,Eustigmatophyceae_XX,NA,NA,Stramenopiles
ASV_3062,0,0,0,11,0,0,0,0,0,0,0,0,0,0,0,0,0,0,0,0,0,0,0,0,0,0,0,0,0,0,0,0,0,0,0,0,0,0,0,0,0,0,0,0,0,Eukaryota,NA,NA,NA,NA,NA,NA,NA,NA,NA
ASV_3063,0,0,0,0,0,11,0,0,0,0,0,0,0,0,0,0,0,0,0,0,0,0,0,0,0,0,0,0,0,0,0,0,0,0,0,0,0,0,0,0,0,0,0,0,0,Eukaryota,Archaeplastida,Chlorophyta,Chlorophyta_X,Chlorophyceae,Sphaeropleales,Sphaeropleales_X,Ankyra,Ankyra_judayi,Chlorophyta
ASV_3064,0,0,0,0,0,0,11,0,0,0,0,0,0,0,0,0,0,0,0,0,0,0,0,0,0,0,0,0,0,0,0,0,0,0,0,0,0,0,0,0,0,0,0,0,0,Eukaryota,Obazoa,Opisthokonta,Fungi,Chytridiomycota,Monoblepharidales,Monoblepharidaceae,Monoblepharella,Monoblepharella_sp.,Opisthokonta_Chytridiomycota
ASV_3065,0,0,0,0,0,0,0,0,11,0,0,0,0,0,0,0,0,0,0,0,0,0,0,0,0,0,0,0,0,0,0,0,0,0,0,0,0,0,0,0,0,0,0,0,0,Eukaryota,Obazoa,Opisthokonta,Fungi,Ascomycota,Pezizomycotina,Eurotiomycetes,Aspergillus,NA,Opisthokonta_Ascomycota
ASV_3066,0,0,0,0,0,0,0,0,0,11,0,0,0,0,0,0,0,0,0,0,0,0,0,0,0,0,0,0,0,0,0,0,0,0,0,0,0,0,0,0,0,0,0,0,0,Eukaryota,Obazoa,Opisthokonta,Metazoa,Arthropoda,Crustacea,Maxillopoda,Tropocyclops,Tropocyclops_ishidai,Opisthokonta_Arthropoda
ASV_3067,0,0,0,0,0,0,0,0,0,0,11,0,0,0,0,0,0,0,0,0,0,0,0,0,0,0,0,0,0,0,0,0,0,0,0,0,0,0,0,0,0,0,0,0,0,Eukaryota,Obazoa,Opisthokonta,Metazoa,Arthropoda,Crustacea,Maxillopoda,Eudiaptomus,Eudiaptomus_graciloides,Opisthokonta_Arthropoda
ASV_3068,0,0,0,0,0,0,0,0,0,0,0,0,11,0,0,0,0,0,0,0,0,0,0,0,0,0,0,0,0,0,0,0,0,0,0,0,0,0,0,0,0,0,0,0,0,Eukaryota,TSAR,Rhizaria,Cercozoa,Filosa-SarcomoNAdea,Pansomonadida,Agitatidae,Agitatidae_X,Agitatidae_X_sp.,Rhizaria
ASV_3069,0,0,0,0,0,0,0,0,0,0,0,0,11,0,0,0,0,0,0,0,0,0,0,0,0,0,0,0,0,0,0,0,0,0,0,0,0,0,0,0,0,0,0,0,0,Eukaryota,Obazoa,Opisthokonta,Fungi,Ascomycota,Pezizomycotina,Sordariomycetes,Verticillium,Verticillium_albo-atrum,Opisthokonta_Ascomycota
ASV_3070,0,0,0,0,0,0,0,0,0,0,0,0,0,0,0,11,0,0,0,0,0,0,0,0,0,0,0,0,0,0,0,0,0,0,0,0,0,0,0,0,0,0,0,0,0,Eukaryota,Haptista,Centroplasthelida,Centroplasthelida_X,Pterocystida,Pterista,Pterocystidae,Pterocystis,Pterocystis_foliacea,Centroplasthelida
ASV_3071,0,0,0,0,0,0,0,0,0,0,0,0,0,0,0,0,11,0,0,0,0,0,0,0,0,0,0,0,0,0,0,0,0,0,0,0,0,0,0,0,0,0,0,0,0,Eukaryota,TSAR,Rhizaria,Cercozoa,NA,NA,NA,NA,NA,Rhizaria
ASV_3072,0,0,0,0,0,0,0,0,0,0,0,0,0,0,0,0,11,0,0,0,0,0,0,0,0,0,0,0,0,0,0,0,0,0,0,0,0,0,0,0,0,0,0,0,0,Eukaryota,Obazoa,Opisthokonta,Fungi,Mucoromycota,Mucoromycotina,Mucorales,Mucor,Mucor_hiemalis_f._hiemalis,Opisthokonta_Mucoromycota
ASV_3073,0,0,0,0,0,0,0,0,0,0,0,0,0,0,0,0,11,0,0,0,0,0,0,0,0,0,0,0,0,0,0,0,0,0,0,0,0,0,0,0,0,0,0,0,0,Eukaryota,Obazoa,Opisthokonta,Fungi,NA,NA,NA,NA,NA,Opisthokonta_Unclassified
ASV_3074,0,0,0,0,0,0,0,0,0,0,0,0,0,0,0,0,0,11,0,0,0,0,0,0,0,0,0,0,0,0,0,0,0,0,0,0,0,0,0,0,0,0,0,0,0,Eukaryota,Archaeplastida,Chlorophyta,Chlorophyta_X,Mamiellophyceae,Dolichomastigales,Crustomastigaceae,Crustomastigaceae-AB,Crustomastigaceae-AB_sp.,Chlorophyta
ASV_3075,0,0,0,0,0,0,0,0,0,0,0,0,0,0,0,0,0,0,11,0,0,0,0,0,0,0,0,0,0,0,0,0,0,0,0,0,0,0,0,0,0,0,0,0,0,Eukaryota,TSAR,Stramenopiles,Gyrista,Bacillariophyceae,Bacillariales,Bacillariaceae,Nitzschia,Nitzschia_inconspicua,Stramenopiles
ASV_3076,0,0,0,0,0,0,0,0,0,0,0,0,0,0,0,0,0,0,11,0,0,0,0,0,0,0,0,0,0,0,0,0,0,0,0,0,0,0,0,0,0,0,0,0,0,Eukaryota,Haptista,Haptophyta,Haptophyta_X,Prymnesiophyceae,Prymnesiales,Chrysochromulinaceae,Chrysochromulina,Chrysochromulina_tobin,Haptophyta
ASV_3077,0,0,0,0,0,0,0,0,0,0,0,0,0,0,0,0,0,0,11,0,0,0,0,0,0,0,0,0,0,0,0,0,0,0,0,0,0,0,0,0,0,0,0,0,0,Eukaryota,Obazoa,Opisthokonta,Metazoa,Arthropoda,Crustacea,Branchiopoda,Simocephalus,Simocephalus_vetulus,Opisthokonta_Arthropoda
ASV_3078,0,0,0,0,0,0,0,0,0,0,0,0,0,0,0,0,0,0,11,0,0,0,0,0,0,0,0,0,0,0,0,0,0,0,0,0,0,0,0,0,0,0,0,0,0,Eukaryota,Amoebozoa,Tubulinea,Tubulinea_X,Elardia,Euamoebida,NA,NA,NA,Tubulinea
ASV_3079,0,0,0,0,0,0,0,0,0,0,0,0,0,0,0,0,0,0,11,0,0,0,0,0,0,0,0,0,0,0,0,0,0,0,0,0,0,0,0,0,0,0,0,0,0,Eukaryota,TSAR,Alveolata,Ciliophora,Spirotrichea,Choreotrichida,Strobilidiidae,Strobilidiidae_X,Strobilidiidae_X_sp.,Alveolata
ASV_3080,0,0,0,0,0,0,0,0,0,0,0,0,0,0,0,0,0,0,11,0,0,0,0,0,0,0,0,0,0,0,0,0,0,0,0,0,0,0,0,0,0,0,0,0,0,Eukaryota,TSAR,Alveolata,Ciliophora,Litostomatea,Haptoria_7,Spathidiida,Paraenchelys,Paraenchelys_terricola,Alveolata
ASV_3081,0,0,0,0,0,0,0,0,0,0,0,0,0,0,0,0,0,0,0,11,0,0,0,0,0,0,0,0,0,0,0,0,0,0,0,0,0,0,0,0,0,0,0,0,0,Eukaryota,Obazoa,Opisthokonta,Fungi,Ascomycota,Pezizomycotina,Eurotiomycetes,Aspergillus,Aspergillus_penicillioides,Opisthokonta_Ascomycota
ASV_3082,0,0,0,0,0,0,0,0,0,0,0,0,0,0,0,0,0,0,0,11,0,0,0,0,0,0,0,0,0,0,0,0,0,0,0,0,0,0,0,0,0,0,0,0,0,Eukaryota,Obazoa,Opisthokonta,Fungi,Chytridiomycota,NA,NA,NA,NA,Opisthokonta_Chytridiomycota
ASV_3083,0,0,0,0,0,0,0,0,0,0,0,0,0,0,0,0,0,0,0,11,0,0,0,0,0,0,0,0,0,0,0,0,0,0,0,0,0,0,0,0,0,0,0,0,0,Eukaryota,Obazoa,Opisthokonta,Fungi,Ascomycota,Saccharomycotina,Saccharomycetales,Hanseniaspora,Hanseniaspora_uvarum,Opisthokonta_Ascomycota
ASV_3084,0,0,0,0,0,0,0,0,0,0,0,0,0,0,0,0,0,0,0,11,0,0,0,0,0,0,0,0,0,0,0,0,0,0,0,0,0,0,0,0,0,0,0,0,0,Eukaryota,TSAR,Rhizaria,Cercozoa,Filosa-SarcomoNAdea,Glissomonadida,Allapsidae,Group-Te,Group_Te_sp.,Rhizaria
ASV_3085,0,0,0,0,0,0,0,0,0,0,0,0,0,0,0,0,0,0,0,11,0,0,0,0,0,0,0,0,0,0,0,0,0,0,0,0,0,0,0,0,0,0,0,0,0,Eukaryota,TSAR,Rhizaria,Cercozoa,Filosa-Granofilosea,Filosa-Granofilosea_X,NA,NA,NA,Rhizaria
ASV_3086,0,0,0,0,0,0,0,0,0,0,0,0,0,0,0,0,0,0,0,11,0,0,0,0,0,0,0,0,0,0,0,0,0,0,0,0,0,0,0,0,0,0,0,0,0,Eukaryota,Obazoa,Opisthokonta,Fungi,Chytridiomycota,NA,NA,NA,NA,Opisthokonta_Chytridiomycota
ASV_3087,0,0,0,0,0,0,0,0,0,0,0,0,0,0,0,0,0,0,0,11,0,0,0,0,0,0,0,0,0,0,0,0,0,0,0,0,0,0,0,0,0,0,0,0,0,Eukaryota,TSAR,Stramenopiles,Gyrista,Chrysophyceae,Synurales,Synuraceae,Mallomonas,NA,Stramenopiles
ASV_3088,0,0,0,0,0,0,0,0,0,0,0,0,0,0,0,0,0,0,0,0,0,11,0,0,0,0,0,0,0,0,0,0,0,0,0,0,0,0,0,0,0,0,0,0,0,Eukaryota,Cryptista,Cryptophyta,Cryptophyta_X,Cryptophyceae,Cryptomonadales,Cryptomonadales_X,Cryptomonas,Cryptomonas_uralensis,Cryptophyta
ASV_3089,0,0,0,0,0,0,0,0,0,0,0,0,0,0,0,0,0,0,0,0,0,11,0,0,0,0,0,0,0,0,0,0,0,0,0,0,0,0,0,0,0,0,0,0,0,Eukaryota,Archaeplastida,Chlorophyta,Chlorophyta_X,Chlorophyceae,Chlamydomonadales,Chlamydomonadales_X,NA,NA,Chlorophyta
ASV_3090,0,0,0,0,0,0,0,0,0,0,0,0,0,0,0,0,0,0,0,0,0,0,11,0,0,0,0,0,0,0,0,0,0,0,0,0,0,0,0,0,0,0,0,0,0,Eukaryota,Obazoa,Opisthokonta,Fungi,Chytridiomycota,Chytridiales,Chytriomycetaceae,Entophlyctis,Entophlyctis_luteolus,Opisthokonta_Chytridiomycota
ASV_3091,0,0,0,0,0,0,0,0,0,0,0,0,0,0,0,0,0,0,0,0,0,0,0,11,0,0,0,0,0,0,0,0,0,0,0,0,0,0,0,0,0,0,0,0,0,Eukaryota,Obazoa,Opisthokonta,Fungi,Aphelidiomycota,Aphelidiales,Aphelidiaceae,Aphelidium,Aphelidium_desmodesmi,Opisthokonta_Aphelidiomycota
ASV_3092,0,0,0,0,0,0,0,0,0,0,0,0,0,0,0,0,0,0,0,0,0,0,0,11,0,0,0,0,0,0,0,0,0,0,0,0,0,0,0,0,0,0,0,0,0,Eukaryota,Obazoa,Opisthokonta,Fungi,NA,NA,NA,NA,NA,Opisthokonta_Unclassified
ASV_3093,0,0,0,0,0,0,0,0,0,0,0,0,0,0,0,0,0,0,0,0,0,0,0,11,0,0,0,0,0,0,0,0,0,0,0,0,0,0,0,0,0,0,0,0,0,Eukaryota,TSAR,Stramenopiles,Bigyra,Opalozoa,Opalozoa_X,MAST-12,MAST-12_X,MAST-12_X_sp.,Stramenopiles
ASV_3094,0,0,0,0,0,0,0,0,0,0,0,0,0,0,0,0,0,0,0,0,0,0,0,11,0,0,0,0,0,0,0,0,0,0,0,0,0,0,0,0,0,0,0,0,0,Eukaryota,Obazoa,Opisthokonta,Fungi,Ascomycota,Pezizomycotina,Eurotiomycetes,Knufia,Knufia_cryptophialidica,Opisthokonta_Ascomycota
ASV_3095,0,0,0,0,0,0,0,0,0,0,0,0,0,0,0,0,0,0,0,0,0,0,0,0,11,0,0,0,0,0,0,0,0,0,0,0,0,0,0,0,0,0,0,0,0,Eukaryota,TSAR,Rhizaria,Cercozoa,Filosa-Imbricatea,NA,NA,NA,NA,Rhizaria
ASV_3096,0,0,0,0,0,0,0,0,0,0,0,0,0,0,0,0,0,0,0,0,0,0,0,0,11,0,0,0,0,0,0,0,0,0,0,0,0,0,0,0,0,0,0,0,0,Eukaryota,TSAR,Stramenopiles,Gyrista,Eustigmatophyceae,Eustigmatophyceae_X,Eustigmatophyceae_XX,Vacuoliviride,Vacuoliviride_crystalliferum,Stramenopiles
ASV_3097,0,0,0,0,0,0,0,0,0,0,0,0,0,0,0,0,0,0,0,0,0,0,0,0,0,11,0,0,0,0,0,0,0,0,0,0,0,0,0,0,0,0,0,0,0,Eukaryota,Amoebozoa,Evosea,Evosea_X,Variosea,Variosea_X,Filamoebidae,Filamoeba,Filamoeba_nolandi,Evosea
ASV_3098,0,0,0,0,0,0,0,0,0,0,0,0,0,0,0,0,0,0,0,0,0,0,0,0,0,11,0,0,0,0,0,0,0,0,0,0,0,0,0,0,0,0,0,0,0,Eukaryota,TSAR,Rhizaria,Cercozoa,Filosa-SarcomoNAdea,Cercomonadida,Paracercomonadidae,Paracercomonas,Paracercomonas_sp.,Rhizaria
ASV_3099,0,0,0,0,0,0,0,0,0,0,0,0,0,0,0,0,0,0,0,0,0,0,0,0,0,11,0,0,0,0,0,0,0,0,0,0,0,0,0,0,0,0,0,0,0,Eukaryota,TSAR,Rhizaria,Cercozoa,Filosa-SarcomoNAdea,Cercomonadida,Cercomonadidae,Cercomonas,NA,Rhizaria
ASV_3100,0,0,0,0,0,0,0,0,0,0,0,0,0,0,0,0,0,0,0,0,0,0,0,0,0,0,0,0,0,11,0,0,0,0,0,0,0,0,0,0,0,0,0,0,0,Eukaryota,Obazoa,Opisthokonta,Metazoa,Arthropoda,Crustacea,Maxillopoda,NA,NA,Opisthokonta_Arthropoda
ASV_3101,0,0,0,0,0,0,0,0,0,0,0,0,0,0,0,0,0,0,0,0,0,0,0,0,0,0,0,0,0,11,0,0,0,0,0,0,0,0,0,0,0,0,0,0,0,Eukaryota,TSAR,Stramenopiles,Gyrista,Chrysophyceae,NA,NA,NA,NA,Stramenopiles
ASV_3102,0,0,0,0,0,0,0,0,0,0,0,0,0,0,0,0,0,0,0,0,0,0,0,0,0,0,0,0,0,0,11,0,0,0,0,0,0,0,0,0,0,0,0,0,0,Eukaryota,Obazoa,Opisthokonta,Fungi,NA,NA,NA,NA,NA,Opisthokonta_Unclassified
ASV_3103,0,0,0,0,0,0,0,0,0,0,0,0,0,0,0,0,0,0,0,0,0,0,0,0,0,0,0,0,0,0,0,0,0,11,0,0,0,0,0,0,0,0,0,0,0,Eukaryota,TSAR,Stramenopiles,Bigyra,Bicoecea,Pseudodendromonadales,Pseudodendromonadales_X,NA,NA,Stramenopiles
ASV_3104,0,0,0,0,0,0,0,0,0,0,0,0,0,0,0,0,0,0,0,0,0,0,0,0,0,0,0,0,0,0,0,0,0,11,0,0,0,0,0,0,0,0,0,0,0,Eukaryota,Obazoa,Opisthokonta,Fungi,NA,NA,NA,NA,NA,Opisthokonta_Unclassified
ASV_3105,0,0,0,0,0,0,0,0,0,0,0,0,0,0,0,0,0,0,0,0,0,0,0,0,0,0,0,0,0,0,0,0,0,11,0,0,0,0,0,0,0,0,0,0,0,Eukaryota,TSAR,Stramenopiles,Bigyra,Bicoecea,Pseudodendromonadales,Pseudodendromonadales_X,Pseudodendromonadales_XX,Pseudodendromonadales_XX_sp.,Stramenopiles
ASV_3106,0,0,0,0,0,0,0,0,0,0,0,0,0,0,0,0,0,0,0,0,0,0,0,0,0,0,0,0,0,0,0,0,0,11,0,0,0,0,0,0,0,0,0,0,0,Eukaryota,Archaeplastida,Chlorophyta,Chlorophyta_X,Chlorophyceae,Chlamydomonadales,Chlamydomonadales_X,NA,NA,Chlorophyta
ASV_3107,0,0,0,0,0,0,0,0,0,0,0,0,0,0,0,0,0,0,0,0,0,0,0,0,0,0,0,0,0,0,0,0,0,11,0,0,0,0,0,0,0,0,0,0,0,Eukaryota,Obazoa,Opisthokonta,Fungi,Rozellomycota,Rozellomycota_X,Rozellomycota_XX,Rozellomycota_XXX,Rozellomycota_XXX_sp.,Opisthokonta_Rozellomycota
ASV_3108,0,0,0,0,0,0,0,0,0,0,0,0,0,0,0,0,0,0,0,0,0,0,0,0,0,0,0,0,0,0,0,0,0,11,0,0,0,0,0,0,0,0,0,0,0,Eukaryota,Cryptista,Cryptophyta,Cryptophyta_X,Cryptophyceae,Cryptomonadales,Cryptomonadales_X,Plagioselmis,Plagioselmis_nannoplanctica,Cryptophyta
ASV_3109,0,0,0,0,0,0,0,0,0,0,0,0,0,0,0,0,0,0,0,0,0,0,0,0,0,0,0,0,0,0,0,0,0,0,0,0,11,0,0,0,0,0,0,0,0,Eukaryota,TSAR,Rhizaria,Cercozoa,Filosa-SarcomoNAdea,Glissomonadida,Allapsidae,NA,NA,Rhizaria
ASV_3110,0,0,0,0,0,0,0,0,0,0,0,0,0,0,0,0,0,0,0,0,0,0,0,0,0,0,0,0,0,0,0,0,0,0,0,0,11,0,0,0,0,0,0,0,0,Eukaryota,TSAR,Alveolata,Ciliophora,Litostomatea,Litostomatea_X,Litostomatea_XX,NA,NA,Alveolata
ASV_3111,0,0,0,0,0,0,0,0,0,0,0,0,0,0,0,0,0,0,0,0,0,0,0,0,0,0,0,0,0,0,0,0,0,0,0,0,11,0,0,0,0,0,0,0,0,Eukaryota,Obazoa,Opisthokonta,Ichthyosporea,Ichthyophonida,Psorospermidae,Psorospermidae_X,Psorospermium,Psorospermium_haeckeli,Opisthokonta_Ichthyophonida
ASV_3112,0,0,0,0,0,0,0,0,0,0,0,0,0,0,0,0,0,0,0,0,0,0,0,0,0,0,0,0,0,0,0,0,0,0,0,0,0,11,0,0,0,0,0,0,0,Eukaryota,TSAR,Stramenopiles,Gyrista,Eustigmatophyceae,Eustigmatophyceae_X,Eustigmatophyceae_XX,Characiopsis,NA,Stramenopiles
ASV_3113,0,0,0,0,0,0,0,0,0,0,0,0,0,0,0,0,0,0,0,0,0,0,0,0,0,0,0,0,0,0,0,0,0,0,0,0,0,0,11,0,0,0,0,0,0,Eukaryota,Archaeplastida,Chlorophyta,Chlorophyta_X,Chlorophyceae,Chlamydomonadales,Chlamydomonadales_X,NA,NA,Chlorophyta
ASV_3114,0,0,0,0,0,0,0,0,0,0,0,0,0,0,0,0,0,0,0,0,0,0,0,0,0,0,0,0,0,0,0,0,0,0,0,0,0,0,0,0,0,11,0,0,0,Eukaryota,TSAR,Stramenopiles,Bigyra,Opalozoa,Opalozoa_X,MAST-12,MAST-12C,MAST-12C_sp.,Stramenopiles
ASV_3115,0,0,0,0,0,0,0,0,0,0,0,0,0,0,0,0,0,0,0,0,0,0,0,0,0,0,0,0,0,0,0,0,0,0,0,0,0,0,0,0,0,11,0,0,0,Eukaryota,TSAR,Rhizaria,Cercozoa,NA,NA,NA,NA,NA,Rhizaria
ASV_3116,0,0,0,0,0,0,0,0,0,0,0,0,0,0,0,0,0,0,0,0,0,0,0,0,0,0,0,0,0,0,0,0,0,0,0,0,0,0,0,0,0,11,0,0,0,Eukaryota,Obazoa,Opisthokonta,Fungi,Chytridiomycota,Neocallimastigales,Neocallimastigaceae,NA,NA,Opisthokonta_Chytridiomycota
ASV_3117,0,0,0,0,0,0,0,0,0,0,0,0,0,0,0,0,0,0,0,0,0,0,0,0,0,0,0,0,0,0,0,0,0,0,0,0,0,0,0,0,0,0,11,0,0,Eukaryota,NA,NA,NA,NA,NA,NA,NA,NA,NA
ASV_3118,0,0,0,0,0,0,0,0,0,0,0,0,0,0,0,0,0,0,0,0,0,0,0,0,0,0,0,0,0,0,0,0,0,0,0,0,0,0,0,0,0,0,11,0,0,Eukaryota,Cryptista,Cryptophyta,Cryptophyta_X,Cryptophyceae,Goniomonadales,Goniomonadales_X,Goniomonas,Goniomonas_amphinema,Cryptophyta
ASV_3119,0,0,0,0,0,0,0,0,0,0,0,0,0,0,0,0,0,0,0,0,0,0,0,0,0,0,0,0,0,0,0,0,0,0,0,0,0,0,0,0,0,0,0,11,0,Eukaryota,Obazoa,Opisthokonta,Metazoa,Arthropoda,Crustacea,Maxillopoda,NA,NA,Opisthokonta_Arthropoda
ASV_3120,10,0,0,0,0,0,0,0,0,0,0,0,0,0,0,0,0,0,0,0,0,0,0,0,0,0,0,0,0,0,0,0,0,0,0,0,0,0,0,0,0,0,0,0,0,Eukaryota,TSAR,Stramenopiles,Gyrista,Bacillariophyceae,Fragilariales,Fragilariaceae,Fragilaria,Fragilaria_vaucheriae,Stramenopiles
ASV_3121,0,10,0,0,0,0,0,0,0,0,0,0,0,0,0,0,0,0,0,0,0,0,0,0,0,0,0,0,0,0,0,0,0,0,0,0,0,0,0,0,0,0,0,0,0,Eukaryota,Obazoa,Opisthokonta,Fungi,Zoopagomycota,Entomophthoromycotina,Entomophthoromycotina_X,Pandora,Pandora_neoaphidis,Opisthokonta_Zoopagomycota
ASV_3122,0,10,0,0,0,0,0,0,0,0,0,0,0,0,0,0,0,0,0,0,0,0,0,0,0,0,0,0,0,0,0,0,0,0,0,0,0,0,0,0,0,0,0,0,0,Eukaryota,TSAR,Stramenopiles,Gyrista,Peronosporomycetes,Peronosporomycetes,Peronosporales,NA,NA,Stramenopiles
ASV_3123,0,10,0,0,0,0,0,0,0,0,0,0,0,0,0,0,0,0,0,0,0,0,0,0,0,0,0,0,0,0,0,0,0,0,0,0,0,0,0,0,0,0,0,0,0,Eukaryota,Archaeplastida,Chlorophyta,Chlorophyta_X,Ulvophyceae,Cladophorales,Cladophorales_X,Arnoldiella,Arnoldiella_sp.,Chlorophyta
ASV_3124,0,0,10,0,0,0,0,0,0,0,0,0,0,0,0,0,0,0,0,0,0,0,0,0,0,0,0,0,0,0,0,0,0,0,0,0,0,0,0,0,0,0,0,0,0,Eukaryota,Obazoa,Opisthokonta,Fungi,Chytridiomycota,Rhizophydiales,Rhizophydiaceae,Rhizophydium,Rhizophydium_sp.,Opisthokonta_Chytridiomycota
ASV_3125,0,0,10,0,0,0,0,0,0,0,0,0,0,0,0,0,0,0,0,0,0,0,0,0,0,0,0,0,0,0,0,0,0,0,0,0,0,0,0,0,0,0,0,0,0,Eukaryota,Obazoa,Opisthokonta,Metazoa,Gastrotricha,Gastrotricha_X,Gastrotricha_XX,NA,NA,Opisthokonta_Gastrotricha
ASV_3126,0,0,0,10,0,0,0,0,0,0,0,0,0,0,0,0,0,0,0,0,0,0,0,0,0,0,0,0,0,0,0,0,0,0,0,0,0,0,0,0,0,0,0,0,0,Eukaryota,Obazoa,Opisthokonta,Metazoa,Annelida,Annelida_X,Annelida_XX,Nais,Nais_communis,Opisthokonta_Annelida
ASV_3127,0,0,0,10,0,0,0,0,0,0,0,0,0,0,0,0,0,0,0,0,0,0,0,0,0,0,0,0,0,0,0,0,0,0,0,0,0,0,0,0,0,0,0,0,0,Eukaryota,Archaeplastida,Streptophyta,Streptophyta_X,Embryophyceae,Embryophyceae_X,Embryophyceae_XX,Pinus,Pinus_taeda,Streptophyta
ASV_3128,0,0,0,0,10,0,0,0,0,0,0,0,0,0,0,0,0,0,0,0,0,0,0,0,0,0,0,0,0,0,0,0,0,0,0,0,0,0,0,0,0,0,0,0,0,Eukaryota,TSAR,Alveolata,Chrompodellids,Colpodellidea,Colpodellida,Colpodellida_CHR1,Colpodellida_CHR1_X,Colpodellida_CHR1_X_sp.,Alveolata
ASV_3129,0,0,0,0,0,0,10,0,0,0,0,0,0,0,0,0,0,0,0,0,0,0,0,0,0,0,0,0,0,0,0,0,0,0,0,0,0,0,0,0,0,0,0,0,0,Eukaryota,Obazoa,Opisthokonta,Fungi,Monoblepharomycota,Sanchytriales,Sanchytriaceae,Sanchytrium,Sanchytrium_tribonematis,Opisthokonta_Monoblepharomycota
ASV_3130,0,0,0,0,0,0,10,0,0,0,0,0,0,0,0,0,0,0,0,0,0,0,0,0,0,0,0,0,0,0,0,0,0,0,0,0,0,0,0,0,0,0,0,0,0,Eukaryota,Obazoa,Opisthokonta,NA,NA,NA,NA,NA,NA,Opisthokonta_Unclassified
ASV_3131,0,0,0,0,0,0,0,0,10,0,0,0,0,0,0,0,0,0,0,0,0,0,0,0,0,0,0,0,0,0,0,0,0,0,0,0,0,0,0,0,0,0,0,0,0,Eukaryota,Obazoa,Opisthokonta,Fungi,Ascomycota,Pezizomycotina,Sordariomycetes,NA,NA,Opisthokonta_Ascomycota
ASV_3132,0,0,0,0,0,0,0,0,10,0,0,0,0,0,0,0,0,0,0,0,0,0,0,0,0,0,0,0,0,0,0,0,0,0,0,0,0,0,0,0,0,0,0,0,0,Eukaryota,TSAR,Rhizaria,Cercozoa,Filosa-SarcomoNAdea,Pansomonadida,Pansomonadida_X,Pansomonadida_XX,Pansomonadida_XX_sp.,Rhizaria
ASV_3133,0,0,0,0,0,0,0,0,0,0,10,0,0,0,0,0,0,0,0,0,0,0,0,0,0,0,0,0,0,0,0,0,0,0,0,0,0,0,0,0,0,0,0,0,0,Eukaryota,TSAR,Rhizaria,Cercozoa,Novel-clade-10-12,Tremulida,Tremulidae,Tremula,Tremula_longifila,Rhizaria
ASV_3134,0,0,0,0,0,0,0,0,0,0,0,0,10,0,0,0,0,0,0,0,0,0,0,0,0,0,0,0,0,0,0,0,0,0,0,0,0,0,0,0,0,0,0,0,0,Eukaryota,TSAR,Stramenopiles,Bigyra,Bicoecea,Pseudodendromonadales,Pseudodendromonadales_X,Pseudodendromonadales_XX,Pseudodendromonadales_XX_sp.,Stramenopiles
ASV_3135,0,0,0,0,0,0,0,0,0,0,0,0,10,0,0,0,0,0,0,0,0,0,0,0,0,0,0,0,0,0,0,0,0,0,0,0,0,0,0,0,0,0,0,0,0,Eukaryota,Obazoa,Opisthokonta,Fungi,Ascomycota,Pezizomycotina,Sordariomycetes,NA,NA,Opisthokonta_Ascomycota
ASV_3136,0,0,0,0,0,0,0,0,0,0,0,0,0,10,0,0,0,0,0,0,0,0,0,0,0,0,0,0,0,0,0,0,0,0,0,0,0,0,0,0,0,0,0,0,0,Eukaryota,Obazoa,Opisthokonta,Fungi,Basidiomycota,Agaricomycotina,Agaricomycetes,Xylobolus,Xylobolus_sp.,Opisthokonta_Basidiomycota
ASV_3137,0,0,0,0,0,0,0,0,0,0,0,0,0,0,10,0,0,0,0,0,0,0,0,0,0,0,0,0,0,0,0,0,0,0,0,0,0,0,0,0,0,0,0,0,0,Eukaryota,Obazoa,Opisthokonta,Metazoa,Arthropoda,Crustacea,Maxillopoda,Macrocyclops,Macrocyclops_albidus,Opisthokonta_Arthropoda
ASV_3138,0,0,0,0,0,0,0,0,0,0,0,0,0,0,0,10,0,0,0,0,0,0,0,0,0,0,0,0,0,0,0,0,0,0,0,0,0,0,0,0,0,0,0,0,0,Eukaryota,Haptista,Centroplasthelida,Centroplasthelida_X,Centroplasthelida_XX,Centroplasthelida_XXX,Centroplasthelida_XXXX,Centroplasthelida_XXXXX,Centroplasthelida_XXXXX_sp.,Centroplasthelida
ASV_3139,0,0,0,0,0,0,0,0,0,0,0,0,0,0,0,10,0,0,0,0,0,0,0,0,0,0,0,0,0,0,0,0,0,0,0,0,0,0,0,0,0,0,0,0,0,Eukaryota,TSAR,Stramenopiles,Gyrista,Bacillariophyceae,Cymbellales,Gomphonemataceae,Encyonema,Encyonema_silesacum,Stramenopiles
ASV_3140,0,0,0,0,0,0,0,0,0,0,0,0,0,0,0,10,0,0,0,0,0,0,0,0,0,0,0,0,0,0,0,0,0,0,0,0,0,0,0,0,0,0,0,0,0,Eukaryota,TSAR,Stramenopiles,Bigyra,Sagenista,Labyrinthulomycetes,Amphitraemidae,Amphitrema,NA,Stramenopiles
ASV_3141,0,0,0,0,0,0,0,0,0,0,0,0,0,0,0,0,10,0,0,0,0,0,0,0,0,0,0,0,0,0,0,0,0,0,0,0,0,0,0,0,0,0,0,0,0,Eukaryota,TSAR,Alveolata,Dinoflagellata,Dinophyceae,Gymnodiniales,NA,NA,NA,Alveolata
ASV_3142,0,0,0,0,0,0,0,0,0,0,0,0,0,0,0,0,10,0,0,0,0,0,0,0,0,0,0,0,0,0,0,0,0,0,0,0,0,0,0,0,0,0,0,0,0,Eukaryota,TSAR,Stramenopiles,Gyrista,Eustigmatophyceae,Eustigmatophyceae_X,Eustigmatophyceae_XX,Trachydiscus,Trachydiscus_sp.,Stramenopiles
ASV_3143,0,0,0,0,0,0,0,0,0,0,0,0,0,0,0,0,10,0,0,0,0,0,0,0,0,0,0,0,0,0,0,0,0,0,0,0,0,0,0,0,0,0,0,0,0,Eukaryota,TSAR,Rhizaria,Cercozoa,Endomyxa,Vampyrellida,NA,NA,NA,Rhizaria
ASV_3144,0,0,0,0,0,0,0,0,0,0,0,0,0,0,0,0,0,10,0,0,0,0,0,0,0,0,0,0,0,0,0,0,0,0,0,0,0,0,0,0,0,0,0,0,0,Eukaryota,Obazoa,Opisthokonta,Ichthyosporea,Ichthyophonida,Ichthyophonidae,Amoebidianae,Amoebidium,Amoebidium_parasiticum,Opisthokonta_Ichthyophonida
ASV_3145,0,0,0,0,0,0,0,0,0,0,0,0,0,0,0,0,0,0,10,0,0,0,0,0,0,0,0,0,0,0,0,0,0,0,0,0,0,0,0,0,0,0,0,0,0,Eukaryota,TSAR,Stramenopiles,Gyrista,Chrysophyceae,Chrysosaccales,Chrysosaccaceae,Chrysosphaera,Chrysosphaera_parvula,Stramenopiles
ASV_3146,0,0,0,0,0,0,0,0,0,0,0,0,0,0,0,0,0,0,10,0,0,0,0,0,0,0,0,0,0,0,0,0,0,0,0,0,0,0,0,0,0,0,0,0,0,Eukaryota,Obazoa,Opisthokonta,Fungi,Chytridiomycota,Rhizophydiales,NA,NA,NA,Opisthokonta_Chytridiomycota
ASV_3147,0,0,0,0,0,0,0,0,0,0,0,0,0,0,0,0,0,0,10,0,0,0,0,0,0,0,0,0,0,0,0,0,0,0,0,0,0,0,0,0,0,0,0,0,0,Eukaryota,CRuMs,Rigifilida,Rigifilida_X,Rigifilida_XX,Rigifilida_XXX,Rigifilida_XXXX,Rigifila,Rigifila_ramosa,Rigifilida
ASV_3148,0,0,0,0,0,0,0,0,0,0,0,0,0,0,0,0,0,0,10,0,0,0,0,0,0,0,0,0,0,0,0,0,0,0,0,0,0,0,0,0,0,0,0,0,0,Eukaryota,NA,NA,NA,NA,NA,NA,NA,NA,NA
ASV_3149,0,0,0,0,0,0,0,0,0,0,0,0,0,0,0,0,0,0,10,0,0,0,0,0,0,0,0,0,0,0,0,0,0,0,0,0,0,0,0,0,0,0,0,0,0,Eukaryota,TSAR,Stramenopiles,Gyrista,Chrysophyceae,NA,NA,NA,NA,Stramenopiles
ASV_3150,0,0,0,0,0,0,0,0,0,0,0,0,0,0,0,0,0,0,10,0,0,0,0,0,0,0,0,0,0,0,0,0,0,0,0,0,0,0,0,0,0,0,0,0,0,Eukaryota,Archaeplastida,Chlorophyta,Chlorophyta_X,Chlorophyceae,Oedogoniales,Oedogoniales_X,Oedogonium,Oedogonium_brevicingulatum,Chlorophyta
ASV_3151,0,0,0,0,0,0,0,0,0,0,0,0,0,0,0,0,0,0,10,0,0,0,0,0,0,0,0,0,0,0,0,0,0,0,0,0,0,0,0,0,0,0,0,0,0,Eukaryota,TSAR,Alveolata,Dinoflagellata,Dinophyceae,Suessiales,Suessiaceae,Asulcocephalium,Asulcocephalium_miricentonis,Alveolata
ASV_3152,0,0,0,0,0,0,0,0,0,0,0,0,0,0,0,0,0,0,0,10,0,0,0,0,0,0,0,0,0,0,0,0,0,0,0,0,0,0,0,0,0,0,0,0,0,Eukaryota,TSAR,Stramenopiles,Gyrista,Eustigmatophyceae,Eustigmatophyceae_X,Eustigmatophyceae_XX,NA,NA,Stramenopiles
ASV_3153,0,0,0,0,0,0,0,0,0,0,0,0,0,0,0,0,0,0,0,10,0,0,0,0,0,0,0,0,0,0,0,0,0,0,0,0,0,0,0,0,0,0,0,0,0,Eukaryota,TSAR,Stramenopiles,Bigyra,Bicoecea,Pseudodendromonadales,Pseudodendromonadales_X,Pseudodendromonadales_XX,Pseudodendromonadales_XX_sp.,Stramenopiles
ASV_3154,0,0,0,0,0,0,0,0,0,0,0,0,0,0,0,0,0,0,0,0,10,0,0,0,0,0,0,0,0,0,0,0,0,0,0,0,0,0,0,0,0,0,0,0,0,Eukaryota,Obazoa,Opisthokonta,Metazoa,Arthropoda,Crustacea,Ostracoda,Cypridopsis,Cypridopsis_adusta,Opisthokonta_Arthropoda
ASV_3155,0,0,0,0,0,0,0,0,0,0,0,0,0,0,0,0,0,0,0,0,10,0,0,0,0,0,0,0,0,0,0,0,0,0,0,0,0,0,0,0,0,0,0,0,0,Eukaryota,TSAR,Alveolata,Dinoflagellata,Dinophyceae,Suessiales,Borghiellaceae,Baldinia,Baldinia_sp.,Alveolata
ASV_3156,0,0,0,0,0,0,0,0,0,0,0,0,0,0,0,0,0,0,0,0,0,10,0,0,0,0,0,0,0,0,0,0,0,0,0,0,0,0,0,0,0,0,0,0,0,Eukaryota,Obazoa,Opisthokonta,Metazoa,Gastrotricha,Gastrotricha_X,Gastrotricha_XX,NA,NA,Opisthokonta_Gastrotricha
ASV_3157,0,0,0,0,0,0,0,0,0,0,0,0,0,0,0,0,0,0,0,0,0,10,0,0,0,0,0,0,0,0,0,0,0,0,0,0,0,0,0,0,0,0,0,0,0,Eukaryota,Archaeplastida,Streptophyta,Streptophyta_X,Zygnemophyceae, Zygnemophyceae, ZygnemophyceaeX,Closterium,Closterium_incurvum,Streptophyta
ASV_3158,0,0,0,0,0,0,0,0,0,0,0,0,0,0,0,0,0,0,0,0,0,0,10,0,0,0,0,0,0,0,0,0,0,0,0,0,0,0,0,0,0,0,0,0,0,Eukaryota,Archaeplastida,Chlorophyta,Chlorophyta_X,NA,NA,NA,NA,NA,Chlorophyta
ASV_3159,0,0,0,0,0,0,0,0,0,0,0,0,0,0,0,0,0,0,0,0,0,0,0,10,0,0,0,0,0,0,0,0,0,0,0,0,0,0,0,0,0,0,0,0,0,Eukaryota,TSAR,Stramenopiles,Bigyra,NA,NA,NA,NA,NA,Stramenopiles
ASV_3160,0,0,0,0,0,0,0,0,0,0,0,0,0,0,0,0,0,0,0,0,0,0,0,0,10,0,0,0,0,0,0,0,0,0,0,0,0,0,0,0,0,0,0,0,0,Eukaryota,NA,NA,NA,NA,NA,NA,NA,NA,NA
ASV_3161,0,0,0,0,0,0,0,0,0,0,0,0,0,0,0,0,0,0,0,0,0,0,0,0,10,0,0,0,0,0,0,0,0,0,0,0,0,0,0,0,0,0,0,0,0,Eukaryota,Obazoa,Opisthokonta,Fungi,Ascomycota,Pezizomycotina,Dothideomycetes,NA,NA,Opisthokonta_Ascomycota
ASV_3162,0,0,0,0,0,0,0,0,0,0,0,0,0,0,0,0,0,0,0,0,0,0,0,0,0,10,0,0,0,0,0,0,0,0,0,0,0,0,0,0,0,0,0,0,0,Eukaryota,Obazoa,Opisthokonta,Fungi,NA,NA,NA,NA,NA,Opisthokonta_Unclassified
ASV_3163,0,0,0,0,0,0,0,0,0,0,0,0,0,0,0,0,0,0,0,0,0,0,0,0,0,10,0,0,0,0,0,0,0,0,0,0,0,0,0,0,0,0,0,0,0,Eukaryota,Obazoa,Opisthokonta,Fungi,NA,NA,NA,NA,NA,Opisthokonta_Unclassified
ASV_3164,0,0,0,0,0,0,0,0,0,0,0,0,0,0,0,0,0,0,0,0,0,0,0,0,0,0,0,0,0,10,0,0,0,0,0,0,0,0,0,0,0,0,0,0,0,Eukaryota,Obazoa,Opisthokonta,Fungi,Ascomycota,Pezizomycotina,Sordariomycetes,NA,NA,Opisthokonta_Ascomycota
ASV_3165,0,0,0,0,0,0,0,0,0,0,0,0,0,0,0,0,0,0,0,0,0,0,0,0,0,0,0,0,0,10,0,0,0,0,0,0,0,0,0,0,0,0,0,0,0,Eukaryota,Obazoa,Opisthokonta,Fungi,Chytridiomycota,Zygophlyctidales,Zygophlyctidaceae,Zygophlyctis,NA,Opisthokonta_Chytridiomycota
ASV_3166,0,0,0,0,0,0,0,0,0,0,0,0,0,0,0,0,0,0,0,0,0,0,0,0,0,0,0,0,0,0,10,0,0,0,0,0,0,0,0,0,0,0,0,0,0,Eukaryota,Obazoa,Opisthokonta,Fungi,Chytridiomycota,NA,NA,NA,NA,Opisthokonta_Chytridiomycota
ASV_3167,0,0,0,0,0,0,0,0,0,0,0,0,0,0,0,0,0,0,0,0,0,0,0,0,0,0,0,0,0,0,10,0,0,0,0,0,0,0,0,0,0,0,0,0,0,Eukaryota,NA,NA,NA,NA,NA,NA,NA,NA,NA
ASV_3168,0,0,0,0,0,0,0,0,0,0,0,0,0,0,0,0,0,0,0,0,0,0,0,0,0,0,0,0,0,0,0,10,0,0,0,0,0,0,0,0,0,0,0,0,0,Eukaryota,Obazoa,Opisthokonta,Fungi,NA,NA,NA,NA,NA,Opisthokonta_Unclassified
ASV_3169,0,0,0,0,0,0,0,0,0,0,0,0,0,0,0,0,0,0,0,0,0,0,0,0,0,0,0,0,0,0,0,10,0,0,0,0,0,0,0,0,0,0,0,0,0,Eukaryota,Obazoa,Opisthokonta,Metazoa,Arthropoda,Hexapoda,Collembola,NA,NA,Opisthokonta_Arthropoda
ASV_3170,0,0,0,0,0,0,0,0,0,0,0,0,0,0,0,0,0,0,0,0,0,0,0,0,0,0,0,0,0,0,0,10,0,0,0,0,0,0,0,0,0,0,0,0,0,Eukaryota,TSAR,Stramenopiles,Bigyra,Opalozoa,Opalozoa_X,MAST-12,MAST-12C,MAST-12C_sp.,Stramenopiles
ASV_3171,0,0,0,0,0,0,0,0,0,0,0,0,0,0,0,0,0,0,0,0,0,0,0,0,0,0,0,0,0,0,0,0,0,10,0,0,0,0,0,0,0,0,0,0,0,Eukaryota,TSAR,Stramenopiles,Gyrista,Eustigmatophyceae,Eustigmatophyceae_X,Eustigmatophyceae_XX,Pseudostaurastrum,Pseudostaurastrum_enorme,Stramenopiles
ASV_3172,0,0,0,0,0,0,0,0,0,0,0,0,0,0,0,0,0,0,0,0,0,0,0,0,0,0,0,0,0,0,0,0,0,10,0,0,0,0,0,0,0,0,0,0,0,Eukaryota,Archaeplastida,Chlorophyta,Chlorophyta_X,Chlorophyceae,Sphaeropleales,Sphaeropleales_X,Pediastrum,Pediastrum_duplex,Chlorophyta
ASV_3173,0,0,0,0,0,0,0,0,0,0,0,0,0,0,0,0,0,0,0,0,0,0,0,0,0,0,0,0,0,0,0,0,0,10,0,0,0,0,0,0,0,0,0,0,0,Eukaryota,Obazoa,Opisthokonta,NA,NA,NA,NA,NA,NA,Opisthokonta_Unclassified
ASV_3174,0,0,0,0,0,0,0,0,0,0,0,0,0,0,0,0,0,0,0,0,0,0,0,0,0,0,0,0,0,0,0,0,0,10,0,0,0,0,0,0,0,0,0,0,0,Eukaryota,Obazoa,Opisthokonta,Fungi,Ascomycota,NA,NA,NA,NA,Opisthokonta_Ascomycota
ASV_3175,0,0,0,0,0,0,0,0,0,0,0,0,0,0,0,0,0,0,0,0,0,0,0,0,0,0,0,0,0,0,0,0,0,10,0,0,0,0,0,0,0,0,0,0,0,Eukaryota,TSAR,Rhizaria,Cercozoa,Filosa-Granofilosea,Filosa-Granofilosea_X,Novel-Gran-234,Novel-Gran-234_X,Novel-Gran-234_X_sp.,Rhizaria
ASV_3176,0,0,0,0,0,0,0,0,0,0,0,0,0,0,0,0,0,0,0,0,0,0,0,0,0,0,0,0,0,0,0,0,0,10,0,0,0,0,0,0,0,0,0,0,0,Eukaryota,Obazoa,Opisthokonta,Metazoa,Arthropoda,Crustacea,Branchiopoda,Chydorus,Chydorus_sphaericus,Opisthokonta_Arthropoda
ASV_3177,0,0,0,0,0,0,0,0,0,0,0,0,0,0,0,0,0,0,0,0,0,0,0,0,0,0,0,0,0,0,0,0,0,0,10,0,0,0,0,0,0,0,0,0,0,Eukaryota,Cryptista,Cryptophyta,Cryptophyta_X,Cryptophyceae,Cryptomonadales,Cryptomonadales_X,NA,NA,Cryptophyta
ASV_3178,0,0,0,0,0,0,0,0,0,0,0,0,0,0,0,0,0,0,0,0,0,0,0,0,0,0,0,0,0,0,0,0,0,0,0,10,0,0,0,0,0,0,0,0,0,Eukaryota,Obazoa,Opisthokonta,Metazoa,Arthropoda,Crustacea,Branchiopoda,Diaphanosoma,Diaphanosoma_sp.,Opisthokonta_Arthropoda
ASV_3179,0,0,0,0,0,0,0,0,0,0,0,0,0,0,0,0,0,0,0,0,0,0,0,0,0,0,0,0,0,0,0,0,0,0,0,10,0,0,0,0,0,0,0,0,0,Eukaryota,Archaeplastida,Chlorophyta,Chlorophyta_X,Chlorophyceae,Chlamydomonadales,Chlamydomonadales_X,Volvox,Volvox_globator,Chlorophyta
ASV_3180,0,0,0,0,0,0,0,0,0,0,0,0,0,0,0,0,0,0,0,0,0,0,0,0,0,0,0,0,0,0,0,0,0,0,0,0,10,0,0,0,0,0,0,0,0,Eukaryota,Obazoa,Opisthokonta,Fungi,Ascomycota,Pezizomycotina,Dothideomycetes,Trematosphaeria,NA,Opisthokonta_Ascomycota
ASV_3181,0,0,0,0,0,0,0,0,0,0,0,0,0,0,0,0,0,0,0,0,0,0,0,0,0,0,0,0,0,0,0,0,0,0,0,0,10,0,0,0,0,0,0,0,0,Eukaryota,TSAR,Rhizaria,Cercozoa,Filosa-SarcomoNAdea,NA,NA,NA,NA,Rhizaria
ASV_3182,0,0,0,0,0,0,0,0,0,0,0,0,0,0,0,0,0,0,0,0,0,0,0,0,0,0,0,0,0,0,0,0,0,0,0,0,10,0,0,0,0,0,0,0,0,Eukaryota,Archaeplastida,Chlorophyta,Chlorophyta_X,Chlorophyceae,Chlamydomonadales,Chlamydomonadales_X,Neochlorosarcina,Neochlorosarcina_negevensis,Chlorophyta
ASV_3183,0,0,0,0,0,0,0,0,0,0,0,0,0,0,0,0,0,0,0,0,0,0,0,0,0,0,0,0,0,0,0,0,0,0,0,0,10,0,0,0,0,0,0,0,0,Eukaryota,TSAR,Rhizaria,Rhizaria_X,Rhizaria_XX,Aquavolonida,Aquavolonida_X,Aquavolon,NA,Rhizaria
ASV_3184,0,0,0,0,0,0,0,0,0,0,0,0,0,0,0,0,0,0,0,0,0,0,0,0,0,0,0,0,0,0,0,0,0,0,0,0,0,10,0,0,0,0,0,0,0,Eukaryota,Obazoa,Opisthokonta,Metazoa,Arthropoda,Crustacea,Maxillopoda,Eudiaptomus,Eudiaptomus_graciloides,Opisthokonta_Arthropoda
ASV_3185,0,0,0,0,0,0,0,0,0,0,0,0,0,0,0,0,0,0,0,0,0,0,0,0,0,0,0,0,0,0,0,0,0,0,0,0,0,0,0,0,10,0,0,0,0,Eukaryota,Obazoa,Opisthokonta,Metazoa,Arthropoda,Crustacea,Maxillopoda,Skistodiaptomus,NA,Opisthokonta_Arthropoda
ASV_3186,0,0,0,0,0,0,0,0,0,0,0,0,0,0,0,0,0,0,0,0,0,0,0,0,0,0,0,0,0,0,0,0,0,0,0,0,0,0,0,0,10,0,0,0,0,Eukaryota,Cryptista,Cryptophyta,Cryptophyta_X,Cryptophyceae,Goniomonadales,Goniomonadales_X,Goniomonas,Goniomonas_truncata,Cryptophyta
ASV_3187,0,0,0,0,0,0,0,0,0,0,0,0,0,0,0,0,0,0,0,0,0,0,0,0,0,0,0,0,0,0,0,0,0,0,0,0,0,0,0,0,0,10,0,0,0,Eukaryota,TSAR,Rhizaria,Cercozoa,Filosa-SarcomoNAdea,Glissomonadida,Bodomorphidae,Bodomorpha,Bodomorpha_minima,Rhizaria
ASV_3188,0,0,0,0,0,0,0,0,0,0,0,0,0,0,0,0,0,0,0,0,0,0,0,0,0,0,0,0,0,0,0,0,0,0,0,0,0,0,0,0,0,0,10,0,0,Eukaryota,Obazoa,Opisthokonta,Metazoa,Arthropoda,Crustacea,Maxillopoda,NA,NA,Opisthokonta_Arthropoda
ASV_3189,0,0,0,0,0,0,0,0,0,0,0,0,0,0,0,0,0,0,0,0,0,0,0,0,0,0,0,0,0,0,0,0,0,0,0,0,0,0,0,0,0,0,0,0,10,Eukaryota,Obazoa,Opisthokonta,Fungi,NA,NA,NA,NA,NA,Opisthokonta_Unclassified
ASV_3190,0,0,0,0,0,0,0,0,0,0,0,0,0,0,0,0,0,0,0,0,0,0,0,0,0,0,0,0,0,0,0,0,0,0,0,0,0,0,0,0,0,0,0,0,10,Eukaryota,Obazoa,Opisthokonta,Fungi,Basidiomycota,Agaricomycotina,Agaricomycetes,Heterobasidion,Heterobasidion_parviporum,Opisthokonta_Basidiomycota
ASV_3191,9,0,0,0,0,0,0,0,0,0,0,0,0,0,0,0,0,0,0,0,0,0,0,0,0,0,0,0,0,0,0,0,0,0,0,0,0,0,0,0,0,0,0,0,0,Eukaryota,TSAR,Stramenopiles,Bigyra,Bicoecea,Bicoecales,Bicoecaceae,Bicoecaceae_X,Bicoecaceae_X_sp.,Stramenopiles
ASV_3192,0,9,0,0,0,0,0,0,0,0,0,0,0,0,0,0,0,0,0,0,0,0,0,0,0,0,0,0,0,0,0,0,0,0,0,0,0,0,0,0,0,0,0,0,0,Eukaryota,Obazoa,Opisthokonta,Fungi,Basidiomycota,Agaricomycotina,Agaricomycetes,NA,NA,Opisthokonta_Basidiomycota
ASV_3193,0,9,0,0,0,0,0,0,0,0,0,0,0,0,0,0,0,0,0,0,0,0,0,0,0,0,0,0,0,0,0,0,0,0,0,0,0,0,0,0,0,0,0,0,0,Eukaryota,Obazoa,Opisthokonta,Fungi,Basidiomycota,Agaricomycotina,Agaricomycetes,NA,NA,Opisthokonta_Basidiomycota
ASV_3194,0,9,0,0,0,0,0,0,0,0,0,0,0,0,0,0,0,0,0,0,0,0,0,0,0,0,0,0,0,0,0,0,0,0,0,0,0,0,0,0,0,0,0,0,0,Eukaryota,TSAR,Rhizaria,Cercozoa,Novel-clade-10-12,Novel-clade-12,NC12B-lineage,NC12B-lineage_X,NC12B-lineage_X_sp.,Rhizaria
ASV_3195,0,0,9,0,0,0,0,0,0,0,0,0,0,0,0,0,0,0,0,0,0,0,0,0,0,0,0,0,0,0,0,0,0,0,0,0,0,0,0,0,0,0,0,0,0,Eukaryota,TSAR,Stramenopiles,Gyrista,Mediophyceae,Thalassiosirales,Stephanodiscaceae,Stephanodiscus,Stephanodiscus_niagarae,Stramenopiles
ASV_3196,0,0,0,9,0,0,0,0,0,0,0,0,0,0,0,0,0,0,0,0,0,0,0,0,0,0,0,0,0,0,0,0,0,0,0,0,0,0,0,0,0,0,0,0,0,Eukaryota,TSAR,Stramenopiles,Gyrista,Bolidophyceae,Parmales,NA,NA,NA,Stramenopiles
ASV_3197,0,0,0,9,0,0,0,0,0,0,0,0,0,0,0,0,0,0,0,0,0,0,0,0,0,0,0,0,0,0,0,0,0,0,0,0,0,0,0,0,0,0,0,0,0,Eukaryota,Obazoa,Opisthokonta,Fungi,Rozellomycota,Rozellomycota_X,Rozellomycota_XX,Rozellomycota_XXX,Rozellomycota_XXX_sp.,Opisthokonta_Rozellomycota
ASV_3198,0,0,0,0,0,0,9,0,0,0,0,0,0,0,0,0,0,0,0,0,0,0,0,0,0,0,0,0,0,0,0,0,0,0,0,0,0,0,0,0,0,0,0,0,0,Eukaryota,Cryptista,Cryptophyta,Cryptophyta_X,Cryptophyceae,Cryptomonadales,Cryptomonadales_X,Cryptomonas,Cryptomonas_vietnamica,Cryptophyta
ASV_3199,0,0,0,0,0,0,9,0,0,0,0,0,0,0,0,0,0,0,0,0,0,0,0,0,0,0,0,0,0,0,0,0,0,0,0,0,0,0,0,0,0,0,0,0,0,Eukaryota,Archaeplastida,Chlorophyta,Chlorophyta_X,Chlorophyceae,Chlamydomonadales,Chlamydomonadales_X,NA,NA,Chlorophyta
ASV_3200,0,0,0,0,0,0,9,0,0,0,0,0,0,0,0,0,0,0,0,0,0,0,0,0,0,0,0,0,0,0,0,0,0,0,0,0,0,0,0,0,0,0,0,0,0,Eukaryota,TSAR,Stramenopiles,Gyrista,Eustigmatophyceae,Eustigmatophyceae_X,Eustigmatophyceae_XX,Pseudocharaciopsis,Pseudocharaciopsis_ovalis,Stramenopiles
ASV_3201,0,0,0,0,0,0,0,9,0,0,0,0,0,0,0,0,0,0,0,0,0,0,0,0,0,0,0,0,0,0,0,0,0,0,0,0,0,0,0,0,0,0,0,0,0,Eukaryota,TSAR,Stramenopiles,Bigyra,Opalozoa,Opalozoa_X,MAST-12,MAST-12C,MAST-12C_sp.,Stramenopiles
ASV_3202,0,0,0,0,0,0,0,0,0,0,9,0,0,0,0,0,0,0,0,0,0,0,0,0,0,0,0,0,0,0,0,0,0,0,0,0,0,0,0,0,0,0,0,0,0,Eukaryota,Cryptista,Cryptophyta,Cryptophyta_X,Cryptophyceae,Goniomonadales,Goniomonadales_X,Goniomonas,Goniomonas_truncata,Cryptophyta
ASV_3203,0,0,0,0,0,0,0,0,0,0,0,9,0,0,0,0,0,0,0,0,0,0,0,0,0,0,0,0,0,0,0,0,0,0,0,0,0,0,0,0,0,0,0,0,0,Eukaryota,TSAR,Stramenopiles,Gyrista,Eustigmatophyceae,Eustigmatophyceae_X,Eustigmatophyceae_XX,NA,NA,Stramenopiles
ASV_3204,0,0,0,0,0,0,0,0,0,0,0,0,0,0,9,0,0,0,0,0,0,0,0,0,0,0,0,0,0,0,0,0,0,0,0,0,0,0,0,0,0,0,0,0,0,Eukaryota,Obazoa,Opisthokonta,Metazoa,Arthropoda,Crustacea,Maxillopoda,NA,NA,Opisthokonta_Arthropoda
ASV_3205,0,0,0,0,0,0,0,0,0,0,0,0,0,0,0,0,9,0,0,0,0,0,0,0,0,0,0,0,0,0,0,0,0,0,0,0,0,0,0,0,0,0,0,0,0,Eukaryota,Obazoa,Opisthokonta,Fungi,Chytridiomycota,Lobulomycetales,Lobulomycetaceae,Algomyces,Algomyces_stechlinensis,Opisthokonta_Chytridiomycota
ASV_3206,0,0,0,0,0,0,0,0,0,0,0,0,0,0,0,0,9,0,0,0,0,0,0,0,0,0,0,0,0,0,0,0,0,0,0,0,0,0,0,0,0,0,0,0,0,Eukaryota,TSAR,Rhizaria,Cercozoa,NA,NA,NA,NA,NA,Rhizaria
ASV_3207,0,0,0,0,0,0,0,0,0,0,0,0,0,0,0,0,9,0,0,0,0,0,0,0,0,0,0,0,0,0,0,0,0,0,0,0,0,0,0,0,0,0,0,0,0,Eukaryota,TSAR,Stramenopiles,Gyrista,Chrysophyceae,NA,NA,NA,NA,Stramenopiles
ASV_3208,0,0,0,0,0,0,0,0,0,0,0,0,0,0,0,0,9,0,0,0,0,0,0,0,0,0,0,0,0,0,0,0,0,0,0,0,0,0,0,0,0,0,0,0,0,Eukaryota,TSAR,Rhizaria,Cercozoa,Filosa-Granofilosea,Filosa-Granofilosea_X,Novel-Gran-234,Novel-Gran-234_X,Novel-Gran-234_X_sp.,Rhizaria
ASV_3209,0,0,0,0,0,0,0,0,0,0,0,0,0,0,0,0,9,0,0,0,0,0,0,0,0,0,0,0,0,0,0,0,0,0,0,0,0,0,0,0,0,0,0,0,0,Eukaryota,Archaeplastida,Streptophyta,Streptophyta_X,Embryophyceae,Embryophyceae_X,Embryophyceae_XX,Sparganium,NA,Streptophyta
ASV_3210,0,0,0,0,0,0,0,0,0,0,0,0,0,0,0,0,0,9,0,0,0,0,0,0,0,0,0,0,0,0,0,0,0,0,0,0,0,0,0,0,0,0,0,0,0,Eukaryota,TSAR,Stramenopiles,Gyrista,Mediophyceae,Thalassiosirales,NA,NA,NA,Stramenopiles
ASV_3211,0,0,0,0,0,0,0,0,0,0,0,0,0,0,0,0,0,9,0,0,0,0,0,0,0,0,0,0,0,0,0,0,0,0,0,0,0,0,0,0,0,0,0,0,0,Eukaryota,Obazoa,Opisthokonta,Metazoa,Arthropoda,Crustacea,Ostracoda,Darwinula,Darwinula_stevensoni,Opisthokonta_Arthropoda
ASV_3212,0,0,0,0,0,0,0,0,0,0,0,0,0,0,0,0,0,0,9,0,0,0,0,0,0,0,0,0,0,0,0,0,0,0,0,0,0,0,0,0,0,0,0,0,0,Eukaryota,Cryptista,NA,NA,NA,NA,NA,NA,NA,NA
ASV_3213,0,0,0,0,0,0,0,0,0,0,0,0,0,0,0,0,0,0,9,0,0,0,0,0,0,0,0,0,0,0,0,0,0,0,0,0,0,0,0,0,0,0,0,0,0,Eukaryota,Obazoa,Opisthokonta,Fungi,Ascomycota,Pezizomycotina,Sordariomycetes,Phomopsis,Phomopsis_amygdali,Opisthokonta_Ascomycota
ASV_3214,0,0,0,0,0,0,0,0,0,0,0,0,0,0,0,0,0,0,9,0,0,0,0,0,0,0,0,0,0,0,0,0,0,0,0,0,0,0,0,0,0,0,0,0,0,Eukaryota,TSAR,Stramenopiles,Gyrista,Chrysophyceae,NA,NA,NA,NA,Stramenopiles
ASV_3215,0,0,0,0,0,0,0,0,0,0,0,0,0,0,0,0,0,0,9,0,0,0,0,0,0,0,0,0,0,0,0,0,0,0,0,0,0,0,0,0,0,0,0,0,0,Eukaryota,TSAR,Stramenopiles,Gyrista,Peronosporomycetes,Peronosporomycetes,Haliphthorales,Haliphthoros,Haliphthoros_sp.,Stramenopiles
ASV_3216,0,0,0,0,0,0,0,0,0,0,0,0,0,0,0,0,0,0,9,0,0,0,0,0,0,0,0,0,0,0,0,0,0,0,0,0,0,0,0,0,0,0,0,0,0,Eukaryota,TSAR,Rhizaria,Cercozoa,Filosa-SarcomoNAdea,Glissomonadida,Allapsidae,Allapsidae_X,Allapsidae_X_sp.,Rhizaria
ASV_3217,0,0,0,0,0,0,0,0,0,0,0,0,0,0,0,0,0,0,9,0,0,0,0,0,0,0,0,0,0,0,0,0,0,0,0,0,0,0,0,0,0,0,0,0,0,Eukaryota,TSAR,Stramenopiles,Bigyra,Bicoecea,Pseudodendromonadales,Pseudodendromonadales_X,NA,NA,Stramenopiles
ASV_3218,0,0,0,0,0,0,0,0,0,0,0,0,0,0,0,0,0,0,9,0,0,0,0,0,0,0,0,0,0,0,0,0,0,0,0,0,0,0,0,0,0,0,0,0,0,Eukaryota,TSAR,Rhizaria,Cercozoa,Endomyxa,Vampyrellida,Leptophryidae,NA,NA,Rhizaria
ASV_3219,0,0,0,0,0,0,0,0,0,0,0,0,0,0,0,0,0,0,9,0,0,0,0,0,0,0,0,0,0,0,0,0,0,0,0,0,0,0,0,0,0,0,0,0,0,Eukaryota,Archaeplastida,Chlorophyta,Chlorophyta_X,Chlorophyceae,Sphaeropleales,Sphaeropleales_X,Pediastrum,Pediastrum_duplex,Chlorophyta
ASV_3220,0,0,0,0,0,0,0,0,0,0,0,0,0,0,0,0,0,0,9,0,0,0,0,0,0,0,0,0,0,0,0,0,0,0,0,0,0,0,0,0,0,0,0,0,0,Eukaryota,TSAR,Rhizaria,Cercozoa,NA,NA,NA,NA,NA,Rhizaria
ASV_3221,0,0,0,0,0,0,0,0,0,0,0,0,0,0,0,0,0,0,9,0,0,0,0,0,0,0,0,0,0,0,0,0,0,0,0,0,0,0,0,0,0,0,0,0,0,Eukaryota,Obazoa,Opisthokonta,Fungi,Ascomycota,Pezizomycotina,Pezizomycetes,NA,NA,Opisthokonta_Ascomycota
ASV_3222,0,0,0,0,0,0,0,0,0,0,0,0,0,0,0,0,0,0,9,0,0,0,0,0,0,0,0,0,0,0,0,0,0,0,0,0,0,0,0,0,0,0,0,0,0,Eukaryota,TSAR,Rhizaria,Cercozoa,NA,NA,NA,NA,NA,Rhizaria
ASV_3223,0,0,0,0,0,0,0,0,0,0,0,0,0,0,0,0,0,0,9,0,0,0,0,0,0,0,0,0,0,0,0,0,0,0,0,0,0,0,0,0,0,0,0,0,0,Eukaryota,Obazoa,Opisthokonta,Fungi,Chytridiomycota,Rhizophydiales,Rhizophydiaceae,Rhizophydium,NA,Opisthokonta_Chytridiomycota
ASV_3224,0,0,0,0,0,0,0,0,0,0,0,0,0,0,0,0,0,0,0,9,0,0,0,0,0,0,0,0,0,0,0,0,0,0,0,0,0,0,0,0,0,0,0,0,0,Eukaryota,TSAR,Alveolata,Ciliophora,Oligohymenophorea,Scuticociliatia_2,Scuticociliatia_2_X,Scuticociliatia_2_XX,Tardigrada_environmental,Alveolata
ASV_3225,0,0,0,0,0,0,0,0,0,0,0,0,0,0,0,0,0,0,0,9,0,0,0,0,0,0,0,0,0,0,0,0,0,0,0,0,0,0,0,0,0,0,0,0,0,Eukaryota,TSAR,Rhizaria,NA,NA,NA,NA,NA,NA,Rhizaria
ASV_3226,0,0,0,0,0,0,0,0,0,0,0,0,0,0,0,0,0,0,0,9,0,0,0,0,0,0,0,0,0,0,0,0,0,0,0,0,0,0,0,0,0,0,0,0,0,Eukaryota,TSAR,Stramenopiles,Bigyra,Sagenista,Labyrinthulomycetes,Amphitraemidae,Amphitrema,Amphitrema_sp.,Stramenopiles
ASV_3227,0,0,0,0,0,0,0,0,0,0,0,0,0,0,0,0,0,0,0,0,0,9,0,0,0,0,0,0,0,0,0,0,0,0,0,0,0,0,0,0,0,0,0,0,0,Eukaryota,TSAR,Stramenopiles,Bigyra,Bicoecea,Pseudodendromonadales,Pseudodendromonadales_X,Pseudodendromonadales_XX,Pseudodendromonadales_XX_sp.,Stramenopiles
ASV_3228,0,0,0,0,0,0,0,0,0,0,0,0,0,0,0,0,0,0,0,0,0,9,0,0,0,0,0,0,0,0,0,0,0,0,0,0,0,0,0,0,0,0,0,0,0,Eukaryota,Obazoa,Opisthokonta,Fungi,NA,NA,NA,NA,NA,Opisthokonta_Unclassified
ASV_3229,0,0,0,0,0,0,0,0,0,0,0,0,0,0,0,0,0,0,0,0,0,0,9,0,0,0,0,0,0,0,0,0,0,0,0,0,0,0,0,0,0,0,0,0,0,Eukaryota,Obazoa,Opisthokonta,Fungi,Ascomycota,Pezizomycotina,Eurotiomycetes,Exophiala,NA,Opisthokonta_Ascomycota
ASV_3230,0,0,0,0,0,0,0,0,0,0,0,0,0,0,0,0,0,0,0,0,0,0,9,0,0,0,0,0,0,0,0,0,0,0,0,0,0,0,0,0,0,0,0,0,0,Eukaryota,TSAR,Stramenopiles,Bigyra,Opalozoa,Opalozoa_X,MAST-12,MAST-12C,MAST-12C_sp.,Stramenopiles
ASV_3231,0,0,0,0,0,0,0,0,0,0,0,0,0,0,0,0,0,0,0,0,0,0,9,0,0,0,0,0,0,0,0,0,0,0,0,0,0,0,0,0,0,0,0,0,0,Eukaryota,Obazoa,Opisthokonta,Fungi,Ascomycota,Pezizomycotina,Eurotiomycetes,NA,NA,Opisthokonta_Ascomycota
ASV_3232,0,0,0,0,0,0,0,0,0,0,0,0,0,0,0,0,0,0,0,0,0,0,0,9,0,0,0,0,0,0,0,0,0,0,0,0,0,0,0,0,0,0,0,0,0,Eukaryota,NA,NA,NA,NA,NA,NA,NA,NA,NA
ASV_3233,0,0,0,0,0,0,0,0,0,0,0,0,0,0,0,0,0,0,0,0,0,0,0,9,0,0,0,0,0,0,0,0,0,0,0,0,0,0,0,0,0,0,0,0,0,Eukaryota,TSAR,Rhizaria,Cercozoa,Filosa-Imbricatea,Filosa-Imbricatea_X,Filosa-Imbricatea_XX,Filosa-Imbricatea_XXX,Filosa-Imbricatea_XXX_sp.,Rhizaria
ASV_3234,0,0,0,0,0,0,0,0,0,0,0,0,0,0,0,0,0,0,0,0,0,0,0,9,0,0,0,0,0,0,0,0,0,0,0,0,0,0,0,0,0,0,0,0,0,Eukaryota,TSAR,Stramenopiles,Gyrista,Chrysophyceae,NA,NA,NA,NA,Stramenopiles
ASV_3235,0,0,0,0,0,0,0,0,0,0,0,0,0,0,0,0,0,0,0,0,0,0,0,0,9,0,0,0,0,0,0,0,0,0,0,0,0,0,0,0,0,0,0,0,0,Eukaryota,Obazoa,Opisthokonta,Fungi,Zoopagomycota,Entomophthoromycotina,Entomophthoromycotina_X,Zoophthora,Zoophthora_radicans,Opisthokonta_Zoopagomycota
ASV_3236,0,0,0,0,0,0,0,0,0,0,0,0,0,0,0,0,0,0,0,0,0,0,0,0,9,0,0,0,0,0,0,0,0,0,0,0,0,0,0,0,0,0,0,0,0,Eukaryota,TSAR,Rhizaria,Cercozoa,Filosa-SarcomoNAdea,Cercomonadida,Paracercomonadidae,Paracercomonas,Paracercomonas_metabolicus,Rhizaria
ASV_3237,0,0,0,0,0,0,0,0,0,0,0,0,0,0,0,0,0,0,0,0,0,0,0,0,9,0,0,0,0,0,0,0,0,0,0,0,0,0,0,0,0,0,0,0,0,Eukaryota,Obazoa,Opisthokonta,Fungi,Ascomycota,Pezizomycotina,NA,NA,NA,Opisthokonta_Ascomycota
ASV_3238,0,0,0,0,0,0,0,0,0,0,0,0,0,0,0,0,0,0,0,0,0,0,0,0,9,0,0,0,0,0,0,0,0,0,0,0,0,0,0,0,0,0,0,0,0,Eukaryota,TSAR,Stramenopiles,Gyrista,Eustigmatophyceae,Eustigmatophyceae_X,Eustigmatophyceae_XX,Pseudocharaciopsis,Pseudocharaciopsis_ovalis,Stramenopiles
ASV_3239,0,0,0,0,0,0,0,0,0,0,0,0,0,0,0,0,0,0,0,0,0,0,0,0,9,0,0,0,0,0,0,0,0,0,0,0,0,0,0,0,0,0,0,0,0,Eukaryota,Obazoa,Opisthokonta,Fungi,Chytridiomycota,Rhizophydiales,NA,NA,NA,Opisthokonta_Chytridiomycota
ASV_3240,0,0,0,0,0,0,0,0,0,0,0,0,0,0,0,0,0,0,0,0,0,0,0,0,9,0,0,0,0,0,0,0,0,0,0,0,0,0,0,0,0,0,0,0,0,Eukaryota,TSAR,Stramenopiles,Bigyra,Opalozoa,Opalozoa_X,MAST-12,MAST-12_X,MAST-12_X_sp.,Stramenopiles
ASV_3241,0,0,0,0,0,0,0,0,0,0,0,0,0,0,0,0,0,0,0,0,0,0,0,0,9,0,0,0,0,0,0,0,0,0,0,0,0,0,0,0,0,0,0,0,0,Eukaryota,TSAR,Rhizaria,Cercozoa,Filosa-SarcomoNAdea,Glissomonadida,NA,NA,NA,Rhizaria
ASV_3242,0,0,0,0,0,0,0,0,0,0,0,0,0,0,0,0,0,0,0,0,0,0,0,0,9,0,0,0,0,0,0,0,0,0,0,0,0,0,0,0,0,0,0,0,0,Eukaryota,TSAR,Stramenopiles,Gyrista,Eustigmatophyceae,Eustigmatophyceae_X,Eustigmatophyceae_XX,Eustigmatophyceae_XXX,Eustigmatophyceae_XXX_sp.,Stramenopiles
ASV_3243,0,0,0,0,0,0,0,0,0,0,0,0,0,0,0,0,0,0,0,0,0,0,0,0,0,9,0,0,0,0,0,0,0,0,0,0,0,0,0,0,0,0,0,0,0,Eukaryota,Obazoa,Opisthokonta,Choanoflagellata,Choanoflagellatea,Choanoflagellatea_X,Choanoflagellata_XX_Clade-2,Sphaeroeca,Sphaeroeca_volvox,Opisthokonta_Choanoflagellatea
ASV_3244,0,0,0,0,0,0,0,0,0,0,0,0,0,0,0,0,0,0,0,0,0,0,0,0,0,9,0,0,0,0,0,0,0,0,0,0,0,0,0,0,0,0,0,0,0,Eukaryota,TSAR,Rhizaria,Cercozoa,Novel-clade-10-12,Tremulida,Tremulidae,Tremula,NA,Rhizaria
ASV_3245,0,0,0,0,0,0,0,0,0,0,0,0,0,0,0,0,0,0,0,0,0,0,0,0,0,9,0,0,0,0,0,0,0,0,0,0,0,0,0,0,0,0,0,0,0,Eukaryota,Obazoa,Opisthokonta,Fungi,NA,NA,NA,NA,NA,Opisthokonta_Unclassified
ASV_3246,0,0,0,0,0,0,0,0,0,0,0,0,0,0,0,0,0,0,0,0,0,0,0,0,0,9,0,0,0,0,0,0,0,0,0,0,0,0,0,0,0,0,0,0,0,Eukaryota,TSAR,Rhizaria,Cercozoa,Filosa-Thecofilosea,Cryomonadida,Rhogostoma-lineage,NA,NA,Rhizaria
ASV_3247,0,0,0,0,0,0,0,0,0,0,0,0,0,0,0,0,0,0,0,0,0,0,0,0,0,9,0,0,0,0,0,0,0,0,0,0,0,0,0,0,0,0,0,0,0,Eukaryota,TSAR,Stramenopiles,Bigyra,Bicoecea,Pseudodendromonadales,Pseudodendromonadales_X,Adriamonas,Adriamonas_peritocrescens,Stramenopiles
ASV_3248,0,0,0,0,0,0,0,0,0,0,0,0,0,0,0,0,0,0,0,0,0,0,0,0,0,9,0,0,0,0,0,0,0,0,0,0,0,0,0,0,0,0,0,0,0,Eukaryota,Obazoa,Opisthokonta,NA,NA,NA,NA,NA,NA,Opisthokonta_Unclassified
ASV_3249,0,0,0,0,0,0,0,0,0,0,0,0,0,0,0,0,0,0,0,0,0,0,0,0,0,9,0,0,0,0,0,0,0,0,0,0,0,0,0,0,0,0,0,0,0,Eukaryota,TSAR,Stramenopiles,Bigyra,Bicoecea,Bicoecales,Bicoecaceae,Bicosoeca,Bicosoeca_petiolata,Stramenopiles
ASV_3250,0,0,0,0,0,0,0,0,0,0,0,0,0,0,0,0,0,0,0,0,0,0,0,0,0,0,0,0,0,9,0,0,0,0,0,0,0,0,0,0,0,0,0,0,0,Eukaryota,TSAR,Rhizaria,Cercozoa,Filosa-SarcomoNAdea,Glissomonadida,Sandonidae,Sandona,Sandona_aporians,Rhizaria
ASV_3251,0,0,0,0,0,0,0,0,0,0,0,0,0,0,0,0,0,0,0,0,0,0,0,0,0,0,0,0,0,0,9,0,0,0,0,0,0,0,0,0,0,0,0,0,0,Eukaryota,Amoebozoa,Tubulinea,Tubulinea_X,Elardia,Euamoebida,Hartmannellidae,Copromyxa,Copromyxa_laresi,Tubulinea
ASV_3252,0,0,0,0,0,0,0,0,0,0,0,0,0,0,0,0,0,0,0,0,0,0,0,0,0,0,0,0,0,0,0,9,0,0,0,0,0,0,0,0,0,0,0,0,0,Eukaryota,TSAR,Stramenopiles,Bigyra,Opalozoa,Opalozoa_X,MAST-12,MAST-12C,MAST-12C_sp.,Stramenopiles
ASV_3253,0,0,0,0,0,0,0,0,0,0,0,0,0,0,0,0,0,0,0,0,0,0,0,0,0,0,0,0,0,0,0,0,4,5,0,0,0,0,0,0,0,0,0,0,0,Eukaryota,Obazoa,Opisthokonta,Fungi,Chytridiomycota,Rhizophydiales,Alphamycetaceae,Alphamyces,Alphamyces_chaetifer,Opisthokonta_Chytridiomycota
ASV_3254,0,0,0,0,0,0,0,0,0,0,0,0,0,0,0,0,0,0,0,0,0,0,0,0,0,0,0,0,0,0,0,0,0,9,0,0,0,0,0,0,0,0,0,0,0,Eukaryota,TSAR,Stramenopiles,Bigyra,Bicoecea,Pseudodendromonadales,Pseudodendromonadales_X,Pseudodendromonadales_XX,Pseudodendromonadales_XX_sp.,Stramenopiles
ASV_3255,0,0,0,0,0,0,0,0,0,0,0,0,0,0,0,0,0,0,0,0,0,0,0,0,0,0,0,0,0,0,0,0,0,9,0,0,0,0,0,0,0,0,0,0,0,Eukaryota,Obazoa,Opisthokonta,Fungi,Opisthosporidia,Microsporida,Microsporida_X,Paramicrosporidium,Paramicrosporidium_saccamoebae,Opisthokonta_Opisthosporidia
ASV_3256,0,0,0,0,0,0,0,0,0,0,0,0,0,0,0,0,0,0,0,0,0,0,0,0,0,0,0,0,0,0,0,0,0,9,0,0,0,0,0,0,0,0,0,0,0,Eukaryota,Obazoa,Opisthokonta,Metazoa,Gastrotricha,Gastrotricha_X,Gastrotricha_XX,NA,NA,Opisthokonta_Gastrotricha
ASV_3257,0,0,0,0,0,0,0,0,0,0,0,0,0,0,0,0,0,0,0,0,0,0,0,0,0,0,0,0,0,0,0,0,0,9,0,0,0,0,0,0,0,0,0,0,0,Eukaryota,TSAR,Alveolata,Colponemidia,Colponemidia_X,Colponemida,Colponemidae,Colponema,NA,Alveolata
ASV_3258,0,0,0,0,0,0,0,0,0,0,0,0,0,0,0,0,0,0,0,0,0,0,0,0,0,0,0,0,0,0,0,0,0,9,0,0,0,0,0,0,0,0,0,0,0,Eukaryota,Cryptista,Cryptophyta,Cryptophyta_X,Cryptophyceae,Cryptomonadales,Cryptomonadales_X,Cryptomonas,Cryptomonas_furtiva,Cryptophyta
ASV_3259,0,0,0,0,0,0,0,0,0,0,0,0,0,0,0,0,0,0,0,0,0,0,0,0,0,0,0,0,0,0,0,0,0,0,0,9,0,0,0,0,0,0,0,0,0,Eukaryota,Obazoa,Opisthokonta,Fungi,Ascomycota,Pezizomycotina,Eurotiomycetes,NA,NA,Opisthokonta_Ascomycota
ASV_3260,0,0,0,0,0,0,0,0,0,0,0,0,0,0,0,0,0,0,0,0,0,0,0,0,0,0,0,0,0,0,0,0,0,0,0,9,0,0,0,0,0,0,0,0,0,Eukaryota,TSAR,Stramenopiles,Bigyra,Bicoecea,Pseudodendromonadales,Pseudodendromonadales_X,NA,NA,Stramenopiles
ASV_3261,0,0,0,0,0,0,0,0,0,0,0,0,0,0,0,0,0,0,0,0,0,0,0,0,0,0,0,0,0,0,0,0,0,0,0,9,0,0,0,0,0,0,0,0,0,Eukaryota,TSAR,Stramenopiles,Bigyra,Bicoecea,NA,NA,NA,NA,Stramenopiles
ASV_3262,0,0,0,0,0,0,0,0,0,0,0,0,0,0,0,0,0,0,0,0,0,0,0,0,0,0,0,0,0,0,0,0,0,0,0,0,9,0,0,0,0,0,0,0,0,Eukaryota,NA,NA,NA,NA,NA,NA,NA,NA,NA
ASV_3263,0,0,0,0,0,0,0,0,0,0,0,0,0,0,0,0,0,0,0,0,0,0,0,0,0,0,0,0,0,0,0,0,0,0,0,0,9,0,0,0,0,0,0,0,0,Eukaryota,NA,NA,NA,NA,NA,NA,NA,NA,NA
ASV_3264,0,0,0,0,0,0,0,0,0,0,0,0,0,0,0,0,0,0,0,0,0,0,0,0,0,0,0,0,0,0,0,0,0,0,0,0,0,9,0,0,0,0,0,0,0,Eukaryota,TSAR,Rhizaria,Cercozoa,NA,NA,NA,NA,NA,Rhizaria
ASV_3265,0,0,0,0,0,0,0,0,0,0,0,0,0,0,0,0,0,0,0,0,0,0,0,0,0,0,0,0,0,0,0,0,0,0,0,0,0,9,0,0,0,0,0,0,0,Eukaryota,Obazoa,Opisthokonta,Metazoa,Arthropoda,Crustacea,Maxillopoda,Eucyclops,Eucyclops_macruroides,Opisthokonta_Arthropoda
ASV_3266,0,0,0,0,0,0,0,0,0,0,0,0,0,0,0,0,0,0,0,0,0,0,0,0,0,0,0,0,0,0,0,0,0,0,0,0,0,9,0,0,0,0,0,0,0,Eukaryota,Obazoa,Opisthokonta,Fungi,Chytridiomycota,Rhizophydiales,Rhizophydiaceae,Rhizophydium,NA,Opisthokonta_Chytridiomycota
ASV_3267,0,0,0,0,0,0,0,0,0,0,0,0,0,0,0,0,0,0,0,0,0,0,0,0,0,0,0,0,0,0,0,0,0,0,0,0,0,0,9,0,0,0,0,0,0,Eukaryota,Cryptista,Cryptophyta,Cryptophyta_X,Cryptophyceae,Cryptomonadales,Cryptomonadales_X,Komma,Komma_caudata,Cryptophyta
ASV_3268,0,0,0,0,0,0,0,0,0,0,0,0,0,0,0,0,0,0,0,0,0,0,0,0,0,0,0,0,0,0,0,0,0,0,0,0,0,0,9,0,0,0,0,0,0,Eukaryota,NA,NA,NA,NA,NA,NA,NA,NA,NA
ASV_3269,0,0,0,0,0,0,0,0,0,0,0,0,0,0,0,0,0,0,0,0,0,0,0,0,0,0,0,0,0,0,0,0,0,0,0,0,0,0,0,0,0,9,0,0,0,Eukaryota,TSAR,Stramenopiles,Gyrista,Eustigmatophyceae,Eustigmatophyceae_X,Eustigmatophyceae_XX,Pseudostaurastrum,Pseudostaurastrum_enorme,Stramenopiles
ASV_3270,0,0,0,0,0,0,0,0,0,0,0,0,0,0,0,0,0,0,0,0,0,0,0,0,0,0,0,0,0,0,0,0,0,0,0,0,0,0,0,0,0,9,0,0,0,Eukaryota,TSAR,Alveolata,Dinoflagellata,Dinophyceae,Gonyaulacales,Ceratiaceae,Ceratium,Ceratium_hirundinella,Alveolata
ASV_3271,0,0,0,0,0,0,0,0,0,0,0,0,0,0,0,0,0,0,0,0,0,0,0,0,0,0,0,0,0,0,0,0,0,0,0,0,0,0,0,0,0,9,0,0,0,Eukaryota,Obazoa,Opisthokonta,Metazoa,Arthropoda,Crustacea,Maxillopoda,NA,NA,Opisthokonta_Arthropoda
ASV_3272,0,0,0,0,0,0,0,0,0,0,0,0,0,0,0,0,0,0,0,0,0,0,0,0,0,0,0,0,0,0,0,0,0,0,0,0,0,0,0,0,0,0,9,0,0,Eukaryota,TSAR,Rhizaria,Cercozoa,Filosa-SarcomoNAdea,Pansomonadida,Pansomonadida_X,Pansomonadida_XX,Pansomonadida_XX_sp.,Rhizaria
ASV_3273,0,0,0,0,0,0,0,0,0,0,0,0,0,0,0,0,0,0,0,0,0,0,0,0,0,0,0,0,0,0,0,0,0,0,0,0,0,0,0,0,0,0,9,0,0,Eukaryota,Obazoa,Opisthokonta,Fungi,NA,NA,NA,NA,NA,Opisthokonta_Unclassified
ASV_3274,0,0,0,0,0,0,0,0,0,0,0,0,0,0,0,0,0,0,0,0,0,0,0,0,0,0,0,0,0,0,0,0,0,0,0,0,0,0,0,0,0,0,0,9,0,Eukaryota,Obazoa,Opisthokonta,Fungi,Chytridiomycota,Rhizophydiales,Rhizophydiaceae,Rhizophydium,Rhizophydium_sp.,Opisthokonta_Chytridiomycota
ASV_3275,8,0,0,0,0,0,0,0,0,0,0,0,0,0,0,0,0,0,0,0,0,0,0,0,0,0,0,0,0,0,0,0,0,0,0,0,0,0,0,0,0,0,0,0,0,Eukaryota,TSAR,Stramenopiles,Gyrista,Mediophyceae,Thalassiosirales,Stephanodiscaceae,Stephanodiscus,NA,Stramenopiles
ASV_3276,0,8,0,0,0,0,0,0,0,0,0,0,0,0,0,0,0,0,0,0,0,0,0,0,0,0,0,0,0,0,0,0,0,0,0,0,0,0,0,0,0,0,0,0,0,Eukaryota,Obazoa,Opisthokonta,Metazoa,Arthropoda,Crustacea,Branchiopoda,Bosmina,Bosmina_longirostris,Opisthokonta_Arthropoda
ASV_3277,0,8,0,0,0,0,0,0,0,0,0,0,0,0,0,0,0,0,0,0,0,0,0,0,0,0,0,0,0,0,0,0,0,0,0,0,0,0,0,0,0,0,0,0,0,Eukaryota,TSAR,Rhizaria,Cercozoa,Filosa-SarcomoNAdea,Glissomonadida,Bodomorphidae,Bodomorpha,Bodomorpha_sp.,Rhizaria
ASV_3278,0,0,8,0,0,0,0,0,0,0,0,0,0,0,0,0,0,0,0,0,0,0,0,0,0,0,0,0,0,0,0,0,0,0,0,0,0,0,0,0,0,0,0,0,0,Eukaryota,TSAR,Rhizaria,Cercozoa,Filosa-SarcomoNAdea,Filosa-Sarcomonadea_X,Filosa-Sarcomonadea_XX,Filosa-Sarcomonadea_XXX,Filosa-Sarcomonadea_XXX_sp.,Rhizaria
ASV_3279,0,0,8,0,0,0,0,0,0,0,0,0,0,0,0,0,0,0,0,0,0,0,0,0,0,0,0,0,0,0,0,0,0,0,0,0,0,0,0,0,0,0,0,0,0,Eukaryota,Archaeplastida,Chlorophyta,Chlorophyta_X,Ulvophyceae,Cladophorales,Cladophorales_X,Aegagropilopsis,Aegagropilopsis_sp.,Chlorophyta
ASV_3280,0,0,0,8,0,0,0,0,0,0,0,0,0,0,0,0,0,0,0,0,0,0,0,0,0,0,0,0,0,0,0,0,0,0,0,0,0,0,0,0,0,0,0,0,0,Eukaryota,Obazoa,Opisthokonta,Fungi,Ascomycota,Pezizomycotina,Dothideomycetes,Trematosphaeria,Trematosphaeria_sp.,Opisthokonta_Ascomycota
ASV_3281,0,0,0,8,0,0,0,0,0,0,0,0,0,0,0,0,0,0,0,0,0,0,0,0,0,0,0,0,0,0,0,0,0,0,0,0,0,0,0,0,0,0,0,0,0,Eukaryota,TSAR,Stramenopiles,Gyrista,Chrysophyceae,Chrysosaccales,Chrysosaccaceae,NA,NA,Stramenopiles
ASV_3282,0,0,0,0,8,0,0,0,0,0,0,0,0,0,0,0,0,0,0,0,0,0,0,0,0,0,0,0,0,0,0,0,0,0,0,0,0,0,0,0,0,0,0,0,0,Eukaryota,Obazoa,Opisthokonta,Fungi,Ascomycota,Pezizomycotina,Sordariomycetes,Hypocrea,Hypocrea_muroiana,Opisthokonta_Ascomycota
ASV_3283,0,0,0,0,8,0,0,0,0,0,0,0,0,0,0,0,0,0,0,0,0,0,0,0,0,0,0,0,0,0,0,0,0,0,0,0,0,0,0,0,0,0,0,0,0,Eukaryota,TSAR,Rhizaria,Cercozoa,Novel-clade-10-12,Tremulida,Tremulidae,Tremula,NA,Rhizaria
ASV_3284,0,0,0,0,8,0,0,0,0,0,0,0,0,0,0,0,0,0,0,0,0,0,0,0,0,0,0,0,0,0,0,0,0,0,0,0,0,0,0,0,0,0,0,0,0,Eukaryota,Obazoa,Opisthokonta,Fungi,Ascomycota,Pezizomycotina,Sordariomycetes,Verticillium,Verticillium_albo-atrum,Opisthokonta_Ascomycota
ASV_3285,0,0,0,0,0,0,8,0,0,0,0,0,0,0,0,0,0,0,0,0,0,0,0,0,0,0,0,0,0,0,0,0,0,0,0,0,0,0,0,0,0,0,0,0,0,Eukaryota,TSAR,Stramenopiles,Gyrista,Peronosporomycetes,Peronosporomycetes,NA,NA,NA,Stramenopiles
ASV_3286,0,0,0,0,0,0,8,0,0,0,0,0,0,0,0,0,0,0,0,0,0,0,0,0,0,0,0,0,0,0,0,0,0,0,0,0,0,0,0,0,0,0,0,0,0,Eukaryota,TSAR,Rhizaria,Cercozoa,Filosa-SarcomoNAdea,Glissomonadida,Glissomonadida_Clade-Y,Glissomonadida_Clade-Y_X,Glissomonadida_Clade-Y_X_sp.,Rhizaria
ASV_3287,0,0,0,0,0,0,8,0,0,0,0,0,0,0,0,0,0,0,0,0,0,0,0,0,0,0,0,0,0,0,0,0,0,0,0,0,0,0,0,0,0,0,0,0,0,Eukaryota,NA,NA,NA,NA,NA,NA,NA,NA,NA
ASV_3288,0,0,0,0,0,0,0,0,0,0,0,0,0,0,8,0,0,0,0,0,0,0,0,0,0,0,0,0,0,0,0,0,0,0,0,0,0,0,0,0,0,0,0,0,0,Eukaryota,Archaeplastida,Chlorophyta,Chlorophyta_X,Chlorophyceae,Chlamydomonadales,Chlamydomonadales_X,Eudorina,Eudorina_elegans,Chlorophyta
ASV_3289,0,0,0,0,0,0,0,0,0,0,0,0,0,0,0,0,0,0,8,0,0,0,0,0,0,0,0,0,0,0,0,0,0,0,0,0,0,0,0,0,0,0,0,0,0,Eukaryota,TSAR,Stramenopiles,Gyrista,Bacillariophyceae,Bacillariales,Bacillariaceae,Nitzschia,Nitzschia_inconspicua,Stramenopiles
ASV_3290,0,0,0,0,0,0,0,0,0,0,0,0,0,0,0,0,0,0,8,0,0,0,0,0,0,0,0,0,0,0,0,0,0,0,0,0,0,0,0,0,0,0,0,0,0,Eukaryota,TSAR,Rhizaria,Cercozoa,Filosa-Thecofilosea,Cryomonadida,Rhogostoma-lineage,Rhogostoma,Rhogostoma_sp.,Rhizaria
ASV_3291,0,0,0,0,0,0,0,0,0,0,0,0,0,0,0,0,0,0,8,0,0,0,0,0,0,0,0,0,0,0,0,0,0,0,0,0,0,0,0,0,0,0,0,0,0,Eukaryota,TSAR,Rhizaria,Cercozoa,Filosa-Thecofilosea,Cryomonadida,Rhogostoma-lineage,Rhogostoma,Rhogostoma_kappa,Rhizaria
ASV_3292,0,0,0,0,0,0,0,0,0,0,0,0,0,0,0,0,0,0,8,0,0,0,0,0,0,0,0,0,0,0,0,0,0,0,0,0,0,0,0,0,0,0,0,0,0,Eukaryota,TSAR,Stramenopiles,Gyrista,Mediophyceae,Thalassiosirales,Thalassiosiraceae,NA,NA,Stramenopiles
ASV_3293,0,0,0,0,0,0,0,0,0,0,0,0,0,0,0,0,0,0,8,0,0,0,0,0,0,0,0,0,0,0,0,0,0,0,0,0,0,0,0,0,0,0,0,0,0,Eukaryota,TSAR,Stramenopiles,Bigyra,Opalozoa,Opalozoa_X,MAST-12,MAST-12C,MAST-12C_sp.,Stramenopiles
ASV_3294,0,0,0,0,0,0,0,0,0,0,0,0,0,0,0,0,0,0,0,8,0,0,0,0,0,0,0,0,0,0,0,0,0,0,0,0,0,0,0,0,0,0,0,0,0,Eukaryota,TSAR,Alveolata,Dinoflagellata,Dinophyceae,Peridiniales,NA,NA,NA,Alveolata
ASV_3295,0,0,0,0,0,0,0,0,0,0,0,0,0,0,0,0,0,0,0,8,0,0,0,0,0,0,0,0,0,0,0,0,0,0,0,0,0,0,0,0,0,0,0,0,0,Eukaryota,TSAR,Stramenopiles,Bigyra,Bicoecea,Pseudodendromonadales,Pseudodendromonadales_X,Pseudodendromonadales_XX,Pseudodendromonadales_XX_sp.,Stramenopiles
ASV_3296,0,0,0,0,0,0,0,0,0,0,0,0,0,0,0,0,0,0,0,8,0,0,0,0,0,0,0,0,0,0,0,0,0,0,0,0,0,0,0,0,0,0,0,0,0,Eukaryota,NA,NA,NA,NA,NA,NA,NA,NA,NA
ASV_3297,0,0,0,0,0,0,0,0,0,0,0,0,0,0,0,0,0,0,0,8,0,0,0,0,0,0,0,0,0,0,0,0,0,0,0,0,0,0,0,0,0,0,0,0,0,Eukaryota,Cryptista,Cryptophyta,Cryptophyta_X,Cryptophyceae,Cryptomonadales,Cryptomonadales_X,Cryptomonas,Cryptomonas_meshchyorana,Cryptophyta
ASV_3298,0,0,0,0,0,0,0,0,0,0,0,0,0,0,0,0,0,0,0,0,0,8,0,0,0,0,0,0,0,0,0,0,0,0,0,0,0,0,0,0,0,0,0,0,0,Eukaryota,Obazoa,Opisthokonta,Fungi,Ascomycota,Pezizomycotina,Sordariomycetes,Phomopsis,Phomopsis_amygdali,Opisthokonta_Ascomycota
ASV_3299,0,0,0,0,0,0,0,0,0,0,0,0,0,0,0,0,0,0,0,0,0,8,0,0,0,0,0,0,0,0,0,0,0,0,0,0,0,0,0,0,0,0,0,0,0,Eukaryota,TSAR,Alveolata,Ciliophora,Spirotrichea,Hypotrichia,Halteriidae,NA,NA,Alveolata
ASV_3300,0,0,0,0,0,0,0,0,0,0,0,0,0,0,0,0,0,0,0,0,0,0,8,0,0,0,0,0,0,0,0,0,0,0,0,0,0,0,0,0,0,0,0,0,0,Eukaryota,Obazoa,Opisthokonta,Fungi,NA,NA,NA,NA,NA,Opisthokonta_Unclassified
ASV_3301,0,0,0,0,0,0,0,0,0,0,0,0,0,0,0,0,0,0,0,0,0,0,8,0,0,0,0,0,0,0,0,0,0,0,0,0,0,0,0,0,0,0,0,0,0,Eukaryota,Obazoa,Opisthokonta,Fungi,Ascomycota,Pezizomycotina,Pezizomycetes,Pachyella,Pachyella_clypeata,Opisthokonta_Ascomycota
ASV_3302,0,0,0,0,0,0,0,0,0,0,0,0,0,0,0,0,0,0,0,0,0,0,8,0,0,0,0,0,0,0,0,0,0,0,0,0,0,0,0,0,0,0,0,0,0,Eukaryota,Obazoa,Opisthokonta,Fungi,Chytridiomycota,Rhizophydiales,Kappamycetaceae,Kappamyces,NA,Opisthokonta_Chytridiomycota
ASV_3303,0,0,0,0,0,0,0,0,0,0,0,0,0,0,0,0,0,0,0,0,0,0,8,0,0,0,0,0,0,0,0,0,0,0,0,0,0,0,0,0,0,0,0,0,0,Eukaryota,Obazoa,Opisthokonta,Fungi,Chytridiomycota,NA,NA,NA,NA,Opisthokonta_Chytridiomycota
ASV_3304,0,0,0,0,0,0,0,0,0,0,0,0,0,0,0,0,0,0,0,0,0,0,8,0,0,0,0,0,0,0,0,0,0,0,0,0,0,0,0,0,0,0,0,0,0,Eukaryota,Obazoa,Opisthokonta,Metazoa,Gastrotricha,Gastrotricha_X,Gastrotricha_XX,Chaetonotus,NA,Opisthokonta_Gastrotricha
ASV_3305,0,0,0,0,0,0,0,0,0,0,0,0,0,0,0,0,0,0,0,0,0,0,0,8,0,0,0,0,0,0,0,0,0,0,0,0,0,0,0,0,0,0,0,0,0,Eukaryota,TSAR,Alveolata,Ciliophora,Spirotrichea,Choreotrichida,Strobilidiidae,Strobilidiidae_X,Strobilidiidae_X_sp.,Alveolata
ASV_3306,0,0,0,0,0,0,0,0,0,0,0,0,0,0,0,0,0,0,0,0,0,0,0,8,0,0,0,0,0,0,0,0,0,0,0,0,0,0,0,0,0,0,0,0,0,Eukaryota,TSAR,Stramenopiles,Gyrista,Chrysophyceae,NA,NA,NA,NA,Stramenopiles
ASV_3307,0,0,0,0,0,0,0,0,0,0,0,0,0,0,0,0,0,0,0,0,0,0,0,8,0,0,0,0,0,0,0,0,0,0,0,0,0,0,0,0,0,0,0,0,0,Eukaryota,TSAR,Alveolata,Ciliophora,Litostomatea,Haptoria_4,Didiniidae,Didinium,Didinium_nasutum,Alveolata
ASV_3308,0,0,0,0,0,0,0,0,0,0,0,0,0,0,0,0,0,0,0,0,0,0,0,8,0,0,0,0,0,0,0,0,0,0,0,0,0,0,0,0,0,0,0,0,0,Eukaryota,Obazoa,Opisthokonta,Fungi,Basidiomycota,Agaricomycotina,Agaricomycetes,Scleroderma,Scleroderma_laeve,Opisthokonta_Basidiomycota
ASV_3309,0,0,0,0,0,0,0,0,0,0,0,0,0,0,0,0,0,0,0,0,0,0,0,0,8,0,0,0,0,0,0,0,0,0,0,0,0,0,0,0,0,0,0,0,0,Eukaryota,Obazoa,Opisthokonta,Fungi,Basidiomycota,Agaricomycotina,Agaricomycetes,NA,NA,Opisthokonta_Basidiomycota
ASV_3310,0,0,0,0,0,0,0,0,0,0,0,0,0,0,0,0,0,0,0,0,0,0,0,0,8,0,0,0,0,0,0,0,0,0,0,0,0,0,0,0,0,0,0,0,0,Eukaryota,Obazoa,Opisthokonta,Fungi,Ascomycota,Pezizomycotina,Sordariomycetes,NA,NA,Opisthokonta_Ascomycota
ASV_3311,0,0,0,0,0,0,0,0,0,0,0,0,0,0,0,0,0,0,0,0,0,0,0,0,8,0,0,0,0,0,0,0,0,0,0,0,0,0,0,0,0,0,0,0,0,Eukaryota,Obazoa,Opisthokonta,Fungi,Chytridiomycota,Rhizophydiales,NA,NA,NA,Opisthokonta_Chytridiomycota
ASV_3312,0,0,0,0,0,0,0,0,0,0,0,0,0,0,0,0,0,0,0,0,0,0,0,0,8,0,0,0,0,0,0,0,0,0,0,0,0,0,0,0,0,0,0,0,0,Eukaryota,Obazoa,Opisthokonta,Fungi,Ascomycota,Pezizomycotina,NA,NA,NA,Opisthokonta_Ascomycota
ASV_3313,0,0,0,0,0,0,0,0,0,0,0,0,0,0,0,0,0,0,0,0,0,0,0,0,8,0,0,0,0,0,0,0,0,0,0,0,0,0,0,0,0,0,0,0,0,Eukaryota,Obazoa,Opisthokonta,Fungi,Ascomycota,Pezizomycotina,Leotiomycetes,Chalara,NA,Opisthokonta_Ascomycota
ASV_3314,0,0,0,0,0,0,0,0,0,0,0,0,0,0,0,0,0,0,0,0,0,0,0,0,8,0,0,0,0,0,0,0,0,0,0,0,0,0,0,0,0,0,0,0,0,Eukaryota,Obazoa,Opisthokonta,Fungi,Basidiomycota,Agaricomycotina,Agaricomycetes,NA,NA,Opisthokonta_Basidiomycota
ASV_3315,0,0,0,0,0,0,0,0,0,0,0,0,0,0,0,0,0,0,0,0,0,0,0,0,8,0,0,0,0,0,0,0,0,0,0,0,0,0,0,0,0,0,0,0,0,Eukaryota,TSAR,Stramenopiles,Gyrista,Chrysophyceae,Ochromonadales,Ochromonadaceae,Uroglenopsis,Uroglenopsis_americana,Stramenopiles
ASV_3316,0,0,0,0,0,0,0,0,0,0,0,0,0,0,0,0,0,0,0,0,0,0,0,0,8,0,0,0,0,0,0,0,0,0,0,0,0,0,0,0,0,0,0,0,0,Eukaryota,Archaeplastida,Chlorophyta,Chlorophyta_X,Trebouxiophyceae,Prasiolales,Prasiolales_X,Elliptochloris,NA,Chlorophyta
ASV_3317,0,0,0,0,0,0,0,0,0,0,0,0,0,0,0,0,0,0,0,0,0,0,0,0,8,0,0,0,0,0,0,0,0,0,0,0,0,0,0,0,0,0,0,0,0,Eukaryota,TSAR,Rhizaria,Cercozoa,Filosa-SarcomoNAdea,Pansomonadida,Agitatidae,Agitatidae_X,Agitatidae_X_sp.,Rhizaria
ASV_3318,0,0,0,0,0,0,0,0,0,0,0,0,0,0,0,0,0,0,0,0,0,0,0,0,0,8,0,0,0,0,0,0,0,0,0,0,0,0,0,0,0,0,0,0,0,Eukaryota,TSAR,Rhizaria,Cercozoa,NA,NA,NA,NA,NA,Rhizaria
ASV_3319,0,0,0,0,0,0,0,0,0,0,0,0,0,0,0,0,0,0,0,0,0,0,0,0,0,8,0,0,0,0,0,0,0,0,0,0,0,0,0,0,0,0,0,0,0,Eukaryota,TSAR,Stramenopiles,Bigyra,Bicoecea,Pseudodendromonadales,Pseudodendromonadales_X,Pseudodendromonadales_XX,Pseudodendromonadales_XX_sp.,Stramenopiles
ASV_3320,0,0,0,0,0,0,0,0,0,0,0,0,0,0,0,0,0,0,0,0,0,0,0,0,0,8,0,0,0,0,0,0,0,0,0,0,0,0,0,0,0,0,0,0,0,Eukaryota,Archaeplastida,Chlorophyta,Chlorophyta_X,NA,NA,NA,NA,NA,Chlorophyta
ASV_3321,0,0,0,0,0,0,0,0,0,0,0,0,0,0,0,0,0,0,0,0,0,0,0,0,0,8,0,0,0,0,0,0,0,0,0,0,0,0,0,0,0,0,0,0,0,Eukaryota,TSAR,Rhizaria,Cercozoa,Novel-clade-10-12,Novel-clade-12,NC12B-lineage,NC12B-lineage_X,NC12B-lineage_X_sp.,Rhizaria
ASV_3322,0,0,0,0,0,0,0,0,0,0,0,0,0,0,0,0,0,0,0,0,0,0,0,0,0,8,0,0,0,0,0,0,0,0,0,0,0,0,0,0,0,0,0,0,0,Eukaryota,TSAR,Stramenopiles,Gyrista,Bacillariophyceae,NA,NA,NA,NA,Stramenopiles
ASV_3323,0,0,0,0,0,0,0,0,0,0,0,0,0,0,0,0,0,0,0,0,0,0,0,0,0,0,0,0,0,0,8,0,0,0,0,0,0,0,0,0,0,0,0,0,0,Eukaryota,TSAR,Stramenopiles,Bigyra,Bicoecea,Pseudodendromonadales,Pseudodendromonadales_X,NA,NA,Stramenopiles
ASV_3324,0,0,0,0,0,0,0,0,0,0,0,0,0,0,0,0,0,0,0,0,0,0,0,0,0,0,0,0,0,0,8,0,0,0,0,0,0,0,0,0,0,0,0,0,0,Eukaryota,Obazoa,Opisthokonta,Fungi,NA,NA,NA,NA,NA,Opisthokonta_Unclassified
ASV_3325,0,0,0,0,0,0,0,0,0,0,0,0,0,0,0,0,0,0,0,0,0,0,0,0,0,0,0,0,0,0,8,0,0,0,0,0,0,0,0,0,0,0,0,0,0,Eukaryota,Cryptista,Cryptophyta,Cryptophyta_X,Cryptophyceae,Cryptomonadales,Cryptomonadales_X,Komma,Komma_caudata,Cryptophyta
ASV_3326,0,0,0,0,0,0,0,0,0,0,0,0,0,0,0,0,0,0,0,0,0,0,0,0,0,0,0,0,0,0,0,0,0,8,0,0,0,0,0,0,0,0,0,0,0,Eukaryota,TSAR,Rhizaria,Cercozoa,NA,NA,NA,NA,NA,Rhizaria
ASV_3327,0,0,0,0,0,0,0,0,0,0,0,0,0,0,0,0,0,0,0,0,0,0,0,0,0,0,0,0,0,0,0,0,0,8,0,0,0,0,0,0,0,0,0,0,0,Eukaryota,Obazoa,Opisthokonta,Metazoa,Gastrotricha,Gastrotricha_X,Gastrotricha_XX,Chaetonotus,Chaetonotus_hystrix,Opisthokonta_Gastrotricha
ASV_3328,0,0,0,0,0,0,0,0,0,0,0,0,0,0,0,0,0,0,0,0,0,0,0,0,0,0,0,0,0,0,0,0,0,8,0,0,0,0,0,0,0,0,0,0,0,Eukaryota,Obazoa,Opisthokonta,Fungi,Ascomycota,Pezizomycotina,Sordariomycetes,NA,NA,Opisthokonta_Ascomycota
ASV_3329,0,0,0,0,0,0,0,0,0,0,0,0,0,0,0,0,0,0,0,0,0,0,0,0,0,0,0,0,0,0,0,0,0,0,0,8,0,0,0,0,0,0,0,0,0,Eukaryota,Obazoa,Opisthokonta,Metazoa,Gastrotricha,Gastrotricha_X,Gastrotricha_XX,Chaetonotus,Chaetonotus_hystrix,Opisthokonta_Gastrotricha
ASV_3330,0,0,0,0,0,0,0,0,0,0,0,0,0,0,0,0,0,0,0,0,0,0,0,0,0,0,0,0,0,0,0,0,0,0,0,8,0,0,0,0,0,0,0,0,0,Eukaryota,Obazoa,Opisthokonta,Metazoa,Arthropoda,Crustacea,Maxillopoda,NA,NA,Opisthokonta_Arthropoda
ASV_3331,0,0,0,0,0,0,0,0,0,0,0,0,0,0,0,0,0,0,0,0,0,0,0,0,0,0,0,0,0,0,0,0,0,0,0,0,8,0,0,0,0,0,0,0,0,Eukaryota,Archaeplastida,Chlorophyta,Chlorophyta_X,Chlorophyceae,Chlamydomonadales,Chlamydomonadales_X,Chlorococcum,Chlorococcum_aquaticum,Chlorophyta
ASV_3332,0,0,0,0,0,0,0,0,0,0,0,0,0,0,0,0,0,0,0,0,0,0,0,0,0,0,0,0,0,0,0,0,0,0,0,0,8,0,0,0,0,0,0,0,0,Eukaryota,TSAR,Alveolata,Dinoflagellata,Dinophyceae,NA,NA,NA,NA,Alveolata
ASV_3333,0,0,0,0,0,0,0,0,0,0,0,0,0,0,0,0,0,0,0,0,0,0,0,0,0,0,0,0,0,0,0,0,0,0,0,0,8,0,0,0,0,0,0,0,0,Eukaryota,Obazoa,Opisthokonta,Fungi,Basidiomycota,Agaricomycotina,NA,NA,NA,Opisthokonta_Basidiomycota
ASV_3334,0,0,0,0,0,0,0,0,0,0,0,0,0,0,0,0,0,0,0,0,0,0,0,0,0,0,0,0,0,0,0,0,0,0,0,0,8,0,0,0,0,0,0,0,0,Eukaryota,NA,NA,NA,NA,NA,NA,NA,NA,NA
ASV_3335,0,0,0,0,0,0,0,0,0,0,0,0,0,0,0,0,0,0,0,0,0,0,0,0,0,0,0,0,0,0,0,0,0,0,0,0,8,0,0,0,0,0,0,0,0,Eukaryota,Archaeplastida,Chlorophyta,Chlorophyta_X,Trebouxiophyceae,Watanabea-Clade,Watanabea-Clade_X,Lobosphaeropsis,Lobosphaeropsis_lobophora,Chlorophyta
ASV_3336,0,0,0,0,0,0,0,0,0,0,0,0,0,0,0,0,0,0,0,0,0,0,0,0,0,0,0,0,0,0,0,0,0,0,0,0,8,0,0,0,0,0,0,0,0,Eukaryota,Archaeplastida,Chlorophyta,Chlorophyta_X,Chlorophyceae,Chlamydomonadales,Chlamydomonadales_X,Fasciculochloris,Fasciculochloris_boldii,Chlorophyta
ASV_3337,0,0,0,0,0,0,0,0,0,0,0,0,0,0,0,0,0,0,0,0,0,0,0,0,0,0,0,0,0,0,0,0,0,0,0,0,0,8,0,0,0,0,0,0,0,Eukaryota,Obazoa,Opisthokonta,Fungi,Chytridiomycota,Monoblepharidales,Harpochytriaceae,Harpochytrium,Harpochytrium_sp.,Opisthokonta_Chytridiomycota
ASV_3338,0,0,0,0,0,0,0,0,0,0,0,0,0,0,0,0,0,0,0,0,0,0,0,0,0,0,0,0,0,0,0,0,0,0,0,0,0,0,0,8,0,0,0,0,0,Eukaryota,TSAR,Rhizaria,Cercozoa,Novel-clade-10-12,Tremulida,Tremulidae,Tremula,NA,Rhizaria
ASV_3339,0,0,0,0,0,0,0,0,0,0,0,0,0,0,0,0,0,0,0,0,0,0,0,0,0,0,0,0,0,0,0,0,0,0,0,0,0,0,0,0,8,0,0,0,0,Eukaryota,Cryptista,Cryptophyta,Cryptophyta_X,Cryptophyceae,Cryptophyceae_X,Basal_Cryptophyceae-1,Basal_Cryptophyceae-1_X,Basal_Cryptophyceae-1_X_sp.,Cryptophyta
ASV_3340,0,0,0,0,0,0,0,0,0,0,0,0,0,0,0,0,0,0,0,0,0,0,0,0,0,0,0,0,0,0,0,0,0,0,0,0,0,0,0,0,8,0,0,0,0,Eukaryota,Obazoa,Opisthokonta,Metazoa,Arthropoda,Crustacea,Ostracoda,Cypridopsis,Cypridopsis_japonica,Opisthokonta_Arthropoda
ASV_3341,0,0,0,0,0,0,0,0,0,0,0,0,0,0,0,0,0,0,0,0,0,0,0,0,0,0,0,0,0,0,0,0,0,0,0,0,0,0,0,0,0,8,0,0,0,Eukaryota,Obazoa,Opisthokonta,Fungi,Chytridiomycota,NA,NA,NA,NA,Opisthokonta_Chytridiomycota
ASV_3342,0,0,0,0,0,0,0,0,0,0,0,0,0,0,0,0,0,0,0,0,0,0,0,0,0,0,0,0,0,0,0,0,0,0,0,0,0,0,0,0,0,0,8,0,0,Eukaryota,Obazoa,Opisthokonta,Fungi,Chytridiomycota,Cladochytriales,Cladochytriaceae,Cladochytrium,Cladochytrium_replicatum,Opisthokonta_Chytridiomycota
ASV_3343,7,0,0,0,0,0,0,0,0,0,0,0,0,0,0,0,0,0,0,0,0,0,0,0,0,0,0,0,0,0,0,0,0,0,0,0,0,0,0,0,0,0,0,0,0,Eukaryota,Obazoa,Opisthokonta,Metazoa,Arthropoda,Crustacea,Maxillopoda,Eucyclops,NA,Opisthokonta_Arthropoda
ASV_3344,0,7,0,0,0,0,0,0,0,0,0,0,0,0,0,0,0,0,0,0,0,0,0,0,0,0,0,0,0,0,0,0,0,0,0,0,0,0,0,0,0,0,0,0,0,Eukaryota,Obazoa,Opisthokonta,Fungi,NA,NA,NA,NA,NA,Opisthokonta_Unclassified
ASV_3345,0,7,0,0,0,0,0,0,0,0,0,0,0,0,0,0,0,0,0,0,0,0,0,0,0,0,0,0,0,0,0,0,0,0,0,0,0,0,0,0,0,0,0,0,0,Eukaryota,Obazoa,Opisthokonta,Fungi,Zoopagomycota,Entomophthoromycotina,Entomophthorales,Entomophthora,Entomophthora_planchoniana,Opisthokonta_Zoopagomycota
ASV_3346,0,7,0,0,0,0,0,0,0,0,0,0,0,0,0,0,0,0,0,0,0,0,0,0,0,0,0,0,0,0,0,0,0,0,0,0,0,0,0,0,0,0,0,0,0,Eukaryota,Cryptista,Cryptophyta,Cryptophyta_X,Cryptophyceae,Cryptomonadales,Cryptomonadales_X,Cryptomonas,Cryptomonas_uralensis,Cryptophyta
ASV_3347,0,7,0,0,0,0,0,0,0,0,0,0,0,0,0,0,0,0,0,0,0,0,0,0,0,0,0,0,0,0,0,0,0,0,0,0,0,0,0,0,0,0,0,0,0,Eukaryota,Obazoa,Opisthokonta,Metazoa,Arthropoda,Crustacea,Branchiopoda,Bosmina,Bosmina_longirostris,Opisthokonta_Arthropoda
ASV_3348,0,7,0,0,0,0,0,0,0,0,0,0,0,0,0,0,0,0,0,0,0,0,0,0,0,0,0,0,0,0,0,0,0,0,0,0,0,0,0,0,0,0,0,0,0,Eukaryota,TSAR,Rhizaria,Cercozoa,Filosa-SarcomoNAdea,NA,NA,NA,NA,Rhizaria
ASV_3349,0,0,7,0,0,0,0,0,0,0,0,0,0,0,0,0,0,0,0,0,0,0,0,0,0,0,0,0,0,0,0,0,0,0,0,0,0,0,0,0,0,0,0,0,0,Eukaryota,Archaeplastida,Chlorophyta,Chlorophyta_X,Chlorophyceae,NA,NA,NA,NA,Chlorophyta
ASV_3350,0,0,0,7,0,0,0,0,0,0,0,0,0,0,0,0,0,0,0,0,0,0,0,0,0,0,0,0,0,0,0,0,0,0,0,0,0,0,0,0,0,0,0,0,0,Eukaryota,Archaeplastida,Streptophyta,Streptophyta_X,Zygnemophyceae, Zygnemophyceae, ZygnemophyceaeX,Mougeotia,Mougeotia_scalaris,Streptophyta
ASV_3351,0,0,0,7,0,0,0,0,0,0,0,0,0,0,0,0,0,0,0,0,0,0,0,0,0,0,0,0,0,0,0,0,0,0,0,0,0,0,0,0,0,0,0,0,0,Eukaryota,Obazoa,Opisthokonta,Fungi,Chytridiomycota,Spizellomycetales,Spizellomycetaceae,NA,NA,Opisthokonta_Chytridiomycota
ASV_3352,0,0,0,0,7,0,0,0,0,0,0,0,0,0,0,0,0,0,0,0,0,0,0,0,0,0,0,0,0,0,0,0,0,0,0,0,0,0,0,0,0,0,0,0,0,Eukaryota,Archaeplastida,Chlorophyta,Chlorophyta_X,Chlorophyceae,Chlamydomonadales,Chlamydomonadales_X,NA,NA,Chlorophyta
ASV_3353,0,0,0,0,7,0,0,0,0,0,0,0,0,0,0,0,0,0,0,0,0,0,0,0,0,0,0,0,0,0,0,0,0,0,0,0,0,0,0,0,0,0,0,0,0,Eukaryota,Obazoa,Opisthokonta,Fungi,Ascomycota,Pezizomycotina,Dothideomycetes,Helminthosporium,NA,Opisthokonta_Ascomycota
ASV_3354,0,0,0,0,7,0,0,0,0,0,0,0,0,0,0,0,0,0,0,0,0,0,0,0,0,0,0,0,0,0,0,0,0,0,0,0,0,0,0,0,0,0,0,0,0,Eukaryota,Obazoa,Opisthokonta,Metazoa,Arthropoda,Crustacea,Maxillopoda,Eudiaptomus,Eudiaptomus_graciloides,Opisthokonta_Arthropoda
ASV_3355,0,0,0,0,0,0,7,0,0,0,0,0,0,0,0,0,0,0,0,0,0,0,0,0,0,0,0,0,0,0,0,0,0,0,0,0,0,0,0,0,0,0,0,0,0,Eukaryota,Amoebozoa,Discosea,Discosea_X,Flabellinia,Flabellinia_X,LKM74-lineage,LKM74-lineage_X,LKM74-lineage_X_sp.,Discosea
ASV_3356,0,0,0,0,0,0,0,0,7,0,0,0,0,0,0,0,0,0,0,0,0,0,0,0,0,0,0,0,0,0,0,0,0,0,0,0,0,0,0,0,0,0,0,0,0,Eukaryota,TSAR,Stramenopiles,Gyrista,Chrysophyceae,Ochromonadales,Ochromonadaceae,Chlorochromonas,Chlorochromonas_sp.,Stramenopiles
ASV_3357,0,0,0,0,0,0,0,0,0,0,7,0,0,0,0,0,0,0,0,0,0,0,0,0,0,0,0,0,0,0,0,0,0,0,0,0,0,0,0,0,0,0,0,0,0,Eukaryota,TSAR,Rhizaria,Cercozoa,Endomyxa,Vampyrellida,Leptophryidae,Leptophryidae_X,Leptophryidae_X_sp.,Rhizaria
ASV_3358,0,0,0,0,0,0,0,0,0,0,7,0,0,0,0,0,0,0,0,0,0,0,0,0,0,0,0,0,0,0,0,0,0,0,0,0,0,0,0,0,0,0,0,0,0,Eukaryota,TSAR,Rhizaria,Rhizaria_X,Rhizaria_XX,Aquavolonida,Aquavolonida_X,Aquavolon,Aquavolon_dientrani,Rhizaria
ASV_3359,0,0,0,0,0,0,0,0,0,0,0,0,7,0,0,0,0,0,0,0,0,0,0,0,0,0,0,0,0,0,0,0,0,0,0,0,0,0,0,0,0,0,0,0,0,Eukaryota,Obazoa,Opisthokonta,Metazoa,Arthropoda,Crustacea,Ostracoda,Cypridopsis,Cypridopsis_japonica,Opisthokonta_Arthropoda
ASV_3360,0,0,0,0,0,0,0,0,0,0,0,0,7,0,0,0,0,0,0,0,0,0,0,0,0,0,0,0,0,0,0,0,0,0,0,0,0,0,0,0,0,0,0,0,0,Eukaryota,Archaeplastida,Chlorophyta,Chlorophyta_X,Chlorophyceae,Chlamydomonadales,Chlamydomonadales_X,Eudorina,Eudorina_elegans,Chlorophyta
ASV_3361,0,0,0,0,0,0,0,0,0,0,0,0,0,7,0,0,0,0,0,0,0,0,0,0,0,0,0,0,0,0,0,0,0,0,0,0,0,0,0,0,0,0,0,0,0,Eukaryota,TSAR,Stramenopiles,Gyrista,Eustigmatophyceae,Eustigmatophyceae_X,Eustigmatophyceae_XX,Pseudostaurastrum,Pseudostaurastrum_limneticum,Stramenopiles
ASV_3362,0,0,0,0,0,0,0,0,0,0,0,0,0,7,0,0,0,0,0,0,0,0,0,0,0,0,0,0,0,0,0,0,0,0,0,0,0,0,0,0,0,0,0,0,0,Eukaryota,Obazoa,Opisthokonta,Fungi,Chytridiomycota,Chytridiales,Chytridiaceae,Allochytridium,Allochytridium_luteum,Opisthokonta_Chytridiomycota
ASV_3363,0,0,0,0,0,0,0,0,0,0,0,0,0,0,7,0,0,0,0,0,0,0,0,0,0,0,0,0,0,0,0,0,0,0,0,0,0,0,0,0,0,0,0,0,0,Eukaryota,Archaeplastida,Chlorophyta,Chlorophyta_X,Chlorophyceae,Chlorophyceae_X,Chlorophyceae_XX,Cylindrocapsa,Cylindrocapsa_geminella,Chlorophyta
ASV_3364,0,0,0,0,0,0,0,0,0,0,0,0,0,0,7,0,0,0,0,0,0,0,0,0,0,0,0,0,0,0,0,0,0,0,0,0,0,0,0,0,0,0,0,0,0,Eukaryota,Archaeplastida,Streptophyta,Streptophyta_X,Zygnemophyceae, Zygnemophyceae, ZygnemophyceaeX,Closterium,NA,Streptophyta
ASV_3365,0,0,0,0,0,0,0,0,0,0,0,0,0,0,0,7,0,0,0,0,0,0,0,0,0,0,0,0,0,0,0,0,0,0,0,0,0,0,0,0,0,0,0,0,0,Eukaryota,TSAR,Alveolata,Ciliophora,Spirotrichea,Hypotrichia,Halteriidae,Halteria,Halteria_grandinella,Alveolata
ASV_3366,0,0,0,0,0,0,0,0,0,0,0,0,0,0,0,7,0,0,0,0,0,0,0,0,0,0,0,0,0,0,0,0,0,0,0,0,0,0,0,0,0,0,0,0,0,Eukaryota,TSAR,Stramenopiles,Gyrista,Bacillariophyceae,Bacillariales,Bacillariaceae,Nitzschia,Nitzschia_inconspicua,Stramenopiles
ASV_3367,0,0,0,0,0,0,0,0,0,0,0,0,0,0,0,0,7,0,0,0,0,0,0,0,0,0,0,0,0,0,0,0,0,0,0,0,0,0,0,0,0,0,0,0,0,Eukaryota,Archaeplastida,Chlorophyta,Chlorophyta_X,Trebouxiophyceae,Prasiolales,Prasiolales_X,NA,NA,Chlorophyta
ASV_3368,0,0,0,0,0,0,0,0,0,0,0,0,0,0,0,0,7,0,0,0,0,0,0,0,0,0,0,0,0,0,0,0,0,0,0,0,0,0,0,0,0,0,0,0,0,Eukaryota,TSAR,Stramenopiles,Gyrista,Mediophyceae,Thalassiosirales,NA,NA,NA,Stramenopiles
ASV_3369,0,0,0,0,0,0,0,0,0,0,0,0,0,0,0,0,7,0,0,0,0,0,0,0,0,0,0,0,0,0,0,0,0,0,0,0,0,0,0,0,0,0,0,0,0,Eukaryota,TSAR,Rhizaria,Cercozoa,Endomyxa,Vampyrellida,Leptophryidae,Arachnomyxa,Arachnomyxa_cryptophaga,Rhizaria
ASV_3370,0,0,0,0,0,0,0,0,0,0,0,0,0,0,0,0,7,0,0,0,0,0,0,0,0,0,0,0,0,0,0,0,0,0,0,0,0,0,0,0,0,0,0,0,0,Eukaryota,Amoebozoa,Evosea,Evosea_X,Variosea,Variosea_X,Ischnamoebidae,Darbyshirella,Darbyshirella_terrestris,Evosea
ASV_3371,0,0,0,0,0,0,0,0,0,0,0,0,0,0,0,0,7,0,0,0,0,0,0,0,0,0,0,0,0,0,0,0,0,0,0,0,0,0,0,0,0,0,0,0,0,Eukaryota,TSAR,Rhizaria,Cercozoa,NA,NA,NA,NA,NA,Rhizaria
ASV_3372,0,0,0,0,0,0,0,0,0,0,0,0,0,0,0,0,0,7,0,0,0,0,0,0,0,0,0,0,0,0,0,0,0,0,0,0,0,0,0,0,0,0,0,0,0,Eukaryota,Obazoa,Opisthokonta,Choanoflagellata,Choanoflagellatea,NA,NA,NA,NA,Opisthokonta_Choanoflagellatea
ASV_3373,0,0,0,0,0,0,0,0,0,0,0,0,0,0,0,0,0,7,0,0,0,0,0,0,0,0,0,0,0,0,0,0,0,0,0,0,0,0,0,0,0,0,0,0,0,Eukaryota,TSAR,Rhizaria,Cercozoa,Endomyxa,Vampyrellida,Leptophryidae,Vernalophrys,Vernalophrys_algivore,Rhizaria
ASV_3374,0,0,0,0,0,0,0,0,0,0,0,0,0,0,0,0,0,7,0,0,0,0,0,0,0,0,0,0,0,0,0,0,0,0,0,0,0,0,0,0,0,0,0,0,0,Eukaryota,Archaeplastida,Chlorophyta,Chlorophyta_X,Chlorophyceae,Chlamydomonadales,Chlamydomonadales_X,NA,NA,Chlorophyta
ASV_3375,0,0,0,0,0,0,0,0,0,0,0,0,0,0,0,0,0,7,0,0,0,0,0,0,0,0,0,0,0,0,0,0,0,0,0,0,0,0,0,0,0,0,0,0,0,Eukaryota,TSAR,Stramenopiles,Bigyra,Bicoecea,Pseudodendromonadales,Pseudodendromonadales_X,Pseudodendromonadales_XX,Pseudodendromonadales_XX_sp.,Stramenopiles
ASV_3376,0,0,0,0,0,0,0,0,0,0,0,0,0,0,0,0,0,7,0,0,0,0,0,0,0,0,0,0,0,0,0,0,0,0,0,0,0,0,0,0,0,0,0,0,0,Eukaryota,NA,NA,NA,NA,NA,NA,NA,NA,NA
ASV_3377,0,0,0,0,0,0,0,0,0,0,0,0,0,0,0,0,0,7,0,0,0,0,0,0,0,0,0,0,0,0,0,0,0,0,0,0,0,0,0,0,0,0,0,0,0,Eukaryota,TSAR,Stramenopiles,Bigyra,Bicoecea,Bicoecales,Bicoecaceae,Bicosoeca,Bicosoeca_petiolata,Stramenopiles
ASV_3378,0,0,0,0,0,0,0,0,0,0,0,0,0,0,0,0,0,7,0,0,0,0,0,0,0,0,0,0,0,0,0,0,0,0,0,0,0,0,0,0,0,0,0,0,0,Eukaryota,TSAR,Rhizaria,Cercozoa,Filosa-Granofilosea,Limnofilida,Limnofilidae,NA,NA,Rhizaria
ASV_3379,0,0,0,0,0,0,0,0,0,0,0,0,0,0,0,0,0,0,7,0,0,0,0,0,0,0,0,0,0,0,0,0,0,0,0,0,0,0,0,0,0,0,0,0,0,Eukaryota,TSAR,Stramenopiles,Gyrista,Chrysophyceae,NA,NA,NA,NA,Stramenopiles
ASV_3380,0,0,0,0,0,0,0,0,0,0,0,0,0,0,0,0,0,0,7,0,0,0,0,0,0,0,0,0,0,0,0,0,0,0,0,0,0,0,0,0,0,0,0,0,0,Eukaryota,NA,NA,NA,NA,NA,NA,NA,NA,NA
ASV_3381,0,0,0,0,0,0,0,0,0,0,0,0,0,0,0,0,0,0,7,0,0,0,0,0,0,0,0,0,0,0,0,0,0,0,0,0,0,0,0,0,0,0,0,0,0,Eukaryota,Obazoa,Opisthokonta,Metazoa,Porifera,Porifera_X,Demospongiae,NA,NA,Opisthokonta_Porifera
ASV_3382,0,0,0,0,0,0,0,0,0,0,0,0,0,0,0,0,0,0,7,0,0,0,0,0,0,0,0,0,0,0,0,0,0,0,0,0,0,0,0,0,0,0,0,0,0,Eukaryota,TSAR,Rhizaria,Cercozoa,Endomyxa,Vampyrellida,Leptophryidae,NA,NA,Rhizaria
ASV_3383,0,0,0,0,0,0,0,0,0,0,0,0,0,0,0,0,0,0,7,0,0,0,0,0,0,0,0,0,0,0,0,0,0,0,0,0,0,0,0,0,0,0,0,0,0,Eukaryota,Obazoa,Opisthokonta,Fungi,NA,NA,NA,NA,NA,Opisthokonta_Unclassified
ASV_3384,0,0,0,0,0,0,0,0,0,0,0,0,0,0,0,0,0,0,0,7,0,0,0,0,0,0,0,0,0,0,0,0,0,0,0,0,0,0,0,0,0,0,0,0,0,Eukaryota,TSAR,Stramenopiles,Bigyra,Bicoecea,Pseudodendromonadales,Pseudodendromonadales_X,Nerada,Nerada_mexicana,Stramenopiles
ASV_3385,0,0,0,0,0,0,0,0,0,0,0,0,0,0,0,0,0,0,0,0,0,0,7,0,0,0,0,0,0,0,0,0,0,0,0,0,0,0,0,0,0,0,0,0,0,Eukaryota,Haptista,Haptophyta,Haptophyta_X,Prymnesiophyceae,Prymnesiales,Chrysochromulinaceae,Chrysochromulina,Chrysochromulina_tobin,Haptophyta
ASV_3386,0,0,0,0,0,0,0,0,0,0,0,0,0,0,0,0,0,0,0,0,0,0,7,0,0,0,0,0,0,0,0,0,0,0,0,0,0,0,0,0,0,0,0,0,0,Eukaryota,TSAR,Stramenopiles,Gyrista,Peronosporomycetes,Peronosporomycetes,Saprolegniales,Aphanomyces,NA,Stramenopiles
ASV_3387,0,0,0,0,0,0,0,0,0,0,0,0,0,0,0,0,0,0,0,0,0,0,7,0,0,0,0,0,0,0,0,0,0,0,0,0,0,0,0,0,0,0,0,0,0,Eukaryota,TSAR,Rhizaria,Cercozoa,NA,NA,NA,NA,NA,Rhizaria
ASV_3388,0,0,0,0,0,0,0,0,0,0,0,0,0,0,0,0,0,0,0,0,0,0,0,7,0,0,0,0,0,0,0,0,0,0,0,0,0,0,0,0,0,0,0,0,0,Eukaryota,Obazoa,Opisthokonta,Fungi,NA,NA,NA,NA,NA,Opisthokonta_Unclassified
ASV_3389,0,0,0,0,0,0,0,0,0,0,0,0,0,0,0,0,0,0,0,0,0,0,0,7,0,0,0,0,0,0,0,0,0,0,0,0,0,0,0,0,0,0,0,0,0,Eukaryota,Archaeplastida,Chlorophyta,Chlorophyta_X,Ulvophyceae,Ulvales-relatives,Ulvales-relatives_X,Dilabifilum,Dilabifilum_arthropyreniae,Chlorophyta
ASV_3390,0,0,0,0,0,0,0,0,0,0,0,0,0,0,0,0,0,0,0,0,0,0,0,7,0,0,0,0,0,0,0,0,0,0,0,0,0,0,0,0,0,0,0,0,0,Eukaryota,Obazoa,Opisthokonta,Fungi,NA,NA,NA,NA,NA,Opisthokonta_Unclassified
ASV_3391,0,0,0,0,0,0,0,0,0,0,0,0,0,0,0,0,0,0,0,0,0,0,0,0,7,0,0,0,0,0,0,0,0,0,0,0,0,0,0,0,0,0,0,0,0,Eukaryota,Obazoa,Opisthokonta,Fungi,Chytridiomycota,Chytridiales,Chytriomycetaceae,Entophlyctis,Entophlyctis_luteolus,Opisthokonta_Chytridiomycota
ASV_3392,0,0,0,0,0,0,0,0,0,0,0,0,0,0,0,0,0,0,0,0,0,0,0,0,7,0,0,0,0,0,0,0,0,0,0,0,0,0,0,0,0,0,0,0,0,Eukaryota,TSAR,Stramenopiles,Gyrista,Eustigmatophyceae,Eustigmatophyceae_X,Eustigmatophyceae_XX,Trachydiscus,Trachydiscus_sp.,Stramenopiles
ASV_3393,0,0,0,0,0,0,0,0,0,0,0,0,0,0,0,0,0,0,0,0,0,0,0,0,0,7,0,0,0,0,0,0,0,0,0,0,0,0,0,0,0,0,0,0,0,Eukaryota,TSAR,Stramenopiles,Gyrista,Eustigmatophyceae,Eustigmatophyceae_X,Eustigmatophyceae_XX,Characiopsis,NA,Stramenopiles
ASV_3394,0,0,0,0,0,0,0,0,0,0,0,0,0,0,0,0,0,0,0,0,0,0,0,0,0,7,0,0,0,0,0,0,0,0,0,0,0,0,0,0,0,0,0,0,0,Eukaryota,TSAR,Stramenopiles,Gyrista,Chrysophyceae,NA,NA,NA,NA,Stramenopiles
ASV_3395,0,0,0,0,0,0,0,0,0,0,0,0,0,0,0,0,0,0,0,0,0,0,0,0,0,0,0,0,0,7,0,0,0,0,0,0,0,0,0,0,0,0,0,0,0,Eukaryota,NA,NA,NA,NA,NA,NA,NA,NA,NA
ASV_3396,0,0,0,0,0,0,0,0,0,0,0,0,0,0,0,0,0,0,0,0,0,0,0,0,0,0,0,0,0,0,7,0,0,0,0,0,0,0,0,0,0,0,0,0,0,Eukaryota,NA,NA,NA,NA,NA,NA,NA,NA,NA
ASV_3397,0,0,0,0,0,0,0,0,0,0,0,0,0,0,0,0,0,0,0,0,0,0,0,0,0,0,0,0,0,0,0,7,0,0,0,0,0,0,0,0,0,0,0,0,0,Eukaryota,Obazoa,Opisthokonta,Fungi,NA,NA,NA,NA,NA,Opisthokonta_Unclassified
ASV_3398,0,0,0,0,0,0,0,0,0,0,0,0,0,0,0,0,0,0,0,0,0,0,0,0,0,0,0,0,0,0,0,0,7,0,0,0,0,0,0,0,0,0,0,0,0,Eukaryota,Obazoa,Opisthokonta,Metazoa,Arthropoda,Hexapoda,Insecta,NA,NA,Opisthokonta_Arthropoda
ASV_3399,0,0,0,0,0,0,0,0,0,0,0,0,0,0,0,0,0,0,0,0,0,0,0,0,0,0,0,0,0,0,0,0,7,0,0,0,0,0,0,0,0,0,0,0,0,Eukaryota,TSAR,Stramenopiles,Gyrista,Chrysophyceae,Ochromonadales,Ochromonadaceae,Acrispumella,Acrispumella_sp.,Stramenopiles
ASV_3400,0,0,0,0,0,0,0,0,0,0,0,0,0,0,0,0,0,0,0,0,0,0,0,0,0,0,0,0,0,0,0,0,0,7,0,0,0,0,0,0,0,0,0,0,0,Eukaryota,TSAR,Stramenopiles,Gyrista,Peronosporomycetes,Peronosporomycetes,Peronosporales,Pythium,NA,Stramenopiles
ASV_3401,0,0,0,0,0,0,0,0,0,0,0,0,0,0,0,0,0,0,0,0,0,0,0,0,0,0,0,0,0,0,0,0,0,7,0,0,0,0,0,0,0,0,0,0,0,Eukaryota,TSAR,Rhizaria,Cercozoa,Filosa-Granofilosea,Filosa-Granofilosea_X,Novel-Gran-6,Novel-Gran-6_X,Novel-Gran-6_X_sp.,Rhizaria
ASV_3402,0,0,0,0,0,0,0,0,0,0,0,0,0,0,0,0,0,0,0,0,0,0,0,0,0,0,0,0,0,0,0,0,0,7,0,0,0,0,0,0,0,0,0,0,0,Eukaryota,TSAR,Stramenopiles,Gyrista,Eustigmatophyceae,Eustigmatophyceae_X,Eustigmatophyceae_XX,NA,NA,Stramenopiles
ASV_3403,0,0,0,0,0,0,0,0,0,0,0,0,0,0,0,0,0,0,0,0,0,0,0,0,0,0,0,0,0,0,0,0,0,7,0,0,0,0,0,0,0,0,0,0,0,Eukaryota,Obazoa,Opisthokonta,Fungi,Opisthosporidia,Microsporida,Microsporida_X,Paramicrosporidium,Paramicrosporidium_saccamoebae,Opisthokonta_Opisthosporidia
ASV_3404,0,0,0,0,0,0,0,0,0,0,0,0,0,0,0,0,0,0,0,0,0,0,0,0,0,0,0,0,0,0,0,0,0,0,7,0,0,0,0,0,0,0,0,0,0,Eukaryota,NA,NA,NA,NA,NA,NA,NA,NA,NA
ASV_3405,0,0,0,0,0,0,0,0,0,0,0,0,0,0,0,0,0,0,0,0,0,0,0,0,0,0,0,0,0,0,0,0,0,0,0,7,0,0,0,0,0,0,0,0,0,Eukaryota,Obazoa,Opisthokonta,Fungi,NA,NA,NA,NA,NA,Opisthokonta_Unclassified
ASV_3406,0,0,0,0,0,0,0,0,0,0,0,0,0,0,0,0,0,0,0,0,0,0,0,0,0,0,0,0,0,0,0,0,0,0,0,7,0,0,0,0,0,0,0,0,0,Eukaryota,Obazoa,Opisthokonta,Metazoa,Arthropoda,Crustacea,Maxillopoda,NA,NA,Opisthokonta_Arthropoda
ASV_3407,0,0,0,0,0,0,0,0,0,0,0,0,0,0,0,0,0,0,0,0,0,0,0,0,0,0,0,0,0,0,0,0,0,0,0,0,7,0,0,0,0,0,0,0,0,Eukaryota,Obazoa,Opisthokonta,Fungi,Ascomycota,Pezizomycotina,Sordariomycetes,Acremonium,NA,Opisthokonta_Ascomycota
ASV_3408,0,0,0,0,0,0,0,0,0,0,0,0,0,0,0,0,0,0,0,0,0,0,0,0,0,0,0,0,0,0,0,0,0,0,0,0,0,7,0,0,0,0,0,0,0,Eukaryota,Archaeplastida,Chlorophyta,Chlorophyta_X,Pedinophyceae,Pedinomonadales,Pedinomonadaceae,Pedinomonas,NA,Chlorophyta
ASV_3409,0,0,0,0,0,0,0,0,0,0,0,0,0,0,0,0,0,0,0,0,0,0,0,0,0,0,0,0,0,0,0,0,0,0,0,0,0,7,0,0,0,0,0,0,0,Eukaryota,Obazoa,Opisthokonta,Metazoa,Arthropoda,Crustacea,Ostracoda,Cypridopsis,Cypridopsis_japonica,Opisthokonta_Arthropoda
ASV_3410,0,0,0,0,0,0,0,0,0,0,0,0,0,0,0,0,0,0,0,0,0,0,0,0,0,0,0,0,0,0,0,0,0,0,0,0,0,7,0,0,0,0,0,0,0,Eukaryota,Archaeplastida,Chlorophyta,Chlorophyta_X,Trebouxiophyceae,Trebouxiophyceae_X,Trebouxiophyceae_XX,Botryococcus,Botryococcus_terribilis,Chlorophyta
ASV_3411,0,0,0,0,0,0,0,0,0,0,0,0,0,0,0,0,0,0,0,0,0,0,0,0,0,0,0,0,0,0,0,0,0,0,0,0,0,7,0,0,0,0,0,0,0,Eukaryota,TSAR,Stramenopiles,Gyrista,Chrysophyceae,Ochromonadales,Ochromonadaceae,NA,NA,Stramenopiles
ASV_3412,0,0,0,0,0,0,0,0,0,0,0,0,0,0,0,0,0,0,0,0,0,0,0,0,0,0,0,0,0,0,0,0,0,0,0,0,0,7,0,0,0,0,0,0,0,Eukaryota,TSAR,Stramenopiles,Bigyra,Bicoecea,Pseudodendromonadales,Pseudodendromonadales_X,Pseudodendromonadales_XX,Pseudodendromonadales_XX_sp.,Stramenopiles
ASV_3413,0,0,0,0,0,0,0,0,0,0,0,0,0,0,0,0,0,0,0,0,0,0,0,0,0,0,0,0,0,0,0,0,0,0,0,0,0,0,7,0,0,0,0,0,0,Eukaryota,Obazoa,Opisthokonta,Metazoa,Arthropoda,Crustacea,Maxillopoda,NA,NA,Opisthokonta_Arthropoda
ASV_3414,0,0,0,0,0,0,0,0,0,0,0,0,0,0,0,0,0,0,0,0,0,0,0,0,0,0,0,0,0,0,0,0,0,0,0,0,0,0,0,7,0,0,0,0,0,Eukaryota,Haptista,Centroplasthelida,Centroplasthelida_X,Pterocystida,Pterista,Heterophryidae,Sphaerastrum,Sphaerastrum_fockii,Centroplasthelida
ASV_3415,0,0,0,0,0,0,0,0,0,0,0,0,0,0,0,0,0,0,0,0,0,0,0,0,0,0,0,0,0,0,0,0,0,0,0,0,0,0,0,0,7,0,0,0,0,Eukaryota,Archaeplastida,Chlorophyta,Chlorophyta_X,Chlorophyceae,Sphaeropleales,Sphaeropleales_X,Atractomorpha,Atractomorpha_echinata,Chlorophyta
ASV_3416,0,0,0,0,0,0,0,0,0,0,0,0,0,0,0,0,0,0,0,0,0,0,0,0,0,0,0,0,0,0,0,0,0,0,0,0,0,0,0,0,0,7,0,0,0,Eukaryota,TSAR,Stramenopiles,Gyrista,Mediophyceae,Thalassiosirales,Stephanodiscaceae,Cyclotella,Cyclotella_meneghiniana,Stramenopiles
ASV_3417,0,0,0,0,0,0,0,0,0,0,0,0,0,0,0,0,0,0,0,0,0,0,0,0,0,0,0,0,0,0,0,0,0,0,0,0,0,0,0,0,0,0,7,0,0,Eukaryota,Obazoa,Opisthokonta,Metazoa,Arthropoda,Crustacea,Maxillopoda,Skistodiaptomus,NA,Opisthokonta_Arthropoda
ASV_3418,0,0,0,0,0,0,0,0,0,0,0,0,0,0,0,0,0,0,0,0,0,0,0,0,0,0,0,0,0,0,0,0,0,0,0,0,0,0,0,0,0,0,7,0,0,Eukaryota,Cryptista,Cryptophyta,Cryptophyta_X,Cryptophyceae,Cryptomonadales,Cryptomonadales_X,Cryptomonas,Cryptomonas_pyrenoidifera,Cryptophyta
ASV_3419,0,0,0,0,0,0,0,0,0,0,0,0,0,0,0,0,0,0,0,0,0,0,0,0,0,0,0,0,0,0,0,0,0,0,0,0,0,0,0,0,0,0,0,0,7,Eukaryota,TSAR,Stramenopiles,Gyrista,Eustigmatophyceae,Eustigmatophyceae_X,Eustigmatophyceae_XX,Characiopsis,Characiopsis_sp.,Stramenopiles
ASV_3420,6,0,0,0,0,0,0,0,0,0,0,0,0,0,0,0,0,0,0,0,0,0,0,0,0,0,0,0,0,0,0,0,0,0,0,0,0,0,0,0,0,0,0,0,0,Eukaryota,TSAR,Stramenopiles,Bigyra,Opalozoa,Opalozoa_X,MAST-12,MAST-12_X,MAST-12_X_sp.,Stramenopiles
ASV_3421,6,0,0,0,0,0,0,0,0,0,0,0,0,0,0,0,0,0,0,0,0,0,0,0,0,0,0,0,0,0,0,0,0,0,0,0,0,0,0,0,0,0,0,0,0,Eukaryota,Obazoa,Opisthokonta,Fungi,Chytridiomycota,Rhizophydiales,Rhizophydiaceae,Rhizophydium,NA,Opisthokonta_Chytridiomycota
ASV_3422,0,6,0,0,0,0,0,0,0,0,0,0,0,0,0,0,0,0,0,0,0,0,0,0,0,0,0,0,0,0,0,0,0,0,0,0,0,0,0,0,0,0,0,0,0,Eukaryota,Cryptista,Cryptophyta,Cryptophyta_X,Cryptophyceae,NA,NA,NA,NA,Cryptophyta
ASV_3423,0,6,0,0,0,0,0,0,0,0,0,0,0,0,0,0,0,0,0,0,0,0,0,0,0,0,0,0,0,0,0,0,0,0,0,0,0,0,0,0,0,0,0,0,0,Eukaryota,TSAR,Stramenopiles,Gyrista,Peronosporomycetes,Peronosporomycetes,NA,NA,NA,Stramenopiles
ASV_3424,0,0,6,0,0,0,0,0,0,0,0,0,0,0,0,0,0,0,0,0,0,0,0,0,0,0,0,0,0,0,0,0,0,0,0,0,0,0,0,0,0,0,0,0,0,Eukaryota,TSAR,Rhizaria,Cercozoa,Filosa-Granofilosea,Cryptofilida,Mesofilidae,Mesofila,Mesofila_limnetica,Rhizaria
ASV_3425,0,0,6,0,0,0,0,0,0,0,0,0,0,0,0,0,0,0,0,0,0,0,0,0,0,0,0,0,0,0,0,0,0,0,0,0,0,0,0,0,0,0,0,0,0,Eukaryota,Cryptista,Cryptophyta,Cryptophyta_X,Cryptophyceae,Cryptomonadales,Cryptomonadales_X,Cryptomonas,Cryptomonas_uralensis,Cryptophyta
ASV_3426,0,0,6,0,0,0,0,0,0,0,0,0,0,0,0,0,0,0,0,0,0,0,0,0,0,0,0,0,0,0,0,0,0,0,0,0,0,0,0,0,0,0,0,0,0,Eukaryota,TSAR,Rhizaria,Cercozoa,Filosa-Imbricatea,NA,NA,NA,NA,Rhizaria
ASV_3427,0,0,0,6,0,0,0,0,0,0,0,0,0,0,0,0,0,0,0,0,0,0,0,0,0,0,0,0,0,0,0,0,0,0,0,0,0,0,0,0,0,0,0,0,0,Eukaryota,TSAR,Rhizaria,Cercozoa,Filosa-SarcomoNAdea,Pansomonadida,Pansomonadida_X,Pansomonadida_XX,Pansomonadida_XX_sp.,Rhizaria
ASV_3428,0,0,0,0,6,0,0,0,0,0,0,0,0,0,0,0,0,0,0,0,0,0,0,0,0,0,0,0,0,0,0,0,0,0,0,0,0,0,0,0,0,0,0,0,0,Eukaryota,TSAR,Rhizaria,Cercozoa,Filosa-SarcomoNAdea,Pansomonadida,Agitatidae,Agitatidae_X,Agitatidae_X_sp.,Rhizaria
ASV_3429,0,0,0,0,6,0,0,0,0,0,0,0,0,0,0,0,0,0,0,0,0,0,0,0,0,0,0,0,0,0,0,0,0,0,0,0,0,0,0,0,0,0,0,0,0,Eukaryota,TSAR,Stramenopiles,Gyrista,Chrysophyceae,Paraphysomonadales,Paraphysomonadaceae,Paraphysomonas,Paraphysomonas_vulgaris,Stramenopiles
ASV_3430,0,0,0,0,6,0,0,0,0,0,0,0,0,0,0,0,0,0,0,0,0,0,0,0,0,0,0,0,0,0,0,0,0,0,0,0,0,0,0,0,0,0,0,0,0,Eukaryota,Obazoa,Opisthokonta,Metazoa,Gastrotricha,Gastrotricha_X,Gastrotricha_XX,Chaetonotus,NA,Opisthokonta_Gastrotricha
ASV_3431,0,0,0,0,0,6,0,0,0,0,0,0,0,0,0,0,0,0,0,0,0,0,0,0,0,0,0,0,0,0,0,0,0,0,0,0,0,0,0,0,0,0,0,0,0,Bacteria,PVC,Verrucomicrobia,Verrucomicrobia_X,Verrucomicrobiae,Chthoniobacterales,Terrimicrobiaceae,FukuN18_freshwater_group,FukuN18_freshwater_group_sp.,Verrucomicrobia
ASV_3432,0,0,0,0,0,0,6,0,0,0,0,0,0,0,0,0,0,0,0,0,0,0,0,0,0,0,0,0,0,0,0,0,0,0,0,0,0,0,0,0,0,0,0,0,0,Eukaryota,TSAR,Rhizaria,Cercozoa,Endomyxa,Vampyrellida,sm27-lineage,sm27-lineage_X,sm27-lineage_X_sp.,Rhizaria
ASV_3433,0,0,0,0,0,0,6,0,0,0,0,0,0,0,0,0,0,0,0,0,0,0,0,0,0,0,0,0,0,0,0,0,0,0,0,0,0,0,0,0,0,0,0,0,0,Eukaryota,Archaeplastida,Chlorophyta,Chlorophyta_X,Chlorophyceae,Sphaeropleales,Sphaeropleales_X,NA,NA,Chlorophyta
ASV_3434,0,0,0,0,0,0,0,6,0,0,0,0,0,0,0,0,0,0,0,0,0,0,0,0,0,0,0,0,0,0,0,0,0,0,0,0,0,0,0,0,0,0,0,0,0,Eukaryota,TSAR,Stramenopiles,Gyrista,Mediophyceae,Thalassiosirales,Stephanodiscaceae,Cyclotella,Cyclotella_meneghiniana,Stramenopiles
ASV_3435,0,0,0,0,0,0,0,0,6,0,0,0,0,0,0,0,0,0,0,0,0,0,0,0,0,0,0,0,0,0,0,0,0,0,0,0,0,0,0,0,0,0,0,0,0,Eukaryota,TSAR,Rhizaria,Cercozoa,Filosa-SarcomoNAdea,Glissomonadida,Bodomorphidae,Bodomorpha,NA,Rhizaria
ASV_3436,0,0,0,0,0,0,0,0,6,0,0,0,0,0,0,0,0,0,0,0,0,0,0,0,0,0,0,0,0,0,0,0,0,0,0,0,0,0,0,0,0,0,0,0,0,Eukaryota,TSAR,Stramenopiles,Bigyra,Opalozoa,Opalozoa_X,MAST-12,MAST-12_X,MAST-12_X_sp.,Stramenopiles
ASV_3437,0,0,0,0,0,0,0,0,0,0,0,6,0,0,0,0,0,0,0,0,0,0,0,0,0,0,0,0,0,0,0,0,0,0,0,0,0,0,0,0,0,0,0,0,0,Eukaryota,Obazoa,Opisthokonta,NA,NA,NA,NA,NA,NA,Opisthokonta_Unclassified
ASV_3438,0,0,0,0,0,0,0,0,0,0,0,0,6,0,0,0,0,0,0,0,0,0,0,0,0,0,0,0,0,0,0,0,0,0,0,0,0,0,0,0,0,0,0,0,0,Eukaryota,Cryptista,Cryptophyta,Cryptophyta_X,Cryptophyceae,Goniomonadales,Goniomonadales_X,Goniomonas,Goniomonas_truncata,Cryptophyta
ASV_3439,0,0,0,0,0,0,0,0,0,0,0,0,6,0,0,0,0,0,0,0,0,0,0,0,0,0,0,0,0,0,0,0,0,0,0,0,0,0,0,0,0,0,0,0,0,Eukaryota,NA,NA,NA,NA,NA,NA,NA,NA,NA
ASV_3440,0,0,0,0,0,0,0,0,0,0,0,0,0,6,0,0,0,0,0,0,0,0,0,0,0,0,0,0,0,0,0,0,0,0,0,0,0,0,0,0,0,0,0,0,0,Eukaryota,Archaeplastida,Chlorophyta,Chlorophyta_X,Trebouxiophyceae,Trebouxiophyceae_X,Trebouxiophyceae_XX,Botryococcus,Botryococcus_terribilis,Chlorophyta
ASV_3441,0,0,0,0,0,0,0,0,0,0,0,0,0,0,6,0,0,0,0,0,0,0,0,0,0,0,0,0,0,0,0,0,0,0,0,0,0,0,0,0,0,0,0,0,0,Eukaryota,Obazoa,Opisthokonta,Fungi,Chytridiomycota,NA,NA,NA,NA,Opisthokonta_Chytridiomycota
ASV_3442,0,0,0,0,0,0,0,0,0,0,0,0,0,0,6,0,0,0,0,0,0,0,0,0,0,0,0,0,0,0,0,0,0,0,0,0,0,0,0,0,0,0,0,0,0,Eukaryota,TSAR,Alveolata,Ciliophora,Spirotrichea,Hypotrichia,Oxytrichidae,Orthamphisiella,Orthamphisiella_breviseries,Alveolata
ASV_3443,0,0,0,0,0,0,0,0,0,0,0,0,0,0,0,6,0,0,0,0,0,0,0,0,0,0,0,0,0,0,0,0,0,0,0,0,0,0,0,0,0,0,0,0,0,Eukaryota,Cryptista,Cryptophyta,Cryptophyta_X,Cryptophyceae,Cryptomonadales,Cryptomonadales_X,Cryptomonas,Cryptomonas_uralensis,Cryptophyta
ASV_3444,0,0,0,0,0,0,0,0,0,0,0,0,0,0,0,0,6,0,0,0,0,0,0,0,0,0,0,0,0,0,0,0,0,0,0,0,0,0,0,0,0,0,0,0,0,Eukaryota,TSAR,Rhizaria,Cercozoa,Filosa-Thecofilosea,Cryomonadida,Rhogostoma-lineage,Rhogostoma,Rhogostoma_kyoshii,Rhizaria
ASV_3445,0,0,0,0,0,0,0,0,0,0,0,0,0,0,0,0,6,0,0,0,0,0,0,0,0,0,0,0,0,0,0,0,0,0,0,0,0,0,0,0,0,0,0,0,0,Eukaryota,Obazoa,Opisthokonta,Fungi,Chytridiomycota,Rhizophydiales,Rhizophydiales_X,Rhizophydiales_XX,Rhizophydiales_XX_sp.,Opisthokonta_Chytridiomycota
ASV_3446,0,0,0,0,0,0,0,0,0,0,0,0,0,0,0,0,6,0,0,0,0,0,0,0,0,0,0,0,0,0,0,0,0,0,0,0,0,0,0,0,0,0,0,0,0,Eukaryota,NA,NA,NA,NA,NA,NA,NA,NA,NA
ASV_3447,0,0,0,0,0,0,0,0,0,0,0,0,0,0,0,0,6,0,0,0,0,0,0,0,0,0,0,0,0,0,0,0,0,0,0,0,0,0,0,0,0,0,0,0,0,Eukaryota,Obazoa,Opisthokonta,Fungi,Zoopagomycota,Entomophthoromycotina,Entomophthorales,Entomophthora,Entomophthora_culicis,Opisthokonta_Zoopagomycota
ASV_3448,0,0,0,0,0,0,0,0,0,0,0,0,0,0,0,0,6,0,0,0,0,0,0,0,0,0,0,0,0,0,0,0,0,0,0,0,0,0,0,0,0,0,0,0,0,Eukaryota,TSAR,Rhizaria,Cercozoa,Filosa-Imbricatea,Spongomonadida,Spongomonadidae,Spongomonas,Spongomonas_minima,Rhizaria
ASV_3449,0,0,0,0,0,0,0,0,0,0,0,0,0,0,0,0,6,0,0,0,0,0,0,0,0,0,0,0,0,0,0,0,0,0,0,0,0,0,0,0,0,0,0,0,0,Eukaryota,TSAR,Stramenopiles,Gyrista,Raphidophyceae,Raphidophyceae_X,Raphidophyceae_XX,Vacuolaria,Vacuolaria_virescens,Stramenopiles
ASV_3450,0,0,0,0,0,0,0,0,0,0,0,0,0,0,0,0,6,0,0,0,0,0,0,0,0,0,0,0,0,0,0,0,0,0,0,0,0,0,0,0,0,0,0,0,0,Eukaryota,TSAR,Stramenopiles,Gyrista,Chrysophyceae,Synurales,Synuraceae,NA,NA,Stramenopiles
ASV_3451,0,0,0,0,0,0,0,0,0,0,0,0,0,0,0,0,0,0,6,0,0,0,0,0,0,0,0,0,0,0,0,0,0,0,0,0,0,0,0,0,0,0,0,0,0,Eukaryota,TSAR,NA,NA,NA,NA,NA,NA,NA,NA
ASV_3452,0,0,0,0,0,0,0,0,0,0,0,0,0,0,0,0,0,0,6,0,0,0,0,0,0,0,0,0,0,0,0,0,0,0,0,0,0,0,0,0,0,0,0,0,0,Eukaryota,TSAR,Rhizaria,Cercozoa,NA,NA,NA,NA,NA,Rhizaria
ASV_3453,0,0,0,0,0,0,0,0,0,0,0,0,0,0,0,0,0,0,6,0,0,0,0,0,0,0,0,0,0,0,0,0,0,0,0,0,0,0,0,0,0,0,0,0,0,Eukaryota,TSAR,Stramenopiles,Gyrista,Chrysophyceae,Chromulinales,Chrysamoebaceae,Chrysamoeba,Chrysamoeba_tenera,Stramenopiles
ASV_3454,0,0,0,0,0,0,0,0,0,0,0,0,0,0,0,0,0,0,6,0,0,0,0,0,0,0,0,0,0,0,0,0,0,0,0,0,0,0,0,0,0,0,0,0,0,Eukaryota,Obazoa,Opisthokonta,Metazoa,Arthropoda,Crustacea,Ostracoda,NA,NA,Opisthokonta_Arthropoda
ASV_3455,0,0,0,0,0,0,0,0,0,0,0,0,0,0,0,0,0,0,6,0,0,0,0,0,0,0,0,0,0,0,0,0,0,0,0,0,0,0,0,0,0,0,0,0,0,Eukaryota,TSAR,Stramenopiles,Gyrista,Bacillariophyceae,Fragilariales,Fragilariaceae,Synedra,Synedra_ulna,Stramenopiles
ASV_3456,0,0,0,0,0,0,0,0,0,0,0,0,0,0,0,0,0,0,0,6,0,0,0,0,0,0,0,0,0,0,0,0,0,0,0,0,0,0,0,0,0,0,0,0,0,Eukaryota,Archaeplastida,Chlorophyta,Chlorophyta_X,Trebouxiophyceae,Watanabea-Clade,Watanabea-Clade_X,Chloroidium,Chloroidium_lichenum,Chlorophyta
ASV_3457,0,0,0,0,0,0,0,0,0,0,0,0,0,0,0,0,0,0,0,6,0,0,0,0,0,0,0,0,0,0,0,0,0,0,0,0,0,0,0,0,0,0,0,0,0,Eukaryota,NA,NA,NA,NA,NA,NA,NA,NA,NA
ASV_3458,0,0,0,0,0,0,0,0,0,0,0,0,0,0,0,0,0,0,0,0,0,0,6,0,0,0,0,0,0,0,0,0,0,0,0,0,0,0,0,0,0,0,0,0,0,Eukaryota,TSAR,Stramenopiles,Bigyra,Opalozoa,Opalozoa_X,MAST-12,MAST-12C,MAST-12C_sp.,Stramenopiles
ASV_3459,0,0,0,0,0,0,0,0,0,0,0,0,0,0,0,0,0,0,0,0,0,0,0,6,0,0,0,0,0,0,0,0,0,0,0,0,0,0,0,0,0,0,0,0,0,Eukaryota,NA,NA,NA,NA,NA,NA,NA,NA,NA
ASV_3460,0,0,0,0,0,0,0,0,0,0,0,0,0,0,0,0,0,0,0,0,0,0,0,6,0,0,0,0,0,0,0,0,0,0,0,0,0,0,0,0,0,0,0,0,0,Eukaryota,Obazoa,Opisthokonta,Metazoa,Arthropoda,Chelicerata,Arachnida,NA,NA,Opisthokonta_Arthropoda
ASV_3461,0,0,0,0,0,0,0,0,0,0,0,0,0,0,0,0,0,0,0,0,0,0,0,6,0,0,0,0,0,0,0,0,0,0,0,0,0,0,0,0,0,0,0,0,0,Eukaryota,TSAR,Stramenopiles,Bigyra,Sagenista,Labyrinthulomycetes,Amphitraemidae,Amphitrema,Amphitrema_sp.,Stramenopiles
ASV_3462,0,0,0,0,0,0,0,0,0,0,0,0,0,0,0,0,0,0,0,0,0,0,0,6,0,0,0,0,0,0,0,0,0,0,0,0,0,0,0,0,0,0,0,0,0,Eukaryota,TSAR,Stramenopiles,Gyrista,Peronosporomycetes,Peronosporomycetes,NA,NA,NA,Stramenopiles
ASV_3463,0,0,0,0,0,0,0,0,0,0,0,0,0,0,0,0,0,0,0,0,0,0,0,0,6,0,0,0,0,0,0,0,0,0,0,0,0,0,0,0,0,0,0,0,0,Eukaryota,TSAR,Stramenopiles,Gyrista,Chrysophyceae,Paraphysomonadales,Paraphysomonadaceae,Paraphysomonas,Paraphysomonas_vulgaris,Stramenopiles
ASV_3464,0,0,0,0,0,0,0,0,0,0,0,0,0,0,0,0,0,0,0,0,0,0,0,0,6,0,0,0,0,0,0,0,0,0,0,0,0,0,0,0,0,0,0,0,0,Eukaryota,TSAR,Stramenopiles,Gyrista,Eustigmatophyceae,Eustigmatophyceae_X,Eustigmatophyceae_XX,Pseudostaurastrum,Pseudostaurastrum_enorme,Stramenopiles
ASV_3465,0,0,0,0,0,0,0,0,0,0,0,0,0,0,0,0,0,0,0,0,0,0,0,0,6,0,0,0,0,0,0,0,0,0,0,0,0,0,0,0,0,0,0,0,0,Eukaryota,Haptista,Centroplasthelida,Centroplasthelida_X,Pterocystida,Pterista,Heterophryidae,Heterophrys,Heterophrys_sp.,Centroplasthelida
ASV_3466,0,0,0,0,0,0,0,0,0,0,0,0,0,0,0,0,0,0,0,0,0,0,0,0,0,6,0,0,0,0,0,0,0,0,0,0,0,0,0,0,0,0,0,0,0,Eukaryota,Archaeplastida,Chlorophyta,Chlorophyta_X,Trebouxiophyceae,Watanabea-Clade,Watanabea-Clade_X,Chloroidium,Chloroidium_orientale,Chlorophyta
ASV_3467,0,0,0,0,0,0,0,0,0,0,0,0,0,0,0,0,0,0,0,0,0,0,0,0,0,6,0,0,0,0,0,0,0,0,0,0,0,0,0,0,0,0,0,0,0,Eukaryota,Obazoa,Opisthokonta,Fungi,Ascomycota,Pezizomycotina,Sordariomycetes,NA,NA,Opisthokonta_Ascomycota
ASV_3468,0,0,0,0,0,0,0,0,0,0,0,0,0,0,0,0,0,0,0,0,0,0,0,0,0,6,0,0,0,0,0,0,0,0,0,0,0,0,0,0,0,0,0,0,0,Eukaryota,Obazoa,Opisthokonta,Fungi,Basidiomycota,Agaricomycotina,Agaricomycetes,NA,NA,Opisthokonta_Basidiomycota
ASV_3469,0,0,0,0,0,0,0,0,0,0,0,0,0,0,0,0,0,0,0,0,0,0,0,0,0,6,0,0,0,0,0,0,0,0,0,0,0,0,0,0,0,0,0,0,0,Eukaryota,NA,NA,NA,NA,NA,NA,NA,NA,NA
ASV_3470,0,0,0,0,0,0,0,0,0,0,0,0,0,0,0,0,0,0,0,0,0,0,0,0,0,0,0,0,0,6,0,0,0,0,0,0,0,0,0,0,0,0,0,0,0,Eukaryota,TSAR,Alveolata,Ciliophora,Oligohymenophorea,Scuticociliatia_2,Scuticociliatia_2_X,Scuticociliatia_2_XX,Tardigrada_environmental,Alveolata
ASV_3471,0,0,0,0,0,0,0,0,0,0,0,0,0,0,0,0,0,0,0,0,0,0,0,0,0,0,0,0,0,0,6,0,0,0,0,0,0,0,0,0,0,0,0,0,0,Eukaryota,Archaeplastida,Chlorophyta,Chlorophyta_X,Chlorophyceae,Chlamydomonadales,Chlamydomonadales_X,Pandorina,Pandorina_colemaniae,Chlorophyta
ASV_3472,0,0,0,0,0,0,0,0,0,0,0,0,0,0,0,0,0,0,0,0,0,0,0,0,0,0,0,0,0,0,6,0,0,0,0,0,0,0,0,0,0,0,0,0,0,Eukaryota,TSAR,Stramenopiles,Gyrista,Peronosporomycetes,Peronosporomycetes,Peronosporales,Halophytophthora,NA,Stramenopiles
ASV_3473,0,0,0,0,0,0,0,0,0,0,0,0,0,0,0,0,0,0,0,0,0,0,0,0,0,0,0,0,0,0,6,0,0,0,0,0,0,0,0,0,0,0,0,0,0,Eukaryota,Obazoa,Opisthokonta,Fungi,NA,NA,NA,NA,NA,Opisthokonta_Unclassified
ASV_3474,0,0,0,0,0,0,0,0,0,0,0,0,0,0,0,0,0,0,0,0,0,0,0,0,0,0,0,0,0,0,6,0,0,0,0,0,0,0,0,0,0,0,0,0,0,Eukaryota,TSAR,Alveolata,Ciliophora,Litostomatea,Haptoria_3,Haptoria_3_X,Fuscheria,Fuscheria_nodosa,Alveolata
ASV_3475,0,0,0,0,0,0,0,0,0,0,0,0,0,0,0,0,0,0,0,0,0,0,0,0,0,0,0,0,0,0,6,0,0,0,0,0,0,0,0,0,0,0,0,0,0,Eukaryota,TSAR,Alveolata,Ciliophora,Oligohymenophorea,OLIGO4,OLIGO4_X,OLIGO4_XX,OLIGO4_XX_sp.,Alveolata
ASV_3476,0,0,0,0,0,0,0,0,0,0,0,0,0,0,0,0,0,0,0,0,0,0,0,0,0,0,0,0,0,0,6,0,0,0,0,0,0,0,0,0,0,0,0,0,0,Eukaryota,Obazoa,Opisthokonta,Choanoflagellata,Choanoflagellatea,Craspedida,Salpingoecidae_Group_C1,NA,NA,Opisthokonta_Choanoflagellatea
ASV_3477,0,0,0,0,0,0,0,0,0,0,0,0,0,0,0,0,0,0,0,0,0,0,0,0,0,0,0,0,0,0,0,6,0,0,0,0,0,0,0,0,0,0,0,0,0,Eukaryota,Cryptista,Cryptophyta,Cryptophyta_X,Cryptophyceae,Goniomonadales,Goniomonadales_X,Goniomonas,Goniomonas_truncata,Cryptophyta
ASV_3478,0,0,0,0,0,0,0,0,0,0,0,0,0,0,0,0,0,0,0,0,0,0,0,0,0,0,0,0,0,0,0,6,0,0,0,0,0,0,0,0,0,0,0,0,0,Eukaryota,Obazoa,Opisthokonta,Metazoa,Arthropoda,Crustacea,Branchiopoda,NA,NA,Opisthokonta_Arthropoda
ASV_3479,0,0,0,0,0,0,0,0,0,0,0,0,0,0,0,0,0,0,0,0,0,0,0,0,0,0,0,0,0,0,0,0,0,6,0,0,0,0,0,0,0,0,0,0,0,Eukaryota,Obazoa,Opisthokonta,Metazoa,Arthropoda,Crustacea,Maxillopoda,Eucyclops,NA,Opisthokonta_Arthropoda
ASV_3480,0,0,0,0,0,0,0,0,0,0,0,0,0,0,0,0,0,0,0,0,0,0,0,0,0,0,0,0,0,0,0,0,0,6,0,0,0,0,0,0,0,0,0,0,0,Eukaryota,Obazoa,Opisthokonta,Choanoflagellata,Choanoflagellatea,Choanoflagellatea_X,Choanoflagellatea_XX,Salpingoeca,Salpingoeca_macrocollata,Opisthokonta_Choanoflagellatea
ASV_3481,0,0,0,0,0,0,0,0,0,0,0,0,0,0,0,0,0,0,0,0,0,0,0,0,0,0,0,0,0,0,0,0,0,6,0,0,0,0,0,0,0,0,0,0,0,Eukaryota,Obazoa,Opisthokonta,Metazoa,Arthropoda,Crustacea,Maxillopoda,Eucyclops,NA,Opisthokonta_Arthropoda
ASV_3482,0,0,0,0,0,0,0,0,0,0,0,0,0,0,0,0,0,0,0,0,0,0,0,0,0,0,0,0,0,0,0,0,0,6,0,0,0,0,0,0,0,0,0,0,0,Eukaryota,NA,NA,NA,NA,NA,NA,NA,NA,NA
ASV_3483,0,0,0,0,0,0,0,0,0,0,0,0,0,0,0,0,0,0,0,0,0,0,0,0,0,0,0,0,0,0,0,0,0,6,0,0,0,0,0,0,0,0,0,0,0,Eukaryota,Archaeplastida,Chlorophyta,Chlorophyta_X,Chlorophyceae,Sphaeropleales,Sphaeropleales_X,NA,NA,Chlorophyta
ASV_3484,0,0,0,0,0,0,0,0,0,0,0,0,0,0,0,0,0,0,0,0,0,0,0,0,0,0,0,0,0,0,0,0,0,6,0,0,0,0,0,0,0,0,0,0,0,Eukaryota,Obazoa,Opisthokonta,Metazoa,Gastrotricha,Gastrotricha_X,Gastrotricha_XX,NA,NA,Opisthokonta_Gastrotricha
ASV_3485,0,0,0,0,0,0,0,0,0,0,0,0,0,0,0,0,0,0,0,0,0,0,0,0,0,0,0,0,0,0,0,0,0,0,6,0,0,0,0,0,0,0,0,0,0,Eukaryota,Obazoa,Opisthokonta,Metazoa,Arthropoda,Crustacea,Branchiopoda,Chydorus,Chydorus_sphaericus,Opisthokonta_Arthropoda
ASV_3486,0,0,0,0,0,0,0,0,0,0,0,0,0,0,0,0,0,0,0,0,0,0,0,0,0,0,0,0,0,0,0,0,0,0,0,6,0,0,0,0,0,0,0,0,0,Eukaryota,TSAR,Alveolata,Chrompodellids,Colpodellidea,Colpodellida,Alphamonaceae,Alphamonadea_ALPH2,Alphamonadea_ALPH2_sp.,Alveolata
ASV_3487,0,0,0,0,0,0,0,0,0,0,0,0,0,0,0,0,0,0,0,0,0,0,0,0,0,0,0,0,0,0,0,0,0,0,0,0,6,0,0,0,0,0,0,0,0,Eukaryota,TSAR,Stramenopiles,Gyrista,Chrysophyceae,NA,NA,NA,NA,Stramenopiles
ASV_3488,0,0,0,0,0,0,0,0,0,0,0,0,0,0,0,0,0,0,0,0,0,0,0,0,0,0,0,0,0,0,0,0,0,0,0,0,6,0,0,0,0,0,0,0,0,Eukaryota,TSAR,Rhizaria,Cercozoa,NA,NA,NA,NA,NA,Rhizaria
ASV_3489,0,0,0,0,0,0,0,0,0,0,0,0,0,0,0,0,0,0,0,0,0,0,0,0,0,0,0,0,0,0,0,0,0,0,0,0,6,0,0,0,0,0,0,0,0,Eukaryota,Obazoa,Opisthokonta,Fungi,Basidiomycota,Agaricomycotina,NA,NA,NA,Opisthokonta_Basidiomycota
ASV_3490,0,0,0,0,0,0,0,0,0,0,0,0,0,0,0,0,0,0,0,0,0,0,0,0,0,0,0,0,0,0,0,0,0,0,0,0,0,6,0,0,0,0,0,0,0,Eukaryota,Archaeplastida,Streptophyta,Streptophyta_X,Zygnemophyceae, Zygnemophyceae, ZygnemophyceaeX,Closterium,Closterium_sp.,Streptophyta
ASV_3491,0,0,0,0,0,0,0,0,0,0,0,0,0,0,0,0,0,0,0,0,0,0,0,0,0,0,0,0,0,0,0,0,0,0,0,0,0,2,0,0,0,0,0,4,0,Eukaryota,NA,NA,NA,NA,NA,NA,NA,NA,NA
ASV_3492,0,0,0,0,0,0,0,0,0,0,0,0,0,0,0,0,0,0,0,0,0,0,0,0,0,0,0,0,0,0,0,0,0,0,0,0,0,0,1,5,0,0,0,0,0,Eukaryota,Obazoa,Opisthokonta,NA,NA,NA,NA,NA,NA,Opisthokonta_Unclassified
ASV_3493,0,0,0,0,0,0,0,0,0,0,0,0,0,0,0,0,0,0,0,0,0,0,0,0,0,0,0,0,0,0,0,0,0,0,0,0,0,0,0,6,0,0,0,0,0,Eukaryota,Obazoa,Opisthokonta,Fungi,Rozellomycota,Rozellomycota_X,Rozellomycota_XX,Rozellomycota_XXX,Rozellomycota_XXX_sp.,Opisthokonta_Rozellomycota
ASV_3494,0,0,0,0,0,0,0,0,0,0,0,0,0,0,0,0,0,0,0,0,0,0,0,0,0,0,0,0,0,0,0,0,0,0,0,0,0,0,0,0,6,0,0,0,0,Eukaryota,TSAR,Stramenopiles,Gyrista,Chrysophyceae,Chromulinales,Chromulinaceae,NA,NA,Stramenopiles
ASV_3495,0,0,0,0,0,0,0,0,0,0,0,0,0,0,0,0,0,0,0,0,0,0,0,0,0,0,0,0,0,0,0,0,0,0,0,0,0,0,0,0,6,0,0,0,0,Eukaryota,Archaeplastida,Chlorophyta,Chlorophyta_X,Trebouxiophyceae,Trebouxiophyceae_X,Trebouxiophyceae_XX,Botryococcus,Botryococcus_terribilis,Chlorophyta
ASV_3496,0,0,0,0,0,0,0,0,0,0,0,0,0,0,0,0,0,0,0,0,0,0,0,0,0,0,0,0,0,0,0,0,0,0,0,0,0,0,0,0,0,6,0,0,0,Eukaryota,Obazoa,Opisthokonta,Choanoflagellata,Choanoflagellatea,NA,NA,NA,NA,Opisthokonta_Choanoflagellatea
ASV_3497,0,0,0,0,0,0,0,0,0,0,0,0,0,0,0,0,0,0,0,0,0,0,0,0,0,0,0,0,0,0,0,0,0,0,0,0,0,0,0,0,0,6,0,0,0,Eukaryota,TSAR,Rhizaria,Cercozoa,NA,NA,NA,NA,NA,Rhizaria
ASV_3498,0,0,0,0,0,0,0,0,0,0,0,0,0,0,0,0,0,0,0,0,0,0,0,0,0,0,0,0,0,0,0,0,0,0,0,0,0,0,0,0,0,0,6,0,0,Eukaryota,NA,NA,NA,NA,NA,NA,NA,NA,NA
ASV_3499,0,0,0,0,0,0,0,0,0,0,0,0,0,0,0,0,0,0,0,0,0,0,0,0,0,0,0,0,0,0,0,0,0,0,0,0,0,0,0,0,0,0,6,0,0,Eukaryota,NA,NA,NA,NA,NA,NA,NA,NA,NA
ASV_3500,0,0,0,0,0,0,0,0,0,0,0,0,0,0,0,0,0,0,0,0,0,0,0,0,0,0,0,0,0,0,0,0,0,0,0,0,0,0,0,0,0,0,0,6,0,Eukaryota,Obazoa,Opisthokonta,NA,NA,NA,NA,NA,NA,Opisthokonta_Unclassified
ASV_3501,0,0,0,0,0,0,0,0,0,0,0,0,0,0,0,0,0,0,0,0,0,0,0,0,0,0,0,0,0,0,0,0,0,0,0,0,0,0,0,0,0,0,0,0,6,Eukaryota,TSAR,Stramenopiles,Bigyra,Bicoecea,Pseudodendromonadales,Pseudodendromonadales_X,Pseudodendromonadales_XX,Pseudodendromonadales_XX_sp.,Stramenopiles
ASV_3502,0,5,0,0,0,0,0,0,0,0,0,0,0,0,0,0,0,0,0,0,0,0,0,0,0,0,0,0,0,0,0,0,0,0,0,0,0,0,0,0,0,0,0,0,0,Eukaryota,Obazoa,Opisthokonta,Metazoa,Arthropoda,Crustacea,Branchiopoda,NA,NA,Opisthokonta_Arthropoda
ASV_3503,0,5,0,0,0,0,0,0,0,0,0,0,0,0,0,0,0,0,0,0,0,0,0,0,0,0,0,0,0,0,0,0,0,0,0,0,0,0,0,0,0,0,0,0,0,Eukaryota,Obazoa,Opisthokonta,Fungi,NA,NA,NA,NA,NA,Opisthokonta_Unclassified
ASV_3504,0,0,5,0,0,0,0,0,0,0,0,0,0,0,0,0,0,0,0,0,0,0,0,0,0,0,0,0,0,0,0,0,0,0,0,0,0,0,0,0,0,0,0,0,0,Eukaryota,Obazoa,Opisthokonta,Metazoa,Arthropoda,Crustacea,Maxillopoda,Eudiaptomus,Eudiaptomus_graciloides,Opisthokonta_Arthropoda
ASV_3505,0,0,5,0,0,0,0,0,0,0,0,0,0,0,0,0,0,0,0,0,0,0,0,0,0,0,0,0,0,0,0,0,0,0,0,0,0,0,0,0,0,0,0,0,0,Eukaryota,Amoebozoa,Evosea,Evosea_X,Variosea,Variosea_X,Filamoebidae,Filamoeba,Filamoeba_sp.,Evosea
ASV_3506,0,0,5,0,0,0,0,0,0,0,0,0,0,0,0,0,0,0,0,0,0,0,0,0,0,0,0,0,0,0,0,0,0,0,0,0,0,0,0,0,0,0,0,0,0,Eukaryota,Cryptista,Cryptophyta,Cryptophyta_X,Cryptophyceae,Cryptophyceae_X,Basal_Cryptophyceae-1,Basal_Cryptophyceae-1_X,Basal_Cryptophyceae-1_X_sp.,Cryptophyta
ASV_3507,0,0,0,5,0,0,0,0,0,0,0,0,0,0,0,0,0,0,0,0,0,0,0,0,0,0,0,0,0,0,0,0,0,0,0,0,0,0,0,0,0,0,0,0,0,Eukaryota,Obazoa,Opisthokonta,NA,NA,NA,NA,NA,NA,Opisthokonta_Unclassified
ASV_3508,0,0,0,0,5,0,0,0,0,0,0,0,0,0,0,0,0,0,0,0,0,0,0,0,0,0,0,0,0,0,0,0,0,0,0,0,0,0,0,0,0,0,0,0,0,Eukaryota,Archaeplastida,Chlorophyta,Chlorophyta_X,Chlorophyceae,Chlamydomonadales,Chlamydomonadales_X,Lobochlamys,Lobochlamys_sp.,Chlorophyta
ASV_3509,0,0,0,0,5,0,0,0,0,0,0,0,0,0,0,0,0,0,0,0,0,0,0,0,0,0,0,0,0,0,0,0,0,0,0,0,0,0,0,0,0,0,0,0,0,Eukaryota,Obazoa,Opisthokonta,Metazoa,Arthropoda,Crustacea,Ostracoda,Cypridopsis,Cypridopsis_japonica,Opisthokonta_Arthropoda
ASV_3510,0,0,0,0,5,0,0,0,0,0,0,0,0,0,0,0,0,0,0,0,0,0,0,0,0,0,0,0,0,0,0,0,0,0,0,0,0,0,0,0,0,0,0,0,0,Eukaryota,TSAR,Alveolata,Dinoflagellata,Dinophyceae,Gonyaulacales,Ceratiaceae,Ceratium,Ceratium_hirundinella,Alveolata
ASV_3511,0,0,0,0,0,5,0,0,0,0,0,0,0,0,0,0,0,0,0,0,0,0,0,0,0,0,0,0,0,0,0,0,0,0,0,0,0,0,0,0,0,0,0,0,0,Eukaryota,Obazoa,Opisthokonta,Ichthyosporea,Ichthyophonida,Ichthyophonidae,Amoebidianae,Ichthyophonidae_Amoebidianae_X,Ichthyophonidae_Amoebidianae_X_sp.,Opisthokonta_Ichthyophonida
ASV_3512,0,0,0,0,0,5,0,0,0,0,0,0,0,0,0,0,0,0,0,0,0,0,0,0,0,0,0,0,0,0,0,0,0,0,0,0,0,0,0,0,0,0,0,0,0,Eukaryota,Obazoa,Opisthokonta,Metazoa,Arthropoda,Crustacea,Branchiopoda,Bosmina,Bosmina_longirostris,Opisthokonta_Arthropoda
ASV_3513,0,0,0,0,0,5,0,0,0,0,0,0,0,0,0,0,0,0,0,0,0,0,0,0,0,0,0,0,0,0,0,0,0,0,0,0,0,0,0,0,0,0,0,0,0,Eukaryota,TSAR,Rhizaria,Cercozoa,Filosa-SarcomoNAdea,Pansomonadida,Pansomonadida_X,Pansomonadida_XX,Pansomonadida_XX_sp.,Rhizaria
ASV_3514,0,0,0,0,0,0,5,0,0,0,0,0,0,0,0,0,0,0,0,0,0,0,0,0,0,0,0,0,0,0,0,0,0,0,0,0,0,0,0,0,0,0,0,0,0,Eukaryota,TSAR,Rhizaria,Cercozoa,Filosa-SarcomoNAdea,Pansomonadida,Agitatidae,Agitatidae_X,Agitatidae_X_sp.,Rhizaria
ASV_3515,0,0,0,0,0,0,5,0,0,0,0,0,0,0,0,0,0,0,0,0,0,0,0,0,0,0,0,0,0,0,0,0,0,0,0,0,0,0,0,0,0,0,0,0,0,Eukaryota,TSAR,NA,NA,NA,NA,NA,NA,NA,NA
ASV_3516,0,0,0,0,0,0,5,0,0,0,0,0,0,0,0,0,0,0,0,0,0,0,0,0,0,0,0,0,0,0,0,0,0,0,0,0,0,0,0,0,0,0,0,0,0,Eukaryota,TSAR,Alveolata,Chrompodellids,Colpodellidea,Colpodellida,Alphamonaceae,Alphamonas,Alphamonas_sp.,Alveolata
ASV_3517,0,0,0,0,0,0,5,0,0,0,0,0,0,0,0,0,0,0,0,0,0,0,0,0,0,0,0,0,0,0,0,0,0,0,0,0,0,0,0,0,0,0,0,0,0,Eukaryota,Archaeplastida,Chlorophyta,Chlorophyta_X,Chlorophyceae,Chlamydomonadales,Chlamydomonadales_X,NA,NA,Chlorophyta
ASV_3518,0,0,0,0,0,0,0,0,5,0,0,0,0,0,0,0,0,0,0,0,0,0,0,0,0,0,0,0,0,0,0,0,0,0,0,0,0,0,0,0,0,0,0,0,0,Eukaryota,Obazoa,Opisthokonta,Metazoa,Arthropoda,Crustacea,Maxillopoda,Eudiaptomus,Eudiaptomus_graciloides,Opisthokonta_Arthropoda
ASV_3519,0,0,0,0,0,0,0,0,5,0,0,0,0,0,0,0,0,0,0,0,0,0,0,0,0,0,0,0,0,0,0,0,0,0,0,0,0,0,0,0,0,0,0,0,0,Eukaryota,Obazoa,Opisthokonta,Fungi,Ascomycota,Pezizomycotina,Sordariomycetes,NA,NA,Opisthokonta_Ascomycota
ASV_3520,0,0,0,0,0,0,0,0,0,5,0,0,0,0,0,0,0,0,0,0,0,0,0,0,0,0,0,0,0,0,0,0,0,0,0,0,0,0,0,0,0,0,0,0,0,Eukaryota,Archaeplastida,Chlorophyta,Chlorophyta_X,Chlorophyta_XX,Chlorophyta_XXX,Chlorophyta_XXXX,Scotinosphaera,NA,Chlorophyta
ASV_3521,0,0,0,0,0,0,0,0,0,0,5,0,0,0,0,0,0,0,0,0,0,0,0,0,0,0,0,0,0,0,0,0,0,0,0,0,0,0,0,0,0,0,0,0,0,Eukaryota,Obazoa,Opisthokonta,Fungi,NA,NA,NA,NA,NA,Opisthokonta_Unclassified
ASV_3522,0,0,0,0,0,0,0,0,0,0,5,0,0,0,0,0,0,0,0,0,0,0,0,0,0,0,0,0,0,0,0,0,0,0,0,0,0,0,0,0,0,0,0,0,0,Eukaryota,Archaeplastida,Chlorophyta,Chlorophyta_X,Chlorophyceae,Chlorophyceae_X,Chlorophyceae_XX,Cylindrocapsa,Cylindrocapsa_geminella,Chlorophyta
ASV_3523,0,0,0,0,0,0,0,0,0,0,5,0,0,0,0,0,0,0,0,0,0,0,0,0,0,0,0,0,0,0,0,0,0,0,0,0,0,0,0,0,0,0,0,0,0,Eukaryota,Archaeplastida,Chlorophyta,Chlorophyta_X,Trebouxiophyceae,Watanabea-Clade,Watanabea-Clade_X,Dictyochloropsis,Dictyochloropsis_sp.,Chlorophyta
ASV_3524,0,0,0,0,0,0,0,0,0,0,0,5,0,0,0,0,0,0,0,0,0,0,0,0,0,0,0,0,0,0,0,0,0,0,0,0,0,0,0,0,0,0,0,0,0,Eukaryota,Obazoa,Opisthokonta,Metazoa,Arthropoda,Crustacea,Maxillopoda,NA,NA,Opisthokonta_Arthropoda
ASV_3525,0,0,0,0,0,0,0,0,0,0,0,5,0,0,0,0,0,0,0,0,0,0,0,0,0,0,0,0,0,0,0,0,0,0,0,0,0,0,0,0,0,0,0,0,0,Eukaryota,Obazoa,Opisthokonta,Metazoa,Arthropoda,Crustacea,Maxillopoda,Eudiaptomus,Eudiaptomus_graciloides,Opisthokonta_Arthropoda
ASV_3526,0,0,0,0,0,0,0,0,0,0,0,5,0,0,0,0,0,0,0,0,0,0,0,0,0,0,0,0,0,0,0,0,0,0,0,0,0,0,0,0,0,0,0,0,0,Eukaryota,TSAR,Rhizaria,Cercozoa,Novel-clade-10-12,Tremulida,Tremulidae,Tremula,Tremula_longifila,Rhizaria
ASV_3527,0,0,0,0,0,0,0,0,0,0,0,0,5,0,0,0,0,0,0,0,0,0,0,0,0,0,0,0,0,0,0,0,0,0,0,0,0,0,0,0,0,0,0,0,0,Eukaryota,TSAR,Stramenopiles,Bigyra,Opalozoa,Opalozoa_X,MAST-12,MAST-12_X,MAST-12_X_sp.,Stramenopiles
ASV_3528,0,0,0,0,0,0,0,0,0,0,0,0,0,5,0,0,0,0,0,0,0,0,0,0,0,0,0,0,0,0,0,0,0,0,0,0,0,0,0,0,0,0,0,0,0,Eukaryota,TSAR,Alveolata,Chrompodellids,Colpodellidea,Colpodellida,Colpodellida_CHR1,Colpodellida_CHR1_X,Colpodellida_CHR1_X_sp.,Alveolata
ASV_3529,0,0,0,0,0,0,0,0,0,0,0,0,0,0,0,5,0,0,0,0,0,0,0,0,0,0,0,0,0,0,0,0,0,0,0,0,0,0,0,0,0,0,0,0,0,Eukaryota,Obazoa,Opisthokonta,NA,NA,NA,NA,NA,NA,Opisthokonta_Unclassified
ASV_3530,0,0,0,0,0,0,0,0,0,0,0,0,0,0,0,0,5,0,0,0,0,0,0,0,0,0,0,0,0,0,0,0,0,0,0,0,0,0,0,0,0,0,0,0,0,Eukaryota,Haptista,Centroplasthelida,Centroplasthelida_X,Pterocystida,Pterista,Pterocystidae,Pterocystis,Pterocystis_sp.,Centroplasthelida
ASV_3531,0,0,0,0,0,0,0,0,0,0,0,0,0,0,0,0,5,0,0,0,0,0,0,0,0,0,0,0,0,0,0,0,0,0,0,0,0,0,0,0,0,0,0,0,0,Eukaryota,TSAR,Stramenopiles,Gyrista,Mediophyceae,Thalassiosirales,NA,NA,NA,Stramenopiles
ASV_3532,0,0,0,0,0,0,0,0,0,0,0,0,0,0,0,0,5,0,0,0,0,0,0,0,0,0,0,0,0,0,0,0,0,0,0,0,0,0,0,0,0,0,0,0,0,Eukaryota,TSAR,Rhizaria,Cercozoa,Endomyxa,Vampyrellida,Leptophryidae,NA,NA,Rhizaria
ASV_3533,0,0,0,0,0,0,0,0,0,0,0,0,0,0,0,0,5,0,0,0,0,0,0,0,0,0,0,0,0,0,0,0,0,0,0,0,0,0,0,0,0,0,0,0,0,Eukaryota,NA,NA,NA,NA,NA,NA,NA,NA,NA
ASV_3534,0,0,0,0,0,0,0,0,0,0,0,0,0,0,0,0,5,0,0,0,0,0,0,0,0,0,0,0,0,0,0,0,0,0,0,0,0,0,0,0,0,0,0,0,0,Eukaryota,Obazoa,Opisthokonta,NA,NA,NA,NA,NA,NA,Opisthokonta_Unclassified
ASV_3535,0,0,0,0,0,0,0,0,0,0,0,0,0,0,0,0,5,0,0,0,0,0,0,0,0,0,0,0,0,0,0,0,0,0,0,0,0,0,0,0,0,0,0,0,0,Eukaryota,TSAR,Stramenopiles,Gyrista,Chrysophyceae,Chromulinales,Chrysamoebaceae,Chrysamoeba,Chrysamoeba_tenera,Stramenopiles
ASV_3536,0,0,0,0,0,0,0,0,0,0,0,0,0,0,0,0,0,5,0,0,0,0,0,0,0,0,0,0,0,0,0,0,0,0,0,0,0,0,0,0,0,0,0,0,0,Eukaryota,Archaeplastida,Chlorophyta,Chlorophyta_X,Mamiellophyceae,Dolichomastigales,Crustomastigaceae,Crustomastix,Crustomastix_didyma,Chlorophyta
ASV_3537,0,0,0,0,0,0,0,0,0,0,0,0,0,0,0,0,0,0,5,0,0,0,0,0,0,0,0,0,0,0,0,0,0,0,0,0,0,0,0,0,0,0,0,0,0,Eukaryota,Archaeplastida,Chlorophyta,Chlorophyta_X,Chlorophyceae,Chlamydomonadales,Chlamydomonadales_X,Chlamydomonas,NA,Chlorophyta
ASV_3538,0,0,0,0,0,0,0,0,0,0,0,0,0,0,0,0,0,0,5,0,0,0,0,0,0,0,0,0,0,0,0,0,0,0,0,0,0,0,0,0,0,0,0,0,0,Eukaryota,Obazoa,Opisthokonta,Metazoa,Gastrotricha,Gastrotricha_X,Gastrotricha_XX,Chaetonotus,NA,Opisthokonta_Gastrotricha
ASV_3539,0,0,0,0,0,0,0,0,0,0,0,0,0,0,0,0,0,0,5,0,0,0,0,0,0,0,0,0,0,0,0,0,0,0,0,0,0,0,0,0,0,0,0,0,0,Eukaryota,Archaeplastida,Chlorophyta,Chlorophyta_X,Chlorophyceae,Oedogoniales,Oedogoniales_X,Oedogonium,NA,Chlorophyta
ASV_3540,0,0,0,0,0,0,0,0,0,0,0,0,0,0,0,0,0,0,5,0,0,0,0,0,0,0,0,0,0,0,0,0,0,0,0,0,0,0,0,0,0,0,0,0,0,Eukaryota,Haptista,Centroplasthelida,Centroplasthelida_X,Pterocystida,Pterista,NA,NA,NA,Centroplasthelida
ASV_3541,0,0,0,0,0,0,0,0,0,0,0,0,0,0,0,0,0,0,5,0,0,0,0,0,0,0,0,0,0,0,0,0,0,0,0,0,0,0,0,0,0,0,0,0,0,Eukaryota,Obazoa,Opisthokonta,Fungi,Ascomycota,Pezizomycotina,Leotiomycetes,NA,NA,Opisthokonta_Ascomycota
ASV_3542,0,0,0,0,0,0,0,0,0,0,0,0,0,0,0,0,0,0,5,0,0,0,0,0,0,0,0,0,0,0,0,0,0,0,0,0,0,0,0,0,0,0,0,0,0,Eukaryota,TSAR,Stramenopiles,Gyrista,Gyrista_X,Gyrista_XX,MAST-2,MAST-2A,MAST-2A_sp.,Stramenopiles
ASV_3543,0,0,0,0,0,0,0,0,0,0,0,0,0,0,0,0,0,0,5,0,0,0,0,0,0,0,0,0,0,0,0,0,0,0,0,0,0,0,0,0,0,0,0,0,0,Eukaryota,Obazoa,Opisthokonta,Fungi,NA,NA,NA,NA,NA,Opisthokonta_Unclassified
ASV_3544,0,0,0,0,0,0,0,0,0,0,0,0,0,0,0,0,0,0,5,0,0,0,0,0,0,0,0,0,0,0,0,0,0,0,0,0,0,0,0,0,0,0,0,0,0,Eukaryota,TSAR,Stramenopiles,Gyrista,Eustigmatophyceae,Eustigmatophyceae_X,Eustigmatophyceae_XX,Pseudostaurastrum,Pseudostaurastrum_limneticum,Stramenopiles
ASV_3545,0,0,0,0,0,0,0,0,0,0,0,0,0,0,0,0,0,0,0,5,0,0,0,0,0,0,0,0,0,0,0,0,0,0,0,0,0,0,0,0,0,0,0,0,0,Eukaryota,TSAR,Stramenopiles,Gyrista,Chrysophyceae,NA,NA,NA,NA,Stramenopiles
ASV_3546,0,0,0,0,0,0,0,0,0,0,0,0,0,0,0,0,0,0,0,5,0,0,0,0,0,0,0,0,0,0,0,0,0,0,0,0,0,0,0,0,0,0,0,0,0,Eukaryota,Archaeplastida,Chlorophyta,Chlorophyta_X,Chlorophyceae,Chlamydomonadales,Chlamydomonadales_X,NA,NA,Chlorophyta
ASV_3547,0,0,0,0,0,0,0,0,0,0,0,0,0,0,0,0,0,0,0,5,0,0,0,0,0,0,0,0,0,0,0,0,0,0,0,0,0,0,0,0,0,0,0,0,0,Eukaryota,TSAR,Stramenopiles,Gyrista,Pirsoniales,Pirsoniales_X,Pirsoniales_XX,Pirsonia,NA,Stramenopiles
ASV_3548,0,0,0,0,0,0,0,0,0,0,0,0,0,0,0,0,0,0,0,5,0,0,0,0,0,0,0,0,0,0,0,0,0,0,0,0,0,0,0,0,0,0,0,0,0,Eukaryota,Obazoa,Opisthokonta,Fungi,Chytridiomycota,NA,NA,NA,NA,Opisthokonta_Chytridiomycota
ASV_3549,0,0,0,0,0,0,0,0,0,0,0,0,0,0,0,0,0,0,0,0,0,5,0,0,0,0,0,0,0,0,0,0,0,0,0,0,0,0,0,0,0,0,0,0,0,Eukaryota,TSAR,Stramenopiles,Gyrista,Eustigmatophyceae,Eustigmatophyceae_X,Eustigmatophyceae_XX,NA,NA,Stramenopiles
ASV_3550,0,0,0,0,0,0,0,0,0,0,0,0,0,0,0,0,0,0,0,0,0,5,0,0,0,0,0,0,0,0,0,0,0,0,0,0,0,0,0,0,0,0,0,0,0,Eukaryota,Obazoa,Opisthokonta,Fungi,Ascomycota,Pezizomycotina,Sordariomycetes,Trichoderma,Trichoderma_virens,Opisthokonta_Ascomycota
ASV_3551,0,0,0,0,0,0,0,0,0,0,0,0,0,0,0,0,0,0,0,0,0,5,0,0,0,0,0,0,0,0,0,0,0,0,0,0,0,0,0,0,0,0,0,0,0,Eukaryota,TSAR,Stramenopiles,NA,NA,NA,NA,NA,NA,Stramenopiles
ASV_3552,0,0,0,0,0,0,0,0,0,0,0,0,0,0,0,0,0,0,0,0,0,5,0,0,0,0,0,0,0,0,0,0,0,0,0,0,0,0,0,0,0,0,0,0,0,Eukaryota,CRuMs,Rigifilida,Rigifilida_X,Rigifilida_XX,Rigifilida_XXX,Rigifilida_XXXX,Micronuclearia,Micronuclearia_podoventralis,Rigifilida
ASV_3553,0,0,0,0,0,0,0,0,0,0,0,0,0,0,0,0,0,0,0,0,0,0,5,0,0,0,0,0,0,0,0,0,0,0,0,0,0,0,0,0,0,0,0,0,0,Eukaryota,Obazoa,Opisthokonta,Fungi,Basidiomycota,Agaricomycotina,Agaricomycetes,NA,NA,Opisthokonta_Basidiomycota
ASV_3554,0,0,0,0,0,0,0,0,0,0,0,0,0,0,0,0,0,0,0,0,0,0,5,0,0,0,0,0,0,0,0,0,0,0,0,0,0,0,0,0,0,0,0,0,0,Eukaryota,NA,NA,NA,NA,NA,NA,NA,NA,NA
ASV_3555,0,0,0,0,0,0,0,0,0,0,0,0,0,0,0,0,0,0,0,0,0,0,5,0,0,0,0,0,0,0,0,0,0,0,0,0,0,0,0,0,0,0,0,0,0,Eukaryota,TSAR,Stramenopiles,Gyrista,Chrysophyceae,NA,NA,NA,NA,Stramenopiles
ASV_3556,0,0,0,0,0,0,0,0,0,0,0,0,0,0,0,0,0,0,0,0,0,0,5,0,0,0,0,0,0,0,0,0,0,0,0,0,0,0,0,0,0,0,0,0,0,Eukaryota,NA,NA,NA,NA,NA,NA,NA,NA,NA
ASV_3557,0,0,0,0,0,0,0,0,0,0,0,0,0,0,0,0,0,0,0,0,0,0,5,0,0,0,0,0,0,0,0,0,0,0,0,0,0,0,0,0,0,0,0,0,0,Eukaryota,Obazoa,Opisthokonta,Fungi,Chytridiomycota,Spizellomycetales,NA,NA,NA,Opisthokonta_Chytridiomycota
ASV_3558,0,0,0,0,0,0,0,0,0,0,0,0,0,0,0,0,0,0,0,0,0,0,5,0,0,0,0,0,0,0,0,0,0,0,0,0,0,0,0,0,0,0,0,0,0,Eukaryota,TSAR,Alveolata,Ciliophora,Litostomatea,Litostomatea_X,Litostomatea_XX,Arcuospathidium,Arcuospathidium_namibiense,Alveolata
ASV_3559,0,0,0,0,0,0,0,0,0,0,0,0,0,0,0,0,0,0,0,0,0,0,0,5,0,0,0,0,0,0,0,0,0,0,0,0,0,0,0,0,0,0,0,0,0,Eukaryota,TSAR,Rhizaria,Cercozoa,Filosa-Granofilosea,Filosa-Granofilosea_X,Novel-Gran-234,Novel-Gran-234_X,Novel-Gran-234_X_sp.,Rhizaria
ASV_3560,0,0,0,0,0,0,0,0,0,0,0,0,0,0,0,0,0,0,0,0,0,0,0,5,0,0,0,0,0,0,0,0,0,0,0,0,0,0,0,0,0,0,0,0,0,Eukaryota,TSAR,Rhizaria,Cercozoa,Filosa-SarcomoNAdea,Glissomonadida,Allapsidae,Allantion,Allantion_sp.,Rhizaria
ASV_3561,0,0,0,0,0,0,0,0,0,0,0,0,0,0,0,0,0,0,0,0,0,0,0,5,0,0,0,0,0,0,0,0,0,0,0,0,0,0,0,0,0,0,0,0,0,Eukaryota,Archaeplastida,Chlorophyta,Chlorophyta_X,Ulvophyceae,Cladophorales,Cladophorales_X,Aegagropilopsis,Aegagropilopsis_sp.,Chlorophyta
ASV_3562,0,0,0,0,0,0,0,0,0,0,0,0,0,0,0,0,0,0,0,0,0,0,0,0,5,0,0,0,0,0,0,0,0,0,0,0,0,0,0,0,0,0,0,0,0,Eukaryota,TSAR,Stramenopiles,Gyrista,Raphidophyceae,Raphidophyceae_X,Raphidophyceae_XX,NA,NA,Stramenopiles
ASV_3563,0,0,0,0,0,0,0,0,0,0,0,0,0,0,0,0,0,0,0,0,0,0,0,0,5,0,0,0,0,0,0,0,0,0,0,0,0,0,0,0,0,0,0,0,0,Eukaryota,Obazoa,Opisthokonta,Fungi,Ascomycota,Pezizomycotina,Pezizomycotina_X,Alatospora,Alatospora_acuminata,Opisthokonta_Ascomycota
ASV_3564,0,0,0,0,0,0,0,0,0,0,0,0,0,0,0,0,0,0,0,0,0,0,0,0,5,0,0,0,0,0,0,0,0,0,0,0,0,0,0,0,0,0,0,0,0,Eukaryota,Obazoa,Opisthokonta,Fungi,NA,NA,NA,NA,NA,Opisthokonta_Unclassified
ASV_3565,0,0,0,0,0,0,0,0,0,0,0,0,0,0,0,0,0,0,0,0,0,0,0,0,5,0,0,0,0,0,0,0,0,0,0,0,0,0,0,0,0,0,0,0,0,Eukaryota,TSAR,Stramenopiles,Bigyra,Opalozoa,Opalozoa_X,MAST-12,MAST-12C,MAST-12C_sp.,Stramenopiles
ASV_3566,0,0,0,0,0,0,0,0,0,0,0,0,0,0,0,0,0,0,0,0,0,0,0,0,0,5,0,0,0,0,0,0,0,0,0,0,0,0,0,0,0,0,0,0,0,Eukaryota,Obazoa,Opisthokonta,Fungi,Chytridiomycota,Rhizophydiales,NA,NA,NA,Opisthokonta_Chytridiomycota
ASV_3567,0,0,0,0,0,0,0,0,0,0,0,0,0,0,0,0,0,0,0,0,0,0,0,0,0,5,0,0,0,0,0,0,0,0,0,0,0,0,0,0,0,0,0,0,0,Eukaryota,Obazoa,Opisthokonta,Fungi,Ascomycota,Pezizomycotina,Dothideomycetes,NA,NA,Opisthokonta_Ascomycota
ASV_3568,0,0,0,0,0,0,0,0,0,0,0,0,0,0,0,0,0,0,0,0,0,0,0,0,0,5,0,0,0,0,0,0,0,0,0,0,0,0,0,0,0,0,0,0,0,Eukaryota,TSAR,Rhizaria,Cercozoa,NA,NA,NA,NA,NA,Rhizaria
ASV_3569,0,0,0,0,0,0,0,0,0,0,0,0,0,0,0,0,0,0,0,0,0,0,0,0,0,5,0,0,0,0,0,0,0,0,0,0,0,0,0,0,0,0,0,0,0,Eukaryota,Obazoa,Opisthokonta,Fungi,NA,NA,NA,NA,NA,Opisthokonta_Unclassified
ASV_3570,0,0,0,0,0,0,0,0,0,0,0,0,0,0,0,0,0,0,0,0,0,0,0,0,0,5,0,0,0,0,0,0,0,0,0,0,0,0,0,0,0,0,0,0,0,Eukaryota,Obazoa,Opisthokonta,NA,NA,NA,NA,NA,NA,Opisthokonta_Unclassified
ASV_3571,0,0,0,0,0,0,0,0,0,0,0,0,0,0,0,0,0,0,0,0,0,0,0,0,0,5,0,0,0,0,0,0,0,0,0,0,0,0,0,0,0,0,0,0,0,Eukaryota,Obazoa,Opisthokonta,Choanoflagellata,Choanoflagellatea,NA,NA,NA,NA,Opisthokonta_Choanoflagellatea
ASV_3572,0,0,0,0,0,0,0,0,0,0,0,0,0,0,0,0,0,0,0,0,0,0,0,0,0,0,0,5,0,0,0,0,0,0,0,0,0,0,0,0,0,0,0,0,0,Eukaryota,Archaeplastida,Rhodophyta,Rhodophyta_X,Bangiophyceae,Cyanidiales,Cyanidiales_X,Cyanidiales_XX,Cyanidiales_XX_sp.,Rhodophyta
ASV_3573,0,0,0,0,0,0,0,0,0,0,0,0,0,0,0,0,0,0,0,0,0,0,0,0,0,0,0,0,0,5,0,0,0,0,0,0,0,0,0,0,0,0,0,0,0,Eukaryota,Obazoa,Opisthokonta,Fungi,Chytridiomycota,Rhizophydiales,Rhizophydiales_X,Rhizophydiales_XX,Rhizophydiales_XX_sp.,Opisthokonta_Chytridiomycota
ASV_3574,0,0,0,0,0,0,0,0,0,0,0,0,0,0,0,0,0,0,0,0,0,0,0,0,0,0,0,0,0,5,0,0,0,0,0,0,0,0,0,0,0,0,0,0,0,Eukaryota,TSAR,Rhizaria,Cercozoa,Filosa-Imbricatea,Filosa-Imbricatea_X,Filosa-Imbricatea_XX,Quadricilia,Quadricilia_rotundata,Rhizaria
ASV_3575,0,0,0,0,0,0,0,0,0,0,0,0,0,0,0,0,0,0,0,0,0,0,0,0,0,0,0,0,0,0,5,0,0,0,0,0,0,0,0,0,0,0,0,0,0,Eukaryota,Obazoa,Opisthokonta,Fungi,Chytridiomycota,Cladochytriales,Cladochytriaceae,Cladochytrium,Cladochytrium_replicatum,Opisthokonta_Chytridiomycota
ASV_3576,0,0,0,0,0,0,0,0,0,0,0,0,0,0,0,0,0,0,0,0,0,0,0,0,0,0,0,0,0,0,5,0,0,0,0,0,0,0,0,0,0,0,0,0,0,Eukaryota,TSAR,Stramenopiles,Gyrista,Eustigmatophyceae,Eustigmatophyceae_X,Eustigmatophyceae_XX,Goniochloris,Goniochloris_mutica,Stramenopiles
ASV_3577,0,0,0,0,0,0,0,0,0,0,0,0,0,0,0,0,0,0,0,0,0,0,0,0,0,0,0,0,0,0,5,0,0,0,0,0,0,0,0,0,0,0,0,0,0,Eukaryota,Archaeplastida,Chlorophyta,Chlorophyta_X,Trebouxiophyceae,Chlorellales,Chlorellales_X,Auxenochlorella,Auxenochlorella_sp.,Chlorophyta
ASV_3578,0,0,0,0,0,0,0,0,0,0,0,0,0,0,0,0,0,0,0,0,0,0,0,0,0,0,0,0,0,0,5,0,0,0,0,0,0,0,0,0,0,0,0,0,0,Eukaryota,Archaeplastida,Streptophyta,Streptophyta_X,Embryophyceae,Embryophyceae_X,Embryophyceae_XX,Pinus,Pinus_taeda,Streptophyta
ASV_3579,0,0,0,0,0,0,0,0,0,0,0,0,0,0,0,0,0,0,0,0,0,0,0,0,0,0,0,0,0,0,5,0,0,0,0,0,0,0,0,0,0,0,0,0,0,Eukaryota,TSAR,Rhizaria,Cercozoa,Filosa-SarcomoNAdea,Glissomonadida,NA,NA,NA,Rhizaria
ASV_3580,0,0,0,0,0,0,0,0,0,0,0,0,0,0,0,0,0,0,0,0,0,0,0,0,0,0,0,0,0,0,5,0,0,0,0,0,0,0,0,0,0,0,0,0,0,Eukaryota,TSAR,Stramenopiles,Bigyra,Sagenista,Labyrinthulomycetes,Amphitraemidae,Amphitrema,Amphitrema_sp.,Stramenopiles
ASV_3581,0,0,0,0,0,0,0,0,0,0,0,0,0,0,0,0,0,0,0,0,0,0,0,0,0,0,0,0,0,0,0,0,5,0,0,0,0,0,0,0,0,0,0,0,0,Eukaryota,Obazoa,Opisthokonta,Metazoa,Arthropoda,Crustacea,Branchiopoda,Daphnia,Daphnia_pulex,Opisthokonta_Arthropoda
ASV_3582,0,0,0,0,0,0,0,0,0,0,0,0,0,0,0,0,0,0,0,0,0,0,0,0,0,0,0,0,0,0,0,0,5,0,0,0,0,0,0,0,0,0,0,0,0,Eukaryota,Obazoa,Opisthokonta,Metazoa,Arthropoda,Crustacea,Maxillopoda,NA,NA,Opisthokonta_Arthropoda
ASV_3583,0,0,0,0,0,0,0,0,0,0,0,0,0,0,0,0,0,0,0,0,0,0,0,0,0,0,0,0,0,0,0,0,5,0,0,0,0,0,0,0,0,0,0,0,0,Eukaryota,Obazoa,Opisthokonta,Metazoa,Arthropoda,Crustacea,Maxillopoda,NA,NA,Opisthokonta_Arthropoda
ASV_3584,0,0,0,0,0,0,0,0,0,0,0,0,0,0,0,0,0,0,0,0,0,0,0,0,0,0,0,0,0,0,0,0,5,0,0,0,0,0,0,0,0,0,0,0,0,Eukaryota,Obazoa,Opisthokonta,Metazoa,Gastrotricha,Gastrotricha_X,Gastrotricha_XX,Chaetonotus,Chaetonotus_microchaetus,Opisthokonta_Gastrotricha
ASV_3585,0,0,0,0,0,0,0,0,0,0,0,0,0,0,0,0,0,0,0,0,0,0,0,0,0,0,0,0,0,0,0,0,0,5,0,0,0,0,0,0,0,0,0,0,0,Eukaryota,NA,NA,NA,NA,NA,NA,NA,NA,NA
ASV_3586,0,0,0,0,0,0,0,0,0,0,0,0,0,0,0,0,0,0,0,0,0,0,0,0,0,0,0,0,0,0,0,0,0,5,0,0,0,0,0,0,0,0,0,0,0,Eukaryota,TSAR,Alveolata,Dinoflagellata,Dinophyceae,NA,NA,NA,NA,Alveolata
ASV_3587,0,0,0,0,0,0,0,0,0,0,0,0,0,0,0,0,0,0,0,0,0,0,0,0,0,0,0,0,0,0,0,0,0,5,0,0,0,0,0,0,0,0,0,0,0,Eukaryota,Eukaryota_X,Ancyromonadida,Ancyromonadida_X,AncyromoNAdida_XX,Ancyromonadida_XXX,Ancyromonadida_Group-1,Ancyromonadida_Group-1_X,Ancyromonas_howeae,Ancyromonadida
ASV_3588,0,0,0,0,0,0,0,0,0,0,0,0,0,0,0,0,0,0,0,0,0,0,0,0,0,0,0,0,0,0,0,0,0,5,0,0,0,0,0,0,0,0,0,0,0,Eukaryota,Archaeplastida,Chlorophyta,Chlorophyta_X,Chlorophyceae,Chlamydomonadales,Chlamydomonadales_X,NA,NA,Chlorophyta
ASV_3589,0,0,0,0,0,0,0,0,0,0,0,0,0,0,0,0,0,0,0,0,0,0,0,0,0,0,0,0,0,0,0,0,0,5,0,0,0,0,0,0,0,0,0,0,0,Eukaryota,TSAR,Stramenopiles,Bigyra,Bicoecea,Bicoecales,Bicoecaceae,NA,NA,Stramenopiles
ASV_3590,0,0,0,0,0,0,0,0,0,0,0,0,0,0,0,0,0,0,0,0,0,0,0,0,0,0,0,0,0,0,0,0,0,5,0,0,0,0,0,0,0,0,0,0,0,Eukaryota,Obazoa,Opisthokonta,Metazoa,Arthropoda,Crustacea,Maxillopoda,Eucyclops,Eucyclops_serrulatus,Opisthokonta_Arthropoda
ASV_3591,0,0,0,0,0,0,0,0,0,0,0,0,0,0,0,0,0,0,0,0,0,0,0,0,0,0,0,0,0,0,0,0,0,0,0,5,0,0,0,0,0,0,0,0,0,Eukaryota,TSAR,Alveolata,Dinoflagellata,Dinophyceae,Gonyaulacales,Ceratiaceae,Ceratium,Ceratium_hirundinella,Alveolata
ASV_3592,0,0,0,0,0,0,0,0,0,0,0,0,0,0,0,0,0,0,0,0,0,0,0,0,0,0,0,0,0,0,0,0,0,0,0,5,0,0,0,0,0,0,0,0,0,Eukaryota,NA,NA,NA,NA,NA,NA,NA,NA,NA
ASV_3593,0,0,0,0,0,0,0,0,0,0,0,0,0,0,0,0,0,0,0,0,0,0,0,0,0,0,0,0,0,0,0,0,0,0,0,5,0,0,0,0,0,0,0,0,0,Eukaryota,Obazoa,Opisthokonta,Fungi,Chytridiomycota,NA,NA,NA,NA,Opisthokonta_Chytridiomycota
ASV_3594,0,0,0,0,0,0,0,0,0,0,0,0,0,0,0,0,0,0,0,0,0,0,0,0,0,0,0,0,0,0,0,0,0,0,0,5,0,0,0,0,0,0,0,0,0,Eukaryota,TSAR,Alveolata,Dinoflagellata,Dinophyceae,Gonyaulacales,Ceratiaceae,Ceratium,Ceratium_hirundinella,Alveolata
ASV_3595,0,0,0,0,0,0,0,0,0,0,0,0,0,0,0,0,0,0,0,0,0,0,0,0,0,0,0,0,0,0,0,0,0,0,0,0,5,0,0,0,0,0,0,0,0,Eukaryota,Archaeplastida,Chlorophyta,Chlorophyta_X,Chlorophyceae,Chlamydomonadales,Chlamydomonadales_X,Hafniomonas,Hafniomonas_reticulata,Chlorophyta
ASV_3596,0,0,0,0,0,0,0,0,0,0,0,0,0,0,0,0,0,0,0,0,0,0,0,0,0,0,0,0,0,0,0,0,0,0,0,0,5,0,0,0,0,0,0,0,0,Eukaryota,TSAR,Rhizaria,Cercozoa,Filosa-Granofilosea,Cryptofilida,Mesofilidae,Mesofila,Mesofila_limnetica,Rhizaria
ASV_3597,0,0,0,0,0,0,0,0,0,0,0,0,0,0,0,0,0,0,0,0,0,0,0,0,0,0,0,0,0,0,0,0,0,0,0,0,0,5,0,0,0,0,0,0,0,Eukaryota,TSAR,Stramenopiles,Gyrista,Bacillariophyceae,Naviculales,Pinnulariaceae,Pinnularia,Pinnularia_kuetzingii,Stramenopiles
ASV_3598,0,0,0,0,0,0,0,0,0,0,0,0,0,0,0,0,0,0,0,0,0,0,0,0,0,0,0,0,0,0,0,0,0,0,0,0,0,5,0,0,0,0,0,0,0,Eukaryota,TSAR,Stramenopiles,Gyrista,Bacillariophyceae,Naviculales,Neidiaceae,Neidium,Neidium_affine,Stramenopiles
ASV_3599,0,0,0,0,0,0,0,0,0,0,0,0,0,0,0,0,0,0,0,0,0,0,0,0,0,0,0,0,0,0,0,0,0,0,0,0,0,5,0,0,0,0,0,0,0,Eukaryota,Obazoa,Opisthokonta,Fungi,Chytridiomycota,Zygophlyctidales,Zygophlyctidaceae,Zygophlyctis,Zygophlyctis_melosirae,Opisthokonta_Chytridiomycota
ASV_3600,0,0,0,0,0,0,0,0,0,0,0,0,0,0,0,0,0,0,0,0,0,0,0,0,0,0,0,0,0,0,0,0,0,0,0,0,0,0,5,0,0,0,0,0,0,Eukaryota,TSAR,Rhizaria,Cercozoa,Novel-clade-10-12,Tremulida,Tremulidae,Tremula,Tremula_longifila,Rhizaria
ASV_3601,0,0,0,0,0,0,0,0,0,0,0,0,0,0,0,0,0,0,0,0,0,0,0,0,0,0,0,0,0,0,0,0,0,0,0,0,0,0,5,0,0,0,0,0,0,Eukaryota,Haptista,Centroplasthelida,Centroplasthelida_X,Pterocystida,Pterista,Heterophryidae,Sphaerastrum,Sphaerastrum_fockii,Centroplasthelida
ASV_3602,0,0,0,0,0,0,0,0,0,0,0,0,0,0,0,0,0,0,0,0,0,0,0,0,0,0,0,0,0,0,0,0,0,0,0,0,0,0,0,0,0,5,0,0,0,Eukaryota,TSAR,Stramenopiles,Gyrista,Peronosporomycetes,Peronosporomycetes,Saprolegniales,Saprolegniales_X,Saprolegniales_X_sp.,Stramenopiles
ASV_3603,0,0,0,0,0,0,0,0,0,0,0,0,0,0,0,0,0,0,0,0,0,0,0,0,0,0,0,0,0,0,0,0,0,0,0,0,0,0,0,0,0,5,0,0,0,Eukaryota,Obazoa,Opisthokonta,Metazoa,Arthropoda,Crustacea,Maxillopoda,NA,NA,Opisthokonta_Arthropoda
ASV_3604,0,0,0,0,0,0,0,0,0,0,0,0,0,0,0,0,0,0,0,0,0,0,0,0,0,0,0,0,0,0,0,0,0,0,0,0,0,0,0,0,0,5,0,0,0,Eukaryota,TSAR,Alveolata,Dinoflagellata,Dinophyceae,Gonyaulacales,Ceratiaceae,Ceratium,Ceratium_hirundinella,Alveolata
ASV_3605,0,0,0,0,0,0,0,0,0,0,0,0,0,0,0,0,0,0,0,0,0,0,0,0,0,0,0,0,0,0,0,0,0,0,0,0,0,0,0,0,0,5,0,0,0,Eukaryota,Archaeplastida,Streptophyta,Streptophyta_X,Zygnemophyceae, Zygnemophyceae, ZygnemophyceaeX,Closterium,Closterium_sp.,Streptophyta
ASV_3606,0,0,0,0,0,0,0,0,0,0,0,0,0,0,0,0,0,0,0,0,0,0,0,0,0,0,0,0,0,0,0,0,0,0,0,0,0,0,0,0,0,0,5,0,0,Eukaryota,Obazoa,Opisthokonta,Choanoflagellata,Choanoflagellatea,Craspedida,Monosigidae_Group_A,Codosiga,Codosiga_botrytis,Opisthokonta_Choanoflagellatea
ASV_3607,0,0,0,0,0,0,0,0,0,0,0,0,0,0,0,0,0,0,0,0,0,0,0,0,0,0,0,0,0,0,0,0,0,0,0,0,0,0,0,0,0,0,0,5,0,Eukaryota,Obazoa,Opisthokonta,Metazoa,Arthropoda,Crustacea,Maxillopoda,NA,NA,Opisthokonta_Arthropoda
ASV_3608,0,0,0,0,0,0,0,0,0,0,0,0,0,0,0,0,0,0,0,0,0,0,0,0,0,0,0,0,0,0,0,0,0,0,0,0,0,0,0,0,0,0,0,5,0,Eukaryota,NA,NA,NA,NA,NA,NA,NA,NA,NA
ASV_3609,4,0,0,0,0,0,0,0,0,0,0,0,0,0,0,0,0,0,0,0,0,0,0,0,0,0,0,0,0,0,0,0,0,0,0,0,0,0,0,0,0,0,0,0,0,Eukaryota,TSAR,Stramenopiles,Gyrista,Peronosporomycetes,Peronosporomycetes,NA,NA,NA,Stramenopiles
ASV_3610,4,0,0,0,0,0,0,0,0,0,0,0,0,0,0,0,0,0,0,0,0,0,0,0,0,0,0,0,0,0,0,0,0,0,0,0,0,0,0,0,0,0,0,0,0,Eukaryota,Obazoa,Opisthokonta,Fungi,NA,NA,NA,NA,NA,Opisthokonta_Unclassified
ASV_3611,0,4,0,0,0,0,0,0,0,0,0,0,0,0,0,0,0,0,0,0,0,0,0,0,0,0,0,0,0,0,0,0,0,0,0,0,0,0,0,0,0,0,0,0,0,Eukaryota,Archaeplastida,Streptophyta,Streptophyta_X,Embryophyceae,Embryophyceae_X,Embryophyceae_XX,Brachythecium,Brachythecium_rutabulum,Streptophyta
ASV_3612,0,4,0,0,0,0,0,0,0,0,0,0,0,0,0,0,0,0,0,0,0,0,0,0,0,0,0,0,0,0,0,0,0,0,0,0,0,0,0,0,0,0,0,0,0,Eukaryota,TSAR,Rhizaria,Cercozoa,Endomyxa,Vampyrellida,Vampyrellida_X,Placopus,Placopus_flabellus,Rhizaria
ASV_3613,0,4,0,0,0,0,0,0,0,0,0,0,0,0,0,0,0,0,0,0,0,0,0,0,0,0,0,0,0,0,0,0,0,0,0,0,0,0,0,0,0,0,0,0,0,Eukaryota,Archaeplastida,Chlorophyta,Chlorophyta_X,Chlorophyceae,Sphaeropleales,Scenedesmaceae,Scenedesmaceae_X,Scenedesmaceae_X_sp.,Chlorophyta
ASV_3614,0,4,0,0,0,0,0,0,0,0,0,0,0,0,0,0,0,0,0,0,0,0,0,0,0,0,0,0,0,0,0,0,0,0,0,0,0,0,0,0,0,0,0,0,0,Eukaryota,Obazoa,Opisthokonta,Metazoa,Arthropoda,Crustacea,Branchiopoda,Bosmina,Bosmina_longirostris,Opisthokonta_Arthropoda
ASV_3615,0,4,0,0,0,0,0,0,0,0,0,0,0,0,0,0,0,0,0,0,0,0,0,0,0,0,0,0,0,0,0,0,0,0,0,0,0,0,0,0,0,0,0,0,0,Eukaryota,Obazoa,Opisthokonta,Metazoa,Arthropoda,Crustacea,Branchiopoda,Bosmina,Bosmina_longirostris,Opisthokonta_Arthropoda
ASV_3616,0,0,0,0,4,0,0,0,0,0,0,0,0,0,0,0,0,0,0,0,0,0,0,0,0,0,0,0,0,0,0,0,0,0,0,0,0,0,0,0,0,0,0,0,0,Eukaryota,TSAR,Stramenopiles,Gyrista,Peronosporomycetes,Peronosporomycetes,NA,NA,NA,Stramenopiles
ASV_3617,0,0,0,0,4,0,0,0,0,0,0,0,0,0,0,0,0,0,0,0,0,0,0,0,0,0,0,0,0,0,0,0,0,0,0,0,0,0,0,0,0,0,0,0,0,Eukaryota,TSAR,Rhizaria,Cercozoa,Filosa-SarcomoNAdea,Glissomonadida,Bodomorphidae,Bodomorpha,Bodomorpha_sp.,Rhizaria
ASV_3618,0,0,0,0,4,0,0,0,0,0,0,0,0,0,0,0,0,0,0,0,0,0,0,0,0,0,0,0,0,0,0,0,0,0,0,0,0,0,0,0,0,0,0,0,0,Eukaryota,TSAR,Rhizaria,Cercozoa,Filosa-Imbricatea,Filosa-Imbricatea_X,Filosa-Imbricatea_XX,Filosa-Imbricatea_XXX,Filosa-Imbricatea_XXX_sp.,Rhizaria
ASV_3619,0,0,0,0,0,4,0,0,0,0,0,0,0,0,0,0,0,0,0,0,0,0,0,0,0,0,0,0,0,0,0,0,0,0,0,0,0,0,0,0,0,0,0,0,0,Eukaryota,Amoebozoa,Evosea,Evosea_X,Variosea,Variosea_X,WIM1-lineage,WIM1-lineage_X,WIM1-lineage_X_sp.,Evosea
ASV_3620,0,0,0,0,0,4,0,0,0,0,0,0,0,0,0,0,0,0,0,0,0,0,0,0,0,0,0,0,0,0,0,0,0,0,0,0,0,0,0,0,0,0,0,0,0,Eukaryota,Obazoa,Opisthokonta,Fungi,Chytridiomycota,Cladochytriales,Cladochytriaceae,Cladochytrium,Cladochytrium_replicatum,Opisthokonta_Chytridiomycota
ASV_3621,0,0,0,0,0,3,1,0,0,0,0,0,0,0,0,0,0,0,0,0,0,0,0,0,0,0,0,0,0,0,0,0,0,0,0,0,0,0,0,0,0,0,0,0,0,Eukaryota,Archaeplastida,Chlorophyta,Chlorophyta_X,Chlorophyceae,Oedogoniales,Oedogoniales_X,Oedogonium,Oedogonium_sp.,Chlorophyta
ASV_3622,0,0,0,0,0,0,4,0,0,0,0,0,0,0,0,0,0,0,0,0,0,0,0,0,0,0,0,0,0,0,0,0,0,0,0,0,0,0,0,0,0,0,0,0,0,Eukaryota,TSAR,Alveolata,Ciliophora,Oligohymenophorea,Peritrichia_2,Sessilida,Vorticella,Vorticella_gracilis,Alveolata
ASV_3623,0,0,0,0,0,0,4,0,0,0,0,0,0,0,0,0,0,0,0,0,0,0,0,0,0,0,0,0,0,0,0,0,0,0,0,0,0,0,0,0,0,0,0,0,0,Eukaryota,TSAR,Stramenopiles,Gyrista,Peronosporomycetes,Peronosporomycetes,NA,NA,NA,Stramenopiles
ASV_3624,0,0,0,0,0,0,4,0,0,0,0,0,0,0,0,0,0,0,0,0,0,0,0,0,0,0,0,0,0,0,0,0,0,0,0,0,0,0,0,0,0,0,0,0,0,Eukaryota,NA,NA,NA,NA,NA,NA,NA,NA,NA
ASV_3625,0,0,0,0,0,0,4,0,0,0,0,0,0,0,0,0,0,0,0,0,0,0,0,0,0,0,0,0,0,0,0,0,0,0,0,0,0,0,0,0,0,0,0,0,0,Eukaryota,Obazoa,Opisthokonta,Fungi,NA,NA,NA,NA,NA,Opisthokonta_Unclassified
ASV_3626,0,0,0,0,0,0,4,0,0,0,0,0,0,0,0,0,0,0,0,0,0,0,0,0,0,0,0,0,0,0,0,0,0,0,0,0,0,0,0,0,0,0,0,0,0,Eukaryota,TSAR,Rhizaria,Cercozoa,Filosa-Granofilosea,Filosa-Granofilosea_X,Novel-Gran-6,Novel-Gran-6_X,Novel-Gran-6_X_sp.,Rhizaria
ASV_3627,0,0,0,0,0,0,4,0,0,0,0,0,0,0,0,0,0,0,0,0,0,0,0,0,0,0,0,0,0,0,0,0,0,0,0,0,0,0,0,0,0,0,0,0,0,Eukaryota,TSAR,Rhizaria,Cercozoa,Filosa-SarcomoNAdea,NA,NA,NA,NA,Rhizaria
ASV_3628,0,0,0,0,0,0,4,0,0,0,0,0,0,0,0,0,0,0,0,0,0,0,0,0,0,0,0,0,0,0,0,0,0,0,0,0,0,0,0,0,0,0,0,0,0,Eukaryota,TSAR,Rhizaria,Cercozoa,Endomyxa,Vampyrellida,Leptophryidae,Leptophryidae_X,Leptophryidae_X_sp.,Rhizaria
ASV_3629,0,0,0,0,0,0,4,0,0,0,0,0,0,0,0,0,0,0,0,0,0,0,0,0,0,0,0,0,0,0,0,0,0,0,0,0,0,0,0,0,0,0,0,0,0,Eukaryota,Archaeplastida,Chlorophyta,Chlorophyta_X,Chlorophyceae,Chlamydomonadales,Chlamydomonadales_X,NA,NA,Chlorophyta
ASV_3630,0,0,0,0,0,0,4,0,0,0,0,0,0,0,0,0,0,0,0,0,0,0,0,0,0,0,0,0,0,0,0,0,0,0,0,0,0,0,0,0,0,0,0,0,0,Eukaryota,TSAR,Rhizaria,Rhizaria_X,Rhizaria_XX,Aquavolonida,Aquavolonida_X,Aquavolon,Aquavolon_hoantrani,Rhizaria
ASV_3631,0,0,0,0,0,0,4,0,0,0,0,0,0,0,0,0,0,0,0,0,0,0,0,0,0,0,0,0,0,0,0,0,0,0,0,0,0,0,0,0,0,0,0,0,0,Eukaryota,TSAR,Stramenopiles,Bigyra,Bicoecea,Bicoecales,Bicoecaceae,Bicosoeca,Bicosoeca_petiolata,Stramenopiles
ASV_3632,0,0,0,0,0,0,0,4,0,0,0,0,0,0,0,0,0,0,0,0,0,0,0,0,0,0,0,0,0,0,0,0,0,0,0,0,0,0,0,0,0,0,0,0,0,Eukaryota,Obazoa,Opisthokonta,Metazoa,Gastrotricha,Gastrotricha_X,Gastrotricha_XX,Chaetonotus,Chaetonotus_hystrix,Opisthokonta_Gastrotricha
ASV_3633,0,0,0,0,0,0,0,4,0,0,0,0,0,0,0,0,0,0,0,0,0,0,0,0,0,0,0,0,0,0,0,0,0,0,0,0,0,0,0,0,0,0,0,0,0,Eukaryota,TSAR,Rhizaria,Cercozoa,NA,NA,NA,NA,NA,Rhizaria
ASV_3634,0,0,0,0,0,0,0,0,4,0,0,0,0,0,0,0,0,0,0,0,0,0,0,0,0,0,0,0,0,0,0,0,0,0,0,0,0,0,0,0,0,0,0,0,0,Eukaryota,Obazoa,Opisthokonta,Fungi,NA,NA,NA,NA,NA,Opisthokonta_Unclassified
ASV_3635,0,0,0,0,0,0,0,0,4,0,0,0,0,0,0,0,0,0,0,0,0,0,0,0,0,0,0,0,0,0,0,0,0,0,0,0,0,0,0,0,0,0,0,0,0,Eukaryota,TSAR,Rhizaria,Cercozoa,Filosa-SarcomoNAdea,Glissomonadida,Glissomonadida_Clade-Y,Glissomonadida_Clade-Y_X,Glissomonadida_Clade-Y_X_sp.,Rhizaria
ASV_3636,0,0,0,0,0,0,0,0,0,4,0,0,0,0,0,0,0,0,0,0,0,0,0,0,0,0,0,0,0,0,0,0,0,0,0,0,0,0,0,0,0,0,0,0,0,Eukaryota,Obazoa,Opisthokonta,Fungi,NA,NA,NA,NA,NA,Opisthokonta_Unclassified
ASV_3637,0,0,0,0,0,0,0,0,0,0,4,0,0,0,0,0,0,0,0,0,0,0,0,0,0,0,0,0,0,0,0,0,0,0,0,0,0,0,0,0,0,0,0,0,0,Eukaryota,TSAR,Stramenopiles,Bigyra,Bicoecea,Pseudodendromonadales,Pseudodendromonadales_X,NA,NA,Stramenopiles
ASV_3638,0,0,0,0,0,0,0,0,0,0,4,0,0,0,0,0,0,0,0,0,0,0,0,0,0,0,0,0,0,0,0,0,0,0,0,0,0,0,0,0,0,0,0,0,0,Eukaryota,Obazoa,Opisthokonta,Fungi,Ascomycota,Saccharomycotina,Saccharomycetales,Issatchenkia,Issatchenkia_sp.,Opisthokonta_Ascomycota
ASV_3639,0,0,0,0,0,0,0,0,0,0,4,0,0,0,0,0,0,0,0,0,0,0,0,0,0,0,0,0,0,0,0,0,0,0,0,0,0,0,0,0,0,0,0,0,0,Eukaryota,Obazoa,Opisthokonta,Fungi,Chytridiomycota,NA,NA,NA,NA,Opisthokonta_Chytridiomycota
ASV_3640,0,0,0,0,0,0,0,0,0,0,4,0,0,0,0,0,0,0,0,0,0,0,0,0,0,0,0,0,0,0,0,0,0,0,0,0,0,0,0,0,0,0,0,0,0,Eukaryota,Archaeplastida,Chlorophyta,Chlorophyta_X,Chlorophyceae,Chaetopeltidales,Chaetopeltidaceae,Planophila,Planophila_laetevirens,Chlorophyta
ASV_3641,0,0,0,0,0,0,0,0,0,0,0,4,0,0,0,0,0,0,0,0,0,0,0,0,0,0,0,0,0,0,0,0,0,0,0,0,0,0,0,0,0,0,0,0,0,Eukaryota,TSAR,Stramenopiles,Bigyra,Opalozoa,Opalozoa_X,MAST-12,NA,NA,Stramenopiles
ASV_3642,0,0,0,0,0,0,0,0,0,0,0,0,4,0,0,0,0,0,0,0,0,0,0,0,0,0,0,0,0,0,0,0,0,0,0,0,0,0,0,0,0,0,0,0,0,Eukaryota,TSAR,Rhizaria,Cercozoa,Endomyxa,Vampyrellida,Leptophryidae,NA,NA,Rhizaria
ASV_3643,0,0,0,0,0,0,0,0,0,0,0,0,4,0,0,0,0,0,0,0,0,0,0,0,0,0,0,0,0,0,0,0,0,0,0,0,0,0,0,0,0,0,0,0,0,Eukaryota,TSAR,Stramenopiles,Gyrista,Peronosporomycetes,Peronosporomycetes,Peronosporales,Pythium,NA,Stramenopiles
ASV_3644,0,0,0,0,0,0,0,0,0,0,0,0,4,0,0,0,0,0,0,0,0,0,0,0,0,0,0,0,0,0,0,0,0,0,0,0,0,0,0,0,0,0,0,0,0,Eukaryota,Archaeplastida,Chlorophyta,Chlorophyta_X,Chlorophyceae,Chlamydomonadales,Chlamydomonadales_X,NA,NA,Chlorophyta
ASV_3645,0,0,0,0,0,0,0,0,0,0,0,0,4,0,0,0,0,0,0,0,0,0,0,0,0,0,0,0,0,0,0,0,0,0,0,0,0,0,0,0,0,0,0,0,0,Eukaryota,NA,NA,NA,NA,NA,NA,NA,NA,NA
ASV_3646,0,0,0,0,0,0,0,0,0,0,0,0,0,4,0,0,0,0,0,0,0,0,0,0,0,0,0,0,0,0,0,0,0,0,0,0,0,0,0,0,0,0,0,0,0,Eukaryota,Obazoa,Opisthokonta,Metazoa,Arthropoda,Crustacea,Maxillopoda,Eudiaptomus,Eudiaptomus_graciloides,Opisthokonta_Arthropoda
ASV_3647,0,0,0,0,0,0,0,0,0,0,0,0,0,4,0,0,0,0,0,0,0,0,0,0,0,0,0,0,0,0,0,0,0,0,0,0,0,0,0,0,0,0,0,0,0,Eukaryota,Cryptista,Cryptophyta,Cryptophyta_X,Cryptophyceae,Cryptomonadales,Cryptomonadales_X,Cryptomonas,Cryptomonas_vietnamica,Cryptophyta
ASV_3648,0,0,0,0,0,0,0,0,0,0,0,0,0,4,0,0,0,0,0,0,0,0,0,0,0,0,0,0,0,0,0,0,0,0,0,0,0,0,0,0,0,0,0,0,0,Eukaryota,TSAR,Stramenopiles,Gyrista,Mediophyceae,Thalassiosirales,Stephanodiscaceae,Cyclotella,Cyclotella_meneghiniana,Stramenopiles
ASV_3649,0,0,0,0,0,0,0,0,0,0,0,0,0,4,0,0,0,0,0,0,0,0,0,0,0,0,0,0,0,0,0,0,0,0,0,0,0,0,0,0,0,0,0,0,0,Eukaryota,TSAR,Rhizaria,Cercozoa,Filosa-SarcomoNAdea,Glissomonadida,Bodomorphidae,Bodomorpha,Bodomorpha_sp.,Rhizaria
ASV_3650,0,0,0,0,0,0,0,0,0,0,0,0,0,0,4,0,0,0,0,0,0,0,0,0,0,0,0,0,0,0,0,0,0,0,0,0,0,0,0,0,0,0,0,0,0,Eukaryota,Archaeplastida,Chlorophyta,Chlorophyta_X,Chlorophyceae,Chlamydomonadales,Chlamydomonadales_X,NA,NA,Chlorophyta
ASV_3651,0,0,0,0,0,0,0,0,0,0,0,0,0,0,4,0,0,0,0,0,0,0,0,0,0,0,0,0,0,0,0,0,0,0,0,0,0,0,0,0,0,0,0,0,0,Eukaryota,Obazoa,Opisthokonta,Metazoa,Rotifera,Rotifera_X,Rotifera_XX,NA,NA,Opisthokonta_Rotifera
ASV_3652,0,0,0,0,0,0,0,0,0,0,0,0,0,0,0,4,0,0,0,0,0,0,0,0,0,0,0,0,0,0,0,0,0,0,0,0,0,0,0,0,0,0,0,0,0,Eukaryota,Obazoa,Opisthokonta,Fungi,Chytridiomycota,Rhizophydiales,Rhizophydiaceae,NA,NA,Opisthokonta_Chytridiomycota
ASV_3653,0,0,0,0,0,0,0,0,0,0,0,0,0,0,0,4,0,0,0,0,0,0,0,0,0,0,0,0,0,0,0,0,0,0,0,0,0,0,0,0,0,0,0,0,0,Eukaryota,Archaeplastida,Chlorophyta,Chlorophyta_X,Chlorophyceae,NA,NA,NA,NA,Chlorophyta
ASV_3654,0,0,0,0,0,0,0,0,0,0,0,0,0,0,0,0,4,0,0,0,0,0,0,0,0,0,0,0,0,0,0,0,0,0,0,0,0,0,0,0,0,0,0,0,0,Eukaryota,TSAR,Stramenopiles,Gyrista,Chrysophyceae,Paraphysomonadales,Paraphysomonadaceae,Paraphysomonas,NA,Stramenopiles
ASV_3655,0,0,0,0,0,0,0,0,0,0,0,0,0,0,0,0,4,0,0,0,0,0,0,0,0,0,0,0,0,0,0,0,0,0,0,0,0,0,0,0,0,0,0,0,0,Eukaryota,Obazoa,Opisthokonta,Fungi,Zoopagomycota,Entomophthoromycotina,Entomophthorales,Entomophthora,Entomophthora_culicis,Opisthokonta_Zoopagomycota
ASV_3656,0,0,0,0,0,0,0,0,0,0,0,0,0,0,0,0,4,0,0,0,0,0,0,0,0,0,0,0,0,0,0,0,0,0,0,0,0,0,0,0,0,0,0,0,0,Eukaryota,NA,NA,NA,NA,NA,NA,NA,NA,NA
ASV_3657,0,0,0,0,0,0,0,0,0,0,0,0,0,0,0,0,4,0,0,0,0,0,0,0,0,0,0,0,0,0,0,0,0,0,0,0,0,0,0,0,0,0,0,0,0,Eukaryota,Obazoa,NA,NA,NA,NA,NA,NA,NA,NA
ASV_3658,0,0,0,0,0,0,0,0,0,0,0,0,0,0,0,0,4,0,0,0,0,0,0,0,0,0,0,0,0,0,0,0,0,0,0,0,0,0,0,0,0,0,0,0,0,Eukaryota,Obazoa,Opisthokonta,Metazoa,Arthropoda,Crustacea,Maxillopoda,NA,NA,Opisthokonta_Arthropoda
ASV_3659,0,0,0,0,0,0,0,0,0,0,0,0,0,0,0,0,4,0,0,0,0,0,0,0,0,0,0,0,0,0,0,0,0,0,0,0,0,0,0,0,0,0,0,0,0,Eukaryota,TSAR,Stramenopiles,Gyrista,Chrysophyceae,NA,NA,NA,NA,Stramenopiles
ASV_3660,0,0,0,0,0,0,0,0,0,0,0,0,0,0,0,0,0,4,0,0,0,0,0,0,0,0,0,0,0,0,0,0,0,0,0,0,0,0,0,0,0,0,0,0,0,Eukaryota,NA,NA,NA,NA,NA,NA,NA,NA,NA
ASV_3661,0,0,0,0,0,0,0,0,0,0,0,0,0,0,0,0,0,4,0,0,0,0,0,0,0,0,0,0,0,0,0,0,0,0,0,0,0,0,0,0,0,0,0,0,0,Eukaryota,TSAR,Stramenopiles,Gyrista,Peronosporomycetes,Peronosporomycetes,Haptoglossales,Haptoglossa,Haptoglossa_sp.,Stramenopiles
ASV_3662,0,0,0,0,0,0,0,0,0,0,0,0,0,0,0,0,0,0,4,0,0,0,0,0,0,0,0,0,0,0,0,0,0,0,0,0,0,0,0,0,0,0,0,0,0,Eukaryota,TSAR,Rhizaria,Cercozoa,Endomyxa,Vampyrellida,Leptophryidae,Arachnomyxa,Arachnomyxa_cryptophaga,Rhizaria
ASV_3663,0,0,0,0,0,0,0,0,0,0,0,0,0,0,0,0,0,0,4,0,0,0,0,0,0,0,0,0,0,0,0,0,0,0,0,0,0,0,0,0,0,0,0,0,0,Eukaryota,Amoebozoa,Tubulinea,Tubulinea_X,Elardia,Euamoebida,Hartmannellidae,Copromyxa,Copromyxa_laresi,Tubulinea
ASV_3664,0,0,0,0,0,0,0,0,0,0,0,0,0,0,0,0,0,0,4,0,0,0,0,0,0,0,0,0,0,0,0,0,0,0,0,0,0,0,0,0,0,0,0,0,0,Eukaryota,Amoebozoa,Discosea,Discosea_X,Flabellinia,Dactylopodida,Vexilliferidae,Vexillifera,Vexillifera_fluvialis,Discosea
ASV_3665,0,0,0,0,0,0,0,0,0,0,0,0,0,0,0,0,0,0,4,0,0,0,0,0,0,0,0,0,0,0,0,0,0,0,0,0,0,0,0,0,0,0,0,0,0,Eukaryota,Obazoa,Opisthokonta,Fungi,Ascomycota,Pezizomycotina,Leotiomycetes,NA,NA,Opisthokonta_Ascomycota
ASV_3666,0,0,0,0,0,0,0,0,0,0,0,0,0,0,0,0,0,0,4,0,0,0,0,0,0,0,0,0,0,0,0,0,0,0,0,0,0,0,0,0,0,0,0,0,0,Eukaryota,Obazoa,Opisthokonta,Fungi,Chytridiomycota,Rhizophydiales,Rhizophydiales_X,Rhizophydiales_XX,Rhizophydiales_XX_sp.,Opisthokonta_Chytridiomycota
ASV_3667,0,0,0,0,0,0,0,0,0,0,0,0,0,0,0,0,0,0,4,0,0,0,0,0,0,0,0,0,0,0,0,0,0,0,0,0,0,0,0,0,0,0,0,0,0,Eukaryota,Excavata,Discoba,Discoba_X,Discoba_XX,Jakobida,Jakobida_X,Ophirina,Ophirina_amphinema,Discoba
ASV_3668,0,0,0,0,0,0,0,0,0,0,0,0,0,0,0,0,0,0,4,0,0,0,0,0,0,0,0,0,0,0,0,0,0,0,0,0,0,0,0,0,0,0,0,0,0,Eukaryota,Obazoa,Opisthokonta,Fungi,Ascomycota,Pezizomycotina,Dothideomycetes,Spencermartinsia,Rhizophlyctis_harderi,Opisthokonta_Ascomycota
ASV_3669,0,0,0,0,0,0,0,0,0,0,0,0,0,0,0,0,0,0,4,0,0,0,0,0,0,0,0,0,0,0,0,0,0,0,0,0,0,0,0,0,0,0,0,0,0,Eukaryota,Archaeplastida,NA,NA,NA,NA,NA,NA,NA,NA
ASV_3670,0,0,0,0,0,0,0,0,0,0,0,0,0,0,0,0,0,0,4,0,0,0,0,0,0,0,0,0,0,0,0,0,0,0,0,0,0,0,0,0,0,0,0,0,0,Eukaryota,TSAR,Stramenopiles,Gyrista,Chrysophyceae,NA,NA,NA,NA,Stramenopiles
ASV_3671,0,0,0,0,0,0,0,0,0,0,0,0,0,0,0,0,0,0,4,0,0,0,0,0,0,0,0,0,0,0,0,0,0,0,0,0,0,0,0,0,0,0,0,0,0,Eukaryota,TSAR,Stramenopiles,Gyrista,Mediophyceae,Thalassiosirales,NA,NA,NA,Stramenopiles
ASV_3672,0,0,0,0,0,0,0,0,0,0,0,0,0,0,0,0,0,0,0,4,0,0,0,0,0,0,0,0,0,0,0,0,0,0,0,0,0,0,0,0,0,0,0,0,0,Eukaryota,Obazoa,Opisthokonta,Fungi,Monoblepharomycota,Sanchytriales,Sanchytriaceae,Sanchytrium,Sanchytrium_tribonematis,Opisthokonta_Monoblepharomycota
ASV_3673,0,0,0,0,0,0,0,0,0,0,0,0,0,0,0,0,0,0,0,4,0,0,0,0,0,0,0,0,0,0,0,0,0,0,0,0,0,0,0,0,0,0,0,0,0,Eukaryota,TSAR,Stramenopiles,Gyrista,Chrysophyceae,Chrysosaccales,Chrysosaccaceae,Chrysosphaera,Chrysosphaera_parvula,Stramenopiles
ASV_3674,0,0,0,0,0,0,0,0,0,0,0,0,0,0,0,0,0,0,0,4,0,0,0,0,0,0,0,0,0,0,0,0,0,0,0,0,0,0,0,0,0,0,0,0,0,Eukaryota,Obazoa,Opisthokonta,Fungi,Ascomycota,Pezizomycotina,Dothideomycetes,Dothidea,Dothidea_ribesia,Opisthokonta_Ascomycota
ASV_3675,0,0,0,0,0,0,0,0,0,0,0,0,0,0,0,0,0,0,0,4,0,0,0,0,0,0,0,0,0,0,0,0,0,0,0,0,0,0,0,0,0,0,0,0,0,Eukaryota,TSAR,Rhizaria,Cercozoa,Endomyxa,Vampyrellida,Vampyrellidae,Vampyrella,Vampyrella_pendula,Rhizaria
ASV_3676,0,0,0,0,0,0,0,0,0,0,0,0,0,0,0,0,0,0,0,4,0,0,0,0,0,0,0,0,0,0,0,0,0,0,0,0,0,0,0,0,0,0,0,0,0,Eukaryota,Obazoa,Opisthokonta,Fungi,Ascomycota,Pezizomycotina,Lecanoromycetes,Cyanodermella,Cyanodermella_oleoligni,Opisthokonta_Ascomycota
ASV_3677,0,0,0,0,0,0,0,0,0,0,0,0,0,0,0,0,0,0,0,4,0,0,0,0,0,0,0,0,0,0,0,0,0,0,0,0,0,0,0,0,0,0,0,0,0,Eukaryota,TSAR,Stramenopiles,Gyrista,Chrysophyceae,NA,NA,NA,NA,Stramenopiles
ASV_3678,0,0,0,0,0,0,0,0,0,0,0,0,0,0,0,0,0,0,0,4,0,0,0,0,0,0,0,0,0,0,0,0,0,0,0,0,0,0,0,0,0,0,0,0,0,Eukaryota,Cryptista,Cryptophyta,Cryptophyta_X,Cryptophyceae,Cryptomonadales,Cryptomonadales_X,Cryptomonas,Cryptomonas_ovata,Cryptophyta
ASV_3679,0,0,0,0,0,0,0,0,0,0,0,0,0,0,0,0,0,0,0,0,4,0,0,0,0,0,0,0,0,0,0,0,0,0,0,0,0,0,0,0,0,0,0,0,0,Eukaryota,Cryptista,Cryptophyta,Cryptophyta_X,Cryptophyceae,Cryptomonadales,Cryptomonadales_X,Cryptomonas,Cryptomonas_ovata,Cryptophyta
ASV_3680,0,0,0,0,0,0,0,0,0,0,0,0,0,0,0,0,0,0,0,0,0,4,0,0,0,0,0,0,0,0,0,0,0,0,0,0,0,0,0,0,0,0,0,0,0,Eukaryota,Obazoa,Opisthokonta,NA,NA,NA,NA,NA,NA,Opisthokonta_Unclassified
ASV_3681,0,0,0,0,0,0,0,0,0,0,0,0,0,0,0,0,0,0,0,0,0,4,0,0,0,0,0,0,0,0,0,0,0,0,0,0,0,0,0,0,0,0,0,0,0,Eukaryota,Haptista,Haptophyta,Haptophyta_X,Prymnesiophyceae,Prymnesiales,Chrysochromulinaceae,Chrysochromulina,Chrysochromulina_tobin,Haptophyta
ASV_3682,0,0,0,0,0,0,0,0,0,0,0,0,0,0,0,0,0,0,0,0,0,4,0,0,0,0,0,0,0,0,0,0,0,0,0,0,0,0,0,0,0,0,0,0,0,Eukaryota,Archaeplastida,Chlorophyta,Chlorophyta_X,Chlorophyceae,Chlamydomonadales,Chlamydomonadales_X,Carteria,Carteria_lunzensis,Chlorophyta
ASV_3683,0,0,0,0,0,0,0,0,0,0,0,0,0,0,0,0,0,0,0,0,0,0,4,0,0,0,0,0,0,0,0,0,0,0,0,0,0,0,0,0,0,0,0,0,0,Eukaryota,TSAR,Stramenopiles,Bigyra,Bicoecea,Bicoecales,Bicoecaceae,Bicosoeca,Bicosoeca_petiolata,Stramenopiles
ASV_3684,0,0,0,0,0,0,0,0,0,0,0,0,0,0,0,0,0,0,0,0,0,0,4,0,0,0,0,0,0,0,0,0,0,0,0,0,0,0,0,0,0,0,0,0,0,Eukaryota,NA,NA,NA,NA,NA,NA,NA,NA,NA
ASV_3685,0,0,0,0,0,0,0,0,0,0,0,0,0,0,0,0,0,0,0,0,0,0,4,0,0,0,0,0,0,0,0,0,0,0,0,0,0,0,0,0,0,0,0,0,0,Eukaryota,Obazoa,Opisthokonta,NA,NA,NA,NA,NA,NA,Opisthokonta_Unclassified
ASV_3686,0,0,0,0,0,0,0,0,0,0,0,0,0,0,0,0,0,0,0,0,0,0,4,0,0,0,0,0,0,0,0,0,0,0,0,0,0,0,0,0,0,0,0,0,0,Eukaryota,TSAR,Alveolata,Dinoflagellata,Dinophyceae,Peridiniales,NA,NA,NA,Alveolata
ASV_3687,0,0,0,0,0,0,0,0,0,0,0,0,0,0,0,0,0,0,0,0,0,0,0,4,0,0,0,0,0,0,0,0,0,0,0,0,0,0,0,0,0,0,0,0,0,Eukaryota,TSAR,Stramenopiles,Gyrista,Peronosporomycetes,Peronosporomycetes,Saprolegniales,Aphanomyces,NA,Stramenopiles
ASV_3688,0,0,0,0,0,0,0,0,0,0,0,0,0,0,0,0,0,0,0,0,0,0,0,4,0,0,0,0,0,0,0,0,0,0,0,0,0,0,0,0,0,0,0,0,0,Eukaryota,NA,NA,NA,NA,NA,NA,NA,NA,NA
ASV_3689,0,0,0,0,0,0,0,0,0,0,0,0,0,0,0,0,0,0,0,0,0,0,0,4,0,0,0,0,0,0,0,0,0,0,0,0,0,0,0,0,0,0,0,0,0,Eukaryota,Cryptista,Kathablepharidacea,Kathablepharida,Kathablepharidea,Kathablepharidida,Kathablepharidida_X,Kathablepharidida_XX,Kathablepharidida_XX_sp.,Kathablepharidacea
ASV_3690,0,0,0,0,0,0,0,0,0,0,0,0,0,0,0,0,0,0,0,0,0,0,0,4,0,0,0,0,0,0,0,0,0,0,0,0,0,0,0,0,0,0,0,0,0,Eukaryota,Obazoa,Opisthokonta,Fungi,Chytridiomycota,Spizellomycetales,Spizellomycetaceae,NA,NA,Opisthokonta_Chytridiomycota
ASV_3691,0,0,0,0,0,0,0,0,0,0,0,0,0,0,0,0,0,0,0,0,0,0,0,0,4,0,0,0,0,0,0,0,0,0,0,0,0,0,0,0,0,0,0,0,0,Eukaryota,Amoebozoa,Tubulinea,Tubulinea_X,Elardia,Euamoebida,Nolandellidae,Nolandellidae_X,Nolandellidae_X_sp.,Tubulinea
ASV_3692,0,0,0,0,0,0,0,0,0,0,0,0,0,0,0,0,0,0,0,0,0,0,0,0,4,0,0,0,0,0,0,0,0,0,0,0,0,0,0,0,0,0,0,0,0,Eukaryota,TSAR,Stramenopiles,Gyrista,Dictyochophyceae,Dictyochophyceae_X,Pedinellales,Pseudopedinella,Pseudopedinella_elastica,Stramenopiles
ASV_3693,0,0,0,0,0,0,0,0,0,0,0,0,0,0,0,0,0,0,0,0,0,0,0,0,4,0,0,0,0,0,0,0,0,0,0,0,0,0,0,0,0,0,0,0,0,Eukaryota,Obazoa,Opisthokonta,Fungi,Chytridiomycota,Rhizophydiales,Rhizophydiales_X,Rhizophydiales_XX,Rhizophydiales_XX_sp.,Opisthokonta_Chytridiomycota
ASV_3694,0,0,0,0,0,0,0,0,0,0,0,0,0,0,0,0,0,0,0,0,0,0,0,0,4,0,0,0,0,0,0,0,0,0,0,0,0,0,0,0,0,0,0,0,0,Eukaryota,Cryptista,Cryptophyta,Cryptophyta_X,Cryptophyceae,Cryptomonadales,Cryptomonadales_X,Cryptomonas,Cryptomonas_uralensis,Cryptophyta
ASV_3695,0,0,0,0,0,0,0,0,0,0,0,0,0,0,0,0,0,0,0,0,0,0,0,0,4,0,0,0,0,0,0,0,0,0,0,0,0,0,0,0,0,0,0,0,0,Eukaryota,Archaeplastida,Streptophyta,Streptophyta_X,NA,NA,NA,NA,NA,Streptophyta
ASV_3696,0,0,0,0,0,0,0,0,0,0,0,0,0,0,0,0,0,0,0,0,0,0,0,0,4,0,0,0,0,0,0,0,0,0,0,0,0,0,0,0,0,0,0,0,0,Eukaryota,TSAR,Stramenopiles,Bigyra,Sagenista,Labyrinthulomycetes,Amphitraemidae,Amphitrema,Amphitrema_sp.,Stramenopiles
ASV_3697,0,0,0,0,0,0,0,0,0,0,0,0,0,0,0,0,0,0,0,0,0,0,0,0,0,4,0,0,0,0,0,0,0,0,0,0,0,0,0,0,0,0,0,0,0,Eukaryota,TSAR,Alveolata,Ciliophora,Oligohymenophorea,OLIGO4,OLIGO4_X,OLIGO4_XX,OLIGO4_XX_sp.,Alveolata
ASV_3698,0,0,0,0,0,0,0,0,0,0,0,0,0,0,0,0,0,0,0,0,0,0,0,0,0,4,0,0,0,0,0,0,0,0,0,0,0,0,0,0,0,0,0,0,0,Eukaryota,Obazoa,Opisthokonta,Fungi,Basidiomycota,Agaricomycotina,Agaricomycetes,Tulasnella,Tulasnella_pruinosa,Opisthokonta_Basidiomycota
ASV_3699,0,0,0,0,0,0,0,0,0,0,0,0,0,0,0,0,0,0,0,0,0,0,0,0,0,4,0,0,0,0,0,0,0,0,0,0,0,0,0,0,0,0,0,0,0,Eukaryota,Obazoa,Opisthokonta,Metazoa,NA,NA,NA,NA,NA,Opisthokonta_Unclassified
ASV_3700,0,0,0,0,0,0,0,0,0,0,0,0,0,0,0,0,0,0,0,0,0,0,0,0,0,4,0,0,0,0,0,0,0,0,0,0,0,0,0,0,0,0,0,0,0,Eukaryota,TSAR,Stramenopiles,Gyrista,Chrysophyceae,NA,NA,NA,NA,Stramenopiles
ASV_3701,0,0,0,0,0,0,0,0,0,0,0,0,0,0,0,0,0,0,0,0,0,0,0,0,0,4,0,0,0,0,0,0,0,0,0,0,0,0,0,0,0,0,0,0,0,Eukaryota,TSAR,Stramenopiles,Gyrista,Chrysophyceae,Paraphysomonadales,Paraphysomonadaceae,Paraphysomonas,Paraphysomonas_vulgaris,Stramenopiles
ASV_3702,0,0,0,0,0,0,0,0,0,0,0,0,0,0,0,0,0,0,0,0,0,0,0,0,0,4,0,0,0,0,0,0,0,0,0,0,0,0,0,0,0,0,0,0,0,Eukaryota,Cryptista,Cryptophyta,Cryptophyta_X,Cryptophyceae,Cryptomonadales,Cryptomonadales_X,Cryptomonas,NA,Cryptophyta
ASV_3703,0,0,0,0,0,0,0,0,0,0,0,0,0,0,0,0,0,0,0,0,0,0,0,0,0,4,0,0,0,0,0,0,0,0,0,0,0,0,0,0,0,0,0,0,0,Eukaryota,Obazoa,Opisthokonta,Fungi,Ascomycota,Pezizomycotina,Dothideomycetes,NA,NA,Opisthokonta_Ascomycota
ASV_3704,0,0,0,0,0,0,0,0,0,0,0,0,0,0,0,0,0,0,0,0,0,0,0,0,0,4,0,0,0,0,0,0,0,0,0,0,0,0,0,0,0,0,0,0,0,Eukaryota,Archaeplastida,Streptophyta,Streptophyta_X,NA,NA,NA,NA,NA,Streptophyta
ASV_3705,0,0,0,0,0,0,0,0,0,0,0,0,0,0,0,0,0,0,0,0,0,0,0,0,0,4,0,0,0,0,0,0,0,0,0,0,0,0,0,0,0,0,0,0,0,Eukaryota,Archaeplastida,Chlorophyta,Chlorophyta_X,Trebouxiophyceae,Watanabea-Clade,Watanabea-Clade_X,Chloroidium,Chloroidium_orientale,Chlorophyta
ASV_3706,0,0,0,0,0,0,0,0,0,0,0,0,0,0,0,0,0,0,0,0,0,0,0,0,0,4,0,0,0,0,0,0,0,0,0,0,0,0,0,0,0,0,0,0,0,Eukaryota,Archaeplastida,Streptophyta,Streptophyta_X,NA,NA,NA,NA,NA,Streptophyta
ASV_3707,0,0,0,0,0,0,0,0,0,0,0,0,0,0,0,0,0,0,0,0,0,0,0,0,0,4,0,0,0,0,0,0,0,0,0,0,0,0,0,0,0,0,0,0,0,Eukaryota,TSAR,Stramenopiles,Gyrista,Coscinodiscophyceae,Rhizosoleniales,Rhizosoleniaceae,Urosolenia,Urosolenia_eriensis,Stramenopiles
ASV_3708,0,0,0,0,0,0,0,0,0,0,0,0,0,0,0,0,0,0,0,0,0,0,0,0,0,4,0,0,0,0,0,0,0,0,0,0,0,0,0,0,0,0,0,0,0,Eukaryota,Obazoa,Opisthokonta,NA,NA,NA,NA,NA,NA,Opisthokonta_Unclassified
ASV_3709,0,0,0,0,0,0,0,0,0,0,0,0,0,0,0,0,0,0,0,0,0,0,0,0,0,0,4,0,0,0,0,0,0,0,0,0,0,0,0,0,0,0,0,0,0,Eukaryota,TSAR,Stramenopiles,Bigyra,Opalozoa,Opalinata,Blastocystis-Group,Blastocystis,NA,Stramenopiles
ASV_3710,0,0,0,0,0,0,0,0,0,0,0,0,0,0,0,0,0,0,0,0,0,0,0,0,0,0,0,0,4,0,0,0,0,0,0,0,0,0,0,0,0,0,0,0,0,Eukaryota,Obazoa,Opisthokonta,Metazoa,Arthropoda,Crustacea,Maxillopoda,NA,NA,Opisthokonta_Arthropoda
ASV_3711,0,0,0,0,0,0,0,0,0,0,0,0,0,0,0,0,0,0,0,0,0,0,0,0,0,0,0,0,0,4,0,0,0,0,0,0,0,0,0,0,0,0,0,0,0,Eukaryota,Obazoa,Opisthokonta,Metazoa,Arthropoda,Crustacea,Maxillopoda,Eudiaptomus,Eudiaptomus_graciloides,Opisthokonta_Arthropoda
ASV_3712,0,0,0,0,0,0,0,0,0,0,0,0,0,0,0,0,0,0,0,0,0,0,0,0,0,0,0,0,0,4,0,0,0,0,0,0,0,0,0,0,0,0,0,0,0,Eukaryota,TSAR,Rhizaria,Cercozoa,Filosa-SarcomoNAdea,Pansomonadida,Agitatidae,Agitatidae_X,Agitatidae_X_sp.,Rhizaria
ASV_3713,0,0,0,0,0,0,0,0,0,0,0,0,0,0,0,0,0,0,0,0,0,0,0,0,0,0,0,0,0,0,4,0,0,0,0,0,0,0,0,0,0,0,0,0,0,Eukaryota,Obazoa,Opisthokonta,Fungi,NA,NA,NA,NA,NA,Opisthokonta_Unclassified
ASV_3714,0,0,0,0,0,0,0,0,0,0,0,0,0,0,0,0,0,0,0,0,0,0,0,0,0,0,0,0,0,0,4,0,0,0,0,0,0,0,0,0,0,0,0,0,0,Eukaryota,Amoebozoa,Evosea,Evosea_X,Variosea,Variosea_X,Ischnamoebidae,Darbyshirella,Darbyshirella_terrestris,Evosea
ASV_3715,0,0,0,0,0,0,0,0,0,0,0,0,0,0,0,0,0,0,0,0,0,0,0,0,0,0,0,0,0,0,4,0,0,0,0,0,0,0,0,0,0,0,0,0,0,Eukaryota,Obazoa,Opisthokonta,Metazoa,Arthropoda,Crustacea,Maxillopoda,NA,NA,Opisthokonta_Arthropoda
ASV_3716,0,0,0,0,0,0,0,0,0,0,0,0,0,0,0,0,0,0,0,0,0,0,0,0,0,0,0,0,0,0,0,4,0,0,0,0,0,0,0,0,0,0,0,0,0,Eukaryota,Obazoa,Opisthokonta,NA,NA,NA,NA,NA,NA,Opisthokonta_Unclassified
ASV_3717,0,0,0,0,0,0,0,0,0,0,0,0,0,0,0,0,0,0,0,0,0,0,0,0,0,0,0,0,0,0,0,4,0,0,0,0,0,0,0,0,0,0,0,0,0,Eukaryota,Obazoa,Opisthokonta,Fungi,Chytridiomycota,NA,NA,NA,NA,Opisthokonta_Chytridiomycota
ASV_3718,0,0,0,0,0,0,0,0,0,0,0,0,0,0,0,0,0,0,0,0,0,0,0,0,0,0,0,0,0,0,0,4,0,0,0,0,0,0,0,0,0,0,0,0,0,Eukaryota,Obazoa,Opisthokonta,Fungi,NA,NA,NA,NA,NA,Opisthokonta_Unclassified
ASV_3719,0,0,0,0,0,0,0,0,0,0,0,0,0,0,0,0,0,0,0,0,0,0,0,0,0,0,0,0,0,0,0,0,4,0,0,0,0,0,0,0,0,0,0,0,0,Eukaryota,Obazoa,Opisthokonta,Fungi,NA,NA,NA,NA,NA,Opisthokonta_Unclassified
ASV_3720,0,0,0,0,0,0,0,0,0,0,0,0,0,0,0,0,0,0,0,0,0,0,0,0,0,0,0,0,0,0,0,0,4,0,0,0,0,0,0,0,0,0,0,0,0,Eukaryota,Obazoa,Opisthokonta,Choanoflagellata,Choanoflagellatea,Craspedida,Salpingoecidae_Group_C1,Salpingoeca_C1,Salpingoeca_fusiformis,Opisthokonta_Choanoflagellatea
ASV_3721,0,0,0,0,0,0,0,0,0,0,0,0,0,0,0,0,0,0,0,0,0,0,0,0,0,0,0,0,0,0,0,0,4,0,0,0,0,0,0,0,0,0,0,0,0,Eukaryota,TSAR,Stramenopiles,Gyrista,Chrysophyceae,Chrysophyceae_env_clade-I,Chrysophyceae_env_clade-I_X,Chrysophyceae_env_clade-I_XX,Chrysophyceae_env_clade-I_XX_sp.,Stramenopiles
ASV_3722,0,0,0,0,0,0,0,0,0,0,0,0,0,0,0,0,0,0,0,0,0,0,0,0,0,0,0,0,0,0,0,0,0,4,0,0,0,0,0,0,0,0,0,0,0,Eukaryota,Obazoa,Opisthokonta,Metazoa,Gastrotricha,Gastrotricha_X,Gastrotricha_XX,NA,NA,Opisthokonta_Gastrotricha
ASV_3723,0,0,0,0,0,0,0,0,0,0,0,0,0,0,0,0,0,0,0,0,0,0,0,0,0,0,0,0,0,0,0,0,0,4,0,0,0,0,0,0,0,0,0,0,0,Eukaryota,TSAR,Rhizaria,Cercozoa,Endomyxa,Vampyrellida,sm27-lineage,sm27-lineage_X,sm27-lineage_X_sp.,Rhizaria
ASV_3724,0,0,0,0,0,0,0,0,0,0,0,0,0,0,0,0,0,0,0,0,0,0,0,0,0,0,0,0,0,0,0,0,0,4,0,0,0,0,0,0,0,0,0,0,0,Eukaryota,Archaeplastida,Chlorophyta,Chlorophyta_X,Chlorophyceae,Chlamydomonadales,Chlamydomonadales_X,NA,NA,Chlorophyta
ASV_3725,0,0,0,0,0,0,0,0,0,0,0,0,0,0,0,0,0,0,0,0,0,0,0,0,0,0,0,0,0,0,0,0,0,4,0,0,0,0,0,0,0,0,0,0,0,Eukaryota,TSAR,Rhizaria,Cercozoa,Filosa-Imbricatea,NA,NA,NA,NA,Rhizaria
ASV_3726,0,0,0,0,0,0,0,0,0,0,0,0,0,0,0,0,0,0,0,0,0,0,0,0,0,0,0,0,0,0,0,0,0,4,0,0,0,0,0,0,0,0,0,0,0,Eukaryota,Obazoa,Opisthokonta,Metazoa,Arthropoda,Crustacea,Maxillopoda,NA,NA,Opisthokonta_Arthropoda
ASV_3727,0,0,0,0,0,0,0,0,0,0,0,0,0,0,0,0,0,0,0,0,0,0,0,0,0,0,0,0,0,0,0,0,0,0,0,4,0,0,0,0,0,0,0,0,0,Eukaryota,TSAR,Rhizaria,Cercozoa,Filosa-Imbricatea,Paracercomonadida,Paracercomonadida_X,NA,NA,Rhizaria
ASV_3728,0,0,0,0,0,0,0,0,0,0,0,0,0,0,0,0,0,0,0,0,0,0,0,0,0,0,0,0,0,0,0,0,0,0,0,4,0,0,0,0,0,0,0,0,0,Eukaryota,TSAR,Stramenopiles,Bigyra,Bicoecea,Pseudodendromonadales,Pseudodendromonadales_X,Pseudodendromonadales_XX,Pseudodendromonadales_XX_sp.,Stramenopiles
ASV_3729,0,0,0,0,0,0,0,0,0,0,0,0,0,0,0,0,0,0,0,0,0,0,0,0,0,0,0,0,0,0,0,0,0,0,0,4,0,0,0,0,0,0,0,0,0,Eukaryota,TSAR,Rhizaria,Cercozoa,Filosa-SarcomoNAdea,Cercomonadida,Paracercomonadidae,Paracercomonas,Paracercomonas_crassicauda,Rhizaria
ASV_3730,0,0,0,0,0,0,0,0,0,0,0,0,0,0,0,0,0,0,0,0,0,0,0,0,0,0,0,0,0,0,0,0,0,0,0,0,4,0,0,0,0,0,0,0,0,Eukaryota,TSAR,Rhizaria,Cercozoa,Filosa-Thecofilosea,Cryomonadida,Protaspa-lineage,NA,NA,Rhizaria
ASV_3731,0,0,0,0,0,0,0,0,0,0,0,0,0,0,0,0,0,0,0,0,0,0,0,0,0,0,0,0,0,0,0,0,0,0,0,0,4,0,0,0,0,0,0,0,0,Eukaryota,TSAR,Rhizaria,Rhizaria_X,Rhizaria_XX,Aquavolonida,Aquavolonida_X,Aquavolon,NA,Rhizaria
ASV_3732,0,0,0,0,0,0,0,0,0,0,0,0,0,0,0,0,0,0,0,0,0,0,0,0,0,0,0,0,0,0,0,0,0,0,0,0,4,0,0,0,0,0,0,0,0,Eukaryota,TSAR,NA,NA,NA,NA,NA,NA,NA,NA
ASV_3733,0,0,0,0,0,0,0,0,0,0,0,0,0,0,0,0,0,0,0,0,0,0,0,0,0,0,0,0,0,0,0,0,0,0,0,0,4,0,0,0,0,0,0,0,0,Eukaryota,TSAR,Alveolata,Dinoflagellata,Dinophyceae,Gonyaulacales,Ceratiaceae,Ceratium,Ceratium_hirundinella,Alveolata
ASV_3734,0,0,0,0,0,0,0,0,0,0,0,0,0,0,0,0,0,0,0,0,0,0,0,0,0,0,0,0,0,0,0,0,0,0,0,0,4,0,0,0,0,0,0,0,0,Eukaryota,Obazoa,Opisthokonta,Fungi,Chytridiomycota,Rhizophydiales,Rhizophydiales_X,Rhizophydiales_XX,Rhizophydiales_XX_sp.,Opisthokonta_Chytridiomycota
ASV_3735,0,0,0,0,0,0,0,0,0,0,0,0,0,0,0,0,0,0,0,0,0,0,0,0,0,0,0,0,0,0,0,0,0,0,0,0,0,0,4,0,0,0,0,0,0,Eukaryota,TSAR,Rhizaria,Cercozoa,Filosa-SarcomoNAdea,Glissomonadida,Allapsidae,NA,NA,Rhizaria
ASV_3736,0,0,0,0,0,0,0,0,0,0,0,0,0,0,0,0,0,0,0,0,0,0,0,0,0,0,0,0,0,0,0,0,0,0,0,0,0,0,0,4,0,0,0,0,0,Eukaryota,Cryptista,Kathablepharidacea,Kathablepharida,Kathablepharidea,Kathablepharidida,Kathablepharidida_X,Kathablepharidida_XX,Kathablepharidida_XX_sp.,Kathablepharidacea
ASV_3737,0,0,0,0,0,0,0,0,0,0,0,0,0,0,0,0,0,0,0,0,0,0,0,0,0,0,0,0,0,0,0,0,0,0,0,0,0,0,0,4,0,0,0,0,0,Eukaryota,Obazoa,Opisthokonta,Fungi,Basidiomycota,Agaricomycotina,Agaricomycetes,Tulasnella,Tulasnella_violea,Opisthokonta_Basidiomycota
ASV_3738,0,0,0,0,0,0,0,0,0,0,0,0,0,0,0,0,0,0,0,0,0,0,0,0,0,0,0,0,0,0,0,0,0,0,0,0,0,0,0,0,4,0,0,0,0,Eukaryota,Excavata,Discoba,Discoba_X,Discoba_XX,Jakobida,Jakobida_X,Ophirina,Ophirina_amphinema,Discoba
ASV_3739,0,0,0,0,0,0,0,0,0,0,0,0,0,0,0,0,0,0,0,0,0,0,0,0,0,0,0,0,0,0,0,0,0,0,0,0,0,0,0,0,4,0,0,0,0,Eukaryota,Obazoa,Opisthokonta,Metazoa,Arthropoda,Crustacea,Maxillopoda,NA,NA,Opisthokonta_Arthropoda
ASV_3740,0,0,0,0,0,0,0,0,0,0,0,0,0,0,0,0,0,0,0,0,0,0,0,0,0,0,0,0,0,0,0,0,0,0,0,0,0,0,0,0,0,0,0,0,4,Eukaryota,TSAR,Stramenopiles,Bigyra,Bicoecea,Pseudodendromonadales,Pseudodendromonadales_X,Adriamonas,Adriamonas_peritocrescens,Stramenopiles
ASV_3741,0,0,0,0,0,0,0,0,0,0,0,0,0,0,0,0,0,0,0,0,0,0,0,0,0,0,0,0,0,0,0,0,0,0,0,0,0,0,0,0,0,0,0,0,4,Eukaryota,Obazoa,Opisthokonta,Metazoa,Arthropoda,Crustacea,Maxillopoda,Eucyclops,Eucyclops_serrulatus,Opisthokonta_Arthropoda
ASV_3742,3,0,0,0,0,0,0,0,0,0,0,0,0,0,0,0,0,0,0,0,0,0,0,0,0,0,0,0,0,0,0,0,0,0,0,0,0,0,0,0,0,0,0,0,0,Eukaryota,Obazoa,Opisthokonta,Fungi,Rozellomycota,Rozellomycota_X,Rozellomycota_XX,Rozella,Rozella_allomycis,Opisthokonta_Rozellomycota
ASV_3743,0,0,3,0,0,0,0,0,0,0,0,0,0,0,0,0,0,0,0,0,0,0,0,0,0,0,0,0,0,0,0,0,0,0,0,0,0,0,0,0,0,0,0,0,0,Eukaryota,Archaeplastida,Chlorophyta,Chlorophyta_X,Chlorophyceae,NA,NA,NA,NA,Chlorophyta
ASV_3744,0,0,3,0,0,0,0,0,0,0,0,0,0,0,0,0,0,0,0,0,0,0,0,0,0,0,0,0,0,0,0,0,0,0,0,0,0,0,0,0,0,0,0,0,0,Eukaryota,Obazoa,Opisthokonta,Metazoa,Arthropoda,Hexapoda,Insecta,Chironomus,Chironomus_tentans,Opisthokonta_Arthropoda
ASV_3745,0,0,3,0,0,0,0,0,0,0,0,0,0,0,0,0,0,0,0,0,0,0,0,0,0,0,0,0,0,0,0,0,0,0,0,0,0,0,0,0,0,0,0,0,0,Eukaryota,Obazoa,Opisthokonta,Fungi,Chytridiomycota,NA,NA,NA,NA,Opisthokonta_Chytridiomycota
ASV_3746,0,0,3,0,0,0,0,0,0,0,0,0,0,0,0,0,0,0,0,0,0,0,0,0,0,0,0,0,0,0,0,0,0,0,0,0,0,0,0,0,0,0,0,0,0,Eukaryota,TSAR,Rhizaria,NA,NA,NA,NA,NA,NA,Rhizaria
ASV_3747,0,0,3,0,0,0,0,0,0,0,0,0,0,0,0,0,0,0,0,0,0,0,0,0,0,0,0,0,0,0,0,0,0,0,0,0,0,0,0,0,0,0,0,0,0,Eukaryota,Obazoa,Opisthokonta,Fungi,Basidiomycota,Agaricomycotina,Tremellomycetes,Filobasidium,NA,Opisthokonta_Basidiomycota
ASV_3748,0,0,3,0,0,0,0,0,0,0,0,0,0,0,0,0,0,0,0,0,0,0,0,0,0,0,0,0,0,0,0,0,0,0,0,0,0,0,0,0,0,0,0,0,0,Eukaryota,Cryptista,Cryptophyta,Cryptophyta_X,Cryptophyceae,NA,NA,NA,NA,Cryptophyta
ASV_3749,0,0,3,0,0,0,0,0,0,0,0,0,0,0,0,0,0,0,0,0,0,0,0,0,0,0,0,0,0,0,0,0,0,0,0,0,0,0,0,0,0,0,0,0,0,Eukaryota,TSAR,Rhizaria,Cercozoa,Filosa-Imbricatea,Filosa-Imbricatea_X,Filosa-Imbricatea_XX,Filosa-Imbricatea_XXX,Filosa-Imbricatea_XXX_sp.,Rhizaria
ASV_3750,0,0,3,0,0,0,0,0,0,0,0,0,0,0,0,0,0,0,0,0,0,0,0,0,0,0,0,0,0,0,0,0,0,0,0,0,0,0,0,0,0,0,0,0,0,Eukaryota,Archaeplastida,Chlorophyta,Chlorophyta_X,Chlorophyceae,Chlamydomonadales,Chlamydomonadales_X,Chlamydopodium,Chlamydopodium_sp.,Chlorophyta
ASV_3751,0,0,3,0,0,0,0,0,0,0,0,0,0,0,0,0,0,0,0,0,0,0,0,0,0,0,0,0,0,0,0,0,0,0,0,0,0,0,0,0,0,0,0,0,0,Eukaryota,Archaeplastida,Chlorophyta,Chlorophyta_X,Chlorophyceae,Sphaeropleales,Sphaeropleales_X,NA,NA,Chlorophyta
ASV_3752,0,0,0,3,0,0,0,0,0,0,0,0,0,0,0,0,0,0,0,0,0,0,0,0,0,0,0,0,0,0,0,0,0,0,0,0,0,0,0,0,0,0,0,0,0,Eukaryota,Archaeplastida,Chlorophyta,Chlorophyta_X,Trebouxiophyceae,Chlorellales,Chlorellales_X,Ooplanctella,Ooplanctella_planoconvexa,Chlorophyta
ASV_3753,0,0,0,0,3,0,0,0,0,0,0,0,0,0,0,0,0,0,0,0,0,0,0,0,0,0,0,0,0,0,0,0,0,0,0,0,0,0,0,0,0,0,0,0,0,Eukaryota,Obazoa,Opisthokonta,Metazoa,Arthropoda,Hexapoda,Collembola,Isotoma,Isotoma_viridis,Opisthokonta_Arthropoda
ASV_3754,0,0,0,0,3,0,0,0,0,0,0,0,0,0,0,0,0,0,0,0,0,0,0,0,0,0,0,0,0,0,0,0,0,0,0,0,0,0,0,0,0,0,0,0,0,Eukaryota,TSAR,Stramenopiles,Gyrista,Chrysophyceae,Synurales,Synuraceae,Mallomonas,Mallomonas_caudata,Stramenopiles
ASV_3755,0,0,0,0,3,0,0,0,0,0,0,0,0,0,0,0,0,0,0,0,0,0,0,0,0,0,0,0,0,0,0,0,0,0,0,0,0,0,0,0,0,0,0,0,0,Eukaryota,Archaeplastida,Streptophyta,Streptophyta_X,Zygnemophyceae, Zygnemophyceae, ZygnemophyceaeX,Closterium,NA,Streptophyta
ASV_3756,0,0,0,0,0,3,0,0,0,0,0,0,0,0,0,0,0,0,0,0,0,0,0,0,0,0,0,0,0,0,0,0,0,0,0,0,0,0,0,0,0,0,0,0,0,Eukaryota,TSAR,Stramenopiles,Bigyra,Bicoecea,Pseudodendromonadales,Pseudodendromonadales_X,Adriamonas,Adriamonas_peritocrescens,Stramenopiles
ASV_3757,0,0,0,0,0,3,0,0,0,0,0,0,0,0,0,0,0,0,0,0,0,0,0,0,0,0,0,0,0,0,0,0,0,0,0,0,0,0,0,0,0,0,0,0,0,Eukaryota,Archaeplastida,Chlorophyta,Chlorophyta_X,Chlorophyceae,Sphaeropleales,Sphaeropleales_X,Atractomorpha,Atractomorpha_echinata,Chlorophyta
ASV_3758,0,0,0,0,0,3,0,0,0,0,0,0,0,0,0,0,0,0,0,0,0,0,0,0,0,0,0,0,0,0,0,0,0,0,0,0,0,0,0,0,0,0,0,0,0,Eukaryota,Obazoa,Opisthokonta,Fungi,Chytridiomycota,Rhizophydiales,Rhizophydiales_X,NA,NA,Opisthokonta_Chytridiomycota
ASV_3759,0,0,0,0,0,3,0,0,0,0,0,0,0,0,0,0,0,0,0,0,0,0,0,0,0,0,0,0,0,0,0,0,0,0,0,0,0,0,0,0,0,0,0,0,0,Eukaryota,Obazoa,Opisthokonta,NA,NA,NA,NA,NA,NA,Opisthokonta_Unclassified
ASV_3760,0,0,0,0,0,3,0,0,0,0,0,0,0,0,0,0,0,0,0,0,0,0,0,0,0,0,0,0,0,0,0,0,0,0,0,0,0,0,0,0,0,0,0,0,0,Eukaryota,TSAR,Stramenopiles,Gyrista,Hyphochytriomyceta,Hyphochytriales,Hyphochrytriaceae,Rhizidiomyces,Rhizidiomyces_apophysatus,Stramenopiles
ASV_3761,0,0,0,0,0,0,3,0,0,0,0,0,0,0,0,0,0,0,0,0,0,0,0,0,0,0,0,0,0,0,0,0,0,0,0,0,0,0,0,0,0,0,0,0,0,Eukaryota,Obazoa,Opisthokonta,NA,NA,NA,NA,NA,NA,Opisthokonta_Unclassified
ASV_3762,0,0,0,0,0,0,3,0,0,0,0,0,0,0,0,0,0,0,0,0,0,0,0,0,0,0,0,0,0,0,0,0,0,0,0,0,0,0,0,0,0,0,0,0,0,Eukaryota,TSAR,Stramenopiles,Gyrista,Chrysophyceae,Paraphysomonadales,Paraphysomonadaceae,Paraphysomonas,NA,Stramenopiles
ASV_3763,0,0,0,0,0,0,3,0,0,0,0,0,0,0,0,0,0,0,0,0,0,0,0,0,0,0,0,0,0,0,0,0,0,0,0,0,0,0,0,0,0,0,0,0,0,Eukaryota,Obazoa,Opisthokonta,Metazoa,Arthropoda,Chelicerata,Arachnida,Horreolanus,Horreolanus_orphanus,Opisthokonta_Arthropoda
ASV_3764,0,0,0,0,0,0,3,0,0,0,0,0,0,0,0,0,0,0,0,0,0,0,0,0,0,0,0,0,0,0,0,0,0,0,0,0,0,0,0,0,0,0,0,0,0,Eukaryota,Obazoa,Opisthokonta,Fungi,Chytridiomycota,Rhizophydiales,NA,NA,NA,Opisthokonta_Chytridiomycota
ASV_3765,0,0,0,0,0,0,3,0,0,0,0,0,0,0,0,0,0,0,0,0,0,0,0,0,0,0,0,0,0,0,0,0,0,0,0,0,0,0,0,0,0,0,0,0,0,Eukaryota,TSAR,Stramenopiles,Bigyra,Opalozoa,Opalozoa_X,MAST-12,MAST-12C,MAST-12C_sp.,Stramenopiles
ASV_3766,0,0,0,0,0,0,3,0,0,0,0,0,0,0,0,0,0,0,0,0,0,0,0,0,0,0,0,0,0,0,0,0,0,0,0,0,0,0,0,0,0,0,0,0,0,Eukaryota,TSAR,Alveolata,Dinoflagellata,Dinophyceae,Gonyaulacales,Ceratiaceae,Ceratium,Ceratium_hirundinella,Alveolata
ASV_3767,0,0,0,0,0,0,0,0,3,0,0,0,0,0,0,0,0,0,0,0,0,0,0,0,0,0,0,0,0,0,0,0,0,0,0,0,0,0,0,0,0,0,0,0,0,Eukaryota,Obazoa,Opisthokonta,Metazoa,Arthropoda,Crustacea,Maxillopoda,NA,NA,Opisthokonta_Arthropoda
ASV_3768,0,0,0,0,0,0,0,0,0,0,3,0,0,0,0,0,0,0,0,0,0,0,0,0,0,0,0,0,0,0,0,0,0,0,0,0,0,0,0,0,0,0,0,0,0,Eukaryota,Obazoa,Opisthokonta,NA,NA,NA,NA,NA,NA,Opisthokonta_Unclassified
ASV_3769,0,0,0,0,0,0,0,0,0,0,3,0,0,0,0,0,0,0,0,0,0,0,0,0,0,0,0,0,0,0,0,0,0,0,0,0,0,0,0,0,0,0,0,0,0,Eukaryota,Obazoa,Opisthokonta,Fungi,Ascomycota,Pezizomycotina,Leotiomycetes,NA,NA,Opisthokonta_Ascomycota
ASV_3770,0,0,0,0,0,0,0,0,0,0,3,0,0,0,0,0,0,0,0,0,0,0,0,0,0,0,0,0,0,0,0,0,0,0,0,0,0,0,0,0,0,0,0,0,0,Eukaryota,Obazoa,Opisthokonta,Fungi,Basidiomycota,NA,NA,NA,NA,Opisthokonta_Basidiomycota
ASV_3771,0,0,0,0,0,0,0,0,0,0,3,0,0,0,0,0,0,0,0,0,0,0,0,0,0,0,0,0,0,0,0,0,0,0,0,0,0,0,0,0,0,0,0,0,0,Eukaryota,Archaeplastida,Streptophyta,Streptophyta_X,Embryophyceae,Embryophyceae_X,Embryophyceae_XX,Cupressus,Cupressus_gigantea,Streptophyta
ASV_3772,0,0,0,0,0,0,0,0,0,0,3,0,0,0,0,0,0,0,0,0,0,0,0,0,0,0,0,0,0,0,0,0,0,0,0,0,0,0,0,0,0,0,0,0,0,Eukaryota,TSAR,Stramenopiles,Gyrista,Bacillariophyceae,Naviculales,Stauroneidaceae,NA,NA,Stramenopiles
ASV_3773,0,0,0,0,0,0,0,0,0,0,0,0,3,0,0,0,0,0,0,0,0,0,0,0,0,0,0,0,0,0,0,0,0,0,0,0,0,0,0,0,0,0,0,0,0,Eukaryota,Archaeplastida,Chlorophyta,Chlorophyta_X,Chlorophyceae,Chlamydomonadales,Chlamydomonadales_X,NA,NA,Chlorophyta
ASV_3774,0,0,0,0,0,0,0,0,0,0,0,0,0,3,0,0,0,0,0,0,0,0,0,0,0,0,0,0,0,0,0,0,0,0,0,0,0,0,0,0,0,0,0,0,0,Eukaryota,Obazoa,Opisthokonta,Fungi,NA,NA,NA,NA,NA,Opisthokonta_Unclassified
ASV_3775,0,0,0,0,0,0,0,0,0,0,0,0,0,3,0,0,0,0,0,0,0,0,0,0,0,0,0,0,0,0,0,0,0,0,0,0,0,0,0,0,0,0,0,0,0,Eukaryota,Cryptista,Cryptophyta,Cryptophyta_X,Cryptophyceae,Cryptomonadales,Cryptomonadales_X,Cryptomonas,Cryptomonas_vietnamica,Cryptophyta
ASV_3776,0,0,0,0,0,0,0,0,0,0,0,0,0,3,0,0,0,0,0,0,0,0,0,0,0,0,0,0,0,0,0,0,0,0,0,0,0,0,0,0,0,0,0,0,0,Bacteria,Terrabacteria,Firmicutes,Firmicutes_X,Bacilli,Lactobacillales,Streptococcaceae,Streptococcus,Streptococcus_pyogenes,Firmicutes
ASV_3777,0,0,0,0,0,0,0,0,0,0,0,0,0,3,0,0,0,0,0,0,0,0,0,0,0,0,0,0,0,0,0,0,0,0,0,0,0,0,0,0,0,0,0,0,0,Eukaryota,TSAR,Rhizaria,Cercozoa,Endomyxa,Vampyrellida,Vampyrellidae,Vampyrella,Vampyrella_pendula,Rhizaria
ASV_3778,0,0,0,0,0,0,0,0,0,0,0,0,0,0,3,0,0,0,0,0,0,0,0,0,0,0,0,0,0,0,0,0,0,0,0,0,0,0,0,0,0,0,0,0,0,Eukaryota,TSAR,Stramenopiles,Gyrista,Bacillariophyceae,Achnanthales,Achnanthidiaceae,Lemnicola,Lemnicola_hungarica,Stramenopiles
ASV_3779,0,0,0,0,0,0,0,0,0,0,0,0,0,0,3,0,0,0,0,0,0,0,0,0,0,0,0,0,0,0,0,0,0,0,0,0,0,0,0,0,0,0,0,0,0,Eukaryota,Cryptista,Cryptophyta,Cryptophyta_X,Cryptophyceae,Cryptomonadales,Cryptomonadales_X,NA,NA,Cryptophyta
ASV_3780,0,0,0,0,0,0,0,0,0,0,0,0,0,0,3,0,0,0,0,0,0,0,0,0,0,0,0,0,0,0,0,0,0,0,0,0,0,0,0,0,0,0,0,0,0,Eukaryota,Obazoa,Opisthokonta,Fungi,Ascomycota,Pezizomycotina,Sordariomycetes,Myrothecium,Myrothecium_cinctum,Opisthokonta_Ascomycota
ASV_3781,0,0,0,0,0,0,0,0,0,0,0,0,0,0,3,0,0,0,0,0,0,0,0,0,0,0,0,0,0,0,0,0,0,0,0,0,0,0,0,0,0,0,0,0,0,Eukaryota,Obazoa,Opisthokonta,Metazoa,Arthropoda,Crustacea,Maxillopoda,NA,NA,Opisthokonta_Arthropoda
ASV_3782,0,0,0,0,0,0,0,0,0,0,0,0,0,0,0,3,0,0,0,0,0,0,0,0,0,0,0,0,0,0,0,0,0,0,0,0,0,0,0,0,0,0,0,0,0,Eukaryota,Archaeplastida,Chlorophyta,Chlorophyta_X,NA,NA,NA,NA,NA,Chlorophyta
ASV_3783,0,0,0,0,0,0,0,0,0,0,0,0,0,0,0,3,0,0,0,0,0,0,0,0,0,0,0,0,0,0,0,0,0,0,0,0,0,0,0,0,0,0,0,0,0,Eukaryota,Obazoa,Opisthokonta,Fungi,Chytridiomycota,Zygophlyctidales,Zygophlyctidaceae,Zygophlyctis,Zygophlyctis_asterionellae,Opisthokonta_Chytridiomycota
ASV_3784,0,0,0,0,0,0,0,0,0,0,0,0,0,0,0,3,0,0,0,0,0,0,0,0,0,0,0,0,0,0,0,0,0,0,0,0,0,0,0,0,0,0,0,0,0,Eukaryota,TSAR,Stramenopiles,Gyrista,Chrysophyceae,NA,NA,NA,NA,Stramenopiles
ASV_3785,0,0,0,0,0,0,0,0,0,0,0,0,0,0,0,3,0,0,0,0,0,0,0,0,0,0,0,0,0,0,0,0,0,0,0,0,0,0,0,0,0,0,0,0,0,Eukaryota,TSAR,Stramenopiles,Gyrista,Chrysophyceae,Paraphysomonadales,NA,NA,NA,Stramenopiles
ASV_3786,0,0,0,0,0,0,0,0,0,0,0,0,0,0,0,3,0,0,0,0,0,0,0,0,0,0,0,0,0,0,0,0,0,0,0,0,0,0,0,0,0,0,0,0,0,Eukaryota,Obazoa,Opisthokonta,Metazoa,Gastrotricha,Gastrotricha_X,Gastrotricha_XX,Chaetonotus,Chaetonotus_hystrix,Opisthokonta_Gastrotricha
ASV_3787,0,0,0,0,0,0,0,0,0,0,0,0,0,0,0,3,0,0,0,0,0,0,0,0,0,0,0,0,0,0,0,0,0,0,0,0,0,0,0,0,0,0,0,0,0,Eukaryota,Archaeplastida,Streptophyta,Streptophyta_X,Zygnemophyceae, Zygnemophyceae, ZygnemophyceaeX,Closterium,NA,Streptophyta
ASV_3788,0,0,0,0,0,0,0,0,0,0,0,0,0,0,0,0,3,0,0,0,0,0,0,0,0,0,0,0,0,0,0,0,0,0,0,0,0,0,0,0,0,0,0,0,0,Eukaryota,Obazoa,Opisthokonta,Fungi,Monoblepharomycota,Sanchytriales,Sanchytriaceae,Sanchytrium,Sanchytrium_tribonematis,Opisthokonta_Monoblepharomycota
ASV_3789,0,0,0,0,0,0,0,0,0,0,0,0,0,0,0,0,3,0,0,0,0,0,0,0,0,0,0,0,0,0,0,0,0,0,0,0,0,0,0,0,0,0,0,0,0,Eukaryota,TSAR,Stramenopiles,Bigyra,Bicoecea,Pseudodendromonadales,Pseudodendromonadales_X,NA,NA,Stramenopiles
ASV_3790,0,0,0,0,0,0,0,0,0,0,0,0,0,0,0,0,3,0,0,0,0,0,0,0,0,0,0,0,0,0,0,0,0,0,0,0,0,0,0,0,0,0,0,0,0,Eukaryota,TSAR,Stramenopiles,Gyrista,Chrysophyceae,NA,NA,NA,NA,Stramenopiles
ASV_3791,0,0,0,0,0,0,0,0,0,0,0,0,0,0,0,0,3,0,0,0,0,0,0,0,0,0,0,0,0,0,0,0,0,0,0,0,0,0,0,0,0,0,0,0,0,Eukaryota,TSAR,Stramenopiles,Bigyra,Sagenista,Pseudophyllomitidae,Pseudophyllomitidae_X,Pseudophyllomitus,Pseudophyllomitus_granulatus,Stramenopiles
ASV_3792,0,0,0,0,0,0,0,0,0,0,0,0,0,0,0,0,3,0,0,0,0,0,0,0,0,0,0,0,0,0,0,0,0,0,0,0,0,0,0,0,0,0,0,0,0,Eukaryota,Obazoa,Opisthokonta,Choanoflagellata,Choanoflagellatea,Choanoflagellatea_X,Choanoflagellatea_XX,Salpingoeca,Salpingoeca_macrocollata,Opisthokonta_Choanoflagellatea
ASV_3793,0,0,0,0,0,0,0,0,0,0,0,0,0,0,0,0,3,0,0,0,0,0,0,0,0,0,0,0,0,0,0,0,0,0,0,0,0,0,0,0,0,0,0,0,0,Eukaryota,TSAR,Stramenopiles,Gyrista,Chrysophyceae,Paraphysomonadales,Paraphysomonadaceae,Paraphysomonas,Paraphysomonas_imperforata,Stramenopiles
ASV_3794,0,0,0,0,0,0,0,0,0,0,0,0,0,0,0,0,3,0,0,0,0,0,0,0,0,0,0,0,0,0,0,0,0,0,0,0,0,0,0,0,0,0,0,0,0,Eukaryota,TSAR,Rhizaria,Cercozoa,Endomyxa,Vampyrellida,Vampyrellida_X,Placopus,Placopus_flabellus,Rhizaria
ASV_3795,0,0,0,0,0,0,0,0,0,0,0,0,0,0,0,0,3,0,0,0,0,0,0,0,0,0,0,0,0,0,0,0,0,0,0,0,0,0,0,0,0,0,0,0,0,Eukaryota,TSAR,Stramenopiles,Gyrista,Peronosporomycetes,Peronosporomycetes,Saprolegniales,Aphanomyces,Aphanomyces_invadans,Stramenopiles
ASV_3796,0,0,0,0,0,0,0,0,0,0,0,0,0,0,0,0,3,0,0,0,0,0,0,0,0,0,0,0,0,0,0,0,0,0,0,0,0,0,0,0,0,0,0,0,0,Eukaryota,Archaeplastida,Chlorophyta,Chlorophyta_X,Chlorophyceae,NA,NA,NA,NA,Chlorophyta
ASV_3797,0,0,0,0,0,0,0,0,0,0,0,0,0,0,0,0,3,0,0,0,0,0,0,0,0,0,0,0,0,0,0,0,0,0,0,0,0,0,0,0,0,0,0,0,0,Eukaryota,Obazoa,Opisthokonta,Fungi,Ascomycota,Pezizomycotina,Leotiomycetes,NA,NA,Opisthokonta_Ascomycota
ASV_3798,0,0,0,0,0,0,0,0,0,0,0,0,0,0,0,0,3,0,0,0,0,0,0,0,0,0,0,0,0,0,0,0,0,0,0,0,0,0,0,0,0,0,0,0,0,Eukaryota,TSAR,Stramenopiles,Bigyra,Bicoecea,Pseudodendromonadales,Pseudodendromonadales_X,Adriamonas,Adriamonas_peritocrescens,Stramenopiles
ASV_3799,0,0,0,0,0,0,0,0,0,0,0,0,0,0,0,0,3,0,0,0,0,0,0,0,0,0,0,0,0,0,0,0,0,0,0,0,0,0,0,0,0,0,0,0,0,Eukaryota,NA,NA,NA,NA,NA,NA,NA,NA,NA
ASV_3800,0,0,0,0,0,0,0,0,0,0,0,0,0,0,0,0,3,0,0,0,0,0,0,0,0,0,0,0,0,0,0,0,0,0,0,0,0,0,0,0,0,0,0,0,0,Eukaryota,Obazoa,Opisthokonta,Fungi,NA,NA,NA,NA,NA,Opisthokonta_Unclassified
ASV_3801,0,0,0,0,0,0,0,0,0,0,0,0,0,0,0,0,3,0,0,0,0,0,0,0,0,0,0,0,0,0,0,0,0,0,0,0,0,0,0,0,0,0,0,0,0,Eukaryota,TSAR,Stramenopiles,Gyrista,Chrysophyceae,NA,NA,NA,NA,Stramenopiles
ASV_3802,0,0,0,0,0,0,0,0,0,0,0,0,0,0,0,0,3,0,0,0,0,0,0,0,0,0,0,0,0,0,0,0,0,0,0,0,0,0,0,0,0,0,0,0,0,Eukaryota,Obazoa,Opisthokonta,Fungi,Ascomycota,Pezizomycotina,Sordariomycetes,Verticillium,NA,Opisthokonta_Ascomycota
ASV_3803,0,0,0,0,0,0,0,0,0,0,0,0,0,0,0,0,3,0,0,0,0,0,0,0,0,0,0,0,0,0,0,0,0,0,0,0,0,0,0,0,0,0,0,0,0,Eukaryota,TSAR,Stramenopiles,Gyrista,Peronosporomycetes,Peronosporomycetes,PeronosporomycetesX,Chlamydomyzium,Chlamydomyzium_sp.,Stramenopiles
ASV_3804,0,0,0,0,0,0,0,0,0,0,0,0,0,0,0,0,0,3,0,0,0,0,0,0,0,0,0,0,0,0,0,0,0,0,0,0,0,0,0,0,0,0,0,0,0,Eukaryota,NA,NA,NA,NA,NA,NA,NA,NA,NA
ASV_3805,0,0,0,0,0,0,0,0,0,0,0,0,0,0,0,0,0,3,0,0,0,0,0,0,0,0,0,0,0,0,0,0,0,0,0,0,0,0,0,0,0,0,0,0,0,Eukaryota,Obazoa,Opisthokonta,Fungi,NA,NA,NA,NA,NA,Opisthokonta_Unclassified
ASV_3806,0,0,0,0,0,0,0,0,0,0,0,0,0,0,0,0,0,3,0,0,0,0,0,0,0,0,0,0,0,0,0,0,0,0,0,0,0,0,0,0,0,0,0,0,0,Eukaryota,Cryptista,Cryptophyta,Cryptophyta_X,Cryptophyceae,Cryptomonadales,Cryptomonadales_X,NA,NA,Cryptophyta
ASV_3807,0,0,0,0,0,0,0,0,0,0,0,0,0,0,0,0,0,3,0,0,0,0,0,0,0,0,0,0,0,0,0,0,0,0,0,0,0,0,0,0,0,0,0,0,0,Eukaryota,Obazoa,Opisthokonta,Fungi,Ascomycota,Saccharomycotina,Saccharomycetales,Candida,NA,Opisthokonta_Ascomycota
ASV_3808,0,0,0,0,0,0,0,0,0,0,0,0,0,0,0,0,0,3,0,0,0,0,0,0,0,0,0,0,0,0,0,0,0,0,0,0,0,0,0,0,0,0,0,0,0,Eukaryota,Obazoa,Opisthokonta,Choanoflagellata,Choanoflagellatea,NA,NA,NA,NA,Opisthokonta_Choanoflagellatea
ASV_3809,0,0,0,0,0,0,0,0,0,0,0,0,0,0,0,0,0,3,0,0,0,0,0,0,0,0,0,0,0,0,0,0,0,0,0,0,0,0,0,0,0,0,0,0,0,Eukaryota,TSAR,Stramenopiles,Gyrista,Chrysophyceae,Synurales,Synuraceae,Mallomonas,NA,Stramenopiles
ASV_3810,0,0,0,0,0,0,0,0,0,0,0,0,0,0,0,0,0,0,3,0,0,0,0,0,0,0,0,0,0,0,0,0,0,0,0,0,0,0,0,0,0,0,0,0,0,Eukaryota,Obazoa,Opisthokonta,Fungi,NA,NA,NA,NA,NA,Opisthokonta_Unclassified
ASV_3811,0,0,0,0,0,0,0,0,0,0,0,0,0,0,0,0,0,0,3,0,0,0,0,0,0,0,0,0,0,0,0,0,0,0,0,0,0,0,0,0,0,0,0,0,0,Eukaryota,Archaeplastida,Chlorophyta,Chlorophyta_X,Chlorophyceae,Chlamydomonadales,Chlamydomonadales_X,NA,NA,Chlorophyta
ASV_3812,0,0,0,0,0,0,0,0,0,0,0,0,0,0,0,0,0,0,3,0,0,0,0,0,0,0,0,0,0,0,0,0,0,0,0,0,0,0,0,0,0,0,0,0,0,Eukaryota,Obazoa,Opisthokonta,Fungi,Monoblepharomycota,Sanchytriales,Sanchytriaceae,Sanchytrium,Sanchytrium_tribonematis,Opisthokonta_Monoblepharomycota
ASV_3813,0,0,0,0,0,0,0,0,0,0,0,0,0,0,0,0,0,0,3,0,0,0,0,0,0,0,0,0,0,0,0,0,0,0,0,0,0,0,0,0,0,0,0,0,0,Eukaryota,TSAR,Stramenopiles,Gyrista,Bacillariophyceae,Fragilariales,Fragilariaceae,Fragilaria,NA,Stramenopiles
ASV_3814,0,0,0,0,0,0,0,0,0,0,0,0,0,0,0,0,0,0,3,0,0,0,0,0,0,0,0,0,0,0,0,0,0,0,0,0,0,0,0,0,0,0,0,0,0,Eukaryota,TSAR,Stramenopiles,Gyrista,Chrysophyceae,Ochromonadales,Ochromonadaceae,Poteriospumella,Poteriospumella_sp.,Stramenopiles
ASV_3815,0,0,0,0,0,0,0,0,0,0,0,0,0,0,0,0,0,0,3,0,0,0,0,0,0,0,0,0,0,0,0,0,0,0,0,0,0,0,0,0,0,0,0,0,0,Eukaryota,TSAR,Rhizaria,Cercozoa,Filosa-SarcomoNAdea,Pansomonadida,Pansomonadida_X,Pansomonadida_XX,Pansomonadida_XX_sp.,Rhizaria
ASV_3816,0,0,0,0,0,0,0,0,0,0,0,0,0,0,0,0,0,0,3,0,0,0,0,0,0,0,0,0,0,0,0,0,0,0,0,0,0,0,0,0,0,0,0,0,0,Eukaryota,Archaeplastida,Streptophyta,Streptophyta_X,Zygnemophyceae, Zygnemophyceae, ZygnemophyceaeX,NA,NA,Streptophyta
ASV_3817,0,0,0,0,0,0,0,0,0,0,0,0,0,0,0,0,0,0,3,0,0,0,0,0,0,0,0,0,0,0,0,0,0,0,0,0,0,0,0,0,0,0,0,0,0,Eukaryota,Obazoa,Opisthokonta,Fungi,NA,NA,NA,NA,NA,Opisthokonta_Unclassified
ASV_3818,0,0,0,0,0,0,0,0,0,0,0,0,0,0,0,0,0,0,3,0,0,0,0,0,0,0,0,0,0,0,0,0,0,0,0,0,0,0,0,0,0,0,0,0,0,Eukaryota,TSAR,Stramenopiles,Gyrista,Peronosporomycetes,Peronosporomycetes,Peronosporales,Lagenidium,Lagenidium_giganteum,Stramenopiles
ASV_3819,0,0,0,0,0,0,0,0,0,0,0,0,0,0,0,0,0,0,3,0,0,0,0,0,0,0,0,0,0,0,0,0,0,0,0,0,0,0,0,0,0,0,0,0,0,Eukaryota,Obazoa,Opisthokonta,Fungi,Chytridiomycota,NA,NA,NA,NA,Opisthokonta_Chytridiomycota
ASV_3820,0,0,0,0,0,0,0,0,0,0,0,0,0,0,0,0,0,0,3,0,0,0,0,0,0,0,0,0,0,0,0,0,0,0,0,0,0,0,0,0,0,0,0,0,0,Eukaryota,Obazoa,Opisthokonta,Choanoflagellata,Choanoflagellatea,Craspedida,Monosigidae_Group_A,Codosiga,Codosiga_botrytis,Opisthokonta_Choanoflagellatea
ASV_3821,0,0,0,0,0,0,0,0,0,0,0,0,0,0,0,0,0,0,3,0,0,0,0,0,0,0,0,0,0,0,0,0,0,0,0,0,0,0,0,0,0,0,0,0,0,Eukaryota,Amoebozoa,Evosea,Evosea_X,Variosea,Variosea_X,Filamoebidae,Filamoeba,Filamoeba_nolandi,Evosea
ASV_3822,0,0,0,0,0,0,0,0,0,0,0,0,0,0,0,0,0,0,3,0,0,0,0,0,0,0,0,0,0,0,0,0,0,0,0,0,0,0,0,0,0,0,0,0,0,Eukaryota,Archaeplastida,Chlorophyta,Chlorophyta_X,Trebouxiophyceae,Chlorellales,Chlorellales_X,NA,NA,Chlorophyta
ASV_3823,0,0,0,0,0,0,0,0,0,0,0,0,0,0,0,0,0,0,0,3,0,0,0,0,0,0,0,0,0,0,0,0,0,0,0,0,0,0,0,0,0,0,0,0,0,Eukaryota,TSAR,Stramenopiles,Gyrista,Peronosporomycetes,Peronosporomycetes,Saprolegniales,Saprolegniales_X,Saprolegniales_X_sp.,Stramenopiles
ASV_3824,0,0,0,0,0,0,0,0,0,0,0,0,0,0,0,0,0,0,0,3,0,0,0,0,0,0,0,0,0,0,0,0,0,0,0,0,0,0,0,0,0,0,0,0,0,Eukaryota,Archaeplastida,Chlorophyta,Chlorophyta_X,Chlorophyceae,Chlamydomonadales,Chlamydomonadales_X,NA,NA,Chlorophyta
ASV_3825,0,0,0,0,0,0,0,0,0,0,0,0,0,0,0,0,0,0,0,3,0,0,0,0,0,0,0,0,0,0,0,0,0,0,0,0,0,0,0,0,0,0,0,0,0,Eukaryota,Obazoa,Opisthokonta,Fungi,Chytridiomycota,Zygophlyctidales,Zygophlyctidaceae,Zygophlyctis,NA,Opisthokonta_Chytridiomycota
ASV_3826,0,0,0,0,0,0,0,0,0,0,0,0,0,0,0,0,0,0,0,3,0,0,0,0,0,0,0,0,0,0,0,0,0,0,0,0,0,0,0,0,0,0,0,0,0,Eukaryota,Obazoa,Opisthokonta,Metazoa,Gastrotricha,Gastrotricha_X,Gastrotricha_XX,NA,NA,Opisthokonta_Gastrotricha
ASV_3827,0,0,0,0,0,0,0,0,0,0,0,0,0,0,0,0,0,0,0,3,0,0,0,0,0,0,0,0,0,0,0,0,0,0,0,0,0,0,0,0,0,0,0,0,0,Eukaryota,NA,NA,NA,NA,NA,NA,NA,NA,NA
ASV_3828,0,0,0,0,0,0,0,0,0,0,0,0,0,0,0,0,0,0,0,3,0,0,0,0,0,0,0,0,0,0,0,0,0,0,0,0,0,0,0,0,0,0,0,0,0,Eukaryota,TSAR,NA,NA,NA,NA,NA,NA,NA,NA
ASV_3829,0,0,0,0,0,0,0,0,0,0,0,0,0,0,0,0,0,0,0,0,3,0,0,0,0,0,0,0,0,0,0,0,0,0,0,0,0,0,0,0,0,0,0,0,0,Eukaryota,TSAR,Stramenopiles,Bigyra,Bicoecea,Pseudodendromonadales,Pseudodendromonadales_X,Pseudodendromonadales_XX,Pseudodendromonadales_XX_sp.,Stramenopiles
ASV_3830,0,0,0,0,0,0,0,0,0,0,0,0,0,0,0,0,0,0,0,0,0,3,0,0,0,0,0,0,0,0,0,0,0,0,0,0,0,0,0,0,0,0,0,0,0,Eukaryota,Cryptista,Cryptophyta,Cryptophyta_X,Cryptophyceae,Cryptophyceae_X,Basal_Cryptophyceae-1,Basal_Cryptophyceae-1_X,Basal_Cryptophyceae-1_X_sp.,Cryptophyta
ASV_3831,0,0,0,0,0,0,0,0,0,0,0,0,0,0,0,0,0,0,0,0,0,3,0,0,0,0,0,0,0,0,0,0,0,0,0,0,0,0,0,0,0,0,0,0,0,Eukaryota,Obazoa,Opisthokonta,Fungi,Chytridiomycota,NA,NA,NA,NA,Opisthokonta_Chytridiomycota
ASV_3832,0,0,0,0,0,0,0,0,0,0,0,0,0,0,0,0,0,0,0,0,0,0,3,0,0,0,0,0,0,0,0,0,0,0,0,0,0,0,0,0,0,0,0,0,0,Eukaryota,TSAR,Stramenopiles,Gyrista,Mediophyceae,Thalassiosirales,NA,NA,NA,Stramenopiles
ASV_3833,0,0,0,0,0,0,0,0,0,0,0,0,0,0,0,0,0,0,0,0,0,0,3,0,0,0,0,0,0,0,0,0,0,0,0,0,0,0,0,0,0,0,0,0,0,Eukaryota,Obazoa,Opisthokonta,Fungi,Chytridiomycota,Rhizophydiales,Rhizophydiales_X,Rhizophydiales_XX,Rhizophydiales_XX_sp.,Opisthokonta_Chytridiomycota
ASV_3834,0,0,0,0,0,0,0,0,0,0,0,0,0,0,0,0,0,0,0,0,0,0,3,0,0,0,0,0,0,0,0,0,0,0,0,0,0,0,0,0,0,0,0,0,0,Eukaryota,Archaeplastida,Streptophyta,Streptophyta_X,Zygnemophyceae, Zygnemophyceae, ZygnemophyceaeX,NA,NA,Streptophyta
ASV_3835,0,0,0,0,0,0,0,0,0,0,0,0,0,0,0,0,0,0,0,0,0,0,3,0,0,0,0,0,0,0,0,0,0,0,0,0,0,0,0,0,0,0,0,0,0,Eukaryota,TSAR,Stramenopiles,Gyrista,Peronosporomycetes,Peronosporomycetes,Peronosporales,NA,NA,Stramenopiles
ASV_3836,0,0,0,0,0,0,0,0,0,0,0,0,0,0,0,0,0,0,0,0,0,0,3,0,0,0,0,0,0,0,0,0,0,0,0,0,0,0,0,0,0,0,0,0,0,Eukaryota,Obazoa,Opisthokonta,Choanoflagellata,Choanoflagellatea,Choanoflagellatea_X,Choanoflagellata_XX_Clade-2,Sphaeroeca,Sphaeroeca_volvox,Opisthokonta_Choanoflagellatea
ASV_3837,0,0,0,0,0,0,0,0,0,0,0,0,0,0,0,0,0,0,0,0,0,0,3,0,0,0,0,0,0,0,0,0,0,0,0,0,0,0,0,0,0,0,0,0,0,Eukaryota,TSAR,Stramenopiles,Gyrista,Chrysophyceae,NA,NA,NA,NA,Stramenopiles
ASV_3838,0,0,0,0,0,0,0,0,0,0,0,0,0,0,0,0,0,0,0,0,0,0,3,0,0,0,0,0,0,0,0,0,0,0,0,0,0,0,0,0,0,0,0,0,0,Eukaryota,Obazoa,Opisthokonta,Metazoa,Rotifera,Rotifera_X,Rotifera_XX,NA,NA,Opisthokonta_Rotifera
ASV_3839,0,0,0,0,0,0,0,0,0,0,0,0,0,0,0,0,0,0,0,0,0,0,3,0,0,0,0,0,0,0,0,0,0,0,0,0,0,0,0,0,0,0,0,0,0,Eukaryota,Archaeplastida,Chlorophyta,Chlorophyta_X,Chlorophyceae,Chlamydomonadales,Chlamydomonadales_X,NA,NA,Chlorophyta
ASV_3840,0,0,0,0,0,0,0,0,0,0,0,0,0,0,0,0,0,0,0,0,0,0,3,0,0,0,0,0,0,0,0,0,0,0,0,0,0,0,0,0,0,0,0,0,0,Eukaryota,Archaeplastida,Chlorophyta,Chlorophyta_X,Chlorophyceae,Chlamydomonadales,Chlamydomonadales_X,Chlamydomonas,NA,Chlorophyta
ASV_3841,0,0,0,0,0,0,0,0,0,0,0,0,0,0,0,0,0,0,0,0,0,0,3,0,0,0,0,0,0,0,0,0,0,0,0,0,0,0,0,0,0,0,0,0,0,Eukaryota,Archaeplastida,Chlorophyta,Chlorophyta_X,Trebouxiophyceae,Trebouxiophyceae_X,Trebouxiophyceae_XX,Botryococcus,Botryococcus_terribilis,Chlorophyta
ASV_3842,0,0,0,0,0,0,0,0,0,0,0,0,0,0,0,0,0,0,0,0,0,0,3,0,0,0,0,0,0,0,0,0,0,0,0,0,0,0,0,0,0,0,0,0,0,Eukaryota,Archaeplastida,Streptophyta,Streptophyta_X,Zygnemophyceae, Zygnemophyceae, ZygnemophyceaeX,Staurastrum,NA,Streptophyta
ASV_3843,0,0,0,0,0,0,0,0,0,0,0,0,0,0,0,0,0,0,0,0,0,0,3,0,0,0,0,0,0,0,0,0,0,0,0,0,0,0,0,0,0,0,0,0,0,Eukaryota,TSAR,Rhizaria,NA,NA,NA,NA,NA,NA,Rhizaria
ASV_3844,0,0,0,0,0,0,0,0,0,0,0,0,0,0,0,0,0,0,0,0,0,0,3,0,0,0,0,0,0,0,0,0,0,0,0,0,0,0,0,0,0,0,0,0,0,Eukaryota,Obazoa,Opisthokonta,Fungi,Ascomycota,Pezizomycotina,Dothideomycetes,NA,NA,Opisthokonta_Ascomycota
ASV_3845,0,0,0,0,0,0,0,0,0,0,0,0,0,0,0,0,0,0,0,0,0,0,3,0,0,0,0,0,0,0,0,0,0,0,0,0,0,0,0,0,0,0,0,0,0,Eukaryota,Obazoa,Opisthokonta,Fungi,Opisthosporidia,Microsporida,Microsporida_X,Paramicrosporidium,Paramicrosporidium_saccamoebae,Opisthokonta_Opisthosporidia
ASV_3846,0,0,0,0,0,0,0,0,0,0,0,0,0,0,0,0,0,0,0,0,0,0,3,0,0,0,0,0,0,0,0,0,0,0,0,0,0,0,0,0,0,0,0,0,0,Eukaryota,Archaeplastida,Streptophyta,Streptophyta_X,Zygnemophyceae, Zygnemophyceae, ZygnemophyceaeX,NA,NA,Streptophyta
ASV_3847,0,0,0,0,0,0,0,0,0,0,0,0,0,0,0,0,0,0,0,0,0,0,0,3,0,0,0,0,0,0,0,0,0,0,0,0,0,0,0,0,0,0,0,0,0,Eukaryota,Archaeplastida,Chlorophyta,Chlorophyta_X,Chlorophyceae,Chlamydomonadales,Chlamydomonadales_X,Vitreochlamys,Vitreochlamys_fluviatilis,Chlorophyta
ASV_3848,0,0,0,0,0,0,0,0,0,0,0,0,0,0,0,0,0,0,0,0,0,0,0,3,0,0,0,0,0,0,0,0,0,0,0,0,0,0,0,0,0,0,0,0,0,Eukaryota,Obazoa,Opisthokonta,Fungi,Ascomycota,Pezizomycotina,Dothideomycetes,Paraconiothyrium,Paraconiothyrium_sporulosum,Opisthokonta_Ascomycota
ASV_3849,0,0,0,0,0,0,0,0,0,0,0,0,0,0,0,0,0,0,0,0,0,0,0,3,0,0,0,0,0,0,0,0,0,0,0,0,0,0,0,0,0,0,0,0,0,Eukaryota,Cryptista,Kathablepharidacea,Kathablepharida,Kathablepharidea,Kathablepharidida,Kathablepharidida_X,NA,NA,Kathablepharidacea
ASV_3850,0,0,0,0,0,0,0,0,0,0,0,0,0,0,0,0,0,0,0,0,0,0,0,0,3,0,0,0,0,0,0,0,0,0,0,0,0,0,0,0,0,0,0,0,0,Eukaryota,TSAR,Stramenopiles,Bigyra,Bicoecea,Pseudodendromonadales,Pseudodendromonadales_X,Adriamonas,Adriamonas_peritocrescens,Stramenopiles
ASV_3851,0,0,0,0,0,0,0,0,0,0,0,0,0,0,0,0,0,0,0,0,0,0,0,0,3,0,0,0,0,0,0,0,0,0,0,0,0,0,0,0,0,0,0,0,0,Eukaryota,Obazoa,Opisthokonta,Metazoa,Arthropoda,Hexapoda,Insecta,Aaroniella,Aaroniella_sp.,Opisthokonta_Arthropoda
ASV_3852,0,0,0,0,0,0,0,0,0,0,0,0,0,0,0,0,0,0,0,0,0,0,0,0,3,0,0,0,0,0,0,0,0,0,0,0,0,0,0,0,0,0,0,0,0,Eukaryota,Obazoa,Opisthokonta,Fungi,Basidiomycota,Agaricomycotina,Agaricomycetes,NA,NA,Opisthokonta_Basidiomycota
ASV_3853,0,0,0,0,0,0,0,0,0,0,0,0,0,0,0,0,0,0,0,0,0,0,0,0,3,0,0,0,0,0,0,0,0,0,0,0,0,0,0,0,0,0,0,0,0,Eukaryota,Archaeplastida,Chlorophyta,Chlorophyta_X,Chlorophyceae,Sphaeropleales,NA,NA,NA,Chlorophyta
ASV_3854,0,0,0,0,0,0,0,0,0,0,0,0,0,0,0,0,0,0,0,0,0,0,0,0,3,0,0,0,0,0,0,0,0,0,0,0,0,0,0,0,0,0,0,0,0,Eukaryota,TSAR,Stramenopiles,Bigyra,Opalozoa,Opalozoa_X,MAST-12,MAST-12C,MAST-12C_sp.,Stramenopiles
ASV_3855,0,0,0,0,0,0,0,0,0,0,0,0,0,0,0,0,0,0,0,0,0,0,0,0,3,0,0,0,0,0,0,0,0,0,0,0,0,0,0,0,0,0,0,0,0,Eukaryota,Archaeplastida,NA,NA,NA,NA,NA,NA,NA,NA
ASV_3856,0,0,0,0,0,0,0,0,0,0,0,0,0,0,0,0,0,0,0,0,0,0,0,0,3,0,0,0,0,0,0,0,0,0,0,0,0,0,0,0,0,0,0,0,0,Eukaryota,Cryptista,Cryptophyta,Cryptophyta_X,Cryptophyceae,Cryptomonadales,Cryptomonadales_X,Cryptomonas,NA,Cryptophyta
ASV_3857,0,0,0,0,0,0,0,0,0,0,0,0,0,0,0,0,0,0,0,0,0,0,0,0,3,0,0,0,0,0,0,0,0,0,0,0,0,0,0,0,0,0,0,0,0,Eukaryota,TSAR,Stramenopiles,Gyrista,Dictyochophyceae,Dictyochophyceae_X,Pedinellales,Pseudopedinella,Pseudopedinella_elastica,Stramenopiles
ASV_3858,0,0,0,0,0,0,0,0,0,0,0,0,0,0,0,0,0,0,0,0,0,0,0,0,3,0,0,0,0,0,0,0,0,0,0,0,0,0,0,0,0,0,0,0,0,Eukaryota,TSAR,Stramenopiles,Bigyra,Opalozoa,Opalozoa_X,MAST-12,MAST-12C,MAST-12C_sp.,Stramenopiles
ASV_3859,0,0,0,0,0,0,0,0,0,0,0,0,0,0,0,0,0,0,0,0,0,0,0,0,3,0,0,0,0,0,0,0,0,0,0,0,0,0,0,0,0,0,0,0,0,Eukaryota,Obazoa,Opisthokonta,Fungi,Chytridiomycota,Rhizophydiales,NA,NA,NA,Opisthokonta_Chytridiomycota
ASV_3860,0,0,0,0,0,0,0,0,0,0,0,0,0,0,0,0,0,0,0,0,0,0,0,0,3,0,0,0,0,0,0,0,0,0,0,0,0,0,0,0,0,0,0,0,0,Eukaryota,Obazoa,Opisthokonta,Fungi,Ascomycota,Pezizomycotina,Dothideomycetes,NA,NA,Opisthokonta_Ascomycota
ASV_3861,0,0,0,0,0,0,0,0,0,0,0,0,0,0,0,0,0,0,0,0,0,0,0,0,0,3,0,0,0,0,0,0,0,0,0,0,0,0,0,0,0,0,0,0,0,Eukaryota,Obazoa,Opisthokonta,Fungi,Basidiomycota,Agaricomycotina,Agaricomycetes,NA,NA,Opisthokonta_Basidiomycota
ASV_3862,0,0,0,0,0,0,0,0,0,0,0,0,0,0,0,0,0,0,0,0,0,0,0,0,0,3,0,0,0,0,0,0,0,0,0,0,0,0,0,0,0,0,0,0,0,Eukaryota,Obazoa,Opisthokonta,Fungi,Chytridiomycota,Rhizophydiales,NA,NA,NA,Opisthokonta_Chytridiomycota
ASV_3863,0,0,0,0,0,0,0,0,0,0,0,0,0,0,0,0,0,0,0,0,0,0,0,0,0,3,0,0,0,0,0,0,0,0,0,0,0,0,0,0,0,0,0,0,0,Eukaryota,Obazoa,Opisthokonta,Fungi,NA,NA,NA,NA,NA,Opisthokonta_Unclassified
ASV_3864,0,0,0,0,0,0,0,0,0,0,0,0,0,0,0,0,0,0,0,0,0,0,0,0,0,3,0,0,0,0,0,0,0,0,0,0,0,0,0,0,0,0,0,0,0,Eukaryota,Obazoa,Opisthokonta,Fungi,Chytridiomycota,Zygophlyctidales,Zygophlyctidaceae,Zygophlyctis,Zygophlyctis_asterionellae,Opisthokonta_Chytridiomycota
ASV_3865,0,0,0,0,0,0,0,0,0,0,0,0,0,0,0,0,0,0,0,0,0,0,0,0,0,3,0,0,0,0,0,0,0,0,0,0,0,0,0,0,0,0,0,0,0,Eukaryota,TSAR,Stramenopiles,Bigyra,Bicoecea,Pseudodendromonadales,Pseudodendromonadales_X,Pseudodendromonadales_XX,Pseudodendromonadales_XX_sp.,Stramenopiles
ASV_3866,0,0,0,0,0,0,0,0,0,0,0,0,0,0,0,0,0,0,0,0,0,0,0,0,0,0,0,0,3,0,0,0,0,0,0,0,0,0,0,0,0,0,0,0,0,Eukaryota,Obazoa,Opisthokonta,Metazoa,Arthropoda,Crustacea,Maxillopoda,NA,NA,Opisthokonta_Arthropoda
ASV_3867,0,0,0,0,0,0,0,0,0,0,0,0,0,0,0,0,0,0,0,0,0,0,0,0,0,0,0,0,3,0,0,0,0,0,0,0,0,0,0,0,0,0,0,0,0,Eukaryota,Obazoa,Opisthokonta,Fungi,Chytridiomycota,Rhizophydiales,Alphamycetaceae,Alphamyces,Alphamyces_chaetifer,Opisthokonta_Chytridiomycota
ASV_3868,0,0,0,0,0,0,0,0,0,0,0,0,0,0,0,0,0,0,0,0,0,0,0,0,0,0,0,0,0,3,0,0,0,0,0,0,0,0,0,0,0,0,0,0,0,Eukaryota,TSAR,Rhizaria,Cercozoa,NA,NA,NA,NA,NA,Rhizaria
ASV_3869,0,0,0,0,0,0,0,0,0,0,0,0,0,0,0,0,0,0,0,0,0,0,0,0,0,0,0,0,0,3,0,0,0,0,0,0,0,0,0,0,0,0,0,0,0,Eukaryota,NA,NA,NA,NA,NA,NA,NA,NA,NA
ASV_3870,0,0,0,0,0,0,0,0,0,0,0,0,0,0,0,0,0,0,0,0,0,0,0,0,0,0,0,0,0,3,0,0,0,0,0,0,0,0,0,0,0,0,0,0,0,Eukaryota,Archaeplastida,Chlorophyta,Chlorophyta_X,Chlorophyceae,Sphaeropleales,Sphaeropleales_X,NA,NA,Chlorophyta
ASV_3871,0,0,0,0,0,0,0,0,0,0,0,0,0,0,0,0,0,0,0,0,0,0,0,0,0,0,0,0,0,3,0,0,0,0,0,0,0,0,0,0,0,0,0,0,0,Eukaryota,Cryptista,Cryptophyta,Cryptophyta_X,Cryptophyceae,Cryptomonadales,Cryptomonadales_X,Cryptomonas,NA,Cryptophyta
ASV_3872,0,0,0,0,0,0,0,0,0,0,0,0,0,0,0,0,0,0,0,0,0,0,0,0,0,0,0,0,0,0,3,0,0,0,0,0,0,0,0,0,0,0,0,0,0,Eukaryota,TSAR,NA,NA,NA,NA,NA,NA,NA,NA
ASV_3873,0,0,0,0,0,0,0,0,0,0,0,0,0,0,0,0,0,0,0,0,0,0,0,0,0,0,0,0,0,0,3,0,0,0,0,0,0,0,0,0,0,0,0,0,0,Eukaryota,Archaeplastida,NA,NA,NA,NA,NA,NA,NA,NA
ASV_3874,0,0,0,0,0,0,0,0,0,0,0,0,0,0,0,0,0,0,0,0,0,0,0,0,0,0,0,0,0,0,3,0,0,0,0,0,0,0,0,0,0,0,0,0,0,Eukaryota,Archaeplastida,Chlorophyta,Chlorophyta_X,Chlorophyceae,Sphaeropleales,NA,NA,NA,Chlorophyta
ASV_3875,0,0,0,0,0,0,0,0,0,0,0,0,0,0,0,0,0,0,0,0,0,0,0,0,0,0,0,0,0,0,3,0,0,0,0,0,0,0,0,0,0,0,0,0,0,Eukaryota,Archaeplastida,Chlorophyta,Chlorophyta_X,Chlorophyceae,Chlamydomonadales,Chlamydomonadales_X,NA,NA,Chlorophyta
ASV_3876,0,0,0,0,0,0,0,0,0,0,0,0,0,0,0,0,0,0,0,0,0,0,0,0,0,0,0,0,0,0,0,3,0,0,0,0,0,0,0,0,0,0,0,0,0,Eukaryota,TSAR,Rhizaria,Cercozoa,Filosa-Thecofilosea,Cryomonadida,Rhogostoma-lineage,Rhogostoma,NA,Rhizaria
ASV_3877,0,0,0,0,0,0,0,0,0,0,0,0,0,0,0,0,0,0,0,0,0,0,0,0,0,0,0,0,0,0,0,0,3,0,0,0,0,0,0,0,0,0,0,0,0,Eukaryota,TSAR,Stramenopiles,Bigyra,Bicoecea,Bicoecales,Bicoecaceae,Bicoecaceae_X,Bicoecaceae_X_sp.,Stramenopiles
ASV_3878,0,0,0,0,0,0,0,0,0,0,0,0,0,0,0,0,0,0,0,0,0,0,0,0,0,0,0,0,0,0,0,0,3,0,0,0,0,0,0,0,0,0,0,0,0,Eukaryota,TSAR,Rhizaria,Cercozoa,Novel-clade-10-12,Tremulida,Tremulidae,Tremula,Tremula_longifila,Rhizaria
ASV_3879,0,0,0,0,0,0,0,0,0,0,0,0,0,0,0,0,0,0,0,0,0,0,0,0,0,0,0,0,0,0,0,0,3,0,0,0,0,0,0,0,0,0,0,0,0,Eukaryota,Cryptista,Cryptophyta,Cryptophyta_X,Cryptophyceae,Cryptophyceae_X,Basal_Cryptophyceae-1,Basal_Cryptophyceae-1_X,Basal_Cryptophyceae-1_X_sp.,Cryptophyta
ASV_3880,0,0,0,0,0,0,0,0,0,0,0,0,0,0,0,0,0,0,0,0,0,0,0,0,0,0,0,0,0,0,0,0,0,3,0,0,0,0,0,0,0,0,0,0,0,Eukaryota,TSAR,Rhizaria,Cercozoa,Filosa-Imbricatea,Spongomonadida,Spongomonadidae,Spongomonas,Spongomonas_sp.,Rhizaria
ASV_3881,0,0,0,0,0,0,0,0,0,0,0,0,0,0,0,0,0,0,0,0,0,0,0,0,0,0,0,0,0,0,0,0,0,3,0,0,0,0,0,0,0,0,0,0,0,Eukaryota,Obazoa,Opisthokonta,NA,NA,NA,NA,NA,NA,Opisthokonta_Unclassified
ASV_3882,0,0,0,0,0,0,0,0,0,0,0,0,0,0,0,0,0,0,0,0,0,0,0,0,0,0,0,0,0,0,0,0,0,3,0,0,0,0,0,0,0,0,0,0,0,Eukaryota,TSAR,Stramenopiles,Gyrista,Peronosporomycetes,Peronosporomycetes,NA,NA,NA,Stramenopiles
ASV_3883,0,0,0,0,0,0,0,0,0,0,0,0,0,0,0,0,0,0,0,0,0,0,0,0,0,0,0,0,0,0,0,0,0,3,0,0,0,0,0,0,0,0,0,0,0,Eukaryota,Obazoa,Opisthokonta,Metazoa,Gastrotricha,Gastrotricha_X,Gastrotricha_XX,NA,NA,Opisthokonta_Gastrotricha
ASV_3884,0,0,0,0,0,0,0,0,0,0,0,0,0,0,0,0,0,0,0,0,0,0,0,0,0,0,0,0,0,0,0,0,0,3,0,0,0,0,0,0,0,0,0,0,0,Eukaryota,Haptista,Centroplasthelida,Centroplasthelida_X,Pterocystida,Pterista,Pterocystidae,Pterocystis,Pterocystis_sp.,Centroplasthelida
ASV_3885,0,0,0,0,0,0,0,0,0,0,0,0,0,0,0,0,0,0,0,0,0,0,0,0,0,0,0,0,0,0,0,0,0,3,0,0,0,0,0,0,0,0,0,0,0,Eukaryota,Obazoa,Opisthokonta,Metazoa,Gastrotricha,Gastrotricha_X,Gastrotricha_XX,NA,NA,Opisthokonta_Gastrotricha
ASV_3886,0,0,0,0,0,0,0,0,0,0,0,0,0,0,0,0,0,0,0,0,0,0,0,0,0,0,0,0,0,0,0,0,0,3,0,0,0,0,0,0,0,0,0,0,0,Eukaryota,TSAR,Stramenopiles,Gyrista,Chrysophyceae,Chrysophyceae_env_clade-I,Chrysophyceae_env_clade-I_X,Chrysophyceae_env_clade-I_XX,Chrysophyceae_env_clade-I_XX_sp.,Stramenopiles
ASV_3887,0,0,0,0,0,0,0,0,0,0,0,0,0,0,0,0,0,0,0,0,0,0,0,0,0,0,0,0,0,0,0,0,0,3,0,0,0,0,0,0,0,0,0,0,0,Eukaryota,Obazoa,Opisthokonta,NA,NA,NA,NA,NA,NA,Opisthokonta_Unclassified
ASV_3888,0,0,0,0,0,0,0,0,0,0,0,0,0,0,0,0,0,0,0,0,0,0,0,0,0,0,0,0,0,0,0,0,0,3,0,0,0,0,0,0,0,0,0,0,0,Eukaryota,TSAR,Rhizaria,NA,NA,NA,NA,NA,NA,Rhizaria
ASV_3889,0,0,0,0,0,0,0,0,0,0,0,0,0,0,0,0,0,0,0,0,0,0,0,0,0,0,0,0,0,0,0,0,0,0,3,0,0,0,0,0,0,0,0,0,0,Eukaryota,Obazoa,Opisthokonta,Metazoa,Arthropoda,Crustacea,Branchiopoda,Bosmina,Bosmina_longirostris,Opisthokonta_Arthropoda
ASV_3890,0,0,0,0,0,0,0,0,0,0,0,0,0,0,0,0,0,0,0,0,0,0,0,0,0,0,0,0,0,0,0,0,0,0,3,0,0,0,0,0,0,0,0,0,0,Eukaryota,Obazoa,Opisthokonta,Fungi,Rozellomycota,Rozellomycota_X,Rozellomycota_XX,Rozella,Rozella_multimorpha,Opisthokonta_Rozellomycota
ASV_3891,0,0,0,0,0,0,0,0,0,0,0,0,0,0,0,0,0,0,0,0,0,0,0,0,0,0,0,0,0,0,0,0,0,0,0,3,0,0,0,0,0,0,0,0,0,Eukaryota,Obazoa,Opisthokonta,Metazoa,Arthropoda,Crustacea,Ostracoda,Cypridopsis,NA,Opisthokonta_Arthropoda
ASV_3892,0,0,0,0,0,0,0,0,0,0,0,0,0,0,0,0,0,0,0,0,0,0,0,0,0,0,0,0,0,0,0,0,0,0,0,3,0,0,0,0,0,0,0,0,0,Eukaryota,Obazoa,Opisthokonta,Metazoa,Arthropoda,Crustacea,Ostracoda,Cypridopsis,Cypridopsis_japonica,Opisthokonta_Arthropoda
ASV_3893,0,0,0,0,0,0,0,0,0,0,0,0,0,0,0,0,0,0,0,0,0,0,0,0,0,0,0,0,0,0,0,0,0,0,0,3,0,0,0,0,0,0,0,0,0,Eukaryota,Archaeplastida,Chlorophyta,Chlorophyta_X,Chlorophyceae,NA,NA,NA,NA,Chlorophyta
ASV_3894,0,0,0,0,0,0,0,0,0,0,0,0,0,0,0,0,0,0,0,0,0,0,0,0,0,0,0,0,0,0,0,0,0,0,0,3,0,0,0,0,0,0,0,0,0,Eukaryota,Cryptista,Cryptophyta,Cryptophyta_X,Cryptophyceae,Cryptomonadales,Cryptomonadales_X,Chilomonas,Chilomonas_sp.,Cryptophyta
ASV_3895,0,0,0,0,0,0,0,0,0,0,0,0,0,0,0,0,0,0,0,0,0,0,0,0,0,0,0,0,0,0,0,0,0,0,0,3,0,0,0,0,0,0,0,0,0,Eukaryota,Archaeplastida,Chlorophyta,Chlorophyta_X,Mamiellophyceae,Monomastigales,Monomastigaceae,Monomastix,Monomastix_minuta,Chlorophyta
ASV_3896,0,0,0,0,0,0,0,0,0,0,0,0,0,0,0,0,0,0,0,0,0,0,0,0,0,0,0,0,0,0,0,0,0,0,0,0,3,0,0,0,0,0,0,0,0,Eukaryota,NA,NA,NA,NA,NA,NA,NA,NA,NA
ASV_3897,0,0,0,0,0,0,0,0,0,0,0,0,0,0,0,0,0,0,0,0,0,0,0,0,0,0,0,0,0,0,0,0,0,0,0,0,3,0,0,0,0,0,0,0,0,Eukaryota,TSAR,Stramenopiles,Bigyra,Bicoecea,Pseudodendromonadales,Pseudodendromonadales_X,Adriamonas,Adriamonas_peritocrescens,Stramenopiles
ASV_3898,0,0,0,0,0,0,0,0,0,0,0,0,0,0,0,0,0,0,0,0,0,0,0,0,0,0,0,0,0,0,0,0,0,0,0,0,3,0,0,0,0,0,0,0,0,Eukaryota,TSAR,Rhizaria,NA,NA,NA,NA,NA,NA,Rhizaria
ASV_3899,0,0,0,0,0,0,0,0,0,0,0,0,0,0,0,0,0,0,0,0,0,0,0,0,0,0,0,0,0,0,0,0,0,0,0,0,0,3,0,0,0,0,0,0,0,Eukaryota,Cryptista,Cryptophyta,Cryptophyta_X,Cryptophyceae,Goniomonadales,Goniomonadales_X,Goniomonas,Goniomonas_truncata,Cryptophyta
ASV_3900,0,0,0,0,0,0,0,0,0,0,0,0,0,0,0,0,0,0,0,0,0,0,0,0,0,0,0,0,0,0,0,0,0,0,0,0,0,3,0,0,0,0,0,0,0,Eukaryota,Obazoa,Opisthokonta,Metazoa,Craniata,Craniata_X,Testudines,Chrysemys,Chrysemys_sp.,Opisthokonta_Craniata
ASV_3901,0,0,0,0,0,0,0,0,0,0,0,0,0,0,0,0,0,0,0,0,0,0,0,0,0,0,0,0,0,0,0,0,0,0,0,0,0,3,0,0,0,0,0,0,0,Eukaryota,Obazoa,Opisthokonta,Choanoflagellata,Choanoflagellatea,Craspedida,Monosigidae_Group_A,Codosiga,Codosiga_sp.,Opisthokonta_Choanoflagellatea
ASV_3902,0,0,0,0,0,0,0,0,0,0,0,0,0,0,0,0,0,0,0,0,0,0,0,0,0,0,0,0,0,0,0,0,0,0,0,0,0,3,0,0,0,0,0,0,0,Eukaryota,Obazoa,Opisthokonta,Fungi,Chytridiomycota,Zygophlyctidales,Zygophlyctidaceae,Zygophlyctis,Zygophlyctis_melosirae,Opisthokonta_Chytridiomycota
ASV_3903,0,0,0,0,0,0,0,0,0,0,0,0,0,0,0,0,0,0,0,0,0,0,0,0,0,0,0,0,0,0,0,0,0,0,0,0,0,0,3,0,0,0,0,0,0,Eukaryota,Obazoa,Opisthokonta,Metazoa,Arthropoda,Crustacea,Ostracoda,Cypridopsis,Cypridopsis_japonica,Opisthokonta_Arthropoda
ASV_3904,0,0,0,0,0,0,0,0,0,0,0,0,0,0,0,0,0,0,0,0,0,0,0,0,0,0,0,0,0,0,0,0,0,0,0,0,0,0,3,0,0,0,0,0,0,Eukaryota,Obazoa,Opisthokonta,Fungi,Monoblepharomycota,Sanchytriales,Sanchytriaceae,Sanchytrium,Sanchytrium_tribonematis,Opisthokonta_Monoblepharomycota
ASV_3905,0,0,0,0,0,0,0,0,0,0,0,0,0,0,0,0,0,0,0,0,0,0,0,0,0,0,0,0,0,0,0,0,0,0,0,0,0,0,0,3,0,0,0,0,0,Eukaryota,TSAR,Rhizaria,Cercozoa,Filosa-Granofilosea,Filosa-Granofilosea_X,Novel-Gran-234,Novel-Gran-234_X,Novel-Gran-234_X_sp.,Rhizaria
ASV_3906,0,0,0,0,0,0,0,0,0,0,0,0,0,0,0,0,0,0,0,0,0,0,0,0,0,0,0,0,0,0,0,0,0,0,0,0,0,0,0,3,0,0,0,0,0,Eukaryota,TSAR,Stramenopiles,NA,NA,NA,NA,NA,NA,Stramenopiles
ASV_3907,0,0,0,0,0,0,0,0,0,0,0,0,0,0,0,0,0,0,0,0,0,0,0,0,0,0,0,0,0,0,0,0,0,0,0,0,0,0,0,0,3,0,0,0,0,Eukaryota,TSAR,Stramenopiles,Gyrista,Eustigmatophyceae,Eustigmatophyceae_X,Eustigmatophyceae_XX,Goniochloris,Goniochloris_sculpta,Stramenopiles
ASV_3908,0,0,0,0,0,0,0,0,0,0,0,0,0,0,0,0,0,0,0,0,0,0,0,0,0,0,0,0,0,0,0,0,0,0,0,0,0,0,0,0,3,0,0,0,0,Eukaryota,Obazoa,Opisthokonta,Fungi,NA,NA,NA,NA,NA,Opisthokonta_Unclassified
ASV_3909,0,0,0,0,0,0,0,0,0,0,0,0,0,0,0,0,0,0,0,0,0,0,0,0,0,0,0,0,0,0,0,0,0,0,0,0,0,0,0,0,3,0,0,0,0,Eukaryota,Obazoa,Opisthokonta,Fungi,Ascomycota,Pezizomycotina,NA,NA,NA,Opisthokonta_Ascomycota
ASV_3910,0,0,0,0,0,0,0,0,0,0,0,0,0,0,0,0,0,0,0,0,0,0,0,0,0,0,0,0,0,0,0,0,0,0,0,0,0,0,0,0,0,3,0,0,0,Eukaryota,Obazoa,Opisthokonta,Metazoa,Annelida,Annelida_X,Annelida_XX,NA,NA,Opisthokonta_Annelida
ASV_3911,0,0,0,0,0,0,0,0,0,0,0,0,0,0,0,0,0,0,0,0,0,0,0,0,0,0,0,0,0,0,0,0,0,0,0,0,0,0,0,0,0,3,0,0,0,Eukaryota,Obazoa,Opisthokonta,Fungi,Ascomycota,Pezizomycotina,Sordariomycetes,Microascus,Microascus_manginii,Opisthokonta_Ascomycota
ASV_3912,0,0,0,0,0,0,0,0,0,0,0,0,0,0,0,0,0,0,0,0,0,0,0,0,0,0,0,0,0,0,0,0,0,0,0,0,0,0,0,0,0,3,0,0,0,Eukaryota,Archaeplastida,Streptophyta,Streptophyta_X,Zygnemophyceae, Zygnemophyceae, ZygnemophyceaeX,Staurastrum,NA,Streptophyta
ASV_3913,0,0,0,0,0,0,0,0,0,0,0,0,0,0,0,0,0,0,0,0,0,0,0,0,0,0,0,0,0,0,0,0,0,0,0,0,0,0,0,0,0,3,0,0,0,Eukaryota,Archaeplastida,Chlorophyta,Chlorophyta_X,NA,NA,NA,NA,NA,Chlorophyta
ASV_3914,0,0,0,0,0,0,0,0,0,0,0,0,0,0,0,0,0,0,0,0,0,0,0,0,0,0,0,0,0,0,0,0,0,0,0,0,0,0,0,0,0,0,3,0,0,Eukaryota,TSAR,Rhizaria,Cercozoa,Filosa-SarcomoNAdea,Glissomonadida,Sandonidae,Sandona,Sandona_aporians,Rhizaria
ASV_3915,0,0,0,0,0,0,0,0,0,0,0,0,0,0,0,0,0,0,0,0,0,0,0,0,0,0,0,0,0,0,0,0,0,0,0,0,0,0,0,0,0,0,3,0,0,Eukaryota,TSAR,Stramenopiles,Gyrista,Eustigmatophyceae,Eustigmatophyceae_X,Eustigmatophyceae_XX,Goniochloris,Goniochloris_tripus,Stramenopiles
ASV_3916,0,0,0,0,0,0,0,0,0,0,0,0,0,0,0,0,0,0,0,0,0,0,0,0,0,0,0,0,0,0,0,0,0,0,0,0,0,0,0,0,0,0,3,0,0,Eukaryota,Obazoa,Opisthokonta,Metazoa,Arthropoda,Crustacea,Maxillopoda,Eudiaptomus,Eudiaptomus_graciloides,Opisthokonta_Arthropoda
ASV_3917,0,0,0,0,0,0,0,0,0,0,0,0,0,0,0,0,0,0,0,0,0,0,0,0,0,0,0,0,0,0,0,0,0,0,0,0,0,0,0,0,0,0,3,0,0,Eukaryota,NA,NA,NA,NA,NA,NA,NA,NA,NA
ASV_3918,0,0,0,0,0,0,0,0,0,0,0,0,0,0,0,0,0,0,0,0,0,0,0,0,0,0,0,0,0,0,0,0,0,0,0,0,0,0,0,0,0,0,3,0,0,Eukaryota,TSAR,Stramenopiles,Gyrista,Dictyochophyceae,Dictyochophyceae_X,Pedinellales,NA,NA,Stramenopiles
ASV_3919,0,0,0,0,0,0,0,0,0,0,0,0,0,0,0,0,0,0,0,0,0,0,0,0,0,0,0,0,0,0,0,0,0,0,0,0,0,0,0,0,0,0,0,3,0,Eukaryota,TSAR,Alveolata,Chrompodellids,Colpodellidea,Colpodellida,Alphamonaceae,Alphamonas,Alphamonas_sp.,Alveolata
ASV_3920,0,0,0,0,0,0,0,0,0,0,0,0,0,0,0,0,0,0,0,0,0,0,0,0,0,0,0,0,0,0,0,0,0,0,0,0,0,0,0,0,0,0,0,3,0,Eukaryota,TSAR,Stramenopiles,Bigyra,Bicoecea,Bicoecales,Bicoecaceae,Bicosoeca,Bicosoeca_petiolata,Stramenopiles
ASV_3921,0,0,0,0,0,0,0,0,0,0,0,0,0,0,0,0,0,0,0,0,0,0,0,0,0,0,0,0,0,0,0,0,0,0,0,0,0,0,0,0,0,0,0,0,3,Eukaryota,Obazoa,Opisthokonta,Metazoa,Arthropoda,Crustacea,Maxillopoda,Skistodiaptomus,NA,Opisthokonta_Arthropoda
ASV_3922,2,0,0,0,0,0,0,0,0,0,0,0,0,0,0,0,0,0,0,0,0,0,0,0,0,0,0,0,0,0,0,0,0,0,0,0,0,0,0,0,0,0,0,0,0,Eukaryota,Archaeplastida,Chlorophyta,Chlorophyta_X,Trebouxiophyceae,Trebouxiophyceae_X,Trebouxiophyceae_XX,Botryococcus,Botryococcus_terribilis,Chlorophyta
ASV_3923,2,0,0,0,0,0,0,0,0,0,0,0,0,0,0,0,0,0,0,0,0,0,0,0,0,0,0,0,0,0,0,0,0,0,0,0,0,0,0,0,0,0,0,0,0,Eukaryota,Obazoa,Opisthokonta,Metazoa,Arthropoda,Crustacea,Maxillopoda,NA,NA,Opisthokonta_Arthropoda
ASV_3924,2,0,0,0,0,0,0,0,0,0,0,0,0,0,0,0,0,0,0,0,0,0,0,0,0,0,0,0,0,0,0,0,0,0,0,0,0,0,0,0,0,0,0,0,0,Eukaryota,TSAR,Stramenopiles,Gyrista,Peronosporomycetes,Peronosporomycetes,Peronosporales,Pythium,NA,Stramenopiles
ASV_3925,2,0,0,0,0,0,0,0,0,0,0,0,0,0,0,0,0,0,0,0,0,0,0,0,0,0,0,0,0,0,0,0,0,0,0,0,0,0,0,0,0,0,0,0,0,Eukaryota,Obazoa,Opisthokonta,Metazoa,Arthropoda,Crustacea,Maxillopoda,NA,NA,Opisthokonta_Arthropoda
ASV_3926,0,2,0,0,0,0,0,0,0,0,0,0,0,0,0,0,0,0,0,0,0,0,0,0,0,0,0,0,0,0,0,0,0,0,0,0,0,0,0,0,0,0,0,0,0,Eukaryota,Obazoa,Opisthokonta,Metazoa,Gastrotricha,Gastrotricha_X,Gastrotricha_XX,Halichaetonotus,Halichaetonotus_schromi,Opisthokonta_Gastrotricha
ASV_3927,0,2,0,0,0,0,0,0,0,0,0,0,0,0,0,0,0,0,0,0,0,0,0,0,0,0,0,0,0,0,0,0,0,0,0,0,0,0,0,0,0,0,0,0,0,Eukaryota,Obazoa,Opisthokonta,Metazoa,Arthropoda,Crustacea,Branchiopoda,NA,NA,Opisthokonta_Arthropoda
ASV_3928,0,2,0,0,0,0,0,0,0,0,0,0,0,0,0,0,0,0,0,0,0,0,0,0,0,0,0,0,0,0,0,0,0,0,0,0,0,0,0,0,0,0,0,0,0,Eukaryota,TSAR,Stramenopiles,Bigyra,Sagenista,Labyrinthulomycetes,Labyrinthulaceae,Labyrinthula,Labyrinthula_sp.,Stramenopiles
ASV_3929,0,2,0,0,0,0,0,0,0,0,0,0,0,0,0,0,0,0,0,0,0,0,0,0,0,0,0,0,0,0,0,0,0,0,0,0,0,0,0,0,0,0,0,0,0,Eukaryota,TSAR,Stramenopiles,Gyrista,Peronosporomycetes,Peronosporomycetes,Saprolegniales,Aplanopsis,Aplanopsis_terrestris,Stramenopiles
ASV_3930,0,2,0,0,0,0,0,0,0,0,0,0,0,0,0,0,0,0,0,0,0,0,0,0,0,0,0,0,0,0,0,0,0,0,0,0,0,0,0,0,0,0,0,0,0,Eukaryota,Archaeplastida,Chlorophyta,Chlorophyta_X,Trebouxiophyceae,Trebouxiophyceae_X,Trebouxiophyceae_XX,Botryococcus,Botryococcus_terribilis,Chlorophyta
ASV_3931,0,0,2,0,0,0,0,0,0,0,0,0,0,0,0,0,0,0,0,0,0,0,0,0,0,0,0,0,0,0,0,0,0,0,0,0,0,0,0,0,0,0,0,0,0,Eukaryota,Obazoa,Opisthokonta,NA,NA,NA,NA,NA,NA,Opisthokonta_Unclassified
ASV_3932,0,0,2,0,0,0,0,0,0,0,0,0,0,0,0,0,0,0,0,0,0,0,0,0,0,0,0,0,0,0,0,0,0,0,0,0,0,0,0,0,0,0,0,0,0,Eukaryota,Archaeplastida,Streptophyta,Streptophyta_X,Zygnemophyceae, Zygnemophyceae, ZygnemophyceaeX,Spirogyra,NA,Streptophyta
ASV_3933,0,0,0,0,2,0,0,0,0,0,0,0,0,0,0,0,0,0,0,0,0,0,0,0,0,0,0,0,0,0,0,0,0,0,0,0,0,0,0,0,0,0,0,0,0,Eukaryota,Archaeplastida,Streptophyta,Streptophyta_X,Embryophyceae,Embryophyceae_X,Embryophyceae_XX,Lemna,NA,Streptophyta
ASV_3934,0,0,0,0,2,0,0,0,0,0,0,0,0,0,0,0,0,0,0,0,0,0,0,0,0,0,0,0,0,0,0,0,0,0,0,0,0,0,0,0,0,0,0,0,0,Eukaryota,Obazoa,Opisthokonta,Opisthokonta_X,Opisthokonta_XX,Opisthokonta_XXX,Opisthokonta_XXXX,Opisthokonta_XXXXX,Opisthokonta_XXXXX_sp.,Opisthokonta_Opisthokonta
ASV_3935,0,0,0,0,2,0,0,0,0,0,0,0,0,0,0,0,0,0,0,0,0,0,0,0,0,0,0,0,0,0,0,0,0,0,0,0,0,0,0,0,0,0,0,0,0,Eukaryota,Obazoa,Opisthokonta,Fungi,Mucoromycota,Mucoromycotina,Mucorales,Mucor,NA,Opisthokonta_Mucoromycota
ASV_3936,0,0,0,0,2,0,0,0,0,0,0,0,0,0,0,0,0,0,0,0,0,0,0,0,0,0,0,0,0,0,0,0,0,0,0,0,0,0,0,0,0,0,0,0,0,Eukaryota,TSAR,Rhizaria,Cercozoa,Filosa-Thecofilosea,Cryomonadida,Rhogostoma-lineage,Rhogostoma,Rhogostoma_kappa,Rhizaria
ASV_3937,0,0,0,0,2,0,0,0,0,0,0,0,0,0,0,0,0,0,0,0,0,0,0,0,0,0,0,0,0,0,0,0,0,0,0,0,0,0,0,0,0,0,0,0,0,Eukaryota,Obazoa,Opisthokonta,Fungi,Ascomycota,Pezizomycotina,Dothideomycetes,NA,NA,Opisthokonta_Ascomycota
ASV_3938,0,0,0,0,2,0,0,0,0,0,0,0,0,0,0,0,0,0,0,0,0,0,0,0,0,0,0,0,0,0,0,0,0,0,0,0,0,0,0,0,0,0,0,0,0,Eukaryota,TSAR,Alveolata,Ciliophora,Spirotrichea,Choreotrichida,Strobilidiidae,NA,NA,Alveolata
ASV_3939,0,0,0,0,0,2,0,0,0,0,0,0,0,0,0,0,0,0,0,0,0,0,0,0,0,0,0,0,0,0,0,0,0,0,0,0,0,0,0,0,0,0,0,0,0,Eukaryota,Archaeplastida,Chlorophyta,Chlorophyta_X,Chlorophyceae,NA,NA,NA,NA,Chlorophyta
ASV_3940,0,0,0,0,0,2,0,0,0,0,0,0,0,0,0,0,0,0,0,0,0,0,0,0,0,0,0,0,0,0,0,0,0,0,0,0,0,0,0,0,0,0,0,0,0,Eukaryota,Archaeplastida,Streptophyta,Streptophyta_X,Zygnemophyceae, Zygnemophyceae, ZygnemophyceaeX,Closterium,NA,Streptophyta
ASV_3941,0,0,0,0,0,2,0,0,0,0,0,0,0,0,0,0,0,0,0,0,0,0,0,0,0,0,0,0,0,0,0,0,0,0,0,0,0,0,0,0,0,0,0,0,0,Eukaryota,Amoebozoa,Evosea,Evosea_X,Variosea,Flamellidae,Flamella-lineage,Flamella,Flamella_fluviatilis,Evosea
ASV_3942,0,0,0,0,0,2,0,0,0,0,0,0,0,0,0,0,0,0,0,0,0,0,0,0,0,0,0,0,0,0,0,0,0,0,0,0,0,0,0,0,0,0,0,0,0,Eukaryota,Amoebozoa,Tubulinea,Tubulinea_X,Elardia,Euamoebida,Nolandellidae,Nolandellidae_X,Nolandellidae_X_sp.,Tubulinea
ASV_3943,0,0,0,0,0,0,2,0,0,0,0,0,0,0,0,0,0,0,0,0,0,0,0,0,0,0,0,0,0,0,0,0,0,0,0,0,0,0,0,0,0,0,0,0,0,Eukaryota,Archaeplastida,Chlorophyta,Chlorophyta_X,Chlorophyceae,Sphaeropleales,Sphaeropleales_X,NA,NA,Chlorophyta
ASV_3944,0,0,0,0,0,0,2,0,0,0,0,0,0,0,0,0,0,0,0,0,0,0,0,0,0,0,0,0,0,0,0,0,0,0,0,0,0,0,0,0,0,0,0,0,0,Eukaryota,TSAR,Stramenopiles,Gyrista,Peronosporomycetes,Peronosporomycetes,Peronosporales,NA,NA,Stramenopiles
ASV_3945,0,0,0,0,0,0,2,0,0,0,0,0,0,0,0,0,0,0,0,0,0,0,0,0,0,0,0,0,0,0,0,0,0,0,0,0,0,0,0,0,0,0,0,0,0,Eukaryota,TSAR,Stramenopiles,Gyrista,Peronosporomycetes,Peronosporomycetes,Saprolegniales,Saprolegniales_X,Saprolegniales_X_sp.,Stramenopiles
ASV_3946,0,0,0,0,0,0,2,0,0,0,0,0,0,0,0,0,0,0,0,0,0,0,0,0,0,0,0,0,0,0,0,0,0,0,0,0,0,0,0,0,0,0,0,0,0,Eukaryota,TSAR,Stramenopiles,Bigyra,Bicoecea,Pseudodendromonadales,Pseudodendromonadales_X,NA,NA,Stramenopiles
ASV_3947,0,0,0,0,0,0,2,0,0,0,0,0,0,0,0,0,0,0,0,0,0,0,0,0,0,0,0,0,0,0,0,0,0,0,0,0,0,0,0,0,0,0,0,0,0,Eukaryota,Archaeplastida,Chlorophyta,Chlorophyta_X,Chlorophyceae,Sphaeropleales,Sphaeropleales_X,NA,NA,Chlorophyta
ASV_3948,0,0,0,0,0,0,0,2,0,0,0,0,0,0,0,0,0,0,0,0,0,0,0,0,0,0,0,0,0,0,0,0,0,0,0,0,0,0,0,0,0,0,0,0,0,Eukaryota,Obazoa,Opisthokonta,Metazoa,Arthropoda,Crustacea,Branchiopoda,Daphnia,Daphnia_magna,Opisthokonta_Arthropoda
ASV_3949,0,0,0,0,0,0,0,2,0,0,0,0,0,0,0,0,0,0,0,0,0,0,0,0,0,0,0,0,0,0,0,0,0,0,0,0,0,0,0,0,0,0,0,0,0,Eukaryota,TSAR,NA,NA,NA,NA,NA,NA,NA,NA
ASV_3950,0,0,0,0,0,0,0,0,0,2,0,0,0,0,0,0,0,0,0,0,0,0,0,0,0,0,0,0,0,0,0,0,0,0,0,0,0,0,0,0,0,0,0,0,0,Eukaryota,TSAR,Stramenopiles,Gyrista,NA,NA,NA,NA,NA,Stramenopiles
ASV_3951,0,0,0,0,0,0,0,0,0,2,0,0,0,0,0,0,0,0,0,0,0,0,0,0,0,0,0,0,0,0,0,0,0,0,0,0,0,0,0,0,0,0,0,0,0,Eukaryota,TSAR,Rhizaria,Cercozoa,Filosa-Thecofilosea,Cryomonadida,Rhogostoma-lineage,NA,NA,Rhizaria
ASV_3952,0,0,0,0,0,0,0,0,0,2,0,0,0,0,0,0,0,0,0,0,0,0,0,0,0,0,0,0,0,0,0,0,0,0,0,0,0,0,0,0,0,0,0,0,0,Eukaryota,Obazoa,Opisthokonta,Fungi,Mucoromycota,Mucoromycotina,Mucoromycotina_X,Blakeslea,Blakeslea_trispora,Opisthokonta_Mucoromycota
ASV_3953,0,0,0,0,0,0,0,0,0,2,0,0,0,0,0,0,0,0,0,0,0,0,0,0,0,0,0,0,0,0,0,0,0,0,0,0,0,0,0,0,0,0,0,0,0,Eukaryota,Obazoa,Opisthokonta,Fungi,NA,NA,NA,NA,NA,Opisthokonta_Unclassified
ASV_3954,0,0,0,0,0,0,0,0,0,2,0,0,0,0,0,0,0,0,0,0,0,0,0,0,0,0,0,0,0,0,0,0,0,0,0,0,0,0,0,0,0,0,0,0,0,Eukaryota,Obazoa,Opisthokonta,Fungi,Chytridiomycota,Monoblepharidales,Gonapodyaceae,Gonapodya,Gonapodya_polymorpha,Opisthokonta_Chytridiomycota
ASV_3955,0,0,0,0,0,0,0,0,0,0,2,0,0,0,0,0,0,0,0,0,0,0,0,0,0,0,0,0,0,0,0,0,0,0,0,0,0,0,0,0,0,0,0,0,0,Eukaryota,Obazoa,Opisthokonta,Fungi,Basidiomycota,Agaricomycotina,Agaricomycetes,NA,NA,Opisthokonta_Basidiomycota
ASV_3956,0,0,0,0,0,0,0,0,0,0,2,0,0,0,0,0,0,0,0,0,0,0,0,0,0,0,0,0,0,0,0,0,0,0,0,0,0,0,0,0,0,0,0,0,0,Eukaryota,Obazoa,Opisthokonta,Metazoa,NA,NA,NA,NA,NA,Opisthokonta_Unclassified
ASV_3957,0,0,0,0,0,0,0,0,0,0,2,0,0,0,0,0,0,0,0,0,0,0,0,0,0,0,0,0,0,0,0,0,0,0,0,0,0,0,0,0,0,0,0,0,0,Eukaryota,Cryptista,Cryptophyta,Cryptophyta_X,Cryptophyceae,Cryptophyceae_X,Basal_Cryptophyceae-1,Basal_Cryptophyceae-1_X,Basal_Cryptophyceae-1_X_sp.,Cryptophyta
ASV_3958,0,0,0,0,0,0,0,0,0,0,0,0,2,0,0,0,0,0,0,0,0,0,0,0,0,0,0,0,0,0,0,0,0,0,0,0,0,0,0,0,0,0,0,0,0,Eukaryota,TSAR,Rhizaria,Cercozoa,Filosa-Imbricatea,Paracercomonadida,Paracercomonadida_X,Phytocercomonas,Phytocercomonas_venanatans,Rhizaria
ASV_3959,0,0,0,0,0,0,0,0,0,0,0,0,0,2,0,0,0,0,0,0,0,0,0,0,0,0,0,0,0,0,0,0,0,0,0,0,0,0,0,0,0,0,0,0,0,Eukaryota,Obazoa,Opisthokonta,Fungi,Ascomycota,Pezizomycotina,Sordariomycetes,Phomopsis,Phomopsis_amygdali,Opisthokonta_Ascomycota
ASV_3960,0,0,0,0,0,0,0,0,0,0,0,0,0,0,2,0,0,0,0,0,0,0,0,0,0,0,0,0,0,0,0,0,0,0,0,0,0,0,0,0,0,0,0,0,0,Eukaryota,Cryptista,Cryptophyta,Cryptophyta_X,Cryptophyceae,Cryptomonadales,Cryptomonadales_X,NA,NA,Cryptophyta
ASV_3961,0,0,0,0,0,0,0,0,0,0,0,0,0,0,2,0,0,0,0,0,0,0,0,0,0,0,0,0,0,0,0,0,0,0,0,0,0,0,0,0,0,0,0,0,0,Eukaryota,Archaeplastida,Chlorophyta,Chlorophyta_X,Chlorophyceae,Chlamydomonadales,Chlamydomonadales_X,NA,NA,Chlorophyta
ASV_3962,0,0,0,0,0,0,0,0,0,0,0,0,0,0,2,0,0,0,0,0,0,0,0,0,0,0,0,0,0,0,0,0,0,0,0,0,0,0,0,0,0,0,0,0,0,Eukaryota,Cryptista,Cryptophyta,Cryptophyta_X,Cryptophyceae,Cryptomonadales,Cryptomonadales_X,Cryptomonas,Cryptomonas_vietnamica,Cryptophyta
ASV_3963,0,0,0,0,0,0,0,0,0,0,0,0,0,0,2,0,0,0,0,0,0,0,0,0,0,0,0,0,0,0,0,0,0,0,0,0,0,0,0,0,0,0,0,0,0,Eukaryota,Cryptista,Cryptophyta,Cryptophyta_X,Cryptophyceae,Cryptomonadales,Cryptomonadales_X,Cryptomonas,Cryptomonas_vietnamica,Cryptophyta
ASV_3964,0,0,0,0,0,0,0,0,0,0,0,0,0,0,2,0,0,0,0,0,0,0,0,0,0,0,0,0,0,0,0,0,0,0,0,0,0,0,0,0,0,0,0,0,0,Eukaryota,Archaeplastida,Chlorophyta,Chlorophyta_X,Chlorophyceae,Chlamydomonadales,Chlamydomonadales_X,NA,NA,Chlorophyta
ASV_3965,0,0,0,0,0,0,0,0,0,0,0,0,0,0,0,2,0,0,0,0,0,0,0,0,0,0,0,0,0,0,0,0,0,0,0,0,0,0,0,0,0,0,0,0,0,Eukaryota,TSAR,Rhizaria,Cercozoa,Filosa-Granofilosea,Filosa-Granofilosea_X,Novel-Gran-5,Novel-Gran-5_X,Novel-Gran-5_X_sp.,Rhizaria
ASV_3966,0,0,0,0,0,0,0,0,0,0,0,0,0,0,0,2,0,0,0,0,0,0,0,0,0,0,0,0,0,0,0,0,0,0,0,0,0,0,0,0,0,0,0,0,0,Eukaryota,Obazoa,Opisthokonta,Fungi,NA,NA,NA,NA,NA,Opisthokonta_Unclassified
ASV_3967,0,0,0,0,0,0,0,0,0,0,0,0,0,0,0,2,0,0,0,0,0,0,0,0,0,0,0,0,0,0,0,0,0,0,0,0,0,0,0,0,0,0,0,0,0,Eukaryota,TSAR,Stramenopiles,Gyrista,Mediophyceae,Thalassiosirales,Stephanodiscaceae,Cyclotella,NA,Stramenopiles
ASV_3968,0,0,0,0,0,0,0,0,0,0,0,0,0,0,0,2,0,0,0,0,0,0,0,0,0,0,0,0,0,0,0,0,0,0,0,0,0,0,0,0,0,0,0,0,0,Eukaryota,Archaeplastida,Chlorophyta,Chlorophyta_X,Chlorophyceae,Sphaeropleales,Sphaeropleales_X,NA,NA,Chlorophyta
ASV_3969,0,0,0,0,0,0,0,0,0,0,0,0,0,0,0,2,0,0,0,0,0,0,0,0,0,0,0,0,0,0,0,0,0,0,0,0,0,0,0,0,0,0,0,0,0,Eukaryota,Obazoa,Opisthokonta,Fungi,Zoopagomycota,Entomophthoromycotina,Entomophthorales,Entomophthora,Entomophthora_culicis,Opisthokonta_Zoopagomycota
ASV_3970,0,0,0,0,0,0,0,0,0,0,0,0,0,0,0,2,0,0,0,0,0,0,0,0,0,0,0,0,0,0,0,0,0,0,0,0,0,0,0,0,0,0,0,0,0,Eukaryota,Obazoa,Opisthokonta,Metazoa,Arthropoda,Crustacea,Ostracoda,Vestalenula,Vestalenula_sp.,Opisthokonta_Arthropoda
ASV_3971,0,0,0,0,0,0,0,0,0,0,0,0,0,0,0,2,0,0,0,0,0,0,0,0,0,0,0,0,0,0,0,0,0,0,0,0,0,0,0,0,0,0,0,0,0,Eukaryota,Obazoa,Opisthokonta,Fungi,Basidiomycota,Pucciniomycotina,Cystobasidiomycetes,Rhodotorula,NA,Opisthokonta_Basidiomycota
ASV_3972,0,0,0,0,0,0,0,0,0,0,0,0,0,0,0,0,2,0,0,0,0,0,0,0,0,0,0,0,0,0,0,0,0,0,0,0,0,0,0,0,0,0,0,0,0,Eukaryota,TSAR,Stramenopiles,Gyrista,Peronosporomycetes,Peronosporomycetes,Saprolegniales,Aphanomyces,Aphanomyces_invadans,Stramenopiles
ASV_3973,0,0,0,0,0,0,0,0,0,0,0,0,0,0,0,0,2,0,0,0,0,0,0,0,0,0,0,0,0,0,0,0,0,0,0,0,0,0,0,0,0,0,0,0,0,Eukaryota,TSAR,NA,NA,NA,NA,NA,NA,NA,NA
ASV_3974,0,0,0,0,0,0,0,0,0,0,0,0,0,0,0,0,2,0,0,0,0,0,0,0,0,0,0,0,0,0,0,0,0,0,0,0,0,0,0,0,0,0,0,0,0,Eukaryota,TSAR,Stramenopiles,Gyrista,Chrysophyceae,Ochromonadales,Ochromonadaceae,Chlorochromonas,Chlorochromonas_sp.,Stramenopiles
ASV_3975,0,0,0,0,0,0,0,0,0,0,0,0,0,0,0,0,2,0,0,0,0,0,0,0,0,0,0,0,0,0,0,0,0,0,0,0,0,0,0,0,0,0,0,0,0,Eukaryota,Cryptista,Cryptophyta,Cryptophyta_X,Cryptophyceae,Cryptomonadales,Cryptomonadales_X,Cryptomonas,NA,Cryptophyta
ASV_3976,0,0,0,0,0,0,0,0,0,0,0,0,0,0,0,0,2,0,0,0,0,0,0,0,0,0,0,0,0,0,0,0,0,0,0,0,0,0,0,0,0,0,0,0,0,Eukaryota,Obazoa,Opisthokonta,Metazoa,Gastrotricha,Gastrotricha_X,Gastrotricha_XX,Halichaetonotus,NA,Opisthokonta_Gastrotricha
ASV_3977,0,0,0,0,0,0,0,0,0,0,0,0,0,0,0,0,2,0,0,0,0,0,0,0,0,0,0,0,0,0,0,0,0,0,0,0,0,0,0,0,0,0,0,0,0,Eukaryota,TSAR,Stramenopiles,Bigyra,Bicoecea,Pseudodendromonadales,Pseudodendromonadales_X,Adriamonas,Adriamonas_peritocrescens,Stramenopiles
ASV_3978,0,0,0,0,0,0,0,0,0,0,0,0,0,0,0,0,2,0,0,0,0,0,0,0,0,0,0,0,0,0,0,0,0,0,0,0,0,0,0,0,0,0,0,0,0,Eukaryota,TSAR,Stramenopiles,Gyrista,Peronosporomycetes,Peronosporomycetes,Saprolegniales,Aphanomyces,Aphanomyces_invadans,Stramenopiles
ASV_3979,0,0,0,0,0,0,0,0,0,0,0,0,0,0,0,0,2,0,0,0,0,0,0,0,0,0,0,0,0,0,0,0,0,0,0,0,0,0,0,0,0,0,0,0,0,Eukaryota,Archaeplastida,Chlorophyta,Chlorophyta_X,Trebouxiophyceae,Watanabea-Clade,Watanabea-Clade_X,Diplosphaera,Diplosphaera_chodati,Chlorophyta
ASV_3980,0,0,0,0,0,0,0,0,0,0,0,0,0,0,0,0,2,0,0,0,0,0,0,0,0,0,0,0,0,0,0,0,0,0,0,0,0,0,0,0,0,0,0,0,0,Eukaryota,Obazoa,Opisthokonta,Fungi,Chytridiomycota,Rhizophydiales,Rhizophydiaceae,Rhizophydium,NA,Opisthokonta_Chytridiomycota
ASV_3981,0,0,0,0,0,0,0,0,0,0,0,0,0,0,0,0,2,0,0,0,0,0,0,0,0,0,0,0,0,0,0,0,0,0,0,0,0,0,0,0,0,0,0,0,0,Eukaryota,TSAR,Alveolata,Ciliophora,Litostomatea,Haptoria_5,Pleurostomatida,Loxophyllum,NA,Alveolata
ASV_3982,0,0,0,0,0,0,0,0,0,0,0,0,0,0,0,0,2,0,0,0,0,0,0,0,0,0,0,0,0,0,0,0,0,0,0,0,0,0,0,0,0,0,0,0,0,Eukaryota,Obazoa,Opisthokonta,Metazoa,Arthropoda,Hexapoda,Collembola,Isotomurus,Isotomurus_palustris,Opisthokonta_Arthropoda
ASV_3983,0,0,0,0,0,0,0,0,0,0,0,0,0,0,0,0,2,0,0,0,0,0,0,0,0,0,0,0,0,0,0,0,0,0,0,0,0,0,0,0,0,0,0,0,0,Eukaryota,Amoebozoa,Tubulinea,Tubulinea_X,Elardia,Euamoebida,Vermamoebidae,Hartmannella,Hartmannella_cantabrigiensis,Tubulinea
ASV_3984,0,0,0,0,0,0,0,0,0,0,0,0,0,0,0,0,0,2,0,0,0,0,0,0,0,0,0,0,0,0,0,0,0,0,0,0,0,0,0,0,0,0,0,0,0,Eukaryota,TSAR,Stramenopiles,NA,NA,NA,NA,NA,NA,Stramenopiles
ASV_3985,0,0,0,0,0,0,0,0,0,0,0,0,0,0,0,0,0,2,0,0,0,0,0,0,0,0,0,0,0,0,0,0,0,0,0,0,0,0,0,0,0,0,0,0,0,Eukaryota,Obazoa,Opisthokonta,Fungi,NA,NA,NA,NA,NA,Opisthokonta_Unclassified
ASV_3986,0,0,0,0,0,0,0,0,0,0,0,0,0,0,0,0,0,2,0,0,0,0,0,0,0,0,0,0,0,0,0,0,0,0,0,0,0,0,0,0,0,0,0,0,0,Eukaryota,NA,NA,NA,NA,NA,NA,NA,NA,NA
ASV_3987,0,0,0,0,0,0,0,0,0,0,0,0,0,0,0,0,0,2,0,0,0,0,0,0,0,0,0,0,0,0,0,0,0,0,0,0,0,0,0,0,0,0,0,0,0,Eukaryota,TSAR,Stramenopiles,Gyrista,Chrysophyceae,Chromulinales,Chrysamoebaceae,Chrysamoeba,Chrysamoeba_tenera,Stramenopiles
ASV_3988,0,0,0,0,0,0,0,0,0,0,0,0,0,0,0,0,0,2,0,0,0,0,0,0,0,0,0,0,0,0,0,0,0,0,0,0,0,0,0,0,0,0,0,0,0,Eukaryota,Cryptista,Cryptophyta,Cryptophyta_X,Cryptophyceae,Cryptomonadales,Cryptomonadales_X,Cryptomonas,Cryptomonas_parapyrenoidifera,Cryptophyta
ASV_3989,0,0,0,0,0,0,0,0,0,0,0,0,0,0,0,0,0,2,0,0,0,0,0,0,0,0,0,0,0,0,0,0,0,0,0,0,0,0,0,0,0,0,0,0,0,Eukaryota,Obazoa,Opisthokonta,Fungi,Chytridiomycota,Rhizophydiales,NA,NA,NA,Opisthokonta_Chytridiomycota
ASV_3990,0,0,0,0,0,0,0,0,0,0,0,0,0,0,0,0,0,0,2,0,0,0,0,0,0,0,0,0,0,0,0,0,0,0,0,0,0,0,0,0,0,0,0,0,0,Eukaryota,TSAR,Stramenopiles,Gyrista,Chrysophyceae,Chromulinales,Chrysamoebaceae,Chrysamoeba,Chrysamoeba_tenera,Stramenopiles
ASV_3991,0,0,0,0,0,0,0,0,0,0,0,0,0,0,0,0,0,0,2,0,0,0,0,0,0,0,0,0,0,0,0,0,0,0,0,0,0,0,0,0,0,0,0,0,0,Eukaryota,NA,NA,NA,NA,NA,NA,NA,NA,NA
ASV_3992,0,0,0,0,0,0,0,0,0,0,0,0,0,0,0,0,0,0,2,0,0,0,0,0,0,0,0,0,0,0,0,0,0,0,0,0,0,0,0,0,0,0,0,0,0,Eukaryota,Obazoa,Opisthokonta,Fungi,Chytridiomycota,NA,NA,NA,NA,Opisthokonta_Chytridiomycota
ASV_3993,0,0,0,0,0,0,0,0,0,0,0,0,0,0,0,0,0,0,2,0,0,0,0,0,0,0,0,0,0,0,0,0,0,0,0,0,0,0,0,0,0,0,0,0,0,Eukaryota,Archaeplastida,Streptophyta,Streptophyta_X,Embryophyceae,Embryophyceae_X,Embryophyceae_XX,Pinus,NA,Streptophyta
ASV_3994,0,0,0,0,0,0,0,0,0,0,0,0,0,0,0,0,0,0,2,0,0,0,0,0,0,0,0,0,0,0,0,0,0,0,0,0,0,0,0,0,0,0,0,0,0,Eukaryota,TSAR,Stramenopiles,Gyrista,Peronosporomycetes,Peronosporomycetes,Peronosporales,Lagenidium,Lagenidium_giganteum,Stramenopiles
ASV_3995,0,0,0,0,0,0,0,0,0,0,0,0,0,0,0,0,0,0,2,0,0,0,0,0,0,0,0,0,0,0,0,0,0,0,0,0,0,0,0,0,0,0,0,0,0,Eukaryota,Archaeplastida,Chlorophyta,Chlorophyta_X,NA,NA,NA,NA,NA,Chlorophyta
ASV_3996,0,0,0,0,0,0,0,0,0,0,0,0,0,0,0,0,0,0,2,0,0,0,0,0,0,0,0,0,0,0,0,0,0,0,0,0,0,0,0,0,0,0,0,0,0,Eukaryota,TSAR,Stramenopiles,Gyrista,Peronosporomycetes,Peronosporomycetes,Peronosporales,Lagenidium,Lagenidium_giganteum,Stramenopiles
ASV_3997,0,0,0,0,0,0,0,0,0,0,0,0,0,0,0,0,0,0,2,0,0,0,0,0,0,0,0,0,0,0,0,0,0,0,0,0,0,0,0,0,0,0,0,0,0,Eukaryota,Archaeplastida,Chlorophyta,Chlorophyta_X,Trebouxiophyceae,Trebouxiophyceae_X,Trebouxiophyceae_XX,Botryococcus,Botryococcus_terribilis,Chlorophyta
ASV_3998,0,0,0,0,0,0,0,0,0,0,0,0,0,0,0,0,0,0,2,0,0,0,0,0,0,0,0,0,0,0,0,0,0,0,0,0,0,0,0,0,0,0,0,0,0,Eukaryota,Obazoa,Opisthokonta,Fungi,Chytridiomycota,NA,NA,NA,NA,Opisthokonta_Chytridiomycota
ASV_3999,0,0,0,0,0,0,0,0,0,0,0,0,0,0,0,0,0,0,2,0,0,0,0,0,0,0,0,0,0,0,0,0,0,0,0,0,0,0,0,0,0,0,0,0,0,Eukaryota,TSAR,Stramenopiles,Gyrista,Mediophyceae,Thalassiosirales,NA,NA,NA,Stramenopiles
ASV_4000,0,0,0,0,0,0,0,0,0,0,0,0,0,0,0,0,0,0,2,0,0,0,0,0,0,0,0,0,0,0,0,0,0,0,0,0,0,0,0,0,0,0,0,0,0,Eukaryota,Archaeplastida,Chlorophyta,Chlorophyta_X,Trebouxiophyceae,Chlorellales,Chlorellales_X,NA,NA,Chlorophyta
ASV_4001,0,0,0,0,0,0,0,0,0,0,0,0,0,0,0,0,0,0,0,2,0,0,0,0,0,0,0,0,0,0,0,0,0,0,0,0,0,0,0,0,0,0,0,0,0,Eukaryota,Obazoa,Opisthokonta,Fungi,Chytridiomycota,NA,NA,NA,NA,Opisthokonta_Chytridiomycota
ASV_4002,0,0,0,0,0,0,0,0,0,0,0,0,0,0,0,0,0,0,0,2,0,0,0,0,0,0,0,0,0,0,0,0,0,0,0,0,0,0,0,0,0,0,0,0,0,Eukaryota,Archaeplastida,Chlorophyta,Chlorophyta_X,Chlorophyceae,Chlamydomonadales,Chlamydomonadales_X,Lobochlamys,Lobochlamys_segnis,Chlorophyta
ASV_4003,0,0,0,0,0,0,0,0,0,0,0,0,0,0,0,0,0,0,0,2,0,0,0,0,0,0,0,0,0,0,0,0,0,0,0,0,0,0,0,0,0,0,0,0,0,Eukaryota,Cryptista,Cryptophyta,Cryptophyta_X,Cryptophyceae,Goniomonadales,Goniomonadales_X,Goniomonas,Goniomonas_truncata,Cryptophyta
ASV_4004,0,0,0,0,0,0,0,0,0,0,0,0,0,0,0,0,0,0,0,2,0,0,0,0,0,0,0,0,0,0,0,0,0,0,0,0,0,0,0,0,0,0,0,0,0,Eukaryota,TSAR,Stramenopiles,Bigyra,Opalozoa,Opalozoa_X,MAST-12,MAST-12C,MAST-12C_sp.,Stramenopiles
ASV_4005,0,0,0,0,0,0,0,0,0,0,0,0,0,0,0,0,0,0,0,2,0,0,0,0,0,0,0,0,0,0,0,0,0,0,0,0,0,0,0,0,0,0,0,0,0,Eukaryota,Obazoa,Opisthokonta,Choanoflagellata,Choanoflagellatea,Craspedida,Salpingoecidae_Group_C1,Salpingoeca_C1,Salpingoeca_fusiformis,Opisthokonta_Choanoflagellatea
ASV_4006,0,0,0,0,0,0,0,0,0,0,0,0,0,0,0,0,0,0,0,0,2,0,0,0,0,0,0,0,0,0,0,0,0,0,0,0,0,0,0,0,0,0,0,0,0,Eukaryota,Archaeplastida,Chlorophyta,Chlorophyta_X,Chlorophyceae,Chlamydomonadales,Chlamydomonadales_X,NA,NA,Chlorophyta
ASV_4007,0,0,0,0,0,0,0,0,0,0,0,0,0,0,0,0,0,0,0,0,2,0,0,0,0,0,0,0,0,0,0,0,0,0,0,0,0,0,0,0,0,0,0,0,0,Eukaryota,Cryptista,Cryptophyta,Cryptophyta_X,Cryptophyceae,Cryptomonadales,Cryptomonadales_X,Chilomonas,NA,Cryptophyta
ASV_4008,0,0,0,0,0,0,0,0,0,0,0,0,0,0,0,0,0,0,0,0,2,0,0,0,0,0,0,0,0,0,0,0,0,0,0,0,0,0,0,0,0,0,0,0,0,Eukaryota,Obazoa,Opisthokonta,Fungi,Zoopagomycota,Entomophthoromycotina,Entomophthorales,Entomophthora,NA,Opisthokonta_Zoopagomycota
ASV_4009,0,0,0,0,0,0,0,0,0,0,0,0,0,0,0,0,0,0,0,0,2,0,0,0,0,0,0,0,0,0,0,0,0,0,0,0,0,0,0,0,0,0,0,0,0,Eukaryota,TSAR,Stramenopiles,Gyrista,Eustigmatophyceae,Eustigmatophyceae_X,Eustigmatophyceae_XX,Trachydiscus,Trachydiscus_sp.,Stramenopiles
ASV_4010,0,0,0,0,0,0,0,0,0,0,0,0,0,0,0,0,0,0,0,0,2,0,0,0,0,0,0,0,0,0,0,0,0,0,0,0,0,0,0,0,0,0,0,0,0,Eukaryota,TSAR,Alveolata,Chrompodellids,Colpodellidea,Colpodellida,Colpodellida_CHR1,Colpodellida_CHR1_X,Colpodellida_CHR1_X_sp.,Alveolata
ASV_4011,0,0,0,0,0,0,0,0,0,0,0,0,0,0,0,0,0,0,0,0,2,0,0,0,0,0,0,0,0,0,0,0,0,0,0,0,0,0,0,0,0,0,0,0,0,Eukaryota,Cryptista,Cryptophyta,Cryptophyta_X,Cryptophyceae,NA,NA,NA,NA,Cryptophyta
ASV_4012,0,0,0,0,0,0,0,0,0,0,0,0,0,0,0,0,0,0,0,0,2,0,0,0,0,0,0,0,0,0,0,0,0,0,0,0,0,0,0,0,0,0,0,0,0,Eukaryota,Obazoa,Opisthokonta,Fungi,Basidiomycota,Agaricomycotina,NA,NA,NA,Opisthokonta_Basidiomycota
ASV_4013,0,0,0,0,0,0,0,0,0,0,0,0,0,0,0,0,0,0,0,0,0,2,0,0,0,0,0,0,0,0,0,0,0,0,0,0,0,0,0,0,0,0,0,0,0,Eukaryota,Obazoa,Opisthokonta,Fungi,Chytridiomycota,NA,NA,NA,NA,Opisthokonta_Chytridiomycota
ASV_4014,0,0,0,0,0,0,0,0,0,0,0,0,0,0,0,0,0,0,0,0,0,2,0,0,0,0,0,0,0,0,0,0,0,0,0,0,0,0,0,0,0,0,0,0,0,Eukaryota,Obazoa,Opisthokonta,Fungi,Chytridiomycota,NA,NA,NA,NA,Opisthokonta_Chytridiomycota
ASV_4015,0,0,0,0,0,0,0,0,0,0,0,0,0,0,0,0,0,0,0,0,0,2,0,0,0,0,0,0,0,0,0,0,0,0,0,0,0,0,0,0,0,0,0,0,0,Eukaryota,TSAR,Rhizaria,Cercozoa,Endomyxa,Vampyrellida,Vampyrellidae,Vampyrella,Vampyrella_lateritia,Rhizaria
ASV_4016,0,0,0,0,0,0,0,0,0,0,0,0,0,0,0,0,0,0,0,0,0,0,2,0,0,0,0,0,0,0,0,0,0,0,0,0,0,0,0,0,0,0,0,0,0,Eukaryota,Archaeplastida,Streptophyta,Streptophyta_X,Zygnemophyceae, Zygnemophyceae, ZygnemophyceaeX,NA,NA,Streptophyta
ASV_4017,0,0,0,0,0,0,0,0,0,0,0,0,0,0,0,0,0,0,0,0,0,0,2,0,0,0,0,0,0,0,0,0,0,0,0,0,0,0,0,0,0,0,0,0,0,Eukaryota,TSAR,Stramenopiles,Bigyra,Opalozoa,Opalozoa_X,MAST-12,MAST-12_X,MAST-12_X_sp.,Stramenopiles
ASV_4018,0,0,0,0,0,0,0,0,0,0,0,0,0,0,0,0,0,0,0,0,0,0,2,0,0,0,0,0,0,0,0,0,0,0,0,0,0,0,0,0,0,0,0,0,0,Eukaryota,TSAR,Stramenopiles,Gyrista,Mediophyceae,Thalassiosirales,Stephanodiscaceae,NA,NA,Stramenopiles
ASV_4019,0,0,0,0,0,0,0,0,0,0,0,0,0,0,0,0,0,0,0,0,0,0,2,0,0,0,0,0,0,0,0,0,0,0,0,0,0,0,0,0,0,0,0,0,0,Eukaryota,TSAR,Rhizaria,Cercozoa,Filosa-Granofilosea,Filosa-Granofilosea_X,Novel-Gran-6,Novel-Gran-6_X,Novel-Gran-6_X_sp.,Rhizaria
ASV_4020,0,0,0,0,0,0,0,0,0,0,0,0,0,0,0,0,0,0,0,0,0,0,2,0,0,0,0,0,0,0,0,0,0,0,0,0,0,0,0,0,0,0,0,0,0,Eukaryota,Cryptista,Cryptophyta,Cryptophyta_X,Cryptophyceae,Cryptomonadales,Cryptomonadales_X,Cryptomonas,Cryptomonas_curvata,Cryptophyta
ASV_4021,0,0,0,0,0,0,0,0,0,0,0,0,0,0,0,0,0,0,0,0,0,0,2,0,0,0,0,0,0,0,0,0,0,0,0,0,0,0,0,0,0,0,0,0,0,Eukaryota,Archaeplastida,Chlorophyta,Chlorophyta_X,Ulvophyceae,Cladophorales,Cladophorales_X,Arnoldiella,Arnoldiella_sp.,Chlorophyta
ASV_4022,0,0,0,0,0,0,0,0,0,0,0,0,0,0,0,0,0,0,0,0,0,0,2,0,0,0,0,0,0,0,0,0,0,0,0,0,0,0,0,0,0,0,0,0,0,Eukaryota,Archaeplastida,Chlorophyta,Chlorophyta_X,NA,NA,NA,NA,NA,Chlorophyta
ASV_4023,0,0,0,0,0,0,0,0,0,0,0,0,0,0,0,0,0,0,0,0,0,0,2,0,0,0,0,0,0,0,0,0,0,0,0,0,0,0,0,0,0,0,0,0,0,Eukaryota,TSAR,Stramenopiles,Bigyra,Opalozoa,Opalozoa_X,MAST-12,MAST-12_X,MAST-12_X_sp.,Stramenopiles
ASV_4024,0,0,0,0,0,0,0,0,0,0,0,0,0,0,0,0,0,0,0,0,0,0,2,0,0,0,0,0,0,0,0,0,0,0,0,0,0,0,0,0,0,0,0,0,0,Eukaryota,TSAR,Stramenopiles,NA,NA,NA,NA,NA,NA,Stramenopiles
ASV_4025,0,0,0,0,0,0,0,0,0,0,0,0,0,0,0,0,0,0,0,0,0,0,0,2,0,0,0,0,0,0,0,0,0,0,0,0,0,0,0,0,0,0,0,0,0,Eukaryota,TSAR,Stramenopiles,Gyrista,Peronosporomycetes,Peronosporomycetes,Saprolegniales,Aphanomyces,NA,Stramenopiles
ASV_4026,0,0,0,0,0,0,0,0,0,0,0,0,0,0,0,0,0,0,0,0,0,0,0,2,0,0,0,0,0,0,0,0,0,0,0,0,0,0,0,0,0,0,0,0,0,Eukaryota,Obazoa,Opisthokonta,Choanoflagellata,Choanoflagellatea,Choanoflagellatea_X,Choanoflagellata_XX_Clade-2,Sphaeroeca,Sphaeroeca_volvox,Opisthokonta_Choanoflagellatea
ASV_4027,0,0,0,0,0,0,0,0,0,0,0,0,0,0,0,0,0,0,0,0,0,0,0,2,0,0,0,0,0,0,0,0,0,0,0,0,0,0,0,0,0,0,0,0,0,Eukaryota,Archaeplastida,Chlorophyta,Chlorophyta_X,Chlorophyceae,Chlamydomonadales,Chlamydomonadales_X,NA,NA,Chlorophyta
ASV_4028,0,0,0,0,0,0,0,0,0,0,0,0,0,0,0,0,0,0,0,0,0,0,0,2,0,0,0,0,0,0,0,0,0,0,0,0,0,0,0,0,0,0,0,0,0,Eukaryota,Archaeplastida,Chlorophyta,Chlorophyta_X,Chlorophyceae,Chlamydomonadales,Chlamydomonadales_X,NA,NA,Chlorophyta
ASV_4029,0,0,0,0,0,0,0,0,0,0,0,0,0,0,0,0,0,0,0,0,0,0,0,0,2,0,0,0,0,0,0,0,0,0,0,0,0,0,0,0,0,0,0,0,0,Eukaryota,TSAR,Alveolata,Dinoflagellata,Dinophyceae,Suessiales,Suessiaceae,Asulcocephalium,Asulcocephalium_miricentonis,Alveolata
ASV_4030,0,0,0,0,0,0,0,0,0,0,0,0,0,0,0,0,0,0,0,0,0,0,0,0,2,0,0,0,0,0,0,0,0,0,0,0,0,0,0,0,0,0,0,0,0,Eukaryota,Archaeplastida,Chlorophyta,Chlorophyta_X,Chlorophyceae,Sphaeropleales,Sphaeropleales_X,Desmodesmus,NA,Chlorophyta
ASV_4031,0,0,0,0,0,0,0,0,0,0,0,0,0,0,0,0,0,0,0,0,0,0,0,0,2,0,0,0,0,0,0,0,0,0,0,0,0,0,0,0,0,0,0,0,0,Eukaryota,Archaeplastida,Chlorophyta,Chlorophyta_X,Trebouxiophyceae,Chlorellales,Chlorellales_X,Micractinium,Micractinium_reisseri,Chlorophyta
ASV_4032,0,0,0,0,0,0,0,0,0,0,0,0,0,0,0,0,0,0,0,0,0,0,0,0,2,0,0,0,0,0,0,0,0,0,0,0,0,0,0,0,0,0,0,0,0,Eukaryota,TSAR,Rhizaria,Cercozoa,NA,NA,NA,NA,NA,Rhizaria
ASV_4033,0,0,0,0,0,0,0,0,0,0,0,0,0,0,0,0,0,0,0,0,0,0,0,0,2,0,0,0,0,0,0,0,0,0,0,0,0,0,0,0,0,0,0,0,0,Eukaryota,TSAR,Stramenopiles,Gyrista,Eustigmatophyceae,Eustigmatophyceae_X,Eustigmatophyceae_XX,Vacuoliviride,Vacuoliviride_crystalliferum,Stramenopiles
ASV_4034,0,0,0,0,0,0,0,0,0,0,0,0,0,0,0,0,0,0,0,0,0,0,0,0,2,0,0,0,0,0,0,0,0,0,0,0,0,0,0,0,0,0,0,0,0,Eukaryota,Obazoa,Opisthokonta,Fungi,Ascomycota,Pezizomycotina,Eurotiomycetes,NA,NA,Opisthokonta_Ascomycota
ASV_4035,0,0,0,0,0,0,0,0,0,0,0,0,0,0,0,0,0,0,0,0,0,0,0,0,2,0,0,0,0,0,0,0,0,0,0,0,0,0,0,0,0,0,0,0,0,Eukaryota,Archaeplastida,Chlorophyta,Chlorophyta_X,Chlorophyceae,Chlamydomonadales,Chlamydomonadales_X,Carteria,Carteria_lunzensis,Chlorophyta
ASV_4036,0,0,0,0,0,0,0,0,0,0,0,0,0,0,0,0,0,0,0,0,0,0,0,0,0,2,0,0,0,0,0,0,0,0,0,0,0,0,0,0,0,0,0,0,0,Eukaryota,TSAR,Stramenopiles,Gyrista,Chrysophyceae,Ochromonadales,Ochromonadales_clade-VIII,Ochromonadales_clade-VIII_X,Ochromonadales_clade-VIII_X_sp.,Stramenopiles
ASV_4037,0,0,0,0,0,0,0,0,0,0,0,0,0,0,0,0,0,0,0,0,0,0,0,0,0,2,0,0,0,0,0,0,0,0,0,0,0,0,0,0,0,0,0,0,0,Eukaryota,TSAR,Stramenopiles,Gyrista,Coscinodiscophyceae,Rhizosoleniales,Rhizosoleniaceae,Urosolenia,Urosolenia_eriensis,Stramenopiles
ASV_4038,0,0,0,0,0,0,0,0,0,0,0,0,0,0,0,0,0,0,0,0,0,0,0,0,0,2,0,0,0,0,0,0,0,0,0,0,0,0,0,0,0,0,0,0,0,Eukaryota,NA,NA,NA,NA,NA,NA,NA,NA,NA
ASV_4039,0,0,0,0,0,0,0,0,0,0,0,0,0,0,0,0,0,0,0,0,0,0,0,0,0,2,0,0,0,0,0,0,0,0,0,0,0,0,0,0,0,0,0,0,0,Eukaryota,Archaeplastida,Chlorophyta,Chlorophyta_X,Trebouxiophyceae,NA,NA,NA,NA,Chlorophyta
ASV_4040,0,0,0,0,0,0,0,0,0,0,0,0,0,0,0,0,0,0,0,0,0,0,0,0,0,2,0,0,0,0,0,0,0,0,0,0,0,0,0,0,0,0,0,0,0,Eukaryota,NA,NA,NA,NA,NA,NA,NA,NA,NA
ASV_4041,0,0,0,0,0,0,0,0,0,0,0,0,0,0,0,0,0,0,0,0,0,0,0,0,0,2,0,0,0,0,0,0,0,0,0,0,0,0,0,0,0,0,0,0,0,Eukaryota,Obazoa,Opisthokonta,Fungi,Basidiomycota,Ustilaginomycotina,Ustilaginomycetes,Pseudozyma,NA,Opisthokonta_Basidiomycota
ASV_4042,0,0,0,0,0,0,0,0,0,0,0,0,0,0,0,0,0,0,0,0,0,0,0,0,0,2,0,0,0,0,0,0,0,0,0,0,0,0,0,0,0,0,0,0,0,Eukaryota,Archaeplastida,Streptophyta,Streptophyta_X,Zygnemophyceae, Zygnemophyceae, ZygnemophyceaeX,Closterium,NA,Streptophyta
ASV_4043,0,0,0,0,0,0,0,0,0,0,0,0,0,0,0,0,0,0,0,0,0,0,0,0,0,2,0,0,0,0,0,0,0,0,0,0,0,0,0,0,0,0,0,0,0,Eukaryota,Archaeplastida,Streptophyta,Streptophyta_X,Embryophyceae,Embryophyceae_X,Embryophyceae_XX,NA,NA,Streptophyta
ASV_4044,0,0,0,0,0,0,0,0,0,0,0,0,0,0,0,0,0,0,0,0,0,0,0,0,0,0,0,2,0,0,0,0,0,0,0,0,0,0,0,0,0,0,0,0,0,Eukaryota,Obazoa,Opisthokonta,Metazoa,Platyhelminthes,Monogenea,Monopisthocotylea,Monopisthocotylea,Monopisthocotylea_X_sp.,Opisthokonta_Platyhelminthes
ASV_4045,0,0,0,0,0,0,0,0,0,0,0,0,0,0,0,0,0,0,0,0,0,0,0,0,0,0,0,0,2,0,0,0,0,0,0,0,0,0,0,0,0,0,0,0,0,Eukaryota,TSAR,Rhizaria,Cercozoa,Filosa-Imbricatea,NA,NA,NA,NA,Rhizaria
ASV_4046,0,0,0,0,0,0,0,0,0,0,0,0,0,0,0,0,0,0,0,0,0,0,0,0,0,0,0,0,0,2,0,0,0,0,0,0,0,0,0,0,0,0,0,0,0,Eukaryota,TSAR,Rhizaria,Cercozoa,NA,NA,NA,NA,NA,Rhizaria
ASV_4047,0,0,0,0,0,0,0,0,0,0,0,0,0,0,0,0,0,0,0,0,0,0,0,0,0,0,0,0,0,2,0,0,0,0,0,0,0,0,0,0,0,0,0,0,0,Eukaryota,TSAR,Stramenopiles,Bigyra,Bicoecea,Bicoecales,Bicoecaceae,Bicoecaceae_X,Bicoecaceae_X_sp.,Stramenopiles
ASV_4048,0,0,0,0,0,0,0,0,0,0,0,0,0,0,0,0,0,0,0,0,0,0,0,0,0,0,0,0,0,2,0,0,0,0,0,0,0,0,0,0,0,0,0,0,0,Eukaryota,TSAR,Stramenopiles,Gyrista,Eustigmatophyceae,Eustigmatophyceae_X,Eustigmatophyceae_XX,Trachydiscus,Trachydiscus_minutus,Stramenopiles
ASV_4049,0,0,0,0,0,0,0,0,0,0,0,0,0,0,0,0,0,0,0,0,0,0,0,0,0,0,0,0,0,2,0,0,0,0,0,0,0,0,0,0,0,0,0,0,0,Eukaryota,Obazoa,Opisthokonta,Metazoa,Arthropoda,Crustacea,Maxillopoda,Skistodiaptomus,NA,Opisthokonta_Arthropoda
ASV_4050,0,0,0,0,0,0,0,0,0,0,0,0,0,0,0,0,0,0,0,0,0,0,0,0,0,0,0,0,0,2,0,0,0,0,0,0,0,0,0,0,0,0,0,0,0,Eukaryota,Archaeplastida,Chlorophyta,Chlorophyta_X,Trebouxiophyceae,Chlorellales,Chlorellales_X,Oocystella,Oocystella_oogama,Chlorophyta
ASV_4051,0,0,0,0,0,0,0,0,0,0,0,0,0,0,0,0,0,0,0,0,0,0,0,0,0,0,0,0,0,2,0,0,0,0,0,0,0,0,0,0,0,0,0,0,0,Eukaryota,Obazoa,Opisthokonta,Metazoa,Arthropoda,Crustacea,Ostracoda,Cypridopsis,Cypridopsis_japonica,Opisthokonta_Arthropoda
ASV_4052,0,0,0,0,0,0,0,0,0,0,0,0,0,0,0,0,0,0,0,0,0,0,0,0,0,0,0,0,0,2,0,0,0,0,0,0,0,0,0,0,0,0,0,0,0,Eukaryota,Haptista,Haptophyta,Haptophyta_X,Prymnesiophyceae,Prymnesiales,Chrysochromulinaceae,Chrysochromulina,NA,Haptophyta
ASV_4053,0,0,0,0,0,0,0,0,0,0,0,0,0,0,0,0,0,0,0,0,0,0,0,0,0,0,0,0,0,0,2,0,0,0,0,0,0,0,0,0,0,0,0,0,0,Eukaryota,TSAR,Rhizaria,Rhizaria_X,Rhizaria_XX,Aquavolonida,Aquavolonida_X,Aquavolon,Aquavolon_hoantrani,Rhizaria
ASV_4054,0,0,0,0,0,0,0,0,0,0,0,0,0,0,0,0,0,0,0,0,0,0,0,0,0,0,0,0,0,0,2,0,0,0,0,0,0,0,0,0,0,0,0,0,0,Eukaryota,TSAR,Stramenopiles,Gyrista,Chrysophyceae,NA,NA,NA,NA,Stramenopiles
ASV_4055,0,0,0,0,0,0,0,0,0,0,0,0,0,0,0,0,0,0,0,0,0,0,0,0,0,0,0,0,0,0,2,0,0,0,0,0,0,0,0,0,0,0,0,0,0,Eukaryota,TSAR,Stramenopiles,Gyrista,NA,NA,NA,NA,NA,Stramenopiles
ASV_4056,0,0,0,0,0,0,0,0,0,0,0,0,0,0,0,0,0,0,0,0,0,0,0,0,0,0,0,0,0,0,2,0,0,0,0,0,0,0,0,0,0,0,0,0,0,NA,NA,NA,NA,NA,NA,NA,NA,NA,NA
ASV_4057,0,0,0,0,0,0,0,0,0,0,0,0,0,0,0,0,0,0,0,0,0,0,0,0,0,0,0,0,0,0,2,0,0,0,0,0,0,0,0,0,0,0,0,0,0,Eukaryota,Obazoa,Opisthokonta,Fungi,Blastocladiomycota,Blastocladiomycotina,Blastocladiomycetes,Catenaria,NA,Opisthokonta_Blastocladiomycota
ASV_4058,0,0,0,0,0,0,0,0,0,0,0,0,0,0,0,0,0,0,0,0,0,0,0,0,0,0,0,0,0,0,0,2,0,0,0,0,0,0,0,0,0,0,0,0,0,Eukaryota,Haptista,Centroplasthelida,Centroplasthelida_X,NA,NA,NA,NA,NA,Centroplasthelida
ASV_4059,0,0,0,0,0,0,0,0,0,0,0,0,0,0,0,0,0,0,0,0,0,0,0,0,0,0,0,0,0,0,0,0,2,0,0,0,0,0,0,0,0,0,0,0,0,Eukaryota,Obazoa,Opisthokonta,Choanoflagellata,Choanoflagellatea,Craspedida,Salpingoecidae_Group_C1,Salpingoecidae_Group_C1_X,Salpingoecidae_Group_C1_X_sp.,Opisthokonta_Choanoflagellatea
ASV_4060,0,0,0,0,0,0,0,0,0,0,0,0,0,0,0,0,0,0,0,0,0,0,0,0,0,0,0,0,0,0,0,0,0,2,0,0,0,0,0,0,0,0,0,0,0,Eukaryota,TSAR,Stramenopiles,Gyrista,Peronosporomycetes,Peronosporomycetes,Peronosporales,Halophytophthora,NA,Stramenopiles
ASV_4061,0,0,0,0,0,0,0,0,0,0,0,0,0,0,0,0,0,0,0,0,0,0,0,0,0,0,0,0,0,0,0,0,0,2,0,0,0,0,0,0,0,0,0,0,0,Eukaryota,Obazoa,Opisthokonta,Metazoa,Gastrotricha,Gastrotricha_X,Gastrotricha_XX,NA,NA,Opisthokonta_Gastrotricha
ASV_4062,0,0,0,0,0,0,0,0,0,0,0,0,0,0,0,0,0,0,0,0,0,0,0,0,0,0,0,0,0,0,0,0,0,2,0,0,0,0,0,0,0,0,0,0,0,Eukaryota,Obazoa,Opisthokonta,Metazoa,Platyhelminthes,Turbellaria,Rhabdocoela,NA,NA,Opisthokonta_Platyhelminthes
ASV_4063,0,0,0,0,0,0,0,0,0,0,0,0,0,0,0,0,0,0,0,0,0,0,0,0,0,0,0,0,0,0,0,0,0,2,0,0,0,0,0,0,0,0,0,0,0,Eukaryota,NA,NA,NA,NA,NA,NA,NA,NA,NA
ASV_4064,0,0,0,0,0,0,0,0,0,0,0,0,0,0,0,0,0,0,0,0,0,0,0,0,0,0,0,0,0,0,0,0,0,2,0,0,0,0,0,0,0,0,0,0,0,Eukaryota,TSAR,Stramenopiles,Gyrista,Chrysophyceae,Chrysophyceae_env_clade-I,Chrysophyceae_env_clade-I_X,Chrysophyceae_env_clade-I_XX,Chrysophyceae_env_clade-I_XX_sp.,Stramenopiles
ASV_4065,0,0,0,0,0,0,0,0,0,0,0,0,0,0,0,0,0,0,0,0,0,0,0,0,0,0,0,0,0,0,0,0,0,2,0,0,0,0,0,0,0,0,0,0,0,Eukaryota,Obazoa,Opisthokonta,NA,NA,NA,NA,NA,NA,Opisthokonta_Unclassified
ASV_4066,0,0,0,0,0,0,0,0,0,0,0,0,0,0,0,0,0,0,0,0,0,0,0,0,0,0,0,0,0,0,0,0,0,2,0,0,0,0,0,0,0,0,0,0,0,Eukaryota,Obazoa,Opisthokonta,Fungi,Basidiomycota,Pucciniomycotina,Cystobasidiomycetes,Rhodotorula,Rhodotorula_phylloplana,Opisthokonta_Basidiomycota
ASV_4067,0,0,0,0,0,0,0,0,0,0,0,0,0,0,0,0,0,0,0,0,0,0,0,0,0,0,0,0,0,0,0,0,0,2,0,0,0,0,0,0,0,0,0,0,0,Eukaryota,TSAR,Stramenopiles,Gyrista,Peronosporomycetes,Peronosporomycetes,Peronosporales,NA,NA,Stramenopiles
ASV_4068,0,0,0,0,0,0,0,0,0,0,0,0,0,0,0,0,0,0,0,0,0,0,0,0,0,0,0,0,0,0,0,0,0,0,2,0,0,0,0,0,0,0,0,0,0,Eukaryota,TSAR,Alveolata,Chrompodellids,Colpodellidea,Colpodellida,Colpodellida_CHR1,Colpodellida_CHR1_X,Colpodellida_CHR1_X_sp.,Alveolata
ASV_4069,0,0,0,0,0,0,0,0,0,0,0,0,0,0,0,0,0,0,0,0,0,0,0,0,0,0,0,0,0,0,0,0,0,0,2,0,0,0,0,0,0,0,0,0,0,Eukaryota,Cryptista,Cryptophyta,Cryptophyta_X,Cryptophyceae,Cryptomonadales,Cryptomonadales_X,Cryptomonas,NA,Cryptophyta
ASV_4070,0,0,0,0,0,0,0,0,0,0,0,0,0,0,0,0,0,0,0,0,0,0,0,0,0,0,0,0,0,0,0,0,0,0,0,2,0,0,0,0,0,0,0,0,0,Eukaryota,TSAR,Stramenopiles,Gyrista,Bacillariophyceae,Naviculales,Pinnulariaceae,Pinnularia,Pinnularia_kuetzingii,Stramenopiles
ASV_4071,0,0,0,0,0,0,0,0,0,0,0,0,0,0,0,0,0,0,0,0,0,0,0,0,0,0,0,0,0,0,0,0,0,0,0,2,0,0,0,0,0,0,0,0,0,Eukaryota,Obazoa,Opisthokonta,Metazoa,Arthropoda,Crustacea,Ostracoda,Cypria,NA,Opisthokonta_Arthropoda
ASV_4072,0,0,0,0,0,0,0,0,0,0,0,0,0,0,0,0,0,0,0,0,0,0,0,0,0,0,0,0,0,0,0,0,0,0,0,2,0,0,0,0,0,0,0,0,0,Eukaryota,Cryptista,Cryptophyta,Cryptophyta_X,Cryptophyceae,Cryptomonadales,Cryptomonadales_X,Chilomonas,Chilomonas_sp.,Cryptophyta
ASV_4073,0,0,0,0,0,0,0,0,0,0,0,0,0,0,0,0,0,0,0,0,0,0,0,0,0,0,0,0,0,0,0,0,0,0,0,2,0,0,0,0,0,0,0,0,0,Eukaryota,TSAR,Alveolata,NA,NA,NA,NA,NA,NA,Alveolata
ASV_4074,0,0,0,0,0,0,0,0,0,0,0,0,0,0,0,0,0,0,0,0,0,0,0,0,0,0,0,0,0,0,0,0,0,0,0,2,0,0,0,0,0,0,0,0,0,Eukaryota,TSAR,Stramenopiles,Bigyra,Bicoecea,Pseudodendromonadales,Pseudodendromonadales_X,NA,NA,Stramenopiles
ASV_4075,0,0,0,0,0,0,0,0,0,0,0,0,0,0,0,0,0,0,0,0,0,0,0,0,0,0,0,0,0,0,0,0,0,0,0,0,2,0,0,0,0,0,0,0,0,Eukaryota,NA,NA,NA,NA,NA,NA,NA,NA,NA
ASV_4076,0,0,0,0,0,0,0,0,0,0,0,0,0,0,0,0,0,0,0,0,0,0,0,0,0,0,0,0,0,0,0,0,0,0,0,0,2,0,0,0,0,0,0,0,0,Eukaryota,Obazoa,Opisthokonta,Metazoa,NA,NA,NA,NA,NA,Opisthokonta_Unclassified
ASV_4077,0,0,0,0,0,0,0,0,0,0,0,0,0,0,0,0,0,0,0,0,0,0,0,0,0,0,0,0,0,0,0,0,0,0,0,0,2,0,0,0,0,0,0,0,0,Eukaryota,Obazoa,Opisthokonta,Metazoa,Arthropoda,Crustacea,Ostracoda,NA,NA,Opisthokonta_Arthropoda
ASV_4078,0,0,0,0,0,0,0,0,0,0,0,0,0,0,0,0,0,0,0,0,0,0,0,0,0,0,0,0,0,0,0,0,0,0,0,0,2,0,0,0,0,0,0,0,0,Eukaryota,Cryptista,Cryptophyta,Cryptophyta_X,Cryptophyceae,Cryptomonadales,Cryptomonadales_X,Cryptomonas,NA,Cryptophyta
ASV_4079,0,0,0,0,0,0,0,0,0,0,0,0,0,0,0,0,0,0,0,0,0,0,0,0,0,0,0,0,0,0,0,0,0,0,0,0,2,0,0,0,0,0,0,0,0,Eukaryota,TSAR,Stramenopiles,Gyrista,Eustigmatophyceae,Eustigmatophyceae_X,Eustigmatophyceae_XX,Goniochloris,Goniochloris_tripus,Stramenopiles
ASV_4080,0,0,0,0,0,0,0,0,0,0,0,0,0,0,0,0,0,0,0,0,0,0,0,0,0,0,0,0,0,0,0,0,0,0,0,0,2,0,0,0,0,0,0,0,0,NA,NA,NA,NA,NA,NA,NA,NA,NA,NA
ASV_4081,0,0,0,0,0,0,0,0,0,0,0,0,0,0,0,0,0,0,0,0,0,0,0,0,0,0,0,0,0,0,0,0,0,0,0,0,2,0,0,0,0,0,0,0,0,Eukaryota,TSAR,Stramenopiles,Bigyra,Opalozoa,Opalozoa_X,MAST-12,MAST-12C,MAST-12C_sp.,Stramenopiles
ASV_4082,0,0,0,0,0,0,0,0,0,0,0,0,0,0,0,0,0,0,0,0,0,0,0,0,0,0,0,0,0,0,0,0,0,0,0,0,2,0,0,0,0,0,0,0,0,Eukaryota,Obazoa,Opisthokonta,Fungi,Ascomycota,Pezizomycotina,Sordariomycetes,NA,NA,Opisthokonta_Ascomycota
ASV_4083,0,0,0,0,0,0,0,0,0,0,0,0,0,0,0,0,0,0,0,0,0,0,0,0,0,0,0,0,0,0,0,0,0,0,0,0,2,0,0,0,0,0,0,0,0,Eukaryota,TSAR,Rhizaria,NA,NA,NA,NA,NA,NA,Rhizaria
ASV_4084,0,0,0,0,0,0,0,0,0,0,0,0,0,0,0,0,0,0,0,0,0,0,0,0,0,0,0,0,0,0,0,0,0,0,0,0,0,2,0,0,0,0,0,0,0,Eukaryota,Obazoa,Opisthokonta,Metazoa,Arthropoda,Crustacea,Maxillopoda,Eudiaptomus,Eudiaptomus_graciloides,Opisthokonta_Arthropoda
ASV_4085,0,0,0,0,0,0,0,0,0,0,0,0,0,0,0,0,0,0,0,0,0,0,0,0,0,0,0,0,0,0,0,0,0,0,0,0,0,2,0,0,0,0,0,0,0,Eukaryota,TSAR,Stramenopiles,Bigyra,Bicoecea,Pseudodendromonadales,Pseudodendromonadales_X,NA,NA,Stramenopiles
ASV_4086,0,0,0,0,0,0,0,0,0,0,0,0,0,0,0,0,0,0,0,0,0,0,0,0,0,0,0,0,0,0,0,0,0,0,0,0,0,2,0,0,0,0,0,0,0,Eukaryota,TSAR,Rhizaria,Cercozoa,NA,NA,NA,NA,NA,Rhizaria
ASV_4087,0,0,0,0,0,0,0,0,0,0,0,0,0,0,0,0,0,0,0,0,0,0,0,0,0,0,0,0,0,0,0,0,0,0,0,0,0,2,0,0,0,0,0,0,0,Eukaryota,Cryptista,Cryptophyta,Cryptophyta_X,Cryptophyceae,Cryptomonadales,Cryptomonadales_X,NA,NA,Cryptophyta
ASV_4088,0,0,0,0,0,0,0,0,0,0,0,0,0,0,0,0,0,0,0,0,0,0,0,0,0,0,0,0,0,0,0,0,0,0,0,0,0,2,0,0,0,0,0,0,0,Eukaryota,TSAR,Stramenopiles,Bigyra,Bicoecea,Pseudodendromonadales,Pseudodendromonadales_X,NA,NA,Stramenopiles
ASV_4089,0,0,0,0,0,0,0,0,0,0,0,0,0,0,0,0,0,0,0,0,0,0,0,0,0,0,0,0,0,0,0,0,0,0,0,0,0,0,0,2,0,0,0,0,0,Eukaryota,TSAR,Stramenopiles,Gyrista,Dictyochophyceae,Dictyochophyceae_X,Pedinellales,Pseudopedinella,NA,Stramenopiles
ASV_4090,0,0,0,0,0,0,0,0,0,0,0,0,0,0,0,0,0,0,0,0,0,0,0,0,0,0,0,0,0,0,0,0,0,0,0,0,0,0,0,2,0,0,0,0,0,Eukaryota,Obazoa,Opisthokonta,Metazoa,Arthropoda,Crustacea,Maxillopoda,NA,NA,Opisthokonta_Arthropoda
ASV_4091,0,0,0,0,0,0,0,0,0,0,0,0,0,0,0,0,0,0,0,0,0,0,0,0,0,0,0,0,0,0,0,0,0,0,0,0,0,0,0,2,0,0,0,0,0,Eukaryota,TSAR,Rhizaria,Cercozoa,Endomyxa,Vampyrellida,Vampyrellida_X,Placopus,Placopus_flabellus,Rhizaria
ASV_4092,0,0,0,0,0,0,0,0,0,0,0,0,0,0,0,0,0,0,0,0,0,0,0,0,0,0,0,0,0,0,0,0,0,0,0,0,0,0,0,0,2,0,0,0,0,Eukaryota,Amoebozoa,Evosea,Evosea_X,Variosea,Flamellidae,Flamella-lineage,Flamella,Flamella_fluviatilis,Evosea
ASV_4093,0,0,0,0,0,0,0,0,0,0,0,0,0,0,0,0,0,0,0,0,0,0,0,0,0,0,0,0,0,0,0,0,0,0,0,0,0,0,0,0,2,0,0,0,0,Eukaryota,NA,NA,NA,NA,NA,NA,NA,NA,NA
ASV_4094,0,0,0,0,0,0,0,0,0,0,0,0,0,0,0,0,0,0,0,0,0,0,0,0,0,0,0,0,0,0,0,0,0,0,0,0,0,0,0,0,2,0,0,0,0,Eukaryota,Obazoa,Opisthokonta,Metazoa,Arthropoda,Crustacea,Ostracoda,Cypridopsis,Cypridopsis_japonica,Opisthokonta_Arthropoda
ASV_4095,0,0,0,0,0,0,0,0,0,0,0,0,0,0,0,0,0,0,0,0,0,0,0,0,0,0,0,0,0,0,0,0,0,0,0,0,0,0,0,0,0,2,0,0,0,Eukaryota,Obazoa,Opisthokonta,Metazoa,Arthropoda,Crustacea,Maxillopoda,Skistodiaptomus,NA,Opisthokonta_Arthropoda
ASV_4096,0,0,0,0,0,0,0,0,0,0,0,0,0,0,0,0,0,0,0,0,0,0,0,0,0,0,0,0,0,0,0,0,0,0,0,0,0,0,0,0,0,0,2,0,0,Eukaryota,TSAR,Stramenopiles,Bigyra,Opalozoa,Opalozoa_X,MAST-12,MAST-12C,MAST-12C_sp.,Stramenopiles
ASV_4097,0,0,0,0,0,0,0,0,0,0,0,0,0,0,0,0,0,0,0,0,0,0,0,0,0,0,0,0,0,0,0,0,0,0,0,0,0,0,0,0,0,0,2,0,0,Eukaryota,Obazoa,Opisthokonta,Metazoa,Arthropoda,Crustacea,Maxillopoda,Eudiaptomus,Eudiaptomus_graciloides,Opisthokonta_Arthropoda
ASV_4098,0,0,0,0,0,0,0,0,0,0,0,0,0,0,0,0,0,0,0,0,0,0,0,0,0,0,0,0,0,0,0,0,0,0,0,0,0,0,0,0,0,0,2,0,0,Eukaryota,TSAR,Stramenopiles,Gyrista,Bacillariophyceae,Naviculales,Stauroneidaceae,Stauroneis,Stauroneis_latistauros,Stramenopiles
ASV_4099,0,0,0,0,0,0,0,0,0,0,0,0,0,0,0,0,0,0,0,0,0,0,0,0,0,0,0,0,0,0,0,0,0,0,0,0,0,0,0,0,0,0,0,2,0,Eukaryota,Archaeplastida,Chlorophyta,Chlorophyta_X,Chlorophyceae,Sphaeropleales,Sphaeropleales_X,Atractomorpha,Atractomorpha_echinata,Chlorophyta
ASV_4100,0,0,0,0,0,0,0,0,0,0,0,0,0,0,0,0,0,0,0,0,0,0,0,0,0,0,0,0,0,0,0,0,0,0,0,0,0,0,0,0,0,0,0,2,0,Eukaryota,TSAR,Stramenopiles,Gyrista,Chrysophyceae,Paraphysomonadales,Paraphysomonadaceae,Paraphysomonas,NA,Stramenopiles
ASV_4101,0,0,0,0,0,0,0,0,0,0,0,0,0,0,0,0,0,0,0,0,0,0,0,0,0,0,0,0,0,0,0,0,0,0,0,0,0,0,0,0,0,0,0,2,0,Eukaryota,TSAR,Stramenopiles,Gyrista,Peronosporomycetes,Peronosporomycetes,Saprolegniales,Saprolegniales_X,Saprolegniales_X_sp.,Stramenopiles
ASV_4102,0,0,0,0,0,0,0,0,0,0,0,0,0,0,0,0,0,0,0,0,0,0,0,0,0,0,0,0,0,0,0,0,0,0,0,0,0,0,0,0,0,0,0,0,2,Eukaryota,Obazoa,Opisthokonta,Metazoa,Arthropoda,Crustacea,Maxillopoda,Eudiaptomus,Eudiaptomus_graciloides,Opisthokonta_Arthropoda
ASV_4103,0,0,0,0,0,0,0,0,0,0,0,0,0,0,0,0,0,0,0,0,0,0,0,0,0,0,0,0,0,0,0,0,0,0,0,0,0,0,0,0,0,0,0,0,2,Eukaryota,TSAR,Stramenopiles,Gyrista,NA,NA,NA,NA,NA,Stramenopiles
ASV_4104,0,0,0,0,0,0,0,0,0,0,0,0,0,0,0,0,0,0,0,0,0,0,0,0,0,0,0,0,0,0,0,0,0,0,0,0,0,0,0,0,0,0,0,0,2,Eukaryota,Obazoa,Opisthokonta,Metazoa,Arthropoda,Crustacea,Maxillopoda,NA,NA,Opisthokonta_Arthropoda
ASV_4105,0,1,0,0,0,0,0,0,0,0,0,0,0,0,0,0,0,0,0,0,0,0,0,0,0,0,0,0,0,0,0,0,0,0,0,0,0,0,0,0,0,0,0,0,0,Eukaryota,Archaeplastida,Chlorophyta,Chlorophyta_X,Chlorophyceae,Sphaeropleales,Sphaeropleales_X,NA,NA,Chlorophyta
ASV_4106,0,1,0,0,0,0,0,0,0,0,0,0,0,0,0,0,0,0,0,0,0,0,0,0,0,0,0,0,0,0,0,0,0,0,0,0,0,0,0,0,0,0,0,0,0,Eukaryota,Obazoa,Opisthokonta,Metazoa,Arthropoda,Crustacea,Branchiopoda,Bosmina,Bosmina_longirostris,Opisthokonta_Arthropoda
ASV_4107,0,1,0,0,0,0,0,0,0,0,0,0,0,0,0,0,0,0,0,0,0,0,0,0,0,0,0,0,0,0,0,0,0,0,0,0,0,0,0,0,0,0,0,0,0,Eukaryota,Obazoa,Opisthokonta,NA,NA,NA,NA,NA,NA,Opisthokonta_Unclassified
ASV_4108,0,0,0,1,0,0,0,0,0,0,0,0,0,0,0,0,0,0,0,0,0,0,0,0,0,0,0,0,0,0,0,0,0,0,0,0,0,0,0,0,0,0,0,0,0,Eukaryota,Archaeplastida,Chlorophyta,Chlorophyta_X,Trebouxiophyceae,Chlorellales,Chlorellales_X,Oocystella,Oocystella_oogama,Chlorophyta
ASV_4109,0,0,0,1,0,0,0,0,0,0,0,0,0,0,0,0,0,0,0,0,0,0,0,0,0,0,0,0,0,0,0,0,0,0,0,0,0,0,0,0,0,0,0,0,0,Eukaryota,Archaeplastida,Chlorophyta,Chlorophyta_X,Trebouxiophyceae,Chlorellales,Chlorellales_X,Oocystella,Oocystella_oogama,Chlorophyta
ASV_4110,0,0,0,0,1,0,0,0,0,0,0,0,0,0,0,0,0,0,0,0,0,0,0,0,0,0,0,0,0,0,0,0,0,0,0,0,0,0,0,0,0,0,0,0,0,Eukaryota,Archaeplastida,Chlorophyta,Chlorophyta_X,Chlorophyceae,Chlamydomonadales,Chlamydomonadales_X,NA,NA,Chlorophyta
ASV_4111,0,0,0,0,0,0,1,0,0,0,0,0,0,0,0,0,0,0,0,0,0,0,0,0,0,0,0,0,0,0,0,0,0,0,0,0,0,0,0,0,0,0,0,0,0,Eukaryota,Obazoa,Opisthokonta,Fungi,Rozellomycota,Rozellomycota_X,Rozellomycota_XX,Rozella,Rozella_multimorpha,Opisthokonta_Rozellomycota
ASV_4112,0,0,0,0,0,0,1,0,0,0,0,0,0,0,0,0,0,0,0,0,0,0,0,0,0,0,0,0,0,0,0,0,0,0,0,0,0,0,0,0,0,0,0,0,0,Eukaryota,Obazoa,Opisthokonta,Fungi,Rozellomycota,Rozellomycota_X,Rozellomycota_XX,Rozella,Rozella_multimorpha,Opisthokonta_Rozellomycota
ASV_4113,0,0,0,0,0,0,0,1,0,0,0,0,0,0,0,0,0,0,0,0,0,0,0,0,0,0,0,0,0,0,0,0,0,0,0,0,0,0,0,0,0,0,0,0,0,Eukaryota,Obazoa,Opisthokonta,Metazoa,Arthropoda,Crustacea,Branchiopoda,NA,NA,Opisthokonta_Arthropoda
ASV_4114,0,0,0,0,0,0,0,0,0,0,0,0,0,0,0,1,0,0,0,0,0,0,0,0,0,0,0,0,0,0,0,0,0,0,0,0,0,0,0,0,0,0,0,0,0,Eukaryota,TSAR,Stramenopiles,Gyrista,Chrysophyceae,NA,NA,NA,NA,Stramenopiles
ASV_4115,0,0,0,0,0,0,0,0,0,0,0,0,0,0,0,0,0,1,0,0,0,0,0,0,0,0,0,0,0,0,0,0,0,0,0,0,0,0,0,0,0,0,0,0,0,Eukaryota,Archaeplastida,Chlorophyta,Chlorophyta_X,Chlorophyceae,Sphaeropleales,Sphaeropleales_X,NA,NA,Chlorophyta
ASV_4116,0,0,0,0,0,0,0,0,0,0,0,0,0,0,0,0,0,0,1,0,0,0,0,0,0,0,0,0,0,0,0,0,0,0,0,0,0,0,0,0,0,0,0,0,0,Eukaryota,TSAR,Stramenopiles,Bigyra,Opalozoa,Opalozoa_X,MAST-12,MAST-12C,MAST-12C_sp.,Stramenopiles
ASV_4117,0,0,0,0,0,0,0,0,0,0,0,0,0,0,0,0,0,0,0,0,0,1,0,0,0,0,0,0,0,0,0,0,0,0,0,0,0,0,0,0,0,0,0,0,0,Eukaryota,Archaeplastida,Chlorophyta,Chlorophyta_X,Chlorophyceae,Chlamydomonadales,Chlamydomonadales_X,NA,NA,Chlorophyta
ASV_4118,0,0,0,0,0,0,0,0,0,0,0,0,0,0,0,0,0,0,0,0,0,0,1,0,0,0,0,0,0,0,0,0,0,0,0,0,0,0,0,0,0,0,0,0,0,Eukaryota,TSAR,Stramenopiles,Gyrista,Chrysophyceae,Synurales,Synuraceae,Mallomonas,NA,Stramenopiles
ASV_4119,0,0,0,0,0,0,0,0,0,0,0,0,0,0,0,0,0,0,0,0,0,0,1,0,0,0,0,0,0,0,0,0,0,0,0,0,0,0,0,0,0,0,0,0,0,Eukaryota,Archaeplastida,Chlorophyta,Chlorophyta_X,Chlorophyceae,Chlamydomonadales,Chlamydomonadales_X,NA,NA,Chlorophyta
ASV_4120,0,0,0,0,0,0,0,0,0,0,0,0,0,0,0,0,0,0,0,0,0,0,1,0,0,0,0,0,0,0,0,0,0,0,0,0,0,0,0,0,0,0,0,0,0,Eukaryota,Obazoa,Opisthokonta,Fungi,Chytridiomycota,NA,NA,NA,NA,Opisthokonta_Chytridiomycota
ASV_4121,0,0,0,0,0,0,0,0,0,0,0,0,0,0,0,0,0,0,0,0,0,0,1,0,0,0,0,0,0,0,0,0,0,0,0,0,0,0,0,0,0,0,0,0,0,Eukaryota,Archaeplastida,Chlorophyta,Chlorophyta_X,Chlorophyceae,Sphaeropleales,NA,NA,NA,Chlorophyta
ASV_4122,0,0,0,0,0,0,0,0,0,0,0,0,0,0,0,0,0,0,0,0,0,0,0,1,0,0,0,0,0,0,0,0,0,0,0,0,0,0,0,0,0,0,0,0,0,Eukaryota,Obazoa,Opisthokonta,Fungi,Ascomycota,Pezizomycotina,Dothideomycetes,NA,NA,Opisthokonta_Ascomycota
ASV_4123,0,0,0,0,0,0,0,0,0,0,0,0,0,0,0,0,0,0,0,0,0,0,0,0,0,1,0,0,0,0,0,0,0,0,0,0,0,0,0,0,0,0,0,0,0,Eukaryota,Obazoa,Opisthokonta,Fungi,Chytridiomycota,Spizellomycetales,Spizellomycetales_X,Spizellomycetales_XX,Spizellomycetales_XX_sp.,Opisthokonta_Chytridiomycota
ASV_4124,0,0,0,0,0,0,0,0,0,0,0,0,0,0,0,0,0,0,0,0,0,0,0,0,0,1,0,0,0,0,0,0,0,0,0,0,0,0,0,0,0,0,0,0,0,Eukaryota,Obazoa,Opisthokonta,Fungi,Ascomycota,Pezizomycotina,Dothideomycetes,NA,NA,Opisthokonta_Ascomycota
ASV_4125,0,0,0,0,0,0,0,0,0,0,0,0,0,0,0,0,0,0,0,0,0,0,0,0,0,1,0,0,0,0,0,0,0,0,0,0,0,0,0,0,0,0,0,0,0,Eukaryota,Obazoa,Opisthokonta,Fungi,NA,NA,NA,NA,NA,Opisthokonta_Unclassified
ASV_4126,0,0,0,0,0,0,0,0,0,0,0,0,0,0,0,0,0,0,0,0,0,0,0,0,0,0,0,0,0,0,0,0,0,0,1,0,0,0,0,0,0,0,0,0,0,Eukaryota,Obazoa,Opisthokonta,Metazoa,Arthropoda,Crustacea,Branchiopoda,Bosmina,Bosmina_longirostris,Opisthokonta_Arthropoda
ASV_4127,0,0,0,0,0,0,0,0,0,0,0,0,0,0,0,0,0,0,0,0,0,0,0,0,0,0,0,0,0,0,0,0,0,0,1,0,0,0,0,0,0,0,0,0,0,Eukaryota,Obazoa,Opisthokonta,Metazoa,Arthropoda,Crustacea,Branchiopoda,NA,NA,Opisthokonta_Arthropoda
ASV_4128,0,0,0,0,0,0,0,0,0,0,0,0,0,0,0,0,0,0,0,0,0,0,0,0,0,0,0,0,0,0,0,0,0,0,0,0,1,0,0,0,0,0,0,0,0,Eukaryota,Obazoa,Opisthokonta,Fungi,Basidiomycota,Agaricomycotina,Agaricomycetes,NA,NA,Opisthokonta_Basidiomycota
ASV_4129,0,0,0,0,0,0,0,0,0,0,0,0,0,0,0,0,0,0,0,0,0,0,0,0,0,0,0,0,0,0,0,0,0,0,0,0,0,1,0,0,0,0,0,0,0,Eukaryota,Archaeplastida,Chlorophyta,Chlorophyta_X,Chlorophyceae,Chlamydomonadales,Chlamydomonadales_X,Hafniomonas,Hafniomonas_reticulata,Chlorophyta
ASV_4130,0,0,0,0,0,0,0,0,0,0,0,0,0,0,0,0,0,0,0,0,0,0,0,0,0,0,0,0,0,0,0,0,0,0,0,0,0,0,0,0,0,0,0,1,0,Eukaryota,TSAR,Stramenopiles,Gyrista,Peronosporomycetes,Peronosporomycetes,Peronosporales,NA,NA,Stramenopiles
