"Lake","Month","Date_Sam","Phylum","RelAbund"
"Lake Mohegan","August","8-04_LM","Acidobacteriota",0.00260424286759327
"Lake Mohegan","August","8-04_LM","Actinobacteriota",0.0165325530358449
"Lake Mohegan","August","8-04_LM","Aenigmarchaeota",0
"Lake Mohegan","August","8-04_LM","Armatimonadota",0.0122604242867593
"Lake Mohegan","August","8-04_LM","Bacteroidota",0.0582297000731529
"Lake Mohegan","August","8-04_LM","Bdellovibrionota",0.00424286759326993
"Lake Mohegan","August","8-04_LM","Calditrichota",0
"Lake Mohegan","August","8-04_LM","Campylobacterota",0
"Lake Mohegan","August","8-04_LM","Chloroflexi",0.00207754206291148
"Lake Mohegan","August","8-04_LM","Cloacimonadota",0
"Lake Mohegan","August","8-04_LM","Crenarchaeota",0
"Lake Mohegan","August","8-04_LM","Cyanobacteriota",0.601872713972202
"Lake Mohegan","August","8-04_LM","Deinococcota",0
"Lake Mohegan","August","8-04_LM","Dependentiae",0
"Lake Mohegan","August","8-04_LM","Desulfobacterota",0.00634967081199707
"Lake Mohegan","August","8-04_LM","Elusimicrobiota",0
"Lake Mohegan","August","8-04_LM","Euryarchaeota",0
"Lake Mohegan","August","8-04_LM","Fermentibacterota",0
"Lake Mohegan","August","8-04_LM","Fibrobacterota",0
"Lake Mohegan","August","8-04_LM","Firmicutes",0.0152158010241405
"Lake Mohegan","August","8-04_LM","Fusobacteriota",0
"Lake Mohegan","August","8-04_LM","Gemmatimonadota",0
"Lake Mohegan","August","8-04_LM","Halobacterota",0
"Lake Mohegan","August","8-04_LM","Hydrogenedentes",0
"Lake Mohegan","August","8-04_LM","Latescibacterota",0
"Lake Mohegan","August","8-04_LM","Methylomirabilota",0
"Lake Mohegan","August","8-04_LM","Micrarchaeota",0
"Lake Mohegan","August","8-04_LM","Modulibacteria",0
"Lake Mohegan","August","8-04_LM","Myxococcota",0.000877834674469642
"Lake Mohegan","August","8-04_LM","Nanoarchaeota",0
"Lake Mohegan","August","8-04_LM","Nitrospirota",0
"Lake Mohegan","August","8-04_LM","Patescibacteria",0
"Lake Mohegan","August","8-04_LM","Planctomycetota",0.0397366495976591
"Lake Mohegan","August","8-04_LM","Proteobacteria",0.109729334308705
"Lake Mohegan","August","8-04_LM","Spirochaetota",0
"Lake Mohegan","August","8-04_LM","Sumerlaeota",0
"Lake Mohegan","August","8-04_LM","Thermoplasmatota",0
"Lake Mohegan","August","8-04_LM","Verrucomicrobiota",0.130270665691295
"Lake Mohegan","August","8-12_LM","Acidobacteriota",0
"Lake Mohegan","August","8-12_LM","Actinobacteriota",0.0588540446467419
"Lake Mohegan","August","8-12_LM","Aenigmarchaeota",0
"Lake Mohegan","August","8-12_LM","Armatimonadota",0.00814953646373707
"Lake Mohegan","August","8-12_LM","Bacteroidota",0.0778305833528565
"Lake Mohegan","August","8-12_LM","Bdellovibrionota",0.00396599618461127
"Lake Mohegan","August","8-12_LM","Calditrichota",0
"Lake Mohegan","August","8-12_LM","Campylobacterota",0
"Lake Mohegan","August","8-12_LM","Chloroflexi",0.00304561732320359
"Lake Mohegan","August","8-12_LM","Cloacimonadota",0
"Lake Mohegan","August","8-12_LM","Crenarchaeota",0
"Lake Mohegan","August","8-12_LM","Cyanobacteriota",0.324006827537736
"Lake Mohegan","August","8-12_LM","Deinococcota",0.000451822350145587
"Lake Mohegan","August","8-12_LM","Dependentiae",0
"Lake Mohegan","August","8-12_LM","Desulfobacterota",0
"Lake Mohegan","August","8-12_LM","Elusimicrobiota",0
"Lake Mohegan","August","8-12_LM","Euryarchaeota",0
"Lake Mohegan","August","8-12_LM","Fermentibacterota",0
"Lake Mohegan","August","8-12_LM","Fibrobacterota",0
"Lake Mohegan","August","8-12_LM","Firmicutes",0.000200809933398039
"Lake Mohegan","August","8-12_LM","Fusobacteriota",0
"Lake Mohegan","August","8-12_LM","Gemmatimonadota",0
"Lake Mohegan","August","8-12_LM","Halobacterota",0
"Lake Mohegan","August","8-12_LM","Hydrogenedentes",0.000100404966699019
"Lake Mohegan","August","8-12_LM","Latescibacterota",0
"Lake Mohegan","August","8-12_LM","Methylomirabilota",0
"Lake Mohegan","August","8-12_LM","Micrarchaeota",0
"Lake Mohegan","August","8-12_LM","Modulibacteria",0
"Lake Mohegan","August","8-12_LM","Myxococcota",0.00256032665082499
"Lake Mohegan","August","8-12_LM","Nanoarchaeota",0
"Lake Mohegan","August","8-12_LM","Nitrospirota",0
"Lake Mohegan","August","8-12_LM","Patescibacteria",0
"Lake Mohegan","August","8-12_LM","Planctomycetota",0.00721242344121289
"Lake Mohegan","August","8-12_LM","Proteobacteria",0.102011446166204
"Lake Mohegan","August","8-12_LM","Spirochaetota",0
"Lake Mohegan","August","8-12_LM","Sumerlaeota",0
"Lake Mohegan","August","8-12_LM","Thermoplasmatota",0
"Lake Mohegan","August","8-12_LM","Verrucomicrobiota",0.41161016098263
"Lake Mohegan","August","8-18_LM","Acidobacteriota",0.000484383129115014
"Lake Mohegan","August","8-18_LM","Actinobacteriota",0.0791517913205719
"Lake Mohegan","August","8-18_LM","Aenigmarchaeota",0
"Lake Mohegan","August","8-18_LM","Armatimonadota",0.0156437810588256
"Lake Mohegan","August","8-18_LM","Bacteroidota",0.0603146696327658
"Lake Mohegan","August","8-18_LM","Bdellovibrionota",0.000340862201969825
"Lake Mohegan","August","8-18_LM","Calditrichota",0
"Lake Mohegan","August","8-18_LM","Campylobacterota",7.17604635725947e-05
"Lake Mohegan","August","8-18_LM","Chloroflexi",0.00577671731759387
"Lake Mohegan","August","8-18_LM","Cloacimonadota",0
"Lake Mohegan","August","8-18_LM","Crenarchaeota",0
"Lake Mohegan","August","8-18_LM","Cyanobacteriota",0.594571320930733
"Lake Mohegan","August","8-18_LM","Deinococcota",0
"Lake Mohegan","August","8-18_LM","Dependentiae",0
"Lake Mohegan","August","8-18_LM","Desulfobacterota",0.000107640695358892
"Lake Mohegan","August","8-18_LM","Elusimicrobiota",0
"Lake Mohegan","August","8-18_LM","Euryarchaeota",0
"Lake Mohegan","August","8-18_LM","Fermentibacterota",0
"Lake Mohegan","August","8-18_LM","Fibrobacterota",0
"Lake Mohegan","August","8-18_LM","Firmicutes",0
"Lake Mohegan","August","8-18_LM","Fusobacteriota",5.3820347679446e-05
"Lake Mohegan","August","8-18_LM","Gemmatimonadota",0
"Lake Mohegan","August","8-18_LM","Halobacterota",0
"Lake Mohegan","August","8-18_LM","Hydrogenedentes",0
"Lake Mohegan","August","8-18_LM","Latescibacterota",0
"Lake Mohegan","August","8-18_LM","Methylomirabilota",0
"Lake Mohegan","August","8-18_LM","Micrarchaeota",0
"Lake Mohegan","August","8-18_LM","Modulibacteria",0
"Lake Mohegan","August","8-18_LM","Myxococcota",0.0020631133277121
"Lake Mohegan","August","8-18_LM","Nanoarchaeota",0
"Lake Mohegan","August","8-18_LM","Nitrospirota",0
"Lake Mohegan","August","8-18_LM","Patescibacteria",0.00080730521519169
"Lake Mohegan","August","8-18_LM","Planctomycetota",0.00882653701942914
"Lake Mohegan","August","8-18_LM","Proteobacteria",0.0667192910066199
"Lake Mohegan","August","8-18_LM","Spirochaetota",0.00111228718537522
"Lake Mohegan","August","8-18_LM","Sumerlaeota",3.58802317862973e-05
"Lake Mohegan","August","8-18_LM","Thermoplasmatota",0
"Lake Mohegan","August","8-18_LM","Verrucomicrobiota",0.163918838915699
"Lake Mohegan","August","8-26_LM","Acidobacteriota",0.00116981867810489
"Lake Mohegan","August","8-26_LM","Actinobacteriota",0.0198160194260799
"Lake Mohegan","August","8-26_LM","Aenigmarchaeota",0
"Lake Mohegan","August","8-26_LM","Armatimonadota",0.00272957691557809
"Lake Mohegan","August","8-26_LM","Bacteroidota",0.016536982222301
"Lake Mohegan","August","8-26_LM","Bdellovibrionota",0
"Lake Mohegan","August","8-26_LM","Calditrichota",0
"Lake Mohegan","August","8-26_LM","Campylobacterota",0
"Lake Mohegan","August","8-26_LM","Chloroflexi",0.00134706393236321
"Lake Mohegan","August","8-26_LM","Cloacimonadota",0
"Lake Mohegan","August","8-26_LM","Crenarchaeota",0
"Lake Mohegan","August","8-26_LM","Cyanobacteriota",0.870628688916854
"Lake Mohegan","August","8-26_LM","Deinococcota",0.000567184813626615
"Lake Mohegan","August","8-26_LM","Dependentiae",0
"Lake Mohegan","August","8-26_LM","Desulfobacterota",0
"Lake Mohegan","August","8-26_LM","Elusimicrobiota",0
"Lake Mohegan","August","8-26_LM","Euryarchaeota",0
"Lake Mohegan","August","8-26_LM","Fermentibacterota",0
"Lake Mohegan","August","8-26_LM","Fibrobacterota",0
"Lake Mohegan","August","8-26_LM","Firmicutes",0.00303089384781722
"Lake Mohegan","August","8-26_LM","Fusobacteriota",0
"Lake Mohegan","August","8-26_LM","Gemmatimonadota",0
"Lake Mohegan","August","8-26_LM","Halobacterota",0
"Lake Mohegan","August","8-26_LM","Hydrogenedentes",0
"Lake Mohegan","August","8-26_LM","Latescibacterota",0
"Lake Mohegan","August","8-26_LM","Methylomirabilota",0
"Lake Mohegan","August","8-26_LM","Micrarchaeota",0
"Lake Mohegan","August","8-26_LM","Modulibacteria",0
"Lake Mohegan","August","8-26_LM","Myxococcota",0.00462610113614208
"Lake Mohegan","August","8-26_LM","Nanoarchaeota",0
"Lake Mohegan","August","8-26_LM","Nitrospirota",0
"Lake Mohegan","August","8-26_LM","Patescibacteria",0
"Lake Mohegan","August","8-26_LM","Planctomycetota",0.00125844130523405
"Lake Mohegan","August","8-26_LM","Proteobacteria",0.0669632570587922
"Lake Mohegan","August","8-26_LM","Spirochaetota",0
"Lake Mohegan","August","8-26_LM","Sumerlaeota",0
"Lake Mohegan","August","8-26_LM","Thermoplasmatota",0
"Lake Mohegan","August","8-26_LM","Verrucomicrobiota",0.0113259717471065
"Lake Mohegan","July","7-08_LM","Acidobacteriota",0.00978788779859253
"Lake Mohegan","July","7-08_LM","Actinobacteriota",0.118693626722173
"Lake Mohegan","July","7-08_LM","Aenigmarchaeota",0
"Lake Mohegan","July","7-08_LM","Armatimonadota",0.0105808306075924
"Lake Mohegan","July","7-08_LM","Bacteroidota",0.19355238378432
"Lake Mohegan","July","7-08_LM","Bdellovibrionota",0.000966399048468629
"Lake Mohegan","July","7-08_LM","Calditrichota",0
"Lake Mohegan","July","7-08_LM","Campylobacterota",0.00032213301615621
"Lake Mohegan","July","7-08_LM","Chloroflexi",0.00750817722271781
"Lake Mohegan","July","7-08_LM","Cloacimonadota",0
"Lake Mohegan","July","7-08_LM","Crenarchaeota",0
"Lake Mohegan","July","7-08_LM","Cyanobacteriota",0.197417979978194
"Lake Mohegan","July","7-08_LM","Deinococcota",0
"Lake Mohegan","July","7-08_LM","Dependentiae",0.000148676776687481
"Lake Mohegan","July","7-08_LM","Desulfobacterota",0.000421250867281197
"Lake Mohegan","July","7-08_LM","Elusimicrobiota",0
"Lake Mohegan","July","7-08_LM","Euryarchaeota",0
"Lake Mohegan","July","7-08_LM","Fermentibacterota",0
"Lake Mohegan","July","7-08_LM","Fibrobacterota",0
"Lake Mohegan","July","7-08_LM","Firmicutes",0.00540192288631183
"Lake Mohegan","July","7-08_LM","Fusobacteriota",0.000644266032312419
"Lake Mohegan","July","7-08_LM","Gemmatimonadota",0.00294875607096838
"Lake Mohegan","July","7-08_LM","Halobacterota",0
"Lake Mohegan","July","7-08_LM","Hydrogenedentes",0.000173456239468728
"Lake Mohegan","July","7-08_LM","Latescibacterota",4.95589255624938e-05
"Lake Mohegan","July","7-08_LM","Methylomirabilota",0
"Lake Mohegan","July","7-08_LM","Micrarchaeota",0
"Lake Mohegan","July","7-08_LM","Modulibacteria",0
"Lake Mohegan","July","7-08_LM","Myxococcota",0.00218059272474973
"Lake Mohegan","July","7-08_LM","Nanoarchaeota",0.000123897313906235
"Lake Mohegan","July","7-08_LM","Nitrospirota",0
"Lake Mohegan","July","7-08_LM","Patescibacteria",0.00577361482803053
"Lake Mohegan","July","7-08_LM","Planctomycetota",0.0730746357418971
"Lake Mohegan","July","7-08_LM","Proteobacteria",0.281692932897215
"Lake Mohegan","July","7-08_LM","Spirochaetota",0
"Lake Mohegan","July","7-08_LM","Sumerlaeota",0
"Lake Mohegan","July","7-08_LM","Thermoplasmatota",0
"Lake Mohegan","July","7-08_LM","Verrucomicrobiota",0.0885370205173952
"Lake Mohegan","July","7-14_LM","Acidobacteriota",0.00495439980280996
"Lake Mohegan","July","7-14_LM","Actinobacteriota",0.115578013310328
"Lake Mohegan","July","7-14_LM","Aenigmarchaeota",0
"Lake Mohegan","July","7-14_LM","Armatimonadota",0.0179196450579246
"Lake Mohegan","July","7-14_LM","Bacteroidota",0.16255854079369
"Lake Mohegan","July","7-14_LM","Bdellovibrionota",0.00749322159230959
"Lake Mohegan","July","7-14_LM","Calditrichota",0
"Lake Mohegan","July","7-14_LM","Campylobacterota",0.00170076411141237
"Lake Mohegan","July","7-14_LM","Chloroflexi",0.00581710623613507
"Lake Mohegan","July","7-14_LM","Cloacimonadota",0
"Lake Mohegan","July","7-14_LM","Crenarchaeota",0
"Lake Mohegan","July","7-14_LM","Cyanobacteriota",0.0791225043135322
"Lake Mohegan","July","7-14_LM","Deinococcota",0.000172541286665023
"Lake Mohegan","July","7-14_LM","Dependentiae",0.000320433818092186
"Lake Mohegan","July","7-14_LM","Desulfobacterota",0.000246487552378605
"Lake Mohegan","July","7-14_LM","Elusimicrobiota",0
"Lake Mohegan","July","7-14_LM","Euryarchaeota",0
"Lake Mohegan","July","7-14_LM","Fermentibacterota",0
"Lake Mohegan","July","7-14_LM","Fibrobacterota",9.8595020951442e-05
"Lake Mohegan","July","7-14_LM","Firmicutes",0.00882425437515406
"Lake Mohegan","July","7-14_LM","Fusobacteriota",0
"Lake Mohegan","July","7-14_LM","Gemmatimonadota",4.9297510475721e-05
"Lake Mohegan","July","7-14_LM","Halobacterota",7.39462657135815e-05
"Lake Mohegan","July","7-14_LM","Hydrogenedentes",0
"Lake Mohegan","July","7-14_LM","Latescibacterota",0
"Lake Mohegan","July","7-14_LM","Methylomirabilota",0
"Lake Mohegan","July","7-14_LM","Micrarchaeota",0
"Lake Mohegan","July","7-14_LM","Modulibacteria",0
"Lake Mohegan","July","7-14_LM","Myxococcota",0.00665516391422233
"Lake Mohegan","July","7-14_LM","Nanoarchaeota",0
"Lake Mohegan","July","7-14_LM","Nitrospirota",0
"Lake Mohegan","July","7-14_LM","Patescibacteria",0.001059896475228
"Lake Mohegan","July","7-14_LM","Planctomycetota",0.041163421247227
"Lake Mohegan","July","7-14_LM","Proteobacteria",0.280453537096377
"Lake Mohegan","July","7-14_LM","Spirochaetota",0
"Lake Mohegan","July","7-14_LM","Sumerlaeota",0
"Lake Mohegan","July","7-14_LM","Thermoplasmatota",0
"Lake Mohegan","July","7-14_LM","Verrucomicrobiota",0.265738230219374
"Lake Mohegan","July","7-18_LM","Acidobacteriota",0.00155547147601631
"Lake Mohegan","July","7-18_LM","Actinobacteriota",0.0638584100559129
"Lake Mohegan","July","7-18_LM","Aenigmarchaeota",0
"Lake Mohegan","July","7-18_LM","Armatimonadota",0.00914364989279859
"Lake Mohegan","July","7-18_LM","Bacteroidota",0.0732542985664439
"Lake Mohegan","July","7-18_LM","Bdellovibrionota",0.00487661327615925
"Lake Mohegan","July","7-18_LM","Calditrichota",0
"Lake Mohegan","July","7-18_LM","Campylobacterota",6.30596544330937e-05
"Lake Mohegan","July","7-18_LM","Chloroflexi",0.00109303401017362
"Lake Mohegan","July","7-18_LM","Cloacimonadota",0
"Lake Mohegan","July","7-18_LM","Crenarchaeota",0
"Lake Mohegan","July","7-18_LM","Cyanobacteriota",0.422730903434649
"Lake Mohegan","July","7-18_LM","Deinococcota",0
"Lake Mohegan","July","7-18_LM","Dependentiae",0
"Lake Mohegan","July","7-18_LM","Desulfobacterota",0.00050447723546475
"Lake Mohegan","July","7-18_LM","Elusimicrobiota",0
"Lake Mohegan","July","7-18_LM","Euryarchaeota",0
"Lake Mohegan","July","7-18_LM","Fermentibacterota",0
"Lake Mohegan","July","7-18_LM","Fibrobacterota",0
"Lake Mohegan","July","7-18_LM","Firmicutes",0.00140833228233909
"Lake Mohegan","July","7-18_LM","Fusobacteriota",0.000147139193677219
"Lake Mohegan","July","7-18_LM","Gemmatimonadota",0
"Lake Mohegan","July","7-18_LM","Halobacterota",0
"Lake Mohegan","July","7-18_LM","Hydrogenedentes",0.000189178963299281
"Lake Mohegan","July","7-18_LM","Latescibacterota",0
"Lake Mohegan","July","7-18_LM","Methylomirabilota",0
"Lake Mohegan","July","7-18_LM","Micrarchaeota",0
"Lake Mohegan","July","7-18_LM","Modulibacteria",0
"Lake Mohegan","July","7-18_LM","Myxococcota",0.003363181569765
"Lake Mohegan","July","7-18_LM","Nanoarchaeota",0.000147139193677219
"Lake Mohegan","July","7-18_LM","Nitrospirota",0
"Lake Mohegan","July","7-18_LM","Patescibacteria",0
"Lake Mohegan","July","7-18_LM","Planctomycetota",0.064573086139488
"Lake Mohegan","July","7-18_LM","Proteobacteria",0.191301971665195
"Lake Mohegan","July","7-18_LM","Spirochaetota",0
"Lake Mohegan","July","7-18_LM","Sumerlaeota",0
"Lake Mohegan","July","7-18_LM","Thermoplasmatota",4.20397696220625e-05
"Lake Mohegan","July","7-18_LM","Verrucomicrobiota",0.161748013620885
"Lake Mohegan","July","7-22_LM","Acidobacteriota",0.0107204340341176
"Lake Mohegan","July","7-22_LM","Actinobacteriota",0.126558505921018
"Lake Mohegan","July","7-22_LM","Aenigmarchaeota",0
"Lake Mohegan","July","7-22_LM","Armatimonadota",0.0252491001095519
"Lake Mohegan","July","7-22_LM","Bacteroidota",0.0961709009337994
"Lake Mohegan","July","7-22_LM","Bdellovibrionota",0.00135635661745527
"Lake Mohegan","July","7-22_LM","Calditrichota",0
"Lake Mohegan","July","7-22_LM","Campylobacterota",0
"Lake Mohegan","July","7-22_LM","Chloroflexi",0.00628619124628306
"Lake Mohegan","July","7-22_LM","Cloacimonadota",0
"Lake Mohegan","July","7-22_LM","Crenarchaeota",0.000417340497678543
"Lake Mohegan","July","7-22_LM","Cyanobacteriota",0.0892326151598936
"Lake Mohegan","July","7-22_LM","Deinococcota",0.000469508059888361
"Lake Mohegan","July","7-22_LM","Dependentiae",0
"Lake Mohegan","July","7-22_LM","Desulfobacterota",0
"Lake Mohegan","July","7-22_LM","Elusimicrobiota",0
"Lake Mohegan","July","7-22_LM","Euryarchaeota",0.00151285930408472
"Lake Mohegan","July","7-22_LM","Fermentibacterota",0
"Lake Mohegan","July","7-22_LM","Fibrobacterota",0
"Lake Mohegan","July","7-22_LM","Firmicutes",0.0106160989096979
"Lake Mohegan","July","7-22_LM","Fusobacteriota",0
"Lake Mohegan","July","7-22_LM","Gemmatimonadota",0.000182586467734363
"Lake Mohegan","July","7-22_LM","Halobacterota",0.000965099900881632
"Lake Mohegan","July","7-22_LM","Hydrogenedentes",0.000208670248839272
"Lake Mohegan","July","7-22_LM","Latescibacterota",0
"Lake Mohegan","July","7-22_LM","Methylomirabilota",0
"Lake Mohegan","July","7-22_LM","Micrarchaeota",0
"Lake Mohegan","July","7-22_LM","Modulibacteria",0
"Lake Mohegan","July","7-22_LM","Myxococcota",0.00284313214043508
"Lake Mohegan","July","7-22_LM","Nanoarchaeota",5.21675622098179e-05
"Lake Mohegan","July","7-22_LM","Nitrospirota",0.000104335124419636
"Lake Mohegan","July","7-22_LM","Patescibacteria",0.00474724816109343
"Lake Mohegan","July","7-22_LM","Planctomycetota",0.0784339297824613
"Lake Mohegan","July","7-22_LM","Proteobacteria",0.245865720694872
"Lake Mohegan","July","7-22_LM","Spirochaetota",0.000886848557566905
"Lake Mohegan","July","7-22_LM","Sumerlaeota",0.000234754029944181
"Lake Mohegan","July","7-22_LM","Thermoplasmatota",0
"Lake Mohegan","July","7-22_LM","Verrucomicrobiota",0.296885596536074
"Lake Mohegan","June","6-01_LM","Acidobacteriota",0.0010776132120392
"Lake Mohegan","June","6-01_LM","Actinobacteriota",0.157983109039421
"Lake Mohegan","June","6-01_LM","Aenigmarchaeota",0
"Lake Mohegan","June","6-01_LM","Armatimonadota",0.00288198882289552
"Lake Mohegan","June","6-01_LM","Bacteroidota",0.241510663358645
"Lake Mohegan","June","6-01_LM","Bdellovibrionota",0.00215522642407839
"Lake Mohegan","June","6-01_LM","Calditrichota",0
"Lake Mohegan","June","6-01_LM","Campylobacterota",0.000150364634238027
"Lake Mohegan","June","6-01_LM","Chloroflexi",0.00187955792797534
"Lake Mohegan","June","6-01_LM","Cloacimonadota",0
"Lake Mohegan","June","6-01_LM","Crenarchaeota",0
"Lake Mohegan","June","6-01_LM","Cyanobacteriota",0.0502468486078741
"Lake Mohegan","June","6-01_LM","Deinococcota",0.000125303861865023
"Lake Mohegan","June","6-01_LM","Dependentiae",0
"Lake Mohegan","June","6-01_LM","Desulfobacterota",0.00187955792797534
"Lake Mohegan","June","6-01_LM","Elusimicrobiota",5.01215447460091e-05
"Lake Mohegan","June","6-01_LM","Euryarchaeota",0
"Lake Mohegan","June","6-01_LM","Fermentibacterota",0
"Lake Mohegan","June","6-01_LM","Fibrobacterota",0.00100243089492018
"Lake Mohegan","June","6-01_LM","Firmicutes",0.0157131042778738
"Lake Mohegan","June","6-01_LM","Fusobacteriota",0
"Lake Mohegan","June","6-01_LM","Gemmatimonadota",0.00192967947272135
"Lake Mohegan","June","6-01_LM","Halobacterota",0.000300729268476054
"Lake Mohegan","June","6-01_LM","Hydrogenedentes",0.000200486178984036
"Lake Mohegan","June","6-01_LM","Latescibacterota",0
"Lake Mohegan","June","6-01_LM","Methylomirabilota",0
"Lake Mohegan","June","6-01_LM","Micrarchaeota",0
"Lake Mohegan","June","6-01_LM","Modulibacteria",0
"Lake Mohegan","June","6-01_LM","Myxococcota",0.000125303861865023
"Lake Mohegan","June","6-01_LM","Nanoarchaeota",0.000426033130341077
"Lake Mohegan","June","6-01_LM","Nitrospirota",0
"Lake Mohegan","June","6-01_LM","Patescibacteria",0.0136831817156605
"Lake Mohegan","June","6-01_LM","Planctomycetota",0.0150615241961757
"Lake Mohegan","June","6-01_LM","Proteobacteria",0.433852091321455
"Lake Mohegan","June","6-01_LM","Spirochaetota",0.000150364634238027
"Lake Mohegan","June","6-01_LM","Sumerlaeota",0
"Lake Mohegan","June","6-01_LM","Thermoplasmatota",0
"Lake Mohegan","June","6-01_LM","Verrucomicrobiota",0.0576147156855374
"Lake Mohegan","June","6-08_LM","Acidobacteriota",0
"Lake Mohegan","June","6-08_LM","Actinobacteriota",0.106291339793878
"Lake Mohegan","June","6-08_LM","Aenigmarchaeota",0
"Lake Mohegan","June","6-08_LM","Armatimonadota",0.0467620366097523
"Lake Mohegan","June","6-08_LM","Bacteroidota",0.197200430702969
"Lake Mohegan","June","6-08_LM","Bdellovibrionota",0.00686048300261498
"Lake Mohegan","June","6-08_LM","Calditrichota",0
"Lake Mohegan","June","6-08_LM","Campylobacterota",0
"Lake Mohegan","June","6-08_LM","Chloroflexi",0.000738347946469774
"Lake Mohegan","June","6-08_LM","Cloacimonadota",0
"Lake Mohegan","June","6-08_LM","Crenarchaeota",0
"Lake Mohegan","June","6-08_LM","Cyanobacteriota",0.016243654822335
"Lake Mohegan","June","6-08_LM","Deinococcota",0
"Lake Mohegan","June","6-08_LM","Dependentiae",0
"Lake Mohegan","June","6-08_LM","Desulfobacterota",0
"Lake Mohegan","June","6-08_LM","Elusimicrobiota",0
"Lake Mohegan","June","6-08_LM","Euryarchaeota",0
"Lake Mohegan","June","6-08_LM","Fermentibacterota",0
"Lake Mohegan","June","6-08_LM","Fibrobacterota",0
"Lake Mohegan","June","6-08_LM","Firmicutes",0.0021227503461006
"Lake Mohegan","June","6-08_LM","Fusobacteriota",0
"Lake Mohegan","June","6-08_LM","Gemmatimonadota",0
"Lake Mohegan","June","6-08_LM","Halobacterota",0
"Lake Mohegan","June","6-08_LM","Hydrogenedentes",0
"Lake Mohegan","June","6-08_LM","Latescibacterota",0
"Lake Mohegan","June","6-08_LM","Methylomirabilota",0
"Lake Mohegan","June","6-08_LM","Micrarchaeota",0
"Lake Mohegan","June","6-08_LM","Modulibacteria",0
"Lake Mohegan","June","6-08_LM","Myxococcota",0.00316874327026611
"Lake Mohegan","June","6-08_LM","Nanoarchaeota",0
"Lake Mohegan","June","6-08_LM","Nitrospirota",0
"Lake Mohegan","June","6-08_LM","Patescibacteria",0.000461467466543609
"Lake Mohegan","June","6-08_LM","Planctomycetota",0.0234425473004153
"Lake Mohegan","June","6-08_LM","Proteobacteria",0.222981079833872
"Lake Mohegan","June","6-08_LM","Spirochaetota",0
"Lake Mohegan","June","6-08_LM","Sumerlaeota",0
"Lake Mohegan","June","6-08_LM","Thermoplasmatota",0
"Lake Mohegan","June","6-08_LM","Verrucomicrobiota",0.373727118904784
"Lake Mohegan","June","6-16_LM","Acidobacteriota",0.00747153373218274
"Lake Mohegan","June","6-16_LM","Actinobacteriota",0.149237682997436
"Lake Mohegan","June","6-16_LM","Aenigmarchaeota",0
"Lake Mohegan","June","6-16_LM","Armatimonadota",0.0082435003170577
"Lake Mohegan","June","6-16_LM","Bacteroidota",0.133632929888892
"Lake Mohegan","June","6-16_LM","Bdellovibrionota",0.00190234622701332
"Lake Mohegan","June","6-16_LM","Calditrichota",0.000110280940696424
"Lake Mohegan","June","6-16_LM","Campylobacterota",0
"Lake Mohegan","June","6-16_LM","Chloroflexi",0.00358413057263378
"Lake Mohegan","June","6-16_LM","Cloacimonadota",0
"Lake Mohegan","June","6-16_LM","Crenarchaeota",0
"Lake Mohegan","June","6-16_LM","Cyanobacteriota",0.123018389346861
"Lake Mohegan","June","6-16_LM","Deinococcota",0
"Lake Mohegan","June","6-16_LM","Dependentiae",0
"Lake Mohegan","June","6-16_LM","Desulfobacterota",0.00322571751537041
"Lake Mohegan","June","6-16_LM","Elusimicrobiota",0
"Lake Mohegan","June","6-16_LM","Euryarchaeota",5.51404703482121e-05
"Lake Mohegan","June","6-16_LM","Fermentibacterota",0
"Lake Mohegan","June","6-16_LM","Fibrobacterota",0.00206776763805795
"Lake Mohegan","June","6-16_LM","Firmicutes",0.0091257478426291
"Lake Mohegan","June","6-16_LM","Fusobacteriota",0.000523834468308015
"Lake Mohegan","June","6-16_LM","Gemmatimonadota",0.00849163243362466
"Lake Mohegan","June","6-16_LM","Halobacterota",0.00261917234154007
"Lake Mohegan","June","6-16_LM","Hydrogenedentes",8.27107055223181e-05
"Lake Mohegan","June","6-16_LM","Latescibacterota",0.000165421411044636
"Lake Mohegan","June","6-16_LM","Methylomirabilota",0
"Lake Mohegan","June","6-16_LM","Micrarchaeota",8.27107055223181e-05
"Lake Mohegan","June","6-16_LM","Modulibacteria",0.00027570235174106
"Lake Mohegan","June","6-16_LM","Myxococcota",0.0045766590389016
"Lake Mohegan","June","6-16_LM","Nanoarchaeota",0
"Lake Mohegan","June","6-16_LM","Nitrospirota",0
"Lake Mohegan","June","6-16_LM","Patescibacteria",0.000744396349700863
"Lake Mohegan","June","6-16_LM","Planctomycetota",0.0311267955115657
"Lake Mohegan","June","6-16_LM","Proteobacteria",0.439662540321469
"Lake Mohegan","June","6-16_LM","Spirochaetota",0.00352899010228557
"Lake Mohegan","June","6-16_LM","Sumerlaeota",0
"Lake Mohegan","June","6-16_LM","Thermoplasmatota",0.000937387995919605
"Lake Mohegan","June","6-16_LM","Verrucomicrobiota",0.0655068787736759
"Lake Mohegan","June","6-19_LM","Acidobacteriota",0.000835189309576837
"Lake Mohegan","June","6-19_LM","Actinobacteriota",0.219221727295224
"Lake Mohegan","June","6-19_LM","Aenigmarchaeota",0
"Lake Mohegan","June","6-19_LM","Armatimonadota",0.0108265280871072
"Lake Mohegan","June","6-19_LM","Bacteroidota",0.159366493442217
"Lake Mohegan","June","6-19_LM","Bdellovibrionota",0.00129918337045286
"Lake Mohegan","June","6-19_LM","Calditrichota",0
"Lake Mohegan","June","6-19_LM","Campylobacterota",0
"Lake Mohegan","June","6-19_LM","Chloroflexi",0.00129918337045286
"Lake Mohegan","June","6-19_LM","Cloacimonadota",0
"Lake Mohegan","June","6-19_LM","Crenarchaeota",0
"Lake Mohegan","June","6-19_LM","Cyanobacteriota",0.0492143033902499
"Lake Mohegan","June","6-19_LM","Deinococcota",0.000835189309576837
"Lake Mohegan","June","6-19_LM","Dependentiae",0
"Lake Mohegan","June","6-19_LM","Desulfobacterota",0.00108265280871072
"Lake Mohegan","June","6-19_LM","Elusimicrobiota",9.27988121752042e-05
"Lake Mohegan","June","6-19_LM","Euryarchaeota",0
"Lake Mohegan","June","6-19_LM","Fermentibacterota",0.000371195248700817
"Lake Mohegan","June","6-19_LM","Fibrobacterota",0.00253650086612225
"Lake Mohegan","June","6-19_LM","Firmicutes",0.00532046523137837
"Lake Mohegan","June","6-19_LM","Fusobacteriota",0.00108265280871072
"Lake Mohegan","June","6-19_LM","Gemmatimonadota",0
"Lake Mohegan","June","6-19_LM","Halobacterota",0.000154664686958674
"Lake Mohegan","June","6-19_LM","Hydrogenedentes",0
"Lake Mohegan","June","6-19_LM","Latescibacterota",0
"Lake Mohegan","June","6-19_LM","Methylomirabilota",0
"Lake Mohegan","June","6-19_LM","Micrarchaeota",0
"Lake Mohegan","June","6-19_LM","Modulibacteria",0
"Lake Mohegan","June","6-19_LM","Myxococcota",0.00185597624350408
"Lake Mohegan","June","6-19_LM","Nanoarchaeota",0
"Lake Mohegan","June","6-19_LM","Nitrospirota",0
"Lake Mohegan","June","6-19_LM","Patescibacteria",0.000309329373917347
"Lake Mohegan","June","6-19_LM","Planctomycetota",0.0514105419450631
"Lake Mohegan","June","6-19_LM","Proteobacteria",0.369988864142539
"Lake Mohegan","June","6-19_LM","Spirochaetota",0.00167037861915367
"Lake Mohegan","June","6-19_LM","Sumerlaeota",0
"Lake Mohegan","June","6-19_LM","Thermoplasmatota",0
"Lake Mohegan","June","6-19_LM","Verrucomicrobiota",0.121226181638208
"Lake Mohegan","September","9-01_LM","Acidobacteriota",0.00166103759481756
"Lake Mohegan","September","9-01_LM","Actinobacteriota",0.2080449587509
"Lake Mohegan","September","9-01_LM","Aenigmarchaeota",0
"Lake Mohegan","September","9-01_LM","Armatimonadota",0.0210121255744422
"Lake Mohegan","September","9-01_LM","Bacteroidota",0.150323902330989
"Lake Mohegan","September","9-01_LM","Bdellovibrionota",0.000387575438790765
"Lake Mohegan","September","9-01_LM","Calditrichota",0
"Lake Mohegan","September","9-01_LM","Campylobacterota",0
"Lake Mohegan","September","9-01_LM","Chloroflexi",0.00498311278445269
"Lake Mohegan","September","9-01_LM","Cloacimonadota",0
"Lake Mohegan","September","9-01_LM","Crenarchaeota",0
"Lake Mohegan","September","9-01_LM","Cyanobacteriota",0.323071812192016
"Lake Mohegan","September","9-01_LM","Deinococcota",0.000193787719395382
"Lake Mohegan","September","9-01_LM","Dependentiae",0
"Lake Mohegan","September","9-01_LM","Desulfobacterota",0
"Lake Mohegan","September","9-01_LM","Elusimicrobiota",0
"Lake Mohegan","September","9-01_LM","Euryarchaeota",8.30518797408781e-05
"Lake Mohegan","September","9-01_LM","Fermentibacterota",0
"Lake Mohegan","September","9-01_LM","Fibrobacterota",0
"Lake Mohegan","September","9-01_LM","Firmicutes",0.00171640551464481
"Lake Mohegan","September","9-01_LM","Fusobacteriota",0
"Lake Mohegan","September","9-01_LM","Gemmatimonadota",0.00149493383533581
"Lake Mohegan","September","9-01_LM","Halobacterota",0
"Lake Mohegan","September","9-01_LM","Hydrogenedentes",0.000442943358618017
"Lake Mohegan","September","9-01_LM","Latescibacterota",0
"Lake Mohegan","September","9-01_LM","Methylomirabilota",0
"Lake Mohegan","September","9-01_LM","Micrarchaeota",0
"Lake Mohegan","September","9-01_LM","Modulibacteria",0
"Lake Mohegan","September","9-01_LM","Myxococcota",0.0143956591550855
"Lake Mohegan","September","9-01_LM","Nanoarchaeota",8.30518797408781e-05
"Lake Mohegan","September","9-01_LM","Nitrospirota",0
"Lake Mohegan","September","9-01_LM","Patescibacteria",0.0012734621560268
"Lake Mohegan","September","9-01_LM","Planctomycetota",0.00609047118099773
"Lake Mohegan","September","9-01_LM","Proteobacteria",0.18193898455235
"Lake Mohegan","September","9-01_LM","Spirochaetota",0.000719782957754277
"Lake Mohegan","September","9-01_LM","Sumerlaeota",0
"Lake Mohegan","September","9-01_LM","Thermoplasmatota",0
"Lake Mohegan","September","9-01_LM","Verrucomicrobiota",0.0820829411439012
"Lake Mohegan","September","9-09_LM","Acidobacteriota",0.00169361888111888
"Lake Mohegan","September","9-09_LM","Actinobacteriota",0.180506993006993
"Lake Mohegan","September","9-09_LM","Aenigmarchaeota",0
"Lake Mohegan","September","9-09_LM","Armatimonadota",0.00988854895104895
"Lake Mohegan","September","9-09_LM","Bacteroidota",0.193864729020979
"Lake Mohegan","September","9-09_LM","Bdellovibrionota",0.00445257867132867
"Lake Mohegan","September","9-09_LM","Calditrichota",0
"Lake Mohegan","September","9-09_LM","Campylobacterota",0
"Lake Mohegan","September","9-09_LM","Chloroflexi",0.0043979458041958
"Lake Mohegan","September","9-09_LM","Cloacimonadota",0
"Lake Mohegan","September","9-09_LM","Crenarchaeota",0
"Lake Mohegan","September","9-09_LM","Cyanobacteriota",0.369645979020979
"Lake Mohegan","September","9-09_LM","Deinococcota",0
"Lake Mohegan","September","9-09_LM","Dependentiae",0
"Lake Mohegan","September","9-09_LM","Desulfobacterota",0.000136582167832168
"Lake Mohegan","September","9-09_LM","Elusimicrobiota",0
"Lake Mohegan","September","9-09_LM","Euryarchaeota",0
"Lake Mohegan","September","9-09_LM","Fermentibacterota",0.000163898601398601
"Lake Mohegan","September","9-09_LM","Fibrobacterota",0
"Lake Mohegan","September","9-09_LM","Firmicutes",0.000464379370629371
"Lake Mohegan","September","9-09_LM","Fusobacteriota",5.46328671328671e-05
"Lake Mohegan","September","9-09_LM","Gemmatimonadota",0
"Lake Mohegan","September","9-09_LM","Halobacterota",0
"Lake Mohegan","September","9-09_LM","Hydrogenedentes",0
"Lake Mohegan","September","9-09_LM","Latescibacterota",0
"Lake Mohegan","September","9-09_LM","Methylomirabilota",0
"Lake Mohegan","September","9-09_LM","Micrarchaeota",0
"Lake Mohegan","September","9-09_LM","Modulibacteria",0
"Lake Mohegan","September","9-09_LM","Myxococcota",0.00488964160839161
"Lake Mohegan","September","9-09_LM","Nanoarchaeota",0
"Lake Mohegan","September","9-09_LM","Nitrospirota",0
"Lake Mohegan","September","9-09_LM","Patescibacteria",0.000573645104895105
"Lake Mohegan","September","9-09_LM","Planctomycetota",0.00284090909090909
"Lake Mohegan","September","9-09_LM","Proteobacteria",0.200885052447552
"Lake Mohegan","September","9-09_LM","Spirochaetota",0
"Lake Mohegan","September","9-09_LM","Sumerlaeota",0
"Lake Mohegan","September","9-09_LM","Thermoplasmatota",8.19493006993007e-05
"Lake Mohegan","September","9-09_LM","Verrucomicrobiota",0.0254589160839161
"Lake Mohegan","September","9-16_LM","Acidobacteriota",0.000117137167623287
"Lake Mohegan","September","9-16_LM","Actinobacteriota",0.159335832259576
"Lake Mohegan","September","9-16_LM","Aenigmarchaeota",0
"Lake Mohegan","September","9-16_LM","Armatimonadota",0.0318320253016282
"Lake Mohegan","September","9-16_LM","Bacteroidota",0.106565538245285
"Lake Mohegan","September","9-16_LM","Bdellovibrionota",0.00196204755769005
"Lake Mohegan","September","9-16_LM","Calditrichota",0
"Lake Mohegan","September","9-16_LM","Campylobacterota",0
"Lake Mohegan","September","9-16_LM","Chloroflexi",0.00339697786107532
"Lake Mohegan","September","9-16_LM","Cloacimonadota",0
"Lake Mohegan","September","9-16_LM","Crenarchaeota",0
"Lake Mohegan","September","9-16_LM","Cyanobacteriota",0.0328862598102378
"Lake Mohegan","September","9-16_LM","Deinococcota",0
"Lake Mohegan","September","9-16_LM","Dependentiae",0
"Lake Mohegan","September","9-16_LM","Desulfobacterota",0.00149349888719691
"Lake Mohegan","September","9-16_LM","Elusimicrobiota",0
"Lake Mohegan","September","9-16_LM","Euryarchaeota",0
"Lake Mohegan","September","9-16_LM","Fermentibacterota",0
"Lake Mohegan","September","9-16_LM","Fibrobacterota",0.000204990043340752
"Lake Mohegan","September","9-16_LM","Firmicutes",0
"Lake Mohegan","September","9-16_LM","Fusobacteriota",0
"Lake Mohegan","September","9-16_LM","Gemmatimonadota",0
"Lake Mohegan","September","9-16_LM","Halobacterota",5.85685838116434e-05
"Lake Mohegan","September","9-16_LM","Hydrogenedentes",5.85685838116434e-05
"Lake Mohegan","September","9-16_LM","Latescibacterota",0
"Lake Mohegan","September","9-16_LM","Methylomirabilota",0
"Lake Mohegan","September","9-16_LM","Micrarchaeota",0
"Lake Mohegan","September","9-16_LM","Modulibacteria",0
"Lake Mohegan","September","9-16_LM","Myxococcota",8.78528757174651e-05
"Lake Mohegan","September","9-16_LM","Nanoarchaeota",0.000556401546210613
"Lake Mohegan","September","9-16_LM","Nitrospirota",0
"Lake Mohegan","September","9-16_LM","Patescibacteria",0.000263558627152395
"Lake Mohegan","September","9-16_LM","Planctomycetota",0.00904884619889891
"Lake Mohegan","September","9-16_LM","Proteobacteria",0.234098629495139
"Lake Mohegan","September","9-16_LM","Spirochaetota",0.00169848893053766
"Lake Mohegan","September","9-16_LM","Sumerlaeota",0
"Lake Mohegan","September","9-16_LM","Thermoplasmatota",0
"Lake Mohegan","September","9-16_LM","Verrucomicrobiota",0.416334778025067
"Lake Rippowam","August","8-04_LR","Acidobacteriota",0
"Lake Rippowam","August","8-04_LR","Actinobacteriota",0.0718139143838016
"Lake Rippowam","August","8-04_LR","Aenigmarchaeota",0
"Lake Rippowam","August","8-04_LR","Armatimonadota",0
"Lake Rippowam","August","8-04_LR","Bacteroidota",0.0290058151755062
"Lake Rippowam","August","8-04_LR","Bdellovibrionota",0.00133118475443144
"Lake Rippowam","August","8-04_LR","Calditrichota",0
"Lake Rippowam","August","8-04_LR","Campylobacterota",0
"Lake Rippowam","August","8-04_LR","Chloroflexi",0.00651579906116444
"Lake Rippowam","August","8-04_LR","Cloacimonadota",0
"Lake Rippowam","August","8-04_LR","Crenarchaeota",0
"Lake Rippowam","August","8-04_LR","Cyanobacteriota",0.469978280669796
"Lake Rippowam","August","8-04_LR","Deinococcota",0
"Lake Rippowam","August","8-04_LR","Dependentiae",0
"Lake Rippowam","August","8-04_LR","Desulfobacterota",0
"Lake Rippowam","August","8-04_LR","Elusimicrobiota",0
"Lake Rippowam","August","8-04_LR","Euryarchaeota",0.00378336719680516
"Lake Rippowam","August","8-04_LR","Fermentibacterota",0
"Lake Rippowam","August","8-04_LR","Fibrobacterota",0
"Lake Rippowam","August","8-04_LR","Firmicutes",0.0273243186435928
"Lake Rippowam","August","8-04_LR","Fusobacteriota",0
"Lake Rippowam","August","8-04_LR","Gemmatimonadota",0
"Lake Rippowam","August","8-04_LR","Halobacterota",0.00504448959574021
"Lake Rippowam","August","8-04_LR","Hydrogenedentes",0
"Lake Rippowam","August","8-04_LR","Latescibacterota",0
"Lake Rippowam","August","8-04_LR","Methylomirabilota",0
"Lake Rippowam","August","8-04_LR","Micrarchaeota",0
"Lake Rippowam","August","8-04_LR","Modulibacteria",0
"Lake Rippowam","August","8-04_LR","Myxococcota",0
"Lake Rippowam","August","8-04_LR","Nanoarchaeota",0
"Lake Rippowam","August","8-04_LR","Nitrospirota",0
"Lake Rippowam","August","8-04_LR","Patescibacteria",0.00651579906116444
"Lake Rippowam","August","8-04_LR","Planctomycetota",0.066349050655083
"Lake Rippowam","August","8-04_LR","Proteobacteria",0.132978350732152
"Lake Rippowam","August","8-04_LR","Spirochaetota",0
"Lake Rippowam","August","8-04_LR","Sumerlaeota",0
"Lake Rippowam","August","8-04_LR","Thermoplasmatota",0.015553842920199
"Lake Rippowam","August","8-04_LR","Verrucomicrobiota",0.163805787150564
"Lake Rippowam","August","8-12_LR","Acidobacteriota",0
"Lake Rippowam","August","8-12_LR","Actinobacteriota",0.106467941507312
"Lake Rippowam","August","8-12_LR","Aenigmarchaeota",0
"Lake Rippowam","August","8-12_LR","Armatimonadota",0.00217472815898013
"Lake Rippowam","August","8-12_LR","Bacteroidota",0.0224221972253468
"Lake Rippowam","August","8-12_LR","Bdellovibrionota",0.00434945631796026
"Lake Rippowam","August","8-12_LR","Calditrichota",0
"Lake Rippowam","August","8-12_LR","Campylobacterota",0
"Lake Rippowam","August","8-12_LR","Chloroflexi",0.0114923134608174
"Lake Rippowam","August","8-12_LR","Cloacimonadota",0
"Lake Rippowam","August","8-12_LR","Crenarchaeota",0
"Lake Rippowam","August","8-12_LR","Cyanobacteriota",0.308942632170979
"Lake Rippowam","August","8-12_LR","Deinococcota",0
"Lake Rippowam","August","8-12_LR","Dependentiae",0.000112485939257593
"Lake Rippowam","August","8-12_LR","Desulfobacterota",0.00223097112860892
"Lake Rippowam","August","8-12_LR","Elusimicrobiota",0
"Lake Rippowam","August","8-12_LR","Euryarchaeota",0
"Lake Rippowam","August","8-12_LR","Fermentibacterota",0
"Lake Rippowam","August","8-12_LR","Fibrobacterota",0
"Lake Rippowam","August","8-12_LR","Firmicutes",0
"Lake Rippowam","August","8-12_LR","Fusobacteriota",0
"Lake Rippowam","August","8-12_LR","Gemmatimonadota",0
"Lake Rippowam","August","8-12_LR","Halobacterota",0
"Lake Rippowam","August","8-12_LR","Hydrogenedentes",0
"Lake Rippowam","August","8-12_LR","Latescibacterota",0
"Lake Rippowam","August","8-12_LR","Methylomirabilota",0
"Lake Rippowam","August","8-12_LR","Micrarchaeota",0
"Lake Rippowam","August","8-12_LR","Modulibacteria",0
"Lake Rippowam","August","8-12_LR","Myxococcota",0.00412448443944507
"Lake Rippowam","August","8-12_LR","Nanoarchaeota",0
"Lake Rippowam","August","8-12_LR","Nitrospirota",0
"Lake Rippowam","August","8-12_LR","Patescibacteria",0.000131233595800525
"Lake Rippowam","August","8-12_LR","Planctomycetota",0.018241469816273
"Lake Rippowam","August","8-12_LR","Proteobacteria",0.0993063367079115
"Lake Rippowam","August","8-12_LR","Spirochaetota",0.00127484064491938
"Lake Rippowam","August","8-12_LR","Sumerlaeota",0
"Lake Rippowam","August","8-12_LR","Thermoplasmatota",0
"Lake Rippowam","August","8-12_LR","Verrucomicrobiota",0.418728908886389
"Lake Rippowam","August","8-18_LR","Acidobacteriota",0.000413331012878524
"Lake Rippowam","August","8-18_LR","Actinobacteriota",0.140858858336234
"Lake Rippowam","August","8-18_LR","Aenigmarchaeota",0
"Lake Rippowam","August","8-18_LR","Armatimonadota",0.00274103724329969
"Lake Rippowam","August","8-18_LR","Bacteroidota",0.068765227984685
"Lake Rippowam","August","8-18_LR","Bdellovibrionota",0.00593891402714932
"Lake Rippowam","August","8-18_LR","Calditrichota",0
"Lake Rippowam","August","8-18_LR","Campylobacterota",0
"Lake Rippowam","August","8-18_LR","Chloroflexi",0.00924556213017752
"Lake Rippowam","August","8-18_LR","Cloacimonadota",0
"Lake Rippowam","August","8-18_LR","Crenarchaeota",0
"Lake Rippowam","August","8-18_LR","Cyanobacteriota",0.220196658545075
"Lake Rippowam","August","8-18_LR","Deinococcota",8.70170553428472e-05
"Lake Rippowam","August","8-18_LR","Dependentiae",4.35085276714236e-05
"Lake Rippowam","August","8-18_LR","Desulfobacterota",0.00247998607727115
"Lake Rippowam","August","8-18_LR","Elusimicrobiota",0
"Lake Rippowam","August","8-18_LR","Euryarchaeota",0
"Lake Rippowam","August","8-18_LR","Fermentibacterota",0
"Lake Rippowam","August","8-18_LR","Fibrobacterota",0
"Lake Rippowam","August","8-18_LR","Firmicutes",0.000261051166028542
"Lake Rippowam","August","8-18_LR","Fusobacteriota",0.000108771319178559
"Lake Rippowam","August","8-18_LR","Gemmatimonadota",0
"Lake Rippowam","August","8-18_LR","Halobacterota",0
"Lake Rippowam","August","8-18_LR","Hydrogenedentes",0
"Lake Rippowam","August","8-18_LR","Latescibacterota",0
"Lake Rippowam","August","8-18_LR","Methylomirabilota",0
"Lake Rippowam","August","8-18_LR","Micrarchaeota",0
"Lake Rippowam","August","8-18_LR","Modulibacteria",0
"Lake Rippowam","August","8-18_LR","Myxococcota",0.00728767838496345
"Lake Rippowam","August","8-18_LR","Nanoarchaeota",0
"Lake Rippowam","August","8-18_LR","Nitrospirota",0
"Lake Rippowam","August","8-18_LR","Patescibacteria",0.000195788374521406
"Lake Rippowam","August","8-18_LR","Planctomycetota",0.0219718064740689
"Lake Rippowam","August","8-18_LR","Proteobacteria",0.13844413505047
"Lake Rippowam","August","8-18_LR","Spirochaetota",0.000348068221371389
"Lake Rippowam","August","8-18_LR","Sumerlaeota",0
"Lake Rippowam","August","8-18_LR","Thermoplasmatota",0
"Lake Rippowam","August","8-18_LR","Verrucomicrobiota",0.380612600069614
"Lake Rippowam","August","8-26_LR","Acidobacteriota",0
"Lake Rippowam","August","8-26_LR","Actinobacteriota",0.151457951824201
"Lake Rippowam","August","8-26_LR","Aenigmarchaeota",0
"Lake Rippowam","August","8-26_LR","Armatimonadota",0.00385969854909142
"Lake Rippowam","August","8-26_LR","Bacteroidota",0.104606282575011
"Lake Rippowam","August","8-26_LR","Bdellovibrionota",0.00777574306240316
"Lake Rippowam","August","8-26_LR","Calditrichota",0
"Lake Rippowam","August","8-26_LR","Campylobacterota",0
"Lake Rippowam","August","8-26_LR","Chloroflexi",0.0010987463022961
"Lake Rippowam","August","8-26_LR","Cloacimonadota",0
"Lake Rippowam","August","8-26_LR","Crenarchaeota",0
"Lake Rippowam","August","8-26_LR","Cyanobacteriota",0.139399915481054
"Lake Rippowam","August","8-26_LR","Deinococcota",0
"Lake Rippowam","August","8-26_LR","Dependentiae",0
"Lake Rippowam","August","8-26_LR","Desulfobacterota",0.00104240033807579
"Lake Rippowam","August","8-26_LR","Elusimicrobiota",0
"Lake Rippowam","August","8-26_LR","Euryarchaeota",0
"Lake Rippowam","August","8-26_LR","Fermentibacterota",0
"Lake Rippowam","August","8-26_LR","Fibrobacterota",0
"Lake Rippowam","August","8-26_LR","Firmicutes",0.000422594731652345
"Lake Rippowam","August","8-26_LR","Fusobacteriota",0
"Lake Rippowam","August","8-26_LR","Gemmatimonadota",0.00115509226651641
"Lake Rippowam","August","8-26_LR","Halobacterota",0
"Lake Rippowam","August","8-26_LR","Hydrogenedentes",0
"Lake Rippowam","August","8-26_LR","Latescibacterota",0
"Lake Rippowam","August","8-26_LR","Methylomirabilota",0
"Lake Rippowam","August","8-26_LR","Micrarchaeota",0
"Lake Rippowam","August","8-26_LR","Modulibacteria",0
"Lake Rippowam","August","8-26_LR","Myxococcota",0.00323989294266798
"Lake Rippowam","August","8-26_LR","Nanoarchaeota",0
"Lake Rippowam","August","8-26_LR","Nitrospirota",0
"Lake Rippowam","August","8-26_LR","Patescibacteria",0.000169037892660938
"Lake Rippowam","August","8-26_LR","Planctomycetota",0.0343146922101704
"Lake Rippowam","August","8-26_LR","Proteobacteria",0.134300605719115
"Lake Rippowam","August","8-26_LR","Spirochaetota",0.00126778419495704
"Lake Rippowam","August","8-26_LR","Sumerlaeota",0
"Lake Rippowam","August","8-26_LR","Thermoplasmatota",0
"Lake Rippowam","August","8-26_LR","Verrucomicrobiota",0.415889561910128
"Lake Rippowam","July","7-08_LR","Acidobacteriota",0.00729808251016851
"Lake Rippowam","July","7-08_LR","Actinobacteriota",0.118744915746659
"Lake Rippowam","July","7-08_LR","Aenigmarchaeota",0
"Lake Rippowam","July","7-08_LR","Armatimonadota",0.00220801859384079
"Lake Rippowam","July","7-08_LR","Bacteroidota",0.0791167925624637
"Lake Rippowam","July","7-08_LR","Bdellovibrionota",0.00578733294596165
"Lake Rippowam","July","7-08_LR","Calditrichota",0
"Lake Rippowam","July","7-08_LR","Campylobacterota",0
"Lake Rippowam","July","7-08_LR","Chloroflexi",0.0052992446252179
"Lake Rippowam","July","7-08_LR","Cloacimonadota",9.29692039511912e-05
"Lake Rippowam","July","7-08_LR","Crenarchaeota",0
"Lake Rippowam","July","7-08_LR","Cyanobacteriota",0.20548518303312
"Lake Rippowam","July","7-08_LR","Deinococcota",0
"Lake Rippowam","July","7-08_LR","Dependentiae",0.00216153399186519
"Lake Rippowam","July","7-08_LR","Desulfobacterota",0.00581057524694945
"Lake Rippowam","July","7-08_LR","Elusimicrobiota",0
"Lake Rippowam","July","7-08_LR","Euryarchaeota",0
"Lake Rippowam","July","7-08_LR","Fermentibacterota",0
"Lake Rippowam","July","7-08_LR","Fibrobacterota",0
"Lake Rippowam","July","7-08_LR","Firmicutes",9.29692039511912e-05
"Lake Rippowam","July","7-08_LR","Fusobacteriota",0
"Lake Rippowam","July","7-08_LR","Gemmatimonadota",0
"Lake Rippowam","July","7-08_LR","Halobacterota",0.000441603718768158
"Lake Rippowam","July","7-08_LR","Hydrogenedentes",0
"Lake Rippowam","July","7-08_LR","Latescibacterota",0
"Lake Rippowam","July","7-08_LR","Methylomirabilota",0
"Lake Rippowam","July","7-08_LR","Micrarchaeota",4.64846019755956e-05
"Lake Rippowam","July","7-08_LR","Modulibacteria",0
"Lake Rippowam","July","7-08_LR","Myxococcota",0.0146426496223126
"Lake Rippowam","July","7-08_LR","Nanoarchaeota",0
"Lake Rippowam","July","7-08_LR","Nitrospirota",0
"Lake Rippowam","July","7-08_LR","Patescibacteria",0.00130156885531668
"Lake Rippowam","July","7-08_LR","Planctomycetota",0.0752818128994771
"Lake Rippowam","July","7-08_LR","Proteobacteria",0.193492155723417
"Lake Rippowam","July","7-08_LR","Spirochaetota",0.00185938407902382
"Lake Rippowam","July","7-08_LR","Sumerlaeota",0
"Lake Rippowam","July","7-08_LR","Thermoplasmatota",9.29692039511912e-05
"Lake Rippowam","July","7-08_LR","Verrucomicrobiota",0.28074375363161
"Lake Rippowam","July","7-14_LR","Acidobacteriota",0.00726355392210165
"Lake Rippowam","July","7-14_LR","Actinobacteriota",0.181132157536481
"Lake Rippowam","July","7-14_LR","Aenigmarchaeota",0
"Lake Rippowam","July","7-14_LR","Armatimonadota",0.000869886697257682
"Lake Rippowam","July","7-14_LR","Bacteroidota",0.0485614248744101
"Lake Rippowam","July","7-14_LR","Bdellovibrionota",0.00163103755735815
"Lake Rippowam","July","7-14_LR","Calditrichota",0
"Lake Rippowam","July","7-14_LR","Campylobacterota",0.000304460344040189
"Lake Rippowam","July","7-14_LR","Chloroflexi",0.0133745079703369
"Lake Rippowam","July","7-14_LR","Cloacimonadota",0
"Lake Rippowam","July","7-14_LR","Crenarchaeota",0
"Lake Rippowam","July","7-14_LR","Cyanobacteriota",0.264771763477807
"Lake Rippowam","July","7-14_LR","Deinococcota",0.000260966009177305
"Lake Rippowam","July","7-14_LR","Dependentiae",0
"Lake Rippowam","July","7-14_LR","Desulfobacterota",0.00900332731661701
"Lake Rippowam","July","7-14_LR","Elusimicrobiota",0.000130483004588652
"Lake Rippowam","July","7-14_LR","Euryarchaeota",0
"Lake Rippowam","July","7-14_LR","Fermentibacterota",0
"Lake Rippowam","July","7-14_LR","Fibrobacterota",0
"Lake Rippowam","July","7-14_LR","Firmicutes",8.69886697257682e-05
"Lake Rippowam","July","7-14_LR","Fusobacteriota",0
"Lake Rippowam","July","7-14_LR","Gemmatimonadota",0.000130483004588652
"Lake Rippowam","July","7-14_LR","Halobacterota",0
"Lake Rippowam","July","7-14_LR","Hydrogenedentes",0.000130483004588652
"Lake Rippowam","July","7-14_LR","Latescibacterota",0
"Lake Rippowam","July","7-14_LR","Methylomirabilota",0
"Lake Rippowam","July","7-14_LR","Micrarchaeota",0
"Lake Rippowam","July","7-14_LR","Modulibacteria",0
"Lake Rippowam","July","7-14_LR","Myxococcota",0.00676336907117848
"Lake Rippowam","July","7-14_LR","Nanoarchaeota",0
"Lake Rippowam","July","7-14_LR","Nitrospirota",0
"Lake Rippowam","July","7-14_LR","Patescibacteria",0
"Lake Rippowam","July","7-14_LR","Planctomycetota",0.0216384315942848
"Lake Rippowam","July","7-14_LR","Proteobacteria",0.23208577082835
"Lake Rippowam","July","7-14_LR","Spirochaetota",0.00393623730509101
"Lake Rippowam","July","7-14_LR","Sumerlaeota",0.000304460344040189
"Lake Rippowam","July","7-14_LR","Thermoplasmatota",0
"Lake Rippowam","July","7-14_LR","Verrucomicrobiota",0.207620207467977
"Lake Rippowam","July","7-18_LR","Acidobacteriota",0.00189577366110985
"Lake Rippowam","July","7-18_LR","Actinobacteriota",0.0561932040635496
"Lake Rippowam","July","7-18_LR","Aenigmarchaeota",0
"Lake Rippowam","July","7-18_LR","Armatimonadota",0.00329699767149539
"Lake Rippowam","July","7-18_LR","Bacteroidota",0.0871231634692658
"Lake Rippowam","July","7-18_LR","Bdellovibrionota",0.00558428980609532
"Lake Rippowam","July","7-18_LR","Calditrichota",0
"Lake Rippowam","July","7-18_LR","Campylobacterota",0.000123637412681077
"Lake Rippowam","July","7-18_LR","Chloroflexi",0.0139092089266212
"Lake Rippowam","July","7-18_LR","Cloacimonadota",0
"Lake Rippowam","July","7-18_LR","Crenarchaeota",0
"Lake Rippowam","July","7-18_LR","Cyanobacteriota",0.182591852294504
"Lake Rippowam","July","7-18_LR","Deinococcota",0.000123637412681077
"Lake Rippowam","July","7-18_LR","Dependentiae",0.00445094685651878
"Lake Rippowam","July","7-18_LR","Desulfobacterota",0.000824249417873849
"Lake Rippowam","July","7-18_LR","Elusimicrobiota",0
"Lake Rippowam","July","7-18_LR","Euryarchaeota",0
"Lake Rippowam","July","7-18_LR","Fermentibacterota",0
"Lake Rippowam","July","7-18_LR","Fibrobacterota",0
"Lake Rippowam","July","7-18_LR","Firmicutes",0.00016484988357477
"Lake Rippowam","July","7-18_LR","Fusobacteriota",0
"Lake Rippowam","July","7-18_LR","Gemmatimonadota",0
"Lake Rippowam","July","7-18_LR","Halobacterota",0
"Lake Rippowam","July","7-18_LR","Hydrogenedentes",0
"Lake Rippowam","July","7-18_LR","Latescibacterota",0
"Lake Rippowam","July","7-18_LR","Methylomirabilota",0
"Lake Rippowam","July","7-18_LR","Micrarchaeota",0
"Lake Rippowam","July","7-18_LR","Modulibacteria",0
"Lake Rippowam","July","7-18_LR","Myxococcota",0.0111067609058501
"Lake Rippowam","July","7-18_LR","Nanoarchaeota",0.000123637412681077
"Lake Rippowam","July","7-18_LR","Nitrospirota",0
"Lake Rippowam","July","7-18_LR","Patescibacteria",0
"Lake Rippowam","July","7-18_LR","Planctomycetota",0.0234086834676173
"Lake Rippowam","July","7-18_LR","Proteobacteria",0.127861690947681
"Lake Rippowam","July","7-18_LR","Spirochaetota",0.00136001153949185
"Lake Rippowam","July","7-18_LR","Sumerlaeota",0
"Lake Rippowam","July","7-18_LR","Thermoplasmatota",0
"Lake Rippowam","July","7-18_LR","Verrucomicrobiota",0.479857404850708
"Lake Rippowam","July","7-22_LR","Acidobacteriota",0.00635814523820337
"Lake Rippowam","July","7-22_LR","Actinobacteriota",0.0967573459285163
"Lake Rippowam","July","7-22_LR","Aenigmarchaeota",0
"Lake Rippowam","July","7-22_LR","Armatimonadota",0.00152141332485581
"Lake Rippowam","July","7-22_LR","Bacteroidota",0.0918524910304737
"Lake Rippowam","July","7-22_LR","Bdellovibrionota",0.00311094963440665
"Lake Rippowam","July","7-22_LR","Calditrichota",0
"Lake Rippowam","July","7-22_LR","Campylobacterota",0
"Lake Rippowam","July","7-22_LR","Chloroflexi",0.0110132158590308
"Lake Rippowam","July","7-22_LR","Cloacimonadota",0
"Lake Rippowam","July","7-22_LR","Crenarchaeota",0
"Lake Rippowam","July","7-22_LR","Cyanobacteriota",0.218992688132976
"Lake Rippowam","July","7-22_LR","Deinococcota",0
"Lake Rippowam","July","7-22_LR","Dependentiae",0.0100367864117353
"Lake Rippowam","July","7-22_LR","Desulfobacterota",0.00022707661565012
"Lake Rippowam","July","7-22_LR","Elusimicrobiota",0
"Lake Rippowam","July","7-22_LR","Euryarchaeota",0
"Lake Rippowam","July","7-22_LR","Fermentibacterota",0
"Lake Rippowam","July","7-22_LR","Fibrobacterota",0
"Lake Rippowam","July","7-22_LR","Firmicutes",0.0013170443707707
"Lake Rippowam","July","7-22_LR","Fusobacteriota",0.000204368954085108
"Lake Rippowam","July","7-22_LR","Gemmatimonadota",0
"Lake Rippowam","July","7-22_LR","Halobacterota",0
"Lake Rippowam","July","7-22_LR","Hydrogenedentes",0
"Lake Rippowam","July","7-22_LR","Latescibacterota",0
"Lake Rippowam","July","7-22_LR","Methylomirabilota",0
"Lake Rippowam","July","7-22_LR","Micrarchaeota",0
"Lake Rippowam","July","7-22_LR","Modulibacteria",0
"Lake Rippowam","July","7-22_LR","Myxococcota",0.00474590126708752
"Lake Rippowam","July","7-22_LR","Nanoarchaeota",0
"Lake Rippowam","July","7-22_LR","Nitrospirota",0
"Lake Rippowam","July","7-22_LR","Patescibacteria",4.54153231300241e-05
"Lake Rippowam","July","7-22_LR","Planctomycetota",0.0257050728915936
"Lake Rippowam","July","7-22_LR","Proteobacteria",0.15970298378673
"Lake Rippowam","July","7-22_LR","Spirochaetota",0.000567691539125301
"Lake Rippowam","July","7-22_LR","Sumerlaeota",0
"Lake Rippowam","July","7-22_LR","Thermoplasmatota",0
"Lake Rippowam","July","7-22_LR","Verrucomicrobiota",0.36784140969163
"Lake Rippowam","June","6-01_LR","Acidobacteriota",0.000704015596653218
"Lake Rippowam","June","6-01_LR","Actinobacteriota",0.0765210798516152
"Lake Rippowam","June","6-01_LR","Aenigmarchaeota",0
"Lake Rippowam","June","6-01_LR","Armatimonadota",0.0174650023015895
"Lake Rippowam","June","6-01_LR","Bacteroidota",0.157780726219165
"Lake Rippowam","June","6-01_LR","Bdellovibrionota",0.00500934174541713
"Lake Rippowam","June","6-01_LR","Calditrichota",0
"Lake Rippowam","June","6-01_LR","Campylobacterota",0
"Lake Rippowam","June","6-01_LR","Chloroflexi",0.00441363624055671
"Lake Rippowam","June","6-01_LR","Cloacimonadota",0
"Lake Rippowam","June","6-01_LR","Crenarchaeota",0
"Lake Rippowam","June","6-01_LR","Cyanobacteriota",0.0879207170128077
"Lake Rippowam","June","6-01_LR","Deinococcota",0.00113725596382443
"Lake Rippowam","June","6-01_LR","Dependentiae",0
"Lake Rippowam","June","6-01_LR","Desulfobacterota",0.000974790826135225
"Lake Rippowam","June","6-01_LR","Elusimicrobiota",0
"Lake Rippowam","June","6-01_LR","Euryarchaeota",0
"Lake Rippowam","June","6-01_LR","Fermentibacterota",0
"Lake Rippowam","June","6-01_LR","Fibrobacterota",0
"Lake Rippowam","June","6-01_LR","Firmicutes",0.0191979637702743
"Lake Rippowam","June","6-01_LR","Fusobacteriota",0.00346592293736969
"Lake Rippowam","June","6-01_LR","Gemmatimonadota",0.00568627981912215
"Lake Rippowam","June","6-01_LR","Halobacterota",0.00219327935880426
"Lake Rippowam","June","6-01_LR","Hydrogenedentes",0
"Lake Rippowam","June","6-01_LR","Latescibacterota",0
"Lake Rippowam","June","6-01_LR","Methylomirabilota",0
"Lake Rippowam","June","6-01_LR","Micrarchaeota",0
"Lake Rippowam","June","6-01_LR","Modulibacteria",0
"Lake Rippowam","June","6-01_LR","Myxococcota",0.00736508624191059
"Lake Rippowam","June","6-01_LR","Nanoarchaeota",0
"Lake Rippowam","June","6-01_LR","Nitrospirota",0
"Lake Rippowam","June","6-01_LR","Patescibacteria",0.000297852752430208
"Lake Rippowam","June","6-01_LR","Planctomycetota",0.0684249004901032
"Lake Rippowam","June","6-01_LR","Proteobacteria",0.4100890850505
"Lake Rippowam","June","6-01_LR","Spirochaetota",0
"Lake Rippowam","June","6-01_LR","Sumerlaeota",0.00078524816549782
"Lake Rippowam","June","6-01_LR","Thermoplasmatota",0
"Lake Rippowam","June","6-01_LR","Verrucomicrobiota",0.130567815656224
"Lake Rippowam","June","6-08_LR","Acidobacteriota",0.00348157214742282
"Lake Rippowam","June","6-08_LR","Actinobacteriota",0.211451108391133
"Lake Rippowam","June","6-08_LR","Aenigmarchaeota",0
"Lake Rippowam","June","6-08_LR","Armatimonadota",0.00375356997144023
"Lake Rippowam","June","6-08_LR","Bacteroidota",0.17062423500612
"Lake Rippowam","June","6-08_LR","Bdellovibrionota",0.0033999728002176
"Lake Rippowam","June","6-08_LR","Calditrichota",0
"Lake Rippowam","June","6-08_LR","Campylobacterota",0.000625594995240038
"Lake Rippowam","June","6-08_LR","Chloroflexi",0.00242078063375493
"Lake Rippowam","June","6-08_LR","Cloacimonadota",0
"Lake Rippowam","June","6-08_LR","Crenarchaeota",0
"Lake Rippowam","June","6-08_LR","Cyanobacteriota",0.0968312253501972
"Lake Rippowam","June","6-08_LR","Deinococcota",0
"Lake Rippowam","June","6-08_LR","Dependentiae",0.000108799129606963
"Lake Rippowam","June","6-08_LR","Desulfobacterota",0.000108799129606963
"Lake Rippowam","June","6-08_LR","Elusimicrobiota",0
"Lake Rippowam","June","6-08_LR","Euryarchaeota",0
"Lake Rippowam","June","6-08_LR","Fermentibacterota",0
"Lake Rippowam","June","6-08_LR","Fibrobacterota",0
"Lake Rippowam","June","6-08_LR","Firmicutes",0.00119679042567659
"Lake Rippowam","June","6-08_LR","Fusobacteriota",0
"Lake Rippowam","June","6-08_LR","Gemmatimonadota",0.00737114103087175
"Lake Rippowam","June","6-08_LR","Halobacterota",0
"Lake Rippowam","June","6-08_LR","Hydrogenedentes",0
"Lake Rippowam","June","6-08_LR","Latescibacterota",0
"Lake Rippowam","June","6-08_LR","Methylomirabilota",0
"Lake Rippowam","June","6-08_LR","Micrarchaeota",0
"Lake Rippowam","June","6-08_LR","Modulibacteria",0
"Lake Rippowam","June","6-08_LR","Myxococcota",0.000543995648034816
"Lake Rippowam","June","6-08_LR","Nanoarchaeota",0
"Lake Rippowam","June","6-08_LR","Nitrospirota",0
"Lake Rippowam","June","6-08_LR","Patescibacteria",0.000190398476812186
"Lake Rippowam","June","6-08_LR","Planctomycetota",0.0376988984088127
"Lake Rippowam","June","6-08_LR","Proteobacteria",0.362219502243982
"Lake Rippowam","June","6-08_LR","Spirochaetota",0
"Lake Rippowam","June","6-08_LR","Sumerlaeota",0
"Lake Rippowam","June","6-08_LR","Thermoplasmatota",0
"Lake Rippowam","June","6-08_LR","Verrucomicrobiota",0.0979736162110703
"Lake Rippowam","June","6-16_LR","Acidobacteriota",0.00583185720125358
"Lake Rippowam","June","6-16_LR","Actinobacteriota",0.167134486987328
"Lake Rippowam","June","6-16_LR","Aenigmarchaeota",0
"Lake Rippowam","June","6-16_LR","Armatimonadota",0.00839351410273879
"Lake Rippowam","June","6-16_LR","Bacteroidota",0.0963073988281782
"Lake Rippowam","June","6-16_LR","Bdellovibrionota",0.00645864559204251
"Lake Rippowam","June","6-16_LR","Calditrichota",0
"Lake Rippowam","June","6-16_LR","Campylobacterota",0
"Lake Rippowam","June","6-16_LR","Chloroflexi",0
"Lake Rippowam","June","6-16_LR","Cloacimonadota",0
"Lake Rippowam","June","6-16_LR","Crenarchaeota",0
"Lake Rippowam","June","6-16_LR","Cyanobacteriota",0.10960621338057
"Lake Rippowam","June","6-16_LR","Deinococcota",0.000599536721624199
"Lake Rippowam","June","6-16_LR","Dependentiae",8.1755007494209e-05
"Lake Rippowam","June","6-16_LR","Desulfobacterota",0.00482354544215833
"Lake Rippowam","June","6-16_LR","Elusimicrobiota",0
"Lake Rippowam","June","6-16_LR","Euryarchaeota",0
"Lake Rippowam","June","6-16_LR","Fermentibacterota",0
"Lake Rippowam","June","6-16_LR","Fibrobacterota",0
"Lake Rippowam","June","6-16_LR","Firmicutes",0.000490530044965254
"Lake Rippowam","June","6-16_LR","Fusobacteriota",0
"Lake Rippowam","June","6-16_LR","Gemmatimonadota",0.000190761684153154
"Lake Rippowam","June","6-16_LR","Halobacterota",0
"Lake Rippowam","June","6-16_LR","Hydrogenedentes",0
"Lake Rippowam","June","6-16_LR","Latescibacterota",0
"Lake Rippowam","June","6-16_LR","Methylomirabilota",0
"Lake Rippowam","June","6-16_LR","Micrarchaeota",0
"Lake Rippowam","June","6-16_LR","Modulibacteria",0
"Lake Rippowam","June","6-16_LR","Myxococcota",0.00138983512740155
"Lake Rippowam","June","6-16_LR","Nanoarchaeota",0
"Lake Rippowam","June","6-16_LR","Nitrospirota",0
"Lake Rippowam","June","6-16_LR","Patescibacteria",0
"Lake Rippowam","June","6-16_LR","Planctomycetota",0.0828178225916337
"Lake Rippowam","June","6-16_LR","Proteobacteria",0.398337648180951
"Lake Rippowam","June","6-16_LR","Spirochaetota",0.00109006676658945
"Lake Rippowam","June","6-16_LR","Sumerlaeota",0
"Lake Rippowam","June","6-16_LR","Thermoplasmatota",0
"Lake Rippowam","June","6-16_LR","Verrucomicrobiota",0.116446382340918
"Lake Rippowam","June","6-19_LR","Acidobacteriota",0.00518121425090415
"Lake Rippowam","June","6-19_LR","Actinobacteriota",0.147254212942776
"Lake Rippowam","June","6-19_LR","Aenigmarchaeota",0
"Lake Rippowam","June","6-19_LR","Armatimonadota",0.00623284684638469
"Lake Rippowam","June","6-19_LR","Bacteroidota",0.108189909456998
"Lake Rippowam","June","6-19_LR","Bdellovibrionota",0.00538641085490035
"Lake Rippowam","June","6-19_LR","Calditrichota",0
"Lake Rippowam","June","6-19_LR","Campylobacterota",0
"Lake Rippowam","June","6-19_LR","Chloroflexi",0.0028214533049478
"Lake Rippowam","June","6-19_LR","Cloacimonadota",0
"Lake Rippowam","June","6-19_LR","Crenarchaeota",0
"Lake Rippowam","June","6-19_LR","Cyanobacteriota",0.121835483622746
"Lake Rippowam","June","6-19_LR","Deinococcota",0.000307794905994306
"Lake Rippowam","June","6-19_LR","Dependentiae",0.000384743632492882
"Lake Rippowam","June","6-19_LR","Desulfobacterota",0.00520686382640367
"Lake Rippowam","June","6-19_LR","Elusimicrobiota",0
"Lake Rippowam","June","6-19_LR","Euryarchaeota",0
"Lake Rippowam","June","6-19_LR","Fermentibacterota",0
"Lake Rippowam","June","6-19_LR","Fibrobacterota",0.000564290660989561
"Lake Rippowam","June","6-19_LR","Firmicutes",0.00174417113396773
"Lake Rippowam","June","6-19_LR","Fusobacteriota",0
"Lake Rippowam","June","6-19_LR","Gemmatimonadota",0.00397568420242645
"Lake Rippowam","June","6-19_LR","Halobacterota",0
"Lake Rippowam","June","6-19_LR","Hydrogenedentes",0
"Lake Rippowam","June","6-19_LR","Latescibacterota",0
"Lake Rippowam","June","6-19_LR","Methylomirabilota",0
"Lake Rippowam","June","6-19_LR","Micrarchaeota",0
"Lake Rippowam","June","6-19_LR","Modulibacteria",0
"Lake Rippowam","June","6-19_LR","Myxococcota",0.00264190627645112
"Lake Rippowam","June","6-19_LR","Nanoarchaeota",0.000128247877497627
"Lake Rippowam","June","6-19_LR","Nitrospirota",0.000205196603996204
"Lake Rippowam","June","6-19_LR","Patescibacteria",7.69487264985764e-05
"Lake Rippowam","June","6-19_LR","Planctomycetota",0.116474722343345
"Lake Rippowam","June","6-19_LR","Proteobacteria",0.334008772154821
"Lake Rippowam","June","6-19_LR","Spirochaetota",0.00138507707697438
"Lake Rippowam","June","6-19_LR","Sumerlaeota",0
"Lake Rippowam","June","6-19_LR","Thermoplasmatota",0
"Lake Rippowam","June","6-19_LR","Verrucomicrobiota",0.135994049298484
"Lake Rippowam","September","9-01_LR","Acidobacteriota",0.00142959256611866
"Lake Rippowam","September","9-01_LR","Actinobacteriota",0.120358078899894
"Lake Rippowam","September","9-01_LR","Aenigmarchaeota",0
"Lake Rippowam","September","9-01_LR","Armatimonadota",0.00558221859151094
"Lake Rippowam","September","9-01_LR","Bacteroidota",0.073521903400388
"Lake Rippowam","September","9-01_LR","Bdellovibrionota",0.0147384185983185
"Lake Rippowam","September","9-01_LR","Calditrichota",0
"Lake Rippowam","September","9-01_LR","Campylobacterota",0
"Lake Rippowam","September","9-01_LR","Chloroflexi",0.00799891078661629
"Lake Rippowam","September","9-01_LR","Cloacimonadota",0
"Lake Rippowam","September","9-01_LR","Crenarchaeota",0
"Lake Rippowam","September","9-01_LR","Cyanobacteriota",0.334048129616393
"Lake Rippowam","September","9-01_LR","Deinococcota",0
"Lake Rippowam","September","9-01_LR","Dependentiae",0
"Lake Rippowam","September","9-01_LR","Desulfobacterota",0.000238265427686443
"Lake Rippowam","September","9-01_LR","Elusimicrobiota",0
"Lake Rippowam","September","9-01_LR","Euryarchaeota",0
"Lake Rippowam","September","9-01_LR","Fermentibacterota",0
"Lake Rippowam","September","9-01_LR","Fibrobacterota",0
"Lake Rippowam","September","9-01_LR","Firmicutes",0.0134790156234045
"Lake Rippowam","September","9-01_LR","Fusobacteriota",0
"Lake Rippowam","September","9-01_LR","Gemmatimonadota",0
"Lake Rippowam","September","9-01_LR","Halobacterota",0
"Lake Rippowam","September","9-01_LR","Hydrogenedentes",0
"Lake Rippowam","September","9-01_LR","Latescibacterota",0
"Lake Rippowam","September","9-01_LR","Methylomirabilota",0
"Lake Rippowam","September","9-01_LR","Micrarchaeota",0
"Lake Rippowam","September","9-01_LR","Modulibacteria",0
"Lake Rippowam","September","9-01_LR","Myxococcota",0.0021784267674189
"Lake Rippowam","September","9-01_LR","Nanoarchaeota",0
"Lake Rippowam","September","9-01_LR","Nitrospirota",0
"Lake Rippowam","September","9-01_LR","Patescibacteria",0
"Lake Rippowam","September","9-01_LR","Planctomycetota",0.0421049048640185
"Lake Rippowam","September","9-01_LR","Proteobacteria",0.113516457333469
"Lake Rippowam","September","9-01_LR","Spirochaetota",0.00125940297491405
"Lake Rippowam","September","9-01_LR","Sumerlaeota",0
"Lake Rippowam","September","9-01_LR","Thermoplasmatota",0
"Lake Rippowam","September","9-01_LR","Verrucomicrobiota",0.269546274549849
"Lake Rippowam","September","9-09_LR","Acidobacteriota",0
"Lake Rippowam","September","9-09_LR","Actinobacteriota",0.0845979980626413
"Lake Rippowam","September","9-09_LR","Aenigmarchaeota",0
"Lake Rippowam","September","9-09_LR","Armatimonadota",0.00251139095181717
"Lake Rippowam","September","9-09_LR","Bacteroidota",0.0570444516198472
"Lake Rippowam","September","9-09_LR","Bdellovibrionota",0.00290603810138844
"Lake Rippowam","September","9-09_LR","Calditrichota",0
"Lake Rippowam","September","9-09_LR","Campylobacterota",0
"Lake Rippowam","September","9-09_LR","Chloroflexi",0
"Lake Rippowam","September","9-09_LR","Cloacimonadota",0
"Lake Rippowam","September","9-09_LR","Crenarchaeota",0
"Lake Rippowam","September","9-09_LR","Cyanobacteriota",0.308434685896746
"Lake Rippowam","September","9-09_LR","Deinococcota",0
"Lake Rippowam","September","9-09_LR","Dependentiae",0.000358770135973882
"Lake Rippowam","September","9-09_LR","Desulfobacterota",0.00197323574785635
"Lake Rippowam","September","9-09_LR","Elusimicrobiota",0
"Lake Rippowam","September","9-09_LR","Euryarchaeota",0
"Lake Rippowam","September","9-09_LR","Fermentibacterota",0
"Lake Rippowam","September","9-09_LR","Fibrobacterota",0
"Lake Rippowam","September","9-09_LR","Firmicutes",0
"Lake Rippowam","September","9-09_LR","Fusobacteriota",0
"Lake Rippowam","September","9-09_LR","Gemmatimonadota",0
"Lake Rippowam","September","9-09_LR","Halobacterota",7.17540271947763e-05
"Lake Rippowam","September","9-09_LR","Hydrogenedentes",0
"Lake Rippowam","September","9-09_LR","Latescibacterota",0
"Lake Rippowam","September","9-09_LR","Methylomirabilota",0
"Lake Rippowam","September","9-09_LR","Micrarchaeota",0
"Lake Rippowam","September","9-09_LR","Modulibacteria",0
"Lake Rippowam","September","9-09_LR","Myxococcota",0.00039464714957127
"Lake Rippowam","September","9-09_LR","Nanoarchaeota",0
"Lake Rippowam","September","9-09_LR","Nitrospirota",0
"Lake Rippowam","September","9-09_LR","Patescibacteria",0
"Lake Rippowam","September","9-09_LR","Planctomycetota",0.0251856635453665
"Lake Rippowam","September","9-09_LR","Proteobacteria",0.119326947224913
"Lake Rippowam","September","9-09_LR","Spirochaetota",0.000609909231155599
"Lake Rippowam","September","9-09_LR","Sumerlaeota",0
"Lake Rippowam","September","9-09_LR","Thermoplasmatota",0
"Lake Rippowam","September","9-09_LR","Verrucomicrobiota",0.396584508305529
"Lake Rippowam","September","9-16_LR","Acidobacteriota",0.000553053646203682
"Lake Rippowam","September","9-16_LR","Actinobacteriota",0.0638908640804825
"Lake Rippowam","September","9-16_LR","Aenigmarchaeota",0
"Lake Rippowam","September","9-16_LR","Armatimonadota",0
"Lake Rippowam","September","9-16_LR","Bacteroidota",0.038213373363883
"Lake Rippowam","September","9-16_LR","Bdellovibrionota",0
"Lake Rippowam","September","9-16_LR","Calditrichota",0
"Lake Rippowam","September","9-16_LR","Campylobacterota",0
"Lake Rippowam","September","9-16_LR","Chloroflexi",0.0126412261989413
"Lake Rippowam","September","9-16_LR","Cloacimonadota",0
"Lake Rippowam","September","9-16_LR","Crenarchaeota",0
"Lake Rippowam","September","9-16_LR","Cyanobacteriota",0.351768454873456
"Lake Rippowam","September","9-16_LR","Deinococcota",0
"Lake Rippowam","September","9-16_LR","Dependentiae",0
"Lake Rippowam","September","9-16_LR","Desulfobacterota",0.000658397197861526
"Lake Rippowam","September","9-16_LR","Elusimicrobiota",0
"Lake Rippowam","September","9-16_LR","Euryarchaeota",0
"Lake Rippowam","September","9-16_LR","Fermentibacterota",0
"Lake Rippowam","September","9-16_LR","Fibrobacterota",0
"Lake Rippowam","September","9-16_LR","Firmicutes",0.0131416080693161
"Lake Rippowam","September","9-16_LR","Fusobacteriota",0
"Lake Rippowam","September","9-16_LR","Gemmatimonadota",0
"Lake Rippowam","September","9-16_LR","Halobacterota",0.00118511495615075
"Lake Rippowam","September","9-16_LR","Hydrogenedentes",0.00105343551657844
"Lake Rippowam","September","9-16_LR","Latescibacterota",0
"Lake Rippowam","September","9-16_LR","Methylomirabilota",0
"Lake Rippowam","September","9-16_LR","Micrarchaeota",0
"Lake Rippowam","September","9-16_LR","Modulibacteria",0
"Lake Rippowam","September","9-16_LR","Myxococcota",0
"Lake Rippowam","September","9-16_LR","Nanoarchaeota",0
"Lake Rippowam","September","9-16_LR","Nitrospirota",0
"Lake Rippowam","September","9-16_LR","Patescibacteria",0.00123778673197967
"Lake Rippowam","September","9-16_LR","Planctomycetota",0.0735824708330041
"Lake Rippowam","September","9-16_LR","Proteobacteria",0.0790866714071265
"Lake Rippowam","September","9-16_LR","Spirochaetota",0
"Lake Rippowam","September","9-16_LR","Sumerlaeota",0
"Lake Rippowam","September","9-16_LR","Thermoplasmatota",0
"Lake Rippowam","September","9-16_LR","Verrucomicrobiota",0.362987543125016
"Teatown Lake","August","8-04_TTL","Acidobacteriota",0.00729883516548992
"Teatown Lake","August","8-04_TTL","Actinobacteriota",0.179223642267703
"Teatown Lake","August","8-04_TTL","Aenigmarchaeota",0
"Teatown Lake","August","8-04_TTL","Armatimonadota",0.0209431882503649
"Teatown Lake","August","8-04_TTL","Bacteroidota",0.223642267703399
"Teatown Lake","August","8-04_TTL","Bdellovibrionota",0.0110227306580868
"Teatown Lake","August","8-04_TTL","Calditrichota",0
"Teatown Lake","August","8-04_TTL","Campylobacterota",0.000357493967289302
"Teatown Lake","August","8-04_TTL","Chloroflexi",0.00378347782047845
"Teatown Lake","August","8-04_TTL","Cloacimonadota",0
"Teatown Lake","August","8-04_TTL","Crenarchaeota",0
"Teatown Lake","August","8-04_TTL","Cyanobacteriota",0.0132272767897042
"Teatown Lake","August","8-04_TTL","Deinococcota",0.000536240950933953
"Teatown Lake","August","8-04_TTL","Dependentiae",0
"Teatown Lake","August","8-04_TTL","Desulfobacterota",0
"Teatown Lake","August","8-04_TTL","Elusimicrobiota",0
"Teatown Lake","August","8-04_TTL","Euryarchaeota",0
"Teatown Lake","August","8-04_TTL","Fermentibacterota",0
"Teatown Lake","August","8-04_TTL","Fibrobacterota",0
"Teatown Lake","August","8-04_TTL","Firmicutes",0.00125122888551256
"Teatown Lake","August","8-04_TTL","Fusobacteriota",0
"Teatown Lake","August","8-04_TTL","Gemmatimonadota",0.00366431316471535
"Teatown Lake","August","8-04_TTL","Halobacterota",0
"Teatown Lake","August","8-04_TTL","Hydrogenedentes",0.000446867459111628
"Teatown Lake","August","8-04_TTL","Latescibacterota",0
"Teatown Lake","August","8-04_TTL","Methylomirabilota",0
"Teatown Lake","August","8-04_TTL","Micrarchaeota",0
"Teatown Lake","August","8-04_TTL","Modulibacteria",0
"Teatown Lake","August","8-04_TTL","Myxococcota",0.000595823278815503
"Teatown Lake","August","8-04_TTL","Nanoarchaeota",0.000446867459111628
"Teatown Lake","August","8-04_TTL","Nitrospirota",0
"Teatown Lake","August","8-04_TTL","Patescibacteria",0.00140018470521643
"Teatown Lake","August","8-04_TTL","Planctomycetota",0.0420949146483153
"Teatown Lake","August","8-04_TTL","Proteobacteria",0.381267316114041
"Teatown Lake","August","8-04_TTL","Spirochaetota",0.00107248190186791
"Teatown Lake","August","8-04_TTL","Sumerlaeota",0
"Teatown Lake","August","8-04_TTL","Thermoplasmatota",0
"Teatown Lake","August","8-04_TTL","Verrucomicrobiota",0.107724848809843
"Teatown Lake","August","8-12_TTL","Acidobacteriota",0.000296665480004747
"Teatown Lake","August","8-12_TTL","Actinobacteriota",0.163284680194613
"Teatown Lake","August","8-12_TTL","Aenigmarchaeota",0
"Teatown Lake","August","8-12_TTL","Armatimonadota",0.0119852853921918
"Teatown Lake","August","8-12_TTL","Bacteroidota",0.353476919425656
"Teatown Lake","August","8-12_TTL","Bdellovibrionota",0.000326332028005221
"Teatown Lake","August","8-12_TTL","Calditrichota",0
"Teatown Lake","August","8-12_TTL","Campylobacterota",0
"Teatown Lake","August","8-12_TTL","Chloroflexi",0.000682330604010917
"Teatown Lake","August","8-12_TTL","Cloacimonadota",0
"Teatown Lake","August","8-12_TTL","Crenarchaeota",0
"Teatown Lake","August","8-12_TTL","Cyanobacteriota",0.0526284561528421
"Teatown Lake","August","8-12_TTL","Deinococcota",0.000474664768007595
"Teatown Lake","August","8-12_TTL","Dependentiae",0
"Teatown Lake","August","8-12_TTL","Desulfobacterota",0.000533997864008544
"Teatown Lake","August","8-12_TTL","Elusimicrobiota",0
"Teatown Lake","August","8-12_TTL","Euryarchaeota",0.000533997864008544
"Teatown Lake","August","8-12_TTL","Fermentibacterota",0
"Teatown Lake","August","8-12_TTL","Fibrobacterota",0.000237332384003797
"Teatown Lake","August","8-12_TTL","Firmicutes",0.00118666192001899
"Teatown Lake","August","8-12_TTL","Fusobacteriota",0.000504331316008069
"Teatown Lake","August","8-12_TTL","Gemmatimonadota",0
"Teatown Lake","August","8-12_TTL","Halobacterota",0.000237332384003797
"Teatown Lake","August","8-12_TTL","Hydrogenedentes",0
"Teatown Lake","August","8-12_TTL","Latescibacterota",0
"Teatown Lake","August","8-12_TTL","Methylomirabilota",0
"Teatown Lake","August","8-12_TTL","Micrarchaeota",0
"Teatown Lake","August","8-12_TTL","Modulibacteria",0
"Teatown Lake","August","8-12_TTL","Myxococcota",0.000978996084015664
"Teatown Lake","August","8-12_TTL","Nanoarchaeota",0.000355998576005696
"Teatown Lake","August","8-12_TTL","Nitrospirota",0
"Teatown Lake","August","8-12_TTL","Patescibacteria",0.000860329892013765
"Teatown Lake","August","8-12_TTL","Planctomycetota",0.00673430639610775
"Teatown Lake","August","8-12_TTL","Proteobacteria",0.341076302361457
"Teatown Lake","August","8-12_TTL","Spirochaetota",0.00943396226415094
"Teatown Lake","August","8-12_TTL","Sumerlaeota",0
"Teatown Lake","August","8-12_TTL","Thermoplasmatota",0
"Teatown Lake","August","8-12_TTL","Verrucomicrobiota",0.0541711166488667
"Teatown Lake","August","8-18_TTL","Acidobacteriota",0.000501265097627345
"Teatown Lake","August","8-18_TTL","Actinobacteriota",0.166420012412279
"Teatown Lake","August","8-18_TTL","Aenigmarchaeota",0
"Teatown Lake","August","8-18_TTL","Armatimonadota",0.180312216546522
"Teatown Lake","August","8-18_TTL","Bacteroidota",0.308850909438106
"Teatown Lake","August","8-18_TTL","Bdellovibrionota",0.00107413949491574
"Teatown Lake","August","8-18_TTL","Calditrichota",0
"Teatown Lake","August","8-18_TTL","Campylobacterota",0.00284050221988829
"Teatown Lake","August","8-18_TTL","Chloroflexi",0.00190958132429465
"Teatown Lake","August","8-18_TTL","Cloacimonadota",0
"Teatown Lake","August","8-18_TTL","Crenarchaeota",0
"Teatown Lake","August","8-18_TTL","Cyanobacteriota",0.0582183606244331
"Teatown Lake","August","8-18_TTL","Deinococcota",0
"Teatown Lake","August","8-18_TTL","Dependentiae",0.000214827898983148
"Teatown Lake","August","8-18_TTL","Desulfobacterota",0.00102639996180837
"Teatown Lake","August","8-18_TTL","Elusimicrobiota",0
"Teatown Lake","August","8-18_TTL","Euryarchaeota",0.00109800926146942
"Teatown Lake","August","8-18_TTL","Fermentibacterota",0
"Teatown Lake","August","8-18_TTL","Fibrobacterota",0
"Teatown Lake","August","8-18_TTL","Firmicutes",0.00102639996180837
"Teatown Lake","August","8-18_TTL","Fusobacteriota",0.000501265097627345
"Teatown Lake","August","8-18_TTL","Gemmatimonadota",0
"Teatown Lake","August","8-18_TTL","Halobacterota",7.16092996610493e-05
"Teatown Lake","August","8-18_TTL","Hydrogenedentes",0
"Teatown Lake","August","8-18_TTL","Latescibacterota",0
"Teatown Lake","August","8-18_TTL","Methylomirabilota",0
"Teatown Lake","August","8-18_TTL","Micrarchaeota",0
"Teatown Lake","August","8-18_TTL","Modulibacteria",0
"Teatown Lake","August","8-18_TTL","Myxococcota",0.000190958132429465
"Teatown Lake","August","8-18_TTL","Nanoarchaeota",0.000143218599322099
"Teatown Lake","August","8-18_TTL","Nitrospirota",0
"Teatown Lake","August","8-18_TTL","Patescibacteria",0
"Teatown Lake","August","8-18_TTL","Planctomycetota",0.00279276268678092
"Teatown Lake","August","8-18_TTL","Proteobacteria",0.229149758915358
"Teatown Lake","August","8-18_TTL","Spirochaetota",0.00794863226237647
"Teatown Lake","August","8-18_TTL","Sumerlaeota",0
"Teatown Lake","August","8-18_TTL","Thermoplasmatota",0
"Teatown Lake","August","8-18_TTL","Verrucomicrobiota",0.0357091707643099
"Teatown Lake","August","8-26_TTL","Acidobacteriota",0
"Teatown Lake","August","8-26_TTL","Actinobacteriota",0.0400476758045292
"Teatown Lake","August","8-26_TTL","Aenigmarchaeota",0
"Teatown Lake","August","8-26_TTL","Armatimonadota",0.000595947556615018
"Teatown Lake","August","8-26_TTL","Bacteroidota",0.0268176400476758
"Teatown Lake","August","8-26_TTL","Bdellovibrionota",0.0067938021454112
"Teatown Lake","August","8-26_TTL","Calditrichota",0
"Teatown Lake","August","8-26_TTL","Campylobacterota",0
"Teatown Lake","August","8-26_TTL","Chloroflexi",0
"Teatown Lake","August","8-26_TTL","Cloacimonadota",0
"Teatown Lake","August","8-26_TTL","Crenarchaeota",0
"Teatown Lake","August","8-26_TTL","Cyanobacteriota",0.324672228843862
"Teatown Lake","August","8-26_TTL","Deinococcota",0
"Teatown Lake","August","8-26_TTL","Dependentiae",0
"Teatown Lake","August","8-26_TTL","Desulfobacterota",0
"Teatown Lake","August","8-26_TTL","Elusimicrobiota",0
"Teatown Lake","August","8-26_TTL","Euryarchaeota",0
"Teatown Lake","August","8-26_TTL","Fermentibacterota",0
"Teatown Lake","August","8-26_TTL","Fibrobacterota",0
"Teatown Lake","August","8-26_TTL","Firmicutes",0.000715137067938021
"Teatown Lake","August","8-26_TTL","Fusobacteriota",0
"Teatown Lake","August","8-26_TTL","Gemmatimonadota",0
"Teatown Lake","August","8-26_TTL","Halobacterota",0.000238379022646007
"Teatown Lake","August","8-26_TTL","Hydrogenedentes",0
"Teatown Lake","August","8-26_TTL","Latescibacterota",0
"Teatown Lake","August","8-26_TTL","Methylomirabilota",0
"Teatown Lake","August","8-26_TTL","Micrarchaeota",0
"Teatown Lake","August","8-26_TTL","Modulibacteria",0
"Teatown Lake","August","8-26_TTL","Myxococcota",0.00441001191895113
"Teatown Lake","August","8-26_TTL","Nanoarchaeota",0
"Teatown Lake","August","8-26_TTL","Nitrospirota",0
"Teatown Lake","August","8-26_TTL","Patescibacteria",0.000238379022646007
"Teatown Lake","August","8-26_TTL","Planctomycetota",0.0486293206197855
"Teatown Lake","August","8-26_TTL","Proteobacteria",0.14445768772348
"Teatown Lake","August","8-26_TTL","Spirochaetota",0.000238379022646007
"Teatown Lake","August","8-26_TTL","Sumerlaeota",0
"Teatown Lake","August","8-26_TTL","Thermoplasmatota",0
"Teatown Lake","August","8-26_TTL","Verrucomicrobiota",0.402145411203814
"Teatown Lake","July","7-08_TTL","Acidobacteriota",0.00703525684057893
"Teatown Lake","July","7-08_TTL","Actinobacteriota",0.0778711635025912
"Teatown Lake","July","7-08_TTL","Aenigmarchaeota",0
"Teatown Lake","July","7-08_TTL","Armatimonadota",0.0105528852608684
"Teatown Lake","July","7-08_TTL","Bacteroidota",0.19830294567815
"Teatown Lake","July","7-08_TTL","Bdellovibrionota",0.020890953518971
"Teatown Lake","July","7-08_TTL","Calditrichota",0
"Teatown Lake","July","7-08_TTL","Campylobacterota",0.00512875594103273
"Teatown Lake","July","7-08_TTL","Chloroflexi",0.00405467092720389
"Teatown Lake","July","7-08_TTL","Cloacimonadota",0.000107408501382884
"Teatown Lake","July","7-08_TTL","Crenarchaeota",0.000134260626728606
"Teatown Lake","July","7-08_TTL","Cyanobacteriota",0.0982250745146478
"Teatown Lake","July","7-08_TTL","Deinococcota",0
"Teatown Lake","July","7-08_TTL","Dependentiae",8.05563760371633e-05
"Teatown Lake","July","7-08_TTL","Desulfobacterota",0.00937139174565667
"Teatown Lake","July","7-08_TTL","Elusimicrobiota",0.000107408501382884
"Teatown Lake","July","7-08_TTL","Euryarchaeota",0
"Teatown Lake","July","7-08_TTL","Fermentibacterota",0
"Teatown Lake","July","7-08_TTL","Fibrobacterota",0.000375929754840096
"Teatown Lake","July","7-08_TTL","Firmicutes",0.00714266534196182
"Teatown Lake","July","7-08_TTL","Fusobacteriota",0.0038130017990924
"Teatown Lake","July","7-08_TTL","Gemmatimonadota",0
"Teatown Lake","July","7-08_TTL","Halobacterota",0.00123519776590317
"Teatown Lake","July","7-08_TTL","Hydrogenedentes",0
"Teatown Lake","July","7-08_TTL","Latescibacterota",0
"Teatown Lake","July","7-08_TTL","Methylomirabilota",0
"Teatown Lake","July","7-08_TTL","Micrarchaeota",0
"Teatown Lake","July","7-08_TTL","Modulibacteria",0.000134260626728606
"Teatown Lake","July","7-08_TTL","Myxococcota",0.00209446577696625
"Teatown Lake","July","7-08_TTL","Nanoarchaeota",0.000751859509680191
"Teatown Lake","July","7-08_TTL","Nitrospirota",0
"Teatown Lake","July","7-08_TTL","Patescibacteria",0.00445745280738971
"Teatown Lake","July","7-08_TTL","Planctomycetota",0.00220187427834913
"Teatown Lake","July","7-08_TTL","Proteobacteria",0.272575924384415
"Teatown Lake","July","7-08_TTL","Spirochaetota",0.00136945839263178
"Teatown Lake","July","7-08_TTL","Sumerlaeota",0
"Teatown Lake","July","7-08_TTL","Thermoplasmatota",0.000295373378802932
"Teatown Lake","July","7-08_TTL","Verrucomicrobiota",0.271689804248006
"Teatown Lake","July","7-14_TTL","Acidobacteriota",0.000408345088722251
"Teatown Lake","July","7-14_TTL","Actinobacteriota",0.190066077659811
"Teatown Lake","July","7-14_TTL","Aenigmarchaeota",0
"Teatown Lake","July","7-14_TTL","Armatimonadota",0.0135496324894201
"Teatown Lake","July","7-14_TTL","Bacteroidota",0.165602494617269
"Teatown Lake","July","7-14_TTL","Bdellovibrionota",0.00527136387259633
"Teatown Lake","July","7-14_TTL","Calditrichota",0
"Teatown Lake","July","7-14_TTL","Campylobacterota",0
"Teatown Lake","July","7-14_TTL","Chloroflexi",0.00590244264607618
"Teatown Lake","July","7-14_TTL","Cloacimonadota",0
"Teatown Lake","July","7-14_TTL","Crenarchaeota",0
"Teatown Lake","July","7-14_TTL","Cyanobacteriota",0.380503378127552
"Teatown Lake","July","7-14_TTL","Deinococcota",0
"Teatown Lake","July","7-14_TTL","Dependentiae",0
"Teatown Lake","July","7-14_TTL","Desulfobacterota",0
"Teatown Lake","July","7-14_TTL","Elusimicrobiota",0
"Teatown Lake","July","7-14_TTL","Euryarchaeota",0
"Teatown Lake","July","7-14_TTL","Fermentibacterota",0
"Teatown Lake","July","7-14_TTL","Fibrobacterota",0
"Teatown Lake","July","7-14_TTL","Firmicutes",0.00126215754695969
"Teatown Lake","July","7-14_TTL","Fusobacteriota",0
"Teatown Lake","July","7-14_TTL","Gemmatimonadota",0
"Teatown Lake","July","7-14_TTL","Halobacterota",0.00096517930061623
"Teatown Lake","July","7-14_TTL","Hydrogenedentes",0.000334100527136387
"Teatown Lake","July","7-14_TTL","Latescibacterota",0
"Teatown Lake","July","7-14_TTL","Methylomirabilota",0
"Teatown Lake","July","7-14_TTL","Micrarchaeota",0
"Teatown Lake","July","7-14_TTL","Modulibacteria",0
"Teatown Lake","July","7-14_TTL","Myxococcota",0
"Teatown Lake","July","7-14_TTL","Nanoarchaeota",0
"Teatown Lake","July","7-14_TTL","Nitrospirota",0
"Teatown Lake","July","7-14_TTL","Patescibacteria",0
"Teatown Lake","July","7-14_TTL","Planctomycetota",0.0237211374266835
"Teatown Lake","July","7-14_TTL","Proteobacteria",0.160553864429431
"Teatown Lake","July","7-14_TTL","Spirochaetota",0.000259855965550523
"Teatown Lake","July","7-14_TTL","Sumerlaeota",0
"Teatown Lake","July","7-14_TTL","Thermoplasmatota",0.000668201054272775
"Teatown Lake","July","7-14_TTL","Verrucomicrobiota",0.0509317692479026
"Teatown Lake","July","7-18_TTL","Acidobacteriota",0
"Teatown Lake","July","7-18_TTL","Actinobacteriota",0.029375176703421
"Teatown Lake","July","7-18_TTL","Aenigmarchaeota",0
"Teatown Lake","July","7-18_TTL","Armatimonadota",0.0223635849590048
"Teatown Lake","July","7-18_TTL","Bacteroidota",0.192564320045236
"Teatown Lake","July","7-18_TTL","Bdellovibrionota",0.0057110545660164
"Teatown Lake","July","7-18_TTL","Calditrichota",0
"Teatown Lake","July","7-18_TTL","Campylobacterota",0
"Teatown Lake","July","7-18_TTL","Chloroflexi",0.00195080576759966
"Teatown Lake","July","7-18_TTL","Cloacimonadota",0
"Teatown Lake","July","7-18_TTL","Crenarchaeota",0
"Teatown Lake","July","7-18_TTL","Cyanobacteriota",0.231552162849873
"Teatown Lake","July","7-18_TTL","Deinococcota",0
"Teatown Lake","July","7-18_TTL","Dependentiae",0.000254452926208651
"Teatown Lake","July","7-18_TTL","Desulfobacterota",0
"Teatown Lake","July","7-18_TTL","Elusimicrobiota",0
"Teatown Lake","July","7-18_TTL","Euryarchaeota",0
"Teatown Lake","July","7-18_TTL","Fermentibacterota",0
"Teatown Lake","July","7-18_TTL","Fibrobacterota",0
"Teatown Lake","July","7-18_TTL","Firmicutes",0.000169635284139101
"Teatown Lake","July","7-18_TTL","Fusobacteriota",0
"Teatown Lake","July","7-18_TTL","Gemmatimonadota",0.00121571953633022
"Teatown Lake","July","7-18_TTL","Halobacterota",0
"Teatown Lake","July","7-18_TTL","Hydrogenedentes",0
"Teatown Lake","July","7-18_TTL","Latescibacterota",0
"Teatown Lake","July","7-18_TTL","Methylomirabilota",0
"Teatown Lake","July","7-18_TTL","Micrarchaeota",0
"Teatown Lake","July","7-18_TTL","Modulibacteria",0
"Teatown Lake","July","7-18_TTL","Myxococcota",0.00794458580718123
"Teatown Lake","July","7-18_TTL","Nanoarchaeota",0
"Teatown Lake","July","7-18_TTL","Nitrospirota",0
"Teatown Lake","July","7-18_TTL","Patescibacteria",0
"Teatown Lake","July","7-18_TTL","Planctomycetota",0.0104608425219112
"Teatown Lake","July","7-18_TTL","Proteobacteria",0.164942041277919
"Teatown Lake","July","7-18_TTL","Spirochaetota",0
"Teatown Lake","July","7-18_TTL","Sumerlaeota",0
"Teatown Lake","July","7-18_TTL","Thermoplasmatota",0
"Teatown Lake","July","7-18_TTL","Verrucomicrobiota",0.33149561775516
"Teatown Lake","July","7-22_TTL","Acidobacteriota",0
"Teatown Lake","July","7-22_TTL","Actinobacteriota",0.0322627106438139
"Teatown Lake","July","7-22_TTL","Aenigmarchaeota",0
"Teatown Lake","July","7-22_TTL","Armatimonadota",0.0390801286667627
"Teatown Lake","July","7-22_TTL","Bacteroidota",0.0302702962216141
"Teatown Lake","July","7-22_TTL","Bdellovibrionota",0.000936194728503529
"Teatown Lake","July","7-22_TTL","Calditrichota",0
"Teatown Lake","July","7-22_TTL","Campylobacterota",0
"Teatown Lake","July","7-22_TTL","Chloroflexi",0.00134427961015891
"Teatown Lake","July","7-22_TTL","Cloacimonadota",0
"Teatown Lake","July","7-22_TTL","Crenarchaeota",0
"Teatown Lake","July","7-22_TTL","Cyanobacteriota",0.796437659033079
"Teatown Lake","July","7-22_TTL","Deinococcota",0
"Teatown Lake","July","7-22_TTL","Dependentiae",0
"Teatown Lake","July","7-22_TTL","Desulfobacterota",0
"Teatown Lake","July","7-22_TTL","Elusimicrobiota",0
"Teatown Lake","July","7-22_TTL","Euryarchaeota",0.000144029958231312
"Teatown Lake","July","7-22_TTL","Fermentibacterota",0
"Teatown Lake","July","7-22_TTL","Fibrobacterota",0
"Teatown Lake","July","7-22_TTL","Firmicutes",0
"Teatown Lake","July","7-22_TTL","Fusobacteriota",0
"Teatown Lake","July","7-22_TTL","Gemmatimonadota",0
"Teatown Lake","July","7-22_TTL","Halobacterota",0
"Teatown Lake","July","7-22_TTL","Hydrogenedentes",0
"Teatown Lake","July","7-22_TTL","Latescibacterota",0
"Teatown Lake","July","7-22_TTL","Methylomirabilota",0
"Teatown Lake","July","7-22_TTL","Micrarchaeota",0
"Teatown Lake","July","7-22_TTL","Modulibacteria",0
"Teatown Lake","July","7-22_TTL","Myxococcota",7.20149791156561e-05
"Teatown Lake","July","7-22_TTL","Nanoarchaeota",0
"Teatown Lake","July","7-22_TTL","Nitrospirota",0
"Teatown Lake","July","7-22_TTL","Patescibacteria",0
"Teatown Lake","July","7-22_TTL","Planctomycetota",0
"Teatown Lake","July","7-22_TTL","Proteobacteria",0.0661577608142494
"Teatown Lake","July","7-22_TTL","Spirochaetota",0
"Teatown Lake","July","7-22_TTL","Sumerlaeota",0
"Teatown Lake","July","7-22_TTL","Thermoplasmatota",0
"Teatown Lake","July","7-22_TTL","Verrucomicrobiota",0.0332949253444716
"Teatown Lake","June","6-01_TTL","Acidobacteriota",0
"Teatown Lake","June","6-01_TTL","Actinobacteriota",0.0758258258258258
"Teatown Lake","June","6-01_TTL","Aenigmarchaeota",0
"Teatown Lake","June","6-01_TTL","Armatimonadota",0.0423150423150423
"Teatown Lake","June","6-01_TTL","Bacteroidota",0.385817635817636
"Teatown Lake","June","6-01_TTL","Bdellovibrionota",0.00211575211575212
"Teatown Lake","June","6-01_TTL","Calditrichota",0
"Teatown Lake","June","6-01_TTL","Campylobacterota",0
"Teatown Lake","June","6-01_TTL","Chloroflexi",0
"Teatown Lake","June","6-01_TTL","Cloacimonadota",0
"Teatown Lake","June","6-01_TTL","Crenarchaeota",0
"Teatown Lake","June","6-01_TTL","Cyanobacteriota",0.00218400218400218
"Teatown Lake","June","6-01_TTL","Deinococcota",0
"Teatown Lake","June","6-01_TTL","Dependentiae",0
"Teatown Lake","June","6-01_TTL","Desulfobacterota",0
"Teatown Lake","June","6-01_TTL","Elusimicrobiota",0
"Teatown Lake","June","6-01_TTL","Euryarchaeota",0
"Teatown Lake","June","6-01_TTL","Fermentibacterota",0
"Teatown Lake","June","6-01_TTL","Fibrobacterota",0.000614250614250614
"Teatown Lake","June","6-01_TTL","Firmicutes",0
"Teatown Lake","June","6-01_TTL","Fusobacteriota",0.00116025116025116
"Teatown Lake","June","6-01_TTL","Gemmatimonadota",0.0175402675402675
"Teatown Lake","June","6-01_TTL","Halobacterota",0
"Teatown Lake","June","6-01_TTL","Hydrogenedentes",0
"Teatown Lake","June","6-01_TTL","Latescibacterota",0
"Teatown Lake","June","6-01_TTL","Methylomirabilota",0
"Teatown Lake","June","6-01_TTL","Micrarchaeota",0
"Teatown Lake","June","6-01_TTL","Modulibacteria",0
"Teatown Lake","June","6-01_TTL","Myxococcota",0.00116025116025116
"Teatown Lake","June","6-01_TTL","Nanoarchaeota",0.000204750204750205
"Teatown Lake","June","6-01_TTL","Nitrospirota",0
"Teatown Lake","June","6-01_TTL","Patescibacteria",0.00416325416325416
"Teatown Lake","June","6-01_TTL","Planctomycetota",0.00491400491400491
"Teatown Lake","June","6-01_TTL","Proteobacteria",0.435981435981436
"Teatown Lake","June","6-01_TTL","Spirochaetota",0
"Teatown Lake","June","6-01_TTL","Sumerlaeota",0
"Teatown Lake","June","6-01_TTL","Thermoplasmatota",0
"Teatown Lake","June","6-01_TTL","Verrucomicrobiota",0.026003276003276
"Teatown Lake","June","6-08_TTL","Acidobacteriota",0.00385072944712291
"Teatown Lake","June","6-08_TTL","Actinobacteriota",0.125853108759627
"Teatown Lake","June","6-08_TTL","Aenigmarchaeota",0
"Teatown Lake","June","6-08_TTL","Armatimonadota",0.0149333166364035
"Teatown Lake","June","6-08_TTL","Bacteroidota",0.361686807338301
"Teatown Lake","June","6-08_TTL","Bdellovibrionota",0.00165925740404483
"Teatown Lake","June","6-08_TTL","Calditrichota",0
"Teatown Lake","June","6-08_TTL","Campylobacterota",0.000406987665143072
"Teatown Lake","June","6-08_TTL","Chloroflexi",0.00360027549934256
"Teatown Lake","June","6-08_TTL","Cloacimonadota",0
"Teatown Lake","June","6-08_TTL","Crenarchaeota",0.000250453947780352
"Teatown Lake","June","6-08_TTL","Cyanobacteriota",0.00914156909398284
"Teatown Lake","June","6-08_TTL","Deinococcota",0
"Teatown Lake","June","6-08_TTL","Dependentiae",0.000375680921670528
"Teatown Lake","June","6-08_TTL","Desulfobacterota",0.00550998685116774
"Teatown Lake","June","6-08_TTL","Elusimicrobiota",9.3920230417632e-05
"Teatown Lake","June","6-08_TTL","Euryarchaeota",0.000876588817231232
"Teatown Lake","June","6-08_TTL","Fermentibacterota",0
"Teatown Lake","June","6-08_TTL","Fibrobacterota",0.000250453947780352
"Teatown Lake","June","6-08_TTL","Firmicutes",0.0126479243629078
"Teatown Lake","June","6-08_TTL","Fusobacteriota",0.00983031745037881
"Teatown Lake","June","6-08_TTL","Gemmatimonadota",0.0201928495397909
"Teatown Lake","June","6-08_TTL","Halobacterota",0.00175317763446246
"Teatown Lake","June","6-08_TTL","Hydrogenedentes",0
"Teatown Lake","June","6-08_TTL","Latescibacterota",0.0007826685868136
"Teatown Lake","June","6-08_TTL","Methylomirabilota",0.000438294408615616
"Teatown Lake","June","6-08_TTL","Micrarchaeota",0.000125226973890176
"Teatown Lake","June","6-08_TTL","Modulibacteria",0
"Teatown Lake","June","6-08_TTL","Myxococcota",0.00294283388641913
"Teatown Lake","June","6-08_TTL","Nanoarchaeota",0.00144011019973702
"Teatown Lake","June","6-08_TTL","Nitrospirota",0
"Teatown Lake","June","6-08_TTL","Patescibacteria",0.00864066119842214
"Teatown Lake","June","6-08_TTL","Planctomycetota",0.0364723561455137
"Teatown Lake","June","6-08_TTL","Proteobacteria",0.275154968380189
"Teatown Lake","June","6-08_TTL","Spirochaetota",0.000594828125978336
"Teatown Lake","June","6-08_TTL","Sumerlaeota",0
"Teatown Lake","June","6-08_TTL","Thermoplasmatota",0.00115834950848413
"Teatown Lake","June","6-08_TTL","Verrucomicrobiota",0.0993362970383821
"Teatown Lake","June","6-16_TTL","Acidobacteriota",0
"Teatown Lake","June","6-16_TTL","Actinobacteriota",0.167297305103839
"Teatown Lake","June","6-16_TTL","Aenigmarchaeota",5.77684064585078e-05
"Teatown Lake","June","6-16_TTL","Armatimonadota",0.0718638976343837
"Teatown Lake","June","6-16_TTL","Bacteroidota",0.386210681378354
"Teatown Lake","June","6-16_TTL","Bdellovibrionota",0.0110048814303457
"Teatown Lake","June","6-16_TTL","Calditrichota",0
"Teatown Lake","June","6-16_TTL","Campylobacterota",0
"Teatown Lake","June","6-16_TTL","Chloroflexi",0.000606568267814332
"Teatown Lake","June","6-16_TTL","Cloacimonadota",5.77684064585078e-05
"Teatown Lake","June","6-16_TTL","Crenarchaeota",0
"Teatown Lake","June","6-16_TTL","Cyanobacteriota",0.0521359868288033
"Teatown Lake","June","6-16_TTL","Deinococcota",0.0011264839259409
"Teatown Lake","June","6-16_TTL","Dependentiae",0
"Teatown Lake","June","6-16_TTL","Desulfobacterota",0.000693220877502094
"Teatown Lake","June","6-16_TTL","Elusimicrobiota",0
"Teatown Lake","June","6-16_TTL","Euryarchaeota",0
"Teatown Lake","June","6-16_TTL","Fermentibacterota",0
"Teatown Lake","June","6-16_TTL","Fibrobacterota",0.00014442101614627
"Teatown Lake","June","6-16_TTL","Firmicutes",0.00395713584240779
"Teatown Lake","June","6-16_TTL","Fusobacteriota",0.00352387279396898
"Teatown Lake","June","6-16_TTL","Gemmatimonadota",0.00323503076167644
"Teatown Lake","June","6-16_TTL","Halobacterota",0.000115536812917016
"Teatown Lake","June","6-16_TTL","Hydrogenedentes",0.000462147251668063
"Teatown Lake","June","6-16_TTL","Latescibacterota",0
"Teatown Lake","June","6-16_TTL","Methylomirabilota",0
"Teatown Lake","June","6-16_TTL","Micrarchaeota",0
"Teatown Lake","June","6-16_TTL","Modulibacteria",0
"Teatown Lake","June","6-16_TTL","Myxococcota",0.000173305219375524
"Teatown Lake","June","6-16_TTL","Nanoarchaeota",0.000375494641980301
"Teatown Lake","June","6-16_TTL","Nitrospirota",0
"Teatown Lake","June","6-16_TTL","Patescibacteria",0.00612345108460183
"Teatown Lake","June","6-16_TTL","Planctomycetota",0.00566130383293377
"Teatown Lake","June","6-16_TTL","Proteobacteria",0.23537737211519
"Teatown Lake","June","6-16_TTL","Spirochaetota",0.00080875769041911
"Teatown Lake","June","6-16_TTL","Sumerlaeota",0
"Teatown Lake","June","6-16_TTL","Thermoplasmatota",0
"Teatown Lake","June","6-16_TTL","Verrucomicrobiota",0.0489876086768146
"Teatown Lake","June","6-19_TTL","Acidobacteriota",0.00402348130070576
"Teatown Lake","June","6-19_TTL","Actinobacteriota",0.121012246333795
"Teatown Lake","June","6-19_TTL","Aenigmarchaeota",0
"Teatown Lake","June","6-19_TTL","Armatimonadota",0.00734340302970341
"Teatown Lake","June","6-19_TTL","Bacteroidota",0.0963436888507794
"Teatown Lake","June","6-19_TTL","Bdellovibrionota",0.00191280258558143
"Teatown Lake","June","6-19_TTL","Calditrichota",0
"Teatown Lake","June","6-19_TTL","Campylobacterota",0
"Teatown Lake","June","6-19_TTL","Chloroflexi",0.00331992172899765
"Teatown Lake","June","6-19_TTL","Cloacimonadota",0
"Teatown Lake","June","6-19_TTL","Crenarchaeota",0
"Teatown Lake","June","6-19_TTL","Cyanobacteriota",0.527933513620474
"Teatown Lake","June","6-19_TTL","Deinococcota",0.00182485763911791
"Teatown Lake","June","6-19_TTL","Dependentiae",0.000395752259085812
"Teatown Lake","June","6-19_TTL","Desulfobacterota",0.00101136688433041
"Teatown Lake","June","6-19_TTL","Elusimicrobiota",0
"Teatown Lake","June","6-19_TTL","Euryarchaeota",0.00109931183079392
"Teatown Lake","June","6-19_TTL","Fermentibacterota",0
"Teatown Lake","June","6-19_TTL","Fibrobacterota",0.000505683442165205
"Teatown Lake","June","6-19_TTL","Firmicutes",0.00371567398808346
"Teatown Lake","June","6-19_TTL","Fusobacteriota",0
"Teatown Lake","June","6-19_TTL","Gemmatimonadota",0.00470505463579799
"Teatown Lake","June","6-19_TTL","Halobacterota",0.00131917419695271
"Teatown Lake","June","6-19_TTL","Hydrogenedentes",0.000263834839390542
"Teatown Lake","June","6-19_TTL","Latescibacterota",0
"Teatown Lake","June","6-19_TTL","Methylomirabilota",0.000725545808323989
"Teatown Lake","June","6-19_TTL","Micrarchaeota",0
"Teatown Lake","June","6-19_TTL","Modulibacteria",0.000219862366158785
"Teatown Lake","June","6-19_TTL","Myxococcota",0.00191280258558143
"Teatown Lake","June","6-19_TTL","Nanoarchaeota",0.000593628388628718
"Teatown Lake","June","6-19_TTL","Nitrospirota",0
"Teatown Lake","June","6-19_TTL","Patescibacteria",0.00870654969988787
"Teatown Lake","June","6-19_TTL","Planctomycetota",0.0246685574830156
"Teatown Lake","June","6-19_TTL","Proteobacteria",0.148648945759954
"Teatown Lake","June","6-19_TTL","Spirochaetota",0.000681573335092232
"Teatown Lake","June","6-19_TTL","Sumerlaeota",0
"Teatown Lake","June","6-19_TTL","Thermoplasmatota",0.00028582107600642
"Teatown Lake","June","6-19_TTL","Verrucomicrobiota",0.0368269463315964
"Teatown Lake","September","9-01_TTL","Acidobacteriota",0
"Teatown Lake","September","9-01_TTL","Actinobacteriota",0.142632372544306
"Teatown Lake","September","9-01_TTL","Aenigmarchaeota",0
"Teatown Lake","September","9-01_TTL","Armatimonadota",0.00242564629269465
"Teatown Lake","September","9-01_TTL","Bacteroidota",0.0734686741985534
"Teatown Lake","September","9-01_TTL","Bdellovibrionota",0.00100522278796355
"Teatown Lake","September","9-01_TTL","Calditrichota",0
"Teatown Lake","September","9-01_TTL","Campylobacterota",0.000131116015821333
"Teatown Lake","September","9-01_TTL","Chloroflexi",0.00133301282751688
"Teatown Lake","September","9-01_TTL","Cloacimonadota",0
"Teatown Lake","September","9-01_TTL","Crenarchaeota",0
"Teatown Lake","September","9-01_TTL","Cyanobacteriota",0.0887873953803457
"Teatown Lake","September","9-01_TTL","Deinococcota",0
"Teatown Lake","September","9-01_TTL","Dependentiae",8.74106772142217e-05
"Teatown Lake","September","9-01_TTL","Desulfobacterota",0.000415200716767553
"Teatown Lake","September","9-01_TTL","Elusimicrobiota",0
"Teatown Lake","September","9-01_TTL","Euryarchaeota",0.000305937370249776
"Teatown Lake","September","9-01_TTL","Fermentibacterota",0
"Teatown Lake","September","9-01_TTL","Fibrobacterota",0
"Teatown Lake","September","9-01_TTL","Firmicutes",0.00102707545726711
"Teatown Lake","September","9-01_TTL","Fusobacteriota",4.37053386071109e-05
"Teatown Lake","September","9-01_TTL","Gemmatimonadota",0.00126745481960621
"Teatown Lake","September","9-01_TTL","Halobacterota",0
"Teatown Lake","September","9-01_TTL","Hydrogenedentes",0
"Teatown Lake","September","9-01_TTL","Latescibacterota",0
"Teatown Lake","September","9-01_TTL","Methylomirabilota",0.00024037936233911
"Teatown Lake","September","9-01_TTL","Micrarchaeota",0
"Teatown Lake","September","9-01_TTL","Modulibacteria",0
"Teatown Lake","September","9-01_TTL","Myxococcota",0.00024037936233911
"Teatown Lake","September","9-01_TTL","Nanoarchaeota",0
"Teatown Lake","September","9-01_TTL","Nitrospirota",0
"Teatown Lake","September","9-01_TTL","Patescibacteria",0.000830401433535106
"Teatown Lake","September","9-01_TTL","Planctomycetota",0.0208255938462883
"Teatown Lake","September","9-01_TTL","Proteobacteria",0.196958108432945
"Teatown Lake","September","9-01_TTL","Spirochaetota",0.00118004414239199
"Teatown Lake","September","9-01_TTL","Sumerlaeota",0
"Teatown Lake","September","9-01_TTL","Thermoplasmatota",0
"Teatown Lake","September","9-01_TTL","Verrucomicrobiota",0.466794868993248
"Teatown Lake","September","9-09_TTL","Acidobacteriota",0.000700849429508564
"Teatown Lake","September","9-09_TTL","Actinobacteriota",0.122087970620392
"Teatown Lake","September","9-09_TTL","Aenigmarchaeota",0
"Teatown Lake","September","9-09_TTL","Armatimonadota",0.101651201255922
"Teatown Lake","September","9-09_TTL","Bacteroidota",0.122536514255277
"Teatown Lake","September","9-09_TTL","Bdellovibrionota",0.00361638305626419
"Teatown Lake","September","9-09_TTL","Calditrichota",0
"Teatown Lake","September","9-09_TTL","Campylobacterota",0
"Teatown Lake","September","9-09_TTL","Chloroflexi",0.00229878612878809
"Teatown Lake","September","9-09_TTL","Cloacimonadota",0.000168203863082055
"Teatown Lake","September","9-09_TTL","Crenarchaeota",0
"Teatown Lake","September","9-09_TTL","Cyanobacteriota",0.0323512096661153
"Teatown Lake","September","9-09_TTL","Deinococcota",0
"Teatown Lake","September","9-09_TTL","Dependentiae",0
"Teatown Lake","September","9-09_TTL","Desulfobacterota",0.000420509657705139
"Teatown Lake","September","9-09_TTL","Elusimicrobiota",0
"Teatown Lake","September","9-09_TTL","Euryarchaeota",0.00440133441731378
"Teatown Lake","September","9-09_TTL","Fermentibacterota",0
"Teatown Lake","September","9-09_TTL","Fibrobacterota",0
"Teatown Lake","September","9-09_TTL","Firmicutes",0.00173810658518124
"Teatown Lake","September","9-09_TTL","Fusobacteriota",0.000196237840262398
"Teatown Lake","September","9-09_TTL","Gemmatimonadota",0
"Teatown Lake","September","9-09_TTL","Halobacterota",0.000420509657705139
"Teatown Lake","September","9-09_TTL","Hydrogenedentes",0.000925121246951305
"Teatown Lake","September","9-09_TTL","Latescibacterota",0
"Teatown Lake","September","9-09_TTL","Methylomirabilota",0
"Teatown Lake","September","9-09_TTL","Micrarchaeota",0
"Teatown Lake","September","9-09_TTL","Modulibacteria",0
"Teatown Lake","September","9-09_TTL","Myxococcota",0.000616747497967537
"Teatown Lake","September","9-09_TTL","Nanoarchaeota",0.0011213590872137
"Teatown Lake","September","9-09_TTL","Nitrospirota",0
"Teatown Lake","September","9-09_TTL","Patescibacteria",0.000504611589246166
"Teatown Lake","September","9-09_TTL","Planctomycetota",0.0213058226570604
"Teatown Lake","September","9-09_TTL","Proteobacteria",0.26593030753273
"Teatown Lake","September","9-09_TTL","Spirochaetota",0.00269126180931289
"Teatown Lake","September","9-09_TTL","Sumerlaeota",0
"Teatown Lake","September","9-09_TTL","Thermoplasmatota",0
"Teatown Lake","September","9-09_TTL","Verrucomicrobiota",0.314316952146001
"Teatown Lake","September","9-16_TTL","Acidobacteriota",0.00739699681929137
"Teatown Lake","September","9-16_TTL","Actinobacteriota",0.229528811302611
"Teatown Lake","September","9-16_TTL","Aenigmarchaeota",0.00281085879133072
"Teatown Lake","September","9-16_TTL","Armatimonadota",0.0144241437976182
"Teatown Lake","September","9-16_TTL","Bacteroidota",0.149863155558843
"Teatown Lake","September","9-16_TTL","Bdellovibrionota",0.00978869245752891
"Teatown Lake","September","9-16_TTL","Calditrichota",0
"Teatown Lake","September","9-16_TTL","Campylobacterota",0.0010602362107651
"Teatown Lake","September","9-16_TTL","Chloroflexi",0.00618882067214044
"Teatown Lake","September","9-16_TTL","Cloacimonadota",0
"Teatown Lake","September","9-16_TTL","Crenarchaeota",0
"Teatown Lake","September","9-16_TTL","Cyanobacteriota",0.0250018492492048
"Teatown Lake","September","9-16_TTL","Deinococcota",0
"Teatown Lake","September","9-16_TTL","Dependentiae",0
"Teatown Lake","September","9-16_TTL","Desulfobacterota",0.00342727519293833
"Teatown Lake","September","9-16_TTL","Elusimicrobiota",0
"Teatown Lake","September","9-16_TTL","Euryarchaeota",0.00256429223068767
"Teatown Lake","September","9-16_TTL","Fermentibacterota",0
"Teatown Lake","September","9-16_TTL","Fibrobacterota",0.00394506497028873
"Teatown Lake","September","9-16_TTL","Firmicutes",0.00315605197623098
"Teatown Lake","September","9-16_TTL","Fusobacteriota",0.00374781172177429
"Teatown Lake","September","9-16_TTL","Gemmatimonadota",0
"Teatown Lake","September","9-16_TTL","Halobacterota",0.000591759745543309
"Teatown Lake","September","9-16_TTL","Hydrogenedentes",0
"Teatown Lake","September","9-16_TTL","Latescibacterota",0
"Teatown Lake","September","9-16_TTL","Methylomirabilota",0
"Teatown Lake","September","9-16_TTL","Micrarchaeota",0
"Teatown Lake","September","9-16_TTL","Modulibacteria",0
"Teatown Lake","September","9-16_TTL","Myxococcota",0.00552309095840422
"Teatown Lake","September","9-16_TTL","Nanoarchaeota",0.0005424464334147
"Teatown Lake","September","9-16_TTL","Nitrospirota",0
"Teatown Lake","September","9-16_TTL","Patescibacteria",0.00411766156273886
"Teatown Lake","September","9-16_TTL","Planctomycetota",0.024853909312819
"Teatown Lake","September","9-16_TTL","Proteobacteria",0.435116009566783
"Teatown Lake","September","9-16_TTL","Spirochaetota",0.00823532312547772
"Teatown Lake","September","9-16_TTL","Sumerlaeota",0
"Teatown Lake","September","9-16_TTL","Thermoplasmatota",0
"Teatown Lake","September","9-16_TTL","Verrucomicrobiota",0.0581157383435658
