"Lake","Month","Date_Sam","Genus","RelAbund"
"Lake Mohegan","August","8-04_LM","Aaroniella",0
"Lake Mohegan","August","8-04_LM","Acanthocyclops",0
"Lake Mohegan","August","8-04_LM","Acroperus",0
"Lake Mohegan","August","8-04_LM","Alonopsis",0
"Lake Mohegan","August","8-04_LM","Anopheles",0
"Lake Mohegan","August","8-04_LM","Bosmina",0
"Lake Mohegan","August","8-04_LM","Castrada",0
"Lake Mohegan","August","8-04_LM","Castrella",0
"Lake Mohegan","August","8-04_LM","Chaetogaster",0
"Lake Mohegan","August","8-04_LM","Chaetonotus",0
"Lake Mohegan","August","8-04_LM","Chironomus",0
"Lake Mohegan","August","8-04_LM","Chrysemys",0
"Lake Mohegan","August","8-04_LM","Chydorus",0
"Lake Mohegan","August","8-04_LM","Corethrella",0
"Lake Mohegan","August","8-04_LM","Cypria",0
"Lake Mohegan","August","8-04_LM","Cypridopsis",0.457458876914351
"Lake Mohegan","August","8-04_LM","Daphnia",0
"Lake Mohegan","August","8-04_LM","Darwinula",0
"Lake Mohegan","August","8-04_LM","Dero",0
"Lake Mohegan","August","8-04_LM","Diaphanosoma",0
"Lake Mohegan","August","8-04_LM","Eucyclops",0.00510493477027794
"Lake Mohegan","August","8-04_LM","Eudiaptomus",0.529211571185479
"Lake Mohegan","August","8-04_LM","Eumonhystera",0
"Lake Mohegan","August","8-04_LM","Ferrissia",0
"Lake Mohegan","August","8-04_LM","Folsomia",0
"Lake Mohegan","August","8-04_LM","Gallus",0
"Lake Mohegan","August","8-04_LM","Gyratrix",0
"Lake Mohegan","August","8-04_LM","Halichaetonotus",0
"Lake Mohegan","August","8-04_LM","Heterolepidoderma",0
"Lake Mohegan","August","8-04_LM","Horreolanus",0.00595575723199092
"Lake Mohegan","August","8-04_LM","Hydra",0
"Lake Mohegan","August","8-04_LM","Ichthydium",0
"Lake Mohegan","August","8-04_LM","Isotoma",0
"Lake Mohegan","August","8-04_LM","Isotomurus",0
"Lake Mohegan","August","8-04_LM","Laimydorus",0
"Lake Mohegan","August","8-04_LM","Lepidodermella",0
"Lake Mohegan","August","8-04_LM","Macquaria",0
"Lake Mohegan","August","8-04_LM","Macrocyclops",0
"Lake Mohegan","August","8-04_LM","Mesocyclops",0
"Lake Mohegan","August","8-04_LM","Microstomum",0
"Lake Mohegan","August","8-04_LM","Monopisthocotylea",0
"Lake Mohegan","August","8-04_LM","Nais",0
"Lake Mohegan","August","8-04_LM","Oripoda",0
"Lake Mohegan","August","8-04_LM","Pectinatella",0
"Lake Mohegan","August","8-04_LM","Physella",0
"Lake Mohegan","August","8-04_LM","Planorbarius",0
"Lake Mohegan","August","8-04_LM","Plumatella",0
"Lake Mohegan","August","8-04_LM","Pristina",0
"Lake Mohegan","August","8-04_LM","Rhabdolaimus",0
"Lake Mohegan","August","8-04_LM","Scapholeberis",0
"Lake Mohegan","August","8-04_LM","Simocephalus",0
"Lake Mohegan","August","8-04_LM","Sinella",0
"Lake Mohegan","August","8-04_LM","Skistodiaptomus",0
"Lake Mohegan","August","8-04_LM","Spinileberis",0
"Lake Mohegan","August","8-04_LM","Spongilla",0
"Lake Mohegan","August","8-04_LM","Stenostomum",0
"Lake Mohegan","August","8-04_LM","Sympetrum",0
"Lake Mohegan","August","8-04_LM","Tobrilus",0.0022688598979013
"Lake Mohegan","August","8-04_LM","Tropocyclops",0
"Lake Mohegan","August","8-04_LM","Tylocephalus",0
"Lake Mohegan","August","8-04_LM","Vestalenula",0
"Lake Mohegan","August","8-04_LM","Wilsonema",0
"Lake Mohegan","August","8-12_LM","Aaroniella",0
"Lake Mohegan","August","8-12_LM","Acanthocyclops",0.0560747663551402
"Lake Mohegan","August","8-12_LM","Acroperus",0
"Lake Mohegan","August","8-12_LM","Alonopsis",0
"Lake Mohegan","August","8-12_LM","Anopheles",0
"Lake Mohegan","August","8-12_LM","Bosmina",0
"Lake Mohegan","August","8-12_LM","Castrada",0
"Lake Mohegan","August","8-12_LM","Castrella",0
"Lake Mohegan","August","8-12_LM","Chaetogaster",0
"Lake Mohegan","August","8-12_LM","Chaetonotus",0.0616822429906542
"Lake Mohegan","August","8-12_LM","Chironomus",0
"Lake Mohegan","August","8-12_LM","Chrysemys",0
"Lake Mohegan","August","8-12_LM","Chydorus",0
"Lake Mohegan","August","8-12_LM","Corethrella",0
"Lake Mohegan","August","8-12_LM","Cypria",0
"Lake Mohegan","August","8-12_LM","Cypridopsis",0
"Lake Mohegan","August","8-12_LM","Daphnia",0
"Lake Mohegan","August","8-12_LM","Darwinula",0
"Lake Mohegan","August","8-12_LM","Dero",0
"Lake Mohegan","August","8-12_LM","Diaphanosoma",0
"Lake Mohegan","August","8-12_LM","Eucyclops",0
"Lake Mohegan","August","8-12_LM","Eudiaptomus",0.854205607476636
"Lake Mohegan","August","8-12_LM","Eumonhystera",0
"Lake Mohegan","August","8-12_LM","Ferrissia",0
"Lake Mohegan","August","8-12_LM","Folsomia",0
"Lake Mohegan","August","8-12_LM","Gallus",0
"Lake Mohegan","August","8-12_LM","Gyratrix",0
"Lake Mohegan","August","8-12_LM","Halichaetonotus",0
"Lake Mohegan","August","8-12_LM","Heterolepidoderma",0
"Lake Mohegan","August","8-12_LM","Horreolanus",0
"Lake Mohegan","August","8-12_LM","Hydra",0
"Lake Mohegan","August","8-12_LM","Ichthydium",0
"Lake Mohegan","August","8-12_LM","Isotoma",0
"Lake Mohegan","August","8-12_LM","Isotomurus",0
"Lake Mohegan","August","8-12_LM","Laimydorus",0
"Lake Mohegan","August","8-12_LM","Lepidodermella",0
"Lake Mohegan","August","8-12_LM","Macquaria",0
"Lake Mohegan","August","8-12_LM","Macrocyclops",0
"Lake Mohegan","August","8-12_LM","Mesocyclops",0
"Lake Mohegan","August","8-12_LM","Microstomum",0
"Lake Mohegan","August","8-12_LM","Monopisthocotylea",0
"Lake Mohegan","August","8-12_LM","Nais",0
"Lake Mohegan","August","8-12_LM","Oripoda",0
"Lake Mohegan","August","8-12_LM","Pectinatella",0
"Lake Mohegan","August","8-12_LM","Physella",0
"Lake Mohegan","August","8-12_LM","Planorbarius",0
"Lake Mohegan","August","8-12_LM","Plumatella",0
"Lake Mohegan","August","8-12_LM","Pristina",0
"Lake Mohegan","August","8-12_LM","Rhabdolaimus",0
"Lake Mohegan","August","8-12_LM","Scapholeberis",0
"Lake Mohegan","August","8-12_LM","Simocephalus",0
"Lake Mohegan","August","8-12_LM","Sinella",0
"Lake Mohegan","August","8-12_LM","Skistodiaptomus",0.0280373831775701
"Lake Mohegan","August","8-12_LM","Spinileberis",0
"Lake Mohegan","August","8-12_LM","Spongilla",0
"Lake Mohegan","August","8-12_LM","Stenostomum",0
"Lake Mohegan","August","8-12_LM","Sympetrum",0
"Lake Mohegan","August","8-12_LM","Tobrilus",0
"Lake Mohegan","August","8-12_LM","Tropocyclops",0
"Lake Mohegan","August","8-12_LM","Tylocephalus",0
"Lake Mohegan","August","8-12_LM","Vestalenula",0
"Lake Mohegan","August","8-12_LM","Wilsonema",0
"Lake Mohegan","August","8-18_LM","Aaroniella",0
"Lake Mohegan","August","8-18_LM","Acanthocyclops",0
"Lake Mohegan","August","8-18_LM","Acroperus",0
"Lake Mohegan","August","8-18_LM","Alonopsis",0
"Lake Mohegan","August","8-18_LM","Anopheles",0
"Lake Mohegan","August","8-18_LM","Bosmina",0
"Lake Mohegan","August","8-18_LM","Castrada",0
"Lake Mohegan","August","8-18_LM","Castrella",0
"Lake Mohegan","August","8-18_LM","Chaetogaster",0
"Lake Mohegan","August","8-18_LM","Chaetonotus",0.343096234309623
"Lake Mohegan","August","8-18_LM","Chironomus",0
"Lake Mohegan","August","8-18_LM","Chrysemys",0
"Lake Mohegan","August","8-18_LM","Chydorus",0
"Lake Mohegan","August","8-18_LM","Corethrella",0
"Lake Mohegan","August","8-18_LM","Cypria",0
"Lake Mohegan","August","8-18_LM","Cypridopsis",0.0251046025104603
"Lake Mohegan","August","8-18_LM","Daphnia",0
"Lake Mohegan","August","8-18_LM","Darwinula",0
"Lake Mohegan","August","8-18_LM","Dero",0
"Lake Mohegan","August","8-18_LM","Diaphanosoma",0
"Lake Mohegan","August","8-18_LM","Eucyclops",0
"Lake Mohegan","August","8-18_LM","Eudiaptomus",0.616457461645746
"Lake Mohegan","August","8-18_LM","Eumonhystera",0
"Lake Mohegan","August","8-18_LM","Ferrissia",0
"Lake Mohegan","August","8-18_LM","Folsomia",0
"Lake Mohegan","August","8-18_LM","Gallus",0
"Lake Mohegan","August","8-18_LM","Gyratrix",0
"Lake Mohegan","August","8-18_LM","Halichaetonotus",0
"Lake Mohegan","August","8-18_LM","Heterolepidoderma",0
"Lake Mohegan","August","8-18_LM","Horreolanus",0
"Lake Mohegan","August","8-18_LM","Hydra",0
"Lake Mohegan","August","8-18_LM","Ichthydium",0
"Lake Mohegan","August","8-18_LM","Isotoma",0
"Lake Mohegan","August","8-18_LM","Isotomurus",0
"Lake Mohegan","August","8-18_LM","Laimydorus",0
"Lake Mohegan","August","8-18_LM","Lepidodermella",0
"Lake Mohegan","August","8-18_LM","Macquaria",0
"Lake Mohegan","August","8-18_LM","Macrocyclops",0
"Lake Mohegan","August","8-18_LM","Mesocyclops",0
"Lake Mohegan","August","8-18_LM","Microstomum",0
"Lake Mohegan","August","8-18_LM","Monopisthocotylea",0
"Lake Mohegan","August","8-18_LM","Nais",0
"Lake Mohegan","August","8-18_LM","Oripoda",0
"Lake Mohegan","August","8-18_LM","Pectinatella",0
"Lake Mohegan","August","8-18_LM","Physella",0
"Lake Mohegan","August","8-18_LM","Planorbarius",0
"Lake Mohegan","August","8-18_LM","Plumatella",0
"Lake Mohegan","August","8-18_LM","Pristina",0
"Lake Mohegan","August","8-18_LM","Rhabdolaimus",0
"Lake Mohegan","August","8-18_LM","Scapholeberis",0
"Lake Mohegan","August","8-18_LM","Simocephalus",0
"Lake Mohegan","August","8-18_LM","Sinella",0
"Lake Mohegan","August","8-18_LM","Skistodiaptomus",0
"Lake Mohegan","August","8-18_LM","Spinileberis",0
"Lake Mohegan","August","8-18_LM","Spongilla",0
"Lake Mohegan","August","8-18_LM","Stenostomum",0
"Lake Mohegan","August","8-18_LM","Sympetrum",0
"Lake Mohegan","August","8-18_LM","Tobrilus",0
"Lake Mohegan","August","8-18_LM","Tropocyclops",0.0153417015341702
"Lake Mohegan","August","8-18_LM","Tylocephalus",0
"Lake Mohegan","August","8-18_LM","Vestalenula",0
"Lake Mohegan","August","8-18_LM","Wilsonema",0
"Lake Mohegan","August","8-26_LM","Aaroniella",0
"Lake Mohegan","August","8-26_LM","Acanthocyclops",0
"Lake Mohegan","August","8-26_LM","Acroperus",0
"Lake Mohegan","August","8-26_LM","Alonopsis",0
"Lake Mohegan","August","8-26_LM","Anopheles",0.00491137205875787
"Lake Mohegan","August","8-26_LM","Bosmina",0
"Lake Mohegan","August","8-26_LM","Castrada",0
"Lake Mohegan","August","8-26_LM","Castrella",0.000669732553466982
"Lake Mohegan","August","8-26_LM","Chaetogaster",0
"Lake Mohegan","August","8-26_LM","Chaetonotus",0.0076349511095236
"Lake Mohegan","August","8-26_LM","Chironomus",0
"Lake Mohegan","August","8-26_LM","Chrysemys",0
"Lake Mohegan","August","8-26_LM","Chydorus",0
"Lake Mohegan","August","8-26_LM","Corethrella",0
"Lake Mohegan","August","8-26_LM","Cypria",0
"Lake Mohegan","August","8-26_LM","Cypridopsis",0.936821895789615
"Lake Mohegan","August","8-26_LM","Daphnia",0
"Lake Mohegan","August","8-26_LM","Darwinula",0
"Lake Mohegan","August","8-26_LM","Dero",0
"Lake Mohegan","August","8-26_LM","Diaphanosoma",0
"Lake Mohegan","August","8-26_LM","Eucyclops",0.0232620440237532
"Lake Mohegan","August","8-26_LM","Eudiaptomus",0.0204045184622941
"Lake Mohegan","August","8-26_LM","Eumonhystera",0
"Lake Mohegan","August","8-26_LM","Ferrissia",0
"Lake Mohegan","August","8-26_LM","Folsomia",0
"Lake Mohegan","August","8-26_LM","Gallus",0
"Lake Mohegan","August","8-26_LM","Gyratrix",0
"Lake Mohegan","August","8-26_LM","Halichaetonotus",0
"Lake Mohegan","August","8-26_LM","Heterolepidoderma",0
"Lake Mohegan","August","8-26_LM","Horreolanus",0
"Lake Mohegan","August","8-26_LM","Hydra",0
"Lake Mohegan","August","8-26_LM","Ichthydium",0
"Lake Mohegan","August","8-26_LM","Isotoma",0
"Lake Mohegan","August","8-26_LM","Isotomurus",0
"Lake Mohegan","August","8-26_LM","Laimydorus",0
"Lake Mohegan","August","8-26_LM","Lepidodermella",0.00147341161762736
"Lake Mohegan","August","8-26_LM","Macquaria",0
"Lake Mohegan","August","8-26_LM","Macrocyclops",0.00218779300799214
"Lake Mohegan","August","8-26_LM","Mesocyclops",0
"Lake Mohegan","August","8-26_LM","Microstomum",0
"Lake Mohegan","August","8-26_LM","Monopisthocotylea",0
"Lake Mohegan","August","8-26_LM","Nais",0
"Lake Mohegan","August","8-26_LM","Oripoda",0
"Lake Mohegan","August","8-26_LM","Pectinatella",0
"Lake Mohegan","August","8-26_LM","Physella",0
"Lake Mohegan","August","8-26_LM","Planorbarius",0
"Lake Mohegan","August","8-26_LM","Plumatella",0.00263428137697013
"Lake Mohegan","August","8-26_LM","Pristina",0
"Lake Mohegan","August","8-26_LM","Rhabdolaimus",0
"Lake Mohegan","August","8-26_LM","Scapholeberis",0
"Lake Mohegan","August","8-26_LM","Simocephalus",0
"Lake Mohegan","August","8-26_LM","Sinella",0
"Lake Mohegan","August","8-26_LM","Skistodiaptomus",0
"Lake Mohegan","August","8-26_LM","Spinileberis",0
"Lake Mohegan","August","8-26_LM","Spongilla",0
"Lake Mohegan","August","8-26_LM","Stenostomum",0
"Lake Mohegan","August","8-26_LM","Sympetrum",0
"Lake Mohegan","August","8-26_LM","Tobrilus",0
"Lake Mohegan","August","8-26_LM","Tropocyclops",0
"Lake Mohegan","August","8-26_LM","Tylocephalus",0
"Lake Mohegan","August","8-26_LM","Vestalenula",0
"Lake Mohegan","August","8-26_LM","Wilsonema",0
"Lake Mohegan","July","7-08_LM","Aaroniella",0
"Lake Mohegan","July","7-08_LM","Acanthocyclops",0
"Lake Mohegan","July","7-08_LM","Acroperus",0
"Lake Mohegan","July","7-08_LM","Alonopsis",0
"Lake Mohegan","July","7-08_LM","Anopheles",0
"Lake Mohegan","July","7-08_LM","Bosmina",0
"Lake Mohegan","July","7-08_LM","Castrada",0
"Lake Mohegan","July","7-08_LM","Castrella",0
"Lake Mohegan","July","7-08_LM","Chaetogaster",0
"Lake Mohegan","July","7-08_LM","Chaetonotus",0.0755873340143003
"Lake Mohegan","July","7-08_LM","Chironomus",0
"Lake Mohegan","July","7-08_LM","Chrysemys",0
"Lake Mohegan","July","7-08_LM","Chydorus",0
"Lake Mohegan","July","7-08_LM","Corethrella",0
"Lake Mohegan","July","7-08_LM","Cypria",0
"Lake Mohegan","July","7-08_LM","Cypridopsis",0.771807967313585
"Lake Mohegan","July","7-08_LM","Daphnia",0.000204290091930541
"Lake Mohegan","July","7-08_LM","Darwinula",0
"Lake Mohegan","July","7-08_LM","Dero",0
"Lake Mohegan","July","7-08_LM","Diaphanosoma",0
"Lake Mohegan","July","7-08_LM","Eucyclops",0.0416751787538304
"Lake Mohegan","July","7-08_LM","Eudiaptomus",0.103983656792646
"Lake Mohegan","July","7-08_LM","Eumonhystera",0
"Lake Mohegan","July","7-08_LM","Ferrissia",0
"Lake Mohegan","July","7-08_LM","Folsomia",0
"Lake Mohegan","July","7-08_LM","Gallus",0
"Lake Mohegan","July","7-08_LM","Gyratrix",0
"Lake Mohegan","July","7-08_LM","Halichaetonotus",0
"Lake Mohegan","July","7-08_LM","Heterolepidoderma",0
"Lake Mohegan","July","7-08_LM","Horreolanus",0
"Lake Mohegan","July","7-08_LM","Hydra",0
"Lake Mohegan","July","7-08_LM","Ichthydium",0
"Lake Mohegan","July","7-08_LM","Isotoma",0
"Lake Mohegan","July","7-08_LM","Isotomurus",0
"Lake Mohegan","July","7-08_LM","Laimydorus",0
"Lake Mohegan","July","7-08_LM","Lepidodermella",0
"Lake Mohegan","July","7-08_LM","Macquaria",0
"Lake Mohegan","July","7-08_LM","Macrocyclops",0
"Lake Mohegan","July","7-08_LM","Mesocyclops",0
"Lake Mohegan","July","7-08_LM","Microstomum",0
"Lake Mohegan","July","7-08_LM","Monopisthocotylea",0
"Lake Mohegan","July","7-08_LM","Nais",0
"Lake Mohegan","July","7-08_LM","Oripoda",0
"Lake Mohegan","July","7-08_LM","Pectinatella",0
"Lake Mohegan","July","7-08_LM","Physella",0
"Lake Mohegan","July","7-08_LM","Planorbarius",0
"Lake Mohegan","July","7-08_LM","Plumatella",0
"Lake Mohegan","July","7-08_LM","Pristina",0
"Lake Mohegan","July","7-08_LM","Rhabdolaimus",0
"Lake Mohegan","July","7-08_LM","Scapholeberis",0
"Lake Mohegan","July","7-08_LM","Simocephalus",0
"Lake Mohegan","July","7-08_LM","Sinella",0
"Lake Mohegan","July","7-08_LM","Skistodiaptomus",0
"Lake Mohegan","July","7-08_LM","Spinileberis",0
"Lake Mohegan","July","7-08_LM","Spongilla",0
"Lake Mohegan","July","7-08_LM","Stenostomum",0.00674157303370787
"Lake Mohegan","July","7-08_LM","Sympetrum",0
"Lake Mohegan","July","7-08_LM","Tobrilus",0
"Lake Mohegan","July","7-08_LM","Tropocyclops",0
"Lake Mohegan","July","7-08_LM","Tylocephalus",0
"Lake Mohegan","July","7-08_LM","Vestalenula",0
"Lake Mohegan","July","7-08_LM","Wilsonema",0
"Lake Mohegan","July","7-14_LM","Aaroniella",0
"Lake Mohegan","July","7-14_LM","Acanthocyclops",0.00246696035242291
"Lake Mohegan","July","7-14_LM","Acroperus",0
"Lake Mohegan","July","7-14_LM","Alonopsis",0
"Lake Mohegan","July","7-14_LM","Anopheles",0
"Lake Mohegan","July","7-14_LM","Bosmina",0.0117180616740088
"Lake Mohegan","July","7-14_LM","Castrada",0
"Lake Mohegan","July","7-14_LM","Castrella",0.00123348017621145
"Lake Mohegan","July","7-14_LM","Chaetogaster",0
"Lake Mohegan","July","7-14_LM","Chaetonotus",0.0118942731277533
"Lake Mohegan","July","7-14_LM","Chironomus",0
"Lake Mohegan","July","7-14_LM","Chrysemys",0
"Lake Mohegan","July","7-14_LM","Chydorus",0
"Lake Mohegan","July","7-14_LM","Corethrella",0
"Lake Mohegan","July","7-14_LM","Cypria",0
"Lake Mohegan","July","7-14_LM","Cypridopsis",0.3184140969163
"Lake Mohegan","July","7-14_LM","Daphnia",0
"Lake Mohegan","July","7-14_LM","Darwinula",0
"Lake Mohegan","July","7-14_LM","Dero",0
"Lake Mohegan","July","7-14_LM","Diaphanosoma",0
"Lake Mohegan","July","7-14_LM","Eucyclops",0.00484581497797357
"Lake Mohegan","July","7-14_LM","Eudiaptomus",0.130660792951542
"Lake Mohegan","July","7-14_LM","Eumonhystera",0
"Lake Mohegan","July","7-14_LM","Ferrissia",0
"Lake Mohegan","July","7-14_LM","Folsomia",0
"Lake Mohegan","July","7-14_LM","Gallus",0
"Lake Mohegan","July","7-14_LM","Gyratrix",0
"Lake Mohegan","July","7-14_LM","Halichaetonotus",0
"Lake Mohegan","July","7-14_LM","Heterolepidoderma",0
"Lake Mohegan","July","7-14_LM","Horreolanus",0.498061674008811
"Lake Mohegan","July","7-14_LM","Hydra",0
"Lake Mohegan","July","7-14_LM","Ichthydium",0
"Lake Mohegan","July","7-14_LM","Isotoma",0.00026431718061674
"Lake Mohegan","July","7-14_LM","Isotomurus",0
"Lake Mohegan","July","7-14_LM","Laimydorus",0.0109251101321586
"Lake Mohegan","July","7-14_LM","Lepidodermella",0.00405286343612335
"Lake Mohegan","July","7-14_LM","Macquaria",0
"Lake Mohegan","July","7-14_LM","Macrocyclops",0.000440528634361233
"Lake Mohegan","July","7-14_LM","Mesocyclops",0
"Lake Mohegan","July","7-14_LM","Microstomum",0
"Lake Mohegan","July","7-14_LM","Monopisthocotylea",0
"Lake Mohegan","July","7-14_LM","Nais",0
"Lake Mohegan","July","7-14_LM","Oripoda",0
"Lake Mohegan","July","7-14_LM","Pectinatella",0
"Lake Mohegan","July","7-14_LM","Physella",0
"Lake Mohegan","July","7-14_LM","Planorbarius",0
"Lake Mohegan","July","7-14_LM","Plumatella",0
"Lake Mohegan","July","7-14_LM","Pristina",0
"Lake Mohegan","July","7-14_LM","Rhabdolaimus",0
"Lake Mohegan","July","7-14_LM","Scapholeberis",0
"Lake Mohegan","July","7-14_LM","Simocephalus",0
"Lake Mohegan","July","7-14_LM","Sinella",0
"Lake Mohegan","July","7-14_LM","Skistodiaptomus",0.00502202643171806
"Lake Mohegan","July","7-14_LM","Spinileberis",0
"Lake Mohegan","July","7-14_LM","Spongilla",0
"Lake Mohegan","July","7-14_LM","Stenostomum",0
"Lake Mohegan","July","7-14_LM","Sympetrum",0
"Lake Mohegan","July","7-14_LM","Tobrilus",0
"Lake Mohegan","July","7-14_LM","Tropocyclops",0
"Lake Mohegan","July","7-14_LM","Tylocephalus",0
"Lake Mohegan","July","7-14_LM","Vestalenula",0
"Lake Mohegan","July","7-14_LM","Wilsonema",0
"Lake Mohegan","July","7-18_LM","Aaroniella",0
"Lake Mohegan","July","7-18_LM","Acanthocyclops",0
"Lake Mohegan","July","7-18_LM","Acroperus",0
"Lake Mohegan","July","7-18_LM","Alonopsis",0
"Lake Mohegan","July","7-18_LM","Anopheles",0
"Lake Mohegan","July","7-18_LM","Bosmina",0
"Lake Mohegan","July","7-18_LM","Castrada",0
"Lake Mohegan","July","7-18_LM","Castrella",0.000543928719436386
"Lake Mohegan","July","7-18_LM","Chaetogaster",0
"Lake Mohegan","July","7-18_LM","Chaetonotus",0.00254696781323387
"Lake Mohegan","July","7-18_LM","Chironomus",0
"Lake Mohegan","July","7-18_LM","Chrysemys",0
"Lake Mohegan","July","7-18_LM","Chydorus",0
"Lake Mohegan","July","7-18_LM","Corethrella",0
"Lake Mohegan","July","7-18_LM","Cypria",0
"Lake Mohegan","July","7-18_LM","Cypridopsis",0.992730349495787
"Lake Mohegan","July","7-18_LM","Daphnia",0
"Lake Mohegan","July","7-18_LM","Darwinula",0
"Lake Mohegan","July","7-18_LM","Dero",0.000164041994750656
"Lake Mohegan","July","7-18_LM","Diaphanosoma",0
"Lake Mohegan","July","7-18_LM","Eucyclops",0.000569830087028595
"Lake Mohegan","July","7-18_LM","Eudiaptomus",0
"Lake Mohegan","July","7-18_LM","Eumonhystera",0
"Lake Mohegan","July","7-18_LM","Ferrissia",0
"Lake Mohegan","July","7-18_LM","Folsomia",0
"Lake Mohegan","July","7-18_LM","Gallus",0
"Lake Mohegan","July","7-18_LM","Gyratrix",0
"Lake Mohegan","July","7-18_LM","Halichaetonotus",0
"Lake Mohegan","July","7-18_LM","Heterolepidoderma",0
"Lake Mohegan","July","7-18_LM","Horreolanus",2.59013675922089e-05
"Lake Mohegan","July","7-18_LM","Hydra",0
"Lake Mohegan","July","7-18_LM","Ichthydium",0
"Lake Mohegan","July","7-18_LM","Isotoma",0
"Lake Mohegan","July","7-18_LM","Isotomurus",0
"Lake Mohegan","July","7-18_LM","Laimydorus",0
"Lake Mohegan","July","7-18_LM","Lepidodermella",0
"Lake Mohegan","July","7-18_LM","Macquaria",0
"Lake Mohegan","July","7-18_LM","Macrocyclops",0
"Lake Mohegan","July","7-18_LM","Mesocyclops",0
"Lake Mohegan","July","7-18_LM","Microstomum",0
"Lake Mohegan","July","7-18_LM","Monopisthocotylea",0
"Lake Mohegan","July","7-18_LM","Nais",0
"Lake Mohegan","July","7-18_LM","Oripoda",0
"Lake Mohegan","July","7-18_LM","Pectinatella",0
"Lake Mohegan","July","7-18_LM","Physella",0
"Lake Mohegan","July","7-18_LM","Planorbarius",0
"Lake Mohegan","July","7-18_LM","Plumatella",0
"Lake Mohegan","July","7-18_LM","Pristina",0
"Lake Mohegan","July","7-18_LM","Rhabdolaimus",0
"Lake Mohegan","July","7-18_LM","Scapholeberis",0
"Lake Mohegan","July","7-18_LM","Simocephalus",0
"Lake Mohegan","July","7-18_LM","Sinella",0
"Lake Mohegan","July","7-18_LM","Skistodiaptomus",0
"Lake Mohegan","July","7-18_LM","Spinileberis",0
"Lake Mohegan","July","7-18_LM","Spongilla",0
"Lake Mohegan","July","7-18_LM","Stenostomum",0.00341898052217157
"Lake Mohegan","July","7-18_LM","Sympetrum",0
"Lake Mohegan","July","7-18_LM","Tobrilus",0
"Lake Mohegan","July","7-18_LM","Tropocyclops",0
"Lake Mohegan","July","7-18_LM","Tylocephalus",0
"Lake Mohegan","July","7-18_LM","Vestalenula",0
"Lake Mohegan","July","7-18_LM","Wilsonema",0
"Lake Mohegan","July","7-22_LM","Aaroniella",0
"Lake Mohegan","July","7-22_LM","Acanthocyclops",0
"Lake Mohegan","July","7-22_LM","Acroperus",0
"Lake Mohegan","July","7-22_LM","Alonopsis",0
"Lake Mohegan","July","7-22_LM","Anopheles",0
"Lake Mohegan","July","7-22_LM","Bosmina",0.0240987207649567
"Lake Mohegan","July","7-22_LM","Castrada",0
"Lake Mohegan","July","7-22_LM","Castrella",0
"Lake Mohegan","July","7-22_LM","Chaetogaster",0
"Lake Mohegan","July","7-22_LM","Chaetonotus",0.00167980359219537
"Lake Mohegan","July","7-22_LM","Chironomus",0
"Lake Mohegan","July","7-22_LM","Chrysemys",0
"Lake Mohegan","July","7-22_LM","Chydorus",0
"Lake Mohegan","July","7-22_LM","Corethrella",0
"Lake Mohegan","July","7-22_LM","Cypria",0
"Lake Mohegan","July","7-22_LM","Cypridopsis",0.971443338932679
"Lake Mohegan","July","7-22_LM","Daphnia",0
"Lake Mohegan","July","7-22_LM","Darwinula",0
"Lake Mohegan","July","7-22_LM","Dero",0
"Lake Mohegan","July","7-22_LM","Diaphanosoma",0
"Lake Mohegan","July","7-22_LM","Eucyclops",0.00135676443985011
"Lake Mohegan","July","7-22_LM","Eudiaptomus",0
"Lake Mohegan","July","7-22_LM","Eumonhystera",0
"Lake Mohegan","July","7-22_LM","Ferrissia",0
"Lake Mohegan","July","7-22_LM","Folsomia",0
"Lake Mohegan","July","7-22_LM","Gallus",0
"Lake Mohegan","July","7-22_LM","Gyratrix",0
"Lake Mohegan","July","7-22_LM","Halichaetonotus",0
"Lake Mohegan","July","7-22_LM","Heterolepidoderma",0
"Lake Mohegan","July","7-22_LM","Horreolanus",0
"Lake Mohegan","July","7-22_LM","Hydra",0
"Lake Mohegan","July","7-22_LM","Ichthydium",0
"Lake Mohegan","July","7-22_LM","Isotoma",0
"Lake Mohegan","July","7-22_LM","Isotomurus",0
"Lake Mohegan","July","7-22_LM","Laimydorus",0
"Lake Mohegan","July","7-22_LM","Lepidodermella",0
"Lake Mohegan","July","7-22_LM","Macquaria",0
"Lake Mohegan","July","7-22_LM","Macrocyclops",0
"Lake Mohegan","July","7-22_LM","Mesocyclops",0
"Lake Mohegan","July","7-22_LM","Microstomum",0
"Lake Mohegan","July","7-22_LM","Monopisthocotylea",0
"Lake Mohegan","July","7-22_LM","Nais",0
"Lake Mohegan","July","7-22_LM","Oripoda",0
"Lake Mohegan","July","7-22_LM","Pectinatella",0
"Lake Mohegan","July","7-22_LM","Physella",0
"Lake Mohegan","July","7-22_LM","Planorbarius",0
"Lake Mohegan","July","7-22_LM","Plumatella",0
"Lake Mohegan","July","7-22_LM","Pristina",0
"Lake Mohegan","July","7-22_LM","Rhabdolaimus",0
"Lake Mohegan","July","7-22_LM","Scapholeberis",0
"Lake Mohegan","July","7-22_LM","Simocephalus",0
"Lake Mohegan","July","7-22_LM","Sinella",0
"Lake Mohegan","July","7-22_LM","Skistodiaptomus",0
"Lake Mohegan","July","7-22_LM","Spinileberis",0
"Lake Mohegan","July","7-22_LM","Spongilla",0
"Lake Mohegan","July","7-22_LM","Stenostomum",0.00142137227031916
"Lake Mohegan","July","7-22_LM","Sympetrum",0
"Lake Mohegan","July","7-22_LM","Tobrilus",0
"Lake Mohegan","July","7-22_LM","Tropocyclops",0
"Lake Mohegan","July","7-22_LM","Tylocephalus",0
"Lake Mohegan","July","7-22_LM","Vestalenula",0
"Lake Mohegan","July","7-22_LM","Wilsonema",0
"Lake Mohegan","June","6-01_LM","Aaroniella",0
"Lake Mohegan","June","6-01_LM","Acanthocyclops",0
"Lake Mohegan","June","6-01_LM","Acroperus",0
"Lake Mohegan","June","6-01_LM","Alonopsis",0
"Lake Mohegan","June","6-01_LM","Anopheles",0
"Lake Mohegan","June","6-01_LM","Bosmina",0.816844371539881
"Lake Mohegan","June","6-01_LM","Castrada",0
"Lake Mohegan","June","6-01_LM","Castrella",0
"Lake Mohegan","June","6-01_LM","Chaetogaster",0
"Lake Mohegan","June","6-01_LM","Chaetonotus",0.00471601394299774
"Lake Mohegan","June","6-01_LM","Chironomus",0
"Lake Mohegan","June","6-01_LM","Chrysemys",0
"Lake Mohegan","June","6-01_LM","Chydorus",0.000563871232314948
"Lake Mohegan","June","6-01_LM","Corethrella",0
"Lake Mohegan","June","6-01_LM","Cypria",0
"Lake Mohegan","June","6-01_LM","Cypridopsis",0.00117900348574944
"Lake Mohegan","June","6-01_LM","Daphnia",0
"Lake Mohegan","June","6-01_LM","Darwinula",0
"Lake Mohegan","June","6-01_LM","Dero",0
"Lake Mohegan","June","6-01_LM","Diaphanosoma",0
"Lake Mohegan","June","6-01_LM","Eucyclops",0.0172749641172852
"Lake Mohegan","June","6-01_LM","Eudiaptomus",0.150399835964732
"Lake Mohegan","June","6-01_LM","Eumonhystera",0
"Lake Mohegan","June","6-01_LM","Ferrissia",0
"Lake Mohegan","June","6-01_LM","Folsomia",0
"Lake Mohegan","June","6-01_LM","Gallus",0
"Lake Mohegan","June","6-01_LM","Gyratrix",0
"Lake Mohegan","June","6-01_LM","Halichaetonotus",0
"Lake Mohegan","June","6-01_LM","Heterolepidoderma",0
"Lake Mohegan","June","6-01_LM","Horreolanus",0
"Lake Mohegan","June","6-01_LM","Hydra",0
"Lake Mohegan","June","6-01_LM","Ichthydium",0
"Lake Mohegan","June","6-01_LM","Isotoma",0
"Lake Mohegan","June","6-01_LM","Isotomurus",0
"Lake Mohegan","June","6-01_LM","Laimydorus",0
"Lake Mohegan","June","6-01_LM","Lepidodermella",0
"Lake Mohegan","June","6-01_LM","Macquaria",0
"Lake Mohegan","June","6-01_LM","Macrocyclops",0
"Lake Mohegan","June","6-01_LM","Mesocyclops",0
"Lake Mohegan","June","6-01_LM","Microstomum",0
"Lake Mohegan","June","6-01_LM","Monopisthocotylea",0
"Lake Mohegan","June","6-01_LM","Nais",0
"Lake Mohegan","June","6-01_LM","Oripoda",0
"Lake Mohegan","June","6-01_LM","Pectinatella",0
"Lake Mohegan","June","6-01_LM","Physella",0
"Lake Mohegan","June","6-01_LM","Planorbarius",0
"Lake Mohegan","June","6-01_LM","Plumatella",0
"Lake Mohegan","June","6-01_LM","Pristina",0
"Lake Mohegan","June","6-01_LM","Rhabdolaimus",0
"Lake Mohegan","June","6-01_LM","Scapholeberis",0
"Lake Mohegan","June","6-01_LM","Simocephalus",0
"Lake Mohegan","June","6-01_LM","Sinella",0
"Lake Mohegan","June","6-01_LM","Skistodiaptomus",0.00902193971703916
"Lake Mohegan","June","6-01_LM","Spinileberis",0
"Lake Mohegan","June","6-01_LM","Spongilla",0
"Lake Mohegan","June","6-01_LM","Stenostomum",0
"Lake Mohegan","June","6-01_LM","Sympetrum",0
"Lake Mohegan","June","6-01_LM","Tobrilus",0
"Lake Mohegan","June","6-01_LM","Tropocyclops",0
"Lake Mohegan","June","6-01_LM","Tylocephalus",0
"Lake Mohegan","June","6-01_LM","Vestalenula",0
"Lake Mohegan","June","6-01_LM","Wilsonema",0
"Lake Mohegan","June","6-08_LM","Aaroniella",0
"Lake Mohegan","June","6-08_LM","Acanthocyclops",0
"Lake Mohegan","June","6-08_LM","Acroperus",0
"Lake Mohegan","June","6-08_LM","Alonopsis",0
"Lake Mohegan","June","6-08_LM","Anopheles",0
"Lake Mohegan","June","6-08_LM","Bosmina",0.924068767908309
"Lake Mohegan","June","6-08_LM","Castrada",0
"Lake Mohegan","June","6-08_LM","Castrella",0
"Lake Mohegan","June","6-08_LM","Chaetogaster",0
"Lake Mohegan","June","6-08_LM","Chaetonotus",0
"Lake Mohegan","June","6-08_LM","Chironomus",0
"Lake Mohegan","June","6-08_LM","Chrysemys",0
"Lake Mohegan","June","6-08_LM","Chydorus",0
"Lake Mohegan","June","6-08_LM","Corethrella",0
"Lake Mohegan","June","6-08_LM","Cypria",0
"Lake Mohegan","June","6-08_LM","Cypridopsis",0.0107449856733524
"Lake Mohegan","June","6-08_LM","Daphnia",0
"Lake Mohegan","June","6-08_LM","Darwinula",0
"Lake Mohegan","June","6-08_LM","Dero",0
"Lake Mohegan","June","6-08_LM","Diaphanosoma",0
"Lake Mohegan","June","6-08_LM","Eucyclops",0.0465616045845272
"Lake Mohegan","June","6-08_LM","Eudiaptomus",0
"Lake Mohegan","June","6-08_LM","Eumonhystera",0
"Lake Mohegan","June","6-08_LM","Ferrissia",0
"Lake Mohegan","June","6-08_LM","Folsomia",0
"Lake Mohegan","June","6-08_LM","Gallus",0
"Lake Mohegan","June","6-08_LM","Gyratrix",0
"Lake Mohegan","June","6-08_LM","Halichaetonotus",0
"Lake Mohegan","June","6-08_LM","Heterolepidoderma",0
"Lake Mohegan","June","6-08_LM","Horreolanus",0
"Lake Mohegan","June","6-08_LM","Hydra",0
"Lake Mohegan","June","6-08_LM","Ichthydium",0
"Lake Mohegan","June","6-08_LM","Isotoma",0
"Lake Mohegan","June","6-08_LM","Isotomurus",0
"Lake Mohegan","June","6-08_LM","Laimydorus",0
"Lake Mohegan","June","6-08_LM","Lepidodermella",0
"Lake Mohegan","June","6-08_LM","Macquaria",0.00931232091690544
"Lake Mohegan","June","6-08_LM","Macrocyclops",0
"Lake Mohegan","June","6-08_LM","Mesocyclops",0
"Lake Mohegan","June","6-08_LM","Microstomum",0
"Lake Mohegan","June","6-08_LM","Monopisthocotylea",0
"Lake Mohegan","June","6-08_LM","Nais",0.00716332378223496
"Lake Mohegan","June","6-08_LM","Oripoda",0
"Lake Mohegan","June","6-08_LM","Pectinatella",0
"Lake Mohegan","June","6-08_LM","Physella",0
"Lake Mohegan","June","6-08_LM","Planorbarius",0.00214899713467049
"Lake Mohegan","June","6-08_LM","Plumatella",0
"Lake Mohegan","June","6-08_LM","Pristina",0
"Lake Mohegan","June","6-08_LM","Rhabdolaimus",0
"Lake Mohegan","June","6-08_LM","Scapholeberis",0
"Lake Mohegan","June","6-08_LM","Simocephalus",0
"Lake Mohegan","June","6-08_LM","Sinella",0
"Lake Mohegan","June","6-08_LM","Skistodiaptomus",0
"Lake Mohegan","June","6-08_LM","Spinileberis",0
"Lake Mohegan","June","6-08_LM","Spongilla",0
"Lake Mohegan","June","6-08_LM","Stenostomum",0
"Lake Mohegan","June","6-08_LM","Sympetrum",0
"Lake Mohegan","June","6-08_LM","Tobrilus",0
"Lake Mohegan","June","6-08_LM","Tropocyclops",0
"Lake Mohegan","June","6-08_LM","Tylocephalus",0
"Lake Mohegan","June","6-08_LM","Vestalenula",0
"Lake Mohegan","June","6-08_LM","Wilsonema",0
"Lake Mohegan","June","6-16_LM","Aaroniella",0
"Lake Mohegan","June","6-16_LM","Acanthocyclops",0.0194769817488423
"Lake Mohegan","June","6-16_LM","Acroperus",0
"Lake Mohegan","June","6-16_LM","Alonopsis",0
"Lake Mohegan","June","6-16_LM","Anopheles",0
"Lake Mohegan","June","6-16_LM","Bosmina",0.0847180604739853
"Lake Mohegan","June","6-16_LM","Castrada",0
"Lake Mohegan","June","6-16_LM","Castrella",0
"Lake Mohegan","June","6-16_LM","Chaetogaster",0
"Lake Mohegan","June","6-16_LM","Chaetonotus",0.0377962408063198
"Lake Mohegan","June","6-16_LM","Chironomus",0.00074911468264778
"Lake Mohegan","June","6-16_LM","Chrysemys",0
"Lake Mohegan","June","6-16_LM","Chydorus",0
"Lake Mohegan","June","6-16_LM","Corethrella",0
"Lake Mohegan","June","6-16_LM","Cypria",0
"Lake Mohegan","June","6-16_LM","Cypridopsis",0.715064015254699
"Lake Mohegan","June","6-16_LM","Daphnia",0
"Lake Mohegan","June","6-16_LM","Darwinula",0
"Lake Mohegan","June","6-16_LM","Dero",0
"Lake Mohegan","June","6-16_LM","Diaphanosoma",0
"Lake Mohegan","June","6-16_LM","Eucyclops",0.141855080359575
"Lake Mohegan","June","6-16_LM","Eudiaptomus",0
"Lake Mohegan","June","6-16_LM","Eumonhystera",0
"Lake Mohegan","June","6-16_LM","Ferrissia",0
"Lake Mohegan","June","6-16_LM","Folsomia",0
"Lake Mohegan","June","6-16_LM","Gallus",0
"Lake Mohegan","June","6-16_LM","Gyratrix",0
"Lake Mohegan","June","6-16_LM","Halichaetonotus",0.000136202669572324
"Lake Mohegan","June","6-16_LM","Heterolepidoderma",0
"Lake Mohegan","June","6-16_LM","Horreolanus",0
"Lake Mohegan","June","6-16_LM","Hydra",0
"Lake Mohegan","June","6-16_LM","Ichthydium",0
"Lake Mohegan","June","6-16_LM","Isotoma",0
"Lake Mohegan","June","6-16_LM","Isotomurus",0
"Lake Mohegan","June","6-16_LM","Laimydorus",0
"Lake Mohegan","June","6-16_LM","Lepidodermella",0
"Lake Mohegan","June","6-16_LM","Macquaria",0
"Lake Mohegan","June","6-16_LM","Macrocyclops",0
"Lake Mohegan","June","6-16_LM","Mesocyclops",0
"Lake Mohegan","June","6-16_LM","Microstomum",0
"Lake Mohegan","June","6-16_LM","Monopisthocotylea",0
"Lake Mohegan","June","6-16_LM","Nais",0
"Lake Mohegan","June","6-16_LM","Oripoda",0
"Lake Mohegan","June","6-16_LM","Pectinatella",0
"Lake Mohegan","June","6-16_LM","Physella",0
"Lake Mohegan","June","6-16_LM","Planorbarius",0
"Lake Mohegan","June","6-16_LM","Plumatella",0
"Lake Mohegan","June","6-16_LM","Pristina",0.000204304004358485
"Lake Mohegan","June","6-16_LM","Rhabdolaimus",0
"Lake Mohegan","June","6-16_LM","Scapholeberis",0
"Lake Mohegan","June","6-16_LM","Simocephalus",0
"Lake Mohegan","June","6-16_LM","Sinella",0
"Lake Mohegan","June","6-16_LM","Skistodiaptomus",0
"Lake Mohegan","June","6-16_LM","Spinileberis",0
"Lake Mohegan","June","6-16_LM","Spongilla",0
"Lake Mohegan","June","6-16_LM","Stenostomum",0
"Lake Mohegan","June","6-16_LM","Sympetrum",0
"Lake Mohegan","June","6-16_LM","Tobrilus",0
"Lake Mohegan","June","6-16_LM","Tropocyclops",0
"Lake Mohegan","June","6-16_LM","Tylocephalus",0
"Lake Mohegan","June","6-16_LM","Vestalenula",0
"Lake Mohegan","June","6-16_LM","Wilsonema",0
"Lake Mohegan","June","6-19_LM","Aaroniella",0
"Lake Mohegan","June","6-19_LM","Acanthocyclops",0
"Lake Mohegan","June","6-19_LM","Acroperus",0
"Lake Mohegan","June","6-19_LM","Alonopsis",0
"Lake Mohegan","June","6-19_LM","Anopheles",0
"Lake Mohegan","June","6-19_LM","Bosmina",0
"Lake Mohegan","June","6-19_LM","Castrada",0
"Lake Mohegan","June","6-19_LM","Castrella",0
"Lake Mohegan","June","6-19_LM","Chaetogaster",0
"Lake Mohegan","June","6-19_LM","Chaetonotus",0.036479250334672
"Lake Mohegan","June","6-19_LM","Chironomus",0.000125502008032129
"Lake Mohegan","June","6-19_LM","Chrysemys",0
"Lake Mohegan","June","6-19_LM","Chydorus",0
"Lake Mohegan","June","6-19_LM","Corethrella",0.00389056224899598
"Lake Mohegan","June","6-19_LM","Cypria",0
"Lake Mohegan","June","6-19_LM","Cypridopsis",0.890478580990629
"Lake Mohegan","June","6-19_LM","Daphnia",0
"Lake Mohegan","June","6-19_LM","Darwinula",0
"Lake Mohegan","June","6-19_LM","Dero",0
"Lake Mohegan","June","6-19_LM","Diaphanosoma",0
"Lake Mohegan","June","6-19_LM","Eucyclops",0.00891064257028112
"Lake Mohegan","June","6-19_LM","Eudiaptomus",0.0536730254350736
"Lake Mohegan","June","6-19_LM","Eumonhystera",0
"Lake Mohegan","June","6-19_LM","Ferrissia",0
"Lake Mohegan","June","6-19_LM","Folsomia",0
"Lake Mohegan","June","6-19_LM","Gallus",0
"Lake Mohegan","June","6-19_LM","Gyratrix",0
"Lake Mohegan","June","6-19_LM","Halichaetonotus",0
"Lake Mohegan","June","6-19_LM","Heterolepidoderma",0
"Lake Mohegan","June","6-19_LM","Horreolanus",0
"Lake Mohegan","June","6-19_LM","Hydra",0
"Lake Mohegan","June","6-19_LM","Ichthydium",0
"Lake Mohegan","June","6-19_LM","Isotoma",0
"Lake Mohegan","June","6-19_LM","Isotomurus",0
"Lake Mohegan","June","6-19_LM","Laimydorus",0
"Lake Mohegan","June","6-19_LM","Lepidodermella",0
"Lake Mohegan","June","6-19_LM","Macquaria",0
"Lake Mohegan","June","6-19_LM","Macrocyclops",0
"Lake Mohegan","June","6-19_LM","Mesocyclops",0
"Lake Mohegan","June","6-19_LM","Microstomum",0.00422523427041499
"Lake Mohegan","June","6-19_LM","Monopisthocotylea",0
"Lake Mohegan","June","6-19_LM","Nais",0
"Lake Mohegan","June","6-19_LM","Oripoda",0
"Lake Mohegan","June","6-19_LM","Pectinatella",0
"Lake Mohegan","June","6-19_LM","Physella",0
"Lake Mohegan","June","6-19_LM","Planorbarius",0.000251004016064257
"Lake Mohegan","June","6-19_LM","Plumatella",0
"Lake Mohegan","June","6-19_LM","Pristina",0
"Lake Mohegan","June","6-19_LM","Rhabdolaimus",0
"Lake Mohegan","June","6-19_LM","Scapholeberis",0
"Lake Mohegan","June","6-19_LM","Simocephalus",0
"Lake Mohegan","June","6-19_LM","Sinella",0.00142235609103079
"Lake Mohegan","June","6-19_LM","Skistodiaptomus",0.00054384203480589
"Lake Mohegan","June","6-19_LM","Spinileberis",0
"Lake Mohegan","June","6-19_LM","Spongilla",0
"Lake Mohegan","June","6-19_LM","Stenostomum",0
"Lake Mohegan","June","6-19_LM","Sympetrum",0
"Lake Mohegan","June","6-19_LM","Tobrilus",0
"Lake Mohegan","June","6-19_LM","Tropocyclops",0
"Lake Mohegan","June","6-19_LM","Tylocephalus",0
"Lake Mohegan","June","6-19_LM","Vestalenula",0
"Lake Mohegan","June","6-19_LM","Wilsonema",0
"Lake Mohegan","September","9-01_LM","Aaroniella",0
"Lake Mohegan","September","9-01_LM","Acanthocyclops",0
"Lake Mohegan","September","9-01_LM","Acroperus",0
"Lake Mohegan","September","9-01_LM","Alonopsis",0
"Lake Mohegan","September","9-01_LM","Anopheles",0
"Lake Mohegan","September","9-01_LM","Bosmina",0
"Lake Mohegan","September","9-01_LM","Castrada",0
"Lake Mohegan","September","9-01_LM","Castrella",0.00182094081942337
"Lake Mohegan","September","9-01_LM","Chaetogaster",0
"Lake Mohegan","September","9-01_LM","Chaetonotus",0
"Lake Mohegan","September","9-01_LM","Chironomus",0
"Lake Mohegan","September","9-01_LM","Chrysemys",0
"Lake Mohegan","September","9-01_LM","Chydorus",0
"Lake Mohegan","September","9-01_LM","Corethrella",0
"Lake Mohegan","September","9-01_LM","Cypria",0
"Lake Mohegan","September","9-01_LM","Cypridopsis",0.972230652503794
"Lake Mohegan","September","9-01_LM","Daphnia",0
"Lake Mohegan","September","9-01_LM","Darwinula",0
"Lake Mohegan","September","9-01_LM","Dero",0
"Lake Mohegan","September","9-01_LM","Diaphanosoma",0.0078907435508346
"Lake Mohegan","September","9-01_LM","Eucyclops",0.00819423368740516
"Lake Mohegan","September","9-01_LM","Eudiaptomus",0.00531107738998483
"Lake Mohegan","September","9-01_LM","Eumonhystera",0
"Lake Mohegan","September","9-01_LM","Ferrissia",0
"Lake Mohegan","September","9-01_LM","Folsomia",0
"Lake Mohegan","September","9-01_LM","Gallus",0
"Lake Mohegan","September","9-01_LM","Gyratrix",0
"Lake Mohegan","September","9-01_LM","Halichaetonotus",0
"Lake Mohegan","September","9-01_LM","Heterolepidoderma",0.00455235204855842
"Lake Mohegan","September","9-01_LM","Horreolanus",0
"Lake Mohegan","September","9-01_LM","Hydra",0
"Lake Mohegan","September","9-01_LM","Ichthydium",0
"Lake Mohegan","September","9-01_LM","Isotoma",0
"Lake Mohegan","September","9-01_LM","Isotomurus",0
"Lake Mohegan","September","9-01_LM","Laimydorus",0
"Lake Mohegan","September","9-01_LM","Lepidodermella",0
"Lake Mohegan","September","9-01_LM","Macquaria",0
"Lake Mohegan","September","9-01_LM","Macrocyclops",0
"Lake Mohegan","September","9-01_LM","Mesocyclops",0
"Lake Mohegan","September","9-01_LM","Microstomum",0
"Lake Mohegan","September","9-01_LM","Monopisthocotylea",0
"Lake Mohegan","September","9-01_LM","Nais",0
"Lake Mohegan","September","9-01_LM","Oripoda",0
"Lake Mohegan","September","9-01_LM","Pectinatella",0
"Lake Mohegan","September","9-01_LM","Physella",0
"Lake Mohegan","September","9-01_LM","Planorbarius",0
"Lake Mohegan","September","9-01_LM","Plumatella",0
"Lake Mohegan","September","9-01_LM","Pristina",0
"Lake Mohegan","September","9-01_LM","Rhabdolaimus",0
"Lake Mohegan","September","9-01_LM","Scapholeberis",0
"Lake Mohegan","September","9-01_LM","Simocephalus",0
"Lake Mohegan","September","9-01_LM","Sinella",0
"Lake Mohegan","September","9-01_LM","Skistodiaptomus",0
"Lake Mohegan","September","9-01_LM","Spinileberis",0
"Lake Mohegan","September","9-01_LM","Spongilla",0
"Lake Mohegan","September","9-01_LM","Stenostomum",0
"Lake Mohegan","September","9-01_LM","Sympetrum",0
"Lake Mohegan","September","9-01_LM","Tobrilus",0
"Lake Mohegan","September","9-01_LM","Tropocyclops",0
"Lake Mohegan","September","9-01_LM","Tylocephalus",0
"Lake Mohegan","September","9-01_LM","Vestalenula",0
"Lake Mohegan","September","9-01_LM","Wilsonema",0
"Lake Mohegan","September","9-09_LM","Aaroniella",0
"Lake Mohegan","September","9-09_LM","Acanthocyclops",0
"Lake Mohegan","September","9-09_LM","Acroperus",0
"Lake Mohegan","September","9-09_LM","Alonopsis",0
"Lake Mohegan","September","9-09_LM","Anopheles",0
"Lake Mohegan","September","9-09_LM","Bosmina",0
"Lake Mohegan","September","9-09_LM","Castrada",0
"Lake Mohegan","September","9-09_LM","Castrella",0.00642201834862385
"Lake Mohegan","September","9-09_LM","Chaetogaster",0
"Lake Mohegan","September","9-09_LM","Chaetonotus",0.0636085626911315
"Lake Mohegan","September","9-09_LM","Chironomus",0
"Lake Mohegan","September","9-09_LM","Chrysemys",0
"Lake Mohegan","September","9-09_LM","Chydorus",0
"Lake Mohegan","September","9-09_LM","Corethrella",0
"Lake Mohegan","September","9-09_LM","Cypria",0
"Lake Mohegan","September","9-09_LM","Cypridopsis",0.799082568807339
"Lake Mohegan","September","9-09_LM","Daphnia",0
"Lake Mohegan","September","9-09_LM","Darwinula",0
"Lake Mohegan","September","9-09_LM","Dero",0
"Lake Mohegan","September","9-09_LM","Diaphanosoma",0.00795107033639144
"Lake Mohegan","September","9-09_LM","Eucyclops",0
"Lake Mohegan","September","9-09_LM","Eudiaptomus",0.10519877675841
"Lake Mohegan","September","9-09_LM","Eumonhystera",0
"Lake Mohegan","September","9-09_LM","Ferrissia",0
"Lake Mohegan","September","9-09_LM","Folsomia",0
"Lake Mohegan","September","9-09_LM","Gallus",0
"Lake Mohegan","September","9-09_LM","Gyratrix",0
"Lake Mohegan","September","9-09_LM","Halichaetonotus",0
"Lake Mohegan","September","9-09_LM","Heterolepidoderma",0
"Lake Mohegan","September","9-09_LM","Horreolanus",0
"Lake Mohegan","September","9-09_LM","Hydra",0
"Lake Mohegan","September","9-09_LM","Ichthydium",0
"Lake Mohegan","September","9-09_LM","Isotoma",0
"Lake Mohegan","September","9-09_LM","Isotomurus",0
"Lake Mohegan","September","9-09_LM","Laimydorus",0
"Lake Mohegan","September","9-09_LM","Lepidodermella",0
"Lake Mohegan","September","9-09_LM","Macquaria",0
"Lake Mohegan","September","9-09_LM","Macrocyclops",0.0152905198776758
"Lake Mohegan","September","9-09_LM","Mesocyclops",0
"Lake Mohegan","September","9-09_LM","Microstomum",0
"Lake Mohegan","September","9-09_LM","Monopisthocotylea",0
"Lake Mohegan","September","9-09_LM","Nais",0
"Lake Mohegan","September","9-09_LM","Oripoda",0
"Lake Mohegan","September","9-09_LM","Pectinatella",0
"Lake Mohegan","September","9-09_LM","Physella",0
"Lake Mohegan","September","9-09_LM","Planorbarius",0
"Lake Mohegan","September","9-09_LM","Plumatella",0
"Lake Mohegan","September","9-09_LM","Pristina",0
"Lake Mohegan","September","9-09_LM","Rhabdolaimus",0
"Lake Mohegan","September","9-09_LM","Scapholeberis",0
"Lake Mohegan","September","9-09_LM","Simocephalus",0
"Lake Mohegan","September","9-09_LM","Sinella",0
"Lake Mohegan","September","9-09_LM","Skistodiaptomus",0.00244648318042813
"Lake Mohegan","September","9-09_LM","Spinileberis",0
"Lake Mohegan","September","9-09_LM","Spongilla",0
"Lake Mohegan","September","9-09_LM","Stenostomum",0
"Lake Mohegan","September","9-09_LM","Sympetrum",0
"Lake Mohegan","September","9-09_LM","Tobrilus",0
"Lake Mohegan","September","9-09_LM","Tropocyclops",0
"Lake Mohegan","September","9-09_LM","Tylocephalus",0
"Lake Mohegan","September","9-09_LM","Vestalenula",0
"Lake Mohegan","September","9-09_LM","Wilsonema",0
"Lake Mohegan","September","9-16_LM","Aaroniella",0
"Lake Mohegan","September","9-16_LM","Acanthocyclops",0.0291902071563089
"Lake Mohegan","September","9-16_LM","Acroperus",0
"Lake Mohegan","September","9-16_LM","Alonopsis",0
"Lake Mohegan","September","9-16_LM","Anopheles",0
"Lake Mohegan","September","9-16_LM","Bosmina",0
"Lake Mohegan","September","9-16_LM","Castrada",0
"Lake Mohegan","September","9-16_LM","Castrella",0
"Lake Mohegan","September","9-16_LM","Chaetogaster",0
"Lake Mohegan","September","9-16_LM","Chaetonotus",0
"Lake Mohegan","September","9-16_LM","Chironomus",0
"Lake Mohegan","September","9-16_LM","Chrysemys",0
"Lake Mohegan","September","9-16_LM","Chydorus",0
"Lake Mohegan","September","9-16_LM","Corethrella",0
"Lake Mohegan","September","9-16_LM","Cypria",0
"Lake Mohegan","September","9-16_LM","Cypridopsis",0.54331450094162
"Lake Mohegan","September","9-16_LM","Daphnia",0
"Lake Mohegan","September","9-16_LM","Darwinula",0
"Lake Mohegan","September","9-16_LM","Dero",0
"Lake Mohegan","September","9-16_LM","Diaphanosoma",0
"Lake Mohegan","September","9-16_LM","Eucyclops",0
"Lake Mohegan","September","9-16_LM","Eudiaptomus",0.427495291902072
"Lake Mohegan","September","9-16_LM","Eumonhystera",0
"Lake Mohegan","September","9-16_LM","Ferrissia",0
"Lake Mohegan","September","9-16_LM","Folsomia",0
"Lake Mohegan","September","9-16_LM","Gallus",0
"Lake Mohegan","September","9-16_LM","Gyratrix",0
"Lake Mohegan","September","9-16_LM","Halichaetonotus",0
"Lake Mohegan","September","9-16_LM","Heterolepidoderma",0
"Lake Mohegan","September","9-16_LM","Horreolanus",0
"Lake Mohegan","September","9-16_LM","Hydra",0
"Lake Mohegan","September","9-16_LM","Ichthydium",0
"Lake Mohegan","September","9-16_LM","Isotoma",0
"Lake Mohegan","September","9-16_LM","Isotomurus",0
"Lake Mohegan","September","9-16_LM","Laimydorus",0
"Lake Mohegan","September","9-16_LM","Lepidodermella",0
"Lake Mohegan","September","9-16_LM","Macquaria",0
"Lake Mohegan","September","9-16_LM","Macrocyclops",0
"Lake Mohegan","September","9-16_LM","Mesocyclops",0
"Lake Mohegan","September","9-16_LM","Microstomum",0
"Lake Mohegan","September","9-16_LM","Monopisthocotylea",0
"Lake Mohegan","September","9-16_LM","Nais",0
"Lake Mohegan","September","9-16_LM","Oripoda",0
"Lake Mohegan","September","9-16_LM","Pectinatella",0
"Lake Mohegan","September","9-16_LM","Physella",0
"Lake Mohegan","September","9-16_LM","Planorbarius",0
"Lake Mohegan","September","9-16_LM","Plumatella",0
"Lake Mohegan","September","9-16_LM","Pristina",0
"Lake Mohegan","September","9-16_LM","Rhabdolaimus",0
"Lake Mohegan","September","9-16_LM","Scapholeberis",0
"Lake Mohegan","September","9-16_LM","Simocephalus",0
"Lake Mohegan","September","9-16_LM","Sinella",0
"Lake Mohegan","September","9-16_LM","Skistodiaptomus",0
"Lake Mohegan","September","9-16_LM","Spinileberis",0
"Lake Mohegan","September","9-16_LM","Spongilla",0
"Lake Mohegan","September","9-16_LM","Stenostomum",0
"Lake Mohegan","September","9-16_LM","Sympetrum",0
"Lake Mohegan","September","9-16_LM","Tobrilus",0
"Lake Mohegan","September","9-16_LM","Tropocyclops",0
"Lake Mohegan","September","9-16_LM","Tylocephalus",0
"Lake Mohegan","September","9-16_LM","Vestalenula",0
"Lake Mohegan","September","9-16_LM","Wilsonema",0
"Lake Rippowam","August","8-04_LR","Aaroniella",0
"Lake Rippowam","August","8-04_LR","Acanthocyclops",0
"Lake Rippowam","August","8-04_LR","Acroperus",0
"Lake Rippowam","August","8-04_LR","Alonopsis",0
"Lake Rippowam","August","8-04_LR","Anopheles",0
"Lake Rippowam","August","8-04_LR","Bosmina",0.216641432427095
"Lake Rippowam","August","8-04_LR","Castrada",0
"Lake Rippowam","August","8-04_LR","Castrella",0
"Lake Rippowam","August","8-04_LR","Chaetogaster",0
"Lake Rippowam","August","8-04_LR","Chaetonotus",0
"Lake Rippowam","August","8-04_LR","Chironomus",0
"Lake Rippowam","August","8-04_LR","Chrysemys",0
"Lake Rippowam","August","8-04_LR","Chydorus",0
"Lake Rippowam","August","8-04_LR","Corethrella",0.0216575603976038
"Lake Rippowam","August","8-04_LR","Cypria",0
"Lake Rippowam","August","8-04_LR","Cypridopsis",0.746494634981239
"Lake Rippowam","August","8-04_LR","Daphnia",0
"Lake Rippowam","August","8-04_LR","Darwinula",0
"Lake Rippowam","August","8-04_LR","Dero",0
"Lake Rippowam","August","8-04_LR","Diaphanosoma",0
"Lake Rippowam","August","8-04_LR","Eucyclops",0
"Lake Rippowam","August","8-04_LR","Eudiaptomus",0.0124415772496873
"Lake Rippowam","August","8-04_LR","Eumonhystera",0
"Lake Rippowam","August","8-04_LR","Ferrissia",0
"Lake Rippowam","August","8-04_LR","Folsomia",0
"Lake Rippowam","August","8-04_LR","Gallus",0
"Lake Rippowam","August","8-04_LR","Gyratrix",0
"Lake Rippowam","August","8-04_LR","Halichaetonotus",0
"Lake Rippowam","August","8-04_LR","Heterolepidoderma",0
"Lake Rippowam","August","8-04_LR","Horreolanus",0
"Lake Rippowam","August","8-04_LR","Hydra",0
"Lake Rippowam","August","8-04_LR","Ichthydium",0
"Lake Rippowam","August","8-04_LR","Isotoma",0
"Lake Rippowam","August","8-04_LR","Isotomurus",0
"Lake Rippowam","August","8-04_LR","Laimydorus",0
"Lake Rippowam","August","8-04_LR","Lepidodermella",0
"Lake Rippowam","August","8-04_LR","Macquaria",0
"Lake Rippowam","August","8-04_LR","Macrocyclops",0
"Lake Rippowam","August","8-04_LR","Mesocyclops",0
"Lake Rippowam","August","8-04_LR","Microstomum",0
"Lake Rippowam","August","8-04_LR","Monopisthocotylea",0
"Lake Rippowam","August","8-04_LR","Nais",0
"Lake Rippowam","August","8-04_LR","Oripoda",0
"Lake Rippowam","August","8-04_LR","Pectinatella",0
"Lake Rippowam","August","8-04_LR","Physella",0
"Lake Rippowam","August","8-04_LR","Planorbarius",0
"Lake Rippowam","August","8-04_LR","Plumatella",0
"Lake Rippowam","August","8-04_LR","Pristina",0
"Lake Rippowam","August","8-04_LR","Rhabdolaimus",0
"Lake Rippowam","August","8-04_LR","Scapholeberis",0
"Lake Rippowam","August","8-04_LR","Simocephalus",0
"Lake Rippowam","August","8-04_LR","Sinella",0
"Lake Rippowam","August","8-04_LR","Skistodiaptomus",0
"Lake Rippowam","August","8-04_LR","Spinileberis",0
"Lake Rippowam","August","8-04_LR","Spongilla",0
"Lake Rippowam","August","8-04_LR","Stenostomum",0.00276479494437496
"Lake Rippowam","August","8-04_LR","Sympetrum",0
"Lake Rippowam","August","8-04_LR","Tobrilus",0
"Lake Rippowam","August","8-04_LR","Tropocyclops",0
"Lake Rippowam","August","8-04_LR","Tylocephalus",0
"Lake Rippowam","August","8-04_LR","Vestalenula",0
"Lake Rippowam","August","8-04_LR","Wilsonema",0
"Lake Rippowam","August","8-12_LR","Aaroniella",0
"Lake Rippowam","August","8-12_LR","Acanthocyclops",0
"Lake Rippowam","August","8-12_LR","Acroperus",0
"Lake Rippowam","August","8-12_LR","Alonopsis",0
"Lake Rippowam","August","8-12_LR","Anopheles",0
"Lake Rippowam","August","8-12_LR","Bosmina",0
"Lake Rippowam","August","8-12_LR","Castrada",0
"Lake Rippowam","August","8-12_LR","Castrella",0
"Lake Rippowam","August","8-12_LR","Chaetogaster",0
"Lake Rippowam","August","8-12_LR","Chaetonotus",0.0186572141863435
"Lake Rippowam","August","8-12_LR","Chironomus",0
"Lake Rippowam","August","8-12_LR","Chrysemys",0
"Lake Rippowam","August","8-12_LR","Chydorus",0
"Lake Rippowam","August","8-12_LR","Corethrella",0
"Lake Rippowam","August","8-12_LR","Cypria",0
"Lake Rippowam","August","8-12_LR","Cypridopsis",0.941608065100147
"Lake Rippowam","August","8-12_LR","Daphnia",0
"Lake Rippowam","August","8-12_LR","Darwinula",0
"Lake Rippowam","August","8-12_LR","Dero",0
"Lake Rippowam","August","8-12_LR","Diaphanosoma",0
"Lake Rippowam","August","8-12_LR","Eucyclops",0.000438320660149029
"Lake Rippowam","August","8-12_LR","Eudiaptomus",0
"Lake Rippowam","August","8-12_LR","Eumonhystera",0
"Lake Rippowam","August","8-12_LR","Ferrissia",0
"Lake Rippowam","August","8-12_LR","Folsomia",0
"Lake Rippowam","August","8-12_LR","Gallus",0
"Lake Rippowam","August","8-12_LR","Gyratrix",0
"Lake Rippowam","August","8-12_LR","Halichaetonotus",0
"Lake Rippowam","August","8-12_LR","Heterolepidoderma",0
"Lake Rippowam","August","8-12_LR","Horreolanus",0
"Lake Rippowam","August","8-12_LR","Hydra",0
"Lake Rippowam","August","8-12_LR","Ichthydium",0
"Lake Rippowam","August","8-12_LR","Isotoma",0
"Lake Rippowam","August","8-12_LR","Isotomurus",0
"Lake Rippowam","August","8-12_LR","Laimydorus",0
"Lake Rippowam","August","8-12_LR","Lepidodermella",0
"Lake Rippowam","August","8-12_LR","Macquaria",0
"Lake Rippowam","August","8-12_LR","Macrocyclops",0
"Lake Rippowam","August","8-12_LR","Mesocyclops",0
"Lake Rippowam","August","8-12_LR","Microstomum",0
"Lake Rippowam","August","8-12_LR","Monopisthocotylea",0
"Lake Rippowam","August","8-12_LR","Nais",0
"Lake Rippowam","August","8-12_LR","Oripoda",0
"Lake Rippowam","August","8-12_LR","Pectinatella",0
"Lake Rippowam","August","8-12_LR","Physella",0
"Lake Rippowam","August","8-12_LR","Planorbarius",0
"Lake Rippowam","August","8-12_LR","Plumatella",0.00173422522058964
"Lake Rippowam","August","8-12_LR","Pristina",0.000133401940045357
"Lake Rippowam","August","8-12_LR","Rhabdolaimus",0
"Lake Rippowam","August","8-12_LR","Scapholeberis",0
"Lake Rippowam","August","8-12_LR","Simocephalus",0
"Lake Rippowam","August","8-12_LR","Sinella",0
"Lake Rippowam","August","8-12_LR","Skistodiaptomus",0
"Lake Rippowam","August","8-12_LR","Spinileberis",0
"Lake Rippowam","August","8-12_LR","Spongilla",0.000152459360051836
"Lake Rippowam","August","8-12_LR","Stenostomum",0
"Lake Rippowam","August","8-12_LR","Sympetrum",0
"Lake Rippowam","August","8-12_LR","Tobrilus",0
"Lake Rippowam","August","8-12_LR","Tropocyclops",0
"Lake Rippowam","August","8-12_LR","Tylocephalus",0
"Lake Rippowam","August","8-12_LR","Vestalenula",0
"Lake Rippowam","August","8-12_LR","Wilsonema",0.0372763135326739
"Lake Rippowam","August","8-18_LR","Aaroniella",0.0666666666666667
"Lake Rippowam","August","8-18_LR","Acanthocyclops",0
"Lake Rippowam","August","8-18_LR","Acroperus",0
"Lake Rippowam","August","8-18_LR","Alonopsis",0
"Lake Rippowam","August","8-18_LR","Anopheles",0
"Lake Rippowam","August","8-18_LR","Bosmina",0
"Lake Rippowam","August","8-18_LR","Castrada",0
"Lake Rippowam","August","8-18_LR","Castrella",0
"Lake Rippowam","August","8-18_LR","Chaetogaster",0
"Lake Rippowam","August","8-18_LR","Chaetonotus",0
"Lake Rippowam","August","8-18_LR","Chironomus",0
"Lake Rippowam","August","8-18_LR","Chrysemys",0
"Lake Rippowam","August","8-18_LR","Chydorus",0
"Lake Rippowam","August","8-18_LR","Corethrella",0
"Lake Rippowam","August","8-18_LR","Cypria",0
"Lake Rippowam","August","8-18_LR","Cypridopsis",0.688888888888889
"Lake Rippowam","August","8-18_LR","Daphnia",0
"Lake Rippowam","August","8-18_LR","Darwinula",0
"Lake Rippowam","August","8-18_LR","Dero",0
"Lake Rippowam","August","8-18_LR","Diaphanosoma",0
"Lake Rippowam","August","8-18_LR","Eucyclops",0.155555555555556
"Lake Rippowam","August","8-18_LR","Eudiaptomus",0
"Lake Rippowam","August","8-18_LR","Eumonhystera",0
"Lake Rippowam","August","8-18_LR","Ferrissia",0
"Lake Rippowam","August","8-18_LR","Folsomia",0
"Lake Rippowam","August","8-18_LR","Gallus",0
"Lake Rippowam","August","8-18_LR","Gyratrix",0
"Lake Rippowam","August","8-18_LR","Halichaetonotus",0
"Lake Rippowam","August","8-18_LR","Heterolepidoderma",0
"Lake Rippowam","August","8-18_LR","Horreolanus",0
"Lake Rippowam","August","8-18_LR","Hydra",0
"Lake Rippowam","August","8-18_LR","Ichthydium",0
"Lake Rippowam","August","8-18_LR","Isotoma",0
"Lake Rippowam","August","8-18_LR","Isotomurus",0
"Lake Rippowam","August","8-18_LR","Laimydorus",0
"Lake Rippowam","August","8-18_LR","Lepidodermella",0
"Lake Rippowam","August","8-18_LR","Macquaria",0.0888888888888889
"Lake Rippowam","August","8-18_LR","Macrocyclops",0
"Lake Rippowam","August","8-18_LR","Mesocyclops",0
"Lake Rippowam","August","8-18_LR","Microstomum",0
"Lake Rippowam","August","8-18_LR","Monopisthocotylea",0
"Lake Rippowam","August","8-18_LR","Nais",0
"Lake Rippowam","August","8-18_LR","Oripoda",0
"Lake Rippowam","August","8-18_LR","Pectinatella",0
"Lake Rippowam","August","8-18_LR","Physella",0
"Lake Rippowam","August","8-18_LR","Planorbarius",0
"Lake Rippowam","August","8-18_LR","Plumatella",0
"Lake Rippowam","August","8-18_LR","Pristina",0
"Lake Rippowam","August","8-18_LR","Rhabdolaimus",0
"Lake Rippowam","August","8-18_LR","Scapholeberis",0
"Lake Rippowam","August","8-18_LR","Simocephalus",0
"Lake Rippowam","August","8-18_LR","Sinella",0
"Lake Rippowam","August","8-18_LR","Skistodiaptomus",0
"Lake Rippowam","August","8-18_LR","Spinileberis",0
"Lake Rippowam","August","8-18_LR","Spongilla",0
"Lake Rippowam","August","8-18_LR","Stenostomum",0
"Lake Rippowam","August","8-18_LR","Sympetrum",0
"Lake Rippowam","August","8-18_LR","Tobrilus",0
"Lake Rippowam","August","8-18_LR","Tropocyclops",0
"Lake Rippowam","August","8-18_LR","Tylocephalus",0
"Lake Rippowam","August","8-18_LR","Vestalenula",0
"Lake Rippowam","August","8-18_LR","Wilsonema",0
"Lake Rippowam","August","8-26_LR","Aaroniella",0
"Lake Rippowam","August","8-26_LR","Acanthocyclops",0
"Lake Rippowam","August","8-26_LR","Acroperus",0
"Lake Rippowam","August","8-26_LR","Alonopsis",0
"Lake Rippowam","August","8-26_LR","Anopheles",0
"Lake Rippowam","August","8-26_LR","Bosmina",0
"Lake Rippowam","August","8-26_LR","Castrada",0
"Lake Rippowam","August","8-26_LR","Castrella",0
"Lake Rippowam","August","8-26_LR","Chaetogaster",0
"Lake Rippowam","August","8-26_LR","Chaetonotus",0
"Lake Rippowam","August","8-26_LR","Chironomus",0
"Lake Rippowam","August","8-26_LR","Chrysemys",0
"Lake Rippowam","August","8-26_LR","Chydorus",0
"Lake Rippowam","August","8-26_LR","Corethrella",0
"Lake Rippowam","August","8-26_LR","Cypria",0
"Lake Rippowam","August","8-26_LR","Cypridopsis",0.144444444444444
"Lake Rippowam","August","8-26_LR","Daphnia",0
"Lake Rippowam","August","8-26_LR","Darwinula",0
"Lake Rippowam","August","8-26_LR","Dero",0
"Lake Rippowam","August","8-26_LR","Diaphanosoma",0
"Lake Rippowam","August","8-26_LR","Eucyclops",0
"Lake Rippowam","August","8-26_LR","Eudiaptomus",0
"Lake Rippowam","August","8-26_LR","Eumonhystera",0
"Lake Rippowam","August","8-26_LR","Ferrissia",0
"Lake Rippowam","August","8-26_LR","Folsomia",0.622222222222222
"Lake Rippowam","August","8-26_LR","Gallus",0
"Lake Rippowam","August","8-26_LR","Gyratrix",0
"Lake Rippowam","August","8-26_LR","Halichaetonotus",0
"Lake Rippowam","August","8-26_LR","Heterolepidoderma",0
"Lake Rippowam","August","8-26_LR","Horreolanus",0
"Lake Rippowam","August","8-26_LR","Hydra",0
"Lake Rippowam","August","8-26_LR","Ichthydium",0
"Lake Rippowam","August","8-26_LR","Isotoma",0
"Lake Rippowam","August","8-26_LR","Isotomurus",0
"Lake Rippowam","August","8-26_LR","Laimydorus",0
"Lake Rippowam","August","8-26_LR","Lepidodermella",0
"Lake Rippowam","August","8-26_LR","Macquaria",0
"Lake Rippowam","August","8-26_LR","Macrocyclops",0
"Lake Rippowam","August","8-26_LR","Mesocyclops",0
"Lake Rippowam","August","8-26_LR","Microstomum",0
"Lake Rippowam","August","8-26_LR","Monopisthocotylea",0
"Lake Rippowam","August","8-26_LR","Nais",0
"Lake Rippowam","August","8-26_LR","Oripoda",0
"Lake Rippowam","August","8-26_LR","Pectinatella",0
"Lake Rippowam","August","8-26_LR","Physella",0
"Lake Rippowam","August","8-26_LR","Planorbarius",0
"Lake Rippowam","August","8-26_LR","Plumatella",0.233333333333333
"Lake Rippowam","August","8-26_LR","Pristina",0
"Lake Rippowam","August","8-26_LR","Rhabdolaimus",0
"Lake Rippowam","August","8-26_LR","Scapholeberis",0
"Lake Rippowam","August","8-26_LR","Simocephalus",0
"Lake Rippowam","August","8-26_LR","Sinella",0
"Lake Rippowam","August","8-26_LR","Skistodiaptomus",0
"Lake Rippowam","August","8-26_LR","Spinileberis",0
"Lake Rippowam","August","8-26_LR","Spongilla",0
"Lake Rippowam","August","8-26_LR","Stenostomum",0
"Lake Rippowam","August","8-26_LR","Sympetrum",0
"Lake Rippowam","August","8-26_LR","Tobrilus",0
"Lake Rippowam","August","8-26_LR","Tropocyclops",0
"Lake Rippowam","August","8-26_LR","Tylocephalus",0
"Lake Rippowam","August","8-26_LR","Vestalenula",0
"Lake Rippowam","August","8-26_LR","Wilsonema",0
"Lake Rippowam","July","7-08_LR","Aaroniella",0
"Lake Rippowam","July","7-08_LR","Acanthocyclops",0
"Lake Rippowam","July","7-08_LR","Acroperus",0
"Lake Rippowam","July","7-08_LR","Alonopsis",0
"Lake Rippowam","July","7-08_LR","Anopheles",0
"Lake Rippowam","July","7-08_LR","Bosmina",0
"Lake Rippowam","July","7-08_LR","Castrada",0
"Lake Rippowam","July","7-08_LR","Castrella",0
"Lake Rippowam","July","7-08_LR","Chaetogaster",0
"Lake Rippowam","July","7-08_LR","Chaetonotus",0.0134228187919463
"Lake Rippowam","July","7-08_LR","Chironomus",0
"Lake Rippowam","July","7-08_LR","Chrysemys",0
"Lake Rippowam","July","7-08_LR","Chydorus",0
"Lake Rippowam","July","7-08_LR","Corethrella",0.783557046979866
"Lake Rippowam","July","7-08_LR","Cypria",0.0318791946308725
"Lake Rippowam","July","7-08_LR","Cypridopsis",0
"Lake Rippowam","July","7-08_LR","Daphnia",0
"Lake Rippowam","July","7-08_LR","Darwinula",0.00503355704697987
"Lake Rippowam","July","7-08_LR","Dero",0
"Lake Rippowam","July","7-08_LR","Diaphanosoma",0
"Lake Rippowam","July","7-08_LR","Eucyclops",0.166107382550336
"Lake Rippowam","July","7-08_LR","Eudiaptomus",0
"Lake Rippowam","July","7-08_LR","Eumonhystera",0
"Lake Rippowam","July","7-08_LR","Ferrissia",0
"Lake Rippowam","July","7-08_LR","Folsomia",0
"Lake Rippowam","July","7-08_LR","Gallus",0
"Lake Rippowam","July","7-08_LR","Gyratrix",0
"Lake Rippowam","July","7-08_LR","Halichaetonotus",0
"Lake Rippowam","July","7-08_LR","Heterolepidoderma",0
"Lake Rippowam","July","7-08_LR","Horreolanus",0
"Lake Rippowam","July","7-08_LR","Hydra",0
"Lake Rippowam","July","7-08_LR","Ichthydium",0
"Lake Rippowam","July","7-08_LR","Isotoma",0
"Lake Rippowam","July","7-08_LR","Isotomurus",0
"Lake Rippowam","July","7-08_LR","Laimydorus",0
"Lake Rippowam","July","7-08_LR","Lepidodermella",0
"Lake Rippowam","July","7-08_LR","Macquaria",0
"Lake Rippowam","July","7-08_LR","Macrocyclops",0
"Lake Rippowam","July","7-08_LR","Mesocyclops",0
"Lake Rippowam","July","7-08_LR","Microstomum",0
"Lake Rippowam","July","7-08_LR","Monopisthocotylea",0
"Lake Rippowam","July","7-08_LR","Nais",0
"Lake Rippowam","July","7-08_LR","Oripoda",0
"Lake Rippowam","July","7-08_LR","Pectinatella",0
"Lake Rippowam","July","7-08_LR","Physella",0
"Lake Rippowam","July","7-08_LR","Planorbarius",0
"Lake Rippowam","July","7-08_LR","Plumatella",0
"Lake Rippowam","July","7-08_LR","Pristina",0
"Lake Rippowam","July","7-08_LR","Rhabdolaimus",0
"Lake Rippowam","July","7-08_LR","Scapholeberis",0
"Lake Rippowam","July","7-08_LR","Simocephalus",0
"Lake Rippowam","July","7-08_LR","Sinella",0
"Lake Rippowam","July","7-08_LR","Skistodiaptomus",0
"Lake Rippowam","July","7-08_LR","Spinileberis",0
"Lake Rippowam","July","7-08_LR","Spongilla",0
"Lake Rippowam","July","7-08_LR","Stenostomum",0
"Lake Rippowam","July","7-08_LR","Sympetrum",0
"Lake Rippowam","July","7-08_LR","Tobrilus",0
"Lake Rippowam","July","7-08_LR","Tropocyclops",0
"Lake Rippowam","July","7-08_LR","Tylocephalus",0
"Lake Rippowam","July","7-08_LR","Vestalenula",0
"Lake Rippowam","July","7-08_LR","Wilsonema",0
"Lake Rippowam","July","7-14_LR","Aaroniella",0
"Lake Rippowam","July","7-14_LR","Acanthocyclops",0
"Lake Rippowam","July","7-14_LR","Acroperus",0
"Lake Rippowam","July","7-14_LR","Alonopsis",0
"Lake Rippowam","July","7-14_LR","Anopheles",0
"Lake Rippowam","July","7-14_LR","Bosmina",0
"Lake Rippowam","July","7-14_LR","Castrada",0
"Lake Rippowam","July","7-14_LR","Castrella",0
"Lake Rippowam","July","7-14_LR","Chaetogaster",0
"Lake Rippowam","July","7-14_LR","Chaetonotus",0.0365874804924571
"Lake Rippowam","July","7-14_LR","Chironomus",0
"Lake Rippowam","July","7-14_LR","Chrysemys",0
"Lake Rippowam","July","7-14_LR","Chydorus",0
"Lake Rippowam","July","7-14_LR","Corethrella",0
"Lake Rippowam","July","7-14_LR","Cypria",0
"Lake Rippowam","July","7-14_LR","Cypridopsis",0.0109242240332929
"Lake Rippowam","July","7-14_LR","Daphnia",0
"Lake Rippowam","July","7-14_LR","Darwinula",0.000867001907404196
"Lake Rippowam","July","7-14_LR","Dero",0
"Lake Rippowam","July","7-14_LR","Diaphanosoma",0.00190740419628923
"Lake Rippowam","July","7-14_LR","Eucyclops",0.0121380267036587
"Lake Rippowam","July","7-14_LR","Eudiaptomus",0
"Lake Rippowam","July","7-14_LR","Eumonhystera",0
"Lake Rippowam","July","7-14_LR","Ferrissia",0
"Lake Rippowam","July","7-14_LR","Folsomia",0
"Lake Rippowam","July","7-14_LR","Gallus",0
"Lake Rippowam","July","7-14_LR","Gyratrix",0
"Lake Rippowam","July","7-14_LR","Halichaetonotus",0
"Lake Rippowam","July","7-14_LR","Heterolepidoderma",0.937575862666898
"Lake Rippowam","July","7-14_LR","Horreolanus",0
"Lake Rippowam","July","7-14_LR","Hydra",0
"Lake Rippowam","July","7-14_LR","Ichthydium",0
"Lake Rippowam","July","7-14_LR","Isotoma",0
"Lake Rippowam","July","7-14_LR","Isotomurus",0
"Lake Rippowam","July","7-14_LR","Laimydorus",0
"Lake Rippowam","July","7-14_LR","Lepidodermella",0
"Lake Rippowam","July","7-14_LR","Macquaria",0
"Lake Rippowam","July","7-14_LR","Macrocyclops",0
"Lake Rippowam","July","7-14_LR","Mesocyclops",0
"Lake Rippowam","July","7-14_LR","Microstomum",0
"Lake Rippowam","July","7-14_LR","Monopisthocotylea",0
"Lake Rippowam","July","7-14_LR","Nais",0
"Lake Rippowam","July","7-14_LR","Oripoda",0
"Lake Rippowam","July","7-14_LR","Pectinatella",0
"Lake Rippowam","July","7-14_LR","Physella",0
"Lake Rippowam","July","7-14_LR","Planorbarius",0
"Lake Rippowam","July","7-14_LR","Plumatella",0
"Lake Rippowam","July","7-14_LR","Pristina",0
"Lake Rippowam","July","7-14_LR","Rhabdolaimus",0
"Lake Rippowam","July","7-14_LR","Scapholeberis",0
"Lake Rippowam","July","7-14_LR","Simocephalus",0
"Lake Rippowam","July","7-14_LR","Sinella",0
"Lake Rippowam","July","7-14_LR","Skistodiaptomus",0
"Lake Rippowam","July","7-14_LR","Spinileberis",0
"Lake Rippowam","July","7-14_LR","Spongilla",0
"Lake Rippowam","July","7-14_LR","Stenostomum",0
"Lake Rippowam","July","7-14_LR","Sympetrum",0
"Lake Rippowam","July","7-14_LR","Tobrilus",0
"Lake Rippowam","July","7-14_LR","Tropocyclops",0
"Lake Rippowam","July","7-14_LR","Tylocephalus",0
"Lake Rippowam","July","7-14_LR","Vestalenula",0
"Lake Rippowam","July","7-14_LR","Wilsonema",0
"Lake Rippowam","July","7-18_LR","Aaroniella",0
"Lake Rippowam","July","7-18_LR","Acanthocyclops",0
"Lake Rippowam","July","7-18_LR","Acroperus",0
"Lake Rippowam","July","7-18_LR","Alonopsis",0
"Lake Rippowam","July","7-18_LR","Anopheles",0
"Lake Rippowam","July","7-18_LR","Bosmina",0
"Lake Rippowam","July","7-18_LR","Castrada",0
"Lake Rippowam","July","7-18_LR","Castrella",0
"Lake Rippowam","July","7-18_LR","Chaetogaster",0
"Lake Rippowam","July","7-18_LR","Chaetonotus",0
"Lake Rippowam","July","7-18_LR","Chironomus",0
"Lake Rippowam","July","7-18_LR","Chrysemys",0
"Lake Rippowam","July","7-18_LR","Chydorus",0
"Lake Rippowam","July","7-18_LR","Corethrella",0
"Lake Rippowam","July","7-18_LR","Cypria",0
"Lake Rippowam","July","7-18_LR","Cypridopsis",0.410714285714286
"Lake Rippowam","July","7-18_LR","Daphnia",0
"Lake Rippowam","July","7-18_LR","Darwinula",0
"Lake Rippowam","July","7-18_LR","Dero",0
"Lake Rippowam","July","7-18_LR","Diaphanosoma",0
"Lake Rippowam","July","7-18_LR","Eucyclops",0
"Lake Rippowam","July","7-18_LR","Eudiaptomus",0
"Lake Rippowam","July","7-18_LR","Eumonhystera",0
"Lake Rippowam","July","7-18_LR","Ferrissia",0
"Lake Rippowam","July","7-18_LR","Folsomia",0
"Lake Rippowam","July","7-18_LR","Gallus",0
"Lake Rippowam","July","7-18_LR","Gyratrix",0
"Lake Rippowam","July","7-18_LR","Halichaetonotus",0
"Lake Rippowam","July","7-18_LR","Heterolepidoderma",0
"Lake Rippowam","July","7-18_LR","Horreolanus",0
"Lake Rippowam","July","7-18_LR","Hydra",0
"Lake Rippowam","July","7-18_LR","Ichthydium",0
"Lake Rippowam","July","7-18_LR","Isotoma",0
"Lake Rippowam","July","7-18_LR","Isotomurus",0
"Lake Rippowam","July","7-18_LR","Laimydorus",0
"Lake Rippowam","July","7-18_LR","Lepidodermella",0
"Lake Rippowam","July","7-18_LR","Macquaria",0
"Lake Rippowam","July","7-18_LR","Macrocyclops",0
"Lake Rippowam","July","7-18_LR","Mesocyclops",0
"Lake Rippowam","July","7-18_LR","Microstomum",0
"Lake Rippowam","July","7-18_LR","Monopisthocotylea",0
"Lake Rippowam","July","7-18_LR","Nais",0
"Lake Rippowam","July","7-18_LR","Oripoda",0
"Lake Rippowam","July","7-18_LR","Pectinatella",0
"Lake Rippowam","July","7-18_LR","Physella",0
"Lake Rippowam","July","7-18_LR","Planorbarius",0
"Lake Rippowam","July","7-18_LR","Plumatella",0
"Lake Rippowam","July","7-18_LR","Pristina",0
"Lake Rippowam","July","7-18_LR","Rhabdolaimus",0
"Lake Rippowam","July","7-18_LR","Scapholeberis",0
"Lake Rippowam","July","7-18_LR","Simocephalus",0
"Lake Rippowam","July","7-18_LR","Sinella",0
"Lake Rippowam","July","7-18_LR","Skistodiaptomus",0
"Lake Rippowam","July","7-18_LR","Spinileberis",0
"Lake Rippowam","July","7-18_LR","Spongilla",0.321428571428571
"Lake Rippowam","July","7-18_LR","Stenostomum",0
"Lake Rippowam","July","7-18_LR","Sympetrum",0.267857142857143
"Lake Rippowam","July","7-18_LR","Tobrilus",0
"Lake Rippowam","July","7-18_LR","Tropocyclops",0
"Lake Rippowam","July","7-18_LR","Tylocephalus",0
"Lake Rippowam","July","7-18_LR","Vestalenula",0
"Lake Rippowam","July","7-18_LR","Wilsonema",0
"Lake Rippowam","July","7-22_LR","Aaroniella",0
"Lake Rippowam","July","7-22_LR","Acanthocyclops",0
"Lake Rippowam","July","7-22_LR","Acroperus",0
"Lake Rippowam","July","7-22_LR","Alonopsis",0
"Lake Rippowam","July","7-22_LR","Anopheles",0
"Lake Rippowam","July","7-22_LR","Bosmina",0
"Lake Rippowam","July","7-22_LR","Castrada",0.0377090003557453
"Lake Rippowam","July","7-22_LR","Castrella",0
"Lake Rippowam","July","7-22_LR","Chaetogaster",0
"Lake Rippowam","July","7-22_LR","Chaetonotus",0.257559587335468
"Lake Rippowam","July","7-22_LR","Chironomus",0
"Lake Rippowam","July","7-22_LR","Chrysemys",0
"Lake Rippowam","July","7-22_LR","Chydorus",0
"Lake Rippowam","July","7-22_LR","Corethrella",0
"Lake Rippowam","July","7-22_LR","Cypria",0
"Lake Rippowam","July","7-22_LR","Cypridopsis",0.00355745286374956
"Lake Rippowam","July","7-22_LR","Daphnia",0
"Lake Rippowam","July","7-22_LR","Darwinula",0
"Lake Rippowam","July","7-22_LR","Dero",0
"Lake Rippowam","July","7-22_LR","Diaphanosoma",0
"Lake Rippowam","July","7-22_LR","Eucyclops",0.308786908573461
"Lake Rippowam","July","7-22_LR","Eudiaptomus",0
"Lake Rippowam","July","7-22_LR","Eumonhystera",0
"Lake Rippowam","July","7-22_LR","Ferrissia",0
"Lake Rippowam","July","7-22_LR","Folsomia",0
"Lake Rippowam","July","7-22_LR","Gallus",0
"Lake Rippowam","July","7-22_LR","Gyratrix",0
"Lake Rippowam","July","7-22_LR","Halichaetonotus",0
"Lake Rippowam","July","7-22_LR","Heterolepidoderma",0
"Lake Rippowam","July","7-22_LR","Horreolanus",0
"Lake Rippowam","July","7-22_LR","Hydra",0
"Lake Rippowam","July","7-22_LR","Ichthydium",0
"Lake Rippowam","July","7-22_LR","Isotoma",0
"Lake Rippowam","July","7-22_LR","Isotomurus",0
"Lake Rippowam","July","7-22_LR","Laimydorus",0
"Lake Rippowam","July","7-22_LR","Lepidodermella",0
"Lake Rippowam","July","7-22_LR","Macquaria",0
"Lake Rippowam","July","7-22_LR","Macrocyclops",0
"Lake Rippowam","July","7-22_LR","Mesocyclops",0
"Lake Rippowam","July","7-22_LR","Microstomum",0
"Lake Rippowam","July","7-22_LR","Monopisthocotylea",0
"Lake Rippowam","July","7-22_LR","Nais",0
"Lake Rippowam","July","7-22_LR","Oripoda",0
"Lake Rippowam","July","7-22_LR","Pectinatella",0.0231234436143721
"Lake Rippowam","July","7-22_LR","Physella",0
"Lake Rippowam","July","7-22_LR","Planorbarius",0
"Lake Rippowam","July","7-22_LR","Plumatella",0.0715048025613661
"Lake Rippowam","July","7-22_LR","Pristina",0
"Lake Rippowam","July","7-22_LR","Rhabdolaimus",0.0505158306652437
"Lake Rippowam","July","7-22_LR","Scapholeberis",0
"Lake Rippowam","July","7-22_LR","Simocephalus",0
"Lake Rippowam","July","7-22_LR","Sinella",0
"Lake Rippowam","July","7-22_LR","Skistodiaptomus",0
"Lake Rippowam","July","7-22_LR","Spinileberis",0
"Lake Rippowam","July","7-22_LR","Spongilla",0
"Lake Rippowam","July","7-22_LR","Stenostomum",0.015652792600498
"Lake Rippowam","July","7-22_LR","Sympetrum",0
"Lake Rippowam","July","7-22_LR","Tobrilus",0.231590181430096
"Lake Rippowam","July","7-22_LR","Tropocyclops",0
"Lake Rippowam","July","7-22_LR","Tylocephalus",0
"Lake Rippowam","July","7-22_LR","Vestalenula",0
"Lake Rippowam","July","7-22_LR","Wilsonema",0
"Lake Rippowam","June","6-01_LR","Aaroniella",0
"Lake Rippowam","June","6-01_LR","Acanthocyclops",0
"Lake Rippowam","June","6-01_LR","Acroperus",0
"Lake Rippowam","June","6-01_LR","Alonopsis",0.00870038064165307
"Lake Rippowam","June","6-01_LR","Anopheles",0
"Lake Rippowam","June","6-01_LR","Bosmina",0
"Lake Rippowam","June","6-01_LR","Castrada",0
"Lake Rippowam","June","6-01_LR","Castrella",0
"Lake Rippowam","June","6-01_LR","Chaetogaster",0
"Lake Rippowam","June","6-01_LR","Chaetonotus",0.443447525829255
"Lake Rippowam","June","6-01_LR","Chironomus",0
"Lake Rippowam","June","6-01_LR","Chrysemys",0
"Lake Rippowam","June","6-01_LR","Chydorus",0
"Lake Rippowam","June","6-01_LR","Corethrella",0.0110386079390973
"Lake Rippowam","June","6-01_LR","Cypria",0
"Lake Rippowam","June","6-01_LR","Cypridopsis",0.351441000543774
"Lake Rippowam","June","6-01_LR","Daphnia",0
"Lake Rippowam","June","6-01_LR","Darwinula",0.00315388798259924
"Lake Rippowam","June","6-01_LR","Dero",0
"Lake Rippowam","June","6-01_LR","Diaphanosoma",0
"Lake Rippowam","June","6-01_LR","Eucyclops",0.000489396411092985
"Lake Rippowam","June","6-01_LR","Eudiaptomus",0.0114192495921697
"Lake Rippowam","June","6-01_LR","Eumonhystera",0.00174007612833061
"Lake Rippowam","June","6-01_LR","Ferrissia",0
"Lake Rippowam","June","6-01_LR","Folsomia",0
"Lake Rippowam","June","6-01_LR","Gallus",0
"Lake Rippowam","June","6-01_LR","Gyratrix",0
"Lake Rippowam","June","6-01_LR","Halichaetonotus",0
"Lake Rippowam","June","6-01_LR","Heterolepidoderma",0
"Lake Rippowam","June","6-01_LR","Horreolanus",0
"Lake Rippowam","June","6-01_LR","Hydra",0.000924415443175639
"Lake Rippowam","June","6-01_LR","Ichthydium",0.0120174007612833
"Lake Rippowam","June","6-01_LR","Isotoma",0
"Lake Rippowam","June","6-01_LR","Isotomurus",0
"Lake Rippowam","June","6-01_LR","Laimydorus",0
"Lake Rippowam","June","6-01_LR","Lepidodermella",0.0725394235997825
"Lake Rippowam","June","6-01_LR","Macquaria",0.00266449157150625
"Lake Rippowam","June","6-01_LR","Macrocyclops",0
"Lake Rippowam","June","6-01_LR","Mesocyclops",0
"Lake Rippowam","June","6-01_LR","Microstomum",0
"Lake Rippowam","June","6-01_LR","Monopisthocotylea",0
"Lake Rippowam","June","6-01_LR","Nais",0.0128874388254486
"Lake Rippowam","June","6-01_LR","Oripoda",0.00744970092441544
"Lake Rippowam","June","6-01_LR","Pectinatella",0.0312126155519304
"Lake Rippowam","June","6-01_LR","Physella",0
"Lake Rippowam","June","6-01_LR","Planorbarius",0.0065252854812398
"Lake Rippowam","June","6-01_LR","Plumatella",0.00576400217509516
"Lake Rippowam","June","6-01_LR","Pristina",0
"Lake Rippowam","June","6-01_LR","Rhabdolaimus",0.00348015225666123
"Lake Rippowam","June","6-01_LR","Scapholeberis",0
"Lake Rippowam","June","6-01_LR","Simocephalus",0
"Lake Rippowam","June","6-01_LR","Sinella",0
"Lake Rippowam","June","6-01_LR","Skistodiaptomus",0
"Lake Rippowam","June","6-01_LR","Spinileberis",0.00163132137030995
"Lake Rippowam","June","6-01_LR","Spongilla",0.0023926046764546
"Lake Rippowam","June","6-01_LR","Stenostomum",0.000978792822185971
"Lake Rippowam","June","6-01_LR","Sympetrum",0
"Lake Rippowam","June","6-01_LR","Tobrilus",0
"Lake Rippowam","June","6-01_LR","Tropocyclops",0
"Lake Rippowam","June","6-01_LR","Tylocephalus",0
"Lake Rippowam","June","6-01_LR","Vestalenula",0.000108754758020663
"Lake Rippowam","June","6-01_LR","Wilsonema",0.00799347471451876
"Lake Rippowam","June","6-08_LR","Aaroniella",0
"Lake Rippowam","June","6-08_LR","Acanthocyclops",0
"Lake Rippowam","June","6-08_LR","Acroperus",0
"Lake Rippowam","June","6-08_LR","Alonopsis",0
"Lake Rippowam","June","6-08_LR","Anopheles",0
"Lake Rippowam","June","6-08_LR","Bosmina",0
"Lake Rippowam","June","6-08_LR","Castrada",0.0743081005939593
"Lake Rippowam","June","6-08_LR","Castrella",0
"Lake Rippowam","June","6-08_LR","Chaetogaster",0.00543409579173512
"Lake Rippowam","June","6-08_LR","Chaetonotus",0.743965626184759
"Lake Rippowam","June","6-08_LR","Chironomus",0
"Lake Rippowam","June","6-08_LR","Chrysemys",0
"Lake Rippowam","June","6-08_LR","Chydorus",0
"Lake Rippowam","June","6-08_LR","Corethrella",0
"Lake Rippowam","June","6-08_LR","Cypria",0
"Lake Rippowam","June","6-08_LR","Cypridopsis",0.00518134715025907
"Lake Rippowam","June","6-08_LR","Daphnia",0
"Lake Rippowam","June","6-08_LR","Darwinula",0
"Lake Rippowam","June","6-08_LR","Dero",0
"Lake Rippowam","June","6-08_LR","Diaphanosoma",0
"Lake Rippowam","June","6-08_LR","Eucyclops",0
"Lake Rippowam","June","6-08_LR","Eudiaptomus",0
"Lake Rippowam","June","6-08_LR","Eumonhystera",0
"Lake Rippowam","June","6-08_LR","Ferrissia",0.00278023505623657
"Lake Rippowam","June","6-08_LR","Folsomia",0
"Lake Rippowam","June","6-08_LR","Gallus",0.0058132187539492
"Lake Rippowam","June","6-08_LR","Gyratrix",0
"Lake Rippowam","June","6-08_LR","Halichaetonotus",0
"Lake Rippowam","June","6-08_LR","Heterolepidoderma",0
"Lake Rippowam","June","6-08_LR","Horreolanus",0
"Lake Rippowam","June","6-08_LR","Hydra",0
"Lake Rippowam","June","6-08_LR","Ichthydium",0
"Lake Rippowam","June","6-08_LR","Isotoma",0
"Lake Rippowam","June","6-08_LR","Isotomurus",0
"Lake Rippowam","June","6-08_LR","Laimydorus",0
"Lake Rippowam","June","6-08_LR","Lepidodermella",0
"Lake Rippowam","June","6-08_LR","Macquaria",0.00240111209402249
"Lake Rippowam","June","6-08_LR","Macrocyclops",0.0308353342600784
"Lake Rippowam","June","6-08_LR","Mesocyclops",0
"Lake Rippowam","June","6-08_LR","Microstomum",0
"Lake Rippowam","June","6-08_LR","Monopisthocotylea",0
"Lake Rippowam","June","6-08_LR","Nais",0.0160495387337293
"Lake Rippowam","June","6-08_LR","Oripoda",0
"Lake Rippowam","June","6-08_LR","Pectinatella",0.0173132819411096
"Lake Rippowam","June","6-08_LR","Physella",0.0139011752811829
"Lake Rippowam","June","6-08_LR","Planorbarius",0.0115000631871604
"Lake Rippowam","June","6-08_LR","Plumatella",0.0107418172627322
"Lake Rippowam","June","6-08_LR","Pristina",0
"Lake Rippowam","June","6-08_LR","Rhabdolaimus",0
"Lake Rippowam","June","6-08_LR","Scapholeberis",0
"Lake Rippowam","June","6-08_LR","Simocephalus",0.00139011752811829
"Lake Rippowam","June","6-08_LR","Sinella",0
"Lake Rippowam","June","6-08_LR","Skistodiaptomus",0
"Lake Rippowam","June","6-08_LR","Spinileberis",0
"Lake Rippowam","June","6-08_LR","Spongilla",0.0221155061291546
"Lake Rippowam","June","6-08_LR","Stenostomum",0.0362694300518135
"Lake Rippowam","June","6-08_LR","Sympetrum",0
"Lake Rippowam","June","6-08_LR","Tobrilus",0
"Lake Rippowam","June","6-08_LR","Tropocyclops",0
"Lake Rippowam","June","6-08_LR","Tylocephalus",0
"Lake Rippowam","June","6-08_LR","Vestalenula",0
"Lake Rippowam","June","6-08_LR","Wilsonema",0
"Lake Rippowam","June","6-16_LR","Aaroniella",0
"Lake Rippowam","June","6-16_LR","Acanthocyclops",0.0647452811041202
"Lake Rippowam","June","6-16_LR","Acroperus",0
"Lake Rippowam","June","6-16_LR","Alonopsis",0
"Lake Rippowam","June","6-16_LR","Anopheles",0
"Lake Rippowam","June","6-16_LR","Bosmina",0
"Lake Rippowam","June","6-16_LR","Castrada",0.00953927339151614
"Lake Rippowam","June","6-16_LR","Castrella",0
"Lake Rippowam","June","6-16_LR","Chaetogaster",0.00304444895473919
"Lake Rippowam","June","6-16_LR","Chaetonotus",0.625126852039781
"Lake Rippowam","June","6-16_LR","Chironomus",0
"Lake Rippowam","June","6-16_LR","Chrysemys",0
"Lake Rippowam","June","6-16_LR","Chydorus",0
"Lake Rippowam","June","6-16_LR","Corethrella",0.00527704485488127
"Lake Rippowam","June","6-16_LR","Cypria",0
"Lake Rippowam","June","6-16_LR","Cypridopsis",0.00243555916379135
"Lake Rippowam","June","6-16_LR","Daphnia",0
"Lake Rippowam","June","6-16_LR","Darwinula",0
"Lake Rippowam","June","6-16_LR","Dero",0
"Lake Rippowam","June","6-16_LR","Diaphanosoma",0
"Lake Rippowam","June","6-16_LR","Eucyclops",0.0655571341587173
"Lake Rippowam","June","6-16_LR","Eudiaptomus",0
"Lake Rippowam","June","6-16_LR","Eumonhystera",0
"Lake Rippowam","June","6-16_LR","Ferrissia",0.00263852242744063
"Lake Rippowam","June","6-16_LR","Folsomia",0
"Lake Rippowam","June","6-16_LR","Gallus",0
"Lake Rippowam","June","6-16_LR","Gyratrix",0
"Lake Rippowam","June","6-16_LR","Halichaetonotus",0.000405926527298559
"Lake Rippowam","June","6-16_LR","Heterolepidoderma",0
"Lake Rippowam","June","6-16_LR","Horreolanus",0
"Lake Rippowam","June","6-16_LR","Hydra",0
"Lake Rippowam","June","6-16_LR","Ichthydium",0
"Lake Rippowam","June","6-16_LR","Isotoma",0
"Lake Rippowam","June","6-16_LR","Isotomurus",0.000405926527298559
"Lake Rippowam","June","6-16_LR","Laimydorus",0
"Lake Rippowam","June","6-16_LR","Lepidodermella",0.116500913334686
"Lake Rippowam","June","6-16_LR","Macquaria",0
"Lake Rippowam","June","6-16_LR","Macrocyclops",0
"Lake Rippowam","June","6-16_LR","Mesocyclops",0
"Lake Rippowam","June","6-16_LR","Microstomum",0
"Lake Rippowam","June","6-16_LR","Monopisthocotylea",0
"Lake Rippowam","June","6-16_LR","Nais",0
"Lake Rippowam","June","6-16_LR","Oripoda",0
"Lake Rippowam","June","6-16_LR","Pectinatella",0.0217170692104729
"Lake Rippowam","June","6-16_LR","Physella",0.00426222853663487
"Lake Rippowam","June","6-16_LR","Planorbarius",0.00263852242744063
"Lake Rippowam","June","6-16_LR","Plumatella",0
"Lake Rippowam","June","6-16_LR","Pristina",0
"Lake Rippowam","June","6-16_LR","Rhabdolaimus",0.0720519585954942
"Lake Rippowam","June","6-16_LR","Scapholeberis",0
"Lake Rippowam","June","6-16_LR","Simocephalus",0
"Lake Rippowam","June","6-16_LR","Sinella",0
"Lake Rippowam","June","6-16_LR","Skistodiaptomus",0
"Lake Rippowam","June","6-16_LR","Spinileberis",0
"Lake Rippowam","June","6-16_LR","Spongilla",0.00365333874568703
"Lake Rippowam","June","6-16_LR","Stenostomum",0
"Lake Rippowam","June","6-16_LR","Sympetrum",0
"Lake Rippowam","June","6-16_LR","Tobrilus",0
"Lake Rippowam","June","6-16_LR","Tropocyclops",0
"Lake Rippowam","June","6-16_LR","Tylocephalus",0
"Lake Rippowam","June","6-16_LR","Vestalenula",0
"Lake Rippowam","June","6-16_LR","Wilsonema",0
"Lake Rippowam","June","6-19_LR","Aaroniella",0
"Lake Rippowam","June","6-19_LR","Acanthocyclops",0
"Lake Rippowam","June","6-19_LR","Acroperus",0
"Lake Rippowam","June","6-19_LR","Alonopsis",0
"Lake Rippowam","June","6-19_LR","Anopheles",0
"Lake Rippowam","June","6-19_LR","Bosmina",0
"Lake Rippowam","June","6-19_LR","Castrada",0
"Lake Rippowam","June","6-19_LR","Castrella",0
"Lake Rippowam","June","6-19_LR","Chaetogaster",0
"Lake Rippowam","June","6-19_LR","Chaetonotus",0
"Lake Rippowam","June","6-19_LR","Chironomus",0
"Lake Rippowam","June","6-19_LR","Chrysemys",0
"Lake Rippowam","June","6-19_LR","Chydorus",0
"Lake Rippowam","June","6-19_LR","Corethrella",0.00230932847158918
"Lake Rippowam","June","6-19_LR","Cypria",0
"Lake Rippowam","June","6-19_LR","Cypridopsis",0
"Lake Rippowam","June","6-19_LR","Daphnia",0
"Lake Rippowam","June","6-19_LR","Darwinula",0.990033424491036
"Lake Rippowam","June","6-19_LR","Dero",0
"Lake Rippowam","June","6-19_LR","Diaphanosoma",0
"Lake Rippowam","June","6-19_LR","Eucyclops",0.00279550288666059
"Lake Rippowam","June","6-19_LR","Eudiaptomus",0
"Lake Rippowam","June","6-19_LR","Eumonhystera",0
"Lake Rippowam","June","6-19_LR","Ferrissia",0
"Lake Rippowam","June","6-19_LR","Folsomia",0
"Lake Rippowam","June","6-19_LR","Gallus",0
"Lake Rippowam","June","6-19_LR","Gyratrix",0
"Lake Rippowam","June","6-19_LR","Halichaetonotus",0
"Lake Rippowam","June","6-19_LR","Heterolepidoderma",0
"Lake Rippowam","June","6-19_LR","Horreolanus",0
"Lake Rippowam","June","6-19_LR","Hydra",0
"Lake Rippowam","June","6-19_LR","Ichthydium",0
"Lake Rippowam","June","6-19_LR","Isotoma",0
"Lake Rippowam","June","6-19_LR","Isotomurus",0
"Lake Rippowam","June","6-19_LR","Laimydorus",0
"Lake Rippowam","June","6-19_LR","Lepidodermella",0
"Lake Rippowam","June","6-19_LR","Macquaria",0.00127620783956244
"Lake Rippowam","June","6-19_LR","Macrocyclops",0
"Lake Rippowam","June","6-19_LR","Mesocyclops",0
"Lake Rippowam","June","6-19_LR","Microstomum",0
"Lake Rippowam","June","6-19_LR","Monopisthocotylea",0
"Lake Rippowam","June","6-19_LR","Nais",0
"Lake Rippowam","June","6-19_LR","Oripoda",0
"Lake Rippowam","June","6-19_LR","Pectinatella",0.00309936189608022
"Lake Rippowam","June","6-19_LR","Physella",0
"Lake Rippowam","June","6-19_LR","Planorbarius",0
"Lake Rippowam","June","6-19_LR","Plumatella",0
"Lake Rippowam","June","6-19_LR","Pristina",0
"Lake Rippowam","June","6-19_LR","Rhabdolaimus",0
"Lake Rippowam","June","6-19_LR","Scapholeberis",0
"Lake Rippowam","June","6-19_LR","Simocephalus",0
"Lake Rippowam","June","6-19_LR","Sinella",0
"Lake Rippowam","June","6-19_LR","Skistodiaptomus",0
"Lake Rippowam","June","6-19_LR","Spinileberis",0
"Lake Rippowam","June","6-19_LR","Spongilla",0.000486174415071407
"Lake Rippowam","June","6-19_LR","Stenostomum",0
"Lake Rippowam","June","6-19_LR","Sympetrum",0
"Lake Rippowam","June","6-19_LR","Tobrilus",0
"Lake Rippowam","June","6-19_LR","Tropocyclops",0
"Lake Rippowam","June","6-19_LR","Tylocephalus",0
"Lake Rippowam","June","6-19_LR","Vestalenula",0
"Lake Rippowam","June","6-19_LR","Wilsonema",0
"Lake Rippowam","September","9-01_LR","Aaroniella",0
"Lake Rippowam","September","9-01_LR","Acanthocyclops",0
"Lake Rippowam","September","9-01_LR","Acroperus",0
"Lake Rippowam","September","9-01_LR","Alonopsis",0
"Lake Rippowam","September","9-01_LR","Anopheles",0
"Lake Rippowam","September","9-01_LR","Bosmina",0
"Lake Rippowam","September","9-01_LR","Castrada",0
"Lake Rippowam","September","9-01_LR","Castrella",0
"Lake Rippowam","September","9-01_LR","Chaetogaster",0
"Lake Rippowam","September","9-01_LR","Chaetonotus",0.0203945909997783
"Lake Rippowam","September","9-01_LR","Chironomus",0
"Lake Rippowam","September","9-01_LR","Chrysemys",0
"Lake Rippowam","September","9-01_LR","Chydorus",0
"Lake Rippowam","September","9-01_LR","Corethrella",0
"Lake Rippowam","September","9-01_LR","Cypria",0
"Lake Rippowam","September","9-01_LR","Cypridopsis",0.00110840168477056
"Lake Rippowam","September","9-01_LR","Daphnia",0
"Lake Rippowam","September","9-01_LR","Darwinula",0
"Lake Rippowam","September","9-01_LR","Dero",0
"Lake Rippowam","September","9-01_LR","Diaphanosoma",0
"Lake Rippowam","September","9-01_LR","Eucyclops",0.0587452892928397
"Lake Rippowam","September","9-01_LR","Eudiaptomus",0.728219906894259
"Lake Rippowam","September","9-01_LR","Eumonhystera",0
"Lake Rippowam","September","9-01_LR","Ferrissia",0
"Lake Rippowam","September","9-01_LR","Folsomia",0
"Lake Rippowam","September","9-01_LR","Gallus",0
"Lake Rippowam","September","9-01_LR","Gyratrix",0
"Lake Rippowam","September","9-01_LR","Halichaetonotus",0
"Lake Rippowam","September","9-01_LR","Heterolepidoderma",0
"Lake Rippowam","September","9-01_LR","Horreolanus",0
"Lake Rippowam","September","9-01_LR","Hydra",0
"Lake Rippowam","September","9-01_LR","Ichthydium",0
"Lake Rippowam","September","9-01_LR","Isotoma",0
"Lake Rippowam","September","9-01_LR","Isotomurus",0
"Lake Rippowam","September","9-01_LR","Laimydorus",0
"Lake Rippowam","September","9-01_LR","Lepidodermella",0
"Lake Rippowam","September","9-01_LR","Macquaria",0
"Lake Rippowam","September","9-01_LR","Macrocyclops",0
"Lake Rippowam","September","9-01_LR","Mesocyclops",0
"Lake Rippowam","September","9-01_LR","Microstomum",0
"Lake Rippowam","September","9-01_LR","Monopisthocotylea",0.000443360673908224
"Lake Rippowam","September","9-01_LR","Nais",0
"Lake Rippowam","September","9-01_LR","Oripoda",0
"Lake Rippowam","September","9-01_LR","Pectinatella",0
"Lake Rippowam","September","9-01_LR","Physella",0
"Lake Rippowam","September","9-01_LR","Planorbarius",0
"Lake Rippowam","September","9-01_LR","Plumatella",0
"Lake Rippowam","September","9-01_LR","Pristina",0
"Lake Rippowam","September","9-01_LR","Rhabdolaimus",0
"Lake Rippowam","September","9-01_LR","Scapholeberis",0
"Lake Rippowam","September","9-01_LR","Simocephalus",0
"Lake Rippowam","September","9-01_LR","Sinella",0
"Lake Rippowam","September","9-01_LR","Skistodiaptomus",0
"Lake Rippowam","September","9-01_LR","Spinileberis",0
"Lake Rippowam","September","9-01_LR","Spongilla",0
"Lake Rippowam","September","9-01_LR","Stenostomum",0
"Lake Rippowam","September","9-01_LR","Sympetrum",0
"Lake Rippowam","September","9-01_LR","Tobrilus",0
"Lake Rippowam","September","9-01_LR","Tropocyclops",0
"Lake Rippowam","September","9-01_LR","Tylocephalus",0.0239414763910441
"Lake Rippowam","September","9-01_LR","Vestalenula",0
"Lake Rippowam","September","9-01_LR","Wilsonema",0.167146974063401
"Lake Rippowam","September","9-09_LR","Aaroniella",0
"Lake Rippowam","September","9-09_LR","Acanthocyclops",0.0102512674800825
"Lake Rippowam","September","9-09_LR","Acroperus",0
"Lake Rippowam","September","9-09_LR","Alonopsis",0
"Lake Rippowam","September","9-09_LR","Anopheles",0
"Lake Rippowam","September","9-09_LR","Bosmina",0.000557134102178394
"Lake Rippowam","September","9-09_LR","Castrada",0
"Lake Rippowam","September","9-09_LR","Castrella",0
"Lake Rippowam","September","9-09_LR","Chaetogaster",0
"Lake Rippowam","September","9-09_LR","Chaetonotus",0.0334837595409215
"Lake Rippowam","September","9-09_LR","Chironomus",0
"Lake Rippowam","September","9-09_LR","Chrysemys",0
"Lake Rippowam","September","9-09_LR","Chydorus",0
"Lake Rippowam","September","9-09_LR","Corethrella",0
"Lake Rippowam","September","9-09_LR","Cypria",0
"Lake Rippowam","September","9-09_LR","Cypridopsis",0.900941556632681
"Lake Rippowam","September","9-09_LR","Daphnia",0
"Lake Rippowam","September","9-09_LR","Darwinula",0
"Lake Rippowam","September","9-09_LR","Dero",0
"Lake Rippowam","September","9-09_LR","Diaphanosoma",0
"Lake Rippowam","September","9-09_LR","Eucyclops",0.0113655356844392
"Lake Rippowam","September","9-09_LR","Eudiaptomus",0.0432893197392612
"Lake Rippowam","September","9-09_LR","Eumonhystera",0
"Lake Rippowam","September","9-09_LR","Ferrissia",0
"Lake Rippowam","September","9-09_LR","Folsomia",0
"Lake Rippowam","September","9-09_LR","Gallus",0
"Lake Rippowam","September","9-09_LR","Gyratrix",0
"Lake Rippowam","September","9-09_LR","Halichaetonotus",0
"Lake Rippowam","September","9-09_LR","Heterolepidoderma",0
"Lake Rippowam","September","9-09_LR","Horreolanus",0
"Lake Rippowam","September","9-09_LR","Hydra",0
"Lake Rippowam","September","9-09_LR","Ichthydium",0
"Lake Rippowam","September","9-09_LR","Isotoma",0
"Lake Rippowam","September","9-09_LR","Isotomurus",0
"Lake Rippowam","September","9-09_LR","Laimydorus",0
"Lake Rippowam","September","9-09_LR","Lepidodermella",0
"Lake Rippowam","September","9-09_LR","Macquaria",0
"Lake Rippowam","September","9-09_LR","Macrocyclops",0
"Lake Rippowam","September","9-09_LR","Mesocyclops",0
"Lake Rippowam","September","9-09_LR","Microstomum",0
"Lake Rippowam","September","9-09_LR","Monopisthocotylea",0
"Lake Rippowam","September","9-09_LR","Nais",0
"Lake Rippowam","September","9-09_LR","Oripoda",0
"Lake Rippowam","September","9-09_LR","Pectinatella",0
"Lake Rippowam","September","9-09_LR","Physella",0
"Lake Rippowam","September","9-09_LR","Planorbarius",0
"Lake Rippowam","September","9-09_LR","Plumatella",0
"Lake Rippowam","September","9-09_LR","Pristina",0
"Lake Rippowam","September","9-09_LR","Rhabdolaimus",0
"Lake Rippowam","September","9-09_LR","Scapholeberis",0
"Lake Rippowam","September","9-09_LR","Simocephalus",0
"Lake Rippowam","September","9-09_LR","Sinella",0
"Lake Rippowam","September","9-09_LR","Skistodiaptomus",0.000111426820435679
"Lake Rippowam","September","9-09_LR","Spinileberis",0
"Lake Rippowam","September","9-09_LR","Spongilla",0
"Lake Rippowam","September","9-09_LR","Stenostomum",0
"Lake Rippowam","September","9-09_LR","Sympetrum",0
"Lake Rippowam","September","9-09_LR","Tobrilus",0
"Lake Rippowam","September","9-09_LR","Tropocyclops",0
"Lake Rippowam","September","9-09_LR","Tylocephalus",0
"Lake Rippowam","September","9-09_LR","Vestalenula",0
"Lake Rippowam","September","9-09_LR","Wilsonema",0
"Lake Rippowam","September","9-16_LR","Aaroniella",0
"Lake Rippowam","September","9-16_LR","Acanthocyclops",0
"Lake Rippowam","September","9-16_LR","Acroperus",0
"Lake Rippowam","September","9-16_LR","Alonopsis",0
"Lake Rippowam","September","9-16_LR","Anopheles",0
"Lake Rippowam","September","9-16_LR","Bosmina",0
"Lake Rippowam","September","9-16_LR","Castrada",0
"Lake Rippowam","September","9-16_LR","Castrella",0
"Lake Rippowam","September","9-16_LR","Chaetogaster",0
"Lake Rippowam","September","9-16_LR","Chaetonotus",0.418666666666667
"Lake Rippowam","September","9-16_LR","Chironomus",0
"Lake Rippowam","September","9-16_LR","Chrysemys",0
"Lake Rippowam","September","9-16_LR","Chydorus",0
"Lake Rippowam","September","9-16_LR","Corethrella",0
"Lake Rippowam","September","9-16_LR","Cypria",0
"Lake Rippowam","September","9-16_LR","Cypridopsis",0.0101333333333333
"Lake Rippowam","September","9-16_LR","Daphnia",0
"Lake Rippowam","September","9-16_LR","Darwinula",0
"Lake Rippowam","September","9-16_LR","Dero",0
"Lake Rippowam","September","9-16_LR","Diaphanosoma",0
"Lake Rippowam","September","9-16_LR","Eucyclops",0.0202666666666667
"Lake Rippowam","September","9-16_LR","Eudiaptomus",0.200533333333333
"Lake Rippowam","September","9-16_LR","Eumonhystera",0
"Lake Rippowam","September","9-16_LR","Ferrissia",0
"Lake Rippowam","September","9-16_LR","Folsomia",0
"Lake Rippowam","September","9-16_LR","Gallus",0
"Lake Rippowam","September","9-16_LR","Gyratrix",0
"Lake Rippowam","September","9-16_LR","Halichaetonotus",0
"Lake Rippowam","September","9-16_LR","Heterolepidoderma",0
"Lake Rippowam","September","9-16_LR","Horreolanus",0
"Lake Rippowam","September","9-16_LR","Hydra",0
"Lake Rippowam","September","9-16_LR","Ichthydium",0
"Lake Rippowam","September","9-16_LR","Isotoma",0
"Lake Rippowam","September","9-16_LR","Isotomurus",0
"Lake Rippowam","September","9-16_LR","Laimydorus",0
"Lake Rippowam","September","9-16_LR","Lepidodermella",0.297066666666667
"Lake Rippowam","September","9-16_LR","Macquaria",0
"Lake Rippowam","September","9-16_LR","Macrocyclops",0
"Lake Rippowam","September","9-16_LR","Mesocyclops",0
"Lake Rippowam","September","9-16_LR","Microstomum",0
"Lake Rippowam","September","9-16_LR","Monopisthocotylea",0
"Lake Rippowam","September","9-16_LR","Nais",0
"Lake Rippowam","September","9-16_LR","Oripoda",0
"Lake Rippowam","September","9-16_LR","Pectinatella",0
"Lake Rippowam","September","9-16_LR","Physella",0
"Lake Rippowam","September","9-16_LR","Planorbarius",0
"Lake Rippowam","September","9-16_LR","Plumatella",0
"Lake Rippowam","September","9-16_LR","Pristina",0
"Lake Rippowam","September","9-16_LR","Rhabdolaimus",0.0533333333333333
"Lake Rippowam","September","9-16_LR","Scapholeberis",0
"Lake Rippowam","September","9-16_LR","Simocephalus",0
"Lake Rippowam","September","9-16_LR","Sinella",0
"Lake Rippowam","September","9-16_LR","Skistodiaptomus",0
"Lake Rippowam","September","9-16_LR","Spinileberis",0
"Lake Rippowam","September","9-16_LR","Spongilla",0
"Lake Rippowam","September","9-16_LR","Stenostomum",0
"Lake Rippowam","September","9-16_LR","Sympetrum",0
"Lake Rippowam","September","9-16_LR","Tobrilus",0
"Lake Rippowam","September","9-16_LR","Tropocyclops",0
"Lake Rippowam","September","9-16_LR","Tylocephalus",0
"Lake Rippowam","September","9-16_LR","Vestalenula",0
"Lake Rippowam","September","9-16_LR","Wilsonema",0
"Teatown Lake","August","8-04_TTL","Aaroniella",0
"Teatown Lake","August","8-04_TTL","Acanthocyclops",0.0316877152698048
"Teatown Lake","August","8-04_TTL","Acroperus",0
"Teatown Lake","August","8-04_TTL","Alonopsis",0
"Teatown Lake","August","8-04_TTL","Anopheles",0
"Teatown Lake","August","8-04_TTL","Bosmina",0.185993111366246
"Teatown Lake","August","8-04_TTL","Castrada",0
"Teatown Lake","August","8-04_TTL","Castrella",0
"Teatown Lake","August","8-04_TTL","Chaetogaster",0
"Teatown Lake","August","8-04_TTL","Chaetonotus",0.0158438576349024
"Teatown Lake","August","8-04_TTL","Chironomus",0
"Teatown Lake","August","8-04_TTL","Chrysemys",0
"Teatown Lake","August","8-04_TTL","Chydorus",0
"Teatown Lake","August","8-04_TTL","Corethrella",0.00711825487944891
"Teatown Lake","August","8-04_TTL","Cypria",0
"Teatown Lake","August","8-04_TTL","Cypridopsis",0.559127439724455
"Teatown Lake","August","8-04_TTL","Daphnia",0
"Teatown Lake","August","8-04_TTL","Darwinula",0
"Teatown Lake","August","8-04_TTL","Dero",0
"Teatown Lake","August","8-04_TTL","Diaphanosoma",0.00367393800229621
"Teatown Lake","August","8-04_TTL","Eucyclops",0.114121699196326
"Teatown Lake","August","8-04_TTL","Eudiaptomus",0.0819747416762342
"Teatown Lake","August","8-04_TTL","Eumonhystera",0
"Teatown Lake","August","8-04_TTL","Ferrissia",0
"Teatown Lake","August","8-04_TTL","Folsomia",0
"Teatown Lake","August","8-04_TTL","Gallus",0
"Teatown Lake","August","8-04_TTL","Gyratrix",0
"Teatown Lake","August","8-04_TTL","Halichaetonotus",0
"Teatown Lake","August","8-04_TTL","Heterolepidoderma",0
"Teatown Lake","August","8-04_TTL","Horreolanus",0
"Teatown Lake","August","8-04_TTL","Hydra",0
"Teatown Lake","August","8-04_TTL","Ichthydium",0
"Teatown Lake","August","8-04_TTL","Isotoma",0
"Teatown Lake","August","8-04_TTL","Isotomurus",0
"Teatown Lake","August","8-04_TTL","Laimydorus",0
"Teatown Lake","August","8-04_TTL","Lepidodermella",0
"Teatown Lake","August","8-04_TTL","Macquaria",0
"Teatown Lake","August","8-04_TTL","Macrocyclops",0
"Teatown Lake","August","8-04_TTL","Mesocyclops",0
"Teatown Lake","August","8-04_TTL","Microstomum",0
"Teatown Lake","August","8-04_TTL","Monopisthocotylea",0
"Teatown Lake","August","8-04_TTL","Nais",0
"Teatown Lake","August","8-04_TTL","Oripoda",0
"Teatown Lake","August","8-04_TTL","Pectinatella",0
"Teatown Lake","August","8-04_TTL","Physella",0
"Teatown Lake","August","8-04_TTL","Planorbarius",0
"Teatown Lake","August","8-04_TTL","Plumatella",0
"Teatown Lake","August","8-04_TTL","Pristina",0
"Teatown Lake","August","8-04_TTL","Rhabdolaimus",0
"Teatown Lake","August","8-04_TTL","Scapholeberis",0
"Teatown Lake","August","8-04_TTL","Simocephalus",0
"Teatown Lake","August","8-04_TTL","Sinella",0
"Teatown Lake","August","8-04_TTL","Skistodiaptomus",0.000459242250287026
"Teatown Lake","August","8-04_TTL","Spinileberis",0
"Teatown Lake","August","8-04_TTL","Spongilla",0
"Teatown Lake","August","8-04_TTL","Stenostomum",0
"Teatown Lake","August","8-04_TTL","Sympetrum",0
"Teatown Lake","August","8-04_TTL","Tobrilus",0
"Teatown Lake","August","8-04_TTL","Tropocyclops",0
"Teatown Lake","August","8-04_TTL","Tylocephalus",0
"Teatown Lake","August","8-04_TTL","Vestalenula",0
"Teatown Lake","August","8-04_TTL","Wilsonema",0
"Teatown Lake","August","8-12_TTL","Aaroniella",0
"Teatown Lake","August","8-12_TTL","Acanthocyclops",0
"Teatown Lake","August","8-12_TTL","Acroperus",0
"Teatown Lake","August","8-12_TTL","Alonopsis",0
"Teatown Lake","August","8-12_TTL","Anopheles",0
"Teatown Lake","August","8-12_TTL","Bosmina",0
"Teatown Lake","August","8-12_TTL","Castrada",0
"Teatown Lake","August","8-12_TTL","Castrella",0
"Teatown Lake","August","8-12_TTL","Chaetogaster",0
"Teatown Lake","August","8-12_TTL","Chaetonotus",0.00420984455958549
"Teatown Lake","August","8-12_TTL","Chironomus",0
"Teatown Lake","August","8-12_TTL","Chrysemys",0
"Teatown Lake","August","8-12_TTL","Chydorus",0
"Teatown Lake","August","8-12_TTL","Corethrella",0
"Teatown Lake","August","8-12_TTL","Cypria",0
"Teatown Lake","August","8-12_TTL","Cypridopsis",0.840997409326425
"Teatown Lake","August","8-12_TTL","Daphnia",0
"Teatown Lake","August","8-12_TTL","Darwinula",0
"Teatown Lake","August","8-12_TTL","Dero",0
"Teatown Lake","August","8-12_TTL","Diaphanosoma",0
"Teatown Lake","August","8-12_TTL","Eucyclops",0.0110103626943005
"Teatown Lake","August","8-12_TTL","Eudiaptomus",0.143782383419689
"Teatown Lake","August","8-12_TTL","Eumonhystera",0
"Teatown Lake","August","8-12_TTL","Ferrissia",0
"Teatown Lake","August","8-12_TTL","Folsomia",0
"Teatown Lake","August","8-12_TTL","Gallus",0
"Teatown Lake","August","8-12_TTL","Gyratrix",0
"Teatown Lake","August","8-12_TTL","Halichaetonotus",0
"Teatown Lake","August","8-12_TTL","Heterolepidoderma",0
"Teatown Lake","August","8-12_TTL","Horreolanus",0
"Teatown Lake","August","8-12_TTL","Hydra",0
"Teatown Lake","August","8-12_TTL","Ichthydium",0
"Teatown Lake","August","8-12_TTL","Isotoma",0
"Teatown Lake","August","8-12_TTL","Isotomurus",0
"Teatown Lake","August","8-12_TTL","Laimydorus",0
"Teatown Lake","August","8-12_TTL","Lepidodermella",0
"Teatown Lake","August","8-12_TTL","Macquaria",0
"Teatown Lake","August","8-12_TTL","Macrocyclops",0
"Teatown Lake","August","8-12_TTL","Mesocyclops",0
"Teatown Lake","August","8-12_TTL","Microstomum",0
"Teatown Lake","August","8-12_TTL","Monopisthocotylea",0
"Teatown Lake","August","8-12_TTL","Nais",0
"Teatown Lake","August","8-12_TTL","Oripoda",0
"Teatown Lake","August","8-12_TTL","Pectinatella",0
"Teatown Lake","August","8-12_TTL","Physella",0
"Teatown Lake","August","8-12_TTL","Planorbarius",0
"Teatown Lake","August","8-12_TTL","Plumatella",0
"Teatown Lake","August","8-12_TTL","Pristina",0
"Teatown Lake","August","8-12_TTL","Rhabdolaimus",0
"Teatown Lake","August","8-12_TTL","Scapholeberis",0
"Teatown Lake","August","8-12_TTL","Simocephalus",0
"Teatown Lake","August","8-12_TTL","Sinella",0
"Teatown Lake","August","8-12_TTL","Skistodiaptomus",0
"Teatown Lake","August","8-12_TTL","Spinileberis",0
"Teatown Lake","August","8-12_TTL","Spongilla",0
"Teatown Lake","August","8-12_TTL","Stenostomum",0
"Teatown Lake","August","8-12_TTL","Sympetrum",0
"Teatown Lake","August","8-12_TTL","Tobrilus",0
"Teatown Lake","August","8-12_TTL","Tropocyclops",0
"Teatown Lake","August","8-12_TTL","Tylocephalus",0
"Teatown Lake","August","8-12_TTL","Vestalenula",0
"Teatown Lake","August","8-12_TTL","Wilsonema",0
"Teatown Lake","August","8-18_TTL","Aaroniella",0
"Teatown Lake","August","8-18_TTL","Acanthocyclops",0
"Teatown Lake","August","8-18_TTL","Acroperus",0
"Teatown Lake","August","8-18_TTL","Alonopsis",0
"Teatown Lake","August","8-18_TTL","Anopheles",0
"Teatown Lake","August","8-18_TTL","Bosmina",0
"Teatown Lake","August","8-18_TTL","Castrada",0
"Teatown Lake","August","8-18_TTL","Castrella",0
"Teatown Lake","August","8-18_TTL","Chaetogaster",0
"Teatown Lake","August","8-18_TTL","Chaetonotus",0.0480349344978166
"Teatown Lake","August","8-18_TTL","Chironomus",0
"Teatown Lake","August","8-18_TTL","Chrysemys",0
"Teatown Lake","August","8-18_TTL","Chydorus",0
"Teatown Lake","August","8-18_TTL","Corethrella",0
"Teatown Lake","August","8-18_TTL","Cypria",0
"Teatown Lake","August","8-18_TTL","Cypridopsis",0.0152838427947598
"Teatown Lake","August","8-18_TTL","Daphnia",0
"Teatown Lake","August","8-18_TTL","Darwinula",0
"Teatown Lake","August","8-18_TTL","Dero",0
"Teatown Lake","August","8-18_TTL","Diaphanosoma",0
"Teatown Lake","August","8-18_TTL","Eucyclops",0.0982532751091703
"Teatown Lake","August","8-18_TTL","Eudiaptomus",0.838427947598253
"Teatown Lake","August","8-18_TTL","Eumonhystera",0
"Teatown Lake","August","8-18_TTL","Ferrissia",0
"Teatown Lake","August","8-18_TTL","Folsomia",0
"Teatown Lake","August","8-18_TTL","Gallus",0
"Teatown Lake","August","8-18_TTL","Gyratrix",0
"Teatown Lake","August","8-18_TTL","Halichaetonotus",0
"Teatown Lake","August","8-18_TTL","Heterolepidoderma",0
"Teatown Lake","August","8-18_TTL","Horreolanus",0
"Teatown Lake","August","8-18_TTL","Hydra",0
"Teatown Lake","August","8-18_TTL","Ichthydium",0
"Teatown Lake","August","8-18_TTL","Isotoma",0
"Teatown Lake","August","8-18_TTL","Isotomurus",0
"Teatown Lake","August","8-18_TTL","Laimydorus",0
"Teatown Lake","August","8-18_TTL","Lepidodermella",0
"Teatown Lake","August","8-18_TTL","Macquaria",0
"Teatown Lake","August","8-18_TTL","Macrocyclops",0
"Teatown Lake","August","8-18_TTL","Mesocyclops",0
"Teatown Lake","August","8-18_TTL","Microstomum",0
"Teatown Lake","August","8-18_TTL","Monopisthocotylea",0
"Teatown Lake","August","8-18_TTL","Nais",0
"Teatown Lake","August","8-18_TTL","Oripoda",0
"Teatown Lake","August","8-18_TTL","Pectinatella",0
"Teatown Lake","August","8-18_TTL","Physella",0
"Teatown Lake","August","8-18_TTL","Planorbarius",0
"Teatown Lake","August","8-18_TTL","Plumatella",0
"Teatown Lake","August","8-18_TTL","Pristina",0
"Teatown Lake","August","8-18_TTL","Rhabdolaimus",0
"Teatown Lake","August","8-18_TTL","Scapholeberis",0
"Teatown Lake","August","8-18_TTL","Simocephalus",0
"Teatown Lake","August","8-18_TTL","Sinella",0
"Teatown Lake","August","8-18_TTL","Skistodiaptomus",0
"Teatown Lake","August","8-18_TTL","Spinileberis",0
"Teatown Lake","August","8-18_TTL","Spongilla",0
"Teatown Lake","August","8-18_TTL","Stenostomum",0
"Teatown Lake","August","8-18_TTL","Sympetrum",0
"Teatown Lake","August","8-18_TTL","Tobrilus",0
"Teatown Lake","August","8-18_TTL","Tropocyclops",0
"Teatown Lake","August","8-18_TTL","Tylocephalus",0
"Teatown Lake","August","8-18_TTL","Vestalenula",0
"Teatown Lake","August","8-18_TTL","Wilsonema",0
"Teatown Lake","August","8-26_TTL","Aaroniella",0
"Teatown Lake","August","8-26_TTL","Acanthocyclops",0
"Teatown Lake","August","8-26_TTL","Acroperus",0
"Teatown Lake","August","8-26_TTL","Alonopsis",0
"Teatown Lake","August","8-26_TTL","Anopheles",0
"Teatown Lake","August","8-26_TTL","Bosmina",0
"Teatown Lake","August","8-26_TTL","Castrada",0
"Teatown Lake","August","8-26_TTL","Castrella",0
"Teatown Lake","August","8-26_TTL","Chaetogaster",0
"Teatown Lake","August","8-26_TTL","Chaetonotus",0
"Teatown Lake","August","8-26_TTL","Chironomus",0
"Teatown Lake","August","8-26_TTL","Chrysemys",0
"Teatown Lake","August","8-26_TTL","Chydorus",0
"Teatown Lake","August","8-26_TTL","Corethrella",0
"Teatown Lake","August","8-26_TTL","Cypria",0
"Teatown Lake","August","8-26_TTL","Cypridopsis",0.699528301886792
"Teatown Lake","August","8-26_TTL","Daphnia",0
"Teatown Lake","August","8-26_TTL","Darwinula",0
"Teatown Lake","August","8-26_TTL","Dero",0
"Teatown Lake","August","8-26_TTL","Diaphanosoma",0
"Teatown Lake","August","8-26_TTL","Eucyclops",0.0113207547169811
"Teatown Lake","August","8-26_TTL","Eudiaptomus",0.263679245283019
"Teatown Lake","August","8-26_TTL","Eumonhystera",0
"Teatown Lake","August","8-26_TTL","Ferrissia",0
"Teatown Lake","August","8-26_TTL","Folsomia",0
"Teatown Lake","August","8-26_TTL","Gallus",0
"Teatown Lake","August","8-26_TTL","Gyratrix",0
"Teatown Lake","August","8-26_TTL","Halichaetonotus",0
"Teatown Lake","August","8-26_TTL","Heterolepidoderma",0
"Teatown Lake","August","8-26_TTL","Horreolanus",0
"Teatown Lake","August","8-26_TTL","Hydra",0
"Teatown Lake","August","8-26_TTL","Ichthydium",0
"Teatown Lake","August","8-26_TTL","Isotoma",0
"Teatown Lake","August","8-26_TTL","Isotomurus",0
"Teatown Lake","August","8-26_TTL","Laimydorus",0
"Teatown Lake","August","8-26_TTL","Lepidodermella",0.00377358490566038
"Teatown Lake","August","8-26_TTL","Macquaria",0
"Teatown Lake","August","8-26_TTL","Macrocyclops",0.0122641509433962
"Teatown Lake","August","8-26_TTL","Mesocyclops",0
"Teatown Lake","August","8-26_TTL","Microstomum",0
"Teatown Lake","August","8-26_TTL","Monopisthocotylea",0
"Teatown Lake","August","8-26_TTL","Nais",0
"Teatown Lake","August","8-26_TTL","Oripoda",0
"Teatown Lake","August","8-26_TTL","Pectinatella",0
"Teatown Lake","August","8-26_TTL","Physella",0
"Teatown Lake","August","8-26_TTL","Planorbarius",0
"Teatown Lake","August","8-26_TTL","Plumatella",0
"Teatown Lake","August","8-26_TTL","Pristina",0
"Teatown Lake","August","8-26_TTL","Rhabdolaimus",0
"Teatown Lake","August","8-26_TTL","Scapholeberis",0
"Teatown Lake","August","8-26_TTL","Simocephalus",0
"Teatown Lake","August","8-26_TTL","Sinella",0
"Teatown Lake","August","8-26_TTL","Skistodiaptomus",0.00471698113207547
"Teatown Lake","August","8-26_TTL","Spinileberis",0
"Teatown Lake","August","8-26_TTL","Spongilla",0
"Teatown Lake","August","8-26_TTL","Stenostomum",0.00471698113207547
"Teatown Lake","August","8-26_TTL","Sympetrum",0
"Teatown Lake","August","8-26_TTL","Tobrilus",0
"Teatown Lake","August","8-26_TTL","Tropocyclops",0
"Teatown Lake","August","8-26_TTL","Tylocephalus",0
"Teatown Lake","August","8-26_TTL","Vestalenula",0
"Teatown Lake","August","8-26_TTL","Wilsonema",0
"Teatown Lake","July","7-08_TTL","Aaroniella",0
"Teatown Lake","July","7-08_TTL","Acanthocyclops",0
"Teatown Lake","July","7-08_TTL","Acroperus",0
"Teatown Lake","July","7-08_TTL","Alonopsis",0
"Teatown Lake","July","7-08_TTL","Anopheles",0
"Teatown Lake","July","7-08_TTL","Bosmina",0.383345836459115
"Teatown Lake","July","7-08_TTL","Castrada",0
"Teatown Lake","July","7-08_TTL","Castrella",0
"Teatown Lake","July","7-08_TTL","Chaetogaster",0
"Teatown Lake","July","7-08_TTL","Chaetonotus",0.00825206301575394
"Teatown Lake","July","7-08_TTL","Chironomus",0
"Teatown Lake","July","7-08_TTL","Chrysemys",0.000321508948665738
"Teatown Lake","July","7-08_TTL","Chydorus",0
"Teatown Lake","July","7-08_TTL","Corethrella",0.00203622334154967
"Teatown Lake","July","7-08_TTL","Cypria",0.0214339299110492
"Teatown Lake","July","7-08_TTL","Cypridopsis",0.527381845461365
"Teatown Lake","July","7-08_TTL","Daphnia",0
"Teatown Lake","July","7-08_TTL","Darwinula",0
"Teatown Lake","July","7-08_TTL","Dero",0
"Teatown Lake","July","7-08_TTL","Diaphanosoma",0
"Teatown Lake","July","7-08_TTL","Eucyclops",0.000964526845997214
"Teatown Lake","July","7-08_TTL","Eudiaptomus",0.0556210481191727
"Teatown Lake","July","7-08_TTL","Eumonhystera",0
"Teatown Lake","July","7-08_TTL","Ferrissia",0
"Teatown Lake","July","7-08_TTL","Folsomia",0
"Teatown Lake","July","7-08_TTL","Gallus",0
"Teatown Lake","July","7-08_TTL","Gyratrix",0
"Teatown Lake","July","7-08_TTL","Halichaetonotus",0
"Teatown Lake","July","7-08_TTL","Heterolepidoderma",0
"Teatown Lake","July","7-08_TTL","Horreolanus",0
"Teatown Lake","July","7-08_TTL","Hydra",0
"Teatown Lake","July","7-08_TTL","Ichthydium",0
"Teatown Lake","July","7-08_TTL","Isotoma",0
"Teatown Lake","July","7-08_TTL","Isotomurus",0
"Teatown Lake","July","7-08_TTL","Laimydorus",0
"Teatown Lake","July","7-08_TTL","Lepidodermella",0
"Teatown Lake","July","7-08_TTL","Macquaria",0
"Teatown Lake","July","7-08_TTL","Macrocyclops",0
"Teatown Lake","July","7-08_TTL","Mesocyclops",0
"Teatown Lake","July","7-08_TTL","Microstomum",0
"Teatown Lake","July","7-08_TTL","Monopisthocotylea",0
"Teatown Lake","July","7-08_TTL","Nais",0
"Teatown Lake","July","7-08_TTL","Oripoda",0
"Teatown Lake","July","7-08_TTL","Pectinatella",0
"Teatown Lake","July","7-08_TTL","Physella",0
"Teatown Lake","July","7-08_TTL","Planorbarius",0
"Teatown Lake","July","7-08_TTL","Plumatella",0
"Teatown Lake","July","7-08_TTL","Pristina",0
"Teatown Lake","July","7-08_TTL","Rhabdolaimus",0
"Teatown Lake","July","7-08_TTL","Scapholeberis",0
"Teatown Lake","July","7-08_TTL","Simocephalus",0
"Teatown Lake","July","7-08_TTL","Sinella",0
"Teatown Lake","July","7-08_TTL","Skistodiaptomus",0
"Teatown Lake","July","7-08_TTL","Spinileberis",0
"Teatown Lake","July","7-08_TTL","Spongilla",0
"Teatown Lake","July","7-08_TTL","Stenostomum",0.000643017897331476
"Teatown Lake","July","7-08_TTL","Sympetrum",0
"Teatown Lake","July","7-08_TTL","Tobrilus",0
"Teatown Lake","July","7-08_TTL","Tropocyclops",0
"Teatown Lake","July","7-08_TTL","Tylocephalus",0
"Teatown Lake","July","7-08_TTL","Vestalenula",0
"Teatown Lake","July","7-08_TTL","Wilsonema",0
"Teatown Lake","July","7-14_TTL","Aaroniella",0
"Teatown Lake","July","7-14_TTL","Acanthocyclops",0
"Teatown Lake","July","7-14_TTL","Acroperus",0
"Teatown Lake","July","7-14_TTL","Alonopsis",0
"Teatown Lake","July","7-14_TTL","Anopheles",0
"Teatown Lake","July","7-14_TTL","Bosmina",0.818086774699425
"Teatown Lake","July","7-14_TTL","Castrada",0
"Teatown Lake","July","7-14_TTL","Castrella",0
"Teatown Lake","July","7-14_TTL","Chaetogaster",0
"Teatown Lake","July","7-14_TTL","Chaetonotus",0
"Teatown Lake","July","7-14_TTL","Chironomus",0
"Teatown Lake","July","7-14_TTL","Chrysemys",0
"Teatown Lake","July","7-14_TTL","Chydorus",0.000313643491897543
"Teatown Lake","July","7-14_TTL","Corethrella",0
"Teatown Lake","July","7-14_TTL","Cypria",0
"Teatown Lake","July","7-14_TTL","Cypridopsis",0.041662310507057
"Teatown Lake","July","7-14_TTL","Daphnia",0
"Teatown Lake","July","7-14_TTL","Darwinula",0
"Teatown Lake","July","7-14_TTL","Dero",0
"Teatown Lake","July","7-14_TTL","Diaphanosoma",0.0957658128593832
"Teatown Lake","July","7-14_TTL","Eucyclops",0
"Teatown Lake","July","7-14_TTL","Eudiaptomus",0.0428123366440146
"Teatown Lake","July","7-14_TTL","Eumonhystera",0
"Teatown Lake","July","7-14_TTL","Ferrissia",0
"Teatown Lake","July","7-14_TTL","Folsomia",0
"Teatown Lake","July","7-14_TTL","Gallus",0
"Teatown Lake","July","7-14_TTL","Gyratrix",0
"Teatown Lake","July","7-14_TTL","Halichaetonotus",0
"Teatown Lake","July","7-14_TTL","Heterolepidoderma",0
"Teatown Lake","July","7-14_TTL","Horreolanus",0
"Teatown Lake","July","7-14_TTL","Hydra",0
"Teatown Lake","July","7-14_TTL","Ichthydium",0
"Teatown Lake","July","7-14_TTL","Isotoma",0
"Teatown Lake","July","7-14_TTL","Isotomurus",0
"Teatown Lake","July","7-14_TTL","Laimydorus",0
"Teatown Lake","July","7-14_TTL","Lepidodermella",0
"Teatown Lake","July","7-14_TTL","Macquaria",0
"Teatown Lake","July","7-14_TTL","Macrocyclops",0
"Teatown Lake","July","7-14_TTL","Mesocyclops",0
"Teatown Lake","July","7-14_TTL","Microstomum",0
"Teatown Lake","July","7-14_TTL","Monopisthocotylea",0
"Teatown Lake","July","7-14_TTL","Nais",0
"Teatown Lake","July","7-14_TTL","Oripoda",0
"Teatown Lake","July","7-14_TTL","Pectinatella",0
"Teatown Lake","July","7-14_TTL","Physella",0
"Teatown Lake","July","7-14_TTL","Planorbarius",0
"Teatown Lake","July","7-14_TTL","Plumatella",0
"Teatown Lake","July","7-14_TTL","Pristina",0
"Teatown Lake","July","7-14_TTL","Rhabdolaimus",0
"Teatown Lake","July","7-14_TTL","Scapholeberis",0
"Teatown Lake","July","7-14_TTL","Simocephalus",0
"Teatown Lake","July","7-14_TTL","Sinella",0
"Teatown Lake","July","7-14_TTL","Skistodiaptomus",0.000470465237846315
"Teatown Lake","July","7-14_TTL","Spinileberis",0
"Teatown Lake","July","7-14_TTL","Spongilla",0
"Teatown Lake","July","7-14_TTL","Stenostomum",0.000888656560376372
"Teatown Lake","July","7-14_TTL","Sympetrum",0
"Teatown Lake","July","7-14_TTL","Tobrilus",0
"Teatown Lake","July","7-14_TTL","Tropocyclops",0
"Teatown Lake","July","7-14_TTL","Tylocephalus",0
"Teatown Lake","July","7-14_TTL","Vestalenula",0
"Teatown Lake","July","7-14_TTL","Wilsonema",0
"Teatown Lake","July","7-18_TTL","Aaroniella",0
"Teatown Lake","July","7-18_TTL","Acanthocyclops",0.000847858342436941
"Teatown Lake","July","7-18_TTL","Acroperus",0
"Teatown Lake","July","7-18_TTL","Alonopsis",0
"Teatown Lake","July","7-18_TTL","Anopheles",0
"Teatown Lake","July","7-18_TTL","Bosmina",0
"Teatown Lake","July","7-18_TTL","Castrada",0
"Teatown Lake","July","7-18_TTL","Castrella",0
"Teatown Lake","July","7-18_TTL","Chaetogaster",0
"Teatown Lake","July","7-18_TTL","Chaetonotus",0.00536433451272603
"Teatown Lake","July","7-18_TTL","Chironomus",0
"Teatown Lake","July","7-18_TTL","Chrysemys",0
"Teatown Lake","July","7-18_TTL","Chydorus",0
"Teatown Lake","July","7-18_TTL","Corethrella",0.00301641910290065
"Teatown Lake","July","7-18_TTL","Cypria",0
"Teatown Lake","July","7-18_TTL","Cypridopsis",0.990559423456327
"Teatown Lake","July","7-18_TTL","Daphnia",0
"Teatown Lake","July","7-18_TTL","Darwinula",0
"Teatown Lake","July","7-18_TTL","Dero",0
"Teatown Lake","July","7-18_TTL","Diaphanosoma",0.000130439744990299
"Teatown Lake","July","7-18_TTL","Eucyclops",0
"Teatown Lake","July","7-18_TTL","Eudiaptomus",0
"Teatown Lake","July","7-18_TTL","Eumonhystera",0
"Teatown Lake","July","7-18_TTL","Ferrissia",8.15248406189366e-05
"Teatown Lake","July","7-18_TTL","Folsomia",0
"Teatown Lake","July","7-18_TTL","Gallus",0
"Teatown Lake","July","7-18_TTL","Gyratrix",0
"Teatown Lake","July","7-18_TTL","Halichaetonotus",0
"Teatown Lake","July","7-18_TTL","Heterolepidoderma",0
"Teatown Lake","July","7-18_TTL","Horreolanus",0
"Teatown Lake","July","7-18_TTL","Hydra",0
"Teatown Lake","July","7-18_TTL","Ichthydium",0
"Teatown Lake","July","7-18_TTL","Isotoma",0
"Teatown Lake","July","7-18_TTL","Isotomurus",0
"Teatown Lake","July","7-18_TTL","Laimydorus",0
"Teatown Lake","July","7-18_TTL","Lepidodermella",0
"Teatown Lake","July","7-18_TTL","Macquaria",0
"Teatown Lake","July","7-18_TTL","Macrocyclops",0
"Teatown Lake","July","7-18_TTL","Mesocyclops",0
"Teatown Lake","July","7-18_TTL","Microstomum",0
"Teatown Lake","July","7-18_TTL","Monopisthocotylea",0
"Teatown Lake","July","7-18_TTL","Nais",0
"Teatown Lake","July","7-18_TTL","Oripoda",0
"Teatown Lake","July","7-18_TTL","Pectinatella",0
"Teatown Lake","July","7-18_TTL","Physella",0
"Teatown Lake","July","7-18_TTL","Planorbarius",0
"Teatown Lake","July","7-18_TTL","Plumatella",0
"Teatown Lake","July","7-18_TTL","Pristina",0
"Teatown Lake","July","7-18_TTL","Rhabdolaimus",0
"Teatown Lake","July","7-18_TTL","Scapholeberis",0
"Teatown Lake","July","7-18_TTL","Simocephalus",0
"Teatown Lake","July","7-18_TTL","Sinella",0
"Teatown Lake","July","7-18_TTL","Skistodiaptomus",0
"Teatown Lake","July","7-18_TTL","Spinileberis",0
"Teatown Lake","July","7-18_TTL","Spongilla",0
"Teatown Lake","July","7-18_TTL","Stenostomum",0
"Teatown Lake","July","7-18_TTL","Sympetrum",0
"Teatown Lake","July","7-18_TTL","Tobrilus",0
"Teatown Lake","July","7-18_TTL","Tropocyclops",0
"Teatown Lake","July","7-18_TTL","Tylocephalus",0
"Teatown Lake","July","7-18_TTL","Vestalenula",0
"Teatown Lake","July","7-18_TTL","Wilsonema",0
"Teatown Lake","July","7-22_TTL","Aaroniella",0
"Teatown Lake","July","7-22_TTL","Acanthocyclops",0.000516288915276989
"Teatown Lake","July","7-22_TTL","Acroperus",0
"Teatown Lake","July","7-22_TTL","Alonopsis",0
"Teatown Lake","July","7-22_TTL","Anopheles",0
"Teatown Lake","July","7-22_TTL","Bosmina",0
"Teatown Lake","July","7-22_TTL","Castrada",0
"Teatown Lake","July","7-22_TTL","Castrella",0
"Teatown Lake","July","7-22_TTL","Chaetogaster",0
"Teatown Lake","July","7-22_TTL","Chaetonotus",0.000103257783055398
"Teatown Lake","July","7-22_TTL","Chironomus",0
"Teatown Lake","July","7-22_TTL","Chrysemys",0
"Teatown Lake","July","7-22_TTL","Chydorus",0
"Teatown Lake","July","7-22_TTL","Corethrella",0
"Teatown Lake","July","7-22_TTL","Cypria",2.58144457638495e-05
"Teatown Lake","July","7-22_TTL","Cypridopsis",0.987157313232485
"Teatown Lake","July","7-22_TTL","Daphnia",0
"Teatown Lake","July","7-22_TTL","Darwinula",0
"Teatown Lake","July","7-22_TTL","Dero",0
"Teatown Lake","July","7-22_TTL","Diaphanosoma",0.000129072228819247
"Teatown Lake","July","7-22_TTL","Eucyclops",0.00358820796117507
"Teatown Lake","July","7-22_TTL","Eudiaptomus",0.00739583871134287
"Teatown Lake","July","7-22_TTL","Eumonhystera",0
"Teatown Lake","July","7-22_TTL","Ferrissia",0
"Teatown Lake","July","7-22_TTL","Folsomia",0
"Teatown Lake","July","7-22_TTL","Gallus",0
"Teatown Lake","July","7-22_TTL","Gyratrix",0
"Teatown Lake","July","7-22_TTL","Halichaetonotus",0
"Teatown Lake","July","7-22_TTL","Heterolepidoderma",0
"Teatown Lake","July","7-22_TTL","Horreolanus",0
"Teatown Lake","July","7-22_TTL","Hydra",0
"Teatown Lake","July","7-22_TTL","Ichthydium",0
"Teatown Lake","July","7-22_TTL","Isotoma",0
"Teatown Lake","July","7-22_TTL","Isotomurus",0
"Teatown Lake","July","7-22_TTL","Laimydorus",0
"Teatown Lake","July","7-22_TTL","Lepidodermella",0
"Teatown Lake","July","7-22_TTL","Macquaria",0
"Teatown Lake","July","7-22_TTL","Macrocyclops",0.00049047446951314
"Teatown Lake","July","7-22_TTL","Mesocyclops",0
"Teatown Lake","July","7-22_TTL","Microstomum",0
"Teatown Lake","July","7-22_TTL","Monopisthocotylea",0
"Teatown Lake","July","7-22_TTL","Nais",0
"Teatown Lake","July","7-22_TTL","Oripoda",0
"Teatown Lake","July","7-22_TTL","Pectinatella",0
"Teatown Lake","July","7-22_TTL","Physella",0
"Teatown Lake","July","7-22_TTL","Planorbarius",0
"Teatown Lake","July","7-22_TTL","Plumatella",0
"Teatown Lake","July","7-22_TTL","Pristina",0
"Teatown Lake","July","7-22_TTL","Rhabdolaimus",0
"Teatown Lake","July","7-22_TTL","Scapholeberis",0
"Teatown Lake","July","7-22_TTL","Simocephalus",0
"Teatown Lake","July","7-22_TTL","Sinella",0
"Teatown Lake","July","7-22_TTL","Skistodiaptomus",0
"Teatown Lake","July","7-22_TTL","Spinileberis",0
"Teatown Lake","July","7-22_TTL","Spongilla",0
"Teatown Lake","July","7-22_TTL","Stenostomum",0.00024523723475657
"Teatown Lake","July","7-22_TTL","Sympetrum",0
"Teatown Lake","July","7-22_TTL","Tobrilus",0
"Teatown Lake","July","7-22_TTL","Tropocyclops",0.000348495017811968
"Teatown Lake","July","7-22_TTL","Tylocephalus",0
"Teatown Lake","July","7-22_TTL","Vestalenula",0
"Teatown Lake","July","7-22_TTL","Wilsonema",0
"Teatown Lake","June","6-01_TTL","Aaroniella",0
"Teatown Lake","June","6-01_TTL","Acanthocyclops",0.0377166156982671
"Teatown Lake","June","6-01_TTL","Acroperus",0.0535168195718654
"Teatown Lake","June","6-01_TTL","Alonopsis",0
"Teatown Lake","June","6-01_TTL","Anopheles",0
"Teatown Lake","June","6-01_TTL","Bosmina",0.0198776758409786
"Teatown Lake","June","6-01_TTL","Castrada",0
"Teatown Lake","June","6-01_TTL","Castrella",0
"Teatown Lake","June","6-01_TTL","Chaetogaster",0
"Teatown Lake","June","6-01_TTL","Chaetonotus",0.0122324159021407
"Teatown Lake","June","6-01_TTL","Chironomus",0
"Teatown Lake","June","6-01_TTL","Chrysemys",0
"Teatown Lake","June","6-01_TTL","Chydorus",0
"Teatown Lake","June","6-01_TTL","Corethrella",0
"Teatown Lake","June","6-01_TTL","Cypria",0
"Teatown Lake","June","6-01_TTL","Cypridopsis",0.0402650356778797
"Teatown Lake","June","6-01_TTL","Daphnia",0
"Teatown Lake","June","6-01_TTL","Darwinula",0
"Teatown Lake","June","6-01_TTL","Dero",0
"Teatown Lake","June","6-01_TTL","Diaphanosoma",0
"Teatown Lake","June","6-01_TTL","Eucyclops",0.027013251783894
"Teatown Lake","June","6-01_TTL","Eudiaptomus",0.543832823649337
"Teatown Lake","June","6-01_TTL","Eumonhystera",0
"Teatown Lake","June","6-01_TTL","Ferrissia",0
"Teatown Lake","June","6-01_TTL","Folsomia",0
"Teatown Lake","June","6-01_TTL","Gallus",0
"Teatown Lake","June","6-01_TTL","Gyratrix",0
"Teatown Lake","June","6-01_TTL","Halichaetonotus",0
"Teatown Lake","June","6-01_TTL","Heterolepidoderma",0
"Teatown Lake","June","6-01_TTL","Horreolanus",0
"Teatown Lake","June","6-01_TTL","Hydra",0
"Teatown Lake","June","6-01_TTL","Ichthydium",0
"Teatown Lake","June","6-01_TTL","Isotoma",0
"Teatown Lake","June","6-01_TTL","Isotomurus",0
"Teatown Lake","June","6-01_TTL","Laimydorus",0
"Teatown Lake","June","6-01_TTL","Lepidodermella",0
"Teatown Lake","June","6-01_TTL","Macquaria",0
"Teatown Lake","June","6-01_TTL","Macrocyclops",0
"Teatown Lake","June","6-01_TTL","Mesocyclops",0
"Teatown Lake","June","6-01_TTL","Microstomum",0
"Teatown Lake","June","6-01_TTL","Monopisthocotylea",0
"Teatown Lake","June","6-01_TTL","Nais",0
"Teatown Lake","June","6-01_TTL","Oripoda",0
"Teatown Lake","June","6-01_TTL","Pectinatella",0
"Teatown Lake","June","6-01_TTL","Physella",0
"Teatown Lake","June","6-01_TTL","Planorbarius",0
"Teatown Lake","June","6-01_TTL","Plumatella",0.160550458715596
"Teatown Lake","June","6-01_TTL","Pristina",0
"Teatown Lake","June","6-01_TTL","Rhabdolaimus",0
"Teatown Lake","June","6-01_TTL","Scapholeberis",0
"Teatown Lake","June","6-01_TTL","Simocephalus",0
"Teatown Lake","June","6-01_TTL","Sinella",0
"Teatown Lake","June","6-01_TTL","Skistodiaptomus",0
"Teatown Lake","June","6-01_TTL","Spinileberis",0
"Teatown Lake","June","6-01_TTL","Spongilla",0
"Teatown Lake","June","6-01_TTL","Stenostomum",0
"Teatown Lake","June","6-01_TTL","Sympetrum",0
"Teatown Lake","June","6-01_TTL","Tobrilus",0
"Teatown Lake","June","6-01_TTL","Tropocyclops",0.104994903160041
"Teatown Lake","June","6-01_TTL","Tylocephalus",0
"Teatown Lake","June","6-01_TTL","Vestalenula",0
"Teatown Lake","June","6-01_TTL","Wilsonema",0
"Teatown Lake","June","6-08_TTL","Aaroniella",0
"Teatown Lake","June","6-08_TTL","Acanthocyclops",0.00892724926487699
"Teatown Lake","June","6-08_TTL","Acroperus",0
"Teatown Lake","June","6-08_TTL","Alonopsis",0.000719257049776819
"Teatown Lake","June","6-08_TTL","Anopheles",0
"Teatown Lake","June","6-08_TTL","Bosmina",0
"Teatown Lake","June","6-08_TTL","Castrada",0
"Teatown Lake","June","6-08_TTL","Castrella",0
"Teatown Lake","June","6-08_TTL","Chaetogaster",0
"Teatown Lake","June","6-08_TTL","Chaetonotus",0.829282223773561
"Teatown Lake","June","6-08_TTL","Chironomus",0
"Teatown Lake","June","6-08_TTL","Chrysemys",0
"Teatown Lake","June","6-08_TTL","Chydorus",0.000211546191110829
"Teatown Lake","June","6-08_TTL","Corethrella",0
"Teatown Lake","June","6-08_TTL","Cypria",0
"Teatown Lake","June","6-08_TTL","Cypridopsis",0.00184045186266421
"Teatown Lake","June","6-08_TTL","Daphnia",0
"Teatown Lake","June","6-08_TTL","Darwinula",0
"Teatown Lake","June","6-08_TTL","Dero",0
"Teatown Lake","June","6-08_TTL","Diaphanosoma",0
"Teatown Lake","June","6-08_TTL","Eucyclops",0.0779336168052294
"Teatown Lake","June","6-08_TTL","Eudiaptomus",0
"Teatown Lake","June","6-08_TTL","Eumonhystera",0
"Teatown Lake","June","6-08_TTL","Ferrissia",0
"Teatown Lake","June","6-08_TTL","Folsomia",0
"Teatown Lake","June","6-08_TTL","Gallus",0
"Teatown Lake","June","6-08_TTL","Gyratrix",0.0105773095555415
"Teatown Lake","June","6-08_TTL","Halichaetonotus",0
"Teatown Lake","June","6-08_TTL","Heterolepidoderma",0
"Teatown Lake","June","6-08_TTL","Horreolanus",0.000359628524888409
"Teatown Lake","June","6-08_TTL","Hydra",0
"Teatown Lake","June","6-08_TTL","Ichthydium",0
"Teatown Lake","June","6-08_TTL","Isotoma",0
"Teatown Lake","June","6-08_TTL","Isotomurus",0
"Teatown Lake","June","6-08_TTL","Laimydorus",0
"Teatown Lake","June","6-08_TTL","Lepidodermella",0.0520403630132639
"Teatown Lake","June","6-08_TTL","Macquaria",0
"Teatown Lake","June","6-08_TTL","Macrocyclops",0
"Teatown Lake","June","6-08_TTL","Mesocyclops",0.000676947811554653
"Teatown Lake","June","6-08_TTL","Microstomum",0
"Teatown Lake","June","6-08_TTL","Monopisthocotylea",0
"Teatown Lake","June","6-08_TTL","Nais",0
"Teatown Lake","June","6-08_TTL","Oripoda",0
"Teatown Lake","June","6-08_TTL","Pectinatella",0
"Teatown Lake","June","6-08_TTL","Physella",0
"Teatown Lake","June","6-08_TTL","Planorbarius",0
"Teatown Lake","June","6-08_TTL","Plumatella",0
"Teatown Lake","June","6-08_TTL","Pristina",0.000698102430665736
"Teatown Lake","June","6-08_TTL","Rhabdolaimus",0
"Teatown Lake","June","6-08_TTL","Scapholeberis",0.000951957859998731
"Teatown Lake","June","6-08_TTL","Simocephalus",0
"Teatown Lake","June","6-08_TTL","Sinella",0
"Teatown Lake","June","6-08_TTL","Skistodiaptomus",0
"Teatown Lake","June","6-08_TTL","Spinileberis",0
"Teatown Lake","June","6-08_TTL","Spongilla",0
"Teatown Lake","June","6-08_TTL","Stenostomum",0
"Teatown Lake","June","6-08_TTL","Sympetrum",0
"Teatown Lake","June","6-08_TTL","Tobrilus",0
"Teatown Lake","June","6-08_TTL","Tropocyclops",0.0157813458568678
"Teatown Lake","June","6-08_TTL","Tylocephalus",0
"Teatown Lake","June","6-08_TTL","Vestalenula",0
"Teatown Lake","June","6-08_TTL","Wilsonema",0
"Teatown Lake","June","6-16_TTL","Aaroniella",0
"Teatown Lake","June","6-16_TTL","Acanthocyclops",0.203520352035204
"Teatown Lake","June","6-16_TTL","Acroperus",0
"Teatown Lake","June","6-16_TTL","Alonopsis",0
"Teatown Lake","June","6-16_TTL","Anopheles",0
"Teatown Lake","June","6-16_TTL","Bosmina",0.237623762376238
"Teatown Lake","June","6-16_TTL","Castrada",0
"Teatown Lake","June","6-16_TTL","Castrella",0
"Teatown Lake","June","6-16_TTL","Chaetogaster",0
"Teatown Lake","June","6-16_TTL","Chaetonotus",0.19031903190319
"Teatown Lake","June","6-16_TTL","Chironomus",0
"Teatown Lake","June","6-16_TTL","Chrysemys",0
"Teatown Lake","June","6-16_TTL","Chydorus",0
"Teatown Lake","June","6-16_TTL","Corethrella",0
"Teatown Lake","June","6-16_TTL","Cypria",0
"Teatown Lake","June","6-16_TTL","Cypridopsis",0.033003300330033
"Teatown Lake","June","6-16_TTL","Daphnia",0
"Teatown Lake","June","6-16_TTL","Darwinula",0
"Teatown Lake","June","6-16_TTL","Dero",0
"Teatown Lake","June","6-16_TTL","Diaphanosoma",0
"Teatown Lake","June","6-16_TTL","Eucyclops",0.125412541254125
"Teatown Lake","June","6-16_TTL","Eudiaptomus",0
"Teatown Lake","June","6-16_TTL","Eumonhystera",0
"Teatown Lake","June","6-16_TTL","Ferrissia",0
"Teatown Lake","June","6-16_TTL","Folsomia",0
"Teatown Lake","June","6-16_TTL","Gallus",0
"Teatown Lake","June","6-16_TTL","Gyratrix",0
"Teatown Lake","June","6-16_TTL","Halichaetonotus",0
"Teatown Lake","June","6-16_TTL","Heterolepidoderma",0
"Teatown Lake","June","6-16_TTL","Horreolanus",0
"Teatown Lake","June","6-16_TTL","Hydra",0
"Teatown Lake","June","6-16_TTL","Ichthydium",0
"Teatown Lake","June","6-16_TTL","Isotoma",0
"Teatown Lake","June","6-16_TTL","Isotomurus",0
"Teatown Lake","June","6-16_TTL","Laimydorus",0
"Teatown Lake","June","6-16_TTL","Lepidodermella",0.101210121012101
"Teatown Lake","June","6-16_TTL","Macquaria",0
"Teatown Lake","June","6-16_TTL","Macrocyclops",0
"Teatown Lake","June","6-16_TTL","Mesocyclops",0
"Teatown Lake","June","6-16_TTL","Microstomum",0
"Teatown Lake","June","6-16_TTL","Monopisthocotylea",0
"Teatown Lake","June","6-16_TTL","Nais",0
"Teatown Lake","June","6-16_TTL","Oripoda",0
"Teatown Lake","June","6-16_TTL","Pectinatella",0
"Teatown Lake","June","6-16_TTL","Physella",0
"Teatown Lake","June","6-16_TTL","Planorbarius",0
"Teatown Lake","June","6-16_TTL","Plumatella",0
"Teatown Lake","June","6-16_TTL","Pristina",0
"Teatown Lake","June","6-16_TTL","Rhabdolaimus",0
"Teatown Lake","June","6-16_TTL","Scapholeberis",0
"Teatown Lake","June","6-16_TTL","Simocephalus",0
"Teatown Lake","June","6-16_TTL","Sinella",0
"Teatown Lake","June","6-16_TTL","Skistodiaptomus",0
"Teatown Lake","June","6-16_TTL","Spinileberis",0
"Teatown Lake","June","6-16_TTL","Spongilla",0
"Teatown Lake","June","6-16_TTL","Stenostomum",0
"Teatown Lake","June","6-16_TTL","Sympetrum",0
"Teatown Lake","June","6-16_TTL","Tobrilus",0
"Teatown Lake","June","6-16_TTL","Tropocyclops",0.108910891089109
"Teatown Lake","June","6-16_TTL","Tylocephalus",0
"Teatown Lake","June","6-16_TTL","Vestalenula",0
"Teatown Lake","June","6-16_TTL","Wilsonema",0
"Teatown Lake","June","6-19_TTL","Aaroniella",0
"Teatown Lake","June","6-19_TTL","Acanthocyclops",0
"Teatown Lake","June","6-19_TTL","Acroperus",0
"Teatown Lake","June","6-19_TTL","Alonopsis",0
"Teatown Lake","June","6-19_TTL","Anopheles",0
"Teatown Lake","June","6-19_TTL","Bosmina",0.0623165500112892
"Teatown Lake","June","6-19_TTL","Castrada",0
"Teatown Lake","June","6-19_TTL","Castrella",0
"Teatown Lake","June","6-19_TTL","Chaetogaster",0
"Teatown Lake","June","6-19_TTL","Chaetonotus",0.00248363061639196
"Teatown Lake","June","6-19_TTL","Chironomus",0
"Teatown Lake","June","6-19_TTL","Chrysemys",0
"Teatown Lake","June","6-19_TTL","Chydorus",0.00112892300745089
"Teatown Lake","June","6-19_TTL","Corethrella",0
"Teatown Lake","June","6-19_TTL","Cypria",0
"Teatown Lake","June","6-19_TTL","Cypridopsis",0.0137728606909009
"Teatown Lake","June","6-19_TTL","Daphnia",0.00112892300745089
"Teatown Lake","June","6-19_TTL","Darwinula",0
"Teatown Lake","June","6-19_TTL","Dero",0
"Teatown Lake","June","6-19_TTL","Diaphanosoma",0
"Teatown Lake","June","6-19_TTL","Eucyclops",0
"Teatown Lake","June","6-19_TTL","Eudiaptomus",0.808986227139309
"Teatown Lake","June","6-19_TTL","Eumonhystera",0
"Teatown Lake","June","6-19_TTL","Ferrissia",0
"Teatown Lake","June","6-19_TTL","Folsomia",0
"Teatown Lake","June","6-19_TTL","Gallus",0
"Teatown Lake","June","6-19_TTL","Gyratrix",0
"Teatown Lake","June","6-19_TTL","Halichaetonotus",0
"Teatown Lake","June","6-19_TTL","Heterolepidoderma",0
"Teatown Lake","June","6-19_TTL","Horreolanus",0
"Teatown Lake","June","6-19_TTL","Hydra",0
"Teatown Lake","June","6-19_TTL","Ichthydium",0
"Teatown Lake","June","6-19_TTL","Isotoma",0
"Teatown Lake","June","6-19_TTL","Isotomurus",0
"Teatown Lake","June","6-19_TTL","Laimydorus",0
"Teatown Lake","June","6-19_TTL","Lepidodermella",0.00880559945811696
"Teatown Lake","June","6-19_TTL","Macquaria",0
"Teatown Lake","June","6-19_TTL","Macrocyclops",0
"Teatown Lake","June","6-19_TTL","Mesocyclops",0
"Teatown Lake","June","6-19_TTL","Microstomum",0
"Teatown Lake","June","6-19_TTL","Monopisthocotylea",0
"Teatown Lake","June","6-19_TTL","Nais",0
"Teatown Lake","June","6-19_TTL","Oripoda",0
"Teatown Lake","June","6-19_TTL","Pectinatella",0
"Teatown Lake","June","6-19_TTL","Physella",0
"Teatown Lake","June","6-19_TTL","Planorbarius",0
"Teatown Lake","June","6-19_TTL","Plumatella",0
"Teatown Lake","June","6-19_TTL","Pristina",0
"Teatown Lake","June","6-19_TTL","Rhabdolaimus",0
"Teatown Lake","June","6-19_TTL","Scapholeberis",0
"Teatown Lake","June","6-19_TTL","Simocephalus",0
"Teatown Lake","June","6-19_TTL","Sinella",0
"Teatown Lake","June","6-19_TTL","Skistodiaptomus",0.0907654097990517
"Teatown Lake","June","6-19_TTL","Spinileberis",0
"Teatown Lake","June","6-19_TTL","Spongilla",0
"Teatown Lake","June","6-19_TTL","Stenostomum",0
"Teatown Lake","June","6-19_TTL","Sympetrum",0
"Teatown Lake","June","6-19_TTL","Tobrilus",0
"Teatown Lake","June","6-19_TTL","Tropocyclops",0.0106118762700384
"Teatown Lake","June","6-19_TTL","Tylocephalus",0
"Teatown Lake","June","6-19_TTL","Vestalenula",0
"Teatown Lake","June","6-19_TTL","Wilsonema",0
"Teatown Lake","September","9-01_TTL","Aaroniella",0
"Teatown Lake","September","9-01_TTL","Acanthocyclops",0.0517448856799037
"Teatown Lake","September","9-01_TTL","Acroperus",0
"Teatown Lake","September","9-01_TTL","Alonopsis",0
"Teatown Lake","September","9-01_TTL","Anopheles",0
"Teatown Lake","September","9-01_TTL","Bosmina",0
"Teatown Lake","September","9-01_TTL","Castrada",0
"Teatown Lake","September","9-01_TTL","Castrella",0
"Teatown Lake","September","9-01_TTL","Chaetogaster",0
"Teatown Lake","September","9-01_TTL","Chaetonotus",0
"Teatown Lake","September","9-01_TTL","Chironomus",0
"Teatown Lake","September","9-01_TTL","Chrysemys",0
"Teatown Lake","September","9-01_TTL","Chydorus",0
"Teatown Lake","September","9-01_TTL","Corethrella",0
"Teatown Lake","September","9-01_TTL","Cypria",0
"Teatown Lake","September","9-01_TTL","Cypridopsis",0.0144404332129964
"Teatown Lake","September","9-01_TTL","Daphnia",0
"Teatown Lake","September","9-01_TTL","Darwinula",0
"Teatown Lake","September","9-01_TTL","Dero",0
"Teatown Lake","September","9-01_TTL","Diaphanosoma",0
"Teatown Lake","September","9-01_TTL","Eucyclops",0.163658243080626
"Teatown Lake","September","9-01_TTL","Eudiaptomus",0.76173285198556
"Teatown Lake","September","9-01_TTL","Eumonhystera",0
"Teatown Lake","September","9-01_TTL","Ferrissia",0
"Teatown Lake","September","9-01_TTL","Folsomia",0
"Teatown Lake","September","9-01_TTL","Gallus",0
"Teatown Lake","September","9-01_TTL","Gyratrix",0
"Teatown Lake","September","9-01_TTL","Halichaetonotus",0
"Teatown Lake","September","9-01_TTL","Heterolepidoderma",0
"Teatown Lake","September","9-01_TTL","Horreolanus",0
"Teatown Lake","September","9-01_TTL","Hydra",0
"Teatown Lake","September","9-01_TTL","Ichthydium",0
"Teatown Lake","September","9-01_TTL","Isotoma",0
"Teatown Lake","September","9-01_TTL","Isotomurus",0
"Teatown Lake","September","9-01_TTL","Laimydorus",0
"Teatown Lake","September","9-01_TTL","Lepidodermella",0
"Teatown Lake","September","9-01_TTL","Macquaria",0
"Teatown Lake","September","9-01_TTL","Macrocyclops",0
"Teatown Lake","September","9-01_TTL","Mesocyclops",0
"Teatown Lake","September","9-01_TTL","Microstomum",0
"Teatown Lake","September","9-01_TTL","Monopisthocotylea",0
"Teatown Lake","September","9-01_TTL","Nais",0
"Teatown Lake","September","9-01_TTL","Oripoda",0
"Teatown Lake","September","9-01_TTL","Pectinatella",0
"Teatown Lake","September","9-01_TTL","Physella",0
"Teatown Lake","September","9-01_TTL","Planorbarius",0
"Teatown Lake","September","9-01_TTL","Plumatella",0
"Teatown Lake","September","9-01_TTL","Pristina",0
"Teatown Lake","September","9-01_TTL","Rhabdolaimus",0
"Teatown Lake","September","9-01_TTL","Scapholeberis",0
"Teatown Lake","September","9-01_TTL","Simocephalus",0
"Teatown Lake","September","9-01_TTL","Sinella",0
"Teatown Lake","September","9-01_TTL","Skistodiaptomus",0.00842358604091456
"Teatown Lake","September","9-01_TTL","Spinileberis",0
"Teatown Lake","September","9-01_TTL","Spongilla",0
"Teatown Lake","September","9-01_TTL","Stenostomum",0
"Teatown Lake","September","9-01_TTL","Sympetrum",0
"Teatown Lake","September","9-01_TTL","Tobrilus",0
"Teatown Lake","September","9-01_TTL","Tropocyclops",0
"Teatown Lake","September","9-01_TTL","Tylocephalus",0
"Teatown Lake","September","9-01_TTL","Vestalenula",0
"Teatown Lake","September","9-01_TTL","Wilsonema",0
"Teatown Lake","September","9-09_TTL","Aaroniella",0
"Teatown Lake","September","9-09_TTL","Acanthocyclops",0
"Teatown Lake","September","9-09_TTL","Acroperus",0
"Teatown Lake","September","9-09_TTL","Alonopsis",0
"Teatown Lake","September","9-09_TTL","Anopheles",0
"Teatown Lake","September","9-09_TTL","Bosmina",0.133550488599349
"Teatown Lake","September","9-09_TTL","Castrada",0
"Teatown Lake","September","9-09_TTL","Castrella",0
"Teatown Lake","September","9-09_TTL","Chaetogaster",0
"Teatown Lake","September","9-09_TTL","Chaetonotus",0
"Teatown Lake","September","9-09_TTL","Chironomus",0
"Teatown Lake","September","9-09_TTL","Chrysemys",0
"Teatown Lake","September","9-09_TTL","Chydorus",0
"Teatown Lake","September","9-09_TTL","Corethrella",0.0456026058631922
"Teatown Lake","September","9-09_TTL","Cypria",0
"Teatown Lake","September","9-09_TTL","Cypridopsis",0.0977198697068404
"Teatown Lake","September","9-09_TTL","Daphnia",0
"Teatown Lake","September","9-09_TTL","Darwinula",0
"Teatown Lake","September","9-09_TTL","Dero",0
"Teatown Lake","September","9-09_TTL","Diaphanosoma",0
"Teatown Lake","September","9-09_TTL","Eucyclops",0.185667752442997
"Teatown Lake","September","9-09_TTL","Eudiaptomus",0.527687296416938
"Teatown Lake","September","9-09_TTL","Eumonhystera",0
"Teatown Lake","September","9-09_TTL","Ferrissia",0
"Teatown Lake","September","9-09_TTL","Folsomia",0
"Teatown Lake","September","9-09_TTL","Gallus",0
"Teatown Lake","September","9-09_TTL","Gyratrix",0
"Teatown Lake","September","9-09_TTL","Halichaetonotus",0
"Teatown Lake","September","9-09_TTL","Heterolepidoderma",0
"Teatown Lake","September","9-09_TTL","Horreolanus",0
"Teatown Lake","September","9-09_TTL","Hydra",0
"Teatown Lake","September","9-09_TTL","Ichthydium",0
"Teatown Lake","September","9-09_TTL","Isotoma",0
"Teatown Lake","September","9-09_TTL","Isotomurus",0
"Teatown Lake","September","9-09_TTL","Laimydorus",0
"Teatown Lake","September","9-09_TTL","Lepidodermella",0
"Teatown Lake","September","9-09_TTL","Macquaria",0
"Teatown Lake","September","9-09_TTL","Macrocyclops",0
"Teatown Lake","September","9-09_TTL","Mesocyclops",0
"Teatown Lake","September","9-09_TTL","Microstomum",0
"Teatown Lake","September","9-09_TTL","Monopisthocotylea",0
"Teatown Lake","September","9-09_TTL","Nais",0
"Teatown Lake","September","9-09_TTL","Oripoda",0
"Teatown Lake","September","9-09_TTL","Pectinatella",0
"Teatown Lake","September","9-09_TTL","Physella",0
"Teatown Lake","September","9-09_TTL","Planorbarius",0
"Teatown Lake","September","9-09_TTL","Plumatella",0
"Teatown Lake","September","9-09_TTL","Pristina",0
"Teatown Lake","September","9-09_TTL","Rhabdolaimus",0
"Teatown Lake","September","9-09_TTL","Scapholeberis",0
"Teatown Lake","September","9-09_TTL","Simocephalus",0
"Teatown Lake","September","9-09_TTL","Sinella",0
"Teatown Lake","September","9-09_TTL","Skistodiaptomus",0.00977198697068404
"Teatown Lake","September","9-09_TTL","Spinileberis",0
"Teatown Lake","September","9-09_TTL","Spongilla",0
"Teatown Lake","September","9-09_TTL","Stenostomum",0
"Teatown Lake","September","9-09_TTL","Sympetrum",0
"Teatown Lake","September","9-09_TTL","Tobrilus",0
"Teatown Lake","September","9-09_TTL","Tropocyclops",0
"Teatown Lake","September","9-09_TTL","Tylocephalus",0
"Teatown Lake","September","9-09_TTL","Vestalenula",0
"Teatown Lake","September","9-09_TTL","Wilsonema",0
"Teatown Lake","September","9-16_TTL","Aaroniella",0
"Teatown Lake","September","9-16_TTL","Acanthocyclops",0
"Teatown Lake","September","9-16_TTL","Acroperus",0
"Teatown Lake","September","9-16_TTL","Alonopsis",0
"Teatown Lake","September","9-16_TTL","Anopheles",0
"Teatown Lake","September","9-16_TTL","Bosmina",0
"Teatown Lake","September","9-16_TTL","Castrada",0
"Teatown Lake","September","9-16_TTL","Castrella",0
"Teatown Lake","September","9-16_TTL","Chaetogaster",0
"Teatown Lake","September","9-16_TTL","Chaetonotus",0
"Teatown Lake","September","9-16_TTL","Chironomus",0
"Teatown Lake","September","9-16_TTL","Chrysemys",0
"Teatown Lake","September","9-16_TTL","Chydorus",0
"Teatown Lake","September","9-16_TTL","Corethrella",0
"Teatown Lake","September","9-16_TTL","Cypria",0
"Teatown Lake","September","9-16_TTL","Cypridopsis",0.00561097256857855
"Teatown Lake","September","9-16_TTL","Daphnia",0
"Teatown Lake","September","9-16_TTL","Darwinula",0
"Teatown Lake","September","9-16_TTL","Dero",0
"Teatown Lake","September","9-16_TTL","Diaphanosoma",0
"Teatown Lake","September","9-16_TTL","Eucyclops",0.0430174563591022
"Teatown Lake","September","9-16_TTL","Eudiaptomus",0.951371571072319
"Teatown Lake","September","9-16_TTL","Eumonhystera",0
"Teatown Lake","September","9-16_TTL","Ferrissia",0
"Teatown Lake","September","9-16_TTL","Folsomia",0
"Teatown Lake","September","9-16_TTL","Gallus",0
"Teatown Lake","September","9-16_TTL","Gyratrix",0
"Teatown Lake","September","9-16_TTL","Halichaetonotus",0
"Teatown Lake","September","9-16_TTL","Heterolepidoderma",0
"Teatown Lake","September","9-16_TTL","Horreolanus",0
"Teatown Lake","September","9-16_TTL","Hydra",0
"Teatown Lake","September","9-16_TTL","Ichthydium",0
"Teatown Lake","September","9-16_TTL","Isotoma",0
"Teatown Lake","September","9-16_TTL","Isotomurus",0
"Teatown Lake","September","9-16_TTL","Laimydorus",0
"Teatown Lake","September","9-16_TTL","Lepidodermella",0
"Teatown Lake","September","9-16_TTL","Macquaria",0
"Teatown Lake","September","9-16_TTL","Macrocyclops",0
"Teatown Lake","September","9-16_TTL","Mesocyclops",0
"Teatown Lake","September","9-16_TTL","Microstomum",0
"Teatown Lake","September","9-16_TTL","Monopisthocotylea",0
"Teatown Lake","September","9-16_TTL","Nais",0
"Teatown Lake","September","9-16_TTL","Oripoda",0
"Teatown Lake","September","9-16_TTL","Pectinatella",0
"Teatown Lake","September","9-16_TTL","Physella",0
"Teatown Lake","September","9-16_TTL","Planorbarius",0
"Teatown Lake","September","9-16_TTL","Plumatella",0
"Teatown Lake","September","9-16_TTL","Pristina",0
"Teatown Lake","September","9-16_TTL","Rhabdolaimus",0
"Teatown Lake","September","9-16_TTL","Scapholeberis",0
"Teatown Lake","September","9-16_TTL","Simocephalus",0
"Teatown Lake","September","9-16_TTL","Sinella",0
"Teatown Lake","September","9-16_TTL","Skistodiaptomus",0
"Teatown Lake","September","9-16_TTL","Spinileberis",0
"Teatown Lake","September","9-16_TTL","Spongilla",0
"Teatown Lake","September","9-16_TTL","Stenostomum",0
"Teatown Lake","September","9-16_TTL","Sympetrum",0
"Teatown Lake","September","9-16_TTL","Tobrilus",0
"Teatown Lake","September","9-16_TTL","Tropocyclops",0
"Teatown Lake","September","9-16_TTL","Tylocephalus",0
"Teatown Lake","September","9-16_TTL","Vestalenula",0
"Teatown Lake","September","9-16_TTL","Wilsonema",0
